doc_id,f_01_past_tense,f_02_perfect_aspect,f_03_present_tense,f_04_place_adverbials,f_05_time_adverbials,f_06_first_person_pronouns,f_07_second_person_pronouns,f_08_third_person_pronouns,f_09_pronoun_it,f_10_demonstrative_pronoun,f_11_indefinite_pronouns,f_12_proverb_do,f_13_wh_question,f_14_nominalizations,f_15_gerunds,f_16_other_nouns,f_17_agentless_passives,f_18_by_passives,f_19_be_main_verb,f_20_existential_there,f_21_that_verb_comp,f_22_that_adj_comp,f_23_wh_clause,f_24_infinitives,f_25_present_participle,f_26_past_participle,f_27_past_participle_whiz,f_28_present_participle_whiz,f_29_that_subj,f_30_that_obj,f_31_wh_subj,f_32_wh_obj,f_33_pied_piping,f_34_sentence_relatives,f_35_because,f_36_though,f_37_if,f_38_other_adv_sub,f_39_prepositions,f_40_adj_attr,f_41_adj_pred,f_42_adverbs,f_43_type_token,f_44_mean_word_length,f_45_conjuncts,f_46_downtoners,f_47_hedges,f_48_amplifiers,f_49_emphatics,f_50_discourse_particles,f_51_demonstratives,f_52_modal_possibility,f_53_modal_necessity,f_54_modal_predictive,f_55_verb_public,f_56_verb_private,f_57_verb_suasive,f_58_verb_seem,f_59_contractions,f_60_that_deletion,f_61_stranded_preposition,f_62_split_infinitive,f_63_split_auxiliary,f_64_phrasal_coordination,f_65_clausal_coordination,f_66_neg_synthetic,f_67_neg_analytic
100555,58.25242718446602,2.4271844660194173,19.41747572815534,4.854368932038835,2.4271844660194173,65.53398058252426,0.0,24.271844660194173,16.990291262135923,0.0,0.0,0.0,16.990291262135923,21.844660194174757,14.563106796116505,228.15533980582526,4.854368932038835,0.0,14.563106796116505,0.0,0.0,0.0,0.0,12.135922330097086,7.281553398058253,2.4271844660194173,2.4271844660194173,2.4271844660194173,7.281553398058253,2.4271844660194173,4.854368932038835,0.0,0.0,0.0,0.0,0.0,0.0,2.4271844660194173,123.7864077669903,67.96116504854369,2.4271844660194173,55.8252427184466,0.5794621026894865,4.73838630806846,0.0,2.4271844660194173,0.0,2.4271844660194173,7.281553398058253,0.0,0.0,0.0,0.0,14.563106796116505,2.4271844660194173,12.135922330097086,0.0,2.4271844660194173,2.4271844660194173,0.0,0.0,0.0,2.4271844660194173,12.135922330097086,14.563106796116505,0.0,2.4271844660194173
10073,79.62529274004685,18.73536299765808,16.393442622950822,0.0,2.34192037470726,11.7096018735363,0.0,60.88992974238876,16.393442622950822,0.0,0.0,0.0,16.393442622950822,16.393442622950822,2.34192037470726,229.5081967213115,0.0,0.0,11.7096018735363,4.68384074941452,2.34192037470726,0.0,0.0,16.393442622950822,7.02576112412178,0.0,4.68384074941452,4.68384074941452,9.36768149882904,0.0,0.0,0.0,2.34192037470726,0.0,0.0,0.0,2.34192037470726,11.7096018735363,98.36065573770492,49.18032786885246,0.0,81.96721311475409,0.5943396226415094,4.726415094339623,0.0,4.68384074941452,0.0,2.34192037470726,4.68384074941452,2.34192037470726,2.34192037470726,9.36768149882904,0.0,0.0,4.68384074941452,30.44496487119438,4.68384074941452,7.02576112412178,4.68384074941452,2.34192037470726,2.34192037470726,0.0,14.05152224824356,16.393442622950822,14.05152224824356,0.0,9.36768149882904
101128,41.666666666666664,2.450980392156863,53.92156862745098,4.901960784313726,2.450980392156863,24.509803921568626,9.803921568627452,17.156862745098042,17.156862745098042,12.254901960784313,0.0,0.0,24.509803921568626,29.41176470588235,2.450980392156863,196.078431372549,7.352941176470588,2.450980392156863,31.862745098039213,0.0,0.0,0.0,0.0,14.705882352941176,9.803921568627452,0.0,2.450980392156863,0.0,7.352941176470588,0.0,0.0,0.0,0.0,0.0,0.0,0.0,2.450980392156863,9.803921568627452,85.7843137254902,68.62745098039217,9.803921568627452,71.07843137254902,0.6055979643765903,4.67175572519084,2.450980392156863,0.0,2.450980392156863,4.901960784313726,12.254901960784313,2.450980392156863,7.352941176470588,9.803921568627452,0.0,2.450980392156863,7.352941176470588,17.156862745098042,2.450980392156863,4.901960784313726,22.058823529411764,0.0,2.450980392156863,7.352941176470588,12.254901960784313,9.803921568627452,14.705882352941176,0.0,9.803921568627452
101891,94.05940594059406,9.900990099009901,2.4752475247524752,4.9504950495049505,2.4752475247524752,0.0,0.0,84.15841584158416,7.425742574257425,0.0,0.0,2.4752475247524752,42.07920792079208,19.801980198019802,7.425742574257425,252.4752475247525,2.4752475247524752,0.0,14.85148514851485,4.9504950495049505,0.0,0.0,0.0,4.9504950495049505,4.9504950495049505,2.4752475247524752,0.0,2.4752475247524752,17.32673267326733,4.9504950495049505,4.9504950495049505,0.0,0.0,0.0,0.0,0.0,0.0,7.425742574257425,113.86138613861387,39.603960396039604,0.0,66.83168316831683,0.5475,4.49,0.0,0.0,0.0,2.4752475247524752,7.425742574257425,0.0,4.9504950495049505,4.9504950495049505,0.0,9.900990099009901,2.4752475247524752,22.277227722772277,0.0,2.4752475247524752,7.425742574257425,0.0,0.0,0.0,2.4752475247524752,14.85148514851485,9.900990099009901,2.4752475247524752,7.425742574257425
103449,84.33734939759036,0.0,2.4096385542168677,2.4096385542168677,2.4096385542168677,0.0,0.0,50.60240963855422,19.27710843373494,4.819277108433735,0.0,0.0,14.457831325301205,38.55421686746988,0.0,207.22891566265062,7.228915662650603,4.819277108433735,33.734939759036145,2.4096385542168677,0.0,2.4096385542168677,0.0,19.27710843373494,2.4096385542168677,0.0,4.819277108433735,0.0,2.4096385542168677,0.0,9.63855421686747,0.0,0.0,0.0,0.0,0.0,4.819277108433735,14.457831325301205,106.02409638554217,55.42168674698795,12.048192771084338,60.24096385542169,0.5569007263922519,4.6392251815980625,2.4096385542168677,2.4096385542168677,0.0,4.819277108433735,14.457831325301205,0.0,2.4096385542168677,14.457831325301205,0.0,0.0,2.4096385542168677,9.63855421686747,0.0,7.228915662650603,4.819277108433735,0.0,0.0,2.4096385542168677,2.4096385542168677,4.819277108433735,4.819277108433735,4.819277108433735,7.228915662650603
106193,92.19858156028369,2.3640661938534278,2.3640661938534278,14.184397163120567,0.0,26.004728132387708,0.0,35.46099290780142,28.368794326241133,0.0,7.092198581560283,2.3640661938534278,26.004728132387708,4.7281323877068555,2.3640661938534278,248.22695035460993,7.092198581560283,0.0,28.368794326241133,2.3640661938534278,0.0,0.0,0.0,4.7281323877068555,7.092198581560283,2.3640661938534278,4.7281323877068555,2.3640661938534278,7.092198581560283,2.3640661938534278,2.3640661938534278,0.0,0.0,0.0,0.0,0.0,0.0,11.82033096926714,118.2033096926714,66.19385342789597,9.456264775413711,63.82978723404255,0.5952380952380952,4.430952380952381,2.3640661938534278,4.7281323877068555,0.0,2.3640661938534278,7.092198581560283,0.0,7.092198581560283,0.0,0.0,4.7281323877068555,0.0,23.64066193853428,0.0,4.7281323877068555,0.0,0.0,2.3640661938534278,0.0,2.3640661938534278,14.184397163120567,16.548463356973993,0.0,2.3640661938534278
106710,70.90464547677261,2.444987775061125,17.114914425427873,0.0,2.444987775061125,0.0,7.334963325183374,53.78973105134474,22.004889975550125,0.0,2.444987775061125,0.0,41.56479217603912,4.88997555012225,2.444987775061125,212.71393643031786,2.444987775061125,4.88997555012225,24.44987775061125,0.0,0.0,0.0,9.7799511002445,14.669926650366747,7.334963325183374,0.0,4.88997555012225,2.444987775061125,4.88997555012225,2.444987775061125,2.444987775061125,0.0,0.0,0.0,0.0,0.0,0.0,0.0,105.13447432762835,39.119804400978,4.88997555012225,66.01466992665037,0.5522388059701493,4.527363184079602,2.444987775061125,2.444987775061125,2.444987775061125,0.0,0.0,0.0,4.88997555012225,7.334963325183374,0.0,9.7799511002445,2.444987775061125,19.559902200489,0.0,2.444987775061125,12.224938875305625,0.0,0.0,0.0,4.88997555012225,17.114914425427873,12.224938875305625,4.88997555012225,9.7799511002445
106841,102.68948655256723,14.669926650366747,29.339853300733495,2.444987775061125,4.88997555012225,70.90464547677261,9.7799511002445,14.669926650366747,9.7799511002445,12.224938875305625,4.88997555012225,0.0,19.559902200489,26.89486552567237,9.7799511002445,180.92909535452324,9.7799511002445,2.444987775061125,36.674816625916876,0.0,2.444987775061125,0.0,2.444987775061125,17.114914425427873,0.0,0.0,4.88997555012225,0.0,0.0,0.0,0.0,0.0,0.0,0.0,0.0,2.444987775061125,4.88997555012225,9.7799511002445,100.24449877750611,39.119804400978,7.334963325183374,61.12469437652811,0.5599022004889975,4.493887530562347,0.0,0.0,2.444987775061125,2.444987775061125,4.88997555012225,2.444987775061125,7.334963325183374,0.0,2.444987775061125,2.444987775061125,7.334963325183374,39.119804400978,0.0,2.444987775061125,0.0,4.88997555012225,0.0,0.0,4.88997555012225,31.78484107579462,22.004889975550125,0.0,12.224938875305625
107113,105.3921568627451,24.509803921568626,0.0,9.803921568627452,7.352941176470588,53.92156862745098,0.0,2.450980392156863,26.96078431372549,4.901960784313726,4.901960784313726,0.0,14.705882352941176,9.803921568627452,0.0,215.68627450980392,7.352941176470588,0.0,41.666666666666664,9.803921568627452,0.0,0.0,2.450980392156863,14.705882352941176,4.901960784313726,0.0,0.0,2.450980392156863,7.352941176470588,0.0,0.0,0.0,0.0,0.0,0.0,0.0,2.450980392156863,7.352941176470588,107.84313725490196,66.17647058823529,12.254901960784313,61.27450980392157,0.5555555555555556,4.335802469135802,2.450980392156863,4.901960784313726,0.0,2.450980392156863,4.901960784313726,0.0,7.352941176470588,4.901960784313726,0.0,0.0,2.450980392156863,19.607843137254903,0.0,7.352941176470588,4.901960784313726,0.0,2.450980392156863,0.0,0.0,7.352941176470588,12.254901960784313,22.058823529411764,7.352941176470588
10897,84.36724565756825,19.851116625310173,4.962779156327543,2.4813895781637716,0.0,69.4789081885856,2.4813895781637716,4.962779156327543,24.81389578163772,2.4813895781637716,7.444168734491315,0.0,17.3697270471464,17.3697270471464,4.962779156327543,233.25062034739454,2.4813895781637716,0.0,29.77667493796526,2.4813895781637716,0.0,2.4813895781637716,0.0,14.88833746898263,2.4813895781637716,0.0,4.962779156327543,2.4813895781637716,7.444168734491315,0.0,0.0,0.0,2.4813895781637716,0.0,0.0,0.0,2.4813895781637716,4.962779156327543,114.14392059553349,57.07196029776674,2.4813895781637716,52.10918114143921,0.5667506297229219,4.403022670025189,0.0,2.4813895781637716,0.0,0.0,7.444168734491315,0.0,0.0,0.0,0.0,2.4813895781637716,0.0,7.444168734491315,2.4813895781637716,0.0,9.925558312655086,0.0,2.4813895781637716,0.0,2.4813895781637716,12.40694789081886,9.925558312655086,4.962779156327543,4.962779156327543
109135,111.66253101736973,12.40694789081886,0.0,4.962779156327543,4.962779156327543,54.59057071960298,0.0,7.444168734491315,24.81389578163772,0.0,7.444168734491315,2.4813895781637716,19.851116625310173,14.88833746898263,2.4813895781637716,220.8436724565757,7.444168734491315,0.0,32.25806451612903,4.962779156327543,0.0,0.0,0.0,17.3697270471464,7.444168734491315,0.0,0.0,2.4813895781637716,9.925558312655086,0.0,0.0,0.0,0.0,0.0,0.0,0.0,2.4813895781637716,12.40694789081886,94.29280397022333,49.62779156327544,9.925558312655086,49.62779156327544,0.5456852791878173,4.426395939086294,0.0,2.4813895781637716,0.0,2.4813895781637716,0.0,0.0,2.4813895781637716,9.925558312655086,0.0,0.0,4.962779156327543,22.332506203473944,7.444168734491315,2.4813895781637716,7.444168734491315,0.0,0.0,0.0,2.4813895781637716,7.444168734491315,19.851116625310173,0.0,9.925558312655086
109240,95.23809523809523,7.518796992481203,0.0,2.506265664160401,5.012531328320802,77.69423558897243,0.0,2.506265664160401,25.062656641604008,2.506265664160401,2.506265664160401,0.0,0.0,10.025062656641603,2.506265664160401,235.58897243107768,5.012531328320802,0.0,17.543859649122805,2.506265664160401,2.506265664160401,0.0,0.0,2.506265664160401,0.0,0.0,10.025062656641603,0.0,0.0,0.0,0.0,0.0,0.0,0.0,0.0,0.0,2.506265664160401,15.037593984962406,125.31328320802004,52.63157894736842,2.506265664160401,45.11278195488722,0.5606060606060606,4.232323232323233,5.012531328320802,7.518796992481203,0.0,0.0,0.0,0.0,5.012531328320802,2.506265664160401,0.0,0.0,0.0,27.56892230576441,0.0,2.506265664160401,2.506265664160401,0.0,5.012531328320802,0.0,2.506265664160401,5.012531328320802,15.037593984962406,0.0,2.506265664160401
109519,66.01466992665037,4.88997555012225,9.7799511002445,2.444987775061125,7.334963325183374,7.334963325183374,2.444987775061125,58.67970660146699,9.7799511002445,0.0,0.0,0.0,19.559902200489,14.669926650366747,9.7799511002445,232.27383863080684,9.7799511002445,2.444987775061125,26.89486552567237,4.88997555012225,0.0,0.0,0.0,7.334963325183374,2.444987775061125,0.0,7.334963325183374,0.0,7.334963325183374,0.0,4.88997555012225,0.0,0.0,0.0,0.0,0.0,0.0,2.444987775061125,127.13936430317848,73.34963325183375,2.444987775061125,48.8997555012225,0.5541871921182266,4.768472906403941,0.0,4.88997555012225,0.0,2.444987775061125,4.88997555012225,0.0,0.0,12.224938875305625,2.444987775061125,2.444987775061125,0.0,7.334963325183374,4.88997555012225,0.0,7.334963325183374,0.0,0.0,0.0,4.88997555012225,12.224938875305625,12.224938875305625,0.0,12.224938875305625
111401,96.77419354838709,4.962779156327543,4.962779156327543,2.4813895781637716,0.0,76.92307692307693,2.4813895781637716,12.40694789081886,12.40694789081886,2.4813895781637716,2.4813895781637716,0.0,24.81389578163772,24.81389578163772,7.444168734491315,215.88089330024815,2.4813895781637716,0.0,42.183622828784124,2.4813895781637716,0.0,0.0,2.4813895781637716,12.40694789081886,4.962779156327543,2.4813895781637716,4.962779156327543,0.0,7.444168734491315,0.0,0.0,0.0,2.4813895781637716,0.0,2.4813895781637716,0.0,2.4813895781637716,0.0,94.29280397022333,49.62779156327544,7.444168734491315,69.4789081885856,0.5858585858585859,4.4393939393939394,0.0,0.0,0.0,0.0,4.962779156327543,0.0,4.962779156327543,2.4813895781637716,0.0,9.925558312655086,2.4813895781637716,22.332506203473944,2.4813895781637716,4.962779156327543,9.925558312655086,0.0,2.4813895781637716,0.0,2.4813895781637716,4.962779156327543,12.40694789081886,4.962779156327543,7.444168734491315
112311,98.8235294117647,11.76470588235294,0.0,4.705882352941176,4.705882352941176,0.0,0.0,58.8235294117647,9.411764705882351,0.0,2.352941176470588,0.0,21.176470588235293,11.76470588235294,4.705882352941176,256.47058823529414,4.705882352941176,0.0,21.176470588235293,2.352941176470588,0.0,0.0,0.0,7.058823529411765,2.352941176470588,0.0,4.705882352941176,0.0,9.411764705882351,0.0,4.705882352941176,0.0,0.0,0.0,0.0,0.0,2.352941176470588,7.058823529411765,127.05882352941175,61.1764705882353,7.058823529411765,37.647058823529406,0.56,4.908235294117647,2.352941176470588,0.0,0.0,4.705882352941176,11.76470588235294,0.0,0.0,2.352941176470588,0.0,0.0,2.352941176470588,14.11764705882353,2.352941176470588,4.705882352941176,0.0,0.0,0.0,0.0,0.0,28.23529411764706,21.176470588235293,0.0,0.0
112422,97.61904761904762,11.904761904761903,7.142857142857142,11.904761904761903,4.761904761904763,47.61904761904761,0.0,28.57142857142857,7.142857142857142,4.761904761904763,4.761904761904763,0.0,9.523809523809526,11.904761904761903,11.904761904761903,223.80952380952382,2.3809523809523814,2.3809523809523814,30.952380952380953,7.142857142857142,0.0,0.0,0.0,14.285714285714285,4.761904761904763,2.3809523809523814,0.0,7.142857142857142,4.761904761904763,0.0,0.0,0.0,0.0,0.0,0.0,2.3809523809523814,4.761904761904763,11.904761904761903,114.28571428571428,47.61904761904761,4.761904761904763,59.52380952380952,0.6024096385542169,4.448192771084337,0.0,0.0,0.0,2.3809523809523814,4.761904761904763,0.0,4.761904761904763,2.3809523809523814,0.0,0.0,2.3809523809523814,14.285714285714285,2.3809523809523814,2.3809523809523814,9.523809523809526,0.0,0.0,0.0,2.3809523809523814,14.285714285714285,7.142857142857142,16.666666666666668,4.761904761904763
113329,96.77419354838709,12.40694789081886,2.4813895781637716,2.4813895781637716,2.4813895781637716,71.96029776674938,0.0,14.88833746898263,17.3697270471464,7.444168734491315,2.4813895781637716,2.4813895781637716,12.40694789081886,19.851116625310173,4.962779156327543,176.17866004962778,2.4813895781637716,0.0,29.77667493796526,2.4813895781637716,2.4813895781637716,0.0,0.0,14.88833746898263,9.925558312655086,0.0,7.444168734491315,2.4813895781637716,4.962779156327543,0.0,0.0,0.0,0.0,0.0,0.0,0.0,2.4813895781637716,4.962779156327543,94.29280397022333,62.03473945409429,0.0,66.99751861042184,0.5681818181818182,4.242424242424242,2.4813895781637716,4.962779156327543,2.4813895781637716,0.0,7.444168734491315,0.0,2.4813895781637716,2.4813895781637716,0.0,0.0,2.4813895781637716,12.40694789081886,2.4813895781637716,7.444168734491315,14.88833746898263,0.0,0.0,0.0,2.4813895781637716,7.444168734491315,12.40694789081886,4.962779156327543,14.88833746898263
113632,4.739336492890995,7.109004739336492,109.00473933649289,0.0,2.3696682464454977,54.502369668246445,4.739336492890995,14.218009478672984,33.17535545023697,4.739336492890995,2.3696682464454977,0.0,30.805687203791468,9.47867298578199,4.739336492890995,189.57345971563979,2.3696682464454977,0.0,40.28436018957346,2.3696682464454977,0.0,4.739336492890995,0.0,11.848341232227487,0.0,2.3696682464454977,2.3696682464454977,0.0,4.739336492890995,0.0,0.0,0.0,0.0,0.0,0.0,0.0,7.109004739336492,7.109004739336492,87.67772511848341,40.28436018957346,11.848341232227487,94.78672985781989,0.5572139303482587,4.343283582089552,0.0,0.0,2.3696682464454977,0.0,11.848341232227487,0.0,2.3696682464454977,4.739336492890995,9.47867298578199,2.3696682464454977,2.3696682464454977,16.587677725118485,2.3696682464454977,7.109004739336492,42.65402843601896,0.0,0.0,0.0,7.109004739336492,2.3696682464454977,26.066350710900473,2.3696682464454977,14.218009478672984
117222,4.901960784313726,0.0,66.17647058823529,2.450980392156863,0.0,12.254901960784313,14.705882352941176,26.96078431372549,7.352941176470588,0.0,4.901960784313726,0.0,22.058823529411764,22.058823529411764,19.607843137254903,208.33333333333334,4.901960784313726,0.0,19.607843137254903,0.0,2.450980392156863,2.450980392156863,0.0,36.76470588235294,7.352941176470588,0.0,2.450980392156863,0.0,12.254901960784313,2.450980392156863,4.901960784313726,0.0,0.0,0.0,0.0,0.0,4.901960784313726,2.450980392156863,95.58823529411764,75.98039215686273,9.803921568627452,31.862745098039213,0.5114503816793893,5.022900763358779,7.352941176470588,0.0,2.450980392156863,0.0,7.352941176470588,0.0,4.901960784313726,14.705882352941176,0.0,4.901960784313726,0.0,19.607843137254903,9.803921568627452,0.0,19.607843137254903,0.0,2.450980392156863,0.0,0.0,22.058823529411764,7.352941176470588,0.0,9.803921568627452
117710,108.69565217391305,14.492753623188406,7.246376811594203,0.0,0.0,0.0,14.492753623188406,50.72463768115942,16.908212560386474,12.077294685990339,19.32367149758454,2.4154589371980677,19.32367149758454,33.81642512077295,0.0,202.8985507246377,7.246376811594203,0.0,38.64734299516908,2.4154589371980677,2.4154589371980677,0.0,2.4154589371980677,7.246376811594203,0.0,2.4154589371980677,0.0,2.4154589371980677,7.246376811594203,0.0,0.0,0.0,0.0,0.0,0.0,0.0,2.4154589371980677,0.0,94.20289855072464,36.231884057971016,19.32367149758454,77.29468599033817,0.5487804878048781,4.651219512195122,7.246376811594203,0.0,2.4154589371980677,2.4154589371980677,7.246376811594203,0.0,0.0,2.4154589371980677,0.0,2.4154589371980677,12.077294685990339,19.32367149758454,0.0,0.0,7.246376811594203,0.0,2.4154589371980677,0.0,2.4154589371980677,12.077294685990339,19.32367149758454,7.246376811594203,9.66183574879227
118256,75.79462102689487,2.444987775061125,9.7799511002445,0.0,0.0,75.79462102689487,2.444987775061125,7.334963325183374,24.44987775061125,0.0,12.224938875305625,0.0,9.7799511002445,24.44987775061125,2.444987775061125,176.039119804401,2.444987775061125,0.0,22.004889975550125,0.0,2.444987775061125,2.444987775061125,0.0,17.114914425427873,2.444987775061125,0.0,2.444987775061125,0.0,2.444987775061125,0.0,0.0,0.0,0.0,0.0,0.0,0.0,2.444987775061125,7.334963325183374,92.90953545232274,70.90464547677261,12.224938875305625,80.68459657701712,0.605,4.6725,0.0,2.444987775061125,2.444987775061125,0.0,19.559902200489,0.0,2.444987775061125,7.334963325183374,0.0,7.334963325183374,0.0,24.44987775061125,0.0,7.334963325183374,17.114914425427873,0.0,0.0,2.444987775061125,0.0,7.334963325183374,19.559902200489,0.0,9.7799511002445
119957,116.91542288557214,12.437810945273633,0.0,4.975124378109452,2.487562189054726,0.0,0.0,82.08955223880596,39.80099502487562,0.0,7.462686567164179,0.0,22.388059701492537,9.950248756218905,7.462686567164179,184.07960199004975,2.487562189054726,0.0,32.33830845771144,0.0,0.0,0.0,0.0,14.925373134328359,12.437810945273633,0.0,0.0,0.0,0.0,0.0,9.950248756218905,0.0,0.0,0.0,0.0,4.975124378109452,0.0,14.925373134328359,94.5273631840796,62.18905472636816,2.487562189054726,74.62686567164178,0.5,4.308080808080808,0.0,0.0,0.0,0.0,14.925373134328359,0.0,2.487562189054726,0.0,0.0,2.487562189054726,4.975124378109452,24.875621890547265,0.0,4.975124378109452,7.462686567164179,0.0,0.0,2.487562189054726,4.975124378109452,0.0,12.437810945273633,2.487562189054726,7.462686567164179
124317,87.16707021791767,0.0,31.476997578692497,2.4213075060532687,0.0,77.4818401937046,14.527845036319613,31.476997578692497,19.37046004842615,2.4213075060532687,4.842615012106537,0.0,26.634382566585955,14.527845036319613,2.4213075060532687,184.01937046004844,0.0,0.0,31.476997578692497,2.4213075060532687,0.0,0.0,7.263922518159807,26.634382566585955,7.263922518159807,2.4213075060532687,2.4213075060532687,0.0,7.263922518159807,0.0,0.0,0.0,0.0,0.0,0.0,0.0,4.842615012106537,12.106537530266344,96.85230024213075,24.213075060532688,0.0,106.53753026634382,0.5333333333333333,3.982716049382716,0.0,0.0,0.0,0.0,9.685230024213075,0.0,7.263922518159807,0.0,0.0,4.842615012106537,7.263922518159807,29.055690072639226,0.0,7.263922518159807,16.949152542372882,0.0,2.4213075060532687,0.0,0.0,4.842615012106537,12.106537530266344,2.4213075060532687,12.106537530266344
126845,89.77556109725685,17.456359102244388,0.0,14.962593516209475,4.987531172069826,0.0,4.987531172069826,97.25685785536159,14.962593516209475,0.0,4.987531172069826,2.493765586034913,22.443890274314214,14.962593516209475,7.481296758104738,189.52618453865335,2.493765586034913,0.0,32.418952618453865,0.0,0.0,0.0,0.0,12.468827930174564,9.975062344139651,0.0,0.0,0.0,2.493765586034913,2.493765586034913,2.493765586034913,0.0,0.0,4.987531172069826,2.493765586034913,0.0,0.0,4.987531172069826,107.23192019950125,57.356608478803,9.975062344139651,82.29426433915212,0.5513784461152882,4.448621553884712,2.493765586034913,2.493765586034913,2.493765586034913,2.493765586034913,12.468827930174564,0.0,2.493765586034913,9.975062344139651,0.0,2.493765586034913,4.987531172069826,12.468827930174564,0.0,0.0,4.987531172069826,0.0,2.493765586034913,0.0,7.481296758104738,9.975062344139651,14.962593516209475,0.0,4.987531172069826
127140,105.91133004926108,9.852216748768473,2.4630541871921183,14.778325123152708,2.4630541871921183,0.0,0.0,78.81773399014779,22.167487684729064,2.4630541871921183,0.0,0.0,12.315270935960593,7.389162561576354,4.926108374384237,204.43349753694582,0.0,2.4630541871921183,14.778325123152708,0.0,0.0,0.0,0.0,24.630541871921185,12.315270935960593,0.0,0.0,0.0,7.389162561576354,0.0,0.0,0.0,0.0,0.0,0.0,0.0,0.0,24.630541871921185,98.52216748768474,64.03940886699507,9.852216748768473,59.11330049261083,0.5812182741116751,4.571065989847716,0.0,0.0,2.4630541871921183,2.4630541871921183,0.0,0.0,4.926108374384237,4.926108374384237,0.0,0.0,0.0,14.778325123152708,4.926108374384237,7.389162561576354,12.315270935960593,0.0,0.0,0.0,4.926108374384237,2.4630541871921183,17.241379310344826,2.4630541871921183,9.852216748768473
128031,94.29280397022333,2.4813895781637716,12.40694789081886,2.4813895781637716,0.0,7.444168734491315,0.0,49.62779156327544,9.925558312655086,4.962779156327543,2.4813895781637716,2.4813895781637716,17.3697270471464,0.0,0.0,248.13895781637717,4.962779156327543,0.0,34.7394540942928,0.0,2.4813895781637716,0.0,0.0,22.332506203473944,4.962779156327543,0.0,2.4813895781637716,0.0,7.444168734491315,0.0,2.4813895781637716,0.0,0.0,0.0,0.0,2.4813895781637716,2.4813895781637716,17.3697270471464,81.88585607940446,42.183622828784124,9.925558312655086,94.29280397022333,0.6122448979591837,4.75765306122449,2.4813895781637716,7.444168734491315,0.0,2.4813895781637716,19.851116625310173,0.0,4.962779156327543,4.962779156327543,0.0,0.0,12.40694789081886,17.3697270471464,2.4813895781637716,2.4813895781637716,12.40694789081886,2.4813895781637716,0.0,0.0,0.0,2.4813895781637716,4.962779156327543,0.0,9.925558312655086
128913,94.20289855072464,2.4154589371980677,0.0,0.0,7.246376811594203,77.29468599033817,4.830917874396135,7.246376811594203,9.66183574879227,2.4154589371980677,9.66183574879227,0.0,21.73913043478261,24.154589371980677,9.66183574879227,152.17391304347828,0.0,0.0,24.154589371980677,0.0,0.0,0.0,0.0,33.81642512077295,7.246376811594203,0.0,0.0,2.4154589371980677,2.4154589371980677,0.0,4.830917874396135,0.0,0.0,2.4154589371980677,2.4154589371980677,0.0,9.66183574879227,9.66183574879227,99.03381642512076,65.21739130434783,4.830917874396135,82.1256038647343,0.5829268292682926,4.45609756097561,2.4154589371980677,12.077294685990339,2.4154589371980677,0.0,9.66183574879227,0.0,2.4154589371980677,9.66183574879227,0.0,4.830917874396135,0.0,24.154589371980677,7.246376811594203,4.830917874396135,7.246376811594203,0.0,0.0,0.0,4.830917874396135,7.246376811594203,2.4154589371980677,2.4154589371980677,7.246376811594203
131841,95.0,7.5,20.0,0.0,10.0,95.0,12.5,2.5,17.5,2.5,2.5,0.0,22.5,22.5,5.0,220.0,7.5,2.5,35.0,2.5,0.0,2.5,0.0,12.5,5.0,0.0,2.5,0.0,5.0,0.0,0.0,0.0,2.5,2.5,0.0,0.0,0.0,7.5,87.5,40.0,10.0,62.5,0.5564102564102564,4.574358974358974,0.0,5.0,2.5,0.0,7.5,2.5,10.0,12.5,5.0,0.0,2.5,20.0,0.0,2.5,12.5,0.0,2.5,0.0,2.5,0.0,10.0,5.0,12.5
132034,65.85365853658537,7.317073170731708,14.634146341463415,4.878048780487805,2.4390243902439024,100.0,7.317073170731708,31.70731707317073,4.878048780487805,0.0,4.878048780487805,0.0,2.4390243902439024,24.390243902439025,0.0,217.0731707317073,4.878048780487805,2.4390243902439024,9.75609756097561,0.0,0.0,0.0,0.0,19.51219512195122,7.317073170731708,2.4390243902439024,0.0,0.0,0.0,0.0,0.0,0.0,0.0,0.0,0.0,2.4390243902439024,0.0,14.634146341463415,92.6829268292683,48.78048780487805,2.4390243902439024,65.85365853658537,0.5682382133995038,4.401985111662531,2.4390243902439024,4.878048780487805,0.0,4.878048780487805,0.0,2.4390243902439024,2.4390243902439024,4.878048780487805,0.0,14.634146341463415,7.317073170731708,21.95121951219512,17.073170731707318,2.4390243902439024,12.195121951219512,0.0,2.4390243902439024,2.4390243902439024,14.634146341463415,7.317073170731708,7.317073170731708,0.0,0.0
132542,107.23192019950125,12.468827930174564,2.493765586034913,9.975062344139651,4.987531172069826,62.34413965087282,0.0,54.86284289276808,12.468827930174564,4.987531172069826,4.987531172069826,0.0,19.950124688279303,9.975062344139651,0.0,219.45137157107231,4.987531172069826,0.0,47.38154613466334,0.0,2.493765586034913,0.0,2.493765586034913,9.975062344139651,7.481296758104738,0.0,0.0,0.0,4.987531172069826,0.0,0.0,0.0,0.0,0.0,0.0,0.0,0.0,12.468827930174564,117.20698254364089,42.394014962593516,7.481296758104738,84.78802992518703,0.5388471177944862,4.4335839598997495,2.493765586034913,7.481296758104738,0.0,2.493765586034913,2.493765586034913,0.0,4.987531172069826,7.481296758104738,0.0,2.493765586034913,2.493765586034913,9.975062344139651,0.0,0.0,4.987531172069826,0.0,2.493765586034913,0.0,4.987531172069826,2.493765586034913,12.468827930174564,0.0,12.468827930174564
134959,90.46454767726162,14.669926650366747,31.78484107579462,0.0,4.88997555012225,107.57946210268948,0.0,4.88997555012225,19.559902200489,9.7799511002445,14.669926650366747,2.444987775061125,36.674816625916876,14.669926650366747,2.444987775061125,151.58924205378975,7.334963325183374,0.0,22.004889975550125,2.444987775061125,0.0,0.0,4.88997555012225,14.669926650366747,2.444987775061125,0.0,2.444987775061125,0.0,9.7799511002445,0.0,0.0,0.0,0.0,0.0,2.444987775061125,2.444987775061125,9.7799511002445,12.224938875305625,70.90464547677261,39.119804400978,0.0,102.68948655256723,0.5569620253164557,4.288607594936709,0.0,0.0,4.88997555012225,0.0,22.004889975550125,0.0,7.334963325183374,4.88997555012225,0.0,4.88997555012225,0.0,31.78484107579462,2.444987775061125,0.0,31.78484107579462,2.444987775061125,0.0,0.0,0.0,4.88997555012225,17.114914425427873,0.0,24.44987775061125
137722,89.55223880597015,9.950248756218905,2.487562189054726,0.0,4.975124378109452,0.0,0.0,7.462686567164179,27.36318407960199,2.487562189054726,4.975124378109452,0.0,17.412935323383085,19.90049751243781,2.487562189054726,228.85572139303483,12.437810945273633,0.0,24.875621890547265,0.0,7.462686567164179,2.487562189054726,0.0,22.388059701492537,4.975124378109452,2.487562189054726,2.487562189054726,0.0,9.950248756218905,2.487562189054726,2.487562189054726,0.0,0.0,0.0,0.0,0.0,0.0,7.462686567164179,109.45273631840796,54.72636815920398,2.487562189054726,67.16417910447761,0.556390977443609,4.5739348370927315,2.487562189054726,7.462686567164179,0.0,4.975124378109452,22.388059701492537,0.0,2.487562189054726,7.462686567164179,0.0,4.975124378109452,4.975124378109452,17.412935323383085,7.462686567164179,2.487562189054726,0.0,2.487562189054726,0.0,0.0,4.975124378109452,9.950248756218905,7.462686567164179,0.0,7.462686567164179
139152,64.03940886699507,9.852216748768473,2.4630541871921183,4.926108374384237,4.926108374384237,0.0,0.0,2.4630541871921183,24.630541871921185,0.0,0.0,0.0,7.389162561576354,24.630541871921185,7.389162561576354,248.76847290640393,17.241379310344826,0.0,24.630541871921185,0.0,2.4630541871921183,0.0,0.0,22.167487684729064,7.389162561576354,2.4630541871921183,4.926108374384237,0.0,4.926108374384237,0.0,0.0,0.0,0.0,0.0,0.0,0.0,0.0,4.926108374384237,105.91133004926108,93.59605911330048,4.926108374384237,46.79802955665024,0.5614035087719298,4.994987468671679,2.4630541871921183,0.0,0.0,0.0,7.389162561576354,0.0,4.926108374384237,2.4630541871921183,0.0,2.4630541871921183,4.926108374384237,9.852216748768473,2.4630541871921183,0.0,0.0,0.0,0.0,0.0,2.4630541871921183,9.852216748768473,4.926108374384237,0.0,2.4630541871921183
139225,69.82543640897755,19.950124688279303,14.962593516209475,4.987531172069826,4.987531172069826,7.481296758104738,4.987531172069826,34.912718204488776,2.493765586034913,4.987531172069826,0.0,0.0,22.443890274314214,17.456359102244388,4.987531172069826,239.4014962593516,2.493765586034913,0.0,32.418952618453865,0.0,0.0,0.0,0.0,12.468827930174564,2.493765586034913,2.493765586034913,2.493765586034913,0.0,2.493765586034913,2.493765586034913,7.481296758104738,0.0,0.0,0.0,0.0,0.0,0.0,7.481296758104738,119.7007481296758,102.24438902743142,7.481296758104738,77.3067331670823,0.5954773869346733,4.899497487437186,4.987531172069826,0.0,2.493765586034913,2.493765586034913,9.975062344139651,0.0,2.493765586034913,9.975062344139651,0.0,2.493765586034913,7.481296758104738,7.481296758104738,4.987531172069826,0.0,4.987531172069826,0.0,2.493765586034913,0.0,2.493765586034913,9.975062344139651,2.493765586034913,2.493765586034913,7.481296758104738
140022,54.86284289276808,2.493765586034913,27.43142144638404,2.493765586034913,4.987531172069826,17.456359102244388,0.0,34.912718204488776,7.481296758104738,14.962593516209475,0.0,0.0,24.93765586034913,19.950124688279303,7.481296758104738,221.94513715710724,7.481296758104738,0.0,12.468827930174564,0.0,0.0,0.0,0.0,29.92518703241895,2.493765586034913,0.0,4.987531172069826,0.0,7.481296758104738,0.0,12.468827930174564,0.0,0.0,0.0,0.0,0.0,2.493765586034913,2.493765586034913,109.72568578553616,64.83790523690773,4.987531172069826,49.87531172069826,0.5949367088607594,4.60506329113924,2.493765586034913,0.0,0.0,0.0,0.0,2.493765586034913,0.0,7.481296758104738,4.987531172069826,7.481296758104738,4.987531172069826,17.456359102244388,7.481296758104738,4.987531172069826,12.468827930174564,0.0,0.0,2.493765586034913,2.493765586034913,4.987531172069826,4.987531172069826,0.0,17.456359102244388
140055,89.80582524271844,12.135922330097086,2.4271844660194173,0.0,2.4271844660194173,60.67961165048544,0.0,21.844660194174757,12.135922330097086,2.4271844660194173,2.4271844660194173,0.0,7.281553398058253,24.271844660194173,2.4271844660194173,203.88349514563106,4.854368932038835,0.0,14.563106796116505,4.854368932038835,2.4271844660194173,0.0,0.0,26.699029126213592,0.0,0.0,0.0,0.0,0.0,2.4271844660194173,2.4271844660194173,0.0,0.0,0.0,0.0,0.0,2.4271844660194173,7.281553398058253,97.08737864077669,38.83495145631068,12.135922330097086,58.25242718446602,0.5354523227383863,4.442542787286063,0.0,4.854368932038835,2.4271844660194173,2.4271844660194173,2.4271844660194173,0.0,2.4271844660194173,24.271844660194173,0.0,0.0,0.0,24.271844660194173,4.854368932038835,0.0,4.854368932038835,0.0,2.4271844660194173,0.0,2.4271844660194173,9.70873786407767,16.990291262135923,0.0,2.4271844660194173
141563,79.80049875311721,2.493765586034913,0.0,7.481296758104738,4.987531172069826,62.34413965087282,0.0,0.0,34.912718204488776,2.493765586034913,7.481296758104738,0.0,12.468827930174564,7.481296758104738,0.0,192.01995012468828,2.493765586034913,0.0,29.92518703241895,2.493765586034913,0.0,0.0,0.0,27.43142144638404,12.468827930174564,0.0,2.493765586034913,4.987531172069826,0.0,0.0,0.0,0.0,0.0,2.493765586034913,0.0,2.493765586034913,0.0,9.975062344139651,89.77556109725685,57.356608478803,2.493765586034913,104.73815461346634,0.6,4.620253164556962,7.481296758104738,7.481296758104738,0.0,0.0,12.468827930174564,0.0,9.975062344139651,0.0,0.0,14.962593516209475,0.0,24.93765586034913,2.493765586034913,4.987531172069826,9.975062344139651,0.0,0.0,0.0,2.493765586034913,2.493765586034913,7.481296758104738,2.493765586034913,2.493765586034913
142144,107.84313725490196,2.450980392156863,24.509803921568626,7.352941176470588,9.803921568627452,61.27450980392157,0.0,17.156862745098042,34.313725490196084,7.352941176470588,2.450980392156863,4.901960784313726,9.803921568627452,14.705882352941176,2.450980392156863,178.921568627451,0.0,4.901960784313726,29.41176470588235,2.450980392156863,0.0,0.0,2.450980392156863,17.156862745098042,0.0,0.0,0.0,0.0,2.450980392156863,0.0,0.0,0.0,0.0,0.0,0.0,0.0,0.0,17.156862745098042,105.3921568627451,36.76470588235294,7.352941176470588,71.07843137254902,0.6040100250626567,4.401002506265664,2.450980392156863,4.901960784313726,0.0,0.0,9.803921568627452,0.0,7.352941176470588,7.352941176470588,0.0,4.901960784313726,2.450980392156863,24.509803921568626,0.0,0.0,22.058823529411764,2.450980392156863,2.450980392156863,2.450980392156863,4.901960784313726,4.901960784313726,19.607843137254903,2.450980392156863,9.803921568627452
142281,88.3054892601432,9.546539379474941,21.479713603818613,0.0,7.159904534606206,97.85202863961814,7.159904534606206,16.706443914081145,26.252983293556085,4.773269689737471,2.3866348448687353,0.0,2.3866348448687353,21.479713603818613,4.773269689737471,183.7708830548926,11.933174224343675,0.0,31.026252983293556,0.0,0.0,0.0,0.0,21.479713603818613,2.3866348448687353,2.3866348448687353,0.0,4.773269689737471,2.3866348448687353,0.0,0.0,0.0,0.0,0.0,0.0,0.0,2.3866348448687353,19.093078758949883,100.23866348448688,26.252983293556085,11.933174224343675,76.37231503579953,0.5432098765432098,4.264197530864197,0.0,0.0,2.3866348448687353,0.0,21.479713603818613,0.0,4.773269689737471,4.773269689737471,0.0,2.3866348448687353,4.773269689737471,26.252983293556085,0.0,0.0,28.639618138424822,0.0,0.0,0.0,7.159904534606206,4.773269689737471,7.159904534606206,2.3866348448687353,14.319809069212411
142377,94.76309226932668,17.456359102244388,34.912718204488776,9.975062344139651,9.975062344139651,84.78802992518703,19.950124688279303,44.88778054862843,7.481296758104738,2.493765586034913,9.975062344139651,0.0,4.987531172069826,7.481296758104738,0.0,201.99501246882792,4.987531172069826,0.0,29.92518703241895,2.493765586034913,0.0,0.0,0.0,4.987531172069826,17.456359102244388,4.987531172069826,0.0,0.0,2.493765586034913,0.0,0.0,0.0,0.0,0.0,2.493765586034913,0.0,4.987531172069826,2.493765586034913,87.28179551122194,22.443890274314214,9.975062344139651,74.81296758104739,0.5820512820512821,4.166666666666667,0.0,4.987531172069826,0.0,0.0,9.975062344139651,2.493765586034913,7.481296758104738,9.975062344139651,4.987531172069826,0.0,7.481296758104738,19.950124688279303,2.493765586034913,2.493765586034913,22.443890274314214,2.493765586034913,0.0,0.0,7.481296758104738,2.493765586034913,4.987531172069826,2.493765586034913,17.456359102244388
144108,91.76470588235294,7.058823529411765,21.176470588235293,0.0,9.411764705882351,18.823529411764703,18.823529411764703,58.8235294117647,4.705882352941176,2.352941176470588,2.352941176470588,0.0,18.823529411764703,9.411764705882351,0.0,251.76470588235296,2.352941176470588,2.352941176470588,18.823529411764703,0.0,0.0,0.0,0.0,14.11764705882353,4.705882352941176,0.0,0.0,0.0,2.352941176470588,2.352941176470588,4.705882352941176,0.0,0.0,0.0,4.705882352941176,0.0,4.705882352941176,11.76470588235294,101.1764705882353,63.52941176470588,0.0,54.11764705882353,0.5495283018867925,4.615566037735849,2.352941176470588,2.352941176470588,0.0,2.352941176470588,2.352941176470588,2.352941176470588,7.058823529411765,2.352941176470588,0.0,9.411764705882351,0.0,25.88235294117647,2.352941176470588,9.411764705882351,0.0,2.352941176470588,0.0,0.0,4.705882352941176,9.411764705882351,16.47058823529412,2.352941176470588,0.0
144924,91.35802469135803,9.876543209876543,2.4691358024691357,4.938271604938271,0.0,32.098765432098766,2.4691358024691357,27.160493827160494,7.407407407407407,0.0,0.0,0.0,24.691358024691358,0.0,7.407407407407407,254.320987654321,4.938271604938271,0.0,29.62962962962963,2.4691358024691357,0.0,0.0,0.0,14.814814814814815,4.938271604938271,0.0,2.4691358024691357,0.0,9.876543209876543,0.0,0.0,0.0,0.0,0.0,0.0,0.0,2.4691358024691357,7.407407407407407,103.7037037037037,59.25925925925926,7.407407407407407,64.19753086419753,0.5895522388059702,4.350746268656716,2.4691358024691357,4.938271604938271,0.0,2.4691358024691357,12.345679012345679,0.0,7.407407407407407,2.4691358024691357,2.4691358024691357,0.0,4.938271604938271,12.345679012345679,0.0,0.0,2.4691358024691357,0.0,0.0,0.0,4.938271604938271,4.938271604938271,4.938271604938271,0.0,2.4691358024691357
146194,76.92307692307693,12.40694789081886,7.444168734491315,4.962779156327543,0.0,4.962779156327543,0.0,37.220843672456574,12.40694789081886,4.962779156327543,2.4813895781637716,0.0,7.444168734491315,24.81389578163772,2.4813895781637716,240.69478908188586,12.40694789081886,2.4813895781637716,14.88833746898263,0.0,2.4813895781637716,0.0,0.0,14.88833746898263,2.4813895781637716,2.4813895781637716,4.962779156327543,0.0,4.962779156327543,0.0,2.4813895781637716,0.0,0.0,0.0,0.0,0.0,0.0,7.444168734491315,106.69975186104217,71.96029776674938,9.925558312655086,54.59057071960298,0.6190476190476191,5.082706766917293,9.925558312655086,7.444168734491315,2.4813895781637716,0.0,2.4813895781637716,0.0,12.40694789081886,4.962779156327543,0.0,0.0,2.4813895781637716,17.3697270471464,4.962779156327543,0.0,4.962779156327543,0.0,2.4813895781637716,0.0,4.962779156327543,7.444168734491315,2.4813895781637716,0.0,4.962779156327543
147598,123.45679012345678,22.22222222222222,2.4691358024691357,7.407407407407407,4.938271604938271,0.0,2.4691358024691357,140.74074074074076,22.22222222222222,2.4691358024691357,14.814814814814815,2.4691358024691357,12.345679012345679,2.4691358024691357,2.4691358024691357,200.0,4.938271604938271,0.0,17.28395061728395,2.4691358024691357,0.0,0.0,2.4691358024691357,12.345679012345679,9.876543209876543,0.0,0.0,0.0,0.0,0.0,0.0,0.0,0.0,0.0,0.0,0.0,12.345679012345679,14.814814814814815,71.60493827160494,19.753086419753085,9.876543209876543,66.66666666666667,0.5275,4.39,0.0,2.4691358024691357,0.0,0.0,2.4691358024691357,0.0,0.0,7.407407407407407,0.0,2.4691358024691357,2.4691358024691357,34.5679012345679,2.4691358024691357,2.4691358024691357,12.345679012345679,2.4691358024691357,0.0,0.0,2.4691358024691357,7.407407407407407,14.814814814814815,0.0,7.407407407407407
148569,99.50248756218906,4.975124378109452,24.875621890547265,4.975124378109452,2.487562189054726,82.08955223880596,12.437810945273633,4.975124378109452,17.412935323383085,4.975124378109452,2.487562189054726,2.487562189054726,17.412935323383085,14.925373134328359,2.487562189054726,181.59203980099502,4.975124378109452,0.0,24.875621890547265,2.487562189054726,2.487562189054726,0.0,0.0,24.875621890547265,4.975124378109452,2.487562189054726,0.0,0.0,2.487562189054726,0.0,0.0,0.0,0.0,2.487562189054726,0.0,0.0,4.975124378109452,9.950248756218905,99.50248756218906,24.875621890547265,0.0,72.13930348258707,0.5583756345177665,4.284263959390863,2.487562189054726,0.0,0.0,4.975124378109452,4.975124378109452,0.0,7.462686567164179,4.975124378109452,0.0,2.487562189054726,0.0,17.412935323383085,2.487562189054726,0.0,19.90049751243781,0.0,4.975124378109452,0.0,2.487562189054726,7.462686567164179,24.875621890547265,7.462686567164179,14.925373134328359
152103,90.02433090024331,26.7639902676399,14.598540145985401,9.732360097323602,9.732360097323602,7.299270072992701,14.598540145985401,90.02433090024331,12.165450121654501,0.0,2.4330900243309004,0.0,19.464720194647203,24.330900243309003,0.0,218.97810218978103,7.299270072992701,0.0,17.0316301703163,0.0,2.4330900243309004,2.4330900243309004,0.0,17.0316301703163,0.0,4.866180048661801,4.866180048661801,2.4330900243309004,4.866180048661801,0.0,2.4330900243309004,0.0,0.0,0.0,0.0,0.0,0.0,7.299270072992701,99.7566909975669,68.1265206812652,4.866180048661801,53.5279805352798,0.5930521091811415,4.652605459057072,7.299270072992701,0.0,0.0,4.866180048661801,4.866180048661801,2.4330900243309004,2.4330900243309004,0.0,2.4330900243309004,2.4330900243309004,0.0,24.330900243309003,2.4330900243309004,2.4330900243309004,4.866180048661801,2.4330900243309004,0.0,0.0,7.299270072992701,2.4330900243309004,7.299270072992701,0.0,0.0
152379,80.88235294117648,19.607843137254903,4.901960784313726,9.803921568627452,0.0,4.901960784313726,0.0,44.11764705882353,9.803921568627452,0.0,4.901960784313726,2.450980392156863,9.803921568627452,9.803921568627452,4.901960784313726,257.35294117647055,7.352941176470588,4.901960784313726,14.705882352941176,0.0,0.0,0.0,0.0,9.803921568627452,7.352941176470588,4.901960784313726,0.0,4.901960784313726,4.901960784313726,0.0,2.450980392156863,0.0,0.0,0.0,0.0,0.0,0.0,7.352941176470588,122.54901960784314,73.52941176470588,2.450980392156863,46.568627450980394,0.5921375921375921,4.8452088452088455,2.450980392156863,0.0,0.0,0.0,12.254901960784313,0.0,4.901960784313726,2.450980392156863,0.0,2.450980392156863,0.0,22.058823529411764,2.450980392156863,2.450980392156863,2.450980392156863,0.0,0.0,0.0,2.450980392156863,7.352941176470588,12.254901960784313,4.901960784313726,2.450980392156863
15421,108.64197530864197,19.753086419753085,2.4691358024691357,2.4691358024691357,0.0,0.0,0.0,96.29629629629629,22.22222222222222,4.938271604938271,4.938271604938271,2.4691358024691357,9.876543209876543,9.876543209876543,7.407407407407407,182.71604938271605,4.938271604938271,0.0,39.50617283950617,0.0,2.4691358024691357,0.0,0.0,2.4691358024691357,2.4691358024691357,2.4691358024691357,0.0,0.0,2.4691358024691357,0.0,0.0,0.0,0.0,0.0,2.4691358024691357,0.0,7.407407407407407,19.753086419753085,83.95061728395062,49.382716049382715,9.876543209876543,98.76543209876543,0.5642317380352645,4.486146095717884,4.938271604938271,2.4691358024691357,2.4691358024691357,2.4691358024691357,12.345679012345679,0.0,7.407407407407407,4.938271604938271,0.0,9.876543209876543,2.4691358024691357,34.5679012345679,2.4691358024691357,0.0,9.876543209876543,2.4691358024691357,0.0,0.0,12.345679012345679,7.407407407407407,12.345679012345679,0.0,14.814814814814815
155052,102.24438902743142,2.493765586034913,17.456359102244388,9.975062344139651,2.493765586034913,82.29426433915212,7.481296758104738,12.468827930174564,4.987531172069826,14.962593516209475,7.481296758104738,0.0,14.962593516209475,22.443890274314214,0.0,192.01995012468828,0.0,0.0,52.36907730673317,0.0,0.0,0.0,0.0,12.468827930174564,2.493765586034913,2.493765586034913,0.0,4.987531172069826,2.493765586034913,0.0,0.0,0.0,0.0,0.0,0.0,0.0,0.0,7.481296758104738,89.77556109725685,47.38154613466334,7.481296758104738,99.75062344139651,0.5572519083969466,4.310432569974555,0.0,2.493765586034913,0.0,2.493765586034913,9.975062344139651,0.0,0.0,0.0,0.0,0.0,4.987531172069826,14.962593516209475,0.0,2.493765586034913,17.456359102244388,0.0,2.493765586034913,0.0,0.0,0.0,17.456359102244388,0.0,14.962593516209475
15957,110.57692307692307,9.615384615384617,9.615384615384617,0.0,0.0,88.9423076923077,7.211538461538462,2.403846153846154,19.230769230769234,0.0,9.615384615384617,0.0,31.25,38.46153846153847,4.807692307692308,170.67307692307693,0.0,0.0,24.03846153846154,0.0,0.0,0.0,0.0,24.03846153846154,2.403846153846154,0.0,0.0,0.0,14.423076923076923,0.0,4.807692307692308,0.0,0.0,2.403846153846154,0.0,0.0,2.403846153846154,12.01923076923077,100.96153846153847,38.46153846153847,2.403846153846154,60.09615384615385,0.5766423357664233,4.423357664233577,7.211538461538462,2.403846153846154,0.0,2.403846153846154,21.634615384615383,0.0,7.211538461538462,7.211538461538462,0.0,4.807692307692308,4.807692307692308,7.211538461538462,2.403846153846154,9.615384615384617,12.01923076923077,0.0,0.0,0.0,7.211538461538462,4.807692307692308,19.230769230769234,0.0,7.211538461538462
160266,85.71428571428571,7.142857142857142,2.3809523809523814,9.523809523809526,2.3809523809523814,40.47619047619048,4.761904761904763,21.428571428571427,23.809523809523807,4.761904761904763,0.0,0.0,9.523809523809526,9.523809523809526,4.761904761904763,204.76190476190476,7.142857142857142,0.0,28.57142857142857,2.3809523809523814,2.3809523809523814,0.0,0.0,11.904761904761903,4.761904761904763,0.0,0.0,0.0,7.142857142857142,0.0,0.0,0.0,0.0,0.0,0.0,0.0,0.0,4.761904761904763,135.7142857142857,54.76190476190476,0.0,66.66666666666667,0.5734939759036145,4.718072289156627,2.3809523809523814,0.0,0.0,9.523809523809526,2.3809523809523814,0.0,4.761904761904763,2.3809523809523814,0.0,4.761904761904763,7.142857142857142,19.04761904761905,2.3809523809523814,0.0,7.142857142857142,0.0,2.3809523809523814,0.0,4.761904761904763,21.428571428571427,11.904761904761903,0.0,7.142857142857142
164430,46.00484261501211,2.4213075060532687,43.583535108958834,7.263922518159807,0.0,24.213075060532688,12.106537530266344,36.31961259079903,0.0,2.4213075060532687,4.842615012106537,0.0,9.685230024213075,16.949152542372882,7.263922518159807,239.7094430992736,9.685230024213075,0.0,38.7409200968523,4.842615012106537,0.0,0.0,0.0,21.791767554479417,7.263922518159807,2.4213075060532687,2.4213075060532687,4.842615012106537,7.263922518159807,0.0,0.0,0.0,0.0,0.0,0.0,0.0,9.685230024213075,4.842615012106537,99.27360774818402,48.426150121065376,14.527845036319613,36.31961259079903,0.5864661654135338,4.776942355889724,4.842615012106537,2.4213075060532687,0.0,2.4213075060532687,0.0,0.0,12.106537530266344,4.842615012106537,0.0,14.527845036319613,9.685230024213075,16.949152542372882,4.842615012106537,2.4213075060532687,29.055690072639226,0.0,0.0,0.0,0.0,14.527845036319613,21.791767554479417,2.4213075060532687,4.842615012106537
168580,88.66995073891626,9.852216748768473,14.778325123152708,7.389162561576354,4.926108374384237,76.35467980295567,0.0,2.4630541871921183,19.704433497536947,2.4630541871921183,7.389162561576354,0.0,17.241379310344826,19.704433497536947,2.4630541871921183,226.60098522167488,4.926108374384237,0.0,41.87192118226601,0.0,0.0,0.0,0.0,7.389162561576354,0.0,0.0,0.0,4.926108374384237,7.389162561576354,2.4630541871921183,0.0,0.0,0.0,0.0,0.0,0.0,0.0,9.852216748768473,110.83743842364532,34.48275862068965,7.389162561576354,66.50246305418719,0.5575,4.365,0.0,0.0,0.0,0.0,12.315270935960593,2.4630541871921183,4.926108374384237,2.4630541871921183,0.0,2.4630541871921183,0.0,14.778325123152708,0.0,9.852216748768473,14.778325123152708,0.0,2.4630541871921183,0.0,0.0,2.4630541871921183,9.852216748768473,2.4630541871921183,12.315270935960593
168998,69.82543640897755,4.987531172069826,0.0,7.481296758104738,2.493765586034913,0.0,0.0,77.3067331670823,7.481296758104738,0.0,2.493765586034913,0.0,7.481296758104738,29.92518703241895,2.493765586034913,279.3017456359102,0.0,0.0,14.962593516209475,0.0,0.0,0.0,0.0,7.481296758104738,9.975062344139651,0.0,2.493765586034913,0.0,4.987531172069826,0.0,0.0,0.0,0.0,0.0,0.0,0.0,0.0,4.987531172069826,157.10723192019952,84.78802992518703,2.493765586034913,34.912718204488776,0.6,5.0708860759493675,0.0,0.0,0.0,0.0,0.0,0.0,0.0,4.987531172069826,0.0,0.0,0.0,14.962593516209475,4.987531172069826,0.0,4.987531172069826,0.0,2.493765586034913,0.0,0.0,14.962593516209475,4.987531172069826,4.987531172069826,4.987531172069826
172355,96.24413145539906,4.694835680751174,7.042253521126761,11.737089201877934,0.0,82.15962441314555,0.0,9.389671361502348,23.474178403755868,2.347417840375587,2.347417840375587,0.0,16.431924882629108,2.347417840375587,4.694835680751174,255.86854460093895,2.347417840375587,0.0,16.431924882629108,0.0,0.0,0.0,0.0,7.042253521126761,4.694835680751174,0.0,2.347417840375587,0.0,7.042253521126761,0.0,2.347417840375587,0.0,0.0,0.0,0.0,2.347417840375587,0.0,7.042253521126761,117.37089201877934,56.33802816901409,4.694835680751174,53.990610328638496,0.5560859188544153,4.167064439140812,2.347417840375587,0.0,2.347417840375587,2.347417840375587,7.042253521126761,0.0,7.042253521126761,4.694835680751174,0.0,0.0,0.0,30.516431924882628,2.347417840375587,2.347417840375587,7.042253521126761,0.0,0.0,0.0,2.347417840375587,16.431924882629108,14.084507042253522,0.0,9.389671361502348
177552,97.01492537313433,9.950248756218905,9.950248756218905,9.950248756218905,2.487562189054726,97.01492537313433,2.487562189054726,2.487562189054726,22.388059701492537,4.975124378109452,4.975124378109452,2.487562189054726,12.437810945273633,14.925373134328359,7.462686567164179,179.1044776119403,2.487562189054726,0.0,17.412935323383085,0.0,0.0,0.0,0.0,22.388059701492537,4.975124378109452,0.0,2.487562189054726,0.0,4.975124378109452,0.0,0.0,0.0,0.0,0.0,0.0,2.487562189054726,2.487562189054726,12.437810945273633,106.96517412935323,39.80099502487562,17.412935323383085,49.75124378109453,0.5594936708860759,4.248101265822785,0.0,0.0,2.487562189054726,2.487562189054726,2.487562189054726,0.0,2.487562189054726,0.0,2.487562189054726,4.975124378109452,0.0,19.90049751243781,2.487562189054726,9.950248756218905,14.925373134328359,2.487562189054726,0.0,2.487562189054726,9.950248756218905,14.925373134328359,24.875621890547265,0.0,7.462686567164179
177813,91.13300492610837,7.389162561576354,12.315270935960593,9.852216748768473,0.0,54.187192118226605,0.0,24.630541871921185,12.315270935960593,9.852216748768473,2.4630541871921183,0.0,17.241379310344826,7.389162561576354,4.926108374384237,216.74876847290642,4.926108374384237,0.0,27.093596059113302,0.0,0.0,0.0,0.0,17.241379310344826,7.389162561576354,0.0,2.4630541871921183,2.4630541871921183,7.389162561576354,0.0,2.4630541871921183,0.0,0.0,0.0,0.0,0.0,2.4630541871921183,9.852216748768473,93.59605911330048,59.11330049261083,7.389162561576354,76.35467980295567,0.6234413965087282,4.600997506234414,0.0,4.926108374384237,0.0,0.0,9.852216748768473,0.0,2.4630541871921183,0.0,0.0,0.0,2.4630541871921183,19.704433497536947,4.926108374384237,7.389162561576354,4.926108374384237,0.0,0.0,0.0,2.4630541871921183,2.4630541871921183,14.778325123152708,2.4630541871921183,2.4630541871921183
178469,72.13930348258707,9.950248756218905,52.23880597014925,7.462686567164179,9.950248756218905,94.5273631840796,0.0,4.975124378109452,22.388059701492537,4.975124378109452,0.0,0.0,34.82587064676617,22.388059701492537,0.0,181.59203980099502,0.0,0.0,32.33830845771144,0.0,0.0,0.0,9.950248756218905,29.850746268656717,2.487562189054726,0.0,4.975124378109452,0.0,4.975124378109452,2.487562189054726,0.0,0.0,0.0,0.0,0.0,0.0,2.487562189054726,9.950248756218905,99.50248756218906,44.776119402985074,4.975124378109452,67.16417910447761,0.5544303797468354,4.263291139240506,0.0,7.462686567164179,0.0,0.0,2.487562189054726,2.487562189054726,4.975124378109452,4.975124378109452,2.487562189054726,4.975124378109452,0.0,29.850746268656717,7.462686567164179,4.975124378109452,17.412935323383085,0.0,0.0,0.0,4.975124378109452,7.462686567164179,14.925373134328359,4.975124378109452,7.462686567164179
178511,90.04739336492891,23.696682464454973,0.0,2.3696682464454977,4.739336492890995,0.0,0.0,75.82938388625593,14.218009478672984,0.0,7.109004739336492,2.3696682464454977,9.47867298578199,2.3696682464454977,4.739336492890995,241.70616113744074,4.739336492890995,0.0,16.587677725118485,0.0,0.0,0.0,0.0,11.848341232227487,7.109004739336492,0.0,0.0,0.0,7.109004739336492,0.0,0.0,0.0,0.0,0.0,0.0,0.0,0.0,7.109004739336492,118.48341232227489,66.35071090047394,4.739336492890995,71.09004739336493,0.5518072289156627,4.390361445783133,4.739336492890995,0.0,0.0,0.0,11.848341232227487,0.0,2.3696682464454977,0.0,2.3696682464454977,9.47867298578199,2.3696682464454977,9.47867298578199,7.109004739336492,2.3696682464454977,9.47867298578199,0.0,0.0,0.0,2.3696682464454977,9.47867298578199,7.109004739336492,0.0,11.848341232227487
180645,78.04878048780488,9.75609756097561,21.95121951219512,0.0,0.0,43.90243902439024,12.195121951219512,24.390243902439025,9.75609756097561,4.878048780487805,4.878048780487805,0.0,34.146341463414636,24.390243902439025,0.0,180.48780487804876,7.317073170731708,0.0,29.26829268292683,0.0,0.0,2.4390243902439024,0.0,14.634146341463415,2.4390243902439024,0.0,2.4390243902439024,2.4390243902439024,19.51219512195122,2.4390243902439024,2.4390243902439024,0.0,0.0,0.0,0.0,0.0,0.0,14.634146341463415,92.6829268292683,34.146341463414636,4.878048780487805,97.5609756097561,0.6243654822335025,4.647208121827411,2.4390243902439024,4.878048780487805,7.317073170731708,0.0,12.195121951219512,0.0,9.75609756097561,7.317073170731708,2.4390243902439024,4.878048780487805,2.4390243902439024,26.829268292682926,4.878048780487805,7.317073170731708,31.70731707317073,0.0,4.878048780487805,0.0,0.0,19.51219512195122,9.75609756097561,0.0,24.390243902439025
180716,80.48780487804878,9.75609756097561,14.634146341463415,2.4390243902439024,2.4390243902439024,65.85365853658537,0.0,2.4390243902439024,26.829268292682926,0.0,0.0,2.4390243902439024,14.634146341463415,26.829268292682926,0.0,224.39024390243904,2.4390243902439024,0.0,21.95121951219512,0.0,0.0,0.0,2.4390243902439024,9.75609756097561,9.75609756097561,2.4390243902439024,2.4390243902439024,0.0,7.317073170731708,2.4390243902439024,0.0,0.0,0.0,0.0,0.0,0.0,2.4390243902439024,9.75609756097561,107.3170731707317,58.53658536585366,0.0,58.53658536585366,0.58679706601467,4.50122249388753,2.4390243902439024,2.4390243902439024,0.0,4.878048780487805,7.317073170731708,0.0,7.317073170731708,2.4390243902439024,0.0,0.0,2.4390243902439024,7.317073170731708,2.4390243902439024,2.4390243902439024,0.0,0.0,0.0,0.0,4.878048780487805,14.634146341463415,9.75609756097561,0.0,0.0
181469,79.90314769975787,7.263922518159807,7.263922518159807,2.4213075060532687,4.842615012106537,0.0,4.842615012106537,48.426150121065376,14.527845036319613,0.0,4.842615012106537,0.0,14.527845036319613,14.527845036319613,2.4213075060532687,261.50121065375305,9.685230024213075,2.4213075060532687,21.791767554479417,0.0,0.0,0.0,0.0,9.685230024213075,2.4213075060532687,2.4213075060532687,4.842615012106537,0.0,7.263922518159807,0.0,0.0,0.0,0.0,0.0,0.0,0.0,2.4213075060532687,7.263922518159807,133.1719128329298,53.26876513317191,7.263922518159807,33.898305084745765,0.5465686274509803,4.612745098039215,2.4213075060532687,2.4213075060532687,0.0,2.4213075060532687,4.842615012106537,2.4213075060532687,7.263922518159807,0.0,0.0,4.842615012106537,0.0,14.527845036319613,0.0,2.4213075060532687,0.0,0.0,2.4213075060532687,0.0,2.4213075060532687,4.842615012106537,4.842615012106537,2.4213075060532687,0.0
182060,27.093596059113302,24.630541871921185,91.13300492610837,2.4630541871921183,2.4630541871921183,76.35467980295567,12.315270935960593,14.778325123152708,27.093596059113302,0.0,2.4630541871921183,0.0,17.241379310344826,24.630541871921185,2.4630541871921183,216.74876847290642,14.778325123152708,0.0,19.704433497536947,2.4630541871921183,4.926108374384237,0.0,4.926108374384237,0.0,7.389162561576354,4.926108374384237,0.0,0.0,4.926108374384237,0.0,0.0,0.0,2.4630541871921183,0.0,0.0,0.0,0.0,9.852216748768473,98.52216748768474,51.724137931034484,0.0,51.724137931034484,0.5873417721518988,4.30126582278481,2.4630541871921183,0.0,0.0,4.926108374384237,7.389162561576354,0.0,2.4630541871921183,2.4630541871921183,2.4630541871921183,4.926108374384237,7.389162561576354,24.630541871921185,4.926108374384237,0.0,24.630541871921185,0.0,2.4630541871921183,0.0,4.926108374384237,12.315270935960593,12.315270935960593,2.4630541871921183,2.4630541871921183
183466,84.36724565756825,14.88833746898263,0.0,7.444168734491315,2.4813895781637716,59.55334987593052,0.0,4.962779156327543,17.3697270471464,2.4813895781637716,0.0,0.0,17.3697270471464,34.7394540942928,7.444168734491315,218.36228287841192,2.4813895781637716,0.0,29.77667493796526,0.0,4.962779156327543,0.0,0.0,19.851116625310173,2.4813895781637716,0.0,7.444168734491315,0.0,7.444168734491315,0.0,0.0,0.0,0.0,0.0,0.0,0.0,2.4813895781637716,12.40694789081886,101.73697270471465,81.88585607940446,4.962779156327543,47.146401985111666,0.6050632911392405,5.012658227848101,0.0,2.4813895781637716,0.0,2.4813895781637716,4.962779156327543,0.0,9.925558312655086,4.962779156327543,0.0,4.962779156327543,0.0,17.3697270471464,4.962779156327543,0.0,4.962779156327543,0.0,0.0,0.0,4.962779156327543,12.40694789081886,9.925558312655086,2.4813895781637716,4.962779156327543
1836,55.69007263922518,7.263922518159807,16.949152542372882,7.263922518159807,2.4213075060532687,0.0,0.0,26.634382566585955,24.213075060532688,2.4213075060532687,2.4213075060532687,0.0,24.213075060532688,4.842615012106537,2.4213075060532687,254.23728813559322,12.106537530266344,2.4213075060532687,7.263922518159807,0.0,2.4213075060532687,0.0,0.0,12.106537530266344,4.842615012106537,2.4213075060532687,4.842615012106537,0.0,14.527845036319613,0.0,2.4213075060532687,0.0,0.0,0.0,0.0,0.0,2.4213075060532687,0.0,118.64406779661017,65.37530266343826,0.0,41.16222760290557,0.5307125307125307,4.395577395577396,2.4213075060532687,0.0,0.0,0.0,4.842615012106537,0.0,4.842615012106537,0.0,0.0,14.527845036319613,4.842615012106537,19.37046004842615,0.0,0.0,0.0,0.0,0.0,2.4213075060532687,2.4213075060532687,2.4213075060532687,12.106537530266344,0.0,0.0
1860,88.88888888888889,7.407407407407407,7.407407407407407,2.4691358024691357,4.938271604938271,2.4691358024691357,4.938271604938271,41.97530864197531,12.345679012345679,4.938271604938271,4.938271604938271,0.0,7.407407407407407,19.753086419753085,2.4691358024691357,232.09876543209876,0.0,2.4691358024691357,29.62962962962963,2.4691358024691357,0.0,0.0,0.0,9.876543209876543,0.0,0.0,4.938271604938271,4.938271604938271,0.0,0.0,2.4691358024691357,0.0,2.4691358024691357,0.0,0.0,0.0,0.0,9.876543209876543,116.04938271604938,64.19753086419753,7.407407407407407,83.95061728395062,0.635678391959799,4.824120603015075,2.4691358024691357,0.0,0.0,0.0,7.407407407407407,2.4691358024691357,2.4691358024691357,4.938271604938271,0.0,0.0,2.4691358024691357,9.876543209876543,0.0,7.407407407407407,7.407407407407407,0.0,0.0,0.0,2.4691358024691357,4.938271604938271,9.876543209876543,0.0,7.407407407407407
189206,74.5920745920746,6.993006993006993,4.662004662004662,0.0,4.662004662004662,53.613053613053616,2.331002331002331,11.655011655011656,16.317016317016318,9.324009324009324,0.0,0.0,13.986013986013987,18.64801864801865,9.324009324009324,242.42424242424244,6.993006993006993,0.0,32.634032634032636,0.0,0.0,2.331002331002331,0.0,9.324009324009324,4.662004662004662,0.0,2.331002331002331,4.662004662004662,0.0,2.331002331002331,2.331002331002331,0.0,0.0,0.0,0.0,0.0,0.0,2.331002331002331,109.55710955710956,60.60606060606061,4.662004662004662,46.62004662004662,0.6004728132387707,4.536643026004728,2.331002331002331,0.0,2.331002331002331,0.0,9.324009324009324,0.0,4.662004662004662,6.993006993006993,0.0,4.662004662004662,0.0,9.324009324009324,4.662004662004662,2.331002331002331,4.662004662004662,0.0,0.0,0.0,0.0,9.324009324009324,13.986013986013987,4.662004662004662,2.331002331002331
189396,69.04761904761905,7.142857142857142,2.3809523809523814,14.285714285714285,2.3809523809523814,0.0,0.0,45.238095238095234,7.142857142857142,2.3809523809523814,0.0,4.761904761904763,4.761904761904763,23.809523809523807,0.0,264.2857142857143,7.142857142857142,2.3809523809523814,21.428571428571427,0.0,0.0,0.0,0.0,14.285714285714285,4.761904761904763,0.0,4.761904761904763,7.142857142857142,4.761904761904763,0.0,0.0,0.0,0.0,0.0,0.0,0.0,0.0,11.904761904761903,138.0952380952381,66.66666666666667,7.142857142857142,52.38095238095238,0.5861244019138756,4.7894736842105265,2.3809523809523814,0.0,2.3809523809523814,2.3809523809523814,2.3809523809523814,0.0,7.142857142857142,4.761904761904763,0.0,0.0,0.0,14.285714285714285,4.761904761904763,0.0,0.0,0.0,0.0,0.0,2.3809523809523814,9.523809523809526,7.142857142857142,2.3809523809523814,2.3809523809523814
189940,89.55223880597015,7.462686567164179,0.0,9.950248756218905,0.0,0.0,0.0,49.75124378109453,14.925373134328359,2.487562189054726,2.487562189054726,2.487562189054726,17.412935323383085,7.462686567164179,2.487562189054726,283.5820895522388,14.925373134328359,0.0,19.90049751243781,0.0,0.0,0.0,0.0,4.975124378109452,2.487562189054726,0.0,2.487562189054726,2.487562189054726,9.950248756218905,0.0,0.0,0.0,0.0,0.0,0.0,0.0,0.0,4.975124378109452,136.81592039800995,84.5771144278607,4.975124378109452,24.875621890547265,0.5617128463476071,4.458438287153652,0.0,0.0,2.487562189054726,2.487562189054726,2.487562189054726,0.0,4.975124378109452,0.0,0.0,0.0,0.0,17.412935323383085,0.0,0.0,0.0,0.0,0.0,0.0,2.487562189054726,9.950248756218905,14.925373134328359,2.487562189054726,0.0
19175,19.851116625310173,14.88833746898263,79.40446650124069,2.4813895781637716,7.444168734491315,0.0,0.0,86.848635235732,14.88833746898263,7.444168734491315,12.40694789081886,2.4813895781637716,14.88833746898263,2.4813895781637716,2.4813895781637716,173.697270471464,2.4813895781637716,0.0,29.77667493796526,7.444168734491315,0.0,0.0,0.0,32.25806451612903,2.4813895781637716,2.4813895781637716,2.4813895781637716,0.0,7.444168734491315,0.0,2.4813895781637716,0.0,0.0,0.0,2.4813895781637716,2.4813895781637716,12.40694789081886,12.40694789081886,76.92307692307693,34.7394540942928,4.962779156327543,91.81141439205956,0.5486284289276808,4.054862842892768,0.0,4.962779156327543,0.0,0.0,2.4813895781637716,0.0,4.962779156327543,7.444168734491315,0.0,4.962779156327543,2.4813895781637716,22.332506203473944,2.4813895781637716,2.4813895781637716,4.962779156327543,0.0,2.4813895781637716,0.0,0.0,0.0,12.40694789081886,12.40694789081886,7.444168734491315
191997,9.36768149882904,0.0,98.36065573770492,2.34192037470726,2.34192037470726,0.0,0.0,58.5480093676815,16.393442622950822,7.02576112412178,0.0,0.0,23.4192037470726,9.36768149882904,2.34192037470726,208.43091334894615,0.0,0.0,23.4192037470726,0.0,0.0,0.0,0.0,25.76112412177986,2.34192037470726,0.0,9.36768149882904,0.0,7.02576112412178,0.0,2.34192037470726,0.0,0.0,2.34192037470726,2.34192037470726,0.0,7.02576112412178,16.393442622950822,98.36065573770492,63.231850117096016,4.68384074941452,51.52224824355972,0.5295508274231678,4.3546099290780145,9.36768149882904,0.0,0.0,2.34192037470726,4.68384074941452,2.34192037470726,4.68384074941452,0.0,0.0,2.34192037470726,0.0,21.07728337236534,14.05152224824356,2.34192037470726,4.68384074941452,4.68384074941452,0.0,2.34192037470726,2.34192037470726,0.0,11.7096018735363,4.68384074941452,0.0
192033,57.21393034825871,2.487562189054726,17.412935323383085,7.462686567164179,4.975124378109452,0.0,0.0,57.21393034825871,22.388059701492537,0.0,0.0,0.0,7.462686567164179,29.850746268656717,7.462686567164179,201.49253731343285,2.487562189054726,2.487562189054726,19.90049751243781,0.0,0.0,0.0,0.0,27.36318407960199,7.462686567164179,2.487562189054726,2.487562189054726,0.0,0.0,0.0,0.0,0.0,0.0,0.0,4.975124378109452,0.0,2.487562189054726,2.487562189054726,121.8905472636816,52.23880597014925,9.950248756218905,69.65174129353234,0.5994962216624685,4.768261964735516,4.975124378109452,0.0,0.0,0.0,4.975124378109452,0.0,4.975124378109452,12.437810945273633,0.0,9.950248756218905,0.0,24.875621890547265,2.487562189054726,4.975124378109452,9.950248756218905,0.0,0.0,0.0,4.975124378109452,7.462686567164179,7.462686567164179,0.0,4.975124378109452
193110,87.37864077669903,2.4271844660194173,2.4271844660194173,2.4271844660194173,2.4271844660194173,0.0,0.0,84.95145631067962,9.70873786407767,4.854368932038835,4.854368932038835,2.4271844660194173,12.135922330097086,26.699029126213592,2.4271844660194173,223.3009708737864,4.854368932038835,0.0,38.83495145631068,2.4271844660194173,2.4271844660194173,0.0,0.0,4.854368932038835,12.135922330097086,0.0,0.0,2.4271844660194173,0.0,0.0,2.4271844660194173,0.0,0.0,2.4271844660194173,0.0,2.4271844660194173,2.4271844660194173,12.135922330097086,118.93203883495146,50.970873786407765,4.854368932038835,89.80582524271844,0.6113861386138614,4.821782178217822,2.4271844660194173,9.70873786407767,0.0,2.4271844660194173,7.281553398058253,0.0,4.854368932038835,14.563106796116505,0.0,0.0,0.0,12.135922330097086,9.70873786407767,0.0,9.70873786407767,2.4271844660194173,0.0,0.0,2.4271844660194173,19.41747572815534,16.990291262135923,12.135922330097086,4.854368932038835
194922,90.46454767726162,2.444987775061125,4.88997555012225,4.88997555012225,4.88997555012225,39.119804400978,4.88997555012225,92.90953545232274,9.7799511002445,9.7799511002445,2.444987775061125,2.444987775061125,19.559902200489,19.559902200489,9.7799511002445,154.03422982885084,4.88997555012225,0.0,31.78484107579462,2.444987775061125,2.444987775061125,0.0,2.444987775061125,17.114914425427873,7.334963325183374,0.0,7.334963325183374,4.88997555012225,4.88997555012225,0.0,2.444987775061125,0.0,0.0,0.0,0.0,0.0,9.7799511002445,17.114914425427873,97.799511002445,48.8997555012225,12.224938875305625,66.01466992665037,0.5486284289276808,4.461346633416459,2.444987775061125,4.88997555012225,0.0,0.0,4.88997555012225,0.0,2.444987775061125,12.224938875305625,2.444987775061125,7.334963325183374,0.0,29.339853300733495,2.444987775061125,4.88997555012225,19.559902200489,4.88997555012225,0.0,0.0,2.444987775061125,4.88997555012225,12.224938875305625,0.0,12.224938875305625
196037,102.6252983293556,2.3866348448687353,0.0,4.773269689737471,0.0,14.319809069212411,0.0,57.279236276849645,16.706443914081145,2.3866348448687353,9.546539379474941,2.3866348448687353,11.933174224343675,19.093078758949883,4.773269689737471,233.89021479713603,2.3866348448687353,0.0,31.026252983293556,0.0,0.0,0.0,0.0,16.706443914081145,2.3866348448687353,0.0,2.3866348448687353,0.0,2.3866348448687353,0.0,2.3866348448687353,0.0,0.0,2.3866348448687353,0.0,0.0,7.159904534606206,16.706443914081145,90.69212410501193,54.89260143198091,4.773269689737471,81.14558472553699,0.6268292682926829,4.7317073170731705,4.773269689737471,9.546539379474941,0.0,2.3866348448687353,11.933174224343675,0.0,4.773269689737471,0.0,0.0,7.159904534606206,4.773269689737471,19.093078758949883,4.773269689737471,7.159904534606206,7.159904534606206,0.0,0.0,0.0,4.773269689737471,4.773269689737471,11.933174224343675,0.0,9.546539379474941
196975,102.87081339712918,7.177033492822967,2.3923444976076556,4.784688995215311,7.177033492822967,0.0,0.0,47.84688995215311,31.10047846889952,0.0,11.961722488038278,2.3923444976076556,28.70813397129187,2.3923444976076556,2.3923444976076556,255.98086124401914,2.3923444976076556,0.0,28.70813397129187,2.3923444976076556,0.0,0.0,4.784688995215311,7.177033492822967,7.177033492822967,2.3923444976076556,2.3923444976076556,4.784688995215311,9.569377990430622,0.0,0.0,0.0,0.0,0.0,0.0,0.0,0.0,9.569377990430622,107.6555023923445,45.45454545454545,4.784688995215311,64.5933014354067,0.551219512195122,4.314634146341463,0.0,7.177033492822967,0.0,0.0,7.177033492822967,0.0,2.3923444976076556,2.3923444976076556,0.0,7.177033492822967,2.3923444976076556,19.138755980861244,4.784688995215311,4.784688995215311,9.569377990430622,0.0,2.3923444976076556,0.0,2.3923444976076556,9.569377990430622,19.138755980861244,0.0,4.784688995215311
198413,102.24438902743142,14.962593516209475,14.962593516209475,12.468827930174564,2.493765586034913,12.468827930174564,7.481296758104738,67.33167082294264,17.456359102244388,4.987531172069826,2.493765586034913,0.0,14.962593516209475,14.962593516209475,2.493765586034913,211.9700748129676,9.975062344139651,0.0,22.443890274314214,2.493765586034913,0.0,0.0,0.0,19.950124688279303,9.975062344139651,2.493765586034913,0.0,2.493765586034913,9.975062344139651,0.0,0.0,0.0,0.0,0.0,0.0,0.0,2.493765586034913,19.950124688279303,104.73815461346634,49.87531172069826,7.481296758104738,39.900249376558605,0.579746835443038,4.50126582278481,2.493765586034913,4.987531172069826,0.0,0.0,4.987531172069826,0.0,2.493765586034913,4.987531172069826,2.493765586034913,0.0,0.0,19.950124688279303,2.493765586034913,9.975062344139651,4.987531172069826,2.493765586034913,0.0,0.0,4.987531172069826,4.987531172069826,7.481296758104738,0.0,4.987531172069826
199637,82.7250608272506,4.866180048661801,0.0,0.0,0.0,36.4963503649635,4.866180048661801,21.897810218978105,21.897810218978105,2.4330900243309004,2.4330900243309004,2.4330900243309004,12.165450121654501,36.4963503649635,9.732360097323602,243.30900243309003,4.866180048661801,0.0,26.7639902676399,7.299270072992701,0.0,0.0,0.0,12.165450121654501,9.732360097323602,0.0,0.0,0.0,4.866180048661801,0.0,2.4330900243309004,0.0,0.0,0.0,0.0,0.0,0.0,9.732360097323602,119.2214111922141,68.1265206812652,7.299270072992701,46.228710462287104,0.5906862745098039,4.884803921568627,0.0,2.4330900243309004,0.0,0.0,4.866180048661801,0.0,12.165450121654501,7.299270072992701,0.0,2.4330900243309004,4.866180048661801,17.0316301703163,7.299270072992701,0.0,0.0,0.0,0.0,0.0,4.866180048661801,9.732360097323602,7.299270072992701,2.4330900243309004,0.0
200736,90.68627450980392,2.450980392156863,4.901960784313726,2.450980392156863,0.0,7.352941176470588,0.0,63.725490196078425,9.803921568627452,2.450980392156863,0.0,0.0,26.96078431372549,24.509803921568626,0.0,242.64705882352942,9.803921568627452,0.0,29.41176470588235,2.450980392156863,0.0,0.0,0.0,17.156862745098042,4.901960784313726,0.0,2.450980392156863,0.0,9.803921568627452,7.352941176470588,2.450980392156863,0.0,0.0,0.0,0.0,0.0,0.0,9.803921568627452,132.35294117647058,41.666666666666664,0.0,46.568627450980394,0.5012345679012346,4.42962962962963,2.450980392156863,2.450980392156863,0.0,0.0,4.901960784313726,0.0,12.254901960784313,4.901960784313726,0.0,4.901960784313726,4.901960784313726,26.96078431372549,7.352941176470588,2.450980392156863,2.450980392156863,0.0,0.0,0.0,0.0,19.607843137254903,17.156862745098042,0.0,14.705882352941176
201072,36.76470588235294,12.254901960784313,56.372549019607845,4.901960784313726,0.0,90.68627450980392,2.450980392156863,0.0,22.058823529411764,4.901960784313726,12.254901960784313,0.0,22.058823529411764,12.254901960784313,0.0,159.31372549019608,4.901960784313726,0.0,39.21568627450981,4.901960784313726,0.0,0.0,4.901960784313726,17.156862745098042,2.450980392156863,0.0,4.901960784313726,0.0,7.352941176470588,0.0,0.0,0.0,0.0,0.0,0.0,0.0,4.901960784313726,9.803921568627452,90.68627450980392,71.07843137254902,7.352941176470588,68.62745098039217,0.5288220551378446,4.18796992481203,0.0,4.901960784313726,0.0,2.450980392156863,14.705882352941176,0.0,12.254901960784313,9.803921568627452,0.0,12.254901960784313,4.901960784313726,36.76470588235294,0.0,0.0,22.058823529411764,0.0,2.450980392156863,0.0,2.450980392156863,0.0,14.705882352941176,0.0,4.901960784313726
20208,99.50248756218906,12.437810945273633,0.0,7.462686567164179,4.975124378109452,0.0,0.0,24.875621890547265,27.36318407960199,0.0,12.437810945273633,0.0,24.875621890547265,14.925373134328359,2.487562189054726,263.681592039801,12.437810945273633,0.0,32.33830845771144,4.975124378109452,2.487562189054726,0.0,0.0,12.437810945273633,4.975124378109452,0.0,2.487562189054726,4.975124378109452,7.462686567164179,0.0,7.462686567164179,0.0,0.0,0.0,0.0,0.0,0.0,4.975124378109452,82.08955223880596,47.2636815920398,2.487562189054726,67.16417910447761,0.6147959183673469,4.839285714285714,7.462686567164179,0.0,0.0,0.0,14.925373134328359,0.0,7.462686567164179,4.975124378109452,0.0,0.0,0.0,14.925373134328359,2.487562189054726,2.487562189054726,9.950248756218905,0.0,0.0,0.0,2.487562189054726,2.487562189054726,9.950248756218905,2.487562189054726,12.437810945273633
202837,2.450980392156863,4.901960784313726,90.68627450980392,2.450980392156863,2.450980392156863,73.52941176470588,7.352941176470588,9.803921568627452,9.803921568627452,2.450980392156863,7.352941176470588,2.450980392156863,14.705882352941176,22.058823529411764,9.803921568627452,230.39215686274508,7.352941176470588,0.0,22.058823529411764,2.450980392156863,0.0,0.0,0.0,14.705882352941176,2.450980392156863,0.0,0.0,7.352941176470588,9.803921568627452,0.0,2.450980392156863,0.0,0.0,0.0,0.0,0.0,0.0,7.352941176470588,98.0392156862745,63.725490196078425,2.450980392156863,39.21568627450981,0.5939086294416244,4.413705583756345,2.450980392156863,2.450980392156863,0.0,0.0,2.450980392156863,0.0,9.803921568627452,9.803921568627452,4.901960784313726,9.803921568627452,9.803921568627452,17.156862745098042,2.450980392156863,2.450980392156863,22.058823529411764,0.0,0.0,0.0,0.0,2.450980392156863,14.705882352941176,0.0,4.901960784313726
204344,110.83743842364532,12.315270935960593,0.0,9.852216748768473,4.926108374384237,81.2807881773399,0.0,2.4630541871921183,24.630541871921185,7.389162561576354,4.926108374384237,0.0,17.241379310344826,12.315270935960593,4.926108374384237,226.60098522167488,2.4630541871921183,0.0,22.167487684729064,2.4630541871921183,0.0,0.0,0.0,9.852216748768473,4.926108374384237,0.0,2.4630541871921183,0.0,9.852216748768473,0.0,0.0,0.0,0.0,0.0,0.0,0.0,7.389162561576354,19.704433497536947,93.59605911330048,49.26108374384237,12.315270935960593,59.11330049261083,0.5577889447236181,4.389447236180905,2.4630541871921183,0.0,0.0,0.0,4.926108374384237,0.0,4.926108374384237,0.0,0.0,7.389162561576354,7.389162561576354,24.630541871921185,7.389162561576354,2.4630541871921183,2.4630541871921183,0.0,0.0,0.0,4.926108374384237,12.315270935960593,9.852216748768473,0.0,2.4630541871921183
204723,98.08612440191388,11.961722488038278,2.3923444976076556,0.0,2.3923444976076556,0.0,4.784688995215311,55.02392344497608,19.138755980861244,2.3923444976076556,0.0,0.0,21.5311004784689,16.74641148325359,2.3923444976076556,212.91866028708134,14.354066985645934,0.0,23.923444976076556,0.0,2.3923444976076556,0.0,0.0,19.138755980861244,14.354066985645934,0.0,2.3923444976076556,0.0,14.354066985645934,0.0,0.0,0.0,0.0,0.0,0.0,0.0,0.0,9.569377990430622,95.69377990430623,69.377990430622,2.3923444976076556,78.94736842105263,0.6131386861313869,4.576642335766423,0.0,2.3923444976076556,0.0,4.784688995215311,9.569377990430622,0.0,9.569377990430622,0.0,0.0,7.177033492822967,9.569377990430622,21.5311004784689,7.177033492822967,2.3923444976076556,2.3923444976076556,0.0,0.0,2.3923444976076556,4.784688995215311,2.3923444976076556,4.784688995215311,0.0,4.784688995215311
211323,104.01891252955083,7.092198581560283,2.3640661938534278,7.092198581560283,7.092198581560283,80.37825059101655,0.0,9.456264775413711,14.184397163120567,11.82033096926714,9.456264775413711,0.0,11.82033096926714,7.092198581560283,7.092198581560283,198.58156028368796,4.7281323877068555,0.0,40.189125295508276,2.3640661938534278,0.0,0.0,0.0,21.27659574468085,11.82033096926714,0.0,0.0,2.3640661938534278,4.7281323877068555,0.0,0.0,0.0,0.0,0.0,0.0,0.0,7.092198581560283,4.7281323877068555,94.56264775413712,35.46099290780142,9.456264775413711,87.47044917257683,0.5579710144927537,4.304347826086956,0.0,0.0,2.3640661938534278,0.0,11.82033096926714,0.0,2.3640661938534278,4.7281323877068555,0.0,0.0,0.0,33.09692671394799,4.7281323877068555,2.3640661938534278,16.548463356973993,0.0,0.0,0.0,2.3640661938534278,11.82033096926714,30.73286052009456,11.82033096926714,18.912529550827422
211513,56.737588652482266,4.7281323877068555,11.82033096926714,7.092198581560283,7.092198581560283,0.0,0.0,52.009456264775416,28.368794326241133,0.0,0.0,0.0,14.184397163120567,26.004728132387708,0.0,238.77068557919623,11.82033096926714,0.0,16.548463356973993,0.0,0.0,0.0,0.0,11.82033096926714,7.092198581560283,4.7281323877068555,4.7281323877068555,4.7281323877068555,7.092198581560283,0.0,2.3640661938534278,0.0,0.0,2.3640661938534278,0.0,0.0,9.456264775413711,7.092198581560283,125.29550827423166,75.65011820330969,0.0,73.28605200945626,0.5995145631067961,4.752427184466019,0.0,2.3640661938534278,0.0,0.0,7.092198581560283,0.0,4.7281323877068555,4.7281323877068555,0.0,7.092198581560283,4.7281323877068555,14.184397163120567,2.3640661938534278,0.0,14.184397163120567,0.0,0.0,0.0,2.3640661938534278,11.82033096926714,7.092198581560283,2.3640661938534278,7.092198581560283
213127,111.38613861386139,17.32673267326733,0.0,9.900990099009901,4.9504950495049505,59.4059405940594,0.0,2.4752475247524752,34.65346534653466,4.9504950495049505,2.4752475247524752,0.0,19.801980198019802,7.425742574257425,4.9504950495049505,200.49504950495052,2.4752475247524752,0.0,27.22772277227723,0.0,2.4752475247524752,2.4752475247524752,2.4752475247524752,14.85148514851485,4.9504950495049505,2.4752475247524752,0.0,0.0,4.9504950495049505,0.0,0.0,0.0,0.0,0.0,0.0,4.9504950495049505,2.4752475247524752,17.32673267326733,99.00990099009901,61.88118811881188,7.425742574257425,76.73267326732673,0.5843828715365239,4.347607052896725,4.9504950495049505,4.9504950495049505,2.4752475247524752,2.4752475247524752,7.425742574257425,2.4752475247524752,12.376237623762377,2.4752475247524752,2.4752475247524752,0.0,2.4752475247524752,29.7029702970297,2.4752475247524752,4.9504950495049505,14.85148514851485,0.0,0.0,0.0,7.425742574257425,12.376237623762377,22.277227722772277,2.4752475247524752,7.425742574257425
213816,41.463414634146346,4.878048780487805,46.34146341463415,2.4390243902439024,2.4390243902439024,19.51219512195122,0.0,29.26829268292683,9.75609756097561,2.4390243902439024,2.4390243902439024,0.0,9.75609756097561,31.70731707317073,2.4390243902439024,270.7317073170732,17.073170731707318,0.0,24.390243902439025,2.4390243902439024,2.4390243902439024,0.0,0.0,14.634146341463415,7.317073170731708,0.0,2.4390243902439024,0.0,2.4390243902439024,0.0,0.0,0.0,0.0,0.0,0.0,4.878048780487805,0.0,2.4390243902439024,82.92682926829269,92.6829268292683,4.878048780487805,29.26829268292683,0.6726342710997443,5.411764705882353,2.4390243902439024,0.0,0.0,0.0,0.0,0.0,14.634146341463415,2.4390243902439024,0.0,2.4390243902439024,9.75609756097561,17.073170731707318,7.317073170731708,2.4390243902439024,17.073170731707318,0.0,0.0,0.0,2.4390243902439024,4.878048780487805,4.878048780487805,2.4390243902439024,2.4390243902439024
215787,83.33333333333333,14.705882352941176,7.352941176470588,4.901960784313726,7.352941176470588,66.17647058823529,0.0,4.901960784313726,26.96078431372549,4.901960784313726,9.803921568627452,0.0,9.803921568627452,14.705882352941176,4.901960784313726,193.62745098039215,2.450980392156863,0.0,17.156862745098042,0.0,2.450980392156863,0.0,0.0,12.254901960784313,4.901960784313726,0.0,2.450980392156863,2.450980392156863,2.450980392156863,0.0,0.0,0.0,0.0,2.450980392156863,0.0,0.0,2.450980392156863,14.705882352941176,107.84313725490196,83.33333333333333,2.450980392156863,100.49019607843138,0.5965346534653465,4.655940594059406,4.901960784313726,12.254901960784313,0.0,7.352941176470588,2.450980392156863,0.0,9.803921568627452,0.0,0.0,0.0,2.450980392156863,19.607843137254903,4.901960784313726,7.352941176470588,7.352941176470588,0.0,0.0,0.0,7.352941176470588,7.352941176470588,9.803921568627452,0.0,12.254901960784313
227355,93.07875894988067,9.546539379474941,23.86634844868735,4.773269689737471,4.773269689737471,78.75894988066825,7.159904534606206,23.86634844868735,26.252983293556085,0.0,0.0,0.0,16.706443914081145,11.933174224343675,0.0,226.73031026252983,16.706443914081145,2.3866348448687353,19.093078758949883,0.0,4.773269689737471,0.0,0.0,16.706443914081145,2.3866348448687353,0.0,2.3866348448687353,0.0,0.0,2.3866348448687353,7.159904534606206,0.0,0.0,0.0,0.0,2.3866348448687353,4.773269689737471,2.3866348448687353,95.4653937947494,35.79952267303103,4.773269689737471,38.186157517899765,0.5590361445783133,4.298795180722892,0.0,2.3866348448687353,0.0,0.0,7.159904534606206,0.0,7.159904534606206,0.0,4.773269689737471,0.0,14.319809069212411,16.706443914081145,2.3866348448687353,2.3866348448687353,0.0,0.0,0.0,0.0,4.773269689737471,9.546539379474941,7.159904534606206,0.0,2.3866348448687353
228678,84.54106280193237,4.830917874396135,9.66183574879227,0.0,4.830917874396135,9.66183574879227,2.4154589371980677,79.71014492753622,14.492753623188406,2.4154589371980677,0.0,0.0,12.077294685990339,7.246376811594203,0.0,219.80676328502415,7.246376811594203,0.0,28.985507246376812,0.0,2.4154589371980677,0.0,0.0,7.246376811594203,2.4154589371980677,0.0,0.0,0.0,0.0,4.830917874396135,7.246376811594203,0.0,0.0,0.0,4.830917874396135,2.4154589371980677,7.246376811594203,4.830917874396135,101.44927536231884,50.72463768115942,9.66183574879227,82.1256038647343,0.5625,4.46,2.4154589371980677,4.830917874396135,0.0,2.4154589371980677,9.66183574879227,0.0,2.4154589371980677,2.4154589371980677,0.0,21.73913043478261,9.66183574879227,24.154589371980677,2.4154589371980677,0.0,24.154589371980677,2.4154589371980677,0.0,0.0,9.66183574879227,12.077294685990339,12.077294685990339,0.0,12.077294685990339
229835,80.88235294117648,12.254901960784313,0.0,0.0,12.254901960784313,0.0,0.0,39.21568627450981,12.254901960784313,2.450980392156863,0.0,2.450980392156863,14.705882352941176,17.156862745098042,2.450980392156863,254.9019607843137,9.803921568627452,0.0,9.803921568627452,0.0,4.901960784313726,0.0,4.901960784313726,14.705882352941176,0.0,0.0,7.352941176470588,0.0,2.450980392156863,0.0,0.0,0.0,0.0,0.0,0.0,0.0,4.901960784313726,12.254901960784313,107.84313725490196,68.62745098039217,4.901960784313726,68.62745098039217,0.5653266331658291,4.844221105527638,2.450980392156863,2.450980392156863,2.450980392156863,2.450980392156863,12.254901960784313,2.450980392156863,0.0,2.450980392156863,0.0,2.450980392156863,7.352941176470588,17.156862745098042,2.450980392156863,0.0,7.352941176470588,0.0,2.450980392156863,0.0,0.0,7.352941176470588,0.0,2.450980392156863,2.450980392156863
231183,97.01492537313433,7.462686567164179,7.462686567164179,2.487562189054726,2.487562189054726,44.776119402985074,14.925373134328359,9.950248756218905,24.875621890547265,0.0,4.975124378109452,0.0,14.925373134328359,17.412935323383085,0.0,196.51741293532336,2.487562189054726,2.487562189054726,37.31343283582089,0.0,2.487562189054726,0.0,2.487562189054726,12.437810945273633,0.0,2.487562189054726,0.0,0.0,4.975124378109452,0.0,0.0,0.0,0.0,0.0,2.487562189054726,4.975124378109452,9.950248756218905,22.388059701492537,101.99004975124377,52.23880597014925,4.975124378109452,67.16417910447761,0.601010101010101,4.436868686868687,0.0,0.0,0.0,0.0,7.462686567164179,0.0,9.950248756218905,4.975124378109452,0.0,9.950248756218905,0.0,9.950248756218905,2.487562189054726,0.0,12.437810945273633,4.975124378109452,2.487562189054726,0.0,7.462686567164179,7.462686567164179,9.950248756218905,0.0,7.462686567164179
235905,108.10810810810811,12.285012285012284,2.457002457002457,2.457002457002457,0.0,78.62407862407862,7.371007371007371,17.1990171990172,24.570024570024568,2.457002457002457,0.0,0.0,29.484029484029485,12.285012285012284,4.914004914004914,194.10319410319408,0.0,0.0,41.76904176904177,0.0,0.0,0.0,0.0,4.914004914004914,0.0,0.0,0.0,4.914004914004914,14.742014742014742,0.0,0.0,0.0,0.0,0.0,0.0,0.0,7.371007371007371,7.371007371007371,98.28009828009827,49.140049140049136,4.914004914004914,78.62407862407862,0.5660847880299252,4.341645885286783,0.0,12.285012285012284,0.0,0.0,7.371007371007371,0.0,4.914004914004914,2.457002457002457,2.457002457002457,4.914004914004914,0.0,7.371007371007371,0.0,2.457002457002457,14.742014742014742,0.0,0.0,0.0,4.914004914004914,4.914004914004914,9.828009828009828,2.457002457002457,19.656019656019655
236889,79.40446650124069,0.0,29.77667493796526,17.3697270471464,2.4813895781637716,34.7394540942928,9.925558312655086,47.146401985111666,14.88833746898263,2.4813895781637716,7.444168734491315,0.0,9.925558312655086,14.88833746898263,0.0,188.58560794044666,2.4813895781637716,0.0,39.702233250620345,2.4813895781637716,0.0,2.4813895781637716,2.4813895781637716,12.40694789081886,4.962779156327543,0.0,2.4813895781637716,2.4813895781637716,4.962779156327543,0.0,0.0,0.0,0.0,0.0,0.0,0.0,2.4813895781637716,4.962779156327543,116.62531017369727,57.07196029776674,7.444168734491315,79.40446650124069,0.6157760814249363,4.407124681933842,4.962779156327543,7.444168734491315,2.4813895781637716,0.0,12.40694789081886,0.0,4.962779156327543,2.4813895781637716,0.0,0.0,0.0,17.3697270471464,2.4813895781637716,4.962779156327543,24.81389578163772,0.0,2.4813895781637716,0.0,0.0,7.444168734491315,4.962779156327543,7.444168734491315,17.3697270471464
237180,79.80049875311721,2.493765586034913,14.962593516209475,4.987531172069826,0.0,12.468827930174564,4.987531172069826,57.356608478803,2.493765586034913,2.493765586034913,0.0,0.0,24.93765586034913,9.975062344139651,4.987531172069826,261.8453865336659,4.987531172069826,0.0,29.92518703241895,2.493765586034913,4.987531172069826,0.0,0.0,7.481296758104738,0.0,0.0,4.987531172069826,7.481296758104738,4.987531172069826,0.0,7.481296758104738,0.0,0.0,0.0,0.0,0.0,0.0,7.481296758104738,112.21945137157108,52.36907730673317,19.950124688279303,54.86284289276808,0.5989847715736041,4.649746192893401,2.493765586034913,2.493765586034913,0.0,0.0,2.493765586034913,0.0,2.493765586034913,7.481296758104738,0.0,2.493765586034913,14.962593516209475,14.962593516209475,9.975062344139651,0.0,7.481296758104738,0.0,0.0,0.0,2.493765586034913,14.962593516209475,12.468827930174564,0.0,4.987531172069826
238133,85.1581508515815,4.866180048661801,19.464720194647203,12.165450121654501,7.299270072992701,0.0,9.732360097323602,46.228710462287104,7.299270072992701,2.4330900243309004,9.732360097323602,0.0,17.0316301703163,12.165450121654501,0.0,277.37226277372264,2.4330900243309004,2.4330900243309004,19.464720194647203,0.0,2.4330900243309004,0.0,0.0,2.4330900243309004,9.732360097323602,0.0,2.4330900243309004,0.0,7.299270072992701,0.0,2.4330900243309004,0.0,0.0,0.0,0.0,0.0,0.0,9.732360097323602,109.48905109489051,53.5279805352798,2.4330900243309004,51.09489051094891,0.5916870415647921,4.665036674816626,2.4330900243309004,2.4330900243309004,0.0,2.4330900243309004,0.0,0.0,2.4330900243309004,2.4330900243309004,0.0,0.0,2.4330900243309004,17.0316301703163,0.0,0.0,4.866180048661801,0.0,0.0,0.0,0.0,17.0316301703163,14.598540145985401,2.4330900243309004,2.4330900243309004
239166,51.980198019801975,0.0,27.22772277227723,7.425742574257425,4.9504950495049505,27.22772277227723,19.801980198019802,14.85148514851485,9.900990099009901,4.9504950495049505,7.425742574257425,0.0,9.900990099009901,12.376237623762377,0.0,245.04950495049505,2.4752475247524752,0.0,24.752475247524753,0.0,0.0,0.0,0.0,17.32673267326733,7.425742574257425,0.0,0.0,2.4752475247524752,2.4752475247524752,0.0,2.4752475247524752,0.0,0.0,0.0,0.0,2.4752475247524752,9.900990099009901,7.425742574257425,81.68316831683168,66.83168316831683,12.376237623762377,61.88118811881188,0.609254498714653,4.845758354755784,4.9504950495049505,0.0,0.0,4.9504950495049505,4.9504950495049505,0.0,2.4752475247524752,2.4752475247524752,2.4752475247524752,14.85148514851485,27.22772277227723,14.85148514851485,7.425742574257425,0.0,22.277227722772277,0.0,2.4752475247524752,0.0,0.0,9.900990099009901,4.9504950495049505,0.0,7.425742574257425
241934,75.42579075425792,9.732360097323602,29.197080291970803,9.732360097323602,4.866180048661801,60.82725060827251,4.866180048661801,38.929440389294406,9.732360097323602,2.4330900243309004,7.299270072992701,0.0,14.598540145985401,7.299270072992701,0.0,199.5133819951338,7.299270072992701,0.0,29.197080291970803,2.4330900243309004,0.0,0.0,0.0,14.598540145985401,4.866180048661801,0.0,4.866180048661801,4.866180048661801,2.4330900243309004,0.0,0.0,0.0,0.0,0.0,0.0,0.0,2.4330900243309004,17.0316301703163,119.2214111922141,24.330900243309003,12.165450121654501,87.59124087591242,0.6363636363636364,4.6893939393939394,0.0,2.4330900243309004,0.0,0.0,9.732360097323602,0.0,7.299270072992701,9.732360097323602,2.4330900243309004,2.4330900243309004,4.866180048661801,14.598540145985401,2.4330900243309004,0.0,29.197080291970803,0.0,0.0,0.0,0.0,4.866180048661801,4.866180048661801,2.4330900243309004,17.0316301703163
244836,66.98564593301435,4.784688995215311,0.0,2.3923444976076556,4.784688995215311,9.569377990430622,0.0,7.177033492822967,23.923444976076556,0.0,0.0,0.0,16.74641148325359,38.27751196172249,2.3923444976076556,241.62679425837322,7.177033492822967,0.0,21.5311004784689,0.0,0.0,2.3923444976076556,4.784688995215311,9.569377990430622,2.3923444976076556,0.0,4.784688995215311,0.0,4.784688995215311,0.0,0.0,0.0,0.0,0.0,0.0,4.784688995215311,2.3923444976076556,2.3923444976076556,117.22488038277513,100.47846889952153,2.3923444976076556,47.84688995215311,0.5423728813559322,5.169491525423729,0.0,0.0,2.3923444976076556,7.177033492822967,4.784688995215311,0.0,14.354066985645934,14.354066985645934,0.0,0.0,2.3923444976076556,14.354066985645934,2.3923444976076556,0.0,2.3923444976076556,0.0,0.0,0.0,2.3923444976076556,33.49282296650718,14.354066985645934,0.0,4.784688995215311
245258,91.13300492610837,7.389162561576354,2.4630541871921183,9.852216748768473,0.0,0.0,2.4630541871921183,51.724137931034484,14.778325123152708,0.0,4.926108374384237,0.0,27.093596059113302,7.389162561576354,2.4630541871921183,241.3793103448276,4.926108374384237,2.4630541871921183,24.630541871921185,0.0,0.0,0.0,0.0,17.241379310344826,4.926108374384237,0.0,2.4630541871921183,7.389162561576354,9.852216748768473,0.0,7.389162561576354,0.0,0.0,0.0,0.0,0.0,4.926108374384237,2.4630541871921183,115.76354679802955,59.11330049261083,7.389162561576354,64.03940886699507,0.5806451612903226,4.377171215880893,4.926108374384237,0.0,4.926108374384237,0.0,4.926108374384237,0.0,7.389162561576354,2.4630541871921183,0.0,0.0,2.4630541871921183,9.852216748768473,14.778325123152708,7.389162561576354,2.4630541871921183,0.0,2.4630541871921183,0.0,2.4630541871921183,14.778325123152708,4.926108374384237,0.0,4.926108374384237
245650,52.50596658711217,9.546539379474941,33.41288782816229,2.3866348448687353,2.3866348448687353,4.773269689737471,16.706443914081145,45.346062052505964,7.159904534606206,7.159904534606206,2.3866348448687353,0.0,11.933174224343675,21.479713603818613,0.0,224.3436754176611,9.546539379474941,2.3866348448687353,16.706443914081145,0.0,0.0,0.0,0.0,28.639618138424822,2.3866348448687353,0.0,2.3866348448687353,0.0,0.0,0.0,2.3866348448687353,0.0,0.0,0.0,0.0,0.0,2.3866348448687353,2.3866348448687353,90.69212410501193,76.37231503579953,7.159904534606206,47.7326968973747,0.5922330097087378,4.703883495145631,2.3866348448687353,0.0,0.0,0.0,19.093078758949883,2.3866348448687353,9.546539379474941,4.773269689737471,0.0,4.773269689737471,0.0,33.41288782816229,4.773269689737471,7.159904534606206,7.159904534606206,2.3866348448687353,0.0,0.0,0.0,21.479713603818613,9.546539379474941,0.0,2.3866348448687353
246886,90.9090909090909,9.828009828009828,7.371007371007371,9.828009828009828,2.457002457002457,7.371007371007371,0.0,61.42506142506143,2.457002457002457,4.914004914004914,12.285012285012284,0.0,17.1990171990172,19.656019656019655,12.285012285012284,257.985257985258,2.457002457002457,0.0,19.656019656019655,0.0,0.0,0.0,0.0,14.742014742014742,2.457002457002457,0.0,0.0,7.371007371007371,4.914004914004914,0.0,2.457002457002457,0.0,0.0,2.457002457002457,0.0,0.0,0.0,7.371007371007371,105.65110565110565,58.96805896805897,9.828009828009828,61.42506142506143,0.6516290726817042,4.942355889724311,2.457002457002457,0.0,0.0,0.0,7.371007371007371,2.457002457002457,4.914004914004914,2.457002457002457,2.457002457002457,4.914004914004914,2.457002457002457,12.285012285012284,2.457002457002457,0.0,7.371007371007371,2.457002457002457,0.0,0.0,4.914004914004914,9.828009828009828,19.656019656019655,0.0,7.371007371007371
247115,89.80582524271844,4.854368932038835,0.0,4.854368932038835,2.4271844660194173,72.81553398058252,0.0,7.281553398058253,4.854368932038835,4.854368932038835,9.70873786407767,2.4271844660194173,9.70873786407767,2.4271844660194173,4.854368932038835,199.02912621359224,2.4271844660194173,0.0,21.844660194174757,0.0,0.0,0.0,2.4271844660194173,19.41747572815534,7.281553398058253,0.0,7.281553398058253,2.4271844660194173,0.0,0.0,0.0,0.0,0.0,0.0,0.0,0.0,9.70873786407767,14.563106796116505,101.94174757281553,41.2621359223301,7.281553398058253,67.96116504854369,0.5382716049382716,4.237037037037037,2.4271844660194173,0.0,2.4271844660194173,0.0,0.0,0.0,7.281553398058253,9.70873786407767,0.0,0.0,0.0,14.563106796116505,2.4271844660194173,0.0,12.135922330097086,0.0,0.0,0.0,2.4271844660194173,0.0,12.135922330097086,0.0,21.844660194174757
247371,83.91608391608392,4.662004662004662,13.986013986013987,9.324009324009324,0.0,51.28205128205128,2.331002331002331,51.28205128205128,2.331002331002331,4.662004662004662,2.331002331002331,0.0,16.317016317016318,0.0,0.0,261.0722610722611,11.655011655011656,0.0,27.972027972027973,0.0,0.0,0.0,0.0,16.317016317016318,0.0,2.331002331002331,2.331002331002331,0.0,2.331002331002331,0.0,4.662004662004662,0.0,0.0,0.0,0.0,0.0,0.0,4.662004662004662,107.22610722610723,72.26107226107226,4.662004662004662,69.93006993006993,0.625,4.615384615384615,2.331002331002331,4.662004662004662,2.331002331002331,2.331002331002331,9.324009324009324,0.0,2.331002331002331,0.0,0.0,2.331002331002331,11.655011655011656,13.986013986013987,2.331002331002331,0.0,16.317016317016318,2.331002331002331,0.0,0.0,2.331002331002331,9.324009324009324,13.986013986013987,0.0,9.324009324009324
249857,100.96153846153847,9.615384615384617,2.403846153846154,7.211538461538462,9.615384615384617,64.90384615384616,0.0,16.826923076923077,9.615384615384617,0.0,4.807692307692308,0.0,7.211538461538462,16.826923076923077,0.0,242.78846153846155,0.0,0.0,33.65384615384615,0.0,2.403846153846154,0.0,0.0,14.423076923076923,2.403846153846154,0.0,2.403846153846154,2.403846153846154,0.0,0.0,2.403846153846154,0.0,0.0,0.0,0.0,0.0,0.0,9.615384615384617,105.76923076923077,76.92307692307693,9.615384615384617,50.48076923076923,0.5980629539951574,4.476997578692494,0.0,4.807692307692308,0.0,0.0,2.403846153846154,2.403846153846154,0.0,2.403846153846154,0.0,0.0,0.0,19.230769230769234,4.807692307692308,2.403846153846154,4.807692307692308,0.0,0.0,0.0,0.0,14.423076923076923,9.615384615384617,2.403846153846154,4.807692307692308
250661,94.05940594059406,14.85148514851485,14.85148514851485,7.425742574257425,0.0,81.68316831683168,2.4752475247524752,27.22772277227723,22.277227722772277,0.0,0.0,4.9504950495049505,17.32673267326733,17.32673267326733,0.0,200.49504950495052,2.4752475247524752,0.0,24.752475247524753,4.9504950495049505,0.0,0.0,0.0,0.0,4.9504950495049505,0.0,0.0,0.0,9.900990099009901,0.0,2.4752475247524752,0.0,0.0,2.4752475247524752,0.0,0.0,2.4752475247524752,4.9504950495049505,101.48514851485149,47.02970297029703,7.425742574257425,49.504950495049506,0.5314861460957179,4.244332493702771,0.0,2.4752475247524752,0.0,0.0,12.376237623762377,0.0,4.9504950495049505,4.9504950495049505,2.4752475247524752,0.0,2.4752475247524752,14.85148514851485,2.4752475247524752,4.9504950495049505,12.376237623762377,0.0,2.4752475247524752,0.0,2.4752475247524752,12.376237623762377,12.376237623762377,4.9504950495049505,12.376237623762377
252877,78.62407862407862,14.742014742014742,0.0,9.828009828009828,2.457002457002457,0.0,0.0,66.33906633906633,7.371007371007371,0.0,2.457002457002457,0.0,12.285012285012284,24.570024570024568,7.371007371007371,223.58722358722358,2.457002457002457,2.457002457002457,31.94103194103194,7.371007371007371,0.0,0.0,0.0,7.371007371007371,0.0,4.914004914004914,4.914004914004914,7.371007371007371,4.914004914004914,0.0,0.0,0.0,2.457002457002457,0.0,0.0,0.0,0.0,12.285012285012284,132.67813267813267,61.42506142506143,2.457002457002457,58.96805896805897,0.5447761194029851,4.45771144278607,2.457002457002457,2.457002457002457,4.914004914004914,0.0,4.914004914004914,0.0,2.457002457002457,9.828009828009828,2.457002457002457,0.0,2.457002457002457,14.742014742014742,0.0,7.371007371007371,4.914004914004914,0.0,2.457002457002457,0.0,2.457002457002457,12.285012285012284,14.742014742014742,9.828009828009828,9.828009828009828
253283,71.06598984771574,17.766497461928935,0.0,2.5380710659898473,15.228426395939087,0.0,0.0,32.994923857868024,10.15228426395939,0.0,0.0,2.5380710659898473,17.766497461928935,12.690355329949238,5.076142131979695,284.26395939086296,5.076142131979695,0.0,10.15228426395939,2.5380710659898473,2.5380710659898473,0.0,0.0,12.690355329949238,2.5380710659898473,0.0,2.5380710659898473,5.076142131979695,7.614213197969543,0.0,2.5380710659898473,0.0,0.0,0.0,0.0,0.0,0.0,2.5380710659898473,104.06091370558376,63.451776649746186,2.5380710659898473,68.52791878172589,0.6051282051282051,4.725641025641026,0.0,2.5380710659898473,0.0,0.0,5.076142131979695,5.076142131979695,0.0,7.614213197969543,2.5380710659898473,0.0,0.0,27.918781725888326,0.0,2.5380710659898473,0.0,2.5380710659898473,0.0,0.0,2.5380710659898473,17.766497461928935,7.614213197969543,0.0,12.690355329949238
25331,82.29426433915212,9.975062344139651,0.0,12.468827930174564,12.468827930174564,0.0,0.0,14.962593516209475,37.406483790523694,0.0,9.975062344139651,0.0,17.456359102244388,24.93765586034913,7.481296758104738,219.45137157107231,22.443890274314214,0.0,34.912718204488776,0.0,0.0,0.0,0.0,19.950124688279303,2.493765586034913,2.493765586034913,2.493765586034913,0.0,12.468827930174564,0.0,0.0,0.0,0.0,0.0,0.0,0.0,0.0,2.493765586034913,114.713216957606,72.31920199501248,2.493765586034913,67.33167082294264,0.5639097744360902,5.160401002506266,0.0,7.481296758104738,2.493765586034913,2.493765586034913,14.962593516209475,2.493765586034913,4.987531172069826,4.987531172069826,0.0,4.987531172069826,0.0,19.950124688279303,4.987531172069826,4.987531172069826,0.0,0.0,0.0,0.0,9.975062344139651,7.481296758104738,4.987531172069826,0.0,12.468827930174564
255531,84.78802992518703,9.975062344139651,4.987531172069826,9.975062344139651,7.481296758104738,2.493765586034913,0.0,74.81296758104739,9.975062344139651,2.493765586034913,2.493765586034913,0.0,29.92518703241895,12.468827930174564,0.0,234.41396508728178,2.493765586034913,0.0,19.950124688279303,0.0,0.0,0.0,0.0,17.456359102244388,7.481296758104738,0.0,2.493765586034913,2.493765586034913,12.468827930174564,0.0,0.0,0.0,2.493765586034913,2.493765586034913,0.0,0.0,4.987531172069826,7.481296758104738,107.23192019950125,74.81296758104739,7.481296758104738,59.8503740648379,0.5933503836317136,4.634271099744246,0.0,4.987531172069826,2.493765586034913,0.0,2.493765586034913,2.493765586034913,2.493765586034913,4.987531172069826,0.0,4.987531172069826,4.987531172069826,7.481296758104738,2.493765586034913,4.987531172069826,12.468827930174564,0.0,0.0,0.0,0.0,0.0,4.987531172069826,0.0,9.975062344139651
257022,83.33333333333333,19.607843137254903,4.901960784313726,2.450980392156863,7.352941176470588,0.0,2.450980392156863,75.98039215686273,12.254901960784313,7.352941176470588,4.901960784313726,2.450980392156863,14.705882352941176,14.705882352941176,0.0,235.2941176470588,2.450980392156863,2.450980392156863,29.41176470588235,0.0,0.0,0.0,0.0,17.156862745098042,2.450980392156863,0.0,0.0,0.0,7.352941176470588,0.0,2.450980392156863,0.0,0.0,0.0,0.0,0.0,0.0,9.803921568627452,115.19607843137254,41.666666666666664,4.901960784313726,83.33333333333333,0.5945273631840796,4.629353233830845,2.450980392156863,2.450980392156863,0.0,0.0,9.803921568627452,0.0,7.352941176470588,2.450980392156863,0.0,4.901960784313726,4.901960784313726,9.803921568627452,0.0,2.450980392156863,2.450980392156863,0.0,0.0,0.0,7.352941176470588,4.901960784313726,2.450980392156863,0.0,7.352941176470588
260564,78.81773399014779,17.241379310344826,0.0,2.4630541871921183,4.926108374384237,0.0,0.0,86.20689655172414,9.852216748768473,0.0,2.4630541871921183,4.926108374384237,17.241379310344826,19.704433497536947,0.0,201.9704433497537,9.852216748768473,0.0,19.704433497536947,2.4630541871921183,0.0,0.0,0.0,19.704433497536947,0.0,2.4630541871921183,9.852216748768473,2.4630541871921183,4.926108374384237,0.0,4.926108374384237,0.0,0.0,0.0,0.0,0.0,9.852216748768473,12.315270935960593,103.44827586206897,56.65024630541872,4.926108374384237,61.576354679802954,0.5653266331658291,4.50251256281407,0.0,0.0,0.0,0.0,9.852216748768473,0.0,2.4630541871921183,7.389162561576354,0.0,4.926108374384237,0.0,9.852216748768473,2.4630541871921183,4.926108374384237,12.315270935960593,0.0,0.0,0.0,2.4630541871921183,7.389162561576354,12.315270935960593,2.4630541871921183,7.389162561576354
261814,84.5771144278607,0.0,0.0,4.975124378109452,2.487562189054726,0.0,0.0,64.67661691542288,14.925373134328359,0.0,0.0,0.0,9.950248756218905,24.875621890547265,2.487562189054726,253.7313432835821,7.462686567164179,0.0,9.950248756218905,0.0,7.462686567164179,0.0,0.0,9.950248756218905,7.462686567164179,0.0,4.975124378109452,2.487562189054726,4.975124378109452,2.487562189054726,0.0,0.0,0.0,0.0,0.0,0.0,2.487562189054726,12.437810945273633,134.32835820895522,82.08955223880596,2.487562189054726,52.23880597014925,0.575,4.78,0.0,4.975124378109452,0.0,0.0,2.487562189054726,0.0,4.975124378109452,2.487562189054726,0.0,0.0,4.975124378109452,24.875621890547265,4.975124378109452,2.487562189054726,2.487562189054726,0.0,0.0,0.0,0.0,17.412935323383085,4.975124378109452,0.0,12.437810945273633
262204,105.51558752997602,9.592326139088728,14.388489208633095,2.398081534772182,0.0,86.33093525179856,0.0,14.388489208633095,14.388489208633095,2.398081534772182,11.990407673860911,4.796163069544364,47.961630695443645,4.796163069544364,0.0,165.46762589928056,19.184652278177456,0.0,35.97122302158273,2.398081534772182,0.0,0.0,7.194244604316547,19.184652278177456,4.796163069544364,0.0,0.0,0.0,14.388489208633095,0.0,2.398081534772182,0.0,2.398081534772182,2.398081534772182,2.398081534772182,0.0,0.0,4.796163069544364,93.52517985611512,38.36930455635491,2.398081534772182,88.72901678657075,0.5878048780487805,4.339024390243902,0.0,4.796163069544364,2.398081534772182,0.0,7.194244604316547,0.0,7.194244604316547,4.796163069544364,4.796163069544364,7.194244604316547,7.194244604316547,9.592326139088728,2.398081534772182,2.398081534772182,11.990407673860911,0.0,0.0,0.0,2.398081534772182,2.398081534772182,16.786570743405274,2.398081534772182,9.592326139088728
263117,119.7007481296758,17.456359102244388,9.975062344139651,7.481296758104738,4.987531172069826,79.80049875311721,0.0,37.406483790523694,24.93765586034913,4.987531172069826,14.962593516209475,2.493765586034913,22.443890274314214,12.468827930174564,4.987531172069826,159.60099750623442,7.481296758104738,0.0,29.92518703241895,0.0,0.0,0.0,7.481296758104738,14.962593516209475,7.481296758104738,0.0,0.0,2.493765586034913,4.987531172069826,0.0,2.493765586034913,0.0,0.0,0.0,4.987531172069826,4.987531172069826,2.493765586034913,24.93765586034913,102.24438902743142,27.43142144638404,9.975062344139651,64.83790523690773,0.5658914728682171,4.268733850129199,0.0,0.0,0.0,0.0,4.987531172069826,0.0,4.987531172069826,4.987531172069826,4.987531172069826,7.481296758104738,2.493765586034913,14.962593516209475,7.481296758104738,7.481296758104738,29.92518703241895,0.0,0.0,0.0,2.493765586034913,9.975062344139651,22.443890274314214,0.0,19.950124688279303
26314,73.71007371007371,17.1990171990172,29.484029484029485,4.914004914004914,4.914004914004914,27.027027027027028,0.0,19.656019656019655,14.742014742014742,4.914004914004914,2.457002457002457,0.0,9.828009828009828,34.3980343980344,4.914004914004914,248.15724815724815,7.371007371007371,0.0,19.656019656019655,2.457002457002457,0.0,0.0,0.0,12.285012285012284,0.0,0.0,4.914004914004914,0.0,2.457002457002457,0.0,0.0,0.0,0.0,2.457002457002457,0.0,2.457002457002457,7.371007371007371,7.371007371007371,78.62407862407862,78.62407862407862,4.914004914004914,49.140049140049136,0.6363636363636364,4.9772727272727275,2.457002457002457,0.0,0.0,0.0,7.371007371007371,0.0,7.371007371007371,7.371007371007371,4.914004914004914,0.0,4.914004914004914,17.1990171990172,0.0,2.457002457002457,12.285012285012284,0.0,0.0,0.0,2.457002457002457,7.371007371007371,12.285012285012284,0.0,7.371007371007371
26339,57.64411027568922,2.506265664160401,40.100250626566414,5.012531328320802,0.0,5.012531328320802,0.0,50.125313283208015,5.012531328320802,0.0,0.0,0.0,22.55639097744361,17.543859649122805,12.531328320802004,203.00751879699246,7.518796992481203,2.506265664160401,40.100250626566414,0.0,0.0,0.0,0.0,7.518796992481203,0.0,0.0,0.0,2.506265664160401,12.531328320802004,0.0,5.012531328320802,0.0,0.0,0.0,0.0,2.506265664160401,0.0,2.506265664160401,127.81954887218045,95.23809523809523,0.0,60.150375939849624,0.6112531969309463,4.746803069053708,2.506265664160401,5.012531328320802,0.0,0.0,0.0,0.0,12.531328320802004,2.506265664160401,0.0,0.0,2.506265664160401,12.531328320802004,2.506265664160401,2.506265664160401,2.506265664160401,0.0,0.0,0.0,0.0,15.037593984962406,5.012531328320802,0.0,2.506265664160401
265057,85.3658536585366,12.195121951219512,0.0,2.4390243902439024,0.0,0.0,0.0,68.29268292682927,14.634146341463415,2.4390243902439024,2.4390243902439024,0.0,12.195121951219512,19.51219512195122,0.0,258.5365853658537,2.4390243902439024,0.0,31.70731707317073,4.878048780487805,0.0,0.0,0.0,17.073170731707318,7.317073170731708,0.0,2.4390243902439024,0.0,4.878048780487805,2.4390243902439024,2.4390243902439024,0.0,2.4390243902439024,0.0,0.0,0.0,0.0,7.317073170731708,121.95121951219512,90.24390243902438,2.4390243902439024,26.829268292682926,0.583743842364532,4.608374384236453,4.878048780487805,0.0,0.0,4.878048780487805,0.0,0.0,2.4390243902439024,0.0,0.0,0.0,0.0,9.75609756097561,0.0,2.4390243902439024,4.878048780487805,2.4390243902439024,2.4390243902439024,0.0,0.0,4.878048780487805,4.878048780487805,7.317073170731708,4.878048780487805
265073,88.51674641148325,23.923444976076556,9.569377990430622,7.177033492822967,14.354066985645934,64.5933014354067,0.0,7.177033492822967,4.784688995215311,4.784688995215311,0.0,0.0,11.961722488038278,7.177033492822967,2.3923444976076556,267.9425837320574,9.569377990430622,0.0,28.70813397129187,0.0,0.0,0.0,0.0,14.354066985645934,9.569377990430622,2.3923444976076556,0.0,0.0,4.784688995215311,0.0,0.0,0.0,0.0,0.0,0.0,0.0,2.3923444976076556,16.74641148325359,107.6555023923445,43.0622009569378,4.784688995215311,52.63157894736842,0.5917874396135265,4.647342995169082,2.3923444976076556,0.0,0.0,0.0,4.784688995215311,0.0,4.784688995215311,2.3923444976076556,0.0,7.177033492822967,2.3923444976076556,14.354066985645934,0.0,2.3923444976076556,9.569377990430622,0.0,0.0,0.0,4.784688995215311,4.784688995215311,9.569377990430622,0.0,9.569377990430622
266104,71.94244604316546,7.194244604316547,28.77697841726619,0.0,0.0,81.5347721822542,14.388489208633095,31.17505995203837,14.388489208633095,2.398081534772182,7.194244604316547,4.796163069544364,14.388489208633095,7.194244604316547,0.0,208.63309352517987,2.398081534772182,0.0,35.97122302158273,0.0,0.0,0.0,4.796163069544364,23.980815347721823,7.194244604316547,0.0,2.398081534772182,0.0,0.0,0.0,0.0,0.0,0.0,0.0,2.398081534772182,2.398081534772182,0.0,9.592326139088728,67.1462829736211,45.563549160671464,11.990407673860911,71.94244604316546,0.5960591133004927,4.433497536945813,2.398081534772182,4.796163069544364,0.0,4.796163069544364,16.786570743405274,2.398081534772182,11.990407673860911,9.592326139088728,0.0,9.592326139088728,7.194244604316547,19.184652278177456,0.0,0.0,26.378896882494004,0.0,0.0,2.398081534772182,7.194244604316547,2.398081534772182,19.184652278177456,0.0,4.796163069544364
267732,84.33734939759036,16.867469879518072,2.4096385542168677,4.819277108433735,0.0,40.96385542168675,16.867469879518072,26.50602409638554,12.048192771084338,0.0,9.63855421686747,0.0,26.50602409638554,26.50602409638554,0.0,228.9156626506024,7.228915662650603,0.0,28.91566265060241,2.4096385542168677,0.0,0.0,2.4096385542168677,14.457831325301205,0.0,0.0,4.819277108433735,0.0,9.63855421686747,2.4096385542168677,2.4096385542168677,0.0,0.0,0.0,0.0,0.0,0.0,7.228915662650603,101.20481927710844,50.60240963855422,2.4096385542168677,48.19277108433735,0.5745721271393643,4.47921760391198,2.4096385542168677,0.0,0.0,4.819277108433735,4.819277108433735,0.0,2.4096385542168677,19.27710843373494,0.0,0.0,2.4096385542168677,9.63855421686747,0.0,2.4096385542168677,4.819277108433735,0.0,0.0,0.0,0.0,14.457831325301205,4.819277108433735,4.819277108433735,0.0
272764,69.377990430622,11.961722488038278,2.3923444976076556,4.784688995215311,2.3923444976076556,50.239234449760765,0.0,26.31578947368421,7.177033492822967,0.0,0.0,0.0,11.961722488038278,28.70813397129187,0.0,239.23444976076556,4.784688995215311,0.0,19.138755980861244,7.177033492822967,0.0,0.0,0.0,11.961722488038278,2.3923444976076556,0.0,4.784688995215311,2.3923444976076556,7.177033492822967,0.0,2.3923444976076556,0.0,0.0,0.0,0.0,0.0,0.0,4.784688995215311,133.9712918660287,45.45454545454545,0.0,59.80861244019139,0.5849514563106796,4.587378640776699,7.177033492822967,2.3923444976076556,0.0,0.0,4.784688995215311,0.0,4.784688995215311,4.784688995215311,0.0,4.784688995215311,9.569377990430622,16.74641148325359,7.177033492822967,0.0,7.177033492822967,2.3923444976076556,0.0,2.3923444976076556,4.784688995215311,4.784688995215311,11.961722488038278,4.784688995215311,0.0
273561,102.68948655256723,12.224938875305625,0.0,4.88997555012225,12.224938875305625,2.444987775061125,0.0,26.89486552567237,17.114914425427873,2.444987775061125,2.444987775061125,0.0,34.229828850855746,14.669926650366747,0.0,246.9437652811736,14.669926650366747,4.88997555012225,34.229828850855746,4.88997555012225,0.0,0.0,0.0,2.444987775061125,7.334963325183374,2.444987775061125,9.7799511002445,0.0,7.334963325183374,0.0,0.0,0.0,0.0,2.444987775061125,0.0,0.0,2.444987775061125,7.334963325183374,97.799511002445,88.0195599022005,9.7799511002445,63.56968215158924,0.581453634085213,4.824561403508772,2.444987775061125,4.88997555012225,0.0,0.0,4.88997555012225,2.444987775061125,9.7799511002445,2.444987775061125,0.0,0.0,4.88997555012225,19.559902200489,0.0,2.444987775061125,2.444987775061125,0.0,0.0,0.0,2.444987775061125,2.444987775061125,9.7799511002445,2.444987775061125,2.444987775061125
274076,90.9090909090909,7.177033492822967,7.177033492822967,11.961722488038278,4.784688995215311,4.784688995215311,0.0,31.10047846889952,26.31578947368421,4.784688995215311,4.784688995215311,0.0,7.177033492822967,21.5311004784689,9.569377990430622,222.48803827751195,2.3923444976076556,0.0,38.27751196172249,2.3923444976076556,0.0,0.0,0.0,4.784688995215311,7.177033492822967,0.0,2.3923444976076556,0.0,0.0,0.0,0.0,0.0,0.0,0.0,0.0,0.0,0.0,14.354066985645934,93.30143540669856,98.08612440191388,9.569377990430622,71.77033492822966,0.6101694915254238,4.835351089588378,2.3923444976076556,7.177033492822967,2.3923444976076556,2.3923444976076556,2.3923444976076556,0.0,7.177033492822967,4.784688995215311,0.0,0.0,4.784688995215311,11.961722488038278,2.3923444976076556,0.0,4.784688995215311,0.0,0.0,0.0,0.0,9.569377990430622,7.177033492822967,4.784688995215311,2.3923444976076556
274185,91.54929577464789,4.694835680751174,0.0,16.431924882629108,0.0,0.0,0.0,53.990610328638496,11.737089201877934,7.042253521126761,0.0,0.0,28.169014084507044,21.12676056338028,2.347417840375587,248.82629107981222,7.042253521126761,2.347417840375587,35.21126760563381,2.347417840375587,2.347417840375587,2.347417840375587,0.0,9.389671361502348,4.694835680751174,0.0,2.347417840375587,0.0,11.737089201877934,0.0,7.042253521126761,0.0,0.0,0.0,0.0,0.0,0.0,7.042253521126761,138.49765258215962,61.032863849765256,4.694835680751174,63.38028169014084,0.5296912114014252,4.5178147268408555,2.347417840375587,7.042253521126761,0.0,4.694835680751174,14.084507042253522,0.0,4.694835680751174,16.431924882629108,0.0,2.347417840375587,0.0,7.042253521126761,0.0,2.347417840375587,0.0,0.0,0.0,0.0,0.0,9.389671361502348,16.431924882629108,4.694835680751174,9.389671361502348
274231,84.11214953271028,7.009345794392523,0.0,0.0,7.009345794392523,44.39252336448598,0.0,30.373831775700936,4.672897196261682,0.0,4.672897196261682,0.0,14.018691588785046,16.355140186915886,7.009345794392523,257.0093457943925,7.009345794392523,2.336448598130841,11.682242990654204,0.0,0.0,0.0,0.0,11.682242990654204,2.336448598130841,2.336448598130841,11.682242990654204,4.672897196261682,7.009345794392523,0.0,2.336448598130841,0.0,0.0,0.0,2.336448598130841,0.0,0.0,9.345794392523365,109.81308411214953,88.78504672897196,0.0,49.06542056074766,0.5829383886255924,4.609004739336493,2.336448598130841,2.336448598130841,0.0,2.336448598130841,2.336448598130841,0.0,7.009345794392523,7.009345794392523,0.0,7.009345794392523,0.0,21.02803738317757,2.336448598130841,2.336448598130841,2.336448598130841,0.0,0.0,0.0,4.672897196261682,2.336448598130841,11.682242990654204,0.0,2.336448598130841
274544,106.96517412935323,19.90049751243781,0.0,4.975124378109452,0.0,42.28855721393035,0.0,34.82587064676617,14.925373134328359,9.950248756218905,0.0,0.0,22.388059701492537,9.950248756218905,4.975124378109452,221.39303482587064,4.975124378109452,0.0,37.31343283582089,0.0,0.0,0.0,0.0,19.90049751243781,4.975124378109452,0.0,4.975124378109452,4.975124378109452,9.950248756218905,0.0,4.975124378109452,0.0,0.0,0.0,0.0,0.0,0.0,2.487562189054726,99.50248756218906,54.72636815920398,9.950248756218905,52.23880597014925,0.5839598997493735,4.486215538847118,0.0,7.462686567164179,0.0,2.487562189054726,9.950248756218905,0.0,7.462686567164179,2.487562189054726,0.0,2.487562189054726,2.487562189054726,17.412935323383085,4.975124378109452,9.950248756218905,2.487562189054726,0.0,2.487562189054726,0.0,7.462686567164179,4.975124378109452,12.437810945273633,4.975124378109452,2.487562189054726
276071,102.4390243902439,21.95121951219512,4.878048780487805,9.75609756097561,7.317073170731708,4.878048780487805,0.0,48.78048780487805,31.70731707317073,2.4390243902439024,17.073170731707318,0.0,21.95121951219512,19.51219512195122,7.317073170731708,212.1951219512195,7.317073170731708,0.0,34.146341463414636,2.4390243902439024,0.0,0.0,0.0,9.75609756097561,9.75609756097561,0.0,2.4390243902439024,0.0,12.195121951219512,0.0,0.0,0.0,0.0,0.0,0.0,0.0,0.0,7.317073170731708,100.0,24.390243902439025,7.317073170731708,87.80487804878048,0.5563725490196079,4.480392156862745,0.0,0.0,2.4390243902439024,2.4390243902439024,21.95121951219512,0.0,7.317073170731708,2.4390243902439024,0.0,4.878048780487805,9.75609756097561,29.26829268292683,0.0,2.4390243902439024,4.878048780487805,0.0,0.0,0.0,7.317073170731708,14.634146341463415,14.634146341463415,0.0,4.878048780487805
277623,83.95061728395062,4.938271604938271,2.4691358024691357,2.4691358024691357,4.938271604938271,71.60493827160494,4.938271604938271,2.4691358024691357,14.814814814814815,2.4691358024691357,12.345679012345679,2.4691358024691357,24.691358024691358,9.876543209876543,0.0,241.97530864197532,2.4691358024691357,0.0,17.28395061728395,0.0,0.0,0.0,2.4691358024691357,14.814814814814815,0.0,2.4691358024691357,7.407407407407407,2.4691358024691357,4.938271604938271,2.4691358024691357,0.0,0.0,0.0,0.0,0.0,0.0,0.0,4.938271604938271,113.58024691358025,44.44444444444444,0.0,79.01234567901234,0.5914786967418546,4.428571428571429,0.0,0.0,0.0,7.407407407407407,0.0,2.4691358024691357,4.938271604938271,4.938271604938271,0.0,4.938271604938271,4.938271604938271,9.876543209876543,2.4691358024691357,2.4691358024691357,7.407407407407407,0.0,0.0,0.0,4.938271604938271,9.876543209876543,2.4691358024691357,0.0,12.345679012345679
278615,95.35452322738386,4.88997555012225,12.224938875305625,7.334963325183374,2.444987775061125,12.224938875305625,19.559902200489,88.0195599022005,9.7799511002445,4.88997555012225,0.0,2.444987775061125,9.7799511002445,7.334963325183374,0.0,229.8288508557457,4.88997555012225,2.444987775061125,24.44987775061125,0.0,0.0,0.0,0.0,24.44987775061125,2.444987775061125,2.444987775061125,0.0,0.0,0.0,0.0,2.444987775061125,0.0,0.0,0.0,0.0,0.0,0.0,7.334963325183374,85.57457212713938,46.45476772616137,9.7799511002445,63.56968215158924,0.5862068965517241,4.386699507389163,4.88997555012225,2.444987775061125,2.444987775061125,0.0,4.88997555012225,0.0,4.88997555012225,7.334963325183374,2.444987775061125,2.444987775061125,0.0,9.7799511002445,4.88997555012225,0.0,0.0,0.0,0.0,0.0,2.444987775061125,9.7799511002445,9.7799511002445,4.88997555012225,4.88997555012225
279065,0.0,2.3809523809523814,114.28571428571428,2.3809523809523814,4.761904761904763,40.47619047619048,9.523809523809526,42.857142857142854,11.904761904761903,2.3809523809523814,19.04761904761905,0.0,26.19047619047619,26.19047619047619,4.761904761904763,190.47619047619045,7.142857142857142,0.0,28.57142857142857,2.3809523809523814,0.0,0.0,0.0,7.142857142857142,0.0,4.761904761904763,4.761904761904763,0.0,4.761904761904763,0.0,9.523809523809526,0.0,0.0,0.0,0.0,2.3809523809523814,2.3809523809523814,11.904761904761903,92.85714285714286,61.904761904761905,0.0,88.0952380952381,0.5925925925925926,4.558024691358025,0.0,0.0,4.761904761904763,2.3809523809523814,16.666666666666668,2.3809523809523814,7.142857142857142,0.0,2.3809523809523814,4.761904761904763,9.523809523809526,26.19047619047619,2.3809523809523814,2.3809523809523814,28.57142857142857,0.0,0.0,0.0,0.0,7.142857142857142,14.285714285714285,4.761904761904763,11.904761904761903
280078,103.61445783132531,14.457831325301205,4.819277108433735,7.228915662650603,4.819277108433735,55.42168674698795,2.4096385542168677,16.867469879518072,14.457831325301205,2.4096385542168677,4.819277108433735,2.4096385542168677,12.048192771084338,14.457831325301205,7.228915662650603,214.4578313253012,16.867469879518072,0.0,48.19277108433735,7.228915662650603,0.0,0.0,0.0,19.27710843373494,4.819277108433735,0.0,4.819277108433735,0.0,7.228915662650603,0.0,4.819277108433735,0.0,0.0,0.0,0.0,0.0,0.0,14.457831325301205,91.56626506024097,60.24096385542169,21.686746987951807,43.373493975903614,0.5617433414043583,4.4358353510895885,0.0,9.63855421686747,0.0,0.0,2.4096385542168677,0.0,2.4096385542168677,0.0,0.0,2.4096385542168677,4.819277108433735,7.228915662650603,4.819277108433735,12.048192771084338,4.819277108433735,0.0,0.0,0.0,0.0,4.819277108433735,12.048192771084338,0.0,2.4096385542168677
282075,89.77556109725685,7.481296758104738,0.0,0.0,2.493765586034913,64.83790523690773,0.0,4.987531172069826,24.93765586034913,0.0,12.468827930174564,2.493765586034913,14.962593516209475,27.43142144638404,0.0,197.0074812967581,7.481296758104738,0.0,27.43142144638404,2.493765586034913,0.0,0.0,0.0,27.43142144638404,2.493765586034913,0.0,0.0,0.0,4.987531172069826,0.0,0.0,0.0,0.0,0.0,0.0,0.0,2.493765586034913,14.962593516209475,99.75062344139651,39.900249376558605,9.975062344139651,67.33167082294264,0.5415617128463476,4.516372795969773,7.481296758104738,0.0,0.0,0.0,4.987531172069826,0.0,7.481296758104738,12.468827930174564,2.493765586034913,0.0,0.0,12.468827930174564,2.493765586034913,4.987531172069826,7.481296758104738,0.0,0.0,0.0,0.0,12.468827930174564,7.481296758104738,0.0,7.481296758104738
282381,83.95061728395062,9.876543209876543,4.938271604938271,7.407407407407407,4.938271604938271,0.0,4.938271604938271,88.88888888888889,7.407407407407407,7.407407407407407,4.938271604938271,0.0,22.22222222222222,24.691358024691358,2.4691358024691357,224.69135802469137,2.4691358024691357,0.0,12.345679012345679,0.0,0.0,0.0,0.0,14.814814814814815,0.0,2.4691358024691357,0.0,4.938271604938271,9.876543209876543,0.0,2.4691358024691357,0.0,0.0,0.0,0.0,0.0,2.4691358024691357,14.814814814814815,125.92592592592591,49.382716049382715,2.4691358024691357,51.85185185185185,0.5732323232323232,4.555555555555555,2.4691358024691357,0.0,0.0,2.4691358024691357,2.4691358024691357,0.0,4.938271604938271,2.4691358024691357,0.0,7.407407407407407,0.0,14.814814814814815,0.0,4.938271604938271,9.876543209876543,2.4691358024691357,0.0,0.0,4.938271604938271,7.407407407407407,9.876543209876543,0.0,7.407407407407407
285242,72.28915662650603,9.63855421686747,19.27710843373494,7.228915662650603,7.228915662650603,43.373493975903614,7.228915662650603,19.27710843373494,16.867469879518072,7.228915662650603,0.0,0.0,12.048192771084338,19.27710843373494,0.0,195.18072289156626,7.228915662650603,0.0,26.50602409638554,0.0,0.0,0.0,0.0,14.457831325301205,9.63855421686747,0.0,9.63855421686747,0.0,2.4096385542168677,0.0,2.4096385542168677,0.0,0.0,0.0,0.0,0.0,0.0,9.63855421686747,115.66265060240964,60.24096385542169,4.819277108433735,89.1566265060241,0.6265356265356266,4.27027027027027,0.0,7.228915662650603,0.0,0.0,7.228915662650603,0.0,0.0,14.457831325301205,0.0,2.4096385542168677,12.048192771084338,14.457831325301205,4.819277108433735,4.819277108433735,14.457831325301205,0.0,0.0,0.0,7.228915662650603,7.228915662650603,14.457831325301205,2.4096385542168677,12.048192771084338
285494,95.82309582309583,9.828009828009828,4.914004914004914,7.371007371007371,9.828009828009828,98.28009828009827,0.0,2.457002457002457,12.285012285012284,0.0,2.457002457002457,0.0,19.656019656019655,7.371007371007371,0.0,240.78624078624077,0.0,0.0,14.742014742014742,0.0,0.0,0.0,0.0,19.656019656019655,9.828009828009828,0.0,2.457002457002457,2.457002457002457,7.371007371007371,0.0,4.914004914004914,0.0,0.0,0.0,0.0,0.0,2.457002457002457,14.742014742014742,90.9090909090909,46.68304668304668,2.457002457002457,68.7960687960688,0.585427135678392,4.432160804020101,2.457002457002457,2.457002457002457,0.0,0.0,2.457002457002457,2.457002457002457,0.0,7.371007371007371,0.0,2.457002457002457,0.0,31.94103194103194,2.457002457002457,0.0,4.914004914004914,2.457002457002457,0.0,0.0,4.914004914004914,4.914004914004914,7.371007371007371,0.0,7.371007371007371
289695,83.33333333333333,14.705882352941176,0.0,4.901960784313726,0.0,0.0,0.0,36.76470588235294,9.803921568627452,0.0,7.352941176470588,0.0,24.509803921568626,22.058823529411764,2.450980392156863,254.9019607843137,0.0,0.0,41.666666666666664,2.450980392156863,2.450980392156863,0.0,0.0,14.705882352941176,7.352941176470588,2.450980392156863,12.254901960784313,2.450980392156863,9.803921568627452,0.0,7.352941176470588,0.0,0.0,0.0,0.0,0.0,0.0,4.901960784313726,93.13725490196079,53.92156862745098,7.352941176470588,46.568627450980394,0.5979381443298969,4.90979381443299,0.0,4.901960784313726,0.0,4.901960784313726,4.901960784313726,0.0,0.0,7.352941176470588,0.0,4.901960784313726,2.450980392156863,9.803921568627452,2.450980392156863,2.450980392156863,4.901960784313726,0.0,0.0,0.0,12.254901960784313,12.254901960784313,17.156862745098042,2.450980392156863,2.450980392156863
291435,90.46454767726162,12.224938875305625,0.0,2.444987775061125,4.88997555012225,0.0,0.0,2.444987775061125,14.669926650366747,4.88997555012225,0.0,2.444987775061125,22.004889975550125,36.674816625916876,0.0,232.27383863080684,17.114914425427873,4.88997555012225,31.78484107579462,2.444987775061125,7.334963325183374,0.0,0.0,17.114914425427873,0.0,0.0,0.0,0.0,2.444987775061125,0.0,4.88997555012225,0.0,2.444987775061125,0.0,0.0,2.444987775061125,0.0,4.88997555012225,112.46943765281173,53.78973105134474,9.7799511002445,73.34963325183375,0.5891089108910891,5.047029702970297,0.0,0.0,0.0,2.444987775061125,9.7799511002445,0.0,7.334963325183374,2.444987775061125,0.0,2.444987775061125,7.334963325183374,22.004889975550125,0.0,2.444987775061125,4.88997555012225,0.0,0.0,0.0,4.88997555012225,7.334963325183374,2.444987775061125,2.444987775061125,9.7799511002445
291613,98.28009828009827,4.914004914004914,17.1990171990172,7.371007371007371,7.371007371007371,81.08108108108108,22.11302211302211,0.0,36.85503685503686,4.914004914004914,0.0,0.0,12.285012285012284,19.656019656019655,0.0,186.73218673218673,2.457002457002457,2.457002457002457,22.11302211302211,2.457002457002457,0.0,0.0,0.0,12.285012285012284,4.914004914004914,0.0,14.742014742014742,0.0,2.457002457002457,0.0,2.457002457002457,2.457002457002457,0.0,0.0,0.0,0.0,2.457002457002457,4.914004914004914,76.16707616707617,49.140049140049136,4.914004914004914,76.16707616707617,0.5841836734693877,4.395408163265306,2.457002457002457,0.0,2.457002457002457,0.0,0.0,2.457002457002457,0.0,9.828009828009828,2.457002457002457,7.371007371007371,2.457002457002457,39.31203931203931,0.0,4.914004914004914,14.742014742014742,0.0,0.0,0.0,2.457002457002457,4.914004914004914,7.371007371007371,12.285012285012284,12.285012285012284
292180,82.70676691729322,20.050125313283207,15.037593984962406,20.050125313283207,0.0,67.66917293233082,2.506265664160401,27.56892230576441,7.518796992481203,2.506265664160401,0.0,0.0,22.55639097744361,20.050125313283207,7.518796992481203,210.52631578947367,5.012531328320802,2.506265664160401,30.075187969924812,0.0,5.012531328320802,0.0,0.0,15.037593984962406,2.506265664160401,0.0,2.506265664160401,0.0,12.531328320802004,2.506265664160401,2.506265664160401,0.0,0.0,0.0,0.0,0.0,0.0,5.012531328320802,105.26315789473684,65.16290726817043,5.012531328320802,75.18796992481202,0.5372750642673522,4.426735218508997,0.0,15.037593984962406,0.0,0.0,7.518796992481203,0.0,7.518796992481203,2.506265664160401,0.0,5.012531328320802,2.506265664160401,27.56892230576441,5.012531328320802,0.0,15.037593984962406,0.0,2.506265664160401,0.0,7.518796992481203,10.025062656641603,5.012531328320802,0.0,5.012531328320802
295281,105.13447432762835,4.88997555012225,9.7799511002445,2.444987775061125,7.334963325183374,22.004889975550125,2.444987775061125,9.7799511002445,24.44987775061125,2.444987775061125,4.88997555012225,0.0,24.44987775061125,7.334963325183374,0.0,239.6088019559902,4.88997555012225,0.0,26.89486552567237,0.0,4.88997555012225,0.0,4.88997555012225,9.7799511002445,0.0,0.0,2.444987775061125,2.444987775061125,4.88997555012225,0.0,2.444987775061125,0.0,0.0,0.0,0.0,2.444987775061125,0.0,17.114914425427873,102.68948655256723,70.90464547677261,7.334963325183374,70.90464547677261,0.6144278606965174,5.059701492537314,0.0,0.0,0.0,2.444987775061125,2.444987775061125,0.0,2.444987775061125,0.0,0.0,4.88997555012225,12.224938875305625,14.669926650366747,7.334963325183374,0.0,9.7799511002445,0.0,0.0,0.0,2.444987775061125,14.669926650366747,7.334963325183374,2.444987775061125,4.88997555012225
295432,107.39856801909308,14.319809069212411,0.0,11.933174224343675,7.159904534606206,83.53221957040573,0.0,4.773269689737471,31.026252983293556,4.773269689737471,0.0,2.3866348448687353,7.159904534606206,7.159904534606206,2.3866348448687353,221.95704057279235,4.773269689737471,0.0,35.79952267303103,0.0,0.0,0.0,2.3866348448687353,14.319809069212411,4.773269689737471,4.773269689737471,0.0,0.0,4.773269689737471,0.0,0.0,0.0,0.0,0.0,0.0,2.3866348448687353,0.0,19.093078758949883,97.85202863961814,71.59904534606206,4.773269689737471,69.21241050119332,0.559322033898305,4.380145278450363,0.0,2.3866348448687353,0.0,0.0,9.546539379474941,2.3866348448687353,2.3866348448687353,0.0,0.0,0.0,4.773269689737471,16.706443914081145,4.773269689737471,2.3866348448687353,2.3866348448687353,0.0,0.0,0.0,2.3866348448687353,7.159904534606206,14.319809069212411,0.0,4.773269689737471
297830,86.33093525179856,7.194244604316547,2.398081534772182,0.0,0.0,0.0,0.0,57.55395683453238,11.990407673860911,2.398081534772182,2.398081534772182,0.0,19.184652278177456,26.378896882494004,2.398081534772182,225.4196642685851,4.796163069544364,0.0,33.57314148681055,2.398081534772182,0.0,0.0,0.0,11.990407673860911,4.796163069544364,4.796163069544364,2.398081534772182,0.0,7.194244604316547,0.0,2.398081534772182,0.0,0.0,0.0,0.0,0.0,2.398081534772182,11.990407673860911,131.89448441247004,62.35011990407674,2.398081534772182,47.961630695443645,0.5491606714628298,4.5875299760191846,4.796163069544364,2.398081534772182,0.0,2.398081534772182,4.796163069544364,0.0,0.0,4.796163069544364,0.0,0.0,2.398081534772182,33.57314148681055,0.0,0.0,0.0,2.398081534772182,0.0,0.0,2.398081534772182,9.592326139088728,7.194244604316547,2.398081534772182,9.592326139088728
298790,81.4814814814815,2.4691358024691357,4.938271604938271,9.876543209876543,4.938271604938271,59.25925925925926,0.0,32.098765432098766,7.407407407407407,0.0,7.407407407407407,0.0,14.814814814814815,12.345679012345679,2.4691358024691357,234.5679012345679,2.4691358024691357,0.0,19.753086419753085,0.0,0.0,0.0,0.0,9.876543209876543,2.4691358024691357,0.0,0.0,2.4691358024691357,2.4691358024691357,0.0,0.0,0.0,0.0,0.0,0.0,0.0,0.0,2.4691358024691357,108.64197530864197,56.79012345679013,2.4691358024691357,93.82716049382717,0.6408977556109726,4.528678304239402,2.4691358024691357,0.0,0.0,0.0,14.814814814814815,0.0,0.0,4.938271604938271,0.0,2.4691358024691357,4.938271604938271,12.345679012345679,2.4691358024691357,2.4691358024691357,7.407407407407407,0.0,0.0,0.0,4.938271604938271,19.753086419753085,7.407407407407407,2.4691358024691357,4.938271604938271
299032,92.5,10.0,0.0,12.5,5.0,0.0,2.5,42.5,27.5,0.0,10.0,2.5,25.0,17.5,0.0,260.0,5.0,0.0,30.0,2.5,0.0,0.0,0.0,10.0,2.5,2.5,0.0,0.0,12.5,0.0,5.0,0.0,0.0,0.0,0.0,2.5,2.5,5.0,122.5,60.0,7.5,60.0,0.583756345177665,4.644670050761421,5.0,5.0,0.0,0.0,15.0,0.0,0.0,2.5,0.0,0.0,0.0,15.0,7.5,0.0,7.5,0.0,2.5,0.0,2.5,10.0,7.5,0.0,10.0
299902,92.45742092457421,7.299270072992701,2.4330900243309004,7.299270072992701,7.299270072992701,51.09489051094891,0.0,21.897810218978105,2.4330900243309004,2.4330900243309004,2.4330900243309004,2.4330900243309004,36.4963503649635,29.197080291970803,2.4330900243309004,189.7810218978102,4.866180048661801,0.0,24.330900243309003,2.4330900243309004,0.0,0.0,0.0,9.732360097323602,7.299270072992701,0.0,0.0,0.0,19.464720194647203,2.4330900243309004,2.4330900243309004,0.0,0.0,0.0,0.0,0.0,2.4330900243309004,14.598540145985401,116.78832116788321,48.661800486618006,4.866180048661801,82.7250608272506,0.5767326732673267,4.670792079207921,0.0,4.866180048661801,0.0,2.4330900243309004,4.866180048661801,2.4330900243309004,2.4330900243309004,0.0,0.0,0.0,7.299270072992701,19.464720194647203,0.0,2.4330900243309004,9.732360097323602,0.0,2.4330900243309004,0.0,0.0,7.299270072992701,14.598540145985401,0.0,4.866180048661801
301824,5.025125628140704,2.512562814070352,82.91457286432161,10.050251256281408,2.512562814070352,42.713567839195974,0.0,10.050251256281408,7.537688442211055,0.0,0.0,0.0,15.07537688442211,10.050251256281408,0.0,268.84422110552765,2.512562814070352,0.0,10.050251256281408,0.0,0.0,0.0,0.0,10.050251256281408,5.025125628140704,0.0,0.0,7.537688442211055,10.050251256281408,0.0,0.0,0.0,0.0,5.025125628140704,0.0,0.0,2.512562814070352,5.025125628140704,110.55276381909549,65.32663316582915,7.537688442211055,67.8391959798995,0.6641221374045801,4.783715012722646,5.025125628140704,0.0,0.0,5.025125628140704,5.025125628140704,2.512562814070352,5.025125628140704,2.512562814070352,0.0,0.0,0.0,17.587939698492463,5.025125628140704,2.512562814070352,5.025125628140704,5.025125628140704,0.0,0.0,0.0,7.537688442211055,7.537688442211055,2.512562814070352,5.025125628140704
31261,84.15841584158416,7.425742574257425,4.9504950495049505,14.85148514851485,0.0,2.4752475247524752,2.4752475247524752,71.78217821782178,2.4752475247524752,2.4752475247524752,2.4752475247524752,0.0,24.752475247524753,17.32673267326733,4.9504950495049505,230.1980198019802,4.9504950495049505,2.4752475247524752,24.752475247524753,2.4752475247524752,4.9504950495049505,0.0,0.0,22.277227722772277,2.4752475247524752,2.4752475247524752,0.0,0.0,7.425742574257425,0.0,4.9504950495049505,0.0,0.0,0.0,0.0,0.0,7.425742574257425,7.425742574257425,113.86138613861387,49.504950495049506,4.9504950495049505,76.73267326732673,0.5516372795969773,4.682619647355164,2.4752475247524752,0.0,0.0,0.0,4.9504950495049505,0.0,0.0,9.900990099009901,0.0,0.0,0.0,27.22772277227723,0.0,4.9504950495049505,9.900990099009901,0.0,2.4752475247524752,0.0,2.4752475247524752,12.376237623762377,4.9504950495049505,0.0,12.376237623762377
31951,65.9090909090909,6.8181818181818175,2.2727272727272725,11.363636363636363,6.8181818181818175,4.545454545454545,0.0,38.63636363636363,6.8181818181818175,6.8181818181818175,11.363636363636363,6.8181818181818175,6.8181818181818175,15.909090909090908,2.2727272727272725,238.63636363636365,2.2727272727272725,0.0,18.18181818181818,0.0,0.0,0.0,0.0,9.09090909090909,6.8181818181818175,2.2727272727272725,11.363636363636363,2.2727272727272725,2.2727272727272725,0.0,2.2727272727272725,0.0,0.0,2.2727272727272725,0.0,0.0,4.545454545454545,13.636363636363635,120.45454545454545,59.090909090909086,2.2727272727272725,86.36363636363636,0.6484018264840182,4.6118721461187215,0.0,4.545454545454545,6.8181818181818175,0.0,13.636363636363635,2.2727272727272725,2.2727272727272725,0.0,2.2727272727272725,0.0,0.0,9.09090909090909,2.2727272727272725,0.0,2.2727272727272725,0.0,0.0,0.0,2.2727272727272725,4.545454545454545,4.545454545454545,9.09090909090909,2.2727272727272725
36188,80.88235294117648,14.705882352941176,2.450980392156863,2.450980392156863,4.901960784313726,7.352941176470588,4.901960784313726,31.862745098039213,26.96078431372549,4.901960784313726,2.450980392156863,0.0,22.058823529411764,29.41176470588235,7.352941176470588,220.58823529411765,14.705882352941176,0.0,31.862745098039213,0.0,2.450980392156863,0.0,0.0,22.058823529411764,4.901960784313726,2.450980392156863,0.0,0.0,12.254901960784313,0.0,2.450980392156863,0.0,0.0,0.0,0.0,0.0,0.0,2.450980392156863,100.49019607843138,71.07843137254902,4.901960784313726,63.725490196078425,0.5594059405940595,4.834158415841584,2.450980392156863,0.0,0.0,7.352941176470588,2.450980392156863,0.0,12.254901960784313,0.0,0.0,0.0,2.450980392156863,24.509803921568626,7.352941176470588,2.450980392156863,2.450980392156863,0.0,0.0,4.901960784313726,9.803921568627452,17.156862745098042,2.450980392156863,0.0,2.450980392156863
36866,98.28009828009827,22.11302211302211,12.285012285012284,9.828009828009828,0.0,51.597051597051596,0.0,34.3980343980344,24.570024570024568,4.914004914004914,9.828009828009828,0.0,4.914004914004914,22.11302211302211,0.0,179.36117936117938,7.371007371007371,0.0,51.597051597051596,2.457002457002457,0.0,0.0,2.457002457002457,22.11302211302211,0.0,0.0,4.914004914004914,2.457002457002457,0.0,0.0,0.0,0.0,0.0,0.0,0.0,0.0,4.914004914004914,4.914004914004914,85.995085995086,54.054054054054056,12.285012285012284,78.62407862407862,0.5954773869346733,4.736180904522613,0.0,7.371007371007371,2.457002457002457,2.457002457002457,24.570024570024568,2.457002457002457,0.0,4.914004914004914,0.0,0.0,2.457002457002457,19.656019656019655,0.0,0.0,17.1990171990172,0.0,2.457002457002457,0.0,4.914004914004914,4.914004914004914,7.371007371007371,0.0,19.656019656019655
3835,105.3921568627451,4.901960784313726,0.0,2.450980392156863,2.450980392156863,39.21568627450981,2.450980392156863,7.352941176470588,29.41176470588235,2.450980392156863,7.352941176470588,0.0,9.803921568627452,17.156862745098042,2.450980392156863,205.88235294117646,2.450980392156863,0.0,24.509803921568626,0.0,0.0,0.0,0.0,14.705882352941176,0.0,0.0,0.0,0.0,4.901960784313726,0.0,0.0,0.0,0.0,0.0,0.0,0.0,0.0,0.0,71.07843137254902,71.07843137254902,9.803921568627452,88.23529411764706,0.5920398009950248,4.614427860696518,0.0,0.0,4.901960784313726,2.450980392156863,24.509803921568626,2.450980392156863,9.803921568627452,4.901960784313726,0.0,4.901960784313726,7.352941176470588,17.156862745098042,4.901960784313726,2.450980392156863,9.803921568627452,0.0,0.0,0.0,7.352941176470588,9.803921568627452,17.156862745098042,4.901960784313726,7.352941176470588
40088,81.88585607940446,17.3697270471464,2.4813895781637716,17.3697270471464,12.40694789081886,71.96029776674938,0.0,14.88833746898263,12.40694789081886,0.0,2.4813895781637716,0.0,14.88833746898263,37.220843672456574,9.925558312655086,205.95533498759306,2.4813895781637716,2.4813895781637716,24.81389578163772,0.0,2.4813895781637716,0.0,0.0,7.444168734491315,4.962779156327543,0.0,0.0,2.4813895781637716,12.40694789081886,0.0,2.4813895781637716,0.0,0.0,0.0,0.0,0.0,0.0,7.444168734491315,129.03225806451613,62.03473945409429,7.444168734491315,62.03473945409429,0.5511221945137157,4.685785536159601,0.0,0.0,0.0,0.0,4.962779156327543,2.4813895781637716,2.4813895781637716,4.962779156327543,0.0,0.0,4.962779156327543,22.332506203473944,2.4813895781637716,2.4813895781637716,4.962779156327543,0.0,2.4813895781637716,0.0,0.0,14.88833746898263,14.88833746898263,2.4813895781637716,9.925558312655086
41960,58.11138014527845,9.685230024213075,0.0,9.685230024213075,9.685230024213075,0.0,0.0,14.527845036319613,16.949152542372882,2.4213075060532687,0.0,0.0,9.685230024213075,29.055690072639226,4.842615012106537,266.3438256658596,2.4213075060532687,2.4213075060532687,12.106537530266344,0.0,2.4213075060532687,0.0,0.0,12.106537530266344,4.842615012106537,2.4213075060532687,4.842615012106537,2.4213075060532687,4.842615012106537,0.0,2.4213075060532687,0.0,0.0,0.0,0.0,0.0,2.4213075060532687,4.842615012106537,128.32929782082326,92.00968523002422,2.4213075060532687,55.69007263922518,0.6625916870415648,5.3667481662591685,0.0,2.4213075060532687,0.0,0.0,7.263922518159807,0.0,7.263922518159807,2.4213075060532687,0.0,2.4213075060532687,2.4213075060532687,16.949152542372882,2.4213075060532687,2.4213075060532687,0.0,0.0,0.0,2.4213075060532687,4.842615012106537,19.37046004842615,7.263922518159807,0.0,2.4213075060532687
42065,111.1111111111111,7.407407407407407,2.4691358024691357,9.876543209876543,7.407407407407407,69.1358024691358,4.938271604938271,0.0,29.62962962962963,4.938271604938271,12.345679012345679,0.0,19.753086419753085,19.753086419753085,2.4691358024691357,182.71604938271605,0.0,0.0,37.03703703703704,2.4691358024691357,0.0,0.0,0.0,12.345679012345679,7.407407407407407,0.0,2.4691358024691357,0.0,7.407407407407407,0.0,0.0,0.0,2.4691358024691357,0.0,0.0,0.0,9.876543209876543,12.345679012345679,96.29629629629629,32.098765432098766,9.876543209876543,76.54320987654322,0.5764411027568922,4.360902255639098,0.0,7.407407407407407,0.0,2.4691358024691357,4.938271604938271,2.4691358024691357,2.4691358024691357,2.4691358024691357,4.938271604938271,2.4691358024691357,4.938271604938271,7.407407407407407,0.0,7.407407407407407,14.814814814814815,0.0,2.4691358024691357,0.0,0.0,4.938271604938271,7.407407407407407,0.0,17.28395061728395
42521,79.80049875311721,24.93765586034913,12.468827930174564,4.987531172069826,2.493765586034913,72.31920199501248,0.0,17.456359102244388,4.987531172069826,2.493765586034913,2.493765586034913,0.0,12.468827930174564,27.43142144638404,2.493765586034913,216.95760598503742,12.468827930174564,0.0,19.950124688279303,0.0,0.0,2.493765586034913,0.0,27.43142144638404,4.987531172069826,0.0,4.987531172069826,0.0,2.493765586034913,0.0,4.987531172069826,0.0,0.0,0.0,0.0,0.0,0.0,14.962593516209475,92.26932668329177,44.88778054862843,2.493765586034913,74.81296758104739,0.6035353535353535,4.75,0.0,2.493765586034913,2.493765586034913,0.0,17.456359102244388,0.0,4.987531172069826,2.493765586034913,0.0,2.493765586034913,4.987531172069826,37.406483790523694,0.0,0.0,4.987531172069826,2.493765586034913,2.493765586034913,0.0,2.493765586034913,9.975062344139651,14.962593516209475,0.0,7.481296758104738
44779,108.95883777239709,24.213075060532688,7.263922518159807,2.4213075060532687,0.0,0.0,2.4213075060532687,101.6949152542373,9.685230024213075,2.4213075060532687,2.4213075060532687,4.842615012106537,7.263922518159807,9.685230024213075,2.4213075060532687,239.7094430992736,4.842615012106537,2.4213075060532687,19.37046004842615,4.842615012106537,0.0,0.0,0.0,14.527845036319613,0.0,2.4213075060532687,0.0,0.0,2.4213075060532687,0.0,2.4213075060532687,0.0,0.0,0.0,2.4213075060532687,0.0,2.4213075060532687,14.527845036319613,84.7457627118644,60.53268765133172,7.263922518159807,65.37530266343826,0.5780487804878048,4.634146341463414,0.0,0.0,0.0,0.0,7.263922518159807,0.0,2.4213075060532687,2.4213075060532687,0.0,7.263922518159807,7.263922518159807,16.949152542372882,7.263922518159807,0.0,2.4213075060532687,0.0,2.4213075060532687,0.0,4.842615012106537,7.263922518159807,12.106537530266344,0.0,2.4213075060532687
45625,89.83451536643027,14.184397163120567,0.0,4.7281323877068555,9.456264775413711,0.0,0.0,68.5579196217494,26.004728132387708,0.0,4.7281323877068555,0.0,9.456264775413711,16.548463356973993,4.7281323877068555,234.04255319148936,2.3640661938534278,2.3640661938534278,26.004728132387708,0.0,2.3640661938534278,0.0,0.0,9.456264775413711,4.7281323877068555,0.0,2.3640661938534278,9.456264775413711,4.7281323877068555,0.0,0.0,0.0,4.7281323877068555,0.0,0.0,0.0,0.0,7.092198581560283,127.6595744680851,61.46572104018912,4.7281323877068555,54.37352245862884,0.5502392344497608,4.65311004784689,0.0,4.7281323877068555,0.0,2.3640661938534278,4.7281323877068555,4.7281323877068555,4.7281323877068555,4.7281323877068555,2.3640661938534278,0.0,2.3640661938534278,18.912529550827422,2.3640661938534278,2.3640661938534278,4.7281323877068555,0.0,0.0,2.3640661938534278,7.092198581560283,7.092198581560283,11.82033096926714,0.0,9.456264775413711
48393,100.73710073710073,14.742014742014742,4.914004914004914,4.914004914004914,2.457002457002457,98.28009828009827,0.0,4.914004914004914,19.656019656019655,4.914004914004914,4.914004914004914,0.0,17.1990171990172,14.742014742014742,9.828009828009828,171.990171990172,0.0,2.457002457002457,27.027027027027028,0.0,9.828009828009828,2.457002457002457,0.0,19.656019656019655,7.371007371007371,2.457002457002457,0.0,0.0,4.914004914004914,0.0,2.457002457002457,0.0,0.0,2.457002457002457,0.0,0.0,0.0,7.371007371007371,93.36609336609337,51.597051597051596,0.0,90.9090909090909,0.5935162094763092,4.541147132169576,4.914004914004914,4.914004914004914,2.457002457002457,2.457002457002457,9.828009828009828,0.0,2.457002457002457,4.914004914004914,0.0,4.914004914004914,7.371007371007371,36.85503685503686,9.828009828009828,0.0,9.828009828009828,0.0,0.0,4.914004914004914,14.742014742014742,9.828009828009828,9.828009828009828,0.0,12.285012285012284
50826,105.0,5.0,2.5,5.0,2.5,87.5,0.0,22.5,25.0,2.5,7.5,0.0,20.0,17.5,0.0,192.5,0.0,0.0,30.0,0.0,2.5,0.0,0.0,20.0,2.5,2.5,2.5,2.5,5.0,0.0,0.0,0.0,0.0,0.0,0.0,0.0,5.0,20.0,92.5,45.0,5.0,82.5,0.5743073047858942,4.234256926952141,5.0,10.0,0.0,0.0,5.0,0.0,7.5,0.0,0.0,0.0,2.5,22.5,5.0,5.0,7.5,0.0,0.0,2.5,2.5,0.0,7.5,12.5,10.0
51526,66.99751861042184,17.3697270471464,0.0,7.444168734491315,7.444168734491315,2.4813895781637716,0.0,4.962779156327543,19.851116625310173,4.962779156327543,0.0,0.0,12.40694789081886,12.40694789081886,0.0,305.2109181141439,9.925558312655086,0.0,17.3697270471464,0.0,0.0,0.0,0.0,2.4813895781637716,4.962779156327543,2.4813895781637716,0.0,0.0,2.4813895781637716,0.0,0.0,0.0,0.0,0.0,0.0,0.0,4.962779156327543,9.925558312655086,136.47642679900744,49.62779156327544,0.0,62.03473945409429,0.5577889447236181,4.844221105527638,2.4813895781637716,4.962779156327543,0.0,2.4813895781637716,4.962779156327543,2.4813895781637716,2.4813895781637716,4.962779156327543,0.0,2.4813895781637716,0.0,17.3697270471464,2.4813895781637716,2.4813895781637716,0.0,2.4813895781637716,0.0,0.0,2.4813895781637716,29.77667493796526,7.444168734491315,2.4813895781637716,9.925558312655086
52648,107.39856801909308,14.319809069212411,0.0,11.933174224343675,2.3866348448687353,0.0,0.0,38.186157517899765,23.86634844868735,4.773269689737471,9.546539379474941,0.0,7.159904534606206,2.3866348448687353,2.3866348448687353,245.8233890214797,2.3866348448687353,0.0,26.252983293556085,0.0,0.0,0.0,0.0,19.093078758949883,4.773269689737471,0.0,0.0,0.0,4.773269689737471,0.0,0.0,0.0,0.0,2.3866348448687353,0.0,2.3866348448687353,9.546539379474941,16.706443914081145,102.6252983293556,52.50596658711217,4.773269689737471,59.665871121718375,0.5215311004784688,4.619617224880383,0.0,0.0,0.0,4.773269689737471,0.0,0.0,4.773269689737471,2.3866348448687353,0.0,0.0,0.0,21.479713603818613,0.0,7.159904534606206,0.0,0.0,0.0,0.0,4.773269689737471,7.159904534606206,11.933174224343675,2.3866348448687353,11.933174224343675
52654,9.685230024213075,2.4213075060532687,48.426150121065376,0.0,2.4213075060532687,43.583535108958834,31.476997578692497,7.263922518159807,2.4213075060532687,0.0,4.842615012106537,0.0,9.685230024213075,9.685230024213075,2.4213075060532687,230.02421307506054,9.685230024213075,2.4213075060532687,26.634382566585955,0.0,0.0,0.0,2.4213075060532687,9.685230024213075,0.0,0.0,4.842615012106537,2.4213075060532687,4.842615012106537,0.0,0.0,0.0,0.0,0.0,0.0,0.0,9.685230024213075,7.263922518159807,118.64406779661017,53.26876513317191,7.263922518159807,75.06053268765133,0.5717821782178217,4.49009900990099,2.4213075060532687,4.842615012106537,2.4213075060532687,0.0,19.37046004842615,0.0,9.685230024213075,9.685230024213075,0.0,21.791767554479417,4.842615012106537,19.37046004842615,0.0,0.0,4.842615012106537,0.0,4.842615012106537,0.0,2.4213075060532687,9.685230024213075,9.685230024213075,2.4213075060532687,2.4213075060532687
53126,95.01187648456057,14.251781472684087,0.0,7.125890736342043,7.125890736342043,0.0,0.0,30.878859857482183,11.876484560570072,0.0,2.375296912114014,0.0,21.377672209026127,21.377672209026127,9.501187648456057,270.7838479809976,2.375296912114014,0.0,11.876484560570072,0.0,0.0,0.0,0.0,16.6270783847981,9.501187648456057,0.0,4.750593824228028,0.0,11.876484560570072,0.0,2.375296912114014,0.0,0.0,0.0,0.0,0.0,0.0,0.0,125.89073634204276,68.88361045130641,2.375296912114014,28.503562945368174,0.5799522673031027,4.861575178997613,2.375296912114014,0.0,0.0,0.0,2.375296912114014,0.0,4.750593824228028,0.0,0.0,0.0,0.0,7.125890736342043,2.375296912114014,7.125890736342043,0.0,2.375296912114014,0.0,0.0,2.375296912114014,26.128266033254157,7.125890736342043,2.375296912114014,0.0
53736,93.75,26.442307692307693,2.403846153846154,4.807692307692308,0.0,72.11538461538461,0.0,9.615384615384617,12.01923076923077,4.807692307692308,4.807692307692308,2.403846153846154,28.846153846153847,16.826923076923077,4.807692307692308,216.34615384615387,0.0,0.0,26.442307692307693,0.0,0.0,0.0,0.0,12.01923076923077,2.403846153846154,2.403846153846154,0.0,0.0,9.615384615384617,2.403846153846154,7.211538461538462,0.0,0.0,0.0,0.0,0.0,2.403846153846154,14.423076923076923,134.6153846153846,69.71153846153847,7.211538461538462,55.28846153846153,0.5423728813559322,4.61501210653753,0.0,4.807692307692308,0.0,2.403846153846154,9.615384615384617,0.0,0.0,2.403846153846154,0.0,7.211538461538462,0.0,16.826923076923077,2.403846153846154,7.211538461538462,0.0,0.0,0.0,0.0,2.403846153846154,7.211538461538462,14.423076923076923,0.0,0.0
5420,75.79462102689487,9.7799511002445,14.669926650366747,2.444987775061125,9.7799511002445,2.444987775061125,0.0,22.004889975550125,14.669926650366747,7.334963325183374,4.88997555012225,0.0,19.559902200489,26.89486552567237,0.0,251.83374083129584,9.7799511002445,0.0,17.114914425427873,0.0,0.0,0.0,0.0,14.669926650366747,0.0,0.0,0.0,12.224938875305625,4.88997555012225,0.0,0.0,0.0,0.0,0.0,0.0,0.0,0.0,9.7799511002445,134.47432762836186,63.56968215158924,7.334963325183374,53.78973105134474,0.6338383838383839,4.994949494949495,4.88997555012225,2.444987775061125,0.0,0.0,9.7799511002445,2.444987775061125,0.0,4.88997555012225,0.0,0.0,2.444987775061125,17.114914425427873,2.444987775061125,2.444987775061125,14.669926650366747,0.0,0.0,0.0,2.444987775061125,7.334963325183374,0.0,2.444987775061125,12.224938875305625
54268,79.20792079207921,0.0,9.900990099009901,0.0,7.425742574257425,54.45544554455446,2.4752475247524752,19.801980198019802,12.376237623762377,2.4752475247524752,4.9504950495049505,0.0,19.801980198019802,4.9504950495049505,7.425742574257425,207.9207920792079,7.425742574257425,0.0,34.65346534653466,4.9504950495049505,0.0,0.0,0.0,19.801980198019802,7.425742574257425,0.0,0.0,0.0,4.9504950495049505,0.0,9.900990099009901,0.0,0.0,4.9504950495049505,4.9504950495049505,0.0,4.9504950495049505,7.425742574257425,111.38613861386139,54.45544554455446,4.9504950495049505,79.20792079207921,0.5848101265822785,4.612658227848101,2.4752475247524752,9.900990099009901,0.0,0.0,12.376237623762377,0.0,0.0,12.376237623762377,0.0,2.4752475247524752,0.0,2.4752475247524752,4.9504950495049505,2.4752475247524752,7.425742574257425,0.0,0.0,0.0,0.0,0.0,9.900990099009901,0.0,7.425742574257425
54645,106.17283950617285,12.345679012345679,9.876543209876543,19.753086419753085,4.938271604938271,83.95061728395062,2.4691358024691357,17.28395061728395,7.407407407407407,0.0,2.4691358024691357,0.0,17.28395061728395,14.814814814814815,7.407407407407407,212.3456790123457,7.407407407407407,0.0,27.160493827160494,0.0,0.0,0.0,4.938271604938271,14.814814814814815,7.407407407407407,2.4691358024691357,2.4691358024691357,0.0,2.4691358024691357,0.0,0.0,0.0,0.0,0.0,0.0,0.0,2.4691358024691357,17.28395061728395,98.76543209876543,49.382716049382715,9.876543209876543,61.72839506172839,0.616751269035533,4.761421319796955,0.0,4.938271604938271,2.4691358024691357,0.0,4.938271604938271,0.0,0.0,0.0,0.0,4.938271604938271,2.4691358024691357,19.753086419753085,7.407407407407407,0.0,14.814814814814815,0.0,0.0,0.0,2.4691358024691357,9.876543209876543,7.407407407407407,0.0,14.814814814814815
55778,104.21836228287842,19.851116625310173,7.444168734491315,4.962779156327543,4.962779156327543,109.18114143920596,0.0,7.444168734491315,14.88833746898263,2.4813895781637716,19.851116625310173,0.0,4.962779156327543,4.962779156327543,0.0,198.51116625310175,12.40694789081886,0.0,17.3697270471464,2.4813895781637716,0.0,0.0,0.0,24.81389578163772,2.4813895781637716,0.0,2.4813895781637716,7.444168734491315,4.962779156327543,0.0,0.0,0.0,0.0,0.0,0.0,0.0,0.0,9.925558312655086,91.81141439205956,49.62779156327544,7.444168734491315,47.146401985111666,0.5477386934673367,4.605527638190955,0.0,4.962779156327543,0.0,2.4813895781637716,7.444168734491315,2.4813895781637716,0.0,7.444168734491315,0.0,4.962779156327543,2.4813895781637716,14.88833746898263,2.4813895781637716,2.4813895781637716,12.40694789081886,0.0,4.962779156327543,0.0,7.444168734491315,9.925558312655086,9.925558312655086,7.444168734491315,9.925558312655086
61334,92.6829268292683,2.4390243902439024,0.0,9.75609756097561,9.75609756097561,0.0,0.0,58.53658536585366,7.317073170731708,0.0,0.0,0.0,17.073170731707318,17.073170731707318,2.4390243902439024,243.90243902439025,12.195121951219512,2.4390243902439024,21.95121951219512,0.0,0.0,0.0,0.0,14.634146341463415,0.0,0.0,0.0,0.0,4.878048780487805,0.0,2.4390243902439024,0.0,0.0,0.0,0.0,2.4390243902439024,0.0,7.317073170731708,129.26829268292684,58.53658536585366,0.0,82.92682926829269,0.5812807881773399,4.541871921182266,0.0,2.4390243902439024,0.0,2.4390243902439024,7.317073170731708,2.4390243902439024,0.0,0.0,0.0,0.0,2.4390243902439024,9.75609756097561,4.878048780487805,0.0,0.0,0.0,2.4390243902439024,0.0,4.878048780487805,19.51219512195122,4.878048780487805,4.878048780487805,12.195121951219512
61596,101.94174757281553,2.4271844660194173,2.4271844660194173,12.135922330097086,7.281553398058253,58.25242718446602,2.4271844660194173,2.4271844660194173,21.844660194174757,2.4271844660194173,4.854368932038835,2.4271844660194173,14.563106796116505,14.563106796116505,7.281553398058253,186.89320388349515,7.281553398058253,0.0,14.563106796116505,0.0,0.0,0.0,2.4271844660194173,21.844660194174757,0.0,4.854368932038835,4.854368932038835,0.0,2.4271844660194173,2.4271844660194173,0.0,0.0,0.0,0.0,2.4271844660194173,0.0,0.0,16.990291262135923,111.6504854368932,53.398058252427184,4.854368932038835,77.66990291262135,0.5802469135802469,4.57283950617284,0.0,7.281553398058253,2.4271844660194173,2.4271844660194173,4.854368932038835,0.0,2.4271844660194173,7.281553398058253,0.0,2.4271844660194173,0.0,33.980582524271846,2.4271844660194173,0.0,12.135922330097086,2.4271844660194173,0.0,0.0,2.4271844660194173,4.854368932038835,14.563106796116505,0.0,9.70873786407767
6306,114.14392059553349,12.40694789081886,14.88833746898263,2.4813895781637716,4.962779156327543,106.69975186104217,4.962779156327543,37.220843672456574,9.925558312655086,0.0,4.962779156327543,0.0,22.332506203473944,14.88833746898263,4.962779156327543,133.99503722084367,4.962779156327543,0.0,44.66501240694789,2.4813895781637716,4.962779156327543,0.0,2.4813895781637716,7.444168734491315,4.962779156327543,0.0,2.4813895781637716,0.0,9.925558312655086,4.962779156327543,2.4813895781637716,0.0,0.0,0.0,0.0,0.0,0.0,7.444168734491315,74.44168734491315,24.81389578163772,7.444168734491315,106.69975186104217,0.5138539042821159,4.083123425692695,0.0,9.925558312655086,0.0,0.0,17.3697270471464,0.0,4.962779156327543,4.962779156327543,0.0,2.4813895781637716,4.962779156327543,52.10918114143921,0.0,0.0,14.88833746898263,4.962779156327543,2.4813895781637716,0.0,9.925558312655086,12.40694789081886,22.332506203473944,2.4813895781637716,19.851116625310173
65101,78.81773399014779,17.241379310344826,4.926108374384237,9.852216748768473,0.0,34.48275862068965,0.0,7.389162561576354,19.704433497536947,2.4630541871921183,4.926108374384237,0.0,17.241379310344826,7.389162561576354,0.0,261.0837438423645,12.315270935960593,0.0,19.704433497536947,0.0,0.0,0.0,0.0,7.389162561576354,4.926108374384237,0.0,4.926108374384237,0.0,2.4630541871921183,0.0,2.4630541871921183,0.0,0.0,0.0,0.0,2.4630541871921183,0.0,9.852216748768473,128.07881773399015,59.11330049261083,0.0,34.48275862068965,0.5717884130982368,4.654911838790932,0.0,4.926108374384237,0.0,0.0,0.0,0.0,2.4630541871921183,0.0,0.0,4.926108374384237,4.926108374384237,19.704433497536947,2.4630541871921183,0.0,2.4630541871921183,0.0,0.0,0.0,0.0,17.241379310344826,7.389162561576354,0.0,0.0
68990,90.68627450980392,4.901960784313726,7.352941176470588,7.352941176470588,7.352941176470588,93.13725490196079,0.0,4.901960784313726,9.803921568627452,0.0,7.352941176470588,0.0,12.254901960784313,9.803921568627452,2.450980392156863,254.9019607843137,4.901960784313726,0.0,17.156862745098042,0.0,4.901960784313726,0.0,0.0,2.450980392156863,0.0,0.0,2.450980392156863,7.352941176470588,0.0,0.0,0.0,0.0,0.0,0.0,0.0,0.0,0.0,9.803921568627452,105.3921568627451,53.92156862745098,2.450980392156863,63.725490196078425,0.5831265508684863,4.287841191066997,2.450980392156863,4.901960784313726,0.0,0.0,7.352941176470588,0.0,2.450980392156863,2.450980392156863,0.0,4.901960784313726,14.705882352941176,12.254901960784313,2.450980392156863,2.450980392156863,4.901960784313726,0.0,2.450980392156863,0.0,2.450980392156863,9.803921568627452,9.803921568627452,0.0,4.901960784313726
70759,94.8905109489051,14.598540145985401,9.732360097323602,9.732360097323602,7.299270072992701,70.5596107055961,0.0,2.4330900243309004,31.630170316301705,17.0316301703163,2.4330900243309004,0.0,12.165450121654501,17.0316301703163,4.866180048661801,201.94647201946472,0.0,0.0,36.4963503649635,0.0,0.0,0.0,0.0,7.299270072992701,9.732360097323602,0.0,0.0,7.299270072992701,2.4330900243309004,0.0,0.0,0.0,0.0,0.0,0.0,0.0,4.866180048661801,7.299270072992701,92.45742092457421,58.394160583941606,17.0316301703163,87.59124087591242,0.565,4.66,0.0,12.165450121654501,7.299270072992701,2.4330900243309004,21.897810218978105,0.0,7.299270072992701,4.866180048661801,0.0,2.4330900243309004,2.4330900243309004,14.598540145985401,0.0,7.299270072992701,19.464720194647203,0.0,0.0,2.4330900243309004,7.299270072992701,12.165450121654501,7.299270072992701,0.0,14.598540145985401
71683,74.51923076923077,12.01923076923077,9.615384615384617,7.211538461538462,2.403846153846154,12.01923076923077,7.211538461538462,38.46153846153847,14.423076923076923,2.403846153846154,0.0,0.0,2.403846153846154,19.230769230769234,4.807692307692308,242.78846153846155,9.615384615384617,0.0,14.423076923076923,0.0,0.0,0.0,0.0,7.211538461538462,0.0,0.0,4.807692307692308,2.403846153846154,2.403846153846154,0.0,0.0,0.0,0.0,0.0,0.0,2.403846153846154,2.403846153846154,16.826923076923077,120.1923076923077,60.09615384615385,2.403846153846154,48.07692307692308,0.6097560975609756,4.809756097560975,0.0,2.403846153846154,0.0,0.0,0.0,0.0,0.0,7.211538461538462,2.403846153846154,4.807692307692308,7.211538461538462,21.634615384615383,0.0,2.403846153846154,4.807692307692308,4.807692307692308,2.403846153846154,0.0,0.0,9.615384615384617,9.615384615384617,0.0,9.615384615384617
71812,69.82543640897755,7.481296758104738,27.43142144638404,7.481296758104738,0.0,34.912718204488776,2.493765586034913,62.34413965087282,9.975062344139651,7.481296758104738,7.481296758104738,0.0,22.443890274314214,27.43142144638404,2.493765586034913,224.43890274314217,2.493765586034913,0.0,24.93765586034913,2.493765586034913,0.0,0.0,0.0,17.456359102244388,2.493765586034913,2.493765586034913,2.493765586034913,2.493765586034913,9.975062344139651,0.0,4.987531172069826,0.0,0.0,0.0,0.0,0.0,4.987531172069826,4.987531172069826,94.76309226932668,62.34413965087282,7.481296758104738,72.31920199501248,0.6301020408163265,5.11734693877551,4.987531172069826,0.0,2.493765586034913,0.0,4.987531172069826,2.493765586034913,0.0,4.987531172069826,2.493765586034913,7.481296758104738,4.987531172069826,24.93765586034913,9.975062344139651,4.987531172069826,14.962593516209475,0.0,2.493765586034913,0.0,7.481296758104738,7.481296758104738,7.481296758104738,2.493765586034913,9.975062344139651
71856,89.58837772397095,12.106537530266344,12.106537530266344,12.106537530266344,2.4213075060532687,65.37530266343826,12.106537530266344,14.527845036319613,19.37046004842615,0.0,14.527845036319613,0.0,19.37046004842615,9.685230024213075,4.842615012106537,152.54237288135593,7.263922518159807,0.0,29.055690072639226,2.4213075060532687,0.0,0.0,7.263922518159807,29.055690072639226,4.842615012106537,0.0,0.0,0.0,4.842615012106537,2.4213075060532687,0.0,0.0,0.0,0.0,0.0,16.949152542372882,0.0,26.634382566585955,94.43099273607749,50.84745762711865,12.106537530266344,89.58837772397095,0.5637254901960784,4.259803921568627,2.4213075060532687,7.263922518159807,9.685230024213075,4.842615012106537,4.842615012106537,0.0,12.106537530266344,9.685230024213075,0.0,2.4213075060532687,2.4213075060532687,19.37046004842615,2.4213075060532687,9.685230024213075,9.685230024213075,0.0,0.0,0.0,0.0,7.263922518159807,16.949152542372882,0.0,12.106537530266344
72335,89.80582524271844,12.135922330097086,0.0,2.4271844660194173,7.281553398058253,89.80582524271844,0.0,12.135922330097086,12.135922330097086,2.4271844660194173,7.281553398058253,0.0,7.281553398058253,21.844660194174757,0.0,194.17475728155338,2.4271844660194173,0.0,31.553398058252426,0.0,0.0,0.0,0.0,29.12621359223301,4.854368932038835,0.0,4.854368932038835,2.4271844660194173,2.4271844660194173,0.0,2.4271844660194173,0.0,0.0,0.0,0.0,0.0,4.854368932038835,12.135922330097086,87.37864077669903,46.116504854368934,12.135922330097086,80.09708737864078,0.5749385749385749,4.402948402948403,2.4271844660194173,7.281553398058253,0.0,4.854368932038835,7.281553398058253,0.0,4.854368932038835,4.854368932038835,0.0,4.854368932038835,0.0,21.844660194174757,7.281553398058253,2.4271844660194173,7.281553398058253,0.0,0.0,2.4271844660194173,4.854368932038835,7.281553398058253,7.281553398058253,4.854368932038835,7.281553398058253
73710,63.82978723404255,9.456264775413711,14.184397163120567,4.7281323877068555,4.7281323877068555,33.09692671394799,18.912529550827422,16.548463356973993,26.004728132387708,2.3640661938534278,4.7281323877068555,2.3640661938534278,11.82033096926714,9.456264775413711,2.3640661938534278,262.41134751773046,11.82033096926714,0.0,18.912529550827422,0.0,2.3640661938534278,0.0,0.0,9.456264775413711,0.0,2.3640661938534278,4.7281323877068555,0.0,7.092198581560283,0.0,0.0,0.0,0.0,0.0,0.0,0.0,2.3640661938534278,4.7281323877068555,134.75177304964538,59.1016548463357,0.0,30.73286052009456,0.5552884615384616,4.264423076923077,2.3640661938534278,0.0,0.0,0.0,4.7281323877068555,0.0,2.3640661938534278,7.092198581560283,0.0,2.3640661938534278,4.7281323877068555,21.27659574468085,2.3640661938534278,0.0,11.82033096926714,0.0,0.0,0.0,0.0,9.456264775413711,7.092198581560283,4.7281323877068555,9.456264775413711
74990,60.82725060827251,7.299270072992701,24.330900243309003,4.866180048661801,2.4330900243309004,12.165450121654501,12.165450121654501,38.929440389294406,9.732360097323602,0.0,4.866180048661801,0.0,17.0316301703163,21.897810218978105,0.0,253.04136253041364,2.4330900243309004,0.0,24.330900243309003,2.4330900243309004,0.0,0.0,0.0,4.866180048661801,12.165450121654501,2.4330900243309004,2.4330900243309004,2.4330900243309004,4.866180048661801,0.0,0.0,0.0,0.0,0.0,0.0,0.0,0.0,12.165450121654501,109.48905109489051,63.26034063260341,7.299270072992701,51.09489051094891,0.61,4.8875,0.0,4.866180048661801,0.0,0.0,9.732360097323602,2.4330900243309004,4.866180048661801,0.0,0.0,4.866180048661801,7.299270072992701,17.0316301703163,2.4330900243309004,2.4330900243309004,14.598540145985401,0.0,2.4330900243309004,0.0,4.866180048661801,17.0316301703163,12.165450121654501,0.0,7.299270072992701
78215,95.58823529411764,26.96078431372549,2.450980392156863,7.352941176470588,4.901960784313726,4.901960784313726,4.901960784313726,19.607843137254903,24.509803921568626,4.901960784313726,12.254901960784313,0.0,0.0,14.705882352941176,2.450980392156863,279.4117647058824,9.803921568627452,2.450980392156863,24.509803921568626,0.0,0.0,0.0,0.0,12.254901960784313,2.450980392156863,0.0,0.0,2.450980392156863,0.0,0.0,0.0,0.0,0.0,0.0,0.0,0.0,0.0,2.450980392156863,102.94117647058823,31.862745098039213,2.450980392156863,31.862745098039213,0.5607940446650124,4.766749379652605,0.0,0.0,0.0,0.0,2.450980392156863,0.0,2.450980392156863,4.901960784313726,0.0,2.450980392156863,9.803921568627452,14.705882352941176,4.901960784313726,0.0,2.450980392156863,2.450980392156863,2.450980392156863,0.0,4.901960784313726,12.254901960784313,7.352941176470588,7.352941176470588,4.901960784313726
7873,97.01492537313433,14.925373134328359,0.0,14.925373134328359,0.0,72.13930348258707,2.487562189054726,4.975124378109452,17.412935323383085,4.975124378109452,14.925373134328359,0.0,14.925373134328359,14.925373134328359,4.975124378109452,201.49253731343285,9.950248756218905,0.0,39.80099502487562,2.487562189054726,0.0,2.487562189054726,0.0,14.925373134328359,7.462686567164179,0.0,0.0,2.487562189054726,12.437810945273633,0.0,0.0,0.0,0.0,0.0,0.0,0.0,0.0,2.487562189054726,124.37810945273633,77.11442786069651,12.437810945273633,44.776119402985074,0.5808080808080808,4.681818181818182,0.0,0.0,2.487562189054726,0.0,12.437810945273633,0.0,9.950248756218905,7.462686567164179,0.0,7.462686567164179,4.975124378109452,27.36318407960199,7.462686567164179,0.0,9.950248756218905,0.0,0.0,0.0,2.487562189054726,7.462686567164179,9.950248756218905,0.0,7.462686567164179
78998,99.25558312655087,12.40694789081886,12.40694789081886,4.962779156327543,7.444168734491315,59.55334987593052,0.0,14.88833746898263,22.332506203473944,0.0,7.444168734491315,0.0,12.40694789081886,4.962779156327543,9.925558312655086,188.58560794044666,7.444168734491315,0.0,42.183622828784124,0.0,0.0,0.0,0.0,14.88833746898263,7.444168734491315,0.0,0.0,0.0,4.962779156327543,0.0,0.0,0.0,0.0,0.0,2.4813895781637716,0.0,12.40694789081886,14.88833746898263,79.40446650124069,34.7394540942928,7.444168734491315,101.73697270471465,0.5591939546599496,4.3602015113350125,0.0,4.962779156327543,0.0,4.962779156327543,4.962779156327543,0.0,14.88833746898263,2.4813895781637716,0.0,2.4813895781637716,0.0,7.444168734491315,4.962779156327543,0.0,12.40694789081886,0.0,0.0,0.0,9.925558312655086,2.4813895781637716,9.925558312655086,0.0,12.40694789081886
81368,103.44827586206897,9.852216748768473,0.0,4.926108374384237,9.852216748768473,83.74384236453201,0.0,4.926108374384237,19.704433497536947,0.0,0.0,0.0,19.704433497536947,9.852216748768473,2.4630541871921183,201.9704433497537,4.926108374384237,0.0,22.167487684729064,2.4630541871921183,0.0,0.0,0.0,4.926108374384237,12.315270935960593,2.4630541871921183,0.0,4.926108374384237,12.315270935960593,2.4630541871921183,0.0,0.0,2.4630541871921183,0.0,0.0,0.0,0.0,2.4630541871921183,120.6896551724138,71.42857142857143,4.926108374384237,73.89162561576356,0.5640394088669951,4.362068965517241,0.0,4.926108374384237,0.0,0.0,19.704433497536947,0.0,4.926108374384237,4.926108374384237,0.0,0.0,2.4630541871921183,22.167487684729064,2.4630541871921183,2.4630541871921183,0.0,2.4630541871921183,0.0,0.0,9.852216748768473,7.389162561576354,9.852216748768473,2.4630541871921183,0.0
82414,86.20689655172414,17.241379310344826,0.0,0.0,2.4630541871921183,0.0,0.0,34.48275862068965,12.315270935960593,0.0,2.4630541871921183,2.4630541871921183,24.630541871921185,17.241379310344826,9.852216748768473,288.1773399014778,4.926108374384237,0.0,12.315270935960593,0.0,0.0,0.0,0.0,7.389162561576354,2.4630541871921183,0.0,4.926108374384237,0.0,12.315270935960593,0.0,4.926108374384237,0.0,0.0,0.0,0.0,0.0,2.4630541871921183,4.926108374384237,133.00492610837438,56.65024630541872,0.0,51.724137931034484,0.5270935960591133,4.726600985221675,2.4630541871921183,2.4630541871921183,0.0,4.926108374384237,7.389162561576354,0.0,4.926108374384237,0.0,0.0,0.0,0.0,9.852216748768473,0.0,2.4630541871921183,0.0,0.0,0.0,0.0,2.4630541871921183,17.241379310344826,14.778325123152708,0.0,9.852216748768473
86334,94.05940594059406,14.85148514851485,0.0,0.0,2.4752475247524752,0.0,4.9504950495049505,64.35643564356435,32.17821782178218,0.0,0.0,2.4752475247524752,37.12871287128713,9.900990099009901,12.376237623762377,210.3960396039604,0.0,0.0,22.277227722772277,0.0,2.4752475247524752,0.0,4.9504950495049505,14.85148514851485,0.0,0.0,0.0,2.4752475247524752,9.900990099009901,0.0,0.0,0.0,0.0,0.0,4.9504950495049505,0.0,0.0,2.4752475247524752,99.00990099009901,49.504950495049506,12.376237623762377,84.15841584158416,0.5681818181818182,4.507575757575758,4.9504950495049505,0.0,0.0,4.9504950495049505,14.85148514851485,0.0,9.900990099009901,9.900990099009901,2.4752475247524752,4.9504950495049505,7.425742574257425,9.900990099009901,9.900990099009901,2.4752475247524752,12.376237623762377,0.0,2.4752475247524752,0.0,2.4752475247524752,9.900990099009901,12.376237623762377,0.0,17.32673267326733
87670,94.76309226932668,7.481296758104738,0.0,2.493765586034913,4.987531172069826,54.86284289276808,7.481296758104738,27.43142144638404,9.975062344139651,4.987531172069826,4.987531172069826,0.0,22.443890274314214,32.418952618453865,7.481296758104738,197.0074812967581,2.493765586034913,0.0,22.443890274314214,0.0,0.0,0.0,0.0,12.468827930174564,7.481296758104738,2.493765586034913,9.975062344139651,2.493765586034913,4.987531172069826,0.0,2.493765586034913,0.0,0.0,2.493765586034913,0.0,0.0,0.0,4.987531172069826,119.7007481296758,67.33167082294264,7.481296758104738,59.8503740648379,0.6215538847117794,4.756892230576441,0.0,2.493765586034913,0.0,2.493765586034913,4.987531172069826,0.0,2.493765586034913,4.987531172069826,0.0,2.493765586034913,2.493765586034913,19.950124688279303,2.493765586034913,0.0,2.493765586034913,0.0,0.0,0.0,0.0,2.493765586034913,12.468827930174564,2.493765586034913,4.987531172069826
87936,117.20698254364089,7.481296758104738,0.0,17.456359102244388,2.493765586034913,99.75062344139651,0.0,0.0,27.43142144638404,2.493765586034913,14.962593516209475,4.987531172069826,34.912718204488776,9.975062344139651,0.0,169.57605985037407,7.481296758104738,0.0,37.406483790523694,4.987531172069826,0.0,0.0,2.493765586034913,19.950124688279303,0.0,0.0,0.0,0.0,9.975062344139651,0.0,0.0,0.0,2.493765586034913,0.0,0.0,2.493765586034913,2.493765586034913,9.975062344139651,87.28179551122194,47.38154613466334,2.493765586034913,99.75062344139651,0.5176767676767676,4.156565656565657,2.493765586034913,7.481296758104738,0.0,2.493765586034913,4.987531172069826,0.0,9.975062344139651,4.987531172069826,0.0,7.481296758104738,4.987531172069826,22.443890274314214,2.493765586034913,2.493765586034913,12.468827930174564,4.987531172069826,2.493765586034913,2.493765586034913,4.987531172069826,0.0,24.93765586034913,4.987531172069826,12.468827930174564
90094,70.90464547677261,4.88997555012225,4.88997555012225,4.88997555012225,2.444987775061125,0.0,0.0,41.56479217603912,12.224938875305625,0.0,0.0,0.0,4.88997555012225,14.669926650366747,0.0,303.1784841075795,0.0,0.0,19.559902200489,4.88997555012225,0.0,0.0,0.0,14.669926650366747,7.334963325183374,0.0,0.0,0.0,0.0,0.0,0.0,0.0,0.0,0.0,0.0,0.0,0.0,2.444987775061125,102.68948655256723,90.46454767726162,4.88997555012225,31.78484107579462,0.6069651741293532,5.059701492537314,0.0,2.444987775061125,0.0,0.0,0.0,0.0,7.334963325183374,2.444987775061125,0.0,4.88997555012225,4.88997555012225,7.334963325183374,2.444987775061125,0.0,0.0,0.0,0.0,0.0,0.0,9.7799511002445,9.7799511002445,0.0,2.444987775061125
91270,90.9090909090909,7.371007371007371,9.828009828009828,7.371007371007371,0.0,44.22604422604422,12.285012285012284,12.285012285012284,27.027027027027028,0.0,9.828009828009828,2.457002457002457,24.570024570024568,7.371007371007371,4.914004914004914,194.10319410319408,2.457002457002457,2.457002457002457,24.570024570024568,2.457002457002457,0.0,0.0,0.0,19.656019656019655,14.742014742014742,0.0,0.0,2.457002457002457,4.914004914004914,0.0,4.914004914004914,0.0,0.0,0.0,0.0,0.0,0.0,9.828009828009828,100.73710073710073,73.71007371007371,4.914004914004914,88.45208845208845,0.5825,4.1575,0.0,9.828009828009828,0.0,0.0,17.1990171990172,0.0,0.0,0.0,0.0,2.457002457002457,4.914004914004914,17.1990171990172,4.914004914004914,9.828009828009828,14.742014742014742,0.0,0.0,0.0,0.0,4.914004914004914,12.285012285012284,22.11302211302211,19.656019656019655
92620,100.47846889952153,11.961722488038278,4.784688995215311,11.961722488038278,0.0,2.3923444976076556,0.0,71.77033492822966,21.5311004784689,0.0,7.177033492822967,0.0,11.961722488038278,19.138755980861244,7.177033492822967,241.62679425837322,4.784688995215311,0.0,26.31578947368421,0.0,0.0,0.0,0.0,7.177033492822967,0.0,0.0,2.3923444976076556,2.3923444976076556,2.3923444976076556,0.0,0.0,0.0,0.0,0.0,0.0,0.0,2.3923444976076556,11.961722488038278,100.47846889952153,40.66985645933014,2.3923444976076556,52.63157894736842,0.5703883495145631,4.519417475728155,2.3923444976076556,2.3923444976076556,0.0,0.0,2.3923444976076556,0.0,0.0,0.0,2.3923444976076556,4.784688995215311,2.3923444976076556,7.177033492822967,0.0,2.3923444976076556,2.3923444976076556,0.0,2.3923444976076556,0.0,0.0,7.177033492822967,4.784688995215311,2.3923444976076556,4.784688995215311
9326,93.97590361445783,12.048192771084338,4.819277108433735,2.4096385542168677,4.819277108433735,0.0,2.4096385542168677,72.28915662650603,4.819277108433735,4.819277108433735,4.819277108433735,0.0,12.048192771084338,0.0,2.4096385542168677,286.7469879518072,4.819277108433735,2.4096385542168677,21.686746987951807,0.0,0.0,0.0,2.4096385542168677,7.228915662650603,7.228915662650603,0.0,2.4096385542168677,2.4096385542168677,2.4096385542168677,0.0,2.4096385542168677,0.0,0.0,0.0,0.0,0.0,0.0,9.63855421686747,113.25301204819277,57.83132530120482,4.819277108433735,72.28915662650603,0.5819070904645477,4.589242053789731,0.0,2.4096385542168677,0.0,2.4096385542168677,14.457831325301205,0.0,2.4096385542168677,4.819277108433735,0.0,4.819277108433735,4.819277108433735,19.27710843373494,0.0,2.4096385542168677,7.228915662650603,0.0,0.0,0.0,0.0,14.457831325301205,12.048192771084338,0.0,7.228915662650603
93748,73.80952380952381,0.0,4.761904761904763,9.523809523809526,2.3809523809523814,2.3809523809523814,7.142857142857142,42.857142857142854,16.666666666666668,0.0,4.761904761904763,0.0,9.523809523809526,21.428571428571427,0.0,271.4285714285714,2.3809523809523814,2.3809523809523814,21.428571428571427,2.3809523809523814,0.0,0.0,0.0,4.761904761904763,7.142857142857142,0.0,0.0,4.761904761904763,0.0,0.0,2.3809523809523814,0.0,0.0,2.3809523809523814,0.0,0.0,7.142857142857142,11.904761904761903,138.0952380952381,59.52380952380952,4.761904761904763,61.904761904761905,0.6330935251798561,4.913669064748201,2.3809523809523814,4.761904761904763,0.0,0.0,7.142857142857142,0.0,0.0,0.0,0.0,2.3809523809523814,4.761904761904763,14.285714285714285,0.0,2.3809523809523814,2.3809523809523814,2.3809523809523814,0.0,0.0,2.3809523809523814,4.761904761904763,2.3809523809523814,0.0,2.3809523809523814
94833,68.62745098039217,17.156862745098042,26.96078431372549,2.450980392156863,12.254901960784313,0.0,0.0,51.470588235294116,14.705882352941176,2.450980392156863,2.450980392156863,2.450980392156863,12.254901960784313,12.254901960784313,2.450980392156863,240.19607843137257,4.901960784313726,0.0,12.254901960784313,0.0,2.450980392156863,0.0,0.0,12.254901960784313,2.450980392156863,0.0,2.450980392156863,2.450980392156863,7.352941176470588,0.0,0.0,0.0,0.0,0.0,0.0,0.0,0.0,9.803921568627452,93.13725490196079,85.7843137254902,7.352941176470588,73.52941176470588,0.6039603960396039,4.7995049504950495,2.450980392156863,4.901960784313726,0.0,2.450980392156863,4.901960784313726,2.450980392156863,4.901960784313726,7.352941176470588,0.0,0.0,4.901960784313726,14.705882352941176,2.450980392156863,0.0,4.901960784313726,0.0,0.0,0.0,4.901960784313726,7.352941176470588,7.352941176470588,2.450980392156863,9.803921568627452
95143,90.68627450980392,9.803921568627452,4.901960784313726,7.352941176470588,7.352941176470588,0.0,0.0,49.01960784313725,26.96078431372549,0.0,0.0,0.0,29.41176470588235,12.254901960784313,0.0,254.9019607843137,4.901960784313726,0.0,14.705882352941176,0.0,0.0,0.0,0.0,14.705882352941176,2.450980392156863,0.0,2.450980392156863,0.0,14.705882352941176,0.0,4.901960784313726,0.0,0.0,0.0,0.0,0.0,0.0,9.803921568627452,132.35294117647058,56.372549019607845,2.450980392156863,58.8235294117647,0.5847665847665847,4.565110565110565,0.0,2.450980392156863,0.0,4.901960784313726,4.901960784313726,4.901960784313726,4.901960784313726,4.901960784313726,0.0,0.0,4.901960784313726,17.156862745098042,2.450980392156863,0.0,0.0,0.0,0.0,0.0,4.901960784313726,4.901960784313726,14.705882352941176,0.0,0.0
96016,73.34963325183375,7.334963325183374,2.444987775061125,4.88997555012225,7.334963325183374,53.78973105134474,0.0,14.669926650366747,7.334963325183374,2.444987775061125,0.0,0.0,14.669926650366747,12.224938875305625,2.444987775061125,268.9486552567237,7.334963325183374,0.0,22.004889975550125,2.444987775061125,0.0,0.0,0.0,7.334963325183374,4.88997555012225,2.444987775061125,7.334963325183374,0.0,7.334963325183374,2.444987775061125,2.444987775061125,0.0,0.0,0.0,0.0,0.0,0.0,12.224938875305625,124.69437652811736,68.45965770171149,4.88997555012225,53.78973105134474,0.6064356435643564,4.591584158415841,2.444987775061125,0.0,0.0,0.0,7.334963325183374,0.0,2.444987775061125,2.444987775061125,0.0,2.444987775061125,0.0,14.669926650366747,2.444987775061125,0.0,0.0,0.0,0.0,0.0,4.88997555012225,2.444987775061125,0.0,0.0,2.444987775061125
99220,92.5,7.5,7.5,10.0,0.0,82.5,2.5,5.0,25.0,0.0,5.0,0.0,15.0,20.0,0.0,182.5,0.0,2.5,25.0,2.5,0.0,2.5,0.0,15.0,7.5,2.5,0.0,0.0,5.0,0.0,0.0,0.0,0.0,0.0,0.0,0.0,5.0,15.0,107.5,42.5,10.0,65.0,0.5692695214105793,4.347607052896725,0.0,2.5,0.0,2.5,17.5,0.0,0.0,5.0,0.0,2.5,0.0,30.0,2.5,5.0,7.5,0.0,0.0,0.0,0.0,20.0,10.0,12.5,2.5
99686,76.73267326732673,19.801980198019802,39.603960396039604,7.425742574257425,7.425742574257425,74.25742574257426,17.32673267326733,32.17821782178218,9.900990099009901,2.4752475247524752,4.9504950495049505,4.9504950495049505,19.801980198019802,24.752475247524753,0.0,195.54455445544556,9.900990099009901,0.0,29.7029702970297,0.0,2.4752475247524752,0.0,0.0,9.900990099009901,9.900990099009901,0.0,0.0,0.0,0.0,2.4752475247524752,4.9504950495049505,0.0,0.0,0.0,0.0,0.0,4.9504950495049505,7.425742574257425,94.05940594059406,24.752475247524753,9.900990099009901,86.63366336633663,0.5883838383838383,4.452020202020202,2.4752475247524752,7.425742574257425,0.0,4.9504950495049505,7.425742574257425,2.4752475247524752,7.425742574257425,2.4752475247524752,0.0,7.425742574257425,2.4752475247524752,19.801980198019802,2.4752475247524752,0.0,17.32673267326733,0.0,0.0,0.0,2.4752475247524752,9.900990099009901,4.9504950495049505,2.4752475247524752,14.85148514851485
103712,90.46454767726162,12.224938875305625,17.114914425427873,4.88997555012225,2.444987775061125,80.68459657701712,9.7799511002445,12.224938875305625,12.224938875305625,2.444987775061125,2.444987775061125,0.0,14.669926650366747,14.669926650366747,2.444987775061125,190.70904645476773,2.444987775061125,0.0,29.339853300733495,2.444987775061125,2.444987775061125,0.0,0.0,22.004889975550125,4.88997555012225,0.0,7.334963325183374,2.444987775061125,7.334963325183374,2.444987775061125,0.0,0.0,0.0,0.0,0.0,0.0,0.0,12.224938875305625,83.12958435207824,80.68459657701712,2.444987775061125,56.23471882640587,0.6320987654320988,4.777777777777778,2.444987775061125,0.0,0.0,0.0,9.7799511002445,0.0,7.334963325183374,2.444987775061125,2.444987775061125,4.88997555012225,7.334963325183374,31.78484107579462,12.224938875305625,2.444987775061125,9.7799511002445,0.0,0.0,0.0,2.444987775061125,7.334963325183374,2.444987775061125,0.0,2.444987775061125
104036,93.82716049382717,7.407407407407407,0.0,4.938271604938271,2.4691358024691357,0.0,0.0,71.60493827160494,34.5679012345679,0.0,7.407407407407407,0.0,14.814814814814815,4.938271604938271,4.938271604938271,234.5679012345679,4.938271604938271,0.0,22.22222222222222,2.4691358024691357,0.0,0.0,0.0,7.407407407407407,2.4691358024691357,4.938271604938271,0.0,0.0,9.876543209876543,2.4691358024691357,0.0,0.0,0.0,0.0,0.0,0.0,0.0,4.938271604938271,111.1111111111111,86.41975308641975,7.407407407407407,76.54320987654322,0.6004962779156328,4.6277915632754345,0.0,4.938271604938271,0.0,7.407407407407407,2.4691358024691357,0.0,2.4691358024691357,4.938271604938271,0.0,0.0,0.0,27.160493827160494,2.4691358024691357,4.938271604938271,4.938271604938271,0.0,2.4691358024691357,0.0,4.938271604938271,4.938271604938271,12.345679012345679,7.407407407407407,4.938271604938271
105881,96.77419354838709,17.3697270471464,2.4813895781637716,7.444168734491315,7.444168734491315,81.88585607940446,2.4813895781637716,12.40694789081886,34.7394540942928,0.0,2.4813895781637716,0.0,22.332506203473944,17.3697270471464,0.0,203.4739454094293,2.4813895781637716,0.0,34.7394540942928,2.4813895781637716,4.962779156327543,0.0,2.4813895781637716,19.851116625310173,4.962779156327543,2.4813895781637716,2.4813895781637716,0.0,4.962779156327543,2.4813895781637716,0.0,0.0,0.0,2.4813895781637716,0.0,0.0,0.0,2.4813895781637716,96.77419354838709,37.220843672456574,9.925558312655086,59.55334987593052,0.5558375634517766,4.248730964467005,0.0,2.4813895781637716,0.0,2.4813895781637716,7.444168734491315,0.0,12.40694789081886,2.4813895781637716,0.0,12.40694789081886,4.962779156327543,24.81389578163772,2.4813895781637716,0.0,17.3697270471464,0.0,2.4813895781637716,0.0,0.0,12.40694789081886,14.88833746898263,17.3697270471464,9.925558312655086
106028,79.01234567901234,2.4691358024691357,17.28395061728395,4.938271604938271,0.0,46.91358024691358,4.938271604938271,14.814814814814815,22.22222222222222,4.938271604938271,2.4691358024691357,0.0,19.753086419753085,7.407407407407407,0.0,279.01234567901236,7.407407407407407,2.4691358024691357,39.50617283950617,4.938271604938271,2.4691358024691357,0.0,4.938271604938271,2.4691358024691357,4.938271604938271,0.0,7.407407407407407,0.0,7.407407407407407,0.0,0.0,0.0,0.0,4.938271604938271,0.0,0.0,0.0,2.4691358024691357,125.92592592592591,74.07407407407408,7.407407407407407,44.44444444444444,0.5964467005076142,4.482233502538071,2.4691358024691357,0.0,0.0,0.0,4.938271604938271,0.0,0.0,0.0,0.0,12.345679012345679,0.0,7.407407407407407,0.0,0.0,19.753086419753085,0.0,0.0,0.0,2.4691358024691357,7.407407407407407,4.938271604938271,4.938271604938271,9.876543209876543
107269,86.1244019138756,16.74641148325359,4.784688995215311,2.3923444976076556,11.961722488038278,64.5933014354067,2.3923444976076556,28.70813397129187,23.923444976076556,2.3923444976076556,2.3923444976076556,0.0,11.961722488038278,9.569377990430622,2.3923444976076556,232.05741626794259,2.3923444976076556,0.0,28.70813397129187,0.0,4.784688995215311,0.0,0.0,7.177033492822967,4.784688995215311,0.0,2.3923444976076556,0.0,4.784688995215311,0.0,0.0,0.0,0.0,0.0,0.0,0.0,0.0,9.569377990430622,107.6555023923445,66.98564593301435,2.3923444976076556,55.02392344497608,0.5731414868105515,4.388489208633094,0.0,4.784688995215311,0.0,0.0,9.569377990430622,0.0,7.177033492822967,2.3923444976076556,0.0,4.784688995215311,4.784688995215311,11.961722488038278,7.177033492822967,0.0,0.0,2.3923444976076556,0.0,0.0,2.3923444976076556,0.0,7.177033492822967,4.784688995215311,0.0
108485,89.77556109725685,4.987531172069826,54.86284289276808,12.468827930174564,4.987531172069826,87.28179551122194,4.987531172069826,44.88778054862843,29.92518703241895,4.987531172069826,12.468827930174564,0.0,19.950124688279303,2.493765586034913,0.0,149.62593516209478,2.493765586034913,0.0,42.394014962593516,4.987531172069826,2.493765586034913,0.0,4.987531172069826,2.493765586034913,2.493765586034913,0.0,0.0,0.0,4.987531172069826,0.0,2.493765586034913,0.0,0.0,0.0,0.0,2.493765586034913,0.0,2.493765586034913,74.81296758104739,52.36907730673317,7.481296758104738,104.73815461346634,0.56282722513089,4.013089005235602,0.0,0.0,0.0,0.0,17.456359102244388,4.987531172069826,7.481296758104738,9.975062344139651,0.0,4.987531172069826,9.975062344139651,42.394014962593516,0.0,0.0,44.88778054862843,0.0,0.0,0.0,2.493765586034913,4.987531172069826,9.975062344139651,0.0,24.93765586034913
109349,113.25301204819277,4.819277108433735,0.0,7.228915662650603,2.4096385542168677,91.56626506024097,0.0,14.457831325301205,21.686746987951807,12.048192771084338,7.228915662650603,2.4096385542168677,19.27710843373494,7.228915662650603,0.0,204.81927710843374,4.819277108433735,0.0,16.867469879518072,2.4096385542168677,0.0,0.0,2.4096385542168677,19.27710843373494,4.819277108433735,0.0,0.0,4.819277108433735,12.048192771084338,0.0,0.0,0.0,0.0,0.0,0.0,0.0,2.4096385542168677,14.457831325301205,103.61445783132531,62.65060240963856,7.228915662650603,67.46987951807229,0.5,4.402439024390244,0.0,2.4096385542168677,0.0,4.819277108433735,14.457831325301205,0.0,2.4096385542168677,7.228915662650603,0.0,2.4096385542168677,0.0,14.457831325301205,7.228915662650603,14.457831325301205,9.63855421686747,2.4096385542168677,2.4096385542168677,2.4096385542168677,7.228915662650603,9.63855421686747,14.457831325301205,0.0,7.228915662650603
113967,78.75894988066825,2.3866348448687353,33.41288782816229,7.159904534606206,0.0,88.3054892601432,2.3866348448687353,23.86634844868735,52.50596658711217,4.773269689737471,2.3866348448687353,2.3866348448687353,14.319809069212411,11.933174224343675,2.3866348448687353,181.38424821002386,2.3866348448687353,0.0,42.959427207637226,0.0,2.3866348448687353,0.0,0.0,7.159904534606206,2.3866348448687353,0.0,2.3866348448687353,0.0,7.159904534606206,2.3866348448687353,0.0,0.0,0.0,0.0,0.0,0.0,9.546539379474941,14.319809069212411,88.3054892601432,33.41288782816229,7.159904534606206,85.91885441527445,0.5378973105134475,4.1222493887530565,0.0,7.159904534606206,0.0,0.0,9.546539379474941,2.3866348448687353,7.159904534606206,14.319809069212411,0.0,2.3866348448687353,16.706443914081145,21.479713603818613,4.773269689737471,0.0,19.093078758949883,0.0,2.3866348448687353,0.0,0.0,4.773269689737471,7.159904534606206,0.0,14.319809069212411
114778,111.66253101736973,2.4813895781637716,2.4813895781637716,14.88833746898263,2.4813895781637716,101.73697270471465,0.0,9.925558312655086,22.332506203473944,4.962779156327543,17.3697270471464,0.0,7.444168734491315,12.40694789081886,2.4813895781637716,148.8833746898263,4.962779156327543,2.4813895781637716,47.146401985111666,2.4813895781637716,2.4813895781637716,0.0,2.4813895781637716,19.851116625310173,4.962779156327543,2.4813895781637716,0.0,0.0,0.0,0.0,0.0,0.0,0.0,0.0,0.0,0.0,7.444168734491315,7.444168734491315,96.77419354838709,34.7394540942928,14.88833746898263,104.21836228287842,0.5316455696202531,4.2025316455696204,0.0,2.4813895781637716,0.0,0.0,9.925558312655086,0.0,0.0,4.962779156327543,2.4813895781637716,0.0,0.0,27.29528535980149,7.444168734491315,0.0,19.851116625310173,0.0,4.962779156327543,0.0,2.4813895781637716,7.444168734491315,14.88833746898263,2.4813895781637716,24.81389578163772
115189,103.44827586206897,12.315270935960593,2.4630541871921183,14.778325123152708,7.389162561576354,64.03940886699507,2.4630541871921183,9.852216748768473,14.778325123152708,0.0,7.389162561576354,0.0,9.852216748768473,2.4630541871921183,2.4630541871921183,231.5270935960591,4.926108374384237,0.0,29.556650246305416,2.4630541871921183,0.0,0.0,0.0,7.389162561576354,7.389162561576354,2.4630541871921183,0.0,2.4630541871921183,7.389162561576354,0.0,0.0,0.0,0.0,2.4630541871921183,0.0,0.0,0.0,12.315270935960593,113.30049261083744,36.94581280788178,0.0,86.20689655172414,0.5404040404040404,4.3686868686868685,2.4630541871921183,2.4630541871921183,4.926108374384237,2.4630541871921183,0.0,0.0,7.389162561576354,2.4630541871921183,2.4630541871921183,2.4630541871921183,2.4630541871921183,27.093596059113302,0.0,0.0,9.852216748768473,2.4630541871921183,0.0,0.0,2.4630541871921183,7.389162561576354,19.704433497536947,4.926108374384237,7.389162561576354
116191,63.10679611650485,9.70873786407767,14.563106796116505,7.281553398058253,0.0,0.0,2.4271844660194173,67.96116504854369,12.135922330097086,4.854368932038835,9.70873786407767,2.4271844660194173,12.135922330097086,9.70873786407767,0.0,199.02912621359224,7.281553398058253,0.0,26.699029126213592,0.0,4.854368932038835,2.4271844660194173,0.0,12.135922330097086,4.854368932038835,0.0,0.0,2.4271844660194173,4.854368932038835,0.0,0.0,0.0,0.0,0.0,0.0,0.0,2.4271844660194173,4.854368932038835,101.94174757281553,82.5242718446602,14.563106796116505,67.96116504854369,0.5735294117647058,4.713235294117647,0.0,0.0,2.4271844660194173,2.4271844660194173,12.135922330097086,0.0,0.0,2.4271844660194173,0.0,19.41747572815534,4.854368932038835,9.70873786407767,4.854368932038835,2.4271844660194173,2.4271844660194173,0.0,0.0,0.0,0.0,21.844660194174757,12.135922330097086,7.281553398058253,16.990291262135923
120061,104.21836228287842,14.88833746898263,29.77667493796526,7.444168734491315,4.962779156327543,2.4813895781637716,19.851116625310173,71.96029776674938,19.851116625310173,2.4813895781637716,4.962779156327543,0.0,2.4813895781637716,12.40694789081886,0.0,178.66004962779155,4.962779156327543,0.0,29.77667493796526,2.4813895781637716,2.4813895781637716,0.0,0.0,24.81389578163772,7.444168734491315,0.0,0.0,0.0,0.0,0.0,0.0,0.0,0.0,0.0,0.0,4.962779156327543,0.0,9.925558312655086,71.96029776674938,29.77667493796526,12.40694789081886,69.4789081885856,0.5392405063291139,4.531645569620253,0.0,4.962779156327543,0.0,0.0,12.40694789081886,0.0,4.962779156327543,4.962779156327543,0.0,0.0,4.962779156327543,9.925558312655086,2.4813895781637716,4.962779156327543,14.88833746898263,2.4813895781637716,0.0,0.0,2.4813895781637716,2.4813895781637716,12.40694789081886,0.0,12.40694789081886
121222,7.246376811594203,9.66183574879227,70.04830917874396,7.246376811594203,0.0,2.4154589371980677,0.0,31.40096618357488,9.66183574879227,16.908212560386474,4.830917874396135,0.0,21.73913043478261,9.66183574879227,12.077294685990339,263.2850241545894,12.077294685990339,0.0,21.73913043478261,4.830917874396135,0.0,0.0,0.0,7.246376811594203,0.0,0.0,4.830917874396135,2.4154589371980677,7.246376811594203,0.0,7.246376811594203,0.0,0.0,0.0,0.0,0.0,0.0,2.4154589371980677,142.51207729468598,60.386473429951685,2.4154589371980677,50.72463768115942,0.5752427184466019,4.45873786407767,2.4154589371980677,7.246376811594203,0.0,0.0,2.4154589371980677,0.0,12.077294685990339,2.4154589371980677,0.0,0.0,0.0,14.492753623188406,0.0,2.4154589371980677,2.4154589371980677,0.0,7.246376811594203,0.0,2.4154589371980677,9.66183574879227,7.246376811594203,2.4154589371980677,4.830917874396135
1213,91.35802469135803,7.407407407407407,2.4691358024691357,0.0,2.4691358024691357,0.0,7.407407407407407,46.91358024691358,7.407407407407407,2.4691358024691357,7.407407407407407,0.0,14.814814814814815,4.938271604938271,4.938271604938271,254.320987654321,2.4691358024691357,2.4691358024691357,34.5679012345679,2.4691358024691357,2.4691358024691357,0.0,0.0,7.407407407407407,2.4691358024691357,0.0,0.0,2.4691358024691357,4.938271604938271,0.0,0.0,0.0,0.0,0.0,0.0,2.4691358024691357,2.4691358024691357,7.407407407407407,125.92592592592591,46.91358024691358,7.407407407407407,66.66666666666667,0.5935162094763092,4.73067331670823,2.4691358024691357,4.938271604938271,0.0,0.0,2.4691358024691357,0.0,0.0,4.938271604938271,0.0,0.0,0.0,12.345679012345679,4.938271604938271,0.0,4.938271604938271,0.0,0.0,0.0,4.938271604938271,14.814814814814815,14.814814814814815,2.4691358024691357,2.4691358024691357
121362,100.24449877750611,4.88997555012225,7.334963325183374,2.444987775061125,4.88997555012225,22.004889975550125,0.0,7.334963325183374,24.44987775061125,4.88997555012225,0.0,0.0,22.004889975550125,22.004889975550125,2.444987775061125,261.6136919315403,7.334963325183374,0.0,51.344743276283616,0.0,0.0,0.0,0.0,9.7799511002445,2.444987775061125,2.444987775061125,4.88997555012225,2.444987775061125,7.334963325183374,0.0,7.334963325183374,0.0,0.0,0.0,0.0,0.0,0.0,12.224938875305625,119.8044009779951,90.46454767726162,9.7799511002445,46.45476772616137,0.6129032258064516,4.913151364764268,0.0,2.444987775061125,0.0,0.0,7.334963325183374,0.0,9.7799511002445,0.0,0.0,2.444987775061125,0.0,12.224938875305625,0.0,2.444987775061125,4.88997555012225,2.444987775061125,0.0,0.0,0.0,0.0,7.334963325183374,0.0,9.7799511002445
121396,50.60240963855422,2.4096385542168677,19.27710843373494,9.63855421686747,0.0,2.4096385542168677,2.4096385542168677,21.686746987951807,16.867469879518072,0.0,2.4096385542168677,0.0,14.457831325301205,4.819277108433735,2.4096385542168677,293.9759036144579,2.4096385542168677,2.4096385542168677,26.50602409638554,2.4096385542168677,0.0,0.0,2.4096385542168677,9.63855421686747,0.0,0.0,4.819277108433735,0.0,7.228915662650603,0.0,0.0,0.0,0.0,2.4096385542168677,0.0,0.0,0.0,4.819277108433735,103.61445783132531,72.28915662650603,2.4096385542168677,79.51807228915662,0.6167076167076168,4.8697788697788695,2.4096385542168677,7.228915662650603,2.4096385542168677,2.4096385542168677,9.63855421686747,0.0,2.4096385542168677,4.819277108433735,0.0,0.0,0.0,12.048192771084338,2.4096385542168677,0.0,12.048192771084338,0.0,0.0,2.4096385542168677,4.819277108433735,16.867469879518072,7.228915662650603,2.4096385542168677,4.819277108433735
12163,61.576354679802954,2.4630541871921183,4.926108374384237,2.4630541871921183,4.926108374384237,9.852216748768473,4.926108374384237,41.87192118226601,2.4630541871921183,4.926108374384237,0.0,0.0,17.241379310344826,32.01970443349754,2.4630541871921183,253.6945812807882,12.315270935960593,0.0,17.241379310344826,2.4630541871921183,0.0,0.0,0.0,14.778325123152708,2.4630541871921183,0.0,0.0,2.4630541871921183,4.926108374384237,0.0,0.0,0.0,0.0,0.0,0.0,0.0,0.0,7.389162561576354,123.15270935960591,44.33497536945813,2.4630541871921183,81.2807881773399,0.6029776674937966,5.039702233250621,2.4630541871921183,2.4630541871921183,0.0,0.0,14.778325123152708,2.4630541871921183,14.778325123152708,7.389162561576354,0.0,4.926108374384237,9.852216748768473,19.704433497536947,2.4630541871921183,4.926108374384237,2.4630541871921183,0.0,0.0,0.0,0.0,24.630541871921185,4.926108374384237,0.0,12.315270935960593
123248,80.48780487804878,0.0,12.195121951219512,2.4390243902439024,7.317073170731708,2.4390243902439024,4.878048780487805,60.97560975609756,14.634146341463415,2.4390243902439024,0.0,0.0,26.829268292682926,43.90243902439024,9.75609756097561,219.5121951219512,2.4390243902439024,0.0,26.829268292682926,4.878048780487805,0.0,0.0,0.0,2.4390243902439024,0.0,4.878048780487805,9.75609756097561,2.4390243902439024,9.75609756097561,0.0,2.4390243902439024,0.0,0.0,0.0,0.0,0.0,0.0,7.317073170731708,143.90243902439022,48.78048780487805,7.317073170731708,53.65853658536585,0.5798525798525799,4.800982800982801,2.4390243902439024,4.878048780487805,0.0,2.4390243902439024,9.75609756097561,2.4390243902439024,2.4390243902439024,0.0,0.0,0.0,0.0,12.195121951219512,4.878048780487805,0.0,0.0,2.4390243902439024,2.4390243902439024,0.0,0.0,21.95121951219512,7.317073170731708,2.4390243902439024,0.0
123932,79.40446650124069,19.851116625310173,7.444168734491315,2.4813895781637716,4.962779156327543,89.33002481389578,2.4813895781637716,4.962779156327543,17.3697270471464,2.4813895781637716,0.0,0.0,14.88833746898263,19.851116625310173,0.0,173.697270471464,0.0,2.4813895781637716,32.25806451612903,2.4813895781637716,0.0,0.0,2.4813895781637716,12.40694789081886,22.332506203473944,2.4813895781637716,0.0,4.962779156327543,2.4813895781637716,0.0,0.0,0.0,0.0,0.0,0.0,0.0,2.4813895781637716,9.925558312655086,86.848635235732,57.07196029776674,9.925558312655086,86.848635235732,0.5903307888040712,4.4987277353689565,4.962779156327543,0.0,2.4813895781637716,2.4813895781637716,7.444168734491315,0.0,4.962779156327543,0.0,0.0,12.40694789081886,2.4813895781637716,24.81389578163772,2.4813895781637716,4.962779156327543,19.851116625310173,0.0,0.0,0.0,2.4813895781637716,7.444168734491315,14.88833746898263,2.4813895781637716,12.40694789081886
126834,96.15384615384616,4.807692307692308,0.0,2.403846153846154,2.403846153846154,98.5576923076923,0.0,9.615384615384617,24.03846153846154,2.403846153846154,4.807692307692308,0.0,21.634615384615383,7.211538461538462,2.403846153846154,204.32692307692307,0.0,0.0,33.65384615384615,0.0,0.0,0.0,0.0,12.01923076923077,12.01923076923077,2.403846153846154,0.0,9.615384615384617,12.01923076923077,0.0,2.403846153846154,0.0,0.0,0.0,0.0,0.0,2.403846153846154,4.807692307692308,86.53846153846153,60.09615384615385,7.211538461538462,84.13461538461539,0.5825242718446602,4.473300970873787,0.0,4.807692307692308,0.0,2.403846153846154,4.807692307692308,0.0,2.403846153846154,7.211538461538462,0.0,2.403846153846154,7.211538461538462,16.826923076923077,4.807692307692308,7.211538461538462,7.211538461538462,0.0,0.0,2.403846153846154,4.807692307692308,9.615384615384617,12.01923076923077,7.211538461538462,7.211538461538462
126947,74.81296758104739,2.493765586034913,7.481296758104738,9.975062344139651,4.987531172069826,2.493765586034913,0.0,19.950124688279303,9.975062344139651,4.987531172069826,0.0,0.0,22.443890274314214,7.481296758104738,2.493765586034913,269.32668329177056,7.481296758104738,2.493765586034913,22.443890274314214,0.0,2.493765586034913,0.0,0.0,9.975062344139651,0.0,0.0,0.0,0.0,14.962593516209475,0.0,0.0,0.0,0.0,0.0,0.0,0.0,2.493765586034913,17.456359102244388,109.72568578553616,79.80049875311721,2.493765586034913,69.82543640897755,0.631979695431472,4.982233502538071,4.987531172069826,4.987531172069826,0.0,2.493765586034913,4.987531172069826,0.0,9.975062344139651,2.493765586034913,0.0,4.987531172069826,0.0,9.975062344139651,2.493765586034913,4.987531172069826,7.481296758104738,0.0,0.0,0.0,4.987531172069826,9.975062344139651,4.987531172069826,2.493765586034913,2.493765586034913
128811,82.32445520581113,9.685230024213075,7.263922518159807,4.842615012106537,2.4213075060532687,50.84745762711865,0.0,19.37046004842615,9.685230024213075,0.0,4.842615012106537,0.0,21.791767554479417,26.634382566585955,2.4213075060532687,210.65375302663438,4.842615012106537,0.0,29.055690072639226,2.4213075060532687,0.0,0.0,0.0,19.37046004842615,4.842615012106537,0.0,2.4213075060532687,7.263922518159807,14.527845036319613,0.0,0.0,0.0,0.0,0.0,0.0,2.4213075060532687,4.842615012106537,7.263922518159807,111.38014527845036,55.69007263922518,12.106537530266344,70.2179176755448,0.5975609756097561,4.624390243902439,4.842615012106537,2.4213075060532687,2.4213075060532687,0.0,2.4213075060532687,0.0,9.685230024213075,2.4213075060532687,0.0,4.842615012106537,4.842615012106537,12.106537530266344,4.842615012106537,7.263922518159807,2.4213075060532687,0.0,2.4213075060532687,0.0,4.842615012106537,16.949152542372882,9.685230024213075,0.0,2.4213075060532687
133397,70.5596107055961,2.4330900243309004,17.0316301703163,9.732360097323602,2.4330900243309004,60.82725060827251,7.299270072992701,0.0,24.330900243309003,12.165450121654501,2.4330900243309004,0.0,17.0316301703163,29.197080291970803,0.0,228.71046228710463,2.4330900243309004,0.0,31.630170316301705,4.866180048661801,0.0,0.0,2.4330900243309004,7.299270072992701,4.866180048661801,0.0,4.866180048661801,7.299270072992701,7.299270072992701,0.0,0.0,0.0,0.0,0.0,0.0,0.0,2.4330900243309004,4.866180048661801,92.45742092457421,53.5279805352798,4.866180048661801,60.82725060827251,0.5703517587939698,4.688442211055277,2.4330900243309004,0.0,0.0,0.0,4.866180048661801,2.4330900243309004,7.299270072992701,9.732360097323602,0.0,4.866180048661801,4.866180048661801,9.732360097323602,7.299270072992701,2.4330900243309004,19.464720194647203,0.0,0.0,0.0,4.866180048661801,9.732360097323602,7.299270072992701,4.866180048661801,12.165450121654501
133717,87.59124087591242,17.0316301703163,17.0316301703163,0.0,4.866180048661801,4.866180048661801,0.0,77.85888077858881,41.3625304136253,2.4330900243309004,0.0,0.0,12.165450121654501,9.732360097323602,0.0,253.04136253041364,0.0,0.0,36.4963503649635,0.0,0.0,0.0,2.4330900243309004,14.598540145985401,2.4330900243309004,0.0,0.0,0.0,7.299270072992701,2.4330900243309004,0.0,0.0,0.0,0.0,0.0,2.4330900243309004,4.866180048661801,9.732360097323602,94.8905109489051,55.961070559610704,7.299270072992701,53.5279805352798,0.5717884130982368,4.534005037783375,0.0,2.4330900243309004,0.0,0.0,14.598540145985401,2.4330900243309004,0.0,0.0,0.0,2.4330900243309004,2.4330900243309004,17.0316301703163,0.0,0.0,12.165450121654501,2.4330900243309004,0.0,0.0,0.0,2.4330900243309004,12.165450121654501,2.4330900243309004,4.866180048661801
134398,83.33333333333333,4.901960784313726,2.450980392156863,7.352941176470588,0.0,0.0,0.0,68.62745098039217,14.705882352941176,7.352941176470588,7.352941176470588,0.0,17.156862745098042,9.803921568627452,2.450980392156863,245.09803921568627,2.450980392156863,0.0,31.862745098039213,0.0,2.450980392156863,2.450980392156863,0.0,14.705882352941176,2.450980392156863,0.0,2.450980392156863,12.254901960784313,0.0,0.0,4.901960784313726,2.450980392156863,0.0,0.0,0.0,0.0,2.450980392156863,4.901960784313726,100.49019607843138,46.568627450980394,7.352941176470588,78.43137254901961,0.6095717884130982,4.712846347607053,0.0,2.450980392156863,0.0,0.0,9.803921568627452,0.0,4.901960784313726,4.901960784313726,2.450980392156863,9.803921568627452,7.352941176470588,12.254901960784313,7.352941176470588,2.450980392156863,12.254901960784313,2.450980392156863,0.0,0.0,9.803921568627452,9.803921568627452,12.254901960784313,0.0,9.803921568627452
13754,70.75471698113208,4.716981132075471,18.867924528301884,0.0,9.433962264150942,2.3584905660377355,9.433962264150942,44.81132075471698,9.433962264150942,4.716981132075471,0.0,4.716981132075471,16.50943396226415,23.58490566037736,0.0,250.0,7.0754716981132075,0.0,16.50943396226415,2.3584905660377355,0.0,0.0,0.0,25.943396226415096,4.716981132075471,0.0,0.0,0.0,7.0754716981132075,0.0,0.0,0.0,0.0,0.0,2.3584905660377355,0.0,4.716981132075471,7.0754716981132075,94.33962264150944,63.679245283018865,2.3584905660377355,75.47169811320754,0.6131386861313869,4.841849148418492,9.433962264150942,0.0,0.0,2.3584905660377355,11.79245283018868,0.0,4.716981132075471,4.716981132075471,0.0,7.0754716981132075,11.79245283018868,21.22641509433962,7.0754716981132075,2.3584905660377355,9.433962264150942,0.0,0.0,0.0,0.0,7.0754716981132075,14.150943396226415,2.3584905660377355,7.0754716981132075
139329,89.55223880597015,9.950248756218905,7.462686567164179,0.0,2.487562189054726,0.0,9.950248756218905,79.60199004975124,12.437810945273633,4.975124378109452,2.487562189054726,0.0,4.975124378109452,12.437810945273633,0.0,256.21890547263683,0.0,2.487562189054726,24.875621890547265,0.0,0.0,0.0,0.0,0.0,9.950248756218905,2.487562189054726,2.487562189054726,0.0,2.487562189054726,0.0,0.0,0.0,0.0,0.0,0.0,0.0,2.487562189054726,12.437810945273633,116.91542288557214,82.08955223880596,4.975124378109452,52.23880597014925,0.5670886075949367,4.663291139240506,4.975124378109452,4.975124378109452,0.0,2.487562189054726,2.487562189054726,0.0,4.975124378109452,0.0,0.0,0.0,7.462686567164179,14.925373134328359,0.0,2.487562189054726,7.462686567164179,2.487562189054726,0.0,0.0,2.487562189054726,4.975124378109452,2.487562189054726,0.0,0.0
139907,93.82716049382717,14.814814814814815,9.876543209876543,2.4691358024691357,7.407407407407407,79.01234567901234,9.876543209876543,34.5679012345679,2.4691358024691357,7.407407407407407,2.4691358024691357,0.0,12.345679012345679,14.814814814814815,2.4691358024691357,251.85185185185182,2.4691358024691357,0.0,22.22222222222222,2.4691358024691357,0.0,0.0,0.0,9.876543209876543,12.345679012345679,0.0,0.0,2.4691358024691357,2.4691358024691357,0.0,2.4691358024691357,0.0,0.0,0.0,0.0,2.4691358024691357,4.938271604938271,4.938271604938271,101.23456790123457,69.1358024691358,0.0,59.25925925925926,0.6030150753768844,4.603015075376884,0.0,2.4691358024691357,4.938271604938271,4.938271604938271,2.4691358024691357,0.0,0.0,0.0,2.4691358024691357,2.4691358024691357,7.407407407407407,27.160493827160494,2.4691358024691357,0.0,9.876543209876543,0.0,2.4691358024691357,0.0,4.938271604938271,0.0,4.938271604938271,0.0,2.4691358024691357
14000,94.76309226932668,12.468827930174564,14.962593516209475,4.987531172069826,0.0,57.356608478803,19.950124688279303,17.456359102244388,37.406483790523694,4.987531172069826,7.481296758104738,4.987531172069826,32.418952618453865,7.481296758104738,0.0,154.6134663341646,24.93765586034913,0.0,37.406483790523694,0.0,0.0,0.0,0.0,27.43142144638404,2.493765586034913,0.0,2.493765586034913,0.0,7.481296758104738,2.493765586034913,0.0,0.0,0.0,0.0,2.493765586034913,0.0,4.987531172069826,12.468827930174564,74.81296758104739,22.443890274314214,2.493765586034913,74.81296758104739,0.4857142857142857,3.961038961038961,2.493765586034913,0.0,2.493765586034913,2.493765586034913,9.975062344139651,0.0,0.0,4.987531172069826,7.481296758104738,17.456359102244388,7.481296758104738,22.443890274314214,0.0,4.987531172069826,27.43142144638404,0.0,2.493765586034913,0.0,4.987531172069826,0.0,12.468827930174564,4.987531172069826,19.950124688279303
141596,68.23529411764706,4.705882352941176,11.76470588235294,4.705882352941176,11.76470588235294,11.76470588235294,4.705882352941176,63.52941176470588,21.176470588235293,0.0,4.705882352941176,0.0,32.94117647058824,14.11764705882353,2.352941176470588,181.1764705882353,4.705882352941176,0.0,35.294117647058826,0.0,0.0,0.0,0.0,25.88235294117647,7.058823529411765,4.705882352941176,0.0,2.352941176470588,16.47058823529412,0.0,2.352941176470588,0.0,0.0,0.0,2.352941176470588,0.0,0.0,0.0,120.0,32.94117647058824,18.823529411764703,96.47058823529412,0.5611510791366906,4.386091127098322,2.352941176470588,0.0,0.0,2.352941176470588,11.76470588235294,0.0,7.058823529411765,4.705882352941176,0.0,7.058823529411765,2.352941176470588,23.52941176470588,7.058823529411765,4.705882352941176,16.47058823529412,0.0,0.0,0.0,2.352941176470588,11.76470588235294,11.76470588235294,0.0,7.058823529411765
141652,70.25761124121779,9.36768149882904,7.02576112412178,0.0,2.34192037470726,7.02576112412178,0.0,32.786885245901644,11.7096018735363,0.0,2.34192037470726,0.0,11.7096018735363,16.393442622950822,11.7096018735363,255.26932084309135,2.34192037470726,0.0,25.76112412177986,2.34192037470726,2.34192037470726,0.0,0.0,7.02576112412178,0.0,2.34192037470726,0.0,0.0,2.34192037470726,4.68384074941452,2.34192037470726,0.0,0.0,0.0,0.0,0.0,2.34192037470726,9.36768149882904,119.43793911007025,79.62529274004685,9.36768149882904,60.88992974238876,0.5876777251184834,4.725118483412322,0.0,9.36768149882904,2.34192037470726,7.02576112412178,2.34192037470726,0.0,4.68384074941452,9.36768149882904,2.34192037470726,0.0,2.34192037470726,28.10304449648712,2.34192037470726,2.34192037470726,0.0,0.0,0.0,0.0,0.0,11.7096018735363,11.7096018735363,0.0,2.34192037470726
1423,82.32445520581113,14.527845036319613,14.527845036319613,0.0,7.263922518159807,9.685230024213075,4.842615012106537,43.583535108958834,4.842615012106537,2.4213075060532687,0.0,0.0,24.213075060532688,26.634382566585955,2.4213075060532687,242.13075060532688,9.685230024213075,0.0,41.16222760290557,0.0,2.4213075060532687,0.0,0.0,14.527845036319613,0.0,0.0,0.0,0.0,14.527845036319613,0.0,7.263922518159807,0.0,0.0,0.0,0.0,0.0,0.0,4.842615012106537,111.38014527845036,65.37530266343826,12.106537530266344,48.426150121065376,0.5640394088669951,4.58128078817734,2.4213075060532687,4.842615012106537,0.0,2.4213075060532687,4.842615012106537,2.4213075060532687,7.263922518159807,0.0,0.0,2.4213075060532687,4.842615012106537,16.949152542372882,0.0,2.4213075060532687,9.685230024213075,0.0,2.4213075060532687,0.0,0.0,21.791767554479417,7.263922518159807,0.0,4.842615012106537
142780,79.90314769975787,12.106537530266344,12.106537530266344,0.0,2.4213075060532687,70.2179176755448,0.0,33.898305084745765,9.685230024213075,0.0,0.0,0.0,19.37046004842615,9.685230024213075,0.0,210.65375302663438,2.4213075060532687,2.4213075060532687,21.791767554479417,0.0,0.0,0.0,4.842615012106537,14.527845036319613,9.685230024213075,0.0,2.4213075060532687,0.0,2.4213075060532687,2.4213075060532687,0.0,0.0,0.0,2.4213075060532687,2.4213075060532687,0.0,4.842615012106537,14.527845036319613,106.53753026634382,58.11138014527845,9.685230024213075,84.7457627118644,0.6287128712871287,4.477722772277228,7.263922518159807,4.842615012106537,2.4213075060532687,2.4213075060532687,12.106537530266344,0.0,2.4213075060532687,4.842615012106537,2.4213075060532687,9.685230024213075,4.842615012106537,14.527845036319613,2.4213075060532687,0.0,21.791767554479417,2.4213075060532687,0.0,0.0,4.842615012106537,2.4213075060532687,7.263922518159807,0.0,7.263922518159807
147919,60.150375939849624,2.506265664160401,0.0,0.0,0.0,5.012531328320802,0.0,22.55639097744361,10.025062656641603,2.506265664160401,2.506265664160401,0.0,20.050125313283207,15.037593984962406,0.0,283.2080200501253,5.012531328320802,2.506265664160401,25.062656641604008,0.0,0.0,0.0,0.0,2.506265664160401,0.0,0.0,5.012531328320802,0.0,7.518796992481203,2.506265664160401,2.506265664160401,0.0,0.0,0.0,0.0,0.0,0.0,2.506265664160401,127.81954887218045,97.74436090225564,2.506265664160401,57.64411027568922,0.6132315521628499,5.147582697201018,0.0,5.012531328320802,0.0,2.506265664160401,5.012531328320802,0.0,10.025062656641603,7.518796992481203,2.506265664160401,0.0,2.506265664160401,17.543859649122805,0.0,2.506265664160401,0.0,0.0,2.506265664160401,2.506265664160401,5.012531328320802,20.050125313283207,7.518796992481203,2.506265664160401,0.0
148364,79.20792079207921,12.376237623762377,24.752475247524753,9.900990099009901,7.425742574257425,22.277227722772277,14.85148514851485,32.17821782178218,4.9504950495049505,0.0,2.4752475247524752,0.0,19.801980198019802,17.32673267326733,4.9504950495049505,267.3267326732673,7.425742574257425,2.4752475247524752,17.32673267326733,0.0,0.0,0.0,0.0,14.85148514851485,2.4752475247524752,0.0,0.0,0.0,9.900990099009901,2.4752475247524752,0.0,0.0,0.0,2.4752475247524752,0.0,0.0,2.4752475247524752,7.425742574257425,133.66336633663366,84.15841584158416,7.425742574257425,34.65346534653466,0.6004962779156328,4.8858560794044665,0.0,2.4752475247524752,0.0,0.0,0.0,0.0,4.9504950495049505,2.4752475247524752,0.0,0.0,4.9504950495049505,27.22772277227723,0.0,2.4752475247524752,2.4752475247524752,0.0,2.4752475247524752,0.0,12.376237623762377,9.900990099009901,14.85148514851485,2.4752475247524752,2.4752475247524752
149046,100.71942446043165,7.194244604316547,2.398081534772182,0.0,2.398081534772182,91.12709832134293,0.0,0.0,16.786570743405274,2.398081534772182,7.194244604316547,2.398081534772182,19.184652278177456,16.786570743405274,2.398081534772182,179.85611510791367,4.796163069544364,2.398081534772182,31.17505995203837,7.194244604316547,2.398081534772182,0.0,2.398081534772182,14.388489208633095,9.592326139088728,2.398081534772182,4.796163069544364,2.398081534772182,9.592326139088728,0.0,0.0,0.0,2.398081534772182,0.0,0.0,0.0,4.796163069544364,4.796163069544364,91.12709832134293,79.13669064748201,2.398081534772182,74.34052757793765,0.5845410628019324,4.502415458937198,4.796163069544364,4.796163069544364,0.0,2.398081534772182,4.796163069544364,0.0,4.796163069544364,4.796163069544364,0.0,7.194244604316547,4.796163069544364,16.786570743405274,2.398081534772182,4.796163069544364,7.194244604316547,2.398081534772182,0.0,0.0,4.796163069544364,11.990407673860911,23.980815347721823,2.398081534772182,7.194244604316547
149505,46.568627450980394,9.803921568627452,34.313725490196084,2.450980392156863,4.901960784313726,4.901960784313726,4.901960784313726,14.705882352941176,4.901960784313726,4.901960784313726,2.450980392156863,0.0,14.705882352941176,34.313725490196084,2.450980392156863,220.58823529411765,12.254901960784313,9.803921568627452,29.41176470588235,0.0,0.0,0.0,0.0,17.156862745098042,7.352941176470588,0.0,2.450980392156863,0.0,2.450980392156863,0.0,7.352941176470588,0.0,0.0,0.0,0.0,0.0,0.0,14.705882352941176,95.58823529411764,80.88235294117648,7.352941176470588,53.92156862745098,0.554726368159204,4.873134328358209,7.352941176470588,0.0,0.0,2.450980392156863,0.0,4.901960784313726,0.0,0.0,0.0,17.156862745098042,2.450980392156863,14.705882352941176,9.803921568627452,0.0,7.352941176470588,0.0,0.0,0.0,7.352941176470588,12.254901960784313,0.0,0.0,12.254901960784313
151279,102.68948655256723,4.88997555012225,4.88997555012225,0.0,7.334963325183374,83.12958435207824,2.444987775061125,9.7799511002445,19.559902200489,2.444987775061125,2.444987775061125,0.0,22.004889975550125,17.114914425427873,12.224938875305625,178.4841075794621,2.444987775061125,2.444987775061125,26.89486552567237,0.0,0.0,0.0,2.444987775061125,17.114914425427873,4.88997555012225,2.444987775061125,2.444987775061125,0.0,14.669926650366747,0.0,0.0,0.0,0.0,0.0,0.0,2.444987775061125,2.444987775061125,4.88997555012225,107.57946210268948,61.12469437652811,2.444987775061125,97.799511002445,0.598014888337469,4.399503722084368,2.444987775061125,12.224938875305625,0.0,0.0,9.7799511002445,0.0,0.0,2.444987775061125,0.0,2.444987775061125,4.88997555012225,34.229828850855746,7.334963325183374,0.0,9.7799511002445,0.0,0.0,2.444987775061125,4.88997555012225,4.88997555012225,9.7799511002445,4.88997555012225,9.7799511002445
15486,70.5596107055961,2.4330900243309004,4.866180048661801,7.299270072992701,0.0,9.732360097323602,0.0,68.1265206812652,0.0,0.0,0.0,0.0,0.0,14.598540145985401,4.866180048661801,299.27007299270076,2.4330900243309004,2.4330900243309004,14.598540145985401,2.4330900243309004,2.4330900243309004,0.0,0.0,14.598540145985401,2.4330900243309004,0.0,4.866180048661801,4.866180048661801,0.0,0.0,0.0,0.0,0.0,0.0,0.0,0.0,2.4330900243309004,4.866180048661801,119.2214111922141,55.961070559610704,7.299270072992701,48.661800486618006,0.5875,5.02,4.866180048661801,4.866180048661801,0.0,2.4330900243309004,0.0,0.0,7.299270072992701,4.866180048661801,0.0,0.0,2.4330900243309004,26.7639902676399,4.866180048661801,0.0,4.866180048661801,2.4330900243309004,0.0,0.0,0.0,9.732360097323602,9.732360097323602,0.0,2.4330900243309004
156571,61.42506142506143,14.742014742014742,24.570024570024568,0.0,2.457002457002457,27.027027027027028,9.828009828009828,27.027027027027028,9.828009828009828,2.457002457002457,2.457002457002457,0.0,31.94103194103194,14.742014742014742,4.914004914004914,243.24324324324326,4.914004914004914,0.0,19.656019656019655,0.0,0.0,0.0,0.0,12.285012285012284,4.914004914004914,2.457002457002457,0.0,0.0,9.828009828009828,0.0,9.828009828009828,0.0,0.0,0.0,0.0,0.0,0.0,0.0,149.87714987714986,41.76904176904177,4.914004914004914,63.88206388206388,0.5753086419753086,4.397530864197531,4.914004914004914,2.457002457002457,2.457002457002457,2.457002457002457,7.371007371007371,0.0,7.371007371007371,0.0,2.457002457002457,4.914004914004914,2.457002457002457,9.828009828009828,12.285012285012284,0.0,0.0,0.0,0.0,0.0,0.0,14.742014742014742,12.285012285012284,0.0,7.371007371007371
156726,54.32098765432099,2.4691358024691357,41.97530864197531,0.0,7.407407407407407,44.44444444444444,17.28395061728395,7.407407407407407,22.22222222222222,7.407407407407407,9.876543209876543,2.4691358024691357,19.753086419753085,29.62962962962963,0.0,172.8395061728395,12.345679012345679,0.0,27.160493827160494,0.0,2.4691358024691357,0.0,0.0,19.753086419753085,0.0,0.0,4.938271604938271,0.0,4.938271604938271,0.0,0.0,0.0,0.0,0.0,0.0,0.0,0.0,7.407407407407407,86.41975308641975,49.382716049382715,9.876543209876543,91.35802469135803,0.6065989847715736,4.774111675126903,0.0,2.4691358024691357,2.4691358024691357,0.0,14.814814814814815,0.0,17.28395061728395,9.876543209876543,0.0,7.407407407407407,4.938271604938271,17.28395061728395,9.876543209876543,2.4691358024691357,24.691358024691358,0.0,0.0,0.0,7.407407407407407,19.753086419753085,2.4691358024691357,0.0,9.876543209876543
15730,100.47846889952153,21.5311004784689,2.3923444976076556,9.569377990430622,2.3923444976076556,7.177033492822967,4.784688995215311,55.02392344497608,23.923444976076556,0.0,2.3923444976076556,0.0,9.569377990430622,23.923444976076556,0.0,227.27272727272725,11.961722488038278,0.0,11.961722488038278,0.0,2.3923444976076556,0.0,0.0,16.74641148325359,2.3923444976076556,2.3923444976076556,2.3923444976076556,0.0,11.961722488038278,0.0,0.0,0.0,0.0,0.0,0.0,0.0,4.784688995215311,9.569377990430622,110.04784688995215,55.02392344497608,2.3923444976076556,47.84688995215311,0.6004842615012107,4.702179176755448,0.0,2.3923444976076556,0.0,2.3923444976076556,7.177033492822967,0.0,7.177033492822967,2.3923444976076556,0.0,4.784688995215311,4.784688995215311,21.5311004784689,2.3923444976076556,2.3923444976076556,0.0,0.0,0.0,0.0,7.177033492822967,2.3923444976076556,9.569377990430622,0.0,0.0
157325,60.24096385542169,4.819277108433735,16.867469879518072,9.63855421686747,0.0,19.27710843373494,0.0,33.734939759036145,2.4096385542168677,2.4096385542168677,2.4096385542168677,0.0,14.457831325301205,31.32530120481928,2.4096385542168677,253.01204819277106,2.4096385542168677,0.0,21.686746987951807,0.0,2.4096385542168677,0.0,0.0,7.228915662650603,4.819277108433735,0.0,9.63855421686747,0.0,2.4096385542168677,0.0,2.4096385542168677,0.0,0.0,0.0,0.0,0.0,4.819277108433735,7.228915662650603,113.25301204819277,84.33734939759036,2.4096385542168677,60.24096385542169,0.6469135802469136,5.044444444444444,0.0,2.4096385542168677,0.0,2.4096385542168677,9.63855421686747,0.0,9.63855421686747,9.63855421686747,0.0,0.0,2.4096385542168677,16.867469879518072,4.819277108433735,0.0,7.228915662650603,0.0,0.0,0.0,0.0,12.048192771084338,4.819277108433735,2.4096385542168677,9.63855421686747
159005,83.54430379746836,5.063291139240507,7.594936708860759,0.0,5.063291139240507,81.0126582278481,0.0,2.5316455696202533,2.5316455696202533,2.5316455696202533,2.5316455696202533,0.0,10.126582278481013,17.721518987341774,5.063291139240507,250.63291139240508,2.5316455696202533,0.0,17.721518987341774,0.0,5.063291139240507,0.0,0.0,12.658227848101266,2.5316455696202533,5.063291139240507,2.5316455696202533,2.5316455696202533,5.063291139240507,0.0,2.5316455696202533,0.0,0.0,0.0,0.0,0.0,2.5316455696202533,12.658227848101266,113.92405063291139,73.41772151898735,5.063291139240507,43.037974683544306,0.6307692307692307,4.766666666666667,0.0,2.5316455696202533,0.0,0.0,2.5316455696202533,0.0,2.5316455696202533,2.5316455696202533,0.0,2.5316455696202533,2.5316455696202533,5.063291139240507,2.5316455696202533,2.5316455696202533,0.0,0.0,0.0,2.5316455696202533,5.063291139240507,2.5316455696202533,10.126582278481013,2.5316455696202533,0.0
159862,79.72665148063781,6.83371298405467,0.0,6.83371298405467,0.0,77.44874715261959,0.0,13.66742596810934,9.111617312072893,2.277904328018223,2.277904328018223,0.0,9.111617312072893,13.66742596810934,2.277904328018223,216.40091116173122,2.277904328018223,0.0,11.389521640091116,0.0,0.0,0.0,0.0,18.223234624145785,11.389521640091116,0.0,2.277904328018223,2.277904328018223,6.83371298405467,0.0,0.0,0.0,0.0,0.0,0.0,0.0,2.277904328018223,6.83371298405467,129.84054669703875,66.05922551252847,4.555808656036446,66.05922551252847,0.6027397260273972,4.461187214611872,11.389521640091116,2.277904328018223,2.277904328018223,0.0,4.555808656036446,0.0,2.277904328018223,4.555808656036446,2.277904328018223,0.0,2.277904328018223,25.056947608200456,2.277904328018223,4.555808656036446,0.0,2.277904328018223,0.0,0.0,2.277904328018223,9.111617312072893,4.555808656036446,0.0,4.555808656036446
16099,94.29280397022333,4.962779156327543,4.962779156327543,14.88833746898263,12.40694789081886,42.183622828784124,0.0,4.962779156327543,9.925558312655086,2.4813895781637716,9.925558312655086,0.0,24.81389578163772,24.81389578163772,2.4813895781637716,238.2133995037221,0.0,0.0,27.29528535980149,0.0,0.0,0.0,0.0,12.40694789081886,2.4813895781637716,2.4813895781637716,4.962779156327543,0.0,9.925558312655086,0.0,2.4813895781637716,0.0,0.0,0.0,0.0,0.0,2.4813895781637716,9.925558312655086,131.5136476426799,44.66501240694789,0.0,74.44168734491315,0.5671641791044776,4.519900497512438,4.962779156327543,4.962779156327543,0.0,0.0,9.925558312655086,0.0,12.40694789081886,4.962779156327543,0.0,0.0,2.4813895781637716,17.3697270471464,0.0,7.444168734491315,0.0,0.0,2.4813895781637716,0.0,0.0,12.40694789081886,4.962779156327543,0.0,4.962779156327543
16121,97.25685785536159,14.962593516209475,4.987531172069826,0.0,12.468827930174564,0.0,0.0,62.34413965087282,7.481296758104738,7.481296758104738,4.987531172069826,0.0,17.456359102244388,12.468827930174564,12.468827930174564,239.4014962593516,9.975062344139651,0.0,32.418952618453865,4.987531172069826,0.0,0.0,0.0,17.456359102244388,2.493765586034913,2.493765586034913,2.493765586034913,4.987531172069826,4.987531172069826,0.0,0.0,0.0,0.0,0.0,0.0,0.0,0.0,4.987531172069826,122.19451371571071,44.88778054862843,9.975062344139651,52.36907730673317,0.5631313131313131,4.5,0.0,4.987531172069826,0.0,0.0,2.493765586034913,0.0,0.0,0.0,0.0,0.0,4.987531172069826,12.468827930174564,4.987531172069826,0.0,4.987531172069826,0.0,0.0,0.0,2.493765586034913,12.468827930174564,12.468827930174564,14.962593516209475,4.987531172069826
162795,66.01466992665037,4.88997555012225,31.78484107579462,2.444987775061125,4.88997555012225,48.8997555012225,22.004889975550125,19.559902200489,12.224938875305625,12.224938875305625,0.0,0.0,17.114914425427873,36.674816625916876,0.0,176.039119804401,0.0,0.0,44.00977995110025,2.444987775061125,0.0,0.0,0.0,9.7799511002445,2.444987775061125,0.0,4.88997555012225,2.444987775061125,0.0,0.0,2.444987775061125,0.0,2.444987775061125,2.444987775061125,0.0,0.0,4.88997555012225,9.7799511002445,85.57457212713938,39.119804400978,2.444987775061125,85.57457212713938,0.6123456790123457,4.728395061728395,4.88997555012225,2.444987775061125,2.444987775061125,4.88997555012225,12.224938875305625,0.0,7.334963325183374,4.88997555012225,4.88997555012225,9.7799511002445,9.7799511002445,9.7799511002445,0.0,0.0,7.334963325183374,0.0,0.0,0.0,4.88997555012225,7.334963325183374,4.88997555012225,4.88997555012225,0.0
162928,83.33333333333333,19.607843137254903,12.254901960784313,2.450980392156863,7.352941176470588,31.862745098039213,4.901960784313726,34.313725490196084,14.705882352941176,7.352941176470588,2.450980392156863,0.0,12.254901960784313,7.352941176470588,0.0,227.94117647058823,4.901960784313726,0.0,39.21568627450981,9.803921568627452,0.0,0.0,0.0,24.509803921568626,0.0,0.0,2.450980392156863,0.0,2.450980392156863,0.0,4.901960784313726,0.0,0.0,0.0,0.0,0.0,2.450980392156863,14.705882352941176,100.49019607843138,49.01960784313725,2.450980392156863,78.43137254901961,0.5660847880299252,4.690773067331671,2.450980392156863,2.450980392156863,2.450980392156863,2.450980392156863,7.352941176470588,2.450980392156863,7.352941176470588,2.450980392156863,2.450980392156863,2.450980392156863,4.901960784313726,22.058823529411764,14.705882352941176,7.352941176470588,2.450980392156863,0.0,0.0,2.450980392156863,2.450980392156863,7.352941176470588,4.901960784313726,2.450980392156863,9.803921568627452
167272,76.16707616707617,2.457002457002457,0.0,4.914004914004914,2.457002457002457,0.0,0.0,36.85503685503686,7.371007371007371,2.457002457002457,2.457002457002457,0.0,12.285012285012284,9.828009828009828,0.0,309.58230958230956,2.457002457002457,0.0,24.570024570024568,2.457002457002457,0.0,0.0,0.0,2.457002457002457,2.457002457002457,9.828009828009828,9.828009828009828,2.457002457002457,0.0,0.0,2.457002457002457,0.0,0.0,0.0,0.0,0.0,0.0,12.285012285012284,140.04914004914005,68.7960687960688,7.371007371007371,31.94103194103194,0.5975308641975309,4.7975308641975305,2.457002457002457,0.0,0.0,0.0,0.0,0.0,0.0,2.457002457002457,0.0,0.0,0.0,7.371007371007371,0.0,0.0,0.0,0.0,0.0,0.0,2.457002457002457,14.742014742014742,12.285012285012284,2.457002457002457,0.0
168021,79.90314769975787,9.685230024213075,0.0,4.842615012106537,2.4213075060532687,48.426150121065376,0.0,16.949152542372882,9.685230024213075,2.4213075060532687,9.685230024213075,0.0,19.37046004842615,16.949152542372882,2.4213075060532687,215.4963680387409,4.842615012106537,0.0,36.31961259079903,2.4213075060532687,2.4213075060532687,0.0,0.0,9.685230024213075,7.263922518159807,0.0,2.4213075060532687,2.4213075060532687,14.527845036319613,0.0,0.0,0.0,0.0,2.4213075060532687,0.0,0.0,0.0,7.263922518159807,106.53753026634382,79.90314769975787,7.263922518159807,65.37530266343826,0.6161369193154034,4.623471882640587,0.0,9.685230024213075,0.0,2.4213075060532687,19.37046004842615,0.0,4.842615012106537,2.4213075060532687,0.0,14.527845036319613,4.842615012106537,19.37046004842615,7.263922518159807,9.685230024213075,4.842615012106537,0.0,0.0,2.4213075060532687,2.4213075060532687,7.263922518159807,9.685230024213075,0.0,7.263922518159807
168550,86.41975308641975,22.22222222222222,0.0,14.814814814814815,0.0,44.44444444444444,0.0,4.938271604938271,27.160493827160494,4.938271604938271,4.938271604938271,0.0,19.753086419753085,7.407407407407407,2.4691358024691357,212.3456790123457,4.938271604938271,0.0,14.814814814814815,0.0,2.4691358024691357,0.0,0.0,9.876543209876543,4.938271604938271,2.4691358024691357,7.407407407407407,0.0,4.938271604938271,2.4691358024691357,7.407407407407407,0.0,0.0,0.0,0.0,0.0,2.4691358024691357,12.345679012345679,120.98765432098766,64.19753086419753,4.938271604938271,61.72839506172839,0.5679012345679012,4.382716049382716,2.4691358024691357,7.407407407407407,2.4691358024691357,0.0,17.28395061728395,0.0,7.407407407407407,7.407407407407407,2.4691358024691357,2.4691358024691357,2.4691358024691357,17.28395061728395,0.0,7.407407407407407,0.0,0.0,0.0,0.0,4.938271604938271,0.0,2.4691358024691357,2.4691358024691357,2.4691358024691357
169572,106.28019323671498,7.246376811594203,0.0,7.246376811594203,2.4154589371980677,0.0,0.0,41.06280193236715,19.32367149758454,2.4154589371980677,4.830917874396135,2.4154589371980677,31.40096618357488,16.908212560386474,9.66183574879227,258.45410628019323,14.492753623188406,4.830917874396135,31.40096618357488,0.0,0.0,0.0,7.246376811594203,7.246376811594203,2.4154589371980677,0.0,2.4154589371980677,0.0,9.66183574879227,0.0,0.0,0.0,0.0,0.0,0.0,0.0,0.0,2.4154589371980677,128.0193236714976,38.64734299516908,4.830917874396135,65.21739130434783,0.5304136253041363,4.569343065693431,2.4154589371980677,0.0,0.0,0.0,14.492753623188406,0.0,0.0,2.4154589371980677,0.0,0.0,0.0,16.908212560386474,2.4154589371980677,0.0,2.4154589371980677,0.0,0.0,0.0,4.830917874396135,12.077294685990339,14.492753623188406,7.246376811594203,7.246376811594203
170378,99.03381642512076,9.66183574879227,7.246376811594203,9.66183574879227,4.830917874396135,0.0,2.4154589371980677,50.72463768115942,14.492753623188406,0.0,4.830917874396135,0.0,21.73913043478261,12.077294685990339,2.4154589371980677,241.54589371980674,12.077294685990339,0.0,26.570048309178745,2.4154589371980677,0.0,0.0,0.0,4.830917874396135,0.0,0.0,0.0,0.0,9.66183574879227,0.0,2.4154589371980677,2.4154589371980677,0.0,2.4154589371980677,0.0,0.0,4.830917874396135,16.908212560386474,113.52657004830918,48.309178743961354,0.0,86.95652173913044,0.5989974937343359,4.398496240601504,4.830917874396135,0.0,2.4154589371980677,2.4154589371980677,12.077294685990339,0.0,2.4154589371980677,2.4154589371980677,0.0,2.4154589371980677,4.830917874396135,33.81642512077295,2.4154589371980677,2.4154589371980677,14.492753623188406,0.0,2.4154589371980677,0.0,4.830917874396135,2.4154589371980677,4.830917874396135,2.4154589371980677,12.077294685990339
171742,67.79661016949153,16.949152542372882,9.685230024213075,4.842615012106537,9.685230024213075,4.842615012106537,9.685230024213075,26.634382566585955,7.263922518159807,2.4213075060532687,0.0,0.0,4.842615012106537,19.37046004842615,2.4213075060532687,295.39951573849874,7.263922518159807,0.0,9.685230024213075,0.0,0.0,0.0,0.0,7.263922518159807,9.685230024213075,2.4213075060532687,2.4213075060532687,0.0,0.0,0.0,2.4213075060532687,0.0,0.0,0.0,0.0,0.0,0.0,4.842615012106537,135.59322033898306,53.26876513317191,2.4213075060532687,41.16222760290557,0.5925925925925926,4.582716049382716,2.4213075060532687,0.0,0.0,2.4213075060532687,7.263922518159807,2.4213075060532687,4.842615012106537,2.4213075060532687,0.0,0.0,0.0,9.685230024213075,0.0,2.4213075060532687,0.0,0.0,0.0,0.0,2.4213075060532687,9.685230024213075,2.4213075060532687,2.4213075060532687,2.4213075060532687
174449,80.88235294117648,14.705882352941176,17.156862745098042,0.0,4.901960784313726,2.450980392156863,19.607843137254903,63.725490196078425,22.058823529411764,7.352941176470588,2.450980392156863,2.450980392156863,9.803921568627452,9.803921568627452,2.450980392156863,254.9019607843137,12.254901960784313,2.450980392156863,31.862745098039213,0.0,2.450980392156863,0.0,2.450980392156863,9.803921568627452,4.901960784313726,0.0,2.450980392156863,0.0,0.0,0.0,2.450980392156863,0.0,0.0,0.0,0.0,0.0,0.0,7.352941176470588,107.84313725490196,41.666666666666664,4.901960784313726,49.01960784313725,0.542713567839196,4.447236180904523,4.901960784313726,0.0,0.0,0.0,7.352941176470588,0.0,7.352941176470588,4.901960784313726,0.0,9.803921568627452,4.901960784313726,22.058823529411764,2.450980392156863,2.450980392156863,4.901960784313726,2.450980392156863,0.0,0.0,2.450980392156863,12.254901960784313,17.156862745098042,0.0,4.901960784313726
175900,56.511056511056516,7.371007371007371,24.570024570024568,0.0,4.914004914004914,4.914004914004914,4.914004914004914,39.31203931203931,14.742014742014742,4.914004914004914,2.457002457002457,0.0,27.027027027027028,19.656019656019655,2.457002457002457,218.67321867321868,2.457002457002457,2.457002457002457,29.484029484029485,0.0,0.0,0.0,7.371007371007371,19.656019656019655,2.457002457002457,0.0,2.457002457002457,0.0,4.914004914004914,2.457002457002457,0.0,0.0,0.0,0.0,0.0,0.0,0.0,7.371007371007371,95.82309582309583,66.33906633906633,14.742014742014742,81.08108108108108,0.5736040609137056,4.83756345177665,0.0,4.914004914004914,4.914004914004914,2.457002457002457,9.828009828009828,4.914004914004914,2.457002457002457,7.371007371007371,2.457002457002457,0.0,4.914004914004914,27.027027027027028,4.914004914004914,0.0,14.742014742014742,2.457002457002457,0.0,0.0,4.914004914004914,14.742014742014742,7.371007371007371,0.0,14.742014742014742
175973,99.75062344139651,4.987531172069826,22.443890274314214,9.975062344139651,4.987531172069826,42.394014962593516,9.975062344139651,42.394014962593516,27.43142144638404,7.481296758104738,4.987531172069826,2.493765586034913,24.93765586034913,12.468827930174564,2.493765586034913,167.08229426433914,7.481296758104738,0.0,42.394014962593516,7.481296758104738,0.0,0.0,2.493765586034913,17.456359102244388,0.0,0.0,2.493765586034913,2.493765586034913,12.468827930174564,0.0,0.0,0.0,0.0,4.987531172069826,0.0,0.0,0.0,9.975062344139651,104.73815461346634,52.36907730673317,7.481296758104738,89.77556109725685,0.5674300254452926,4.213740458015267,0.0,2.493765586034913,7.481296758104738,4.987531172069826,4.987531172069826,0.0,4.987531172069826,9.975062344139651,0.0,0.0,4.987531172069826,34.912718204488776,0.0,12.468827930174564,14.962593516209475,0.0,0.0,0.0,2.493765586034913,4.987531172069826,12.468827930174564,2.493765586034913,9.975062344139651
177107,96.0591133004926,14.778325123152708,0.0,17.241379310344826,4.926108374384237,66.50246305418719,0.0,0.0,29.556650246305416,2.4630541871921183,17.241379310344826,0.0,4.926108374384237,9.852216748768473,2.4630541871921183,182.26600985221674,2.4630541871921183,0.0,39.40886699507389,2.4630541871921183,0.0,0.0,0.0,4.926108374384237,7.389162561576354,0.0,4.926108374384237,4.926108374384237,4.926108374384237,0.0,0.0,0.0,0.0,0.0,0.0,0.0,2.4630541871921183,9.852216748768473,88.66995073891626,56.65024630541872,9.852216748768473,86.20689655172414,0.5338345864661654,4.223057644110276,2.4630541871921183,4.926108374384237,0.0,2.4630541871921183,9.852216748768473,0.0,7.389162561576354,2.4630541871921183,4.926108374384237,2.4630541871921183,0.0,14.778325123152708,4.926108374384237,2.4630541871921183,12.315270935960593,0.0,0.0,0.0,0.0,17.241379310344826,29.556650246305416,0.0,14.778325123152708
179094,7.263922518159807,9.685230024213075,62.953995157384995,2.4213075060532687,7.263922518159807,19.37046004842615,16.949152542372882,2.4213075060532687,16.949152542372882,4.842615012106537,4.842615012106537,2.4213075060532687,14.527845036319613,31.476997578692497,7.263922518159807,237.28813559322035,2.4213075060532687,0.0,14.527845036319613,4.842615012106537,0.0,0.0,0.0,16.949152542372882,0.0,0.0,4.842615012106537,0.0,2.4213075060532687,0.0,2.4213075060532687,0.0,0.0,0.0,0.0,0.0,9.685230024213075,4.842615012106537,94.43099273607749,65.37530266343826,0.0,65.37530266343826,0.6583541147132169,4.827930174563591,2.4213075060532687,0.0,2.4213075060532687,0.0,4.842615012106537,0.0,2.4213075060532687,14.527845036319613,2.4213075060532687,0.0,2.4213075060532687,12.106537530266344,0.0,2.4213075060532687,19.37046004842615,0.0,0.0,0.0,2.4213075060532687,12.106537530266344,9.685230024213075,4.842615012106537,12.106537530266344
179190,103.96039603960395,12.376237623762377,4.9504950495049505,12.376237623762377,0.0,56.93069306930693,9.900990099009901,17.32673267326733,9.900990099009901,0.0,9.900990099009901,0.0,14.85148514851485,29.7029702970297,4.9504950495049505,210.3960396039604,4.9504950495049505,0.0,37.12871287128713,12.376237623762377,0.0,0.0,0.0,14.85148514851485,0.0,0.0,4.9504950495049505,0.0,7.425742574257425,0.0,2.4752475247524752,0.0,0.0,0.0,0.0,0.0,4.9504950495049505,14.85148514851485,118.8118811881188,24.752475247524753,14.85148514851485,49.504950495049506,0.6059850374064838,4.678304239401497,2.4752475247524752,7.425742574257425,0.0,0.0,0.0,0.0,2.4752475247524752,0.0,0.0,4.9504950495049505,2.4752475247524752,9.900990099009901,2.4752475247524752,4.9504950495049505,7.425742574257425,0.0,0.0,0.0,7.425742574257425,24.752475247524753,7.425742574257425,7.425742574257425,2.4752475247524752
179941,64.67661691542288,14.925373134328359,0.0,4.975124378109452,9.950248756218905,0.0,0.0,12.437810945273633,49.75124378109453,4.975124378109452,0.0,0.0,24.875621890547265,19.90049751243781,2.487562189054726,243.7810945273632,0.0,2.487562189054726,19.90049751243781,0.0,0.0,0.0,0.0,17.412935323383085,2.487562189054726,0.0,0.0,4.975124378109452,7.462686567164179,0.0,0.0,0.0,0.0,0.0,0.0,0.0,2.487562189054726,7.462686567164179,134.32835820895522,99.50248756218906,2.487562189054726,52.23880597014925,0.5311720698254364,4.793017456359102,0.0,4.975124378109452,0.0,2.487562189054726,0.0,0.0,14.925373134328359,0.0,0.0,4.975124378109452,0.0,9.950248756218905,0.0,0.0,0.0,0.0,0.0,0.0,0.0,12.437810945273633,4.975124378109452,2.487562189054726,4.975124378109452
181349,62.65060240963856,4.819277108433735,4.819277108433735,2.4096385542168677,4.819277108433735,0.0,0.0,24.096385542168676,12.048192771084338,2.4096385542168677,2.4096385542168677,2.4096385542168677,9.63855421686747,16.867469879518072,0.0,301.20481927710847,4.819277108433735,0.0,16.867469879518072,0.0,0.0,0.0,0.0,14.457831325301205,0.0,2.4096385542168677,2.4096385542168677,0.0,4.819277108433735,0.0,0.0,0.0,0.0,2.4096385542168677,0.0,0.0,2.4096385542168677,19.27710843373494,98.79518072289156,98.79518072289156,9.63855421686747,57.83132530120482,0.6419753086419753,5.25679012345679,4.819277108433735,4.819277108433735,0.0,0.0,2.4096385542168677,0.0,4.819277108433735,2.4096385542168677,0.0,0.0,0.0,7.228915662650603,0.0,2.4096385542168677,2.4096385542168677,0.0,0.0,0.0,4.819277108433735,12.048192771084338,4.819277108433735,0.0,4.819277108433735
181539,55.8252427184466,12.135922330097086,7.281553398058253,7.281553398058253,14.563106796116505,80.09708737864078,0.0,4.854368932038835,7.281553398058253,2.4271844660194173,0.0,0.0,4.854368932038835,26.699029126213592,2.4271844660194173,262.13592233009706,4.854368932038835,0.0,14.563106796116505,0.0,0.0,0.0,0.0,7.281553398058253,2.4271844660194173,0.0,2.4271844660194173,2.4271844660194173,2.4271844660194173,0.0,0.0,0.0,0.0,2.4271844660194173,0.0,0.0,2.4271844660194173,4.854368932038835,140.7766990291262,72.81553398058252,2.4271844660194173,43.689320388349515,0.6161369193154034,4.801955990220049,0.0,4.854368932038835,0.0,0.0,2.4271844660194173,2.4271844660194173,0.0,4.854368932038835,0.0,2.4271844660194173,4.854368932038835,19.41747572815534,0.0,0.0,2.4271844660194173,0.0,0.0,0.0,9.70873786407767,12.135922330097086,4.854368932038835,2.4271844660194173,0.0
185422,69.82543640897755,4.987531172069826,2.493765586034913,4.987531172069826,4.987531172069826,24.93765586034913,7.481296758104738,44.88778054862843,7.481296758104738,2.493765586034913,4.987531172069826,2.493765586034913,12.468827930174564,12.468827930174564,2.493765586034913,249.37655860349128,2.493765586034913,0.0,24.93765586034913,0.0,2.493765586034913,0.0,0.0,9.975062344139651,0.0,0.0,0.0,2.493765586034913,7.481296758104738,2.493765586034913,2.493765586034913,0.0,0.0,0.0,0.0,0.0,7.481296758104738,7.481296758104738,114.713216957606,69.82543640897755,2.493765586034913,64.83790523690773,0.5944584382871536,4.647355163727959,4.987531172069826,4.987531172069826,0.0,0.0,9.975062344139651,0.0,9.975062344139651,2.493765586034913,2.493765586034913,7.481296758104738,0.0,17.456359102244388,2.493765586034913,7.481296758104738,0.0,0.0,0.0,0.0,4.987531172069826,7.481296758104738,4.987531172069826,2.493765586034913,7.481296758104738
186150,63.38028169014084,7.042253521126761,28.169014084507044,14.084507042253522,2.347417840375587,18.779342723004696,11.737089201877934,56.33802816901409,18.779342723004696,2.347417840375587,2.347417840375587,4.694835680751174,14.084507042253522,14.084507042253522,0.0,190.14084507042253,0.0,0.0,25.821596244131456,0.0,0.0,0.0,0.0,21.12676056338028,9.389671361502348,0.0,0.0,0.0,4.694835680751174,0.0,0.0,0.0,0.0,0.0,0.0,0.0,14.084507042253522,16.431924882629108,103.28638497652582,68.07511737089202,14.084507042253522,84.50704225352112,0.5956937799043063,4.363636363636363,2.347417840375587,4.694835680751174,2.347417840375587,4.694835680751174,4.694835680751174,0.0,4.694835680751174,0.0,0.0,11.737089201877934,4.694835680751174,16.431924882629108,2.347417840375587,2.347417840375587,11.737089201877934,2.347417840375587,0.0,0.0,4.694835680751174,4.694835680751174,4.694835680751174,4.694835680751174,9.389671361502348
186598,62.80193236714976,12.077294685990339,43.47826086956522,4.830917874396135,0.0,84.54106280193237,14.492753623188406,9.66183574879227,14.492753623188406,2.4154589371980677,0.0,0.0,38.64734299516908,21.73913043478261,2.4154589371980677,161.83574879227052,2.4154589371980677,0.0,53.14009661835749,0.0,2.4154589371980677,0.0,0.0,21.73913043478261,4.830917874396135,0.0,2.4154589371980677,4.830917874396135,4.830917874396135,7.246376811594203,0.0,0.0,0.0,0.0,0.0,0.0,0.0,2.4154589371980677,86.95652173913044,53.14009661835749,7.246376811594203,86.95652173913044,0.5665024630541872,4.29064039408867,0.0,7.246376811594203,0.0,7.246376811594203,4.830917874396135,0.0,4.830917874396135,7.246376811594203,0.0,2.4154589371980677,0.0,16.908212560386474,0.0,0.0,16.908212560386474,0.0,0.0,0.0,4.830917874396135,7.246376811594203,12.077294685990339,4.830917874396135,12.077294685990339
188289,112.21945137157108,4.987531172069826,7.481296758104738,2.493765586034913,0.0,79.80049875311721,0.0,27.43142144638404,7.481296758104738,0.0,7.481296758104738,2.493765586034913,12.468827930174564,12.468827930174564,4.987531172069826,187.03241895261846,7.481296758104738,0.0,22.443890274314214,0.0,0.0,0.0,2.493765586034913,19.950124688279303,7.481296758104738,2.493765586034913,2.493765586034913,0.0,2.493765586034913,2.493765586034913,2.493765586034913,0.0,0.0,0.0,0.0,0.0,0.0,17.456359102244388,69.82543640897755,39.900249376558605,7.481296758104738,72.31920199501248,0.5516372795969773,4.289672544080605,2.493765586034913,2.493765586034913,2.493765586034913,0.0,9.975062344139651,0.0,7.481296758104738,4.987531172069826,0.0,4.987531172069826,2.493765586034913,27.43142144638404,0.0,2.493765586034913,9.975062344139651,0.0,2.493765586034913,0.0,4.987531172069826,14.962593516209475,12.468827930174564,0.0,17.456359102244388
189038,91.34615384615384,7.211538461538462,4.807692307692308,9.615384615384617,0.0,69.71153846153847,0.0,2.403846153846154,14.423076923076923,2.403846153846154,2.403846153846154,2.403846153846154,9.615384615384617,16.826923076923077,2.403846153846154,233.17307692307693,2.403846153846154,0.0,19.230769230769234,0.0,0.0,0.0,0.0,7.211538461538462,4.807692307692308,0.0,2.403846153846154,0.0,4.807692307692308,0.0,0.0,0.0,0.0,0.0,0.0,0.0,2.403846153846154,16.826923076923077,132.21153846153845,48.07692307692308,4.807692307692308,72.11538461538461,0.5980629539951574,4.380145278450363,4.807692307692308,0.0,0.0,2.403846153846154,9.615384615384617,0.0,7.211538461538462,2.403846153846154,0.0,2.403846153846154,2.403846153846154,12.01923076923077,2.403846153846154,0.0,4.807692307692308,0.0,0.0,0.0,0.0,2.403846153846154,9.615384615384617,2.403846153846154,4.807692307692308
190986,71.07843137254902,7.352941176470588,0.0,7.352941176470588,2.450980392156863,2.450980392156863,0.0,49.01960784313725,7.352941176470588,2.450980392156863,4.901960784313726,0.0,12.254901960784313,9.803921568627452,2.450980392156863,276.9607843137255,0.0,0.0,24.509803921568626,2.450980392156863,0.0,0.0,0.0,9.803921568627452,7.352941176470588,0.0,2.450980392156863,0.0,2.450980392156863,0.0,4.901960784313726,0.0,0.0,0.0,0.0,0.0,0.0,4.901960784313726,120.09803921568628,26.96078431372549,7.352941176470588,66.17647058823529,0.5818639798488665,4.234256926952141,0.0,4.901960784313726,2.450980392156863,0.0,7.352941176470588,2.450980392156863,2.450980392156863,7.352941176470588,0.0,0.0,4.901960784313726,7.352941176470588,0.0,2.450980392156863,4.901960784313726,0.0,2.450980392156863,0.0,0.0,7.352941176470588,2.450980392156863,7.352941176470588,9.803921568627452
194258,83.12958435207824,4.88997555012225,22.004889975550125,2.444987775061125,2.444987775061125,34.229828850855746,17.114914425427873,51.344743276283616,7.334963325183374,2.444987775061125,4.88997555012225,2.444987775061125,19.559902200489,17.114914425427873,0.0,215.15892420537895,0.0,0.0,46.45476772616137,4.88997555012225,0.0,0.0,0.0,2.444987775061125,4.88997555012225,2.444987775061125,4.88997555012225,2.444987775061125,9.7799511002445,2.444987775061125,2.444987775061125,0.0,0.0,0.0,4.88997555012225,0.0,0.0,4.88997555012225,122.24938875305622,46.45476772616137,12.224938875305625,70.90464547677261,0.5825,4.37,2.444987775061125,2.444987775061125,0.0,2.444987775061125,4.88997555012225,0.0,4.88997555012225,0.0,0.0,4.88997555012225,7.334963325183374,7.334963325183374,0.0,2.444987775061125,17.114914425427873,0.0,2.444987775061125,0.0,2.444987775061125,12.224938875305625,9.7799511002445,0.0,9.7799511002445
194499,98.0392156862745,4.901960784313726,4.901960784313726,12.254901960784313,4.901960784313726,51.470588235294116,0.0,51.470588235294116,9.803921568627452,4.901960784313726,7.352941176470588,0.0,26.96078431372549,2.450980392156863,2.450980392156863,198.52941176470588,4.901960784313726,0.0,34.313725490196084,4.901960784313726,0.0,0.0,0.0,12.254901960784313,9.803921568627452,2.450980392156863,0.0,2.450980392156863,12.254901960784313,0.0,2.450980392156863,0.0,0.0,0.0,2.450980392156863,2.450980392156863,0.0,12.254901960784313,151.96078431372547,53.92156862745098,0.0,63.725490196078425,0.5896805896805897,4.238329238329238,4.901960784313726,9.803921568627452,2.450980392156863,0.0,4.901960784313726,2.450980392156863,2.450980392156863,0.0,0.0,0.0,0.0,19.607843137254903,0.0,4.901960784313726,0.0,0.0,0.0,0.0,0.0,4.901960784313726,4.901960784313726,0.0,2.450980392156863
196097,53.14009661835749,19.32367149758454,67.6328502415459,4.830917874396135,4.830917874396135,79.71014492753622,7.246376811594203,28.985507246376812,14.492753623188406,0.0,7.246376811594203,4.830917874396135,7.246376811594203,14.492753623188406,4.830917874396135,185.9903381642512,4.830917874396135,0.0,31.40096618357488,2.4154589371980677,0.0,0.0,0.0,24.154589371980677,9.66183574879227,0.0,0.0,2.4154589371980677,0.0,0.0,0.0,0.0,2.4154589371980677,0.0,0.0,0.0,2.4154589371980677,7.246376811594203,89.37198067632849,41.06280193236715,2.4154589371980677,70.04830917874396,0.5825,4.3825,2.4154589371980677,0.0,0.0,0.0,9.66183574879227,0.0,2.4154589371980677,2.4154589371980677,2.4154589371980677,4.830917874396135,4.830917874396135,9.66183574879227,2.4154589371980677,2.4154589371980677,31.40096618357488,0.0,0.0,0.0,12.077294685990339,7.246376811594203,16.908212560386474,2.4154589371980677,16.908212560386474
196100,80.88235294117648,14.705882352941176,0.0,2.450980392156863,2.450980392156863,0.0,0.0,36.76470588235294,9.803921568627452,2.450980392156863,0.0,0.0,9.803921568627452,22.058823529411764,2.450980392156863,237.74509803921566,14.705882352941176,0.0,29.41176470588235,2.450980392156863,2.450980392156863,0.0,0.0,9.803921568627452,4.901960784313726,0.0,7.352941176470588,0.0,2.450980392156863,2.450980392156863,0.0,0.0,0.0,0.0,0.0,0.0,4.901960784313726,12.254901960784313,100.49019607843138,83.33333333333333,4.901960784313726,61.27450980392157,0.5995085995085995,4.687960687960688,2.450980392156863,7.352941176470588,0.0,2.450980392156863,12.254901960784313,0.0,7.352941176470588,0.0,0.0,2.450980392156863,7.352941176470588,26.96078431372549,0.0,0.0,0.0,0.0,0.0,0.0,4.901960784313726,12.254901960784313,0.0,9.803921568627452,4.901960784313726
19653,77.3067331670823,12.468827930174564,4.987531172069826,2.493765586034913,4.987531172069826,64.83790523690773,4.987531172069826,7.481296758104738,24.93765586034913,7.481296758104738,4.987531172069826,2.493765586034913,24.93765586034913,2.493765586034913,0.0,192.01995012468828,2.493765586034913,2.493765586034913,37.406483790523694,2.493765586034913,2.493765586034913,0.0,0.0,14.962593516209475,7.481296758104738,0.0,4.987531172069826,0.0,9.975062344139651,0.0,0.0,0.0,0.0,2.493765586034913,2.493765586034913,0.0,2.493765586034913,2.493765586034913,104.73815461346634,44.88778054862843,4.987531172069826,94.76309226932668,0.5577889447236181,4.226130653266332,4.987531172069826,2.493765586034913,2.493765586034913,0.0,19.950124688279303,0.0,9.975062344139651,4.987531172069826,4.987531172069826,7.481296758104738,4.987531172069826,12.468827930174564,0.0,4.987531172069826,7.481296758104738,0.0,4.987531172069826,0.0,7.481296758104738,7.481296758104738,12.468827930174564,0.0,12.468827930174564
198111,54.59057071960298,9.925558312655086,34.7394540942928,0.0,12.40694789081886,91.81141439205956,0.0,12.40694789081886,12.40694789081886,0.0,12.40694789081886,4.962779156327543,9.925558312655086,12.40694789081886,2.4813895781637716,205.95533498759306,0.0,0.0,17.3697270471464,0.0,2.4813895781637716,0.0,0.0,7.444168734491315,9.925558312655086,0.0,2.4813895781637716,0.0,2.4813895781637716,0.0,0.0,0.0,0.0,0.0,0.0,0.0,0.0,17.3697270471464,114.14392059553349,74.44168734491315,0.0,59.55334987593052,0.6055276381909548,4.580402010050252,0.0,2.4813895781637716,0.0,0.0,9.925558312655086,4.962779156327543,4.962779156327543,4.962779156327543,0.0,0.0,2.4813895781637716,17.3697270471464,0.0,0.0,4.962779156327543,0.0,0.0,0.0,0.0,4.962779156327543,9.925558312655086,0.0,2.4813895781637716
203178,72.09302325581396,9.30232558139535,6.976744186046512,4.651162790697675,2.3255813953488373,9.30232558139535,4.651162790697675,39.53488372093023,0.0,9.30232558139535,2.3255813953488373,2.3255813953488373,16.27906976744186,9.30232558139535,2.3255813953488373,262.7906976744186,2.3255813953488373,0.0,23.25581395348837,2.3255813953488373,2.3255813953488373,0.0,2.3255813953488373,11.627906976744185,0.0,0.0,2.3255813953488373,0.0,6.976744186046512,2.3255813953488373,0.0,0.0,0.0,0.0,0.0,0.0,0.0,2.3255813953488373,113.95348837209303,88.37209302325581,2.3255813953488373,51.16279069767442,0.5710900473933649,4.466824644549763,2.3255813953488373,2.3255813953488373,0.0,2.3255813953488373,11.627906976744185,0.0,0.0,9.30232558139535,0.0,6.976744186046512,9.30232558139535,18.6046511627907,6.976744186046512,0.0,9.30232558139535,0.0,0.0,0.0,4.651162790697675,9.30232558139535,4.651162790697675,2.3255813953488373,4.651162790697675
203370,69.71153846153847,4.807692307692308,36.05769230769231,2.403846153846154,2.403846153846154,60.09615384615385,24.03846153846154,28.846153846153847,19.230769230769234,0.0,4.807692307692308,0.0,14.423076923076923,21.634615384615383,0.0,175.48076923076923,2.403846153846154,2.403846153846154,28.846153846153847,4.807692307692308,0.0,0.0,0.0,19.230769230769234,9.615384615384617,2.403846153846154,2.403846153846154,2.403846153846154,9.615384615384617,0.0,2.403846153846154,0.0,0.0,0.0,0.0,0.0,2.403846153846154,7.211538461538462,108.17307692307693,43.26923076923077,4.807692307692308,72.11538461538461,0.5732009925558312,4.416873449131514,2.403846153846154,0.0,2.403846153846154,0.0,9.615384615384617,2.403846153846154,2.403846153846154,0.0,0.0,7.211538461538462,7.211538461538462,14.423076923076923,7.211538461538462,2.403846153846154,28.846153846153847,0.0,2.403846153846154,0.0,4.807692307692308,7.211538461538462,9.615384615384617,0.0,9.615384615384617
20357,73.63420427553444,7.125890736342043,2.375296912114014,4.750593824228028,2.375296912114014,0.0,0.0,40.38004750593824,14.251781472684087,0.0,0.0,0.0,30.878859857482183,9.501187648456057,4.750593824228028,296.91211401425176,2.375296912114014,0.0,21.377672209026127,0.0,0.0,0.0,0.0,11.876484560570072,2.375296912114014,0.0,7.125890736342043,7.125890736342043,2.375296912114014,0.0,4.750593824228028,0.0,2.375296912114014,0.0,2.375296912114014,0.0,0.0,2.375296912114014,123.51543942992873,57.00712589073635,0.0,54.63182897862233,0.4987951807228916,4.604819277108434,0.0,7.125890736342043,0.0,2.375296912114014,2.375296912114014,2.375296912114014,2.375296912114014,2.375296912114014,0.0,7.125890736342043,7.125890736342043,16.6270783847981,0.0,2.375296912114014,2.375296912114014,0.0,0.0,0.0,2.375296912114014,11.876484560570072,9.501187648456057,2.375296912114014,0.0
208784,99.7566909975669,4.866180048661801,0.0,4.866180048661801,0.0,0.0,0.0,12.165450121654501,43.79562043795621,4.866180048661801,2.4330900243309004,0.0,19.464720194647203,29.197080291970803,4.866180048661801,231.1435523114355,14.598540145985401,0.0,41.3625304136253,2.4330900243309004,0.0,2.4330900243309004,0.0,9.732360097323602,0.0,0.0,4.866180048661801,0.0,7.299270072992701,2.4330900243309004,0.0,0.0,2.4330900243309004,0.0,2.4330900243309004,0.0,0.0,0.0,119.2214111922141,60.82725060827251,12.165450121654501,70.5596107055961,0.5416666666666666,4.845588235294118,2.4330900243309004,2.4330900243309004,0.0,0.0,9.732360097323602,0.0,0.0,2.4330900243309004,0.0,0.0,2.4330900243309004,19.464720194647203,2.4330900243309004,2.4330900243309004,2.4330900243309004,0.0,2.4330900243309004,0.0,2.4330900243309004,14.598540145985401,12.165450121654501,4.866180048661801,21.897810218978105
211092,79.51807228915662,9.63855421686747,26.50602409638554,2.4096385542168677,2.4096385542168677,21.686746987951807,14.457831325301205,21.686746987951807,14.457831325301205,0.0,2.4096385542168677,2.4096385542168677,26.50602409638554,14.457831325301205,0.0,216.86746987951807,12.048192771084338,0.0,19.27710843373494,2.4096385542168677,0.0,0.0,0.0,16.867469879518072,9.63855421686747,4.819277108433735,0.0,2.4096385542168677,9.63855421686747,0.0,9.63855421686747,0.0,0.0,0.0,0.0,0.0,7.228915662650603,12.048192771084338,91.56626506024097,40.96385542168675,4.819277108433735,57.83132530120482,0.5599022004889975,4.493887530562347,0.0,2.4096385542168677,0.0,0.0,7.228915662650603,0.0,7.228915662650603,9.63855421686747,0.0,4.819277108433735,9.63855421686747,19.27710843373494,7.228915662650603,2.4096385542168677,9.63855421686747,0.0,0.0,0.0,4.819277108433735,7.228915662650603,16.867469879518072,0.0,7.228915662650603
212708,78.62407862407862,19.656019656019655,0.0,7.371007371007371,2.457002457002457,0.0,2.457002457002457,44.22604422604422,14.742014742014742,2.457002457002457,9.828009828009828,0.0,17.1990171990172,17.1990171990172,9.828009828009828,221.13022113022112,4.914004914004914,2.457002457002457,19.656019656019655,2.457002457002457,0.0,2.457002457002457,0.0,17.1990171990172,0.0,0.0,0.0,2.457002457002457,7.371007371007371,0.0,2.457002457002457,0.0,0.0,0.0,0.0,2.457002457002457,0.0,0.0,110.56511056511056,63.88206388206388,7.371007371007371,68.7960687960688,0.5905707196029777,4.719602977667494,0.0,4.914004914004914,0.0,0.0,7.371007371007371,0.0,2.457002457002457,7.371007371007371,0.0,2.457002457002457,4.914004914004914,19.656019656019655,2.457002457002457,7.371007371007371,2.457002457002457,0.0,0.0,0.0,7.371007371007371,9.828009828009828,7.371007371007371,4.914004914004914,4.914004914004914
214595,54.054054054054056,2.457002457002457,0.0,0.0,2.457002457002457,0.0,0.0,4.914004914004914,9.828009828009828,4.914004914004914,2.457002457002457,0.0,22.11302211302211,31.94103194103194,7.371007371007371,255.52825552825553,12.285012285012284,0.0,14.742014742014742,2.457002457002457,0.0,0.0,0.0,4.914004914004914,2.457002457002457,0.0,9.828009828009828,0.0,4.914004914004914,0.0,0.0,0.0,0.0,2.457002457002457,0.0,0.0,0.0,2.457002457002457,132.67813267813267,78.62407862407862,0.0,66.33906633906633,0.56575682382134,5.0818858560794045,12.285012285012284,7.371007371007371,0.0,0.0,0.0,0.0,9.828009828009828,12.285012285012284,0.0,4.914004914004914,0.0,7.371007371007371,4.914004914004914,0.0,0.0,0.0,0.0,0.0,2.457002457002457,14.742014742014742,2.457002457002457,0.0,7.371007371007371
215049,91.81141439205956,9.925558312655086,9.925558312655086,2.4813895781637716,4.962779156327543,49.62779156327544,4.962779156327543,7.444168734491315,37.220843672456574,7.444168734491315,2.4813895781637716,0.0,22.332506203473944,14.88833746898263,4.962779156327543,188.58560794044666,4.962779156327543,0.0,57.07196029776674,0.0,0.0,0.0,2.4813895781637716,9.925558312655086,4.962779156327543,0.0,2.4813895781637716,2.4813895781637716,7.444168734491315,2.4813895781637716,0.0,0.0,0.0,0.0,0.0,0.0,7.444168734491315,17.3697270471464,89.33002481389578,49.62779156327544,7.444168734491315,94.29280397022333,0.5470737913486005,4.188295165394402,2.4813895781637716,4.962779156327543,2.4813895781637716,7.444168734491315,7.444168734491315,0.0,9.925558312655086,4.962779156327543,0.0,2.4813895781637716,0.0,9.925558312655086,0.0,0.0,19.851116625310173,0.0,0.0,0.0,0.0,7.444168734491315,9.925558312655086,2.4813895781637716,27.29528535980149
215749,94.78672985781989,9.47867298578199,4.739336492890995,4.739336492890995,0.0,0.0,2.3696682464454977,87.67772511848341,30.805687203791468,4.739336492890995,14.218009478672984,4.739336492890995,16.587677725118485,14.218009478672984,2.3696682464454977,149.28909952606634,4.739336492890995,0.0,30.805687203791468,0.0,0.0,0.0,2.3696682464454977,11.848341232227487,9.47867298578199,2.3696682464454977,0.0,2.3696682464454977,2.3696682464454977,0.0,0.0,0.0,0.0,0.0,0.0,0.0,9.47867298578199,21.32701421800948,85.30805687203792,45.023696682464454,4.739336492890995,118.48341232227489,0.5789473684210527,4.526315789473684,0.0,4.739336492890995,2.3696682464454977,0.0,9.47867298578199,0.0,4.739336492890995,14.218009478672984,2.3696682464454977,4.739336492890995,4.739336492890995,26.066350710900473,7.109004739336492,0.0,9.47867298578199,0.0,0.0,0.0,4.739336492890995,11.848341232227487,11.848341232227487,0.0,9.47867298578199
217318,105.51558752997602,9.592326139088728,11.990407673860911,4.796163069544364,0.0,93.52517985611512,0.0,7.194244604316547,11.990407673860911,4.796163069544364,2.398081534772182,0.0,4.796163069544364,21.58273381294964,2.398081534772182,251.79856115107913,9.592326139088728,2.398081534772182,31.17505995203837,0.0,2.398081534772182,0.0,0.0,9.592326139088728,2.398081534772182,0.0,0.0,0.0,2.398081534772182,0.0,0.0,0.0,0.0,0.0,0.0,2.398081534772182,2.398081534772182,23.980815347721823,100.71942446043165,28.77697841726619,7.194244604316547,40.7673860911271,0.5882352941176471,4.762254901960785,0.0,0.0,0.0,2.398081534772182,9.592326139088728,0.0,9.592326139088728,2.398081534772182,0.0,2.398081534772182,2.398081534772182,16.786570743405274,4.796163069544364,0.0,11.990407673860911,0.0,0.0,0.0,2.398081534772182,7.194244604316547,9.592326139088728,0.0,7.194244604316547
218166,91.34615384615384,0.0,0.0,12.01923076923077,0.0,0.0,4.807692307692308,62.5,9.615384615384617,4.807692307692308,7.211538461538462,0.0,16.826923076923077,4.807692307692308,0.0,259.61538461538464,2.403846153846154,2.403846153846154,31.25,4.807692307692308,0.0,4.807692307692308,0.0,7.211538461538462,7.211538461538462,0.0,7.211538461538462,0.0,4.807692307692308,0.0,2.403846153846154,0.0,0.0,0.0,0.0,0.0,0.0,12.01923076923077,134.6153846153846,45.67307692307692,2.403846153846154,52.88461538461539,0.5912408759124088,4.45985401459854,0.0,4.807692307692308,4.807692307692308,0.0,4.807692307692308,0.0,2.403846153846154,4.807692307692308,0.0,2.403846153846154,2.403846153846154,14.423076923076923,2.403846153846154,0.0,4.807692307692308,0.0,4.807692307692308,0.0,0.0,9.615384615384617,9.615384615384617,0.0,7.211538461538462
218302,70.73170731707316,4.878048780487805,9.75609756097561,7.317073170731708,4.878048780487805,26.829268292682926,0.0,53.65853658536585,12.195121951219512,0.0,12.195121951219512,0.0,26.829268292682926,14.634146341463415,2.4390243902439024,182.9268292682927,4.878048780487805,2.4390243902439024,41.463414634146346,0.0,0.0,0.0,2.4390243902439024,14.634146341463415,0.0,2.4390243902439024,2.4390243902439024,0.0,17.073170731707318,0.0,0.0,0.0,0.0,0.0,0.0,0.0,0.0,12.195121951219512,114.63414634146342,53.65853658536585,17.073170731707318,100.0,0.6090225563909775,4.553884711779449,2.4390243902439024,4.878048780487805,2.4390243902439024,0.0,9.75609756097561,2.4390243902439024,4.878048780487805,7.317073170731708,2.4390243902439024,2.4390243902439024,0.0,12.195121951219512,0.0,7.317073170731708,4.878048780487805,0.0,2.4390243902439024,0.0,4.878048780487805,2.4390243902439024,9.75609756097561,0.0,7.317073170731708
218425,63.88206388206388,2.457002457002457,2.457002457002457,2.457002457002457,2.457002457002457,2.457002457002457,0.0,36.85503685503686,12.285012285012284,2.457002457002457,7.371007371007371,2.457002457002457,7.371007371007371,12.285012285012284,2.457002457002457,262.8992628992629,7.371007371007371,0.0,17.1990171990172,0.0,0.0,2.457002457002457,0.0,19.656019656019655,2.457002457002457,2.457002457002457,2.457002457002457,0.0,2.457002457002457,0.0,0.0,0.0,0.0,0.0,4.914004914004914,0.0,0.0,9.828009828009828,117.93611793611794,54.054054054054056,7.371007371007371,49.140049140049136,0.6091370558375635,4.758883248730965,0.0,2.457002457002457,0.0,0.0,12.285012285012284,4.914004914004914,7.371007371007371,0.0,0.0,9.828009828009828,2.457002457002457,12.285012285012284,2.457002457002457,0.0,4.914004914004914,0.0,2.457002457002457,2.457002457002457,4.914004914004914,7.371007371007371,7.371007371007371,0.0,2.457002457002457
218921,43.79562043795621,14.598540145985401,38.929440389294406,4.866180048661801,9.732360097323602,34.0632603406326,4.866180048661801,38.929440389294406,7.299270072992701,2.4330900243309004,9.732360097323602,2.4330900243309004,12.165450121654501,21.897810218978105,2.4330900243309004,209.24574209245742,2.4330900243309004,0.0,19.464720194647203,2.4330900243309004,0.0,0.0,0.0,17.0316301703163,9.732360097323602,0.0,2.4330900243309004,2.4330900243309004,2.4330900243309004,0.0,4.866180048661801,0.0,0.0,0.0,0.0,0.0,2.4330900243309004,7.299270072992701,94.8905109489051,72.992700729927,0.0,90.02433090024331,0.6221662468513854,4.7808564231738035,0.0,7.299270072992701,0.0,2.4330900243309004,21.897810218978105,2.4330900243309004,0.0,0.0,0.0,9.732360097323602,4.866180048661801,19.464720194647203,4.866180048661801,4.866180048661801,24.330900243309003,2.4330900243309004,4.866180048661801,0.0,4.866180048661801,2.4330900243309004,4.866180048661801,0.0,2.4330900243309004
221074,83.14087759815241,9.237875288683602,11.547344110854503,6.928406466512702,4.618937644341801,64.66512702078522,0.0,4.618937644341801,20.785219399538104,2.3094688221709005,11.547344110854503,0.0,11.547344110854503,23.094688221709006,4.618937644341801,207.85219399538107,2.3094688221709005,0.0,46.18937644341801,0.0,2.3094688221709005,0.0,0.0,4.618937644341801,0.0,0.0,0.0,0.0,0.0,4.618937644341801,0.0,0.0,0.0,0.0,0.0,2.3094688221709005,6.928406466512702,11.547344110854503,103.92609699769054,46.18937644341801,9.237875288683602,83.14087759815241,0.568019093078759,4.486873508353222,0.0,6.928406466512702,2.3094688221709005,4.618937644341801,11.547344110854503,2.3094688221709005,4.618937644341801,4.618937644341801,0.0,2.3094688221709005,0.0,16.166281755196305,0.0,0.0,16.166281755196305,2.3094688221709005,4.618937644341801,0.0,2.3094688221709005,9.237875288683602,6.928406466512702,4.618937644341801,11.547344110854503
222328,114.63414634146342,17.073170731707318,12.195121951219512,4.878048780487805,0.0,75.60975609756098,0.0,7.317073170731708,17.073170731707318,7.317073170731708,2.4390243902439024,0.0,12.195121951219512,17.073170731707318,4.878048780487805,202.43902439024393,9.75609756097561,0.0,26.829268292682926,0.0,0.0,0.0,4.878048780487805,12.195121951219512,2.4390243902439024,0.0,2.4390243902439024,4.878048780487805,2.4390243902439024,0.0,0.0,0.0,0.0,0.0,0.0,0.0,4.878048780487805,19.51219512195122,95.1219512195122,58.53658536585366,4.878048780487805,58.53658536585366,0.5689655172413793,4.603448275862069,0.0,0.0,0.0,0.0,12.195121951219512,0.0,4.878048780487805,0.0,0.0,0.0,4.878048780487805,21.95121951219512,4.878048780487805,4.878048780487805,7.317073170731708,0.0,0.0,2.4390243902439024,4.878048780487805,7.317073170731708,14.634146341463415,0.0,4.878048780487805
22317,81.08108108108108,2.457002457002457,17.1990171990172,2.457002457002457,2.457002457002457,78.62407862407862,7.371007371007371,9.828009828009828,19.656019656019655,0.0,0.0,0.0,4.914004914004914,12.285012285012284,9.828009828009828,213.75921375921376,2.457002457002457,0.0,29.484029484029485,0.0,0.0,0.0,2.457002457002457,2.457002457002457,14.742014742014742,0.0,2.457002457002457,2.457002457002457,0.0,0.0,0.0,0.0,0.0,0.0,0.0,0.0,2.457002457002457,7.371007371007371,113.02211302211303,54.054054054054056,7.371007371007371,78.62407862407862,0.5856079404466501,4.397022332506204,0.0,0.0,0.0,2.457002457002457,4.914004914004914,0.0,2.457002457002457,7.371007371007371,0.0,0.0,4.914004914004914,29.484029484029485,0.0,0.0,2.457002457002457,0.0,0.0,0.0,2.457002457002457,9.828009828009828,17.1990171990172,0.0,9.828009828009828
230092,95.1219512195122,21.95121951219512,2.4390243902439024,7.317073170731708,4.878048780487805,7.317073170731708,2.4390243902439024,100.0,17.073170731707318,0.0,4.878048780487805,0.0,24.390243902439025,4.878048780487805,4.878048780487805,185.3658536585366,0.0,0.0,29.26829268292683,0.0,0.0,0.0,0.0,34.146341463414636,9.75609756097561,0.0,2.4390243902439024,0.0,12.195121951219512,0.0,0.0,0.0,0.0,0.0,0.0,0.0,7.317073170731708,12.195121951219512,90.24390243902438,36.58536585365854,14.634146341463415,78.04878048780488,0.5294117647058824,4.272058823529412,2.4390243902439024,0.0,0.0,0.0,7.317073170731708,0.0,4.878048780487805,19.51219512195122,0.0,0.0,2.4390243902439024,19.51219512195122,2.4390243902439024,4.878048780487805,4.878048780487805,0.0,2.4390243902439024,0.0,2.4390243902439024,2.4390243902439024,9.75609756097561,0.0,7.317073170731708
2310,81.88585607940446,7.444168734491315,14.88833746898263,2.4813895781637716,0.0,0.0,0.0,84.36724565756825,17.3697270471464,4.962779156327543,0.0,0.0,7.444168734491315,19.851116625310173,2.4813895781637716,230.76923076923077,4.962779156327543,2.4813895781637716,27.29528535980149,0.0,2.4813895781637716,0.0,0.0,17.3697270471464,0.0,0.0,2.4813895781637716,2.4813895781637716,7.444168734491315,0.0,0.0,0.0,0.0,0.0,0.0,0.0,4.962779156327543,7.444168734491315,101.73697270471465,47.146401985111666,2.4813895781637716,64.51612903225806,0.5431472081218274,4.4543147208121825,0.0,7.444168734491315,0.0,0.0,2.4813895781637716,0.0,4.962779156327543,12.40694789081886,0.0,0.0,4.962779156327543,12.40694789081886,2.4813895781637716,4.962779156327543,9.925558312655086,0.0,0.0,0.0,2.4813895781637716,2.4813895781637716,14.88833746898263,0.0,7.444168734491315
231452,108.04020100502512,25.12562814070352,2.512562814070352,0.0,5.025125628140704,32.663316582914575,10.050251256281408,5.025125628140704,22.613065326633166,2.512562814070352,5.025125628140704,0.0,20.100502512562816,22.613065326633166,5.025125628140704,198.4924623115578,15.07537688442211,0.0,27.638190954773872,2.512562814070352,2.512562814070352,0.0,0.0,12.56281407035176,2.512562814070352,2.512562814070352,2.512562814070352,0.0,7.537688442211055,0.0,5.025125628140704,0.0,0.0,0.0,0.0,0.0,5.025125628140704,15.07537688442211,100.50251256281408,60.30150753768844,7.537688442211055,77.88944723618091,0.6051282051282051,4.651282051282052,7.537688442211055,5.025125628140704,5.025125628140704,2.512562814070352,2.512562814070352,0.0,5.025125628140704,7.537688442211055,2.512562814070352,2.512562814070352,2.512562814070352,15.07537688442211,2.512562814070352,5.025125628140704,5.025125628140704,0.0,0.0,0.0,2.512562814070352,0.0,7.537688442211055,0.0,5.025125628140704
231730,95.4653937947494,16.706443914081145,0.0,4.773269689737471,2.3866348448687353,0.0,0.0,93.07875894988067,19.093078758949883,0.0,2.3866348448687353,2.3866348448687353,19.093078758949883,9.546539379474941,0.0,212.41050119331743,2.3866348448687353,4.773269689737471,38.186157517899765,2.3866348448687353,2.3866348448687353,0.0,2.3866348448687353,11.933174224343675,9.546539379474941,0.0,2.3866348448687353,2.3866348448687353,7.159904534606206,0.0,2.3866348448687353,0.0,0.0,2.3866348448687353,2.3866348448687353,2.3866348448687353,2.3866348448687353,4.773269689737471,95.4653937947494,54.89260143198091,14.319809069212411,52.50596658711217,0.5443645083932853,4.39568345323741,4.773269689737471,0.0,0.0,0.0,7.159904534606206,2.3866348448687353,0.0,9.546539379474941,0.0,4.773269689737471,0.0,23.86634844868735,0.0,0.0,4.773269689737471,0.0,2.3866348448687353,0.0,4.773269689737471,11.933174224343675,19.093078758949883,2.3866348448687353,14.319809069212411
233175,88.0195599022005,7.334963325183374,0.0,4.88997555012225,0.0,0.0,0.0,26.89486552567237,17.114914425427873,2.444987775061125,0.0,0.0,26.89486552567237,9.7799511002445,0.0,242.05378973105135,9.7799511002445,4.88997555012225,22.004889975550125,0.0,2.444987775061125,0.0,0.0,7.334963325183374,0.0,0.0,2.444987775061125,2.444987775061125,7.334963325183374,0.0,4.88997555012225,0.0,0.0,0.0,0.0,0.0,0.0,0.0,132.02933985330074,68.45965770171149,2.444987775061125,73.34963325183375,0.5552825552825553,4.481572481572481,0.0,12.224938875305625,0.0,2.444987775061125,7.334963325183374,0.0,7.334963325183374,2.444987775061125,0.0,0.0,0.0,12.224938875305625,0.0,2.444987775061125,4.88997555012225,0.0,0.0,0.0,0.0,17.114914425427873,9.7799511002445,7.334963325183374,9.7799511002445
233723,82.5,2.5,0.0,5.0,2.5,0.0,0.0,25.0,7.5,2.5,0.0,0.0,15.0,17.5,15.0,257.5,0.0,2.5,27.5,0.0,0.0,0.0,0.0,10.0,2.5,2.5,5.0,7.5,12.5,0.0,0.0,0.0,0.0,0.0,0.0,0.0,0.0,10.0,120.0,105.0,7.5,55.0,0.5721518987341773,4.726582278481013,0.0,5.0,0.0,2.5,7.5,0.0,2.5,2.5,0.0,0.0,0.0,7.5,0.0,2.5,2.5,0.0,0.0,0.0,0.0,10.0,5.0,0.0,5.0
235863,75.65011820330969,28.368794326241133,4.7281323877068555,0.0,2.3640661938534278,0.0,0.0,52.009456264775416,23.64066193853428,2.3640661938534278,0.0,0.0,21.27659574468085,11.82033096926714,2.3640661938534278,217.49408983451536,2.3640661938534278,0.0,23.64066193853428,4.7281323877068555,0.0,0.0,0.0,7.092198581560283,4.7281323877068555,0.0,0.0,2.3640661938534278,9.456264775413711,4.7281323877068555,9.456264775413711,0.0,0.0,0.0,0.0,0.0,2.3640661938534278,9.456264775413711,94.56264775413712,82.74231678486997,2.3640661938534278,66.19385342789597,0.6109785202863962,4.639618138424821,4.7281323877068555,7.092198581560283,2.3640661938534278,2.3640661938534278,0.0,2.3640661938534278,16.548463356973993,2.3640661938534278,0.0,4.7281323877068555,0.0,9.456264775413711,0.0,9.456264775413711,7.092198581560283,0.0,0.0,0.0,4.7281323877068555,14.184397163120567,2.3640661938534278,4.7281323877068555,7.092198581560283
238232,109.72568578553616,12.468827930174564,9.975062344139651,7.481296758104738,4.987531172069826,59.8503740648379,9.975062344139651,29.92518703241895,9.975062344139651,0.0,9.975062344139651,0.0,22.443890274314214,24.93765586034913,0.0,169.57605985037407,7.481296758104738,0.0,24.93765586034913,2.493765586034913,0.0,0.0,0.0,9.975062344139651,2.493765586034913,2.493765586034913,0.0,0.0,12.468827930174564,0.0,0.0,0.0,0.0,2.493765586034913,0.0,0.0,0.0,4.987531172069826,79.80049875311721,34.912718204488776,2.493765586034913,84.78802992518703,0.6020408163265306,4.627551020408164,2.493765586034913,9.975062344139651,0.0,2.493765586034913,2.493765586034913,0.0,7.481296758104738,2.493765586034913,0.0,2.493765586034913,4.987531172069826,17.456359102244388,4.987531172069826,9.975062344139651,7.481296758104738,0.0,0.0,0.0,0.0,4.987531172069826,7.481296758104738,0.0,9.975062344139651
238980,72.81553398058252,9.70873786407767,2.4271844660194173,4.854368932038835,0.0,0.0,0.0,0.0,2.4271844660194173,2.4271844660194173,2.4271844660194173,0.0,0.0,38.83495145631068,7.281553398058253,240.29126213592232,4.854368932038835,0.0,14.563106796116505,0.0,0.0,0.0,0.0,16.990291262135923,9.70873786407767,7.281553398058253,12.135922330097086,0.0,0.0,2.4271844660194173,0.0,0.0,0.0,0.0,0.0,0.0,0.0,7.281553398058253,128.64077669902912,109.22330097087378,2.4271844660194173,43.689320388349515,0.571078431372549,5.419117647058823,2.4271844660194173,2.4271844660194173,0.0,4.854368932038835,7.281553398058253,0.0,9.70873786407767,0.0,0.0,0.0,0.0,14.563106796116505,0.0,2.4271844660194173,0.0,0.0,0.0,0.0,2.4271844660194173,19.41747572815534,12.135922330097086,4.854368932038835,2.4271844660194173
239819,94.05940594059406,14.85148514851485,2.4752475247524752,0.0,4.9504950495049505,66.83168316831683,0.0,7.425742574257425,9.900990099009901,2.4752475247524752,4.9504950495049505,0.0,32.17821782178218,27.22772277227723,4.9504950495049505,188.11881188118812,12.376237623762377,0.0,42.07920792079208,2.4752475247524752,4.9504950495049505,0.0,0.0,24.752475247524753,0.0,4.9504950495049505,2.4752475247524752,0.0,7.425742574257425,0.0,4.9504950495049505,0.0,0.0,0.0,0.0,0.0,0.0,9.900990099009901,118.8118811881188,34.65346534653466,14.85148514851485,71.78217821782178,0.6030150753768844,4.613065326633166,2.4752475247524752,2.4752475247524752,0.0,2.4752475247524752,4.9504950495049505,0.0,4.9504950495049505,4.9504950495049505,0.0,7.425742574257425,0.0,9.900990099009901,0.0,4.9504950495049505,14.85148514851485,0.0,0.0,0.0,0.0,17.32673267326733,12.376237623762377,2.4752475247524752,4.9504950495049505
241571,79.32692307692307,4.807692307692308,24.03846153846154,2.403846153846154,0.0,0.0,7.211538461538462,74.51923076923077,26.442307692307693,2.403846153846154,7.211538461538462,0.0,26.442307692307693,9.615384615384617,0.0,201.92307692307693,9.615384615384617,0.0,31.25,0.0,0.0,0.0,0.0,12.01923076923077,7.211538461538462,4.807692307692308,2.403846153846154,0.0,9.615384615384617,0.0,7.211538461538462,0.0,0.0,0.0,0.0,0.0,4.807692307692308,7.211538461538462,122.59615384615384,55.28846153846153,14.423076923076923,69.71153846153847,0.5798525798525799,4.343980343980344,2.403846153846154,0.0,0.0,2.403846153846154,7.211538461538462,0.0,2.403846153846154,2.403846153846154,2.403846153846154,2.403846153846154,2.403846153846154,21.634615384615383,2.403846153846154,4.807692307692308,4.807692307692308,0.0,2.403846153846154,0.0,4.807692307692308,7.211538461538462,7.211538461538462,0.0,4.807692307692308
242180,111.66253101736973,22.332506203473944,0.0,4.962779156327543,0.0,0.0,0.0,74.44168734491315,9.925558312655086,0.0,4.962779156327543,0.0,29.77667493796526,19.851116625310173,4.962779156327543,215.88089330024815,14.88833746898263,0.0,22.332506203473944,2.4813895781637716,4.962779156327543,0.0,0.0,32.25806451612903,4.962779156327543,2.4813895781637716,0.0,0.0,14.88833746898263,0.0,4.962779156327543,0.0,0.0,0.0,0.0,0.0,0.0,9.925558312655086,111.66253101736973,44.66501240694789,4.962779156327543,54.59057071960298,0.5411471321695761,4.6084788029925186,0.0,2.4813895781637716,0.0,2.4813895781637716,0.0,0.0,4.962779156327543,0.0,0.0,2.4813895781637716,2.4813895781637716,49.62779156327544,2.4813895781637716,2.4813895781637716,2.4813895781637716,0.0,2.4813895781637716,0.0,4.962779156327543,7.444168734491315,12.40694789081886,2.4813895781637716,7.444168734491315
244420,77.85888077858881,14.598540145985401,36.4963503649635,4.866180048661801,4.866180048661801,77.85888077858881,4.866180048661801,12.165450121654501,19.464720194647203,7.299270072992701,4.866180048661801,2.4330900243309004,21.897810218978105,9.732360097323602,4.866180048661801,189.7810218978102,4.866180048661801,0.0,46.228710462287104,7.299270072992701,2.4330900243309004,0.0,0.0,12.165450121654501,7.299270072992701,0.0,2.4330900243309004,12.165450121654501,4.866180048661801,0.0,2.4330900243309004,0.0,2.4330900243309004,0.0,0.0,0.0,2.4330900243309004,7.299270072992701,85.1581508515815,38.929440389294406,2.4330900243309004,102.18978102189782,0.5793450881612091,4.405541561712846,0.0,7.299270072992701,2.4330900243309004,0.0,12.165450121654501,0.0,14.598540145985401,7.299270072992701,0.0,0.0,4.866180048661801,26.7639902676399,0.0,4.866180048661801,31.630170316301705,2.4330900243309004,0.0,0.0,7.299270072992701,4.866180048661801,7.299270072992701,2.4330900243309004,12.165450121654501
245718,65.37530266343826,21.791767554479417,21.791767554479417,14.527845036319613,2.4213075060532687,33.898305084745765,4.842615012106537,14.527845036319613,24.213075060532688,2.4213075060532687,9.685230024213075,0.0,12.106537530266344,26.634382566585955,4.842615012106537,205.81113801452784,0.0,0.0,36.31961259079903,0.0,0.0,0.0,0.0,7.263922518159807,2.4213075060532687,0.0,2.4213075060532687,2.4213075060532687,9.685230024213075,0.0,0.0,0.0,0.0,0.0,0.0,0.0,9.685230024213075,4.842615012106537,106.53753026634382,75.06053268765133,16.949152542372882,62.953995157384995,0.6185819070904646,4.52078239608802,0.0,4.842615012106537,0.0,7.263922518159807,4.842615012106537,0.0,7.263922518159807,0.0,2.4213075060532687,4.842615012106537,0.0,12.106537530266344,0.0,9.685230024213075,4.842615012106537,0.0,0.0,0.0,9.685230024213075,2.4213075060532687,9.685230024213075,0.0,2.4213075060532687
251620,57.14285714285714,7.142857142857142,40.47619047619048,0.0,2.3809523809523814,71.42857142857143,19.04761904761905,19.04761904761905,16.666666666666668,0.0,7.142857142857142,7.142857142857142,21.428571428571427,33.333333333333336,2.3809523809523814,183.33333333333331,2.3809523809523814,0.0,21.428571428571427,0.0,2.3809523809523814,0.0,0.0,28.57142857142857,4.761904761904763,2.3809523809523814,0.0,0.0,7.142857142857142,0.0,0.0,0.0,0.0,2.3809523809523814,0.0,0.0,2.3809523809523814,7.142857142857142,90.47619047619047,50.0,4.761904761904763,61.904761904761905,0.5946601941747572,4.470873786407767,2.3809523809523814,2.3809523809523814,2.3809523809523814,2.3809523809523814,9.523809523809526,0.0,4.761904761904763,0.0,2.3809523809523814,7.142857142857142,11.904761904761903,21.428571428571427,2.3809523809523814,2.3809523809523814,11.904761904761903,0.0,0.0,0.0,4.761904761904763,9.523809523809526,7.142857142857142,0.0,9.523809523809526
253711,101.99004975124377,2.487562189054726,0.0,9.950248756218905,0.0,29.850746268656717,0.0,67.16417910447761,4.975124378109452,0.0,0.0,0.0,34.82587064676617,9.950248756218905,0.0,186.56716417910448,0.0,0.0,42.28855721393035,4.975124378109452,0.0,0.0,0.0,19.90049751243781,7.462686567164179,4.975124378109452,0.0,0.0,17.412935323383085,0.0,4.975124378109452,0.0,0.0,0.0,2.487562189054726,0.0,0.0,9.950248756218905,111.94029850746269,44.776119402985074,9.950248756218905,79.60199004975124,0.5413533834586466,4.260651629072682,0.0,7.462686567164179,2.487562189054726,2.487562189054726,9.950248756218905,0.0,7.462686567164179,4.975124378109452,0.0,0.0,4.975124378109452,14.925373134328359,0.0,14.925373134328359,2.487562189054726,0.0,0.0,0.0,2.487562189054726,14.925373134328359,7.462686567164179,0.0,7.462686567164179
254554,86.41975308641975,4.938271604938271,17.28395061728395,2.4691358024691357,4.938271604938271,59.25925925925926,24.691358024691358,4.938271604938271,49.382716049382715,0.0,0.0,7.407407407407407,7.407407407407407,12.345679012345679,7.407407407407407,217.28395061728395,2.4691358024691357,0.0,32.098765432098766,0.0,0.0,0.0,0.0,22.22222222222222,4.938271604938271,0.0,0.0,2.4691358024691357,4.938271604938271,0.0,0.0,0.0,0.0,0.0,0.0,0.0,2.4691358024691357,7.407407407407407,93.82716049382717,24.691358024691358,14.814814814814815,61.72839506172839,0.5465994962216625,4.30478589420655,12.345679012345679,0.0,0.0,2.4691358024691357,7.407407407407407,0.0,4.938271604938271,0.0,2.4691358024691357,17.28395061728395,14.814814814814815,12.345679012345679,7.407407407407407,4.938271604938271,17.28395061728395,0.0,2.4691358024691357,0.0,2.4691358024691357,7.407407407407407,12.345679012345679,0.0,9.876543209876543
254804,89.10891089108911,17.32673267326733,0.0,4.9504950495049505,0.0,56.93069306930693,0.0,39.603960396039604,12.376237623762377,0.0,4.9504950495049505,0.0,12.376237623762377,19.801980198019802,4.9504950495049505,217.82178217821783,0.0,0.0,22.277227722772277,0.0,0.0,0.0,4.9504950495049505,19.801980198019802,2.4752475247524752,0.0,0.0,2.4752475247524752,0.0,2.4752475247524752,0.0,0.0,0.0,0.0,0.0,0.0,7.425742574257425,12.376237623762377,123.76237623762376,54.45544554455446,7.425742574257425,49.504950495049506,0.5536159600997507,4.406483790523691,0.0,4.9504950495049505,4.9504950495049505,0.0,7.425742574257425,0.0,7.425742574257425,0.0,0.0,2.4752475247524752,0.0,14.85148514851485,2.4752475247524752,4.9504950495049505,2.4752475247524752,0.0,0.0,0.0,2.4752475247524752,12.376237623762377,9.900990099009901,2.4752475247524752,4.9504950495049505
258803,96.61835748792271,12.077294685990339,0.0,9.66183574879227,4.830917874396135,4.830917874396135,0.0,62.80193236714976,14.492753623188406,2.4154589371980677,0.0,2.4154589371980677,24.154589371980677,16.908212560386474,2.4154589371980677,248.79227053140096,2.4154589371980677,0.0,26.570048309178745,2.4154589371980677,0.0,0.0,0.0,9.66183574879227,9.66183574879227,0.0,4.830917874396135,4.830917874396135,9.66183574879227,7.246376811594203,2.4154589371980677,0.0,2.4154589371980677,2.4154589371980677,0.0,2.4154589371980677,0.0,2.4154589371980677,96.61835748792271,67.6328502415459,4.830917874396135,67.6328502415459,0.5501222493887531,4.67237163814181,2.4154589371980677,0.0,0.0,0.0,19.32367149758454,0.0,2.4154589371980677,4.830917874396135,0.0,0.0,2.4154589371980677,33.81642512077295,4.830917874396135,2.4154589371980677,7.246376811594203,0.0,0.0,0.0,0.0,9.66183574879227,12.077294685990339,0.0,12.077294685990339
261295,64.83790523690773,4.987531172069826,19.950124688279303,4.987531172069826,2.493765586034913,0.0,7.481296758104738,27.43142144638404,14.962593516209475,0.0,0.0,0.0,22.443890274314214,4.987531172069826,7.481296758104738,239.4014962593516,9.975062344139651,0.0,27.43142144638404,2.493765586034913,2.493765586034913,0.0,0.0,2.493765586034913,2.493765586034913,2.493765586034913,7.481296758104738,2.493765586034913,9.975062344139651,2.493765586034913,2.493765586034913,0.0,0.0,0.0,2.493765586034913,0.0,4.987531172069826,7.481296758104738,104.73815461346634,82.29426433915212,0.0,72.31920199501248,0.6095717884130982,4.607052896725441,4.987531172069826,4.987531172069826,0.0,0.0,7.481296758104738,0.0,7.481296758104738,2.493765586034913,0.0,4.987531172069826,4.987531172069826,19.950124688279303,7.481296758104738,0.0,4.987531172069826,0.0,0.0,0.0,4.987531172069826,12.468827930174564,4.987531172069826,0.0,9.975062344139651
262495,40.96385542168675,9.63855421686747,81.9277108433735,7.228915662650603,4.819277108433735,19.27710843373494,4.819277108433735,7.228915662650603,67.46987951807229,4.819277108433735,2.4096385542168677,0.0,14.457831325301205,21.686746987951807,4.819277108433735,183.13253012048193,4.819277108433735,2.4096385542168677,50.60240963855422,0.0,0.0,0.0,0.0,19.27710843373494,0.0,2.4096385542168677,12.048192771084338,0.0,4.819277108433735,0.0,2.4096385542168677,0.0,0.0,0.0,0.0,0.0,2.4096385542168677,7.228915662650603,84.33734939759036,69.87951807228916,9.63855421686747,60.24096385542169,0.5604938271604938,4.461728395061728,0.0,2.4096385542168677,0.0,7.228915662650603,4.819277108433735,0.0,0.0,4.819277108433735,0.0,0.0,0.0,31.32530120481928,2.4096385542168677,2.4096385542168677,24.096385542168676,2.4096385542168677,0.0,0.0,2.4096385542168677,12.048192771084338,14.457831325301205,4.819277108433735,14.457831325301205
262629,81.68316831683168,9.900990099009901,29.7029702970297,7.425742574257425,0.0,64.35643564356435,24.752475247524753,44.554455445544555,14.85148514851485,7.425742574257425,4.9504950495049505,0.0,17.32673267326733,12.376237623762377,4.9504950495049505,185.64356435643563,2.4752475247524752,0.0,27.22772277227723,2.4752475247524752,0.0,0.0,0.0,17.32673267326733,9.900990099009901,2.4752475247524752,2.4752475247524752,0.0,4.9504950495049505,0.0,2.4752475247524752,0.0,0.0,0.0,2.4752475247524752,2.4752475247524752,7.425742574257425,12.376237623762377,103.96039603960395,42.07920792079208,9.900990099009901,44.554455445544555,0.5678391959798995,4.407035175879397,0.0,2.4752475247524752,0.0,0.0,0.0,0.0,4.9504950495049505,4.9504950495049505,0.0,0.0,2.4752475247524752,9.900990099009901,2.4752475247524752,9.900990099009901,12.376237623762377,0.0,0.0,0.0,4.9504950495049505,9.900990099009901,14.85148514851485,2.4752475247524752,2.4752475247524752
264230,78.81773399014779,19.704433497536947,2.4630541871921183,4.926108374384237,2.4630541871921183,0.0,0.0,66.50246305418719,4.926108374384237,4.926108374384237,0.0,0.0,14.778325123152708,12.315270935960593,7.389162561576354,246.30541871921181,2.4630541871921183,0.0,12.315270935960593,0.0,0.0,0.0,0.0,2.4630541871921183,4.926108374384237,0.0,0.0,0.0,4.926108374384237,0.0,2.4630541871921183,0.0,0.0,2.4630541871921183,0.0,0.0,0.0,4.926108374384237,110.83743842364532,86.20689655172414,7.389162561576354,59.11330049261083,0.5764411027568922,4.586466165413534,2.4630541871921183,0.0,0.0,0.0,4.926108374384237,0.0,9.852216748768473,0.0,0.0,4.926108374384237,0.0,22.167487684729064,0.0,0.0,7.389162561576354,0.0,0.0,0.0,0.0,9.852216748768473,9.852216748768473,0.0,7.389162561576354
264543,77.85888077858881,9.732360097323602,34.0632603406326,4.866180048661801,14.598540145985401,65.69343065693431,26.7639902676399,21.897810218978105,14.598540145985401,7.299270072992701,2.4330900243309004,2.4330900243309004,24.330900243309003,21.897810218978105,0.0,184.91484184914842,0.0,2.4330900243309004,36.4963503649635,2.4330900243309004,2.4330900243309004,2.4330900243309004,0.0,14.598540145985401,4.866180048661801,0.0,0.0,2.4330900243309004,4.866180048661801,0.0,2.4330900243309004,0.0,0.0,0.0,0.0,0.0,2.4330900243309004,4.866180048661801,94.8905109489051,29.197080291970803,12.165450121654501,85.1581508515815,0.5617128463476071,4.234256926952141,2.4330900243309004,0.0,0.0,0.0,7.299270072992701,0.0,0.0,14.598540145985401,0.0,2.4330900243309004,14.598540145985401,14.598540145985401,9.732360097323602,2.4330900243309004,29.197080291970803,2.4330900243309004,2.4330900243309004,0.0,9.732360097323602,7.299270072992701,17.0316301703163,0.0,12.165450121654501
266414,72.68170426065163,5.012531328320802,0.0,5.012531328320802,5.012531328320802,0.0,0.0,52.63157894736842,5.012531328320802,5.012531328320802,2.506265664160401,0.0,15.037593984962406,20.050125313283207,5.012531328320802,250.62656641604008,5.012531328320802,2.506265664160401,25.062656641604008,2.506265664160401,0.0,0.0,0.0,10.025062656641603,10.025062656641603,0.0,0.0,0.0,2.506265664160401,2.506265664160401,2.506265664160401,0.0,0.0,0.0,0.0,0.0,0.0,10.025062656641603,112.78195488721803,65.16290726817043,2.506265664160401,67.66917293233082,0.6142131979695431,4.781725888324873,2.506265664160401,2.506265664160401,0.0,0.0,17.543859649122805,0.0,2.506265664160401,12.531328320802004,0.0,0.0,0.0,7.518796992481203,2.506265664160401,0.0,10.025062656641603,2.506265664160401,0.0,0.0,2.506265664160401,17.543859649122805,10.025062656641603,0.0,10.025062656641603
270168,88.66995073891626,4.926108374384237,0.0,2.4630541871921183,0.0,0.0,0.0,91.13300492610837,14.778325123152708,0.0,7.389162561576354,0.0,9.852216748768473,17.241379310344826,2.4630541871921183,241.3793103448276,9.852216748768473,0.0,19.704433497536947,0.0,0.0,0.0,0.0,12.315270935960593,2.4630541871921183,0.0,2.4630541871921183,0.0,7.389162561576354,4.926108374384237,4.926108374384237,0.0,0.0,0.0,0.0,0.0,0.0,4.926108374384237,123.15270935960591,76.35467980295567,2.4630541871921183,49.26108374384237,0.5544303797468354,4.756962025316455,2.4630541871921183,2.4630541871921183,0.0,4.926108374384237,9.852216748768473,0.0,2.4630541871921183,0.0,0.0,7.389162561576354,7.389162561576354,17.241379310344826,2.4630541871921183,2.4630541871921183,7.389162561576354,0.0,0.0,0.0,4.926108374384237,12.315270935960593,7.389162561576354,2.4630541871921183,7.389162561576354
271508,19.27710843373494,9.63855421686747,106.02409638554217,0.0,0.0,79.51807228915662,14.457831325301205,53.01204819277108,19.27710843373494,4.819277108433735,9.63855421686747,12.048192771084338,21.686746987951807,14.457831325301205,0.0,159.03614457831324,4.819277108433735,0.0,40.96385542168675,4.819277108433735,0.0,2.4096385542168677,2.4096385542168677,16.867469879518072,0.0,0.0,2.4096385542168677,0.0,4.819277108433735,0.0,0.0,0.0,0.0,0.0,7.228915662650603,0.0,7.228915662650603,4.819277108433735,86.74698795180723,31.32530120481928,12.048192771084338,89.1566265060241,0.5681818181818182,4.207070707070707,0.0,14.457831325301205,0.0,0.0,4.819277108433735,0.0,4.819277108433735,16.867469879518072,0.0,4.819277108433735,7.228915662650603,14.457831325301205,4.819277108433735,0.0,38.55421686746988,2.4096385542168677,2.4096385542168677,2.4096385542168677,7.228915662650603,2.4096385542168677,14.457831325301205,7.228915662650603,4.819277108433735
271840,101.94174757281553,14.563106796116505,2.4271844660194173,12.135922330097086,4.854368932038835,4.854368932038835,2.4271844660194173,53.398058252427184,33.980582524271846,0.0,9.70873786407767,0.0,31.553398058252426,16.990291262135923,4.854368932038835,211.16504854368932,4.854368932038835,0.0,24.271844660194173,7.281553398058253,4.854368932038835,0.0,0.0,7.281553398058253,2.4271844660194173,0.0,14.563106796116505,0.0,16.990291262135923,4.854368932038835,2.4271844660194173,0.0,0.0,2.4271844660194173,0.0,0.0,7.281553398058253,7.281553398058253,104.36893203883494,29.12621359223301,4.854368932038835,67.96116504854369,0.5901234567901235,4.434567901234568,0.0,2.4271844660194173,0.0,4.854368932038835,9.70873786407767,0.0,2.4271844660194173,2.4271844660194173,2.4271844660194173,2.4271844660194173,7.281553398058253,19.41747572815534,0.0,4.854368932038835,9.70873786407767,0.0,0.0,0.0,9.70873786407767,12.135922330097086,9.70873786407767,7.281553398058253,9.70873786407767
272265,71.25307125307125,2.457002457002457,7.371007371007371,4.914004914004914,2.457002457002457,0.0,0.0,49.140049140049136,4.914004914004914,2.457002457002457,2.457002457002457,0.0,24.570024570024568,22.11302211302211,2.457002457002457,280.0982800982801,9.828009828009828,0.0,24.570024570024568,0.0,0.0,0.0,0.0,7.371007371007371,7.371007371007371,2.457002457002457,4.914004914004914,0.0,7.371007371007371,2.457002457002457,4.914004914004914,0.0,0.0,2.457002457002457,0.0,0.0,4.914004914004914,2.457002457002457,135.13513513513513,56.511056511056516,2.457002457002457,58.96805896805897,0.6029776674937966,4.774193548387097,0.0,4.914004914004914,0.0,4.914004914004914,7.371007371007371,0.0,4.914004914004914,4.914004914004914,0.0,2.457002457002457,2.457002457002457,12.285012285012284,0.0,0.0,2.457002457002457,0.0,0.0,0.0,2.457002457002457,9.828009828009828,7.371007371007371,0.0,7.371007371007371
273067,90.9090909090909,7.177033492822967,7.177033492822967,11.961722488038278,4.784688995215311,4.784688995215311,0.0,31.10047846889952,26.31578947368421,4.784688995215311,4.784688995215311,0.0,7.177033492822967,21.5311004784689,9.569377990430622,222.48803827751195,2.3923444976076556,0.0,38.27751196172249,2.3923444976076556,0.0,0.0,0.0,4.784688995215311,7.177033492822967,0.0,2.3923444976076556,0.0,0.0,0.0,0.0,0.0,0.0,0.0,0.0,0.0,0.0,14.354066985645934,93.30143540669856,98.08612440191388,9.569377990430622,71.77033492822966,0.6101694915254238,4.835351089588378,2.3923444976076556,7.177033492822967,2.3923444976076556,2.3923444976076556,2.3923444976076556,0.0,7.177033492822967,4.784688995215311,0.0,0.0,4.784688995215311,11.961722488038278,2.3923444976076556,0.0,4.784688995215311,0.0,0.0,0.0,0.0,9.569377990430622,7.177033492822967,4.784688995215311,2.3923444976076556
274581,81.4814814814815,19.753086419753085,4.938271604938271,0.0,9.876543209876543,0.0,0.0,29.62962962962963,27.160493827160494,2.4691358024691357,2.4691358024691357,2.4691358024691357,22.22222222222222,17.28395061728395,0.0,219.7530864197531,0.0,0.0,24.691358024691358,0.0,2.4691358024691357,0.0,0.0,14.814814814814815,7.407407407407407,7.407407407407407,2.4691358024691357,0.0,7.407407407407407,0.0,2.4691358024691357,0.0,0.0,0.0,0.0,2.4691358024691357,2.4691358024691357,14.814814814814815,91.35802469135803,76.54320987654322,4.938271604938271,71.60493827160494,0.6313131313131313,4.906565656565657,9.876543209876543,7.407407407407407,0.0,2.4691358024691357,7.407407407407407,0.0,4.938271604938271,7.407407407407407,0.0,2.4691358024691357,2.4691358024691357,17.28395061728395,4.938271604938271,9.876543209876543,12.345679012345679,0.0,0.0,0.0,2.4691358024691357,12.345679012345679,2.4691358024691357,0.0,9.876543209876543
277863,99.7566909975669,19.464720194647203,0.0,7.299270072992701,4.866180048661801,0.0,0.0,90.02433090024331,9.732360097323602,0.0,0.0,0.0,26.7639902676399,7.299270072992701,2.4330900243309004,236.0097323600973,2.4330900243309004,0.0,31.630170316301705,2.4330900243309004,0.0,0.0,0.0,7.299270072992701,0.0,0.0,0.0,0.0,2.4330900243309004,2.4330900243309004,7.299270072992701,0.0,0.0,0.0,0.0,0.0,4.866180048661801,12.165450121654501,99.7566909975669,60.82725060827251,9.732360097323602,60.82725060827251,0.5742574257425742,4.554455445544554,2.4330900243309004,4.866180048661801,0.0,0.0,2.4330900243309004,0.0,9.732360097323602,2.4330900243309004,0.0,4.866180048661801,0.0,31.630170316301705,2.4330900243309004,0.0,7.299270072992701,0.0,0.0,0.0,0.0,4.866180048661801,12.165450121654501,0.0,4.866180048661801
278851,77.11442786069651,17.412935323383085,54.72636815920398,2.487562189054726,9.950248756218905,109.45273631840796,7.462686567164179,0.0,29.850746268656717,7.462686567164179,14.925373134328359,0.0,19.90049751243781,12.437810945273633,2.487562189054726,141.7910447761194,4.975124378109452,0.0,52.23880597014925,4.975124378109452,2.487562189054726,0.0,0.0,14.925373134328359,2.487562189054726,0.0,0.0,0.0,7.462686567164179,0.0,2.487562189054726,0.0,0.0,0.0,0.0,0.0,12.437810945273633,4.975124378109452,87.06467661691543,32.33830845771144,2.487562189054726,99.50248756218906,0.5368421052631579,3.971052631578947,0.0,4.975124378109452,0.0,0.0,17.412935323383085,0.0,4.975124378109452,4.975124378109452,2.487562189054726,7.462686567164179,2.487562189054726,24.875621890547265,0.0,0.0,49.75124378109453,0.0,4.975124378109452,0.0,2.487562189054726,2.487562189054726,7.462686567164179,0.0,14.925373134328359
278854,112.74509803921569,9.803921568627452,4.901960784313726,2.450980392156863,2.450980392156863,63.725490196078425,2.450980392156863,24.509803921568626,14.705882352941176,4.901960784313726,4.901960784313726,4.901960784313726,14.705882352941176,17.156862745098042,2.450980392156863,188.72549019607843,0.0,0.0,26.96078431372549,0.0,0.0,0.0,2.450980392156863,17.156862745098042,4.901960784313726,0.0,2.450980392156863,0.0,0.0,0.0,0.0,0.0,0.0,0.0,0.0,0.0,2.450980392156863,14.705882352941176,100.49019607843138,46.568627450980394,9.803921568627452,66.17647058823529,0.585,4.4975,0.0,0.0,0.0,2.450980392156863,12.254901960784313,2.450980392156863,9.803921568627452,2.450980392156863,0.0,0.0,2.450980392156863,12.254901960784313,2.450980392156863,4.901960784313726,12.254901960784313,0.0,0.0,0.0,2.450980392156863,12.254901960784313,24.509803921568626,0.0,2.450980392156863
278856,68.62745098039217,4.901960784313726,9.803921568627452,4.901960784313726,0.0,2.450980392156863,2.450980392156863,61.27450980392157,4.901960784313726,2.450980392156863,0.0,0.0,14.705882352941176,17.156862745098042,7.352941176470588,267.156862745098,2.450980392156863,0.0,19.607843137254903,0.0,0.0,0.0,0.0,24.509803921568626,14.705882352941176,4.901960784313726,2.450980392156863,2.450980392156863,7.352941176470588,0.0,4.901960784313726,0.0,0.0,0.0,0.0,0.0,4.901960784313726,17.156862745098042,122.54901960784314,49.01960784313725,7.352941176470588,17.156862745098042,0.5618811881188119,4.507425742574258,0.0,7.352941176470588,0.0,2.450980392156863,2.450980392156863,0.0,2.450980392156863,2.450980392156863,0.0,0.0,0.0,9.803921568627452,2.450980392156863,0.0,7.352941176470588,0.0,2.450980392156863,0.0,2.450980392156863,14.705882352941176,19.607843137254903,2.450980392156863,2.450980392156863
280494,74.07407407407408,9.25925925925926,0.0,2.314814814814815,0.0,0.0,0.0,37.03703703703704,11.574074074074073,0.0,0.0,2.314814814814815,4.62962962962963,30.09259259259259,2.314814814814815,247.68518518518516,6.944444444444444,2.314814814814815,23.148148148148145,0.0,2.314814814814815,0.0,0.0,4.62962962962963,6.944444444444444,2.314814814814815,2.314814814814815,4.62962962962963,0.0,0.0,2.314814814814815,0.0,0.0,0.0,0.0,0.0,0.0,6.944444444444444,127.31481481481482,104.16666666666667,6.944444444444444,37.03703703703704,0.5897435897435898,5.228438228438228,9.25925925925926,0.0,0.0,0.0,4.62962962962963,0.0,6.944444444444444,2.314814814814815,2.314814814814815,0.0,0.0,16.203703703703702,0.0,2.314814814814815,0.0,0.0,0.0,0.0,0.0,25.462962962962962,2.314814814814815,2.314814814814815,0.0
28121,63.82978723404255,9.456264775413711,11.82033096926714,7.092198581560283,4.7281323877068555,0.0,2.3640661938534278,40.189125295508276,4.7281323877068555,4.7281323877068555,0.0,0.0,21.27659574468085,9.456264775413711,14.184397163120567,271.8676122931442,2.3640661938534278,2.3640661938534278,16.548463356973993,0.0,0.0,0.0,0.0,9.456264775413711,7.092198581560283,0.0,2.3640661938534278,2.3640661938534278,11.82033096926714,0.0,2.3640661938534278,0.0,2.3640661938534278,0.0,2.3640661938534278,0.0,0.0,7.092198581560283,127.6595744680851,89.83451536643027,7.092198581560283,47.28132387706856,0.6019184652278178,4.630695443645084,7.092198581560283,2.3640661938534278,0.0,4.7281323877068555,7.092198581560283,2.3640661938534278,0.0,2.3640661938534278,0.0,4.7281323877068555,2.3640661938534278,9.456264775413711,0.0,0.0,4.7281323877068555,2.3640661938534278,2.3640661938534278,0.0,7.092198581560283,11.82033096926714,4.7281323877068555,0.0,7.092198581560283
282163,83.95061728395062,14.814814814814815,7.407407407407407,0.0,2.4691358024691357,0.0,4.938271604938271,106.17283950617285,17.28395061728395,2.4691358024691357,4.938271604938271,2.4691358024691357,7.407407407407407,29.62962962962963,2.4691358024691357,229.62962962962962,4.938271604938271,0.0,27.160493827160494,0.0,0.0,0.0,0.0,9.876543209876543,4.938271604938271,0.0,2.4691358024691357,0.0,4.938271604938271,2.4691358024691357,0.0,0.0,0.0,0.0,0.0,0.0,0.0,7.407407407407407,101.23456790123457,44.44444444444444,2.4691358024691357,76.54320987654322,0.5877862595419847,4.681933842239186,0.0,7.407407407407407,0.0,2.4691358024691357,9.876543209876543,0.0,4.938271604938271,7.407407407407407,2.4691358024691357,4.938271604938271,2.4691358024691357,7.407407407407407,4.938271604938271,0.0,14.814814814814815,0.0,0.0,0.0,2.4691358024691357,12.345679012345679,12.345679012345679,0.0,22.22222222222222
283302,99.27360774818402,4.842615012106537,9.685230024213075,4.842615012106537,7.263922518159807,60.53268765133172,14.527845036319613,7.263922518159807,29.055690072639226,4.842615012106537,7.263922518159807,0.0,31.476997578692497,12.106537530266344,2.4213075060532687,213.07506053268764,9.685230024213075,2.4213075060532687,26.634382566585955,0.0,0.0,0.0,0.0,16.949152542372882,2.4213075060532687,0.0,0.0,0.0,21.791767554479417,0.0,7.263922518159807,0.0,0.0,0.0,0.0,0.0,0.0,14.527845036319613,106.53753026634382,50.84745762711865,9.685230024213075,58.11138014527845,0.5794621026894865,4.356968215158925,4.842615012106537,0.0,0.0,4.842615012106537,7.263922518159807,0.0,7.263922518159807,9.685230024213075,0.0,2.4213075060532687,0.0,24.213075060532688,14.527845036319613,0.0,9.685230024213075,0.0,2.4213075060532687,0.0,0.0,14.527845036319613,14.527845036319613,0.0,7.263922518159807
284868,116.04938271604938,2.4691358024691357,4.938271604938271,12.345679012345679,2.4691358024691357,0.0,2.4691358024691357,93.82716049382717,7.407407407407407,0.0,7.407407407407407,2.4691358024691357,29.62962962962963,17.28395061728395,7.407407407407407,197.53086419753086,2.4691358024691357,2.4691358024691357,24.691358024691358,0.0,0.0,0.0,0.0,14.814814814814815,9.876543209876543,4.938271604938271,4.938271604938271,0.0,24.691358024691358,0.0,0.0,0.0,0.0,0.0,0.0,0.0,2.4691358024691357,17.28395061728395,93.82716049382717,66.66666666666667,7.407407407407407,49.382716049382715,0.6125,4.7275,0.0,0.0,0.0,4.938271604938271,0.0,0.0,2.4691358024691357,0.0,0.0,0.0,0.0,9.876543209876543,2.4691358024691357,7.407407407407407,4.938271604938271,0.0,0.0,0.0,2.4691358024691357,14.814814814814815,19.753086419753085,2.4691358024691357,7.407407407407407
28494,68.62745098039217,14.705882352941176,7.352941176470588,2.450980392156863,4.901960784313726,4.901960784313726,4.901960784313726,49.01960784313725,19.607843137254903,7.352941176470588,0.0,0.0,19.607843137254903,22.058823529411764,4.901960784313726,252.45098039215685,0.0,0.0,19.607843137254903,0.0,0.0,0.0,0.0,29.41176470588235,12.254901960784313,4.901960784313726,4.901960784313726,0.0,4.901960784313726,0.0,7.352941176470588,2.450980392156863,0.0,0.0,0.0,0.0,0.0,2.450980392156863,105.3921568627451,85.7843137254902,2.450980392156863,31.862745098039213,0.5925925925925926,4.676543209876543,4.901960784313726,4.901960784313726,0.0,9.803921568627452,2.450980392156863,0.0,4.901960784313726,2.450980392156863,0.0,0.0,0.0,9.803921568627452,0.0,4.901960784313726,0.0,0.0,0.0,0.0,2.450980392156863,9.803921568627452,7.352941176470588,4.901960784313726,0.0
2853,102.87081339712918,26.31578947368421,0.0,0.0,2.3923444976076556,0.0,0.0,47.84688995215311,0.0,7.177033492822967,4.784688995215311,0.0,23.923444976076556,19.138755980861244,7.177033492822967,246.41148325358853,7.177033492822967,0.0,45.45454545454545,4.784688995215311,0.0,0.0,0.0,11.961722488038278,2.3923444976076556,0.0,0.0,0.0,7.177033492822967,2.3923444976076556,2.3923444976076556,0.0,2.3923444976076556,2.3923444976076556,0.0,0.0,4.784688995215311,9.569377990430622,78.94736842105263,45.45454545454545,9.569377990430622,55.02392344497608,0.5498783454987834,4.70316301703163,0.0,4.784688995215311,0.0,0.0,7.177033492822967,0.0,2.3923444976076556,11.961722488038278,0.0,2.3923444976076556,4.784688995215311,14.354066985645934,2.3923444976076556,0.0,4.784688995215311,2.3923444976076556,2.3923444976076556,0.0,4.784688995215311,14.354066985645934,19.138755980861244,7.177033492822967,4.784688995215311
286398,88.66995073891626,9.852216748768473,24.630541871921185,2.4630541871921183,0.0,73.89162561576356,4.926108374384237,9.852216748768473,19.704433497536947,0.0,2.4630541871921183,0.0,12.315270935960593,14.778325123152708,0.0,219.21182266009853,7.389162561576354,2.4630541871921183,36.94581280788178,0.0,2.4630541871921183,0.0,4.926108374384237,17.241379310344826,2.4630541871921183,0.0,2.4630541871921183,2.4630541871921183,0.0,0.0,0.0,0.0,0.0,0.0,0.0,0.0,2.4630541871921183,12.315270935960593,83.74384236453201,44.33497536945813,9.852216748768473,61.576354679802954,0.6240409207161125,4.450127877237851,2.4630541871921183,7.389162561576354,2.4630541871921183,2.4630541871921183,0.0,0.0,4.926108374384237,2.4630541871921183,2.4630541871921183,7.389162561576354,9.852216748768473,36.94581280788178,2.4630541871921183,0.0,17.241379310344826,0.0,0.0,0.0,4.926108374384237,22.167487684729064,17.241379310344826,0.0,7.389162561576354
286595,89.2018779342723,16.431924882629108,16.431924882629108,7.042253521126761,4.694835680751174,53.990610328638496,9.389671361502348,11.737089201877934,30.516431924882628,0.0,4.694835680751174,0.0,16.431924882629108,18.779342723004696,2.347417840375587,197.18309859154928,4.694835680751174,0.0,39.906103286384976,0.0,0.0,0.0,0.0,7.042253521126761,4.694835680751174,0.0,2.347417840375587,2.347417840375587,7.042253521126761,0.0,0.0,0.0,0.0,0.0,0.0,0.0,2.347417840375587,9.389671361502348,98.59154929577464,42.25352112676056,9.389671361502348,75.11737089201878,0.5865384615384616,4.403846153846154,2.347417840375587,2.347417840375587,4.694835680751174,4.694835680751174,14.084507042253522,0.0,16.431924882629108,4.694835680751174,0.0,4.694835680751174,9.389671361502348,14.084507042253522,4.694835680751174,4.694835680751174,21.12676056338028,0.0,2.347417840375587,0.0,0.0,4.694835680751174,14.084507042253522,0.0,11.737089201877934
286626,66.99751861042184,17.3697270471464,4.962779156327543,4.962779156327543,2.4813895781637716,0.0,0.0,32.25806451612903,2.4813895781637716,0.0,0.0,0.0,14.88833746898263,9.925558312655086,12.40694789081886,292.80397022332505,2.4813895781637716,0.0,19.851116625310173,0.0,0.0,2.4813895781637716,0.0,7.444168734491315,0.0,4.962779156327543,9.925558312655086,0.0,7.444168734491315,0.0,4.962779156327543,0.0,0.0,0.0,0.0,0.0,0.0,0.0,133.99503722084367,84.36724565756825,4.962779156327543,37.220843672456574,0.5880893300248139,5.012406947890819,0.0,0.0,0.0,0.0,9.925558312655086,0.0,12.40694789081886,0.0,0.0,0.0,2.4813895781637716,17.3697270471464,4.962779156327543,0.0,0.0,0.0,0.0,0.0,0.0,17.3697270471464,12.40694789081886,2.4813895781637716,2.4813895781637716
286840,75.42579075425792,7.299270072992701,7.299270072992701,7.299270072992701,0.0,0.0,0.0,48.661800486618006,4.866180048661801,4.866180048661801,2.4330900243309004,0.0,17.0316301703163,9.732360097323602,4.866180048661801,240.87591240875915,9.732360097323602,0.0,29.197080291970803,0.0,2.4330900243309004,0.0,0.0,14.598540145985401,2.4330900243309004,0.0,2.4330900243309004,7.299270072992701,7.299270072992701,0.0,2.4330900243309004,0.0,0.0,0.0,0.0,0.0,4.866180048661801,2.4330900243309004,116.78832116788321,58.394160583941606,4.866180048661801,102.18978102189782,0.5955882352941176,4.803921568627451,2.4330900243309004,7.299270072992701,0.0,7.299270072992701,19.464720194647203,0.0,2.4330900243309004,4.866180048661801,0.0,0.0,0.0,7.299270072992701,4.866180048661801,2.4330900243309004,0.0,0.0,0.0,0.0,2.4330900243309004,14.598540145985401,0.0,4.866180048661801,7.299270072992701
288048,89.33002481389578,27.29528535980149,2.4813895781637716,2.4813895781637716,2.4813895781637716,9.925558312655086,0.0,24.81389578163772,34.7394540942928,2.4813895781637716,4.962779156327543,0.0,14.88833746898263,12.40694789081886,4.962779156327543,215.88089330024815,9.925558312655086,0.0,37.220843672456574,0.0,0.0,0.0,0.0,9.925558312655086,4.962779156327543,4.962779156327543,0.0,0.0,4.962779156327543,2.4813895781637716,2.4813895781637716,0.0,2.4813895781637716,0.0,0.0,0.0,0.0,2.4813895781637716,116.62531017369727,81.88585607940446,0.0,76.92307692307693,0.5572139303482587,4.534825870646766,7.444168734491315,2.4813895781637716,0.0,7.444168734491315,4.962779156327543,2.4813895781637716,7.444168734491315,0.0,0.0,0.0,2.4813895781637716,4.962779156327543,2.4813895781637716,2.4813895781637716,2.4813895781637716,0.0,2.4813895781637716,2.4813895781637716,7.444168734491315,4.962779156327543,7.444168734491315,0.0,17.3697270471464
29016,103.61445783132531,7.228915662650603,4.819277108433735,9.63855421686747,0.0,55.42168674698795,4.819277108433735,4.819277108433735,40.96385542168675,12.048192771084338,9.63855421686747,0.0,21.686746987951807,19.27710843373494,2.4096385542168677,178.3132530120482,19.27710843373494,2.4096385542168677,33.734939759036145,2.4096385542168677,0.0,0.0,0.0,19.27710843373494,7.228915662650603,0.0,2.4096385542168677,0.0,12.048192771084338,0.0,0.0,0.0,0.0,0.0,0.0,2.4096385542168677,9.63855421686747,9.63855421686747,101.20481927710844,65.06024096385542,2.4096385542168677,72.28915662650603,0.5620437956204379,4.316301703163017,0.0,4.819277108433735,0.0,2.4096385542168677,12.048192771084338,0.0,4.819277108433735,2.4096385542168677,0.0,4.819277108433735,0.0,14.457831325301205,2.4096385542168677,9.63855421686747,9.63855421686747,0.0,0.0,0.0,2.4096385542168677,14.457831325301205,16.867469879518072,4.819277108433735,12.048192771084338
291500,96.15384615384616,12.01923076923077,9.615384615384617,2.403846153846154,2.403846153846154,62.5,4.807692307692308,40.86538461538461,9.615384615384617,4.807692307692308,2.403846153846154,4.807692307692308,21.634615384615383,12.01923076923077,0.0,218.75,2.403846153846154,0.0,28.846153846153847,0.0,2.403846153846154,0.0,0.0,26.442307692307693,7.211538461538462,0.0,2.403846153846154,0.0,0.0,0.0,9.615384615384617,0.0,0.0,0.0,0.0,0.0,0.0,9.615384615384617,91.34615384615384,64.90384615384616,2.403846153846154,57.69230769230769,0.5985221674876847,4.5344827586206895,2.403846153846154,2.403846153846154,2.403846153846154,0.0,9.615384615384617,0.0,4.807692307692308,4.807692307692308,0.0,2.403846153846154,12.01923076923077,16.826923076923077,2.403846153846154,0.0,12.01923076923077,0.0,0.0,0.0,0.0,4.807692307692308,9.615384615384617,0.0,4.807692307692308
291761,93.45794392523364,11.682242990654204,0.0,9.345794392523365,0.0,0.0,0.0,53.73831775700935,14.018691588785046,0.0,11.682242990654204,0.0,16.355140186915886,11.682242990654204,0.0,226.6355140186916,7.009345794392523,0.0,11.682242990654204,2.336448598130841,0.0,0.0,2.336448598130841,7.009345794392523,9.345794392523365,0.0,4.672897196261682,2.336448598130841,4.672897196261682,0.0,0.0,0.0,0.0,0.0,0.0,0.0,7.009345794392523,11.682242990654204,140.18691588785046,56.074766355140184,7.009345794392523,37.38317757009346,0.557919621749409,4.607565011820331,0.0,2.336448598130841,0.0,0.0,0.0,0.0,4.672897196261682,9.345794392523365,0.0,0.0,0.0,23.36448598130841,2.336448598130841,4.672897196261682,0.0,2.336448598130841,7.009345794392523,0.0,2.336448598130841,11.682242990654204,7.009345794392523,2.336448598130841,2.336448598130841
291766,72.28915662650603,16.867469879518072,4.819277108433735,7.228915662650603,16.867469879518072,7.228915662650603,0.0,60.24096385542169,14.457831325301205,7.228915662650603,0.0,0.0,7.228915662650603,19.27710843373494,0.0,250.60240963855424,2.4096385542168677,0.0,21.686746987951807,0.0,2.4096385542168677,0.0,0.0,19.27710843373494,0.0,4.819277108433735,2.4096385542168677,0.0,2.4096385542168677,0.0,4.819277108433735,0.0,0.0,0.0,0.0,4.819277108433735,2.4096385542168677,7.228915662650603,110.8433734939759,67.46987951807229,9.63855421686747,55.42168674698795,0.6004901960784313,4.7745098039215685,0.0,0.0,0.0,0.0,14.457831325301205,0.0,4.819277108433735,0.0,0.0,4.819277108433735,2.4096385542168677,31.32530120481928,4.819277108433735,0.0,4.819277108433735,4.819277108433735,0.0,0.0,2.4096385542168677,12.048192771084338,9.63855421686747,2.4096385542168677,4.819277108433735
296867,106.69975186104217,22.332506203473944,2.4813895781637716,7.444168734491315,0.0,101.73697270471465,0.0,4.962779156327543,17.3697270471464,0.0,4.962779156327543,4.962779156327543,12.40694789081886,34.7394540942928,7.444168734491315,213.39950372208435,2.4813895781637716,0.0,29.77667493796526,2.4813895781637716,2.4813895781637716,0.0,0.0,14.88833746898263,7.444168734491315,0.0,0.0,0.0,4.962779156327543,0.0,2.4813895781637716,0.0,0.0,0.0,0.0,2.4813895781637716,0.0,14.88833746898263,96.77419354838709,42.183622828784124,7.444168734491315,57.07196029776674,0.5376884422110553,4.494974874371859,0.0,2.4813895781637716,0.0,2.4813895781637716,14.88833746898263,0.0,7.444168734491315,0.0,0.0,4.962779156327543,4.962779156327543,22.332506203473944,0.0,0.0,9.925558312655086,0.0,0.0,0.0,0.0,14.88833746898263,4.962779156327543,0.0,12.40694789081886
297711,72.81553398058252,9.70873786407767,2.4271844660194173,7.281553398058253,0.0,0.0,0.0,21.844660194174757,12.135922330097086,2.4271844660194173,0.0,0.0,2.4271844660194173,12.135922330097086,0.0,308.252427184466,7.281553398058253,4.854368932038835,14.563106796116505,2.4271844660194173,2.4271844660194173,0.0,0.0,4.854368932038835,9.70873786407767,0.0,4.854368932038835,2.4271844660194173,2.4271844660194173,0.0,0.0,0.0,0.0,0.0,0.0,0.0,0.0,14.563106796116505,111.6504854368932,60.67961165048544,2.4271844660194173,33.980582524271846,0.6386138613861386,4.8094059405940595,0.0,7.281553398058253,0.0,0.0,4.854368932038835,0.0,12.135922330097086,2.4271844660194173,0.0,2.4271844660194173,0.0,4.854368932038835,0.0,2.4271844660194173,0.0,0.0,0.0,0.0,0.0,9.70873786407767,2.4271844660194173,0.0,0.0
301645,71.25890736342043,21.377672209026127,2.375296912114014,9.501187648456057,9.501187648456057,49.8812351543943,0.0,16.6270783847981,14.251781472684087,0.0,4.750593824228028,0.0,14.251781472684087,23.752969121140143,4.750593824228028,211.4014251781473,9.501187648456057,0.0,23.752969121140143,0.0,2.375296912114014,0.0,0.0,4.750593824228028,4.750593824228028,0.0,2.375296912114014,4.750593824228028,7.125890736342043,0.0,2.375296912114014,0.0,0.0,0.0,0.0,0.0,2.375296912114014,4.750593824228028,137.76722090261282,49.8812351543943,7.125890736342043,73.63420427553444,0.5772946859903382,4.528985507246377,2.375296912114014,0.0,0.0,0.0,4.750593824228028,2.375296912114014,7.125890736342043,7.125890736342043,0.0,2.375296912114014,9.501187648456057,7.125890736342043,2.375296912114014,7.125890736342043,14.251781472684087,0.0,0.0,0.0,9.501187648456057,7.125890736342043,11.876484560570072,0.0,11.876484560570072
302912,63.41463414634146,17.073170731707318,12.195121951219512,2.4390243902439024,2.4390243902439024,21.95121951219512,2.4390243902439024,36.58536585365854,12.195121951219512,7.317073170731708,2.4390243902439024,2.4390243902439024,4.878048780487805,29.26829268292683,0.0,256.0975609756098,4.878048780487805,0.0,21.95121951219512,0.0,2.4390243902439024,2.4390243902439024,0.0,4.878048780487805,0.0,9.75609756097561,2.4390243902439024,0.0,0.0,0.0,0.0,0.0,0.0,0.0,0.0,0.0,7.317073170731708,9.75609756097561,119.51219512195121,39.02439024390244,4.878048780487805,68.29268292682927,0.5816831683168316,4.75,0.0,2.4390243902439024,0.0,0.0,12.195121951219512,0.0,14.634146341463415,0.0,2.4390243902439024,4.878048780487805,2.4390243902439024,9.75609756097561,2.4390243902439024,0.0,0.0,0.0,0.0,0.0,0.0,9.75609756097561,4.878048780487805,4.878048780487805,9.75609756097561
31479,81.5347721822542,7.194244604316547,26.378896882494004,16.786570743405274,7.194244604316547,2.398081534772182,4.796163069544364,67.1462829736211,7.194244604316547,14.388489208633095,0.0,2.398081534772182,11.990407673860911,23.980815347721823,0.0,182.25419664268586,11.990407673860911,2.398081534772182,26.378896882494004,0.0,0.0,0.0,2.398081534772182,21.58273381294964,14.388489208633095,0.0,0.0,2.398081534772182,9.592326139088728,0.0,0.0,0.0,0.0,0.0,0.0,0.0,2.398081534772182,19.184652278177456,81.5347721822542,43.16546762589928,9.592326139088728,83.93285371702639,0.5352798053527981,4.476885644768856,0.0,4.796163069544364,0.0,2.398081534772182,4.796163069544364,0.0,4.796163069544364,2.398081534772182,2.398081534772182,2.398081534772182,9.592326139088728,21.58273381294964,4.796163069544364,0.0,11.990407673860911,2.398081534772182,0.0,0.0,2.398081534772182,2.398081534772182,2.398081534772182,0.0,23.980815347721823
32105,76.00950118764845,2.375296912114014,23.752969121140143,4.750593824228028,2.375296912114014,61.75771971496437,7.125890736342043,19.002375296912113,9.501187648456057,2.375296912114014,2.375296912114014,2.375296912114014,23.752969121140143,7.125890736342043,9.501187648456057,197.14964370546318,4.750593824228028,0.0,30.878859857482183,4.750593824228028,0.0,0.0,0.0,9.501187648456057,2.375296912114014,0.0,2.375296912114014,0.0,7.125890736342043,2.375296912114014,2.375296912114014,0.0,0.0,0.0,2.375296912114014,0.0,0.0,9.501187648456057,73.63420427553444,47.50593824228029,4.750593824228028,85.5106888361045,0.551219512195122,4.35609756097561,0.0,0.0,0.0,0.0,16.6270783847981,0.0,11.876484560570072,23.752969121140143,0.0,0.0,4.750593824228028,23.752969121140143,9.501187648456057,0.0,21.377672209026127,2.375296912114014,2.375296912114014,0.0,0.0,11.876484560570072,9.501187648456057,0.0,19.002375296912113
32455,87.47044917257683,14.184397163120567,28.368794326241133,4.7281323877068555,0.0,56.737588652482266,16.548463356973993,14.184397163120567,14.184397163120567,4.7281323877068555,0.0,0.0,21.27659574468085,14.184397163120567,4.7281323877068555,210.40189125295507,11.82033096926714,0.0,33.09692671394799,2.3640661938534278,4.7281323877068555,0.0,2.3640661938534278,11.82033096926714,0.0,0.0,2.3640661938534278,2.3640661938534278,7.092198581560283,0.0,0.0,0.0,0.0,2.3640661938534278,0.0,0.0,4.7281323877068555,11.82033096926714,85.1063829787234,66.19385342789597,0.0,56.737588652482266,0.6258992805755396,4.623501199040767,2.3640661938534278,2.3640661938534278,2.3640661938534278,2.3640661938534278,0.0,4.7281323877068555,2.3640661938534278,4.7281323877068555,0.0,4.7281323877068555,11.82033096926714,16.548463356973993,4.7281323877068555,7.092198581560283,9.456264775413711,0.0,2.3640661938534278,0.0,2.3640661938534278,14.184397163120567,14.184397163120567,2.3640661938534278,4.7281323877068555
33265,80.95238095238096,0.0,0.0,2.3809523809523814,0.0,0.0,0.0,52.38095238095238,11.904761904761903,0.0,0.0,0.0,21.428571428571427,21.428571428571427,4.761904761904763,238.09523809523807,7.142857142857142,0.0,40.47619047619048,4.761904761904763,0.0,0.0,0.0,9.523809523809526,0.0,0.0,2.3809523809523814,0.0,7.142857142857142,2.3809523809523814,7.142857142857142,0.0,0.0,0.0,0.0,0.0,2.3809523809523814,2.3809523809523814,111.90476190476191,76.1904761904762,9.523809523809526,57.14285714285714,0.5430622009569378,5.035885167464115,14.285714285714285,2.3809523809523814,2.3809523809523814,2.3809523809523814,4.761904761904763,0.0,7.142857142857142,9.523809523809526,0.0,2.3809523809523814,0.0,7.142857142857142,7.142857142857142,0.0,0.0,0.0,0.0,0.0,0.0,16.666666666666668,19.04761904761905,9.523809523809526,9.523809523809526
33870,77.29468599033817,2.4154589371980677,21.73913043478261,0.0,12.077294685990339,89.37198067632849,0.0,0.0,16.908212560386474,0.0,9.66183574879227,0.0,7.246376811594203,9.66183574879227,4.830917874396135,222.2222222222222,2.4154589371980677,0.0,21.73913043478261,2.4154589371980677,0.0,0.0,0.0,9.66183574879227,7.246376811594203,0.0,0.0,0.0,2.4154589371980677,0.0,0.0,0.0,0.0,0.0,0.0,0.0,0.0,12.077294685990339,96.61835748792271,60.386473429951685,2.4154589371980677,74.8792270531401,0.5902439024390244,4.378048780487805,2.4154589371980677,2.4154589371980677,0.0,0.0,9.66183574879227,2.4154589371980677,7.246376811594203,2.4154589371980677,2.4154589371980677,2.4154589371980677,2.4154589371980677,24.154589371980677,7.246376811594203,0.0,7.246376811594203,0.0,0.0,0.0,0.0,9.66183574879227,7.246376811594203,12.077294685990339,4.830917874396135
34813,101.73697270471465,17.3697270471464,2.4813895781637716,7.444168734491315,9.925558312655086,0.0,0.0,94.29280397022333,34.7394540942928,7.444168734491315,2.4813895781637716,0.0,24.81389578163772,12.40694789081886,2.4813895781637716,193.54838709677418,2.4813895781637716,0.0,19.851116625310173,0.0,0.0,0.0,0.0,17.3697270471464,2.4813895781637716,2.4813895781637716,0.0,2.4813895781637716,2.4813895781637716,0.0,4.962779156327543,0.0,0.0,0.0,2.4813895781637716,2.4813895781637716,7.444168734491315,12.40694789081886,106.69975186104217,29.77667493796526,7.444168734491315,84.36724565756825,0.5764411027568922,4.548872180451128,0.0,4.962779156327543,2.4813895781637716,0.0,4.962779156327543,0.0,0.0,7.444168734491315,2.4813895781637716,2.4813895781637716,0.0,22.332506203473944,4.962779156327543,2.4813895781637716,9.925558312655086,0.0,4.962779156327543,0.0,2.4813895781637716,0.0,12.40694789081886,7.444168734491315,7.444168734491315
35009,78.62407862407862,14.742014742014742,24.570024570024568,0.0,9.828009828009828,81.08108108108108,0.0,29.484029484029485,12.285012285012284,7.371007371007371,0.0,2.457002457002457,24.570024570024568,14.742014742014742,7.371007371007371,174.44717444717443,2.457002457002457,2.457002457002457,36.85503685503686,2.457002457002457,2.457002457002457,0.0,0.0,17.1990171990172,2.457002457002457,0.0,2.457002457002457,0.0,9.828009828009828,0.0,2.457002457002457,0.0,0.0,0.0,0.0,0.0,7.371007371007371,2.457002457002457,95.82309582309583,46.68304668304668,4.914004914004914,93.36609336609337,0.5583126550868487,4.265508684863524,0.0,4.914004914004914,0.0,0.0,22.11302211302211,0.0,7.371007371007371,2.457002457002457,2.457002457002457,4.914004914004914,9.828009828009828,22.11302211302211,2.457002457002457,0.0,9.828009828009828,0.0,0.0,0.0,4.914004914004914,9.828009828009828,9.828009828009828,0.0,9.828009828009828
35527,91.34615384615384,0.0,2.403846153846154,4.807692307692308,0.0,21.634615384615383,4.807692307692308,21.634615384615383,14.423076923076923,9.615384615384617,2.403846153846154,0.0,21.634615384615383,14.423076923076923,0.0,245.19230769230768,7.211538461538462,0.0,36.05769230769231,4.807692307692308,0.0,0.0,0.0,14.423076923076923,0.0,0.0,4.807692307692308,0.0,7.211538461538462,0.0,2.403846153846154,0.0,0.0,0.0,2.403846153846154,2.403846153846154,2.403846153846154,2.403846153846154,120.1923076923077,76.92307692307693,7.211538461538462,69.71153846153847,0.5995145631067961,4.805825242718447,2.403846153846154,2.403846153846154,0.0,2.403846153846154,7.211538461538462,0.0,7.211538461538462,7.211538461538462,2.403846153846154,0.0,2.403846153846154,7.211538461538462,2.403846153846154,4.807692307692308,2.403846153846154,0.0,0.0,2.403846153846154,4.807692307692308,12.01923076923077,7.211538461538462,0.0,4.807692307692308
38068,103.19410319410319,14.742014742014742,7.371007371007371,2.457002457002457,4.914004914004914,4.914004914004914,12.285012285012284,83.53808353808354,14.742014742014742,2.457002457002457,4.914004914004914,2.457002457002457,14.742014742014742,9.828009828009828,4.914004914004914,199.01719901719903,9.828009828009828,0.0,36.85503685503686,2.457002457002457,0.0,0.0,0.0,22.11302211302211,4.914004914004914,4.914004914004914,0.0,4.914004914004914,9.828009828009828,0.0,0.0,0.0,0.0,0.0,0.0,0.0,0.0,7.371007371007371,108.10810810810811,31.94103194103194,2.457002457002457,73.71007371007371,0.5625,4.4225,0.0,4.914004914004914,0.0,0.0,9.828009828009828,0.0,7.371007371007371,7.371007371007371,4.914004914004914,0.0,7.371007371007371,22.11302211302211,0.0,4.914004914004914,14.742014742014742,0.0,0.0,0.0,0.0,17.1990171990172,17.1990171990172,4.914004914004914,22.11302211302211
38326,66.5083135391924,19.002375296912113,11.876484560570072,0.0,2.375296912114014,7.125890736342043,0.0,23.752969121140143,11.876484560570072,0.0,0.0,0.0,14.251781472684087,14.251781472684087,0.0,275.53444180522564,2.375296912114014,2.375296912114014,21.377672209026127,0.0,2.375296912114014,0.0,0.0,7.125890736342043,7.125890736342043,0.0,9.501187648456057,2.375296912114014,7.125890736342043,0.0,0.0,0.0,0.0,0.0,0.0,0.0,0.0,14.251781472684087,130.64133016627076,66.5083135391924,14.251781472684087,38.00475059382423,0.580335731414868,4.84652278177458,0.0,4.750593824228028,0.0,0.0,7.125890736342043,0.0,7.125890736342043,4.750593824228028,0.0,0.0,14.251781472684087,7.125890736342043,0.0,0.0,0.0,0.0,0.0,0.0,4.750593824228028,2.375296912114014,9.501187648456057,0.0,0.0
3929,74.81296758104739,14.962593516209475,4.987531172069826,4.987531172069826,9.975062344139651,0.0,0.0,39.900249376558605,4.987531172069826,4.987531172069826,4.987531172069826,0.0,7.481296758104738,17.456359102244388,4.987531172069826,266.83291770573567,4.987531172069826,0.0,27.43142144638404,2.493765586034913,0.0,0.0,0.0,14.962593516209475,2.493765586034913,2.493765586034913,2.493765586034913,2.493765586034913,0.0,2.493765586034913,2.493765586034913,0.0,0.0,0.0,0.0,0.0,0.0,4.987531172069826,104.73815461346634,89.77556109725685,4.987531172069826,77.3067331670823,0.6269035532994924,5.124365482233503,4.987531172069826,4.987531172069826,2.493765586034913,0.0,9.975062344139651,2.493765586034913,7.481296758104738,0.0,0.0,0.0,0.0,7.481296758104738,0.0,0.0,2.493765586034913,0.0,0.0,0.0,0.0,7.481296758104738,2.493765586034913,0.0,4.987531172069826
39646,113.86138613861387,4.9504950495049505,2.4752475247524752,2.4752475247524752,2.4752475247524752,96.53465346534654,0.0,0.0,42.07920792079208,4.9504950495049505,4.9504950495049505,2.4752475247524752,9.900990099009901,9.900990099009901,2.4752475247524752,178.21782178217822,2.4752475247524752,0.0,47.02970297029703,0.0,0.0,2.4752475247524752,0.0,9.900990099009901,2.4752475247524752,0.0,2.4752475247524752,2.4752475247524752,0.0,0.0,2.4752475247524752,0.0,0.0,0.0,7.425742574257425,2.4752475247524752,0.0,9.900990099009901,111.38613861386139,37.12871287128713,4.9504950495049505,96.53465346534654,0.5402010050251256,4.180904522613066,2.4752475247524752,7.425742574257425,2.4752475247524752,7.425742574257425,12.376237623762377,0.0,7.425742574257425,4.9504950495049505,0.0,4.9504950495049505,4.9504950495049505,22.277227722772277,0.0,2.4752475247524752,12.376237623762377,2.4752475247524752,0.0,0.0,7.425742574257425,4.9504950495049505,22.277227722772277,0.0,9.900990099009901
40598,100.98522167487685,4.926108374384237,2.4630541871921183,0.0,0.0,81.2807881773399,2.4630541871921183,34.48275862068965,9.852216748768473,7.389162561576354,7.389162561576354,4.926108374384237,22.167487684729064,14.778325123152708,2.4630541871921183,204.43349753694582,9.852216748768473,0.0,19.704433497536947,0.0,0.0,2.4630541871921183,0.0,29.556650246305416,4.926108374384237,0.0,9.852216748768473,0.0,2.4630541871921183,0.0,7.389162561576354,2.4630541871921183,0.0,0.0,0.0,0.0,2.4630541871921183,4.926108374384237,93.59605911330048,61.576354679802954,0.0,56.65024630541872,0.6178660049627791,4.744416873449132,2.4630541871921183,4.926108374384237,0.0,0.0,7.389162561576354,0.0,7.389162561576354,2.4630541871921183,0.0,0.0,0.0,4.926108374384237,2.4630541871921183,2.4630541871921183,2.4630541871921183,0.0,2.4630541871921183,0.0,0.0,7.389162561576354,14.778325123152708,0.0,4.926108374384237
42993,105.65110565110565,7.371007371007371,0.0,2.457002457002457,4.914004914004914,85.995085995086,0.0,4.914004914004914,7.371007371007371,0.0,2.457002457002457,0.0,22.11302211302211,19.656019656019655,4.914004914004914,211.3022113022113,0.0,0.0,29.484029484029485,0.0,2.457002457002457,0.0,2.457002457002457,12.285012285012284,0.0,0.0,0.0,0.0,9.828009828009828,0.0,0.0,0.0,0.0,0.0,0.0,2.457002457002457,2.457002457002457,19.656019656019655,85.995085995086,44.22604422604422,12.285012285012284,78.62407862407862,0.5594059405940595,4.465346534653466,4.914004914004914,2.457002457002457,0.0,2.457002457002457,4.914004914004914,2.457002457002457,4.914004914004914,9.828009828009828,0.0,4.914004914004914,0.0,22.11302211302211,2.457002457002457,2.457002457002457,7.371007371007371,0.0,2.457002457002457,0.0,2.457002457002457,22.11302211302211,14.742014742014742,0.0,7.371007371007371
43376,95.1219512195122,7.317073170731708,2.4390243902439024,7.317073170731708,0.0,58.53658536585366,0.0,9.75609756097561,7.317073170731708,4.878048780487805,9.75609756097561,0.0,4.878048780487805,17.073170731707318,7.317073170731708,209.7560975609756,0.0,0.0,21.95121951219512,2.4390243902439024,0.0,0.0,0.0,9.75609756097561,9.75609756097561,0.0,2.4390243902439024,0.0,0.0,0.0,0.0,0.0,0.0,0.0,0.0,4.878048780487805,2.4390243902439024,4.878048780487805,121.95121951219512,65.85365853658537,2.4390243902439024,63.41463414634146,0.5746268656716418,4.5945273631840795,0.0,0.0,0.0,0.0,9.75609756097561,0.0,2.4390243902439024,4.878048780487805,0.0,2.4390243902439024,2.4390243902439024,7.317073170731708,4.878048780487805,7.317073170731708,4.878048780487805,0.0,0.0,0.0,2.4390243902439024,7.317073170731708,17.073170731707318,2.4390243902439024,2.4390243902439024
46554,103.7037037037037,4.938271604938271,2.4691358024691357,9.876543209876543,2.4691358024691357,81.4814814814815,2.4691358024691357,44.44444444444444,17.28395061728395,0.0,7.407407407407407,4.938271604938271,17.28395061728395,9.876543209876543,2.4691358024691357,167.90123456790124,4.938271604938271,2.4691358024691357,22.22222222222222,0.0,0.0,0.0,0.0,24.691358024691358,7.407407407407407,0.0,0.0,2.4691358024691357,12.345679012345679,0.0,0.0,0.0,0.0,0.0,2.4691358024691357,0.0,2.4691358024691357,9.876543209876543,111.1111111111111,39.50617283950617,7.407407407407407,54.32098765432099,0.572139303482587,4.218905472636816,0.0,2.4691358024691357,0.0,0.0,7.407407407407407,0.0,7.407407407407407,4.938271604938271,2.4691358024691357,2.4691358024691357,2.4691358024691357,41.97530864197531,0.0,7.407407407407407,4.938271604938271,0.0,2.4691358024691357,0.0,2.4691358024691357,12.345679012345679,12.345679012345679,4.938271604938271,2.4691358024691357
47516,60.53268765133172,9.685230024213075,36.31961259079903,4.842615012106537,0.0,0.0,2.4213075060532687,12.106537530266344,41.16222760290557,4.842615012106537,0.0,0.0,29.055690072639226,4.842615012106537,0.0,225.18159806295398,19.37046004842615,7.263922518159807,31.476997578692497,2.4213075060532687,0.0,0.0,0.0,2.4213075060532687,4.842615012106537,0.0,7.263922518159807,4.842615012106537,14.527845036319613,0.0,0.0,0.0,0.0,0.0,0.0,0.0,4.842615012106537,7.263922518159807,133.1719128329298,60.53268765133172,4.842615012106537,55.69007263922518,0.551219512195122,4.529268292682927,4.842615012106537,0.0,0.0,0.0,2.4213075060532687,0.0,14.527845036319613,4.842615012106537,0.0,0.0,2.4213075060532687,4.842615012106537,2.4213075060532687,4.842615012106537,2.4213075060532687,0.0,2.4213075060532687,0.0,7.263922518159807,4.842615012106537,16.949152542372882,4.842615012106537,12.106537530266344
53674,134.47432762836186,2.444987775061125,4.88997555012225,2.444987775061125,4.88997555012225,83.12958435207824,7.334963325183374,2.444987775061125,29.339853300733495,7.334963325183374,14.669926650366747,0.0,19.559902200489,12.224938875305625,2.444987775061125,144.25427872860635,0.0,0.0,48.8997555012225,4.88997555012225,0.0,2.444987775061125,2.444987775061125,26.89486552567237,2.444987775061125,0.0,0.0,0.0,7.334963325183374,0.0,0.0,0.0,0.0,0.0,0.0,0.0,4.88997555012225,9.7799511002445,85.57457212713938,48.8997555012225,12.224938875305625,90.46454767726162,0.5272277227722773,4.1138613861386135,2.444987775061125,9.7799511002445,0.0,0.0,9.7799511002445,0.0,7.334963325183374,4.88997555012225,0.0,2.444987775061125,2.444987775061125,19.559902200489,7.334963325183374,7.334963325183374,12.224938875305625,0.0,2.444987775061125,4.88997555012225,4.88997555012225,0.0,17.114914425427873,7.334963325183374,12.224938875305625
55410,98.28009828009827,14.742014742014742,4.914004914004914,7.371007371007371,4.914004914004914,66.33906633906633,0.0,39.31203931203931,19.656019656019655,2.457002457002457,2.457002457002457,0.0,9.828009828009828,7.371007371007371,2.457002457002457,230.95823095823096,2.457002457002457,2.457002457002457,22.11302211302211,0.0,4.914004914004914,0.0,4.914004914004914,7.371007371007371,9.828009828009828,0.0,2.457002457002457,2.457002457002457,0.0,0.0,0.0,0.0,0.0,2.457002457002457,0.0,0.0,0.0,9.828009828009828,120.39312039312038,51.597051597051596,4.914004914004914,54.054054054054056,0.5358024691358024,4.298765432098765,0.0,0.0,0.0,0.0,4.914004914004914,0.0,9.828009828009828,0.0,0.0,4.914004914004914,7.371007371007371,24.570024570024568,2.457002457002457,0.0,4.914004914004914,0.0,0.0,0.0,4.914004914004914,9.828009828009828,17.1990171990172,0.0,7.371007371007371
56120,66.83168316831683,12.376237623762377,2.4752475247524752,0.0,9.900990099009901,0.0,0.0,27.22772277227723,27.22772277227723,0.0,4.9504950495049505,0.0,4.9504950495049505,22.277227722772277,7.425742574257425,247.5247524752475,4.9504950495049505,0.0,19.801980198019802,0.0,0.0,0.0,0.0,19.801980198019802,4.9504950495049505,4.9504950495049505,2.4752475247524752,0.0,0.0,0.0,2.4752475247524752,0.0,0.0,0.0,0.0,0.0,0.0,2.4752475247524752,116.33663366336634,66.83168316831683,4.9504950495049505,47.02970297029703,0.5677749360613811,4.956521739130435,0.0,7.425742574257425,0.0,0.0,12.376237623762377,4.9504950495049505,0.0,2.4752475247524752,0.0,2.4752475247524752,4.9504950495049505,19.801980198019802,4.9504950495049505,0.0,12.376237623762377,2.4752475247524752,2.4752475247524752,0.0,2.4752475247524752,4.9504950495049505,9.900990099009901,0.0,9.900990099009901
58294,90.02433090024331,21.897810218978105,12.165450121654501,7.299270072992701,2.4330900243309004,65.69343065693431,0.0,19.464720194647203,17.0316301703163,2.4330900243309004,7.299270072992701,4.866180048661801,21.897810218978105,21.897810218978105,0.0,228.71046228710463,4.866180048661801,0.0,36.4963503649635,0.0,0.0,0.0,4.866180048661801,17.0316301703163,7.299270072992701,2.4330900243309004,0.0,0.0,12.165450121654501,0.0,0.0,0.0,0.0,0.0,0.0,0.0,4.866180048661801,4.866180048661801,90.02433090024331,68.1265206812652,19.464720194647203,43.79562043795621,0.5925,4.7875,0.0,4.866180048661801,0.0,0.0,7.299270072992701,0.0,4.866180048661801,9.732360097323602,0.0,9.732360097323602,12.165450121654501,9.732360097323602,2.4330900243309004,4.866180048661801,9.732360097323602,0.0,0.0,0.0,7.299270072992701,2.4330900243309004,9.732360097323602,2.4330900243309004,2.4330900243309004
59164,90.24390243902438,9.75609756097561,17.073170731707318,4.878048780487805,4.878048780487805,63.41463414634146,14.634146341463415,41.463414634146346,17.073170731707318,0.0,2.4390243902439024,2.4390243902439024,14.634146341463415,14.634146341463415,7.317073170731708,190.2439024390244,0.0,0.0,21.95121951219512,0.0,0.0,0.0,0.0,21.95121951219512,7.317073170731708,2.4390243902439024,0.0,2.4390243902439024,7.317073170731708,0.0,4.878048780487805,0.0,0.0,0.0,0.0,4.878048780487805,0.0,9.75609756097561,102.4390243902439,51.21951219512195,2.4390243902439024,70.73170731707316,0.5856079404466501,4.461538461538462,4.878048780487805,4.878048780487805,0.0,0.0,7.317073170731708,2.4390243902439024,2.4390243902439024,7.317073170731708,0.0,2.4390243902439024,2.4390243902439024,17.073170731707318,0.0,12.195121951219512,14.634146341463415,0.0,0.0,0.0,4.878048780487805,4.878048780487805,7.317073170731708,0.0,9.75609756097561
59940,103.96039603960395,22.277227722772277,12.376237623762377,9.900990099009901,12.376237623762377,37.12871287128713,0.0,44.554455445544555,9.900990099009901,4.9504950495049505,0.0,0.0,12.376237623762377,9.900990099009901,4.9504950495049505,188.11881188118812,7.425742574257425,2.4752475247524752,27.22772277227723,0.0,7.425742574257425,0.0,2.4752475247524752,22.277227722772277,7.425742574257425,0.0,4.9504950495049505,2.4752475247524752,0.0,0.0,0.0,0.0,0.0,0.0,2.4752475247524752,0.0,2.4752475247524752,7.425742574257425,71.78217821782178,59.4059405940594,4.9504950495049505,108.91089108910892,0.5879396984924623,4.5703517587939695,0.0,7.425742574257425,2.4752475247524752,2.4752475247524752,9.900990099009901,2.4752475247524752,7.425742574257425,7.425742574257425,0.0,2.4752475247524752,4.9504950495049505,14.85148514851485,2.4752475247524752,0.0,7.425742574257425,0.0,2.4752475247524752,2.4752475247524752,4.9504950495049505,2.4752475247524752,17.32673267326733,0.0,9.900990099009901
60991,106.13207547169812,0.0,11.79245283018868,2.3584905660377355,4.716981132075471,70.75471698113208,18.867924528301884,37.73584905660377,21.22641509433962,4.716981132075471,9.433962264150942,0.0,25.943396226415096,2.3584905660377355,0.0,205.18867924528303,2.3584905660377355,0.0,40.094339622641506,0.0,0.0,0.0,0.0,14.150943396226415,11.79245283018868,0.0,0.0,2.3584905660377355,0.0,0.0,0.0,0.0,2.3584905660377355,0.0,4.716981132075471,0.0,0.0,7.0754716981132075,113.20754716981132,25.943396226415096,9.433962264150942,77.83018867924528,0.5167464114832536,4.351674641148326,2.3584905660377355,0.0,0.0,0.0,9.433962264150942,4.716981132075471,9.433962264150942,9.433962264150942,0.0,9.433962264150942,4.716981132075471,23.58490566037736,4.716981132075471,0.0,9.433962264150942,2.3584905660377355,4.716981132075471,0.0,2.3584905660377355,0.0,7.0754716981132075,0.0,7.0754716981132075
62604,77.29468599033817,12.077294685990339,4.830917874396135,7.246376811594203,4.830917874396135,77.29468599033817,0.0,28.985507246376812,16.908212560386474,2.4154589371980677,4.830917874396135,0.0,24.154589371980677,21.73913043478261,2.4154589371980677,200.4830917874396,2.4154589371980677,0.0,21.73913043478261,0.0,0.0,0.0,0.0,7.246376811594203,4.830917874396135,0.0,0.0,0.0,4.830917874396135,0.0,4.830917874396135,0.0,0.0,0.0,0.0,2.4154589371980677,0.0,7.246376811594203,108.69565217391305,79.71014492753622,0.0,79.71014492753622,0.6151960784313726,4.544117647058823,4.830917874396135,2.4154589371980677,0.0,2.4154589371980677,7.246376811594203,2.4154589371980677,2.4154589371980677,4.830917874396135,0.0,7.246376811594203,2.4154589371980677,12.077294685990339,7.246376811594203,7.246376811594203,9.66183574879227,0.0,0.0,0.0,16.908212560386474,9.66183574879227,2.4154589371980677,0.0,7.246376811594203
64347,94.8905109489051,2.4330900243309004,7.299270072992701,0.0,2.4330900243309004,0.0,0.0,48.661800486618006,7.299270072992701,2.4330900243309004,12.165450121654501,0.0,24.330900243309003,9.732360097323602,2.4330900243309004,238.4428223844282,17.0316301703163,2.4330900243309004,46.228710462287104,9.732360097323602,0.0,0.0,0.0,7.299270072992701,0.0,0.0,12.165450121654501,0.0,12.165450121654501,2.4330900243309004,4.866180048661801,0.0,0.0,0.0,0.0,0.0,0.0,7.299270072992701,94.8905109489051,34.0632603406326,9.732360097323602,85.1581508515815,0.5577395577395577,4.673218673218673,0.0,9.732360097323602,0.0,0.0,12.165450121654501,0.0,0.0,9.732360097323602,0.0,0.0,2.4330900243309004,17.0316301703163,0.0,4.866180048661801,7.299270072992701,0.0,0.0,0.0,7.299270072992701,4.866180048661801,12.165450121654501,0.0,7.299270072992701
64450,88.0952380952381,4.761904761904763,4.761904761904763,4.761904761904763,0.0,61.904761904761905,0.0,4.761904761904763,28.57142857142857,2.3809523809523814,0.0,0.0,28.57142857142857,21.428571428571427,0.0,228.57142857142856,2.3809523809523814,0.0,33.333333333333336,7.142857142857142,0.0,0.0,0.0,9.523809523809526,0.0,2.3809523809523814,2.3809523809523814,2.3809523809523814,19.04761904761905,0.0,0.0,0.0,0.0,0.0,2.3809523809523814,0.0,0.0,7.142857142857142,114.28571428571428,52.38095238095238,0.0,50.0,0.5339805825242718,4.303398058252427,0.0,0.0,0.0,0.0,7.142857142857142,0.0,7.142857142857142,7.142857142857142,0.0,0.0,2.3809523809523814,19.04761904761905,0.0,2.3809523809523814,9.523809523809526,0.0,2.3809523809523814,2.3809523809523814,2.3809523809523814,2.3809523809523814,7.142857142857142,2.3809523809523814,9.523809523809526
70031,79.72665148063781,11.389521640091116,0.0,11.389521640091116,0.0,0.0,0.0,41.00227790432802,27.33485193621868,0.0,2.277904328018223,2.277904328018223,20.50113895216401,4.555808656036446,2.277904328018223,252.8473804100228,2.277904328018223,0.0,22.779043280182233,0.0,0.0,0.0,0.0,11.389521640091116,9.111617312072893,2.277904328018223,4.555808656036446,0.0,11.389521640091116,0.0,0.0,0.0,0.0,0.0,0.0,0.0,2.277904328018223,6.83371298405467,127.56264236902051,59.22551252847381,9.111617312072893,61.50341685649203,0.5583524027459954,4.546910755148741,4.555808656036446,6.83371298405467,0.0,0.0,9.111617312072893,0.0,4.555808656036446,0.0,0.0,2.277904328018223,2.277904328018223,13.66742596810934,2.277904328018223,6.83371298405467,0.0,0.0,0.0,0.0,2.277904328018223,2.277904328018223,6.83371298405467,0.0,0.0
70266,63.52941176470588,4.705882352941176,0.0,2.352941176470588,0.0,0.0,0.0,2.352941176470588,18.823529411764703,4.705882352941176,0.0,0.0,2.352941176470588,77.64705882352942,2.352941176470588,218.8235294117647,7.058823529411765,0.0,14.11764705882353,0.0,4.705882352941176,0.0,0.0,25.88235294117647,2.352941176470588,0.0,0.0,4.705882352941176,0.0,0.0,2.352941176470588,0.0,0.0,0.0,0.0,0.0,0.0,7.058823529411765,110.58823529411765,91.76470588235294,9.411764705882351,44.70588235294118,0.5904761904761905,5.65952380952381,0.0,2.352941176470588,0.0,0.0,7.058823529411765,0.0,0.0,9.411764705882351,0.0,2.352941176470588,7.058823529411765,18.823529411764703,16.47058823529412,2.352941176470588,0.0,0.0,0.0,0.0,4.705882352941176,11.76470588235294,4.705882352941176,0.0,2.352941176470588
70292,120.77294685990337,9.66183574879227,4.830917874396135,12.077294685990339,4.830917874396135,55.55555555555555,2.4154589371980677,60.386473429951685,16.908212560386474,0.0,0.0,2.4154589371980677,19.32367149758454,9.66183574879227,0.0,166.66666666666666,0.0,0.0,24.154589371980677,4.830917874396135,0.0,0.0,0.0,21.73913043478261,4.830917874396135,9.66183574879227,0.0,0.0,4.830917874396135,0.0,4.830917874396135,0.0,0.0,0.0,0.0,0.0,2.4154589371980677,14.492753623188406,79.71014492753622,45.893719806763286,4.830917874396135,101.44927536231884,0.5514705882352942,4.200980392156863,4.830917874396135,9.66183574879227,0.0,0.0,0.0,0.0,4.830917874396135,2.4154589371980677,0.0,2.4154589371980677,4.830917874396135,16.908212560386474,7.246376811594203,7.246376811594203,9.66183574879227,2.4154589371980677,0.0,0.0,0.0,9.66183574879227,12.077294685990339,0.0,9.66183574879227
71054,75.24271844660194,2.4271844660194173,4.854368932038835,2.4271844660194173,2.4271844660194173,0.0,0.0,89.80582524271844,7.281553398058253,2.4271844660194173,0.0,0.0,21.844660194174757,16.990291262135923,0.0,228.15533980582526,2.4271844660194173,0.0,14.563106796116505,2.4271844660194173,4.854368932038835,0.0,0.0,14.563106796116505,4.854368932038835,2.4271844660194173,4.854368932038835,0.0,2.4271844660194173,0.0,4.854368932038835,0.0,0.0,0.0,0.0,0.0,0.0,7.281553398058253,109.22330097087378,72.81553398058252,0.0,72.81553398058252,0.5485436893203883,4.648058252427185,4.854368932038835,4.854368932038835,0.0,2.4271844660194173,9.70873786407767,0.0,2.4271844660194173,9.70873786407767,0.0,12.135922330097086,0.0,43.689320388349515,7.281553398058253,2.4271844660194173,0.0,2.4271844660194173,0.0,0.0,12.135922330097086,9.70873786407767,14.563106796116505,0.0,2.4271844660194173
71318,78.04878048780488,4.878048780487805,0.0,9.75609756097561,0.0,0.0,0.0,31.70731707317073,12.195121951219512,2.4390243902439024,4.878048780487805,0.0,14.634146341463415,14.634146341463415,7.317073170731708,275.609756097561,7.317073170731708,2.4390243902439024,17.073170731707318,2.4390243902439024,0.0,0.0,0.0,19.51219512195122,2.4390243902439024,0.0,7.317073170731708,2.4390243902439024,0.0,0.0,4.878048780487805,0.0,0.0,0.0,0.0,0.0,0.0,7.317073170731708,129.26829268292684,75.60975609756098,0.0,48.78048780487805,0.6123456790123457,4.901234567901234,0.0,0.0,0.0,0.0,9.75609756097561,0.0,4.878048780487805,4.878048780487805,0.0,0.0,2.4390243902439024,19.51219512195122,2.4390243902439024,2.4390243902439024,2.4390243902439024,0.0,0.0,0.0,2.4390243902439024,14.634146341463415,7.317073170731708,2.4390243902439024,2.4390243902439024
72321,87.37864077669903,16.990291262135923,4.854368932038835,7.281553398058253,0.0,67.96116504854369,0.0,16.990291262135923,19.41747572815534,4.854368932038835,0.0,0.0,31.553398058252426,38.83495145631068,9.70873786407767,177.18446601941747,4.854368932038835,0.0,19.41747572815534,0.0,2.4271844660194173,0.0,0.0,14.563106796116505,4.854368932038835,0.0,7.281553398058253,2.4271844660194173,7.281553398058253,2.4271844660194173,4.854368932038835,0.0,0.0,0.0,0.0,0.0,7.281553398058253,7.281553398058253,126.2135922330097,87.37864077669903,0.0,67.96116504854369,0.589242053789731,4.645476772616137,0.0,9.70873786407767,0.0,0.0,9.70873786407767,0.0,4.854368932038835,7.281553398058253,0.0,2.4271844660194173,4.854368932038835,16.990291262135923,2.4271844660194173,2.4271844660194173,4.854368932038835,0.0,2.4271844660194173,0.0,7.281553398058253,2.4271844660194173,4.854368932038835,2.4271844660194173,7.281553398058253
76420,92.6829268292683,4.878048780487805,9.75609756097561,4.878048780487805,4.878048780487805,85.3658536585366,0.0,12.195121951219512,14.634146341463415,7.317073170731708,0.0,2.4390243902439024,17.073170731707318,14.634146341463415,2.4390243902439024,219.5121951219512,4.878048780487805,0.0,29.26829268292683,2.4390243902439024,0.0,0.0,0.0,4.878048780487805,4.878048780487805,0.0,0.0,4.878048780487805,2.4390243902439024,0.0,4.878048780487805,0.0,0.0,2.4390243902439024,0.0,0.0,0.0,14.634146341463415,104.8780487804878,65.85365853658537,7.317073170731708,48.78048780487805,0.5889724310776943,4.413533834586466,4.878048780487805,0.0,0.0,0.0,9.75609756097561,2.4390243902439024,7.317073170731708,9.75609756097561,2.4390243902439024,7.317073170731708,2.4390243902439024,19.51219512195122,4.878048780487805,2.4390243902439024,19.51219512195122,0.0,0.0,0.0,2.4390243902439024,2.4390243902439024,14.634146341463415,0.0,7.317073170731708
7850,71.96029776674938,2.4813895781637716,47.146401985111666,4.962779156327543,0.0,7.444168734491315,12.40694789081886,49.62779156327544,52.10918114143921,7.444168734491315,4.962779156327543,2.4813895781637716,17.3697270471464,4.962779156327543,2.4813895781637716,235.73200992555832,14.88833746898263,2.4813895781637716,27.29528535980149,0.0,0.0,0.0,0.0,4.962779156327543,2.4813895781637716,2.4813895781637716,4.962779156327543,4.962779156327543,2.4813895781637716,0.0,4.962779156327543,0.0,0.0,0.0,0.0,0.0,0.0,14.88833746898263,89.33002481389578,52.10918114143921,0.0,66.99751861042184,0.5714285714285714,4.317460317460317,0.0,2.4813895781637716,0.0,0.0,4.962779156327543,0.0,7.444168734491315,7.444168734491315,0.0,2.4813895781637716,4.962779156327543,32.25806451612903,4.962779156327543,0.0,29.77667493796526,7.444168734491315,0.0,0.0,0.0,4.962779156327543,7.444168734491315,0.0,14.88833746898263
79655,36.40776699029126,7.281553398058253,31.553398058252426,7.281553398058253,0.0,21.844660194174757,4.854368932038835,19.41747572815534,19.41747572815534,4.854368932038835,2.4271844660194173,2.4271844660194173,16.990291262135923,26.699029126213592,0.0,201.45631067961165,0.0,0.0,19.41747572815534,0.0,0.0,0.0,2.4271844660194173,14.563106796116505,0.0,2.4271844660194173,4.854368932038835,4.854368932038835,7.281553398058253,0.0,0.0,0.0,0.0,0.0,0.0,2.4271844660194173,4.854368932038835,4.854368932038835,123.7864077669903,41.2621359223301,2.4271844660194173,87.37864077669903,0.551219512195122,4.578048780487805,2.4271844660194173,2.4271844660194173,4.854368932038835,7.281553398058253,12.135922330097086,0.0,12.135922330097086,4.854368932038835,2.4271844660194173,0.0,7.281553398058253,21.844660194174757,2.4271844660194173,2.4271844660194173,2.4271844660194173,0.0,0.0,0.0,2.4271844660194173,14.563106796116505,16.990291262135923,0.0,14.563106796116505
81702,97.01492537313433,42.28855721393035,9.950248756218905,2.487562189054726,2.487562189054726,59.701492537313435,0.0,0.0,37.31343283582089,4.975124378109452,2.487562189054726,2.487562189054726,17.412935323383085,17.412935323383085,2.487562189054726,191.5422885572139,2.487562189054726,2.487562189054726,22.388059701492537,0.0,0.0,0.0,4.975124378109452,12.437810945273633,0.0,0.0,2.487562189054726,2.487562189054726,4.975124378109452,0.0,0.0,0.0,0.0,0.0,0.0,0.0,2.487562189054726,14.925373134328359,89.55223880597015,44.776119402985074,4.975124378109452,87.06467661691543,0.5793450881612091,4.425692695214106,0.0,4.975124378109452,2.487562189054726,0.0,14.925373134328359,0.0,4.975124378109452,4.975124378109452,0.0,2.487562189054726,0.0,22.388059701492537,2.487562189054726,2.487562189054726,7.462686567164179,0.0,0.0,0.0,0.0,4.975124378109452,14.925373134328359,9.950248756218905,4.975124378109452
85688,75.24271844660194,2.4271844660194173,4.854368932038835,12.135922330097086,0.0,0.0,0.0,14.563106796116505,21.844660194174757,2.4271844660194173,0.0,0.0,26.699029126213592,24.271844660194173,2.4271844660194173,240.29126213592232,14.563106796116505,0.0,24.271844660194173,0.0,4.854368932038835,0.0,0.0,16.990291262135923,2.4271844660194173,0.0,4.854368932038835,0.0,12.135922330097086,0.0,2.4271844660194173,0.0,0.0,0.0,0.0,0.0,2.4271844660194173,12.135922330097086,106.79611650485437,58.25242718446602,2.4271844660194173,80.09708737864078,0.5358024691358024,4.624691358024691,2.4271844660194173,2.4271844660194173,2.4271844660194173,0.0,9.70873786407767,0.0,9.70873786407767,0.0,0.0,4.854368932038835,7.281553398058253,9.70873786407767,2.4271844660194173,4.854368932038835,4.854368932038835,0.0,0.0,2.4271844660194173,9.70873786407767,14.563106796116505,2.4271844660194173,0.0,12.135922330097086
86176,99.03381642512076,12.077294685990339,7.246376811594203,7.246376811594203,2.4154589371980677,0.0,4.830917874396135,43.47826086956522,31.40096618357488,2.4154589371980677,2.4154589371980677,0.0,26.570048309178745,7.246376811594203,4.830917874396135,231.8840579710145,12.077294685990339,0.0,28.985507246376812,0.0,0.0,2.4154589371980677,0.0,14.492753623188406,2.4154589371980677,0.0,2.4154589371980677,7.246376811594203,2.4154589371980677,0.0,4.830917874396135,0.0,0.0,0.0,2.4154589371980677,0.0,2.4154589371980677,16.908212560386474,103.86473429951691,41.06280193236715,0.0,79.71014492753622,0.5665024630541872,4.312807881773399,0.0,2.4154589371980677,0.0,2.4154589371980677,2.4154589371980677,0.0,2.4154589371980677,4.830917874396135,0.0,0.0,0.0,7.246376811594203,2.4154589371980677,4.830917874396135,9.66183574879227,0.0,0.0,0.0,2.4154589371980677,2.4154589371980677,4.830917874396135,0.0,21.73913043478261
86796,52.36907730673317,7.481296758104738,52.36907730673317,2.493765586034913,2.493765586034913,62.34413965087282,24.93765586034913,19.950124688279303,17.456359102244388,2.493765586034913,4.987531172069826,4.987531172069826,32.418952618453865,4.987531172069826,19.950124688279303,149.62593516209478,2.493765586034913,0.0,34.912718204488776,2.493765586034913,0.0,0.0,2.493765586034913,4.987531172069826,0.0,0.0,2.493765586034913,2.493765586034913,12.468827930174564,0.0,0.0,0.0,0.0,0.0,0.0,0.0,4.987531172069826,17.456359102244388,99.75062344139651,67.33167082294264,12.468827930174564,74.81296758104739,0.5933503836317136,4.332480818414322,2.493765586034913,9.975062344139651,0.0,4.987531172069826,14.962593516209475,0.0,7.481296758104738,7.481296758104738,0.0,2.493765586034913,7.481296758104738,22.443890274314214,2.493765586034913,4.987531172069826,24.93765586034913,0.0,0.0,0.0,0.0,9.975062344139651,7.481296758104738,2.493765586034913,12.468827930174564
90123,74.07407407407408,14.814814814814815,0.0,4.938271604938271,7.407407407407407,0.0,0.0,61.72839506172839,2.4691358024691357,0.0,4.938271604938271,2.4691358024691357,17.28395061728395,4.938271604938271,4.938271604938271,259.25925925925924,4.938271604938271,0.0,22.22222222222222,2.4691358024691357,0.0,0.0,0.0,12.345679012345679,4.938271604938271,0.0,2.4691358024691357,0.0,7.407407407407407,0.0,0.0,0.0,0.0,0.0,0.0,0.0,2.4691358024691357,2.4691358024691357,138.2716049382716,59.25925925925926,9.876543209876543,59.25925925925926,0.5889724310776943,4.619047619047619,0.0,0.0,0.0,2.4691358024691357,4.938271604938271,0.0,4.938271604938271,7.407407407407407,0.0,0.0,0.0,27.160493827160494,4.938271604938271,0.0,0.0,0.0,0.0,0.0,0.0,2.4691358024691357,7.407407407407407,4.938271604938271,0.0
90488,82.29426433915212,12.468827930174564,2.493765586034913,2.493765586034913,12.468827930174564,4.987531172069826,2.493765586034913,32.418952618453865,7.481296758104738,2.493765586034913,2.493765586034913,0.0,7.481296758104738,29.92518703241895,9.975062344139651,214.4638403990025,4.987531172069826,0.0,22.443890274314214,0.0,0.0,0.0,0.0,9.975062344139651,7.481296758104738,0.0,7.481296758104738,0.0,4.987531172069826,0.0,0.0,0.0,0.0,0.0,0.0,0.0,0.0,12.468827930174564,147.13216957605985,64.83790523690773,2.493765586034913,79.80049875311721,0.5864661654135338,4.7368421052631575,2.493765586034913,0.0,0.0,0.0,7.481296758104738,0.0,4.987531172069826,0.0,0.0,7.481296758104738,0.0,12.468827930174564,2.493765586034913,0.0,2.493765586034913,0.0,0.0,0.0,4.987531172069826,4.987531172069826,4.987531172069826,0.0,2.493765586034913
90716,68.29268292682927,14.634146341463415,46.34146341463415,12.195121951219512,0.0,70.73170731707316,0.0,41.463414634146346,7.317073170731708,4.878048780487805,7.317073170731708,0.0,12.195121951219512,4.878048780487805,2.4390243902439024,187.8048780487805,0.0,0.0,48.78048780487805,0.0,0.0,0.0,0.0,9.75609756097561,0.0,0.0,0.0,7.317073170731708,2.4390243902439024,0.0,0.0,0.0,0.0,0.0,4.878048780487805,0.0,0.0,14.634146341463415,102.4390243902439,29.26829268292683,7.317073170731708,65.85365853658537,0.5442708333333334,4.1875,0.0,2.4390243902439024,0.0,0.0,7.317073170731708,0.0,2.4390243902439024,2.4390243902439024,0.0,2.4390243902439024,0.0,17.073170731707318,4.878048780487805,2.4390243902439024,31.70731707317073,0.0,4.878048780487805,0.0,4.878048780487805,7.317073170731708,17.073170731707318,0.0,14.634146341463415
90906,94.76309226932668,14.962593516209475,0.0,0.0,2.493765586034913,0.0,0.0,44.88778054862843,32.418952618453865,4.987531172069826,12.468827930174564,0.0,9.975062344139651,34.912718204488776,2.493765586034913,201.99501246882792,9.975062344139651,0.0,37.406483790523694,4.987531172069826,0.0,0.0,0.0,17.456359102244388,0.0,0.0,2.493765586034913,0.0,0.0,0.0,0.0,0.0,0.0,0.0,0.0,0.0,2.493765586034913,7.481296758104738,77.3067331670823,52.36907730673317,7.481296758104738,67.33167082294264,0.5732647814910026,4.609254498714653,0.0,4.987531172069826,4.987531172069826,2.493765586034913,14.962593516209475,0.0,7.481296758104738,4.987531172069826,2.493765586034913,7.481296758104738,0.0,14.962593516209475,4.987531172069826,0.0,14.962593516209475,0.0,0.0,0.0,2.493765586034913,12.468827930174564,12.468827930174564,4.987531172069826,14.962593516209475
92226,91.35802469135803,19.753086419753085,29.62962962962963,4.938271604938271,9.876543209876543,76.54320987654322,19.753086419753085,19.753086419753085,17.28395061728395,4.938271604938271,4.938271604938271,4.938271604938271,14.814814814814815,9.876543209876543,0.0,165.4320987654321,2.4691358024691357,0.0,32.098765432098766,4.938271604938271,0.0,0.0,0.0,12.345679012345679,9.876543209876543,0.0,0.0,2.4691358024691357,4.938271604938271,0.0,2.4691358024691357,0.0,0.0,0.0,0.0,0.0,4.938271604938271,12.345679012345679,83.95061728395062,46.91358024691358,7.407407407407407,103.7037037037037,0.57356608478803,4.433915211970075,4.938271604938271,4.938271604938271,2.4691358024691357,2.4691358024691357,12.345679012345679,0.0,7.407407407407407,4.938271604938271,2.4691358024691357,2.4691358024691357,12.345679012345679,24.691358024691358,0.0,0.0,9.876543209876543,2.4691358024691357,2.4691358024691357,0.0,7.407407407407407,2.4691358024691357,4.938271604938271,0.0,9.876543209876543
95502,86.95652173913044,7.246376811594203,4.830917874396135,9.66183574879227,0.0,45.893719806763286,0.0,0.0,14.492753623188406,4.830917874396135,4.830917874396135,0.0,9.66183574879227,24.154589371980677,7.246376811594203,246.3768115942029,14.492753623188406,0.0,26.570048309178745,2.4154589371980677,0.0,0.0,0.0,19.32367149758454,0.0,0.0,2.4154589371980677,2.4154589371980677,2.4154589371980677,0.0,0.0,0.0,0.0,0.0,0.0,0.0,4.830917874396135,12.077294685990339,101.44927536231884,77.29468599033817,7.246376811594203,33.81642512077295,0.5812807881773399,4.943349753694581,0.0,0.0,0.0,0.0,2.4154589371980677,0.0,7.246376811594203,7.246376811594203,0.0,2.4154589371980677,0.0,19.32367149758454,2.4154589371980677,0.0,2.4154589371980677,2.4154589371980677,0.0,0.0,4.830917874396135,4.830917874396135,4.830917874396135,0.0,0.0
95505,92.6829268292683,2.4390243902439024,12.195121951219512,4.878048780487805,4.878048780487805,68.29268292682927,0.0,19.51219512195122,14.634146341463415,2.4390243902439024,0.0,0.0,9.75609756097561,19.51219512195122,2.4390243902439024,209.7560975609756,2.4390243902439024,0.0,19.51219512195122,0.0,0.0,0.0,2.4390243902439024,9.75609756097561,4.878048780487805,2.4390243902439024,0.0,0.0,0.0,2.4390243902439024,0.0,0.0,0.0,0.0,0.0,0.0,0.0,12.195121951219512,119.51219512195121,73.17073170731707,2.4390243902439024,53.65853658536585,0.5806451612903226,4.193548387096774,0.0,4.878048780487805,0.0,0.0,7.317073170731708,0.0,7.317073170731708,2.4390243902439024,0.0,4.878048780487805,7.317073170731708,12.195121951219512,2.4390243902439024,2.4390243902439024,14.634146341463415,0.0,2.4390243902439024,0.0,0.0,2.4390243902439024,9.75609756097561,2.4390243902439024,9.75609756097561
9572,66.50246305418719,9.852216748768473,9.852216748768473,2.4630541871921183,14.778325123152708,66.50246305418719,0.0,12.315270935960593,17.241379310344826,4.926108374384237,2.4630541871921183,2.4630541871921183,9.852216748768473,9.852216748768473,2.4630541871921183,248.76847290640393,0.0,0.0,36.94581280788178,9.852216748768473,0.0,2.4630541871921183,0.0,7.389162561576354,2.4630541871921183,0.0,4.926108374384237,0.0,0.0,2.4630541871921183,4.926108374384237,0.0,0.0,0.0,0.0,0.0,0.0,2.4630541871921183,137.9310344827586,39.40886699507389,7.389162561576354,71.42857142857143,0.5914786967418546,4.37593984962406,4.926108374384237,2.4630541871921183,0.0,4.926108374384237,14.778325123152708,0.0,4.926108374384237,0.0,0.0,4.926108374384237,2.4630541871921183,14.778325123152708,0.0,2.4630541871921183,4.926108374384237,0.0,0.0,0.0,4.926108374384237,14.778325123152708,9.852216748768473,4.926108374384237,0.0
95796,63.56968215158924,14.669926650366747,14.669926650366747,0.0,4.88997555012225,44.00977995110025,12.224938875305625,7.334963325183374,17.114914425427873,12.224938875305625,2.444987775061125,0.0,24.44987775061125,19.559902200489,4.88997555012225,200.48899755501222,4.88997555012225,0.0,26.89486552567237,0.0,0.0,0.0,0.0,7.334963325183374,2.444987775061125,0.0,0.0,2.444987775061125,7.334963325183374,0.0,0.0,0.0,0.0,0.0,0.0,2.444987775061125,12.224938875305625,9.7799511002445,112.46943765281173,51.344743276283616,2.444987775061125,100.24449877750611,0.5707196029776674,4.679900744416874,2.444987775061125,7.334963325183374,0.0,0.0,12.224938875305625,2.444987775061125,4.88997555012225,12.224938875305625,0.0,12.224938875305625,0.0,12.224938875305625,0.0,2.444987775061125,9.7799511002445,0.0,0.0,0.0,12.224938875305625,4.88997555012225,7.334963325183374,0.0,7.334963325183374
97526,98.32134292565947,4.796163069544364,0.0,2.398081534772182,0.0,0.0,2.398081534772182,62.35011990407674,4.796163069544364,4.796163069544364,2.398081534772182,0.0,7.194244604316547,26.378896882494004,0.0,225.4196642685851,0.0,0.0,31.17505995203837,0.0,2.398081534772182,0.0,0.0,11.990407673860911,9.592326139088728,0.0,2.398081534772182,0.0,0.0,0.0,0.0,0.0,0.0,0.0,7.194244604316547,0.0,0.0,9.592326139088728,134.2925659472422,62.35011990407674,4.796163069544364,62.35011990407674,0.5857843137254902,4.732843137254902,4.796163069544364,0.0,2.398081534772182,0.0,4.796163069544364,0.0,2.398081534772182,2.398081534772182,0.0,4.796163069544364,0.0,23.980815347721823,4.796163069544364,0.0,11.990407673860911,2.398081534772182,0.0,0.0,2.398081534772182,11.990407673860911,14.388489208633095,2.398081534772182,7.194244604316547
99004,84.5771144278607,24.875621890547265,12.437810945273633,4.975124378109452,7.462686567164179,0.0,0.0,39.80099502487562,9.950248756218905,2.487562189054726,2.487562189054726,2.487562189054726,14.925373134328359,4.975124378109452,2.487562189054726,248.75621890547265,2.487562189054726,2.487562189054726,27.36318407960199,2.487562189054726,0.0,0.0,0.0,17.412935323383085,0.0,0.0,0.0,2.487562189054726,2.487562189054726,0.0,2.487562189054726,0.0,0.0,0.0,0.0,0.0,2.487562189054726,12.437810945273633,106.96517412935323,67.16417910447761,0.0,82.08955223880596,0.5575,4.415,0.0,2.487562189054726,0.0,4.975124378109452,4.975124378109452,2.487562189054726,4.975124378109452,2.487562189054726,0.0,2.487562189054726,2.487562189054726,14.925373134328359,2.487562189054726,7.462686567164179,2.487562189054726,2.487562189054726,0.0,0.0,9.950248756218905,12.437810945273633,14.925373134328359,2.487562189054726,7.462686567164179
99454,66.0377358490566,11.79245283018868,9.433962264150942,7.0754716981132075,0.0,25.943396226415096,7.0754716981132075,49.528301886792455,21.22641509433962,0.0,0.0,2.3584905660377355,14.150943396226415,21.22641509433962,4.716981132075471,233.49056603773585,14.150943396226415,0.0,21.22641509433962,2.3584905660377355,2.3584905660377355,0.0,0.0,11.79245283018868,2.3584905660377355,0.0,2.3584905660377355,2.3584905660377355,4.716981132075471,2.3584905660377355,0.0,0.0,0.0,0.0,0.0,0.0,4.716981132075471,23.58490566037736,132.0754716981132,56.60377358490566,2.3584905660377355,51.88679245283019,0.590047393364929,4.518957345971564,0.0,0.0,2.3584905660377355,0.0,7.0754716981132075,0.0,2.3584905660377355,4.716981132075471,2.3584905660377355,0.0,2.3584905660377355,9.433962264150942,2.3584905660377355,4.716981132075471,0.0,0.0,0.0,0.0,7.0754716981132075,4.716981132075471,9.433962264150942,2.3584905660377355,2.3584905660377355
100027,123.11557788944724,0.0,5.025125628140704,12.56281407035176,0.0,92.96482412060301,0.0,2.512562814070352,12.56281407035176,2.512562814070352,5.025125628140704,0.0,10.050251256281408,20.100502512562816,10.050251256281408,173.36683417085428,5.025125628140704,0.0,37.688442211055275,0.0,0.0,0.0,0.0,12.56281407035176,7.537688442211055,5.025125628140704,0.0,0.0,2.512562814070352,0.0,2.512562814070352,0.0,0.0,0.0,0.0,0.0,2.512562814070352,12.56281407035176,95.47738693467336,65.32663316582915,17.587939698492463,92.96482412060301,0.5848101265822785,4.708860759493671,2.512562814070352,5.025125628140704,0.0,5.025125628140704,7.537688442211055,0.0,2.512562814070352,0.0,0.0,2.512562814070352,2.512562814070352,32.663316582914575,2.512562814070352,5.025125628140704,7.537688442211055,2.512562814070352,2.512562814070352,0.0,2.512562814070352,15.07537688442211,15.07537688442211,2.512562814070352,5.025125628140704
102073,49.504950495049506,2.4752475247524752,51.980198019801975,2.4752475247524752,0.0,19.801980198019802,2.4752475247524752,42.07920792079208,22.277227722772277,2.4752475247524752,0.0,0.0,14.85148514851485,14.85148514851485,0.0,230.1980198019802,4.9504950495049505,0.0,34.65346534653466,2.4752475247524752,0.0,0.0,2.4752475247524752,12.376237623762377,4.9504950495049505,0.0,4.9504950495049505,0.0,2.4752475247524752,0.0,0.0,0.0,0.0,0.0,0.0,0.0,4.9504950495049505,7.425742574257425,91.58415841584159,44.554455445544555,9.900990099009901,86.63366336633663,0.5699481865284974,4.562176165803109,2.4752475247524752,7.425742574257425,0.0,0.0,19.801980198019802,0.0,9.900990099009901,12.376237623762377,0.0,0.0,7.425742574257425,17.32673267326733,4.9504950495049505,0.0,39.603960396039604,0.0,2.4752475247524752,0.0,2.4752475247524752,22.277227722772277,17.32673267326733,0.0,27.22772277227723
103821,78.75894988066825,2.3866348448687353,2.3866348448687353,11.933174224343675,2.3866348448687353,0.0,0.0,21.479713603818613,9.546539379474941,7.159904534606206,2.3866348448687353,0.0,26.252983293556085,28.639618138424822,0.0,233.89021479713603,16.706443914081145,0.0,33.41288782816229,4.773269689737471,2.3866348448687353,0.0,0.0,35.79952267303103,0.0,2.3866348448687353,4.773269689737471,0.0,7.159904534606206,0.0,0.0,0.0,0.0,4.773269689737471,0.0,0.0,0.0,4.773269689737471,107.39856801909308,50.11933174224344,14.319809069212411,73.98568019093078,0.5375302663438256,4.912832929782082,0.0,4.773269689737471,0.0,0.0,7.159904534606206,0.0,4.773269689737471,9.546539379474941,0.0,0.0,0.0,16.706443914081145,2.3866348448687353,7.159904534606206,4.773269689737471,0.0,4.773269689737471,0.0,0.0,19.093078758949883,9.546539379474941,0.0,9.546539379474941
105419,96.85230024213075,14.527845036319613,2.4213075060532687,7.263922518159807,0.0,2.4213075060532687,0.0,55.69007263922518,14.527845036319613,2.4213075060532687,2.4213075060532687,0.0,12.106537530266344,24.213075060532688,0.0,244.55205811138015,7.263922518159807,0.0,29.055690072639226,0.0,2.4213075060532687,0.0,0.0,4.842615012106537,7.263922518159807,0.0,4.842615012106537,0.0,9.685230024213075,0.0,0.0,0.0,0.0,0.0,0.0,0.0,0.0,14.527845036319613,96.85230024213075,72.63922518159806,7.263922518159807,36.31961259079903,0.5885286783042394,4.927680798004988,0.0,4.842615012106537,0.0,2.4213075060532687,4.842615012106537,0.0,4.842615012106537,0.0,0.0,2.4213075060532687,4.842615012106537,14.527845036319613,2.4213075060532687,0.0,2.4213075060532687,0.0,0.0,0.0,2.4213075060532687,4.842615012106537,9.685230024213075,0.0,4.842615012106537
105783,54.37352245862884,2.3640661938534278,0.0,4.7281323877068555,4.7281323877068555,0.0,0.0,33.09692671394799,2.3640661938534278,2.3640661938534278,4.7281323877068555,0.0,7.092198581560283,52.009456264775416,2.3640661938534278,231.67848699763593,16.548463356973993,0.0,16.548463356973993,0.0,2.3640661938534278,0.0,0.0,16.548463356973993,2.3640661938534278,0.0,7.092198581560283,0.0,2.3640661938534278,0.0,0.0,0.0,0.0,0.0,0.0,2.3640661938534278,0.0,0.0,132.38770685579195,104.01891252955083,2.3640661938534278,37.825059101654844,0.6047619047619047,5.257142857142857,0.0,0.0,0.0,0.0,7.092198581560283,0.0,4.7281323877068555,2.3640661938534278,0.0,4.7281323877068555,2.3640661938534278,7.092198581560283,4.7281323877068555,0.0,2.3640661938534278,0.0,0.0,0.0,2.3640661938534278,14.184397163120567,4.7281323877068555,0.0,2.3640661938534278
105796,76.92307692307693,7.444168734491315,22.332506203473944,0.0,7.444168734491315,7.444168734491315,4.962779156327543,64.51612903225806,19.851116625310173,2.4813895781637716,0.0,0.0,19.851116625310173,12.40694789081886,0.0,250.62034739454091,4.962779156327543,0.0,37.220843672456574,0.0,0.0,0.0,0.0,7.444168734491315,0.0,2.4813895781637716,2.4813895781637716,2.4813895781637716,0.0,0.0,2.4813895781637716,0.0,0.0,0.0,0.0,0.0,0.0,7.444168734491315,84.36724565756825,59.55334987593052,7.444168734491315,59.55334987593052,0.5566750629722922,4.3727959697733,4.962779156327543,2.4813895781637716,0.0,0.0,7.444168734491315,0.0,7.444168734491315,0.0,0.0,4.962779156327543,2.4813895781637716,14.88833746898263,0.0,7.444168734491315,7.444168734491315,0.0,2.4813895781637716,0.0,2.4813895781637716,4.962779156327543,9.925558312655086,4.962779156327543,4.962779156327543
10779,87.06467661691543,19.90049751243781,4.975124378109452,0.0,0.0,0.0,0.0,4.975124378109452,24.875621890547265,2.487562189054726,14.925373134328359,0.0,17.412935323383085,22.388059701492537,0.0,233.83084577114428,9.950248756218905,0.0,17.412935323383085,0.0,0.0,0.0,0.0,17.412935323383085,0.0,0.0,0.0,2.487562189054726,9.950248756218905,2.487562189054726,0.0,0.0,0.0,0.0,0.0,0.0,2.487562189054726,9.950248756218905,94.5273631840796,42.28855721393035,4.975124378109452,82.08955223880596,0.5970149253731343,4.870646766169155,0.0,0.0,0.0,2.487562189054726,12.437810945273633,0.0,4.975124378109452,4.975124378109452,2.487562189054726,0.0,2.487562189054726,27.36318407960199,2.487562189054726,2.487562189054726,0.0,0.0,2.487562189054726,0.0,7.462686567164179,12.437810945273633,19.90049751243781,19.90049751243781,2.487562189054726
109302,66.83168316831683,4.9504950495049505,44.554455445544555,9.900990099009901,0.0,91.58415841584159,14.85148514851485,34.65346534653466,4.9504950495049505,7.425742574257425,9.900990099009901,0.0,9.900990099009901,22.277227722772277,7.425742574257425,158.41584158415841,4.9504950495049505,0.0,39.603960396039604,0.0,0.0,0.0,0.0,14.85148514851485,12.376237623762377,2.4752475247524752,0.0,2.4752475247524752,2.4752475247524752,0.0,2.4752475247524752,0.0,0.0,0.0,2.4752475247524752,2.4752475247524752,0.0,7.425742574257425,99.00990099009901,64.35643564356435,9.900990099009901,66.83168316831683,0.6169665809768637,4.526992287917738,4.9504950495049505,2.4752475247524752,2.4752475247524752,0.0,9.900990099009901,0.0,0.0,4.9504950495049505,2.4752475247524752,2.4752475247524752,7.425742574257425,32.17821782178218,0.0,0.0,29.7029702970297,0.0,0.0,0.0,7.425742574257425,4.9504950495049505,19.801980198019802,0.0,9.900990099009901
109529,52.36907730673317,4.987531172069826,32.418952618453865,7.481296758104738,2.493765586034913,42.394014962593516,27.43142144638404,32.418952618453865,2.493765586034913,12.468827930174564,7.481296758104738,0.0,17.456359102244388,9.975062344139651,4.987531172069826,204.48877805486285,0.0,0.0,37.406483790523694,4.987531172069826,0.0,0.0,0.0,24.93765586034913,4.987531172069826,0.0,7.481296758104738,0.0,7.481296758104738,0.0,2.493765586034913,0.0,0.0,0.0,0.0,0.0,7.481296758104738,2.493765586034913,102.24438902743142,54.86284289276808,17.456359102244388,62.34413965087282,0.5896103896103896,4.735064935064935,14.962593516209475,0.0,0.0,7.481296758104738,0.0,0.0,2.493765586034913,9.975062344139651,2.493765586034913,12.468827930174564,7.481296758104738,19.950124688279303,2.493765586034913,0.0,27.43142144638404,2.493765586034913,4.987531172069826,0.0,7.481296758104738,17.456359102244388,9.975062344139651,2.493765586034913,7.481296758104738
110179,101.48514851485149,19.801980198019802,2.4752475247524752,4.9504950495049505,0.0,0.0,0.0,89.10891089108911,14.85148514851485,0.0,2.4752475247524752,0.0,12.376237623762377,14.85148514851485,2.4752475247524752,202.97029702970298,0.0,0.0,17.32673267326733,2.4752475247524752,0.0,0.0,0.0,12.376237623762377,4.9504950495049505,0.0,0.0,0.0,2.4752475247524752,4.9504950495049505,0.0,0.0,0.0,2.4752475247524752,0.0,0.0,4.9504950495049505,19.801980198019802,106.43564356435644,51.980198019801975,4.9504950495049505,89.10891089108911,0.5285359801488834,4.359801488833747,0.0,0.0,2.4752475247524752,0.0,7.425742574257425,0.0,0.0,4.9504950495049505,0.0,2.4752475247524752,4.9504950495049505,27.22772277227723,2.4752475247524752,4.9504950495049505,2.4752475247524752,2.4752475247524752,0.0,0.0,12.376237623762377,2.4752475247524752,14.85148514851485,2.4752475247524752,4.9504950495049505
112802,66.5083135391924,9.501187648456057,14.251781472684087,4.750593824228028,2.375296912114014,23.752969121140143,7.125890736342043,38.00475059382423,11.876484560570072,7.125890736342043,0.0,4.750593824228028,16.6270783847981,19.002375296912113,14.251781472684087,237.5296912114014,7.125890736342043,0.0,30.878859857482183,0.0,0.0,0.0,0.0,14.251781472684087,2.375296912114014,0.0,2.375296912114014,0.0,4.750593824228028,0.0,2.375296912114014,0.0,0.0,0.0,0.0,0.0,0.0,4.750593824228028,109.26365795724466,57.00712589073635,9.501187648456057,52.25653206650831,0.5590361445783133,4.457831325301205,0.0,2.375296912114014,0.0,0.0,9.501187648456057,0.0,2.375296912114014,11.876484560570072,4.750593824228028,11.876484560570072,9.501187648456057,14.251781472684087,0.0,2.375296912114014,11.876484560570072,0.0,4.750593824228028,0.0,2.375296912114014,23.752969121140143,16.6270783847981,0.0,2.375296912114014
114565,90.68627450980392,9.803921568627452,4.901960784313726,2.450980392156863,7.352941176470588,4.901960784313726,2.450980392156863,51.470588235294116,12.254901960784313,2.450980392156863,4.901960784313726,0.0,17.156862745098042,4.901960784313726,9.803921568627452,232.84313725490196,12.254901960784313,0.0,22.058823529411764,0.0,0.0,0.0,0.0,12.254901960784313,7.352941176470588,2.450980392156863,4.901960784313726,0.0,7.352941176470588,2.450980392156863,2.450980392156863,0.0,0.0,0.0,0.0,2.450980392156863,2.450980392156863,9.803921568627452,117.6470588235294,53.92156862745098,4.901960784313726,80.88235294117648,0.6085858585858586,4.583333333333333,0.0,2.450980392156863,0.0,0.0,12.254901960784313,2.450980392156863,0.0,4.901960784313726,0.0,4.901960784313726,2.450980392156863,19.607843137254903,2.450980392156863,2.450980392156863,7.352941176470588,0.0,0.0,0.0,2.450980392156863,7.352941176470588,9.803921568627452,2.450980392156863,4.901960784313726
115312,83.1353919239905,9.501187648456057,4.750593824228028,7.125890736342043,4.750593824228028,71.25890736342043,0.0,0.0,30.878859857482183,0.0,4.750593824228028,2.375296912114014,19.002375296912113,28.503562945368174,9.501187648456057,180.52256532066508,2.375296912114014,2.375296912114014,30.878859857482183,2.375296912114014,2.375296912114014,0.0,0.0,7.125890736342043,4.750593824228028,2.375296912114014,2.375296912114014,2.375296912114014,7.125890736342043,0.0,0.0,0.0,0.0,0.0,0.0,4.750593824228028,2.375296912114014,11.876484560570072,99.7624703087886,66.5083135391924,4.750593824228028,87.88598574821853,0.5469879518072289,4.440963855421686,2.375296912114014,2.375296912114014,0.0,4.750593824228028,14.251781472684087,0.0,11.876484560570072,4.750593824228028,0.0,4.750593824228028,0.0,16.6270783847981,2.375296912114014,0.0,14.251781472684087,0.0,2.375296912114014,0.0,0.0,19.002375296912113,4.750593824228028,0.0,14.251781472684087
116133,63.56968215158924,12.224938875305625,31.78484107579462,4.88997555012225,0.0,56.23471882640587,4.88997555012225,22.004889975550125,12.224938875305625,4.88997555012225,0.0,2.444987775061125,19.559902200489,19.559902200489,2.444987775061125,244.49877750611245,0.0,0.0,41.56479217603912,4.88997555012225,0.0,0.0,4.88997555012225,29.339853300733495,2.444987775061125,0.0,2.444987775061125,0.0,0.0,2.444987775061125,0.0,0.0,0.0,2.444987775061125,0.0,0.0,0.0,12.224938875305625,95.35452322738386,66.01466992665037,7.334963325183374,53.78973105134474,0.585,4.74,0.0,2.444987775061125,0.0,4.88997555012225,7.334963325183374,0.0,2.444987775061125,2.444987775061125,2.444987775061125,9.7799511002445,4.88997555012225,14.669926650366747,4.88997555012225,2.444987775061125,12.224938875305625,0.0,4.88997555012225,2.444987775061125,7.334963325183374,4.88997555012225,7.334963325183374,2.444987775061125,2.444987775061125
118817,94.05940594059406,12.376237623762377,4.9504950495049505,7.425742574257425,2.4752475247524752,49.504950495049506,4.9504950495049505,12.376237623762377,29.7029702970297,2.4752475247524752,4.9504950495049505,0.0,24.752475247524753,9.900990099009901,7.425742574257425,185.64356435643563,7.425742574257425,0.0,32.17821782178218,2.4752475247524752,0.0,0.0,2.4752475247524752,19.801980198019802,7.425742574257425,0.0,2.4752475247524752,0.0,0.0,0.0,4.9504950495049505,0.0,0.0,0.0,0.0,2.4752475247524752,7.425742574257425,12.376237623762377,66.83168316831683,44.554455445544555,9.900990099009901,121.28712871287128,0.5808080808080808,4.5353535353535355,0.0,2.4752475247524752,0.0,2.4752475247524752,14.85148514851485,0.0,0.0,9.900990099009901,0.0,9.900990099009901,2.4752475247524752,17.32673267326733,2.4752475247524752,0.0,12.376237623762377,0.0,0.0,2.4752475247524752,9.900990099009901,14.85148514851485,9.900990099009901,2.4752475247524752,9.900990099009901
121389,88.45208845208845,2.457002457002457,4.914004914004914,2.457002457002457,9.828009828009828,0.0,2.457002457002457,27.027027027027028,17.1990171990172,7.371007371007371,4.914004914004914,0.0,17.1990171990172,9.828009828009828,2.457002457002457,221.13022113022112,9.828009828009828,2.457002457002457,27.027027027027028,0.0,0.0,0.0,0.0,14.742014742014742,4.914004914004914,0.0,0.0,0.0,2.457002457002457,0.0,2.457002457002457,0.0,0.0,0.0,0.0,2.457002457002457,0.0,2.457002457002457,108.10810810810811,85.995085995086,0.0,54.054054054054056,0.6030150753768844,4.50251256281407,2.457002457002457,4.914004914004914,2.457002457002457,2.457002457002457,2.457002457002457,0.0,4.914004914004914,2.457002457002457,0.0,2.457002457002457,2.457002457002457,19.656019656019655,2.457002457002457,7.371007371007371,12.285012285012284,0.0,2.457002457002457,0.0,0.0,9.828009828009828,9.828009828009828,2.457002457002457,4.914004914004914
121851,78.94736842105263,4.784688995215311,19.138755980861244,14.354066985645934,2.3923444976076556,50.239234449760765,4.784688995215311,19.138755980861244,21.5311004784689,2.3923444976076556,4.784688995215311,0.0,40.66985645933014,28.70813397129187,0.0,210.52631578947367,4.784688995215311,0.0,35.88516746411483,0.0,2.3923444976076556,0.0,0.0,11.961722488038278,9.569377990430622,0.0,2.3923444976076556,2.3923444976076556,0.0,0.0,4.784688995215311,0.0,0.0,0.0,0.0,0.0,0.0,2.3923444976076556,124.40191387559808,38.27751196172249,4.784688995215311,71.77033492822966,0.5384615384615384,4.242788461538462,0.0,4.784688995215311,0.0,0.0,7.177033492822967,0.0,4.784688995215311,7.177033492822967,2.3923444976076556,0.0,9.569377990430622,7.177033492822967,4.784688995215311,7.177033492822967,2.3923444976076556,0.0,0.0,0.0,0.0,11.961722488038278,11.961722488038278,0.0,7.177033492822967
123242,81.39534883720931,0.0,0.0,0.0,0.0,0.0,0.0,30.232558139534884,23.25581395348837,6.976744186046512,4.651162790697675,0.0,23.25581395348837,20.930232558139533,4.651162790697675,265.1162790697674,9.30232558139535,0.0,27.906976744186046,2.3255813953488373,2.3255813953488373,0.0,0.0,6.976744186046512,0.0,4.651162790697675,2.3255813953488373,0.0,2.3255813953488373,2.3255813953488373,2.3255813953488373,0.0,0.0,4.651162790697675,0.0,0.0,2.3255813953488373,0.0,130.2325581395349,74.4186046511628,0.0,62.79069767441861,0.5330188679245284,4.818396226415095,4.651162790697675,2.3255813953488373,0.0,0.0,11.627906976744185,0.0,2.3255813953488373,13.953488372093023,0.0,0.0,4.651162790697675,16.27906976744186,9.30232558139535,0.0,9.30232558139535,0.0,4.651162790697675,0.0,2.3255813953488373,11.627906976744185,4.651162790697675,0.0,13.953488372093023
126512,85.57457212713938,12.224938875305625,9.7799511002445,2.444987775061125,0.0,51.344743276283616,9.7799511002445,24.44987775061125,12.224938875305625,2.444987775061125,4.88997555012225,0.0,17.114914425427873,7.334963325183374,7.334963325183374,207.8239608801956,2.444987775061125,0.0,29.339853300733495,2.444987775061125,0.0,0.0,0.0,19.559902200489,7.334963325183374,0.0,0.0,2.444987775061125,4.88997555012225,0.0,4.88997555012225,0.0,0.0,0.0,0.0,0.0,0.0,9.7799511002445,127.13936430317848,78.239608801956,4.88997555012225,48.8997555012225,0.5775,4.3775,2.444987775061125,2.444987775061125,0.0,0.0,7.334963325183374,0.0,12.224938875305625,2.444987775061125,0.0,0.0,4.88997555012225,22.004889975550125,7.334963325183374,4.88997555012225,4.88997555012225,2.444987775061125,0.0,0.0,0.0,2.444987775061125,9.7799511002445,2.444987775061125,4.88997555012225
126720,83.53221957040573,11.933174224343675,0.0,7.159904534606206,0.0,38.186157517899765,0.0,21.479713603818613,19.093078758949883,4.773269689737471,4.773269689737471,0.0,23.86634844868735,14.319809069212411,7.159904534606206,214.79713603818615,11.933174224343675,0.0,16.706443914081145,0.0,0.0,0.0,0.0,19.093078758949883,0.0,0.0,7.159904534606206,0.0,11.933174224343675,0.0,2.3866348448687353,0.0,0.0,0.0,0.0,0.0,2.3866348448687353,7.159904534606206,112.17183770883055,40.572792362768496,0.0,71.59904534606206,0.5793269230769231,4.485576923076923,2.3866348448687353,0.0,0.0,0.0,4.773269689737471,0.0,2.3866348448687353,4.773269689737471,0.0,4.773269689737471,11.933174224343675,16.706443914081145,2.3866348448687353,0.0,2.3866348448687353,0.0,0.0,0.0,4.773269689737471,19.093078758949883,14.319809069212411,0.0,11.933174224343675
128459,54.32098765432099,0.0,56.79012345679013,7.407407407407407,12.345679012345679,76.54320987654322,9.876543209876543,39.50617283950617,19.753086419753085,9.876543209876543,2.4691358024691357,0.0,9.876543209876543,12.345679012345679,7.407407407407407,167.90123456790124,2.4691358024691357,2.4691358024691357,34.5679012345679,0.0,0.0,0.0,4.938271604938271,32.098765432098766,7.407407407407407,0.0,0.0,0.0,0.0,4.938271604938271,0.0,0.0,0.0,0.0,2.4691358024691357,0.0,0.0,7.407407407407407,59.25925925925926,37.03703703703704,7.407407407407407,111.1111111111111,0.568922305764411,4.2556390977443606,0.0,2.4691358024691357,0.0,0.0,12.345679012345679,0.0,0.0,4.938271604938271,0.0,12.345679012345679,7.407407407407407,12.345679012345679,4.938271604938271,4.938271604938271,14.814814814814815,0.0,0.0,0.0,2.4691358024691357,9.876543209876543,19.753086419753085,7.407407407407407,4.938271604938271
133601,78.04878048780488,7.317073170731708,2.4390243902439024,4.878048780487805,2.4390243902439024,2.4390243902439024,0.0,24.390243902439025,24.390243902439025,0.0,2.4390243902439024,0.0,7.317073170731708,14.634146341463415,2.4390243902439024,243.90243902439025,14.634146341463415,0.0,17.073170731707318,0.0,0.0,0.0,0.0,9.75609756097561,2.4390243902439024,2.4390243902439024,2.4390243902439024,0.0,2.4390243902439024,0.0,2.4390243902439024,0.0,0.0,0.0,0.0,0.0,0.0,4.878048780487805,112.19512195121952,51.21951219512195,4.878048780487805,65.85365853658537,0.631578947368421,4.9298245614035086,0.0,4.878048780487805,0.0,0.0,12.195121951219512,0.0,4.878048780487805,7.317073170731708,0.0,0.0,2.4390243902439024,12.195121951219512,4.878048780487805,0.0,4.878048780487805,0.0,0.0,0.0,4.878048780487805,7.317073170731708,12.195121951219512,4.878048780487805,4.878048780487805
134221,97.01492537313433,22.388059701492537,22.388059701492537,0.0,2.487562189054726,101.99004975124377,17.412935323383085,0.0,32.33830845771144,0.0,7.462686567164179,0.0,14.925373134328359,14.925373134328359,0.0,184.07960199004975,7.462686567164179,0.0,34.82587064676617,0.0,7.462686567164179,0.0,0.0,14.925373134328359,0.0,0.0,0.0,0.0,2.487562189054726,0.0,2.487562189054726,0.0,2.487562189054726,2.487562189054726,0.0,0.0,2.487562189054726,2.487562189054726,87.06467661691543,42.28855721393035,9.950248756218905,67.16417910447761,0.5178571428571429,4.155612244897959,7.462686567164179,4.975124378109452,2.487562189054726,7.462686567164179,2.487562189054726,0.0,7.462686567164179,4.975124378109452,4.975124378109452,0.0,2.487562189054726,29.850746268656717,2.487562189054726,0.0,17.412935323383085,0.0,0.0,0.0,2.487562189054726,4.975124378109452,17.412935323383085,17.412935323383085,14.925373134328359
134761,62.79069767441861,9.30232558139535,4.651162790697675,6.976744186046512,4.651162790697675,6.976744186046512,0.0,23.25581395348837,32.55813953488372,2.3255813953488373,2.3255813953488373,0.0,4.651162790697675,6.976744186046512,6.976744186046512,253.4883720930233,4.651162790697675,2.3255813953488373,30.232558139534884,0.0,0.0,0.0,0.0,6.976744186046512,0.0,0.0,4.651162790697675,0.0,0.0,0.0,2.3255813953488373,0.0,0.0,0.0,0.0,2.3255813953488373,4.651162790697675,4.651162790697675,118.6046511627907,55.81395348837209,6.976744186046512,60.46511627906977,0.5510688836104513,4.593824228028503,6.976744186046512,2.3255813953488373,0.0,2.3255813953488373,0.0,0.0,0.0,9.30232558139535,0.0,0.0,11.627906976744185,6.976744186046512,2.3255813953488373,2.3255813953488373,6.976744186046512,0.0,0.0,0.0,0.0,18.6046511627907,9.30232558139535,0.0,13.953488372093023
135111,115.19607843137254,9.803921568627452,22.058823529411764,2.450980392156863,9.803921568627452,75.98039215686273,7.352941176470588,26.96078431372549,34.313725490196084,0.0,4.901960784313726,4.901960784313726,7.352941176470588,7.352941176470588,2.450980392156863,181.37254901960785,7.352941176470588,0.0,51.470588235294116,2.450980392156863,0.0,0.0,2.450980392156863,12.254901960784313,7.352941176470588,0.0,4.901960784313726,0.0,2.450980392156863,0.0,0.0,0.0,0.0,0.0,0.0,0.0,2.450980392156863,7.352941176470588,73.52941176470588,39.21568627450981,14.705882352941176,85.7843137254902,0.5792207792207792,4.127272727272727,0.0,2.450980392156863,0.0,0.0,17.156862745098042,2.450980392156863,2.450980392156863,0.0,0.0,9.803921568627452,7.352941176470588,22.058823529411764,0.0,2.450980392156863,39.21568627450981,0.0,2.450980392156863,0.0,4.901960784313726,9.803921568627452,19.607843137254903,0.0,19.607843137254903
138678,142.85714285714286,14.778325123152708,0.0,4.926108374384237,9.852216748768473,71.42857142857143,0.0,2.4630541871921183,29.556650246305416,2.4630541871921183,12.315270935960593,0.0,12.315270935960593,2.4630541871921183,4.926108374384237,194.58128078817734,0.0,0.0,73.89162561576356,4.926108374384237,0.0,0.0,0.0,12.315270935960593,4.926108374384237,0.0,2.4630541871921183,0.0,2.4630541871921183,0.0,2.4630541871921183,0.0,0.0,0.0,0.0,0.0,2.4630541871921183,12.315270935960593,46.79802955665024,46.79802955665024,22.167487684729064,86.20689655172414,0.5136476426799007,4.235732009925559,0.0,0.0,4.926108374384237,0.0,4.926108374384237,2.4630541871921183,9.852216748768473,0.0,0.0,0.0,0.0,17.241379310344826,0.0,4.926108374384237,7.389162561576354,0.0,2.4630541871921183,0.0,4.926108374384237,12.315270935960593,27.093596059113302,4.926108374384237,17.241379310344826
139383,73.89162561576356,9.852216748768473,19.704433497536947,12.315270935960593,2.4630541871921183,78.81773399014779,12.315270935960593,22.167487684729064,4.926108374384237,0.0,2.4630541871921183,0.0,24.630541871921185,7.389162561576354,2.4630541871921183,204.43349753694582,4.926108374384237,2.4630541871921183,39.40886699507389,0.0,0.0,0.0,0.0,9.852216748768473,9.852216748768473,2.4630541871921183,0.0,2.4630541871921183,9.852216748768473,0.0,0.0,0.0,0.0,0.0,0.0,0.0,0.0,2.4630541871921183,115.76354679802955,56.65024630541872,7.389162561576354,54.187192118226605,0.5848101265822785,4.111392405063291,4.926108374384237,4.926108374384237,0.0,0.0,9.852216748768473,0.0,2.4630541871921183,9.852216748768473,2.4630541871921183,4.926108374384237,0.0,9.852216748768473,2.4630541871921183,2.4630541871921183,17.241379310344826,0.0,4.926108374384237,0.0,4.926108374384237,12.315270935960593,9.852216748768473,0.0,4.926108374384237
140795,94.76309226932668,14.962593516209475,0.0,4.987531172069826,7.481296758104738,14.962593516209475,0.0,0.0,34.912718204488776,12.468827930174564,0.0,0.0,24.93765586034913,14.962593516209475,7.481296758104738,211.9700748129676,17.456359102244388,2.493765586034913,19.950124688279303,0.0,4.987531172069826,0.0,0.0,12.468827930174564,7.481296758104738,2.493765586034913,7.481296758104738,0.0,7.481296758104738,0.0,12.468827930174564,0.0,0.0,0.0,0.0,0.0,2.493765586034913,4.987531172069826,117.20698254364089,54.86284289276808,4.987531172069826,82.29426433915212,0.5728643216080402,4.5376884422110555,2.493765586034913,4.987531172069826,0.0,0.0,12.468827930174564,0.0,2.493765586034913,2.493765586034913,0.0,0.0,9.975062344139651,29.92518703241895,2.493765586034913,2.493765586034913,2.493765586034913,2.493765586034913,0.0,0.0,4.987531172069826,7.481296758104738,7.481296758104738,0.0,7.481296758104738
141638,46.45476772616137,12.224938875305625,34.229828850855746,9.7799511002445,4.88997555012225,41.56479217603912,0.0,7.334963325183374,9.7799511002445,0.0,2.444987775061125,0.0,12.224938875305625,26.89486552567237,4.88997555012225,220.0488997555012,7.334963325183374,0.0,26.89486552567237,7.334963325183374,0.0,0.0,0.0,19.559902200489,2.444987775061125,2.444987775061125,2.444987775061125,0.0,9.7799511002445,2.444987775061125,0.0,0.0,0.0,0.0,0.0,0.0,7.334963325183374,12.224938875305625,117.35941320293398,70.90464547677261,0.0,66.01466992665037,0.5514705882352942,4.3995098039215685,0.0,7.334963325183374,2.444987775061125,4.88997555012225,7.334963325183374,0.0,9.7799511002445,0.0,0.0,2.444987775061125,0.0,12.224938875305625,2.444987775061125,4.88997555012225,2.444987775061125,0.0,0.0,0.0,4.88997555012225,9.7799511002445,7.334963325183374,2.444987775061125,0.0
14195,76.37231503579953,21.479713603818613,0.0,0.0,14.319809069212411,0.0,0.0,16.706443914081145,7.159904534606206,0.0,0.0,0.0,7.159904534606206,26.252983293556085,0.0,305.4892601431981,11.933174224343675,0.0,4.773269689737471,0.0,0.0,0.0,0.0,7.159904534606206,4.773269689737471,2.3866348448687353,2.3866348448687353,0.0,4.773269689737471,0.0,0.0,0.0,0.0,0.0,0.0,0.0,2.3866348448687353,7.159904534606206,150.3579952267303,57.279236276849645,2.3866348448687353,42.959427207637226,0.583732057416268,4.992822966507177,0.0,0.0,2.3866348448687353,9.546539379474941,0.0,2.3866348448687353,0.0,0.0,0.0,2.3866348448687353,0.0,9.546539379474941,4.773269689737471,0.0,0.0,0.0,0.0,0.0,2.3866348448687353,19.093078758949883,4.773269689737471,2.3866348448687353,4.773269689737471
143898,103.61445783132531,12.048192771084338,12.048192771084338,4.819277108433735,2.4096385542168677,33.734939759036145,0.0,67.46987951807229,9.63855421686747,7.228915662650603,2.4096385542168677,2.4096385542168677,21.686746987951807,19.27710843373494,2.4096385542168677,214.4578313253012,0.0,0.0,40.96385542168675,7.228915662650603,0.0,0.0,0.0,14.457831325301205,9.63855421686747,0.0,2.4096385542168677,2.4096385542168677,12.048192771084338,0.0,0.0,0.0,0.0,0.0,0.0,2.4096385542168677,0.0,7.228915662650603,115.66265060240964,50.60240963855422,7.228915662650603,53.01204819277108,0.5807228915662651,4.63855421686747,2.4096385542168677,0.0,0.0,2.4096385542168677,2.4096385542168677,0.0,0.0,0.0,0.0,2.4096385542168677,0.0,12.048192771084338,4.819277108433735,2.4096385542168677,0.0,0.0,0.0,0.0,0.0,7.228915662650603,4.819277108433735,2.4096385542168677,7.228915662650603
147071,83.33333333333333,4.761904761904763,28.57142857142857,0.0,0.0,71.42857142857143,0.0,16.666666666666668,28.57142857142857,0.0,4.761904761904763,0.0,38.0952380952381,11.904761904761903,2.3809523809523814,166.66666666666666,4.761904761904763,0.0,38.0952380952381,2.3809523809523814,0.0,0.0,4.761904761904763,30.952380952380953,4.761904761904763,0.0,2.3809523809523814,0.0,19.04761904761905,2.3809523809523814,0.0,0.0,0.0,0.0,0.0,0.0,0.0,4.761904761904763,61.904761904761905,47.61904761904761,14.285714285714285,83.33333333333333,0.5205811138014528,4.213075060532687,0.0,2.3809523809523814,4.761904761904763,0.0,11.904761904761903,0.0,11.904761904761903,9.523809523809526,0.0,11.904761904761903,4.761904761904763,33.333333333333336,2.3809523809523814,0.0,9.523809523809526,0.0,0.0,0.0,4.761904761904763,4.761904761904763,9.523809523809526,4.761904761904763,9.523809523809526
150318,89.77556109725685,14.962593516209475,39.900249376558605,4.987531172069826,9.975062344139651,107.23192019950125,54.86284289276808,4.987531172069826,22.443890274314214,9.975062344139651,9.975062344139651,0.0,22.443890274314214,14.962593516209475,0.0,129.67581047381546,0.0,0.0,32.418952618453865,2.493765586034913,2.493765586034913,0.0,2.493765586034913,29.92518703241895,0.0,0.0,0.0,0.0,7.481296758104738,2.493765586034913,0.0,0.0,0.0,0.0,2.493765586034913,0.0,4.987531172069826,7.481296758104738,59.8503740648379,17.456359102244388,7.481296758104738,104.73815461346634,0.5442708333333334,4.0234375,0.0,2.493765586034913,2.493765586034913,0.0,22.443890274314214,2.493765586034913,0.0,4.987531172069826,2.493765586034913,19.950124688279303,9.975062344139651,37.406483790523694,0.0,0.0,39.900249376558605,2.493765586034913,2.493765586034913,0.0,2.493765586034913,2.493765586034913,19.950124688279303,0.0,9.975062344139651
152450,102.1377672209026,0.0,2.375296912114014,7.125890736342043,0.0,54.63182897862233,0.0,19.002375296912113,9.501187648456057,2.375296912114014,11.876484560570072,0.0,26.128266033254157,9.501187648456057,2.375296912114014,182.8978622327791,9.501187648456057,0.0,28.503562945368174,4.750593824228028,0.0,0.0,0.0,11.876484560570072,4.750593824228028,2.375296912114014,2.375296912114014,4.750593824228028,14.251781472684087,0.0,4.750593824228028,0.0,0.0,0.0,0.0,2.375296912114014,7.125890736342043,16.6270783847981,111.63895486935867,59.38242280285035,9.501187648456057,73.63420427553444,0.5560859188544153,4.551312649164678,0.0,2.375296912114014,0.0,0.0,9.501187648456057,0.0,2.375296912114014,4.750593824228028,0.0,0.0,0.0,21.377672209026127,4.750593824228028,2.375296912114014,4.750593824228028,2.375296912114014,0.0,0.0,2.375296912114014,4.750593824228028,14.251781472684087,0.0,9.501187648456057
15252,102.4390243902439,17.073170731707318,0.0,7.317073170731708,2.4390243902439024,0.0,0.0,43.90243902439024,14.634146341463415,4.878048780487805,0.0,0.0,31.70731707317073,7.317073170731708,2.4390243902439024,268.2926829268293,9.75609756097561,2.4390243902439024,19.51219512195122,0.0,0.0,0.0,0.0,14.634146341463415,0.0,0.0,7.317073170731708,2.4390243902439024,2.4390243902439024,4.878048780487805,4.878048780487805,0.0,0.0,2.4390243902439024,0.0,0.0,4.878048780487805,2.4390243902439024,107.3170731707317,53.65853658536585,7.317073170731708,51.21951219512195,0.5246305418719212,4.4655172413793105,0.0,2.4390243902439024,0.0,2.4390243902439024,7.317073170731708,0.0,12.195121951219512,2.4390243902439024,0.0,2.4390243902439024,0.0,24.390243902439025,2.4390243902439024,2.4390243902439024,2.4390243902439024,0.0,2.4390243902439024,0.0,9.75609756097561,12.195121951219512,9.75609756097561,0.0,2.4390243902439024
153168,59.4059405940594,7.425742574257425,47.02970297029703,7.425742574257425,2.4752475247524752,12.376237623762377,9.900990099009901,29.7029702970297,9.900990099009901,4.9504950495049505,7.425742574257425,0.0,12.376237623762377,17.32673267326733,2.4752475247524752,257.4257425742574,7.425742574257425,2.4752475247524752,37.12871287128713,4.9504950495049505,0.0,0.0,0.0,17.32673267326733,7.425742574257425,0.0,0.0,2.4752475247524752,0.0,0.0,0.0,0.0,0.0,0.0,2.4752475247524752,0.0,4.9504950495049505,2.4752475247524752,81.68316831683168,44.554455445544555,14.85148514851485,61.88118811881188,0.6289473684210526,4.61578947368421,0.0,2.4752475247524752,0.0,0.0,7.425742574257425,0.0,14.85148514851485,4.9504950495049505,2.4752475247524752,2.4752475247524752,4.9504950495049505,7.425742574257425,2.4752475247524752,0.0,37.12871287128713,0.0,0.0,0.0,2.4752475247524752,0.0,2.4752475247524752,2.4752475247524752,9.900990099009901
15729,99.03381642512076,4.830917874396135,9.66183574879227,4.830917874396135,7.246376811594203,45.893719806763286,2.4154589371980677,4.830917874396135,14.492753623188406,2.4154589371980677,7.246376811594203,2.4154589371980677,7.246376811594203,21.73913043478261,2.4154589371980677,210.14492753623188,2.4154589371980677,0.0,19.32367149758454,2.4154589371980677,0.0,0.0,0.0,19.32367149758454,7.246376811594203,0.0,2.4154589371980677,4.830917874396135,0.0,0.0,0.0,0.0,0.0,0.0,2.4154589371980677,0.0,2.4154589371980677,9.66183574879227,77.29468599033817,72.46376811594203,4.830917874396135,65.21739130434783,0.5936739659367397,4.690997566909975,0.0,4.830917874396135,2.4154589371980677,2.4154589371980677,0.0,0.0,2.4154589371980677,4.830917874396135,0.0,0.0,0.0,21.73913043478261,0.0,2.4154589371980677,4.830917874396135,0.0,0.0,0.0,9.66183574879227,0.0,12.077294685990339,4.830917874396135,0.0
159923,79.60199004975124,4.975124378109452,0.0,2.487562189054726,2.487562189054726,4.975124378109452,0.0,17.412935323383085,22.388059701492537,2.487562189054726,0.0,0.0,22.388059701492537,19.90049751243781,2.487562189054726,256.21890547263683,7.462686567164179,4.975124378109452,24.875621890547265,0.0,0.0,2.487562189054726,0.0,4.975124378109452,2.487562189054726,0.0,4.975124378109452,2.487562189054726,14.925373134328359,0.0,0.0,0.0,0.0,0.0,0.0,0.0,0.0,4.975124378109452,116.91542288557214,69.65174129353234,2.487562189054726,72.13930348258707,0.5625,4.6325,4.975124378109452,0.0,2.487562189054726,2.487562189054726,22.388059701492537,0.0,9.950248756218905,2.487562189054726,0.0,0.0,0.0,4.975124378109452,0.0,2.487562189054726,2.487562189054726,0.0,0.0,0.0,4.975124378109452,7.462686567164179,4.975124378109452,4.975124378109452,14.925373134328359
159988,84.15841584158416,12.376237623762377,0.0,4.9504950495049505,4.9504950495049505,0.0,0.0,47.02970297029703,14.85148514851485,0.0,4.9504950495049505,0.0,24.752475247524753,19.801980198019802,0.0,237.6237623762376,7.425742574257425,0.0,19.801980198019802,0.0,0.0,0.0,0.0,14.85148514851485,0.0,0.0,9.900990099009901,0.0,17.32673267326733,0.0,2.4752475247524752,0.0,0.0,0.0,0.0,0.0,4.9504950495049505,7.425742574257425,106.43564356435644,66.83168316831683,7.425742574257425,56.93069306930693,0.61,4.6775,2.4752475247524752,0.0,0.0,0.0,7.425742574257425,0.0,2.4752475247524752,4.9504950495049505,0.0,0.0,0.0,12.376237623762377,0.0,0.0,2.4752475247524752,0.0,2.4752475247524752,0.0,0.0,19.801980198019802,9.900990099009901,0.0,2.4752475247524752
160578,71.42857142857143,17.241379310344826,12.315270935960593,4.926108374384237,0.0,29.556650246305416,2.4630541871921183,19.704433497536947,27.093596059113302,4.926108374384237,2.4630541871921183,0.0,27.093596059113302,9.852216748768473,0.0,238.91625615763547,7.389162561576354,2.4630541871921183,27.093596059113302,0.0,0.0,0.0,2.4630541871921183,7.389162561576354,2.4630541871921183,2.4630541871921183,9.852216748768473,0.0,12.315270935960593,0.0,0.0,0.0,0.0,0.0,0.0,0.0,14.778325123152708,9.852216748768473,93.59605911330048,46.79802955665024,4.926108374384237,51.724137931034484,0.5037220843672456,4.607940446650124,2.4630541871921183,0.0,0.0,0.0,14.778325123152708,0.0,2.4630541871921183,14.778325123152708,0.0,0.0,4.926108374384237,29.556650246305416,0.0,0.0,4.926108374384237,0.0,0.0,0.0,0.0,12.315270935960593,17.241379310344826,2.4630541871921183,4.926108374384237
162516,86.85446009389672,7.042253521126761,18.779342723004696,2.347417840375587,2.347417840375587,32.863849765258216,4.694835680751174,18.779342723004696,7.042253521126761,0.0,7.042253521126761,0.0,11.737089201877934,21.12676056338028,2.347417840375587,241.78403755868544,11.737089201877934,0.0,25.821596244131456,0.0,0.0,0.0,0.0,16.431924882629108,0.0,0.0,0.0,0.0,2.347417840375587,0.0,0.0,0.0,0.0,0.0,0.0,0.0,0.0,18.779342723004696,98.59154929577464,68.07511737089202,14.084507042253522,72.76995305164318,0.6067146282973621,4.932853717026379,2.347417840375587,4.694835680751174,0.0,0.0,4.694835680751174,0.0,4.694835680751174,2.347417840375587,0.0,0.0,2.347417840375587,28.169014084507044,7.042253521126761,2.347417840375587,7.042253521126761,0.0,0.0,0.0,4.694835680751174,14.084507042253522,14.084507042253522,0.0,11.737089201877934
16309,41.97530864197531,0.0,51.85185185185185,2.4691358024691357,17.28395061728395,19.753086419753085,19.753086419753085,12.345679012345679,32.098765432098766,17.28395061728395,9.876543209876543,0.0,17.28395061728395,12.345679012345679,0.0,195.06172839506172,14.814814814814815,0.0,34.5679012345679,7.407407407407407,0.0,0.0,0.0,17.28395061728395,0.0,0.0,0.0,2.4691358024691357,9.876543209876543,0.0,0.0,0.0,0.0,0.0,4.938271604938271,0.0,0.0,4.938271604938271,106.17283950617285,46.91358024691358,0.0,91.35802469135803,0.4607594936708861,4.29873417721519,0.0,2.4691358024691357,2.4691358024691357,7.407407407407407,4.938271604938271,0.0,19.753086419753085,7.407407407407407,0.0,2.4691358024691357,9.876543209876543,17.28395061728395,2.4691358024691357,0.0,14.814814814814815,0.0,0.0,0.0,4.938271604938271,14.814814814814815,4.938271604938271,0.0,12.345679012345679
164931,51.09489051094891,2.4330900243309004,2.4330900243309004,4.866180048661801,0.0,4.866180048661801,0.0,41.3625304136253,4.866180048661801,0.0,7.299270072992701,0.0,19.464720194647203,34.0632603406326,7.299270072992701,209.24574209245742,14.598540145985401,2.4330900243309004,19.464720194647203,0.0,2.4330900243309004,0.0,0.0,9.732360097323602,0.0,0.0,0.0,0.0,9.732360097323602,0.0,2.4330900243309004,0.0,0.0,0.0,0.0,0.0,0.0,4.866180048661801,150.85158150851584,92.45742092457421,2.4330900243309004,58.394160583941606,0.6073170731707317,4.839024390243902,2.4330900243309004,2.4330900243309004,0.0,2.4330900243309004,17.0316301703163,0.0,14.598540145985401,4.866180048661801,2.4330900243309004,12.165450121654501,9.732360097323602,17.0316301703163,2.4330900243309004,0.0,2.4330900243309004,0.0,0.0,0.0,4.866180048661801,4.866180048661801,4.866180048661801,0.0,2.4330900243309004
165268,73.34963325183375,12.224938875305625,29.339853300733495,0.0,4.88997555012225,80.68459657701712,14.669926650366747,29.339853300733495,7.334963325183374,2.444987775061125,4.88997555012225,0.0,9.7799511002445,7.334963325183374,0.0,168.7041564792176,0.0,0.0,36.674816625916876,0.0,0.0,0.0,2.444987775061125,29.339853300733495,14.669926650366747,0.0,0.0,2.444987775061125,0.0,2.444987775061125,0.0,0.0,0.0,0.0,0.0,0.0,2.444987775061125,2.444987775061125,83.12958435207824,51.344743276283616,24.44987775061125,88.0195599022005,0.5804020100502513,4.3542713567839195,0.0,2.444987775061125,2.444987775061125,4.88997555012225,0.0,2.444987775061125,4.88997555012225,7.334963325183374,0.0,4.88997555012225,9.7799511002445,9.7799511002445,0.0,4.88997555012225,26.89486552567237,0.0,0.0,0.0,0.0,7.334963325183374,17.114914425427873,0.0,14.669926650366747
166937,94.05940594059406,2.4752475247524752,27.22772277227723,2.4752475247524752,0.0,12.376237623762377,19.801980198019802,44.554455445544555,9.900990099009901,7.425742574257425,7.425742574257425,0.0,17.32673267326733,17.32673267326733,0.0,217.82178217821783,0.0,0.0,27.22772277227723,0.0,0.0,0.0,0.0,12.376237623762377,2.4752475247524752,0.0,0.0,2.4752475247524752,4.9504950495049505,0.0,2.4752475247524752,0.0,0.0,0.0,2.4752475247524752,2.4752475247524752,2.4752475247524752,9.900990099009901,79.20792079207921,51.980198019801975,2.4752475247524752,84.15841584158416,0.6086956521739131,4.501278772378517,0.0,2.4752475247524752,4.9504950495049505,4.9504950495049505,7.425742574257425,0.0,7.425742574257425,2.4752475247524752,0.0,2.4752475247524752,2.4752475247524752,14.85148514851485,2.4752475247524752,2.4752475247524752,24.752475247524753,0.0,0.0,0.0,0.0,9.900990099009901,14.85148514851485,0.0,19.801980198019802
167501,53.92156862745098,17.156862745098042,46.568627450980394,4.901960784313726,7.352941176470588,39.21568627450981,0.0,14.705882352941176,31.862745098039213,0.0,4.901960784313726,0.0,12.254901960784313,2.450980392156863,2.450980392156863,227.94117647058823,2.450980392156863,0.0,29.41176470588235,0.0,0.0,0.0,0.0,14.705882352941176,4.901960784313726,0.0,4.901960784313726,0.0,2.450980392156863,0.0,4.901960784313726,2.450980392156863,0.0,0.0,0.0,2.450980392156863,2.450980392156863,12.254901960784313,71.07843137254902,63.725490196078425,12.254901960784313,85.7843137254902,0.6237113402061856,4.469072164948454,4.901960784313726,9.803921568627452,0.0,2.450980392156863,4.901960784313726,0.0,9.803921568627452,4.901960784313726,2.450980392156863,2.450980392156863,4.901960784313726,24.509803921568626,4.901960784313726,4.901960784313726,22.058823529411764,2.450980392156863,2.450980392156863,0.0,0.0,7.352941176470588,9.803921568627452,0.0,9.803921568627452
167706,101.6548463356974,4.7281323877068555,0.0,4.7281323877068555,2.3640661938534278,56.737588652482266,2.3640661938534278,9.456264775413711,37.825059101654844,0.0,7.092198581560283,2.3640661938534278,21.27659574468085,21.27659574468085,11.82033096926714,158.39243498817967,4.7281323877068555,0.0,35.46099290780142,2.3640661938534278,0.0,0.0,2.3640661938534278,11.82033096926714,4.7281323877068555,0.0,0.0,0.0,4.7281323877068555,0.0,0.0,0.0,0.0,0.0,0.0,0.0,2.3640661938534278,11.82033096926714,111.1111111111111,66.19385342789597,2.3640661938534278,89.83451536643027,0.5676959619952494,4.484560570071259,2.3640661938534278,7.092198581560283,0.0,4.7281323877068555,11.82033096926714,0.0,7.092198581560283,4.7281323877068555,0.0,2.3640661938534278,4.7281323877068555,21.27659574468085,7.092198581560283,4.7281323877068555,4.7281323877068555,2.3640661938534278,2.3640661938534278,0.0,2.3640661938534278,7.092198581560283,18.912529550827422,0.0,4.7281323877068555
168426,87.80487804878048,17.073170731707318,17.073170731707318,0.0,7.317073170731708,7.317073170731708,2.4390243902439024,31.70731707317073,7.317073170731708,12.195121951219512,2.4390243902439024,0.0,31.70731707317073,19.51219512195122,4.878048780487805,256.0975609756098,4.878048780487805,4.878048780487805,21.95121951219512,0.0,0.0,0.0,0.0,9.75609756097561,4.878048780487805,0.0,0.0,0.0,9.75609756097561,0.0,17.073170731707318,0.0,0.0,0.0,0.0,0.0,0.0,7.317073170731708,109.7560975609756,51.21951219512195,0.0,73.17073170731707,0.6119402985074627,4.900497512437811,2.4390243902439024,4.878048780487805,0.0,2.4390243902439024,7.317073170731708,0.0,4.878048780487805,2.4390243902439024,0.0,0.0,4.878048780487805,21.95121951219512,4.878048780487805,0.0,0.0,2.4390243902439024,0.0,4.878048780487805,12.195121951219512,7.317073170731708,12.195121951219512,2.4390243902439024,0.0
171256,67.3076923076923,7.211538461538462,2.403846153846154,4.807692307692308,9.615384615384617,0.0,0.0,2.403846153846154,45.67307692307692,2.403846153846154,4.807692307692308,0.0,12.01923076923077,9.615384615384617,9.615384615384617,254.8076923076923,4.807692307692308,0.0,16.826923076923077,4.807692307692308,0.0,2.403846153846154,0.0,4.807692307692308,2.403846153846154,4.807692307692308,0.0,0.0,9.615384615384617,0.0,0.0,0.0,0.0,0.0,0.0,4.807692307692308,0.0,7.211538461538462,141.82692307692307,72.11538461538461,2.403846153846154,57.69230769230769,0.5693430656934306,4.690997566909975,0.0,0.0,0.0,9.615384615384617,16.826923076923077,2.403846153846154,4.807692307692308,4.807692307692308,0.0,2.403846153846154,0.0,16.826923076923077,2.403846153846154,2.403846153846154,2.403846153846154,0.0,0.0,0.0,0.0,21.634615384615383,9.615384615384617,2.403846153846154,2.403846153846154
173335,61.42506142506143,9.828009828009828,7.371007371007371,7.371007371007371,4.914004914004914,0.0,2.457002457002457,63.88206388206388,2.457002457002457,4.914004914004914,9.828009828009828,0.0,9.828009828009828,17.1990171990172,0.0,255.52825552825553,4.914004914004914,0.0,24.570024570024568,0.0,0.0,0.0,0.0,7.371007371007371,2.457002457002457,2.457002457002457,4.914004914004914,2.457002457002457,4.914004914004914,0.0,2.457002457002457,0.0,0.0,0.0,0.0,0.0,2.457002457002457,2.457002457002457,127.76412776412776,51.597051597051596,0.0,56.511056511056516,0.5831265508684863,4.441687344913151,0.0,7.371007371007371,0.0,0.0,4.914004914004914,0.0,0.0,4.914004914004914,2.457002457002457,7.371007371007371,7.371007371007371,9.828009828009828,0.0,2.457002457002457,7.371007371007371,0.0,0.0,0.0,0.0,17.1990171990172,12.285012285012284,0.0,2.457002457002457
173785,91.35802469135803,7.407407407407407,0.0,9.876543209876543,4.938271604938271,96.29629629629629,0.0,0.0,22.22222222222222,0.0,2.4691358024691357,0.0,9.876543209876543,2.4691358024691357,2.4691358024691357,197.53086419753086,4.938271604938271,0.0,17.28395061728395,0.0,2.4691358024691357,0.0,2.4691358024691357,24.691358024691358,12.345679012345679,0.0,2.4691358024691357,2.4691358024691357,4.938271604938271,0.0,0.0,0.0,0.0,0.0,0.0,2.4691358024691357,2.4691358024691357,19.753086419753085,101.23456790123457,44.44444444444444,0.0,71.60493827160494,0.5583126550868487,4.26302729528536,2.4691358024691357,0.0,0.0,0.0,2.4691358024691357,0.0,0.0,9.876543209876543,0.0,0.0,2.4691358024691357,14.814814814814815,2.4691358024691357,2.4691358024691357,0.0,0.0,0.0,0.0,2.4691358024691357,9.876543209876543,12.345679012345679,2.4691358024691357,4.938271604938271
174783,76.54320987654322,12.345679012345679,24.691358024691358,4.938271604938271,4.938271604938271,56.79012345679013,12.345679012345679,19.753086419753085,12.345679012345679,2.4691358024691357,4.938271604938271,0.0,12.345679012345679,9.876543209876543,4.938271604938271,274.0740740740741,0.0,0.0,29.62962962962963,0.0,2.4691358024691357,0.0,2.4691358024691357,14.814814814814815,2.4691358024691357,2.4691358024691357,0.0,2.4691358024691357,2.4691358024691357,0.0,0.0,0.0,0.0,0.0,0.0,2.4691358024691357,2.4691358024691357,7.407407407407407,101.23456790123457,61.72839506172839,2.4691358024691357,44.44444444444444,0.6214833759590793,4.659846547314578,0.0,2.4691358024691357,4.938271604938271,0.0,4.938271604938271,2.4691358024691357,9.876543209876543,0.0,0.0,0.0,4.938271604938271,24.691358024691358,0.0,4.938271604938271,7.407407407407407,0.0,2.4691358024691357,0.0,2.4691358024691357,4.938271604938271,12.345679012345679,2.4691358024691357,0.0
174829,102.4390243902439,12.195121951219512,7.317073170731708,9.75609756097561,2.4390243902439024,102.4390243902439,4.878048780487805,4.878048780487805,14.634146341463415,0.0,14.634146341463415,0.0,12.195121951219512,7.317073170731708,0.0,202.43902439024393,0.0,0.0,24.390243902439025,2.4390243902439024,2.4390243902439024,0.0,0.0,14.634146341463415,2.4390243902439024,0.0,0.0,0.0,2.4390243902439024,0.0,0.0,0.0,0.0,0.0,7.317073170731708,0.0,0.0,14.634146341463415,124.39024390243902,56.09756097560976,9.75609756097561,58.53658536585366,0.5724815724815725,4.351351351351352,0.0,2.4390243902439024,2.4390243902439024,2.4390243902439024,4.878048780487805,0.0,12.195121951219512,4.878048780487805,0.0,0.0,2.4390243902439024,17.073170731707318,0.0,2.4390243902439024,2.4390243902439024,0.0,0.0,0.0,2.4390243902439024,7.317073170731708,17.073170731707318,2.4390243902439024,4.878048780487805
174867,79.20792079207921,17.32673267326733,4.9504950495049505,7.425742574257425,2.4752475247524752,12.376237623762377,0.0,19.801980198019802,9.900990099009901,2.4752475247524752,7.425742574257425,0.0,12.376237623762377,24.752475247524753,7.425742574257425,279.7029702970297,4.9504950495049505,2.4752475247524752,12.376237623762377,0.0,0.0,0.0,2.4752475247524752,12.376237623762377,0.0,2.4752475247524752,4.9504950495049505,0.0,7.425742574257425,0.0,0.0,0.0,0.0,0.0,0.0,0.0,2.4752475247524752,9.900990099009901,131.1881188118812,86.63366336633663,2.4752475247524752,29.7029702970297,0.6040100250626567,4.8997493734335835,2.4752475247524752,0.0,0.0,0.0,0.0,2.4752475247524752,7.425742574257425,2.4752475247524752,0.0,2.4752475247524752,0.0,17.32673267326733,0.0,2.4752475247524752,4.9504950495049505,0.0,2.4752475247524752,0.0,2.4752475247524752,17.32673267326733,7.425742574257425,7.425742574257425,4.9504950495049505
175467,2.4390243902439024,2.4390243902439024,104.8780487804878,0.0,4.878048780487805,85.3658536585366,4.878048780487805,0.0,26.829268292682926,4.878048780487805,0.0,9.75609756097561,24.390243902439025,26.829268292682926,0.0,178.04878048780486,0.0,0.0,43.90243902439024,2.4390243902439024,0.0,0.0,7.317073170731708,7.317073170731708,4.878048780487805,0.0,0.0,2.4390243902439024,4.878048780487805,0.0,0.0,0.0,0.0,0.0,0.0,0.0,17.073170731707318,9.75609756097561,82.92682926829269,39.02439024390244,14.634146341463415,60.97560975609756,0.5255102040816326,4.316326530612245,0.0,4.878048780487805,7.317073170731708,0.0,4.878048780487805,0.0,7.317073170731708,12.195121951219512,0.0,7.317073170731708,7.317073170731708,17.073170731707318,4.878048780487805,0.0,39.02439024390244,0.0,2.4390243902439024,0.0,0.0,9.75609756097561,12.195121951219512,0.0,7.317073170731708
179541,53.5279805352798,7.299270072992701,0.0,0.0,0.0,0.0,0.0,24.330900243309003,0.0,4.866180048661801,0.0,0.0,7.299270072992701,21.897810218978105,0.0,304.1362530413625,12.165450121654501,0.0,14.598540145985401,0.0,2.4330900243309004,0.0,0.0,14.598540145985401,0.0,0.0,2.4330900243309004,2.4330900243309004,2.4330900243309004,0.0,2.4330900243309004,0.0,0.0,0.0,0.0,0.0,4.866180048661801,4.866180048661801,128.9537712895377,85.1581508515815,7.299270072992701,38.929440389294406,0.601965601965602,4.980343980343981,0.0,4.866180048661801,0.0,4.866180048661801,2.4330900243309004,0.0,7.299270072992701,4.866180048661801,0.0,2.4330900243309004,0.0,12.165450121654501,4.866180048661801,0.0,0.0,0.0,2.4330900243309004,0.0,2.4330900243309004,7.299270072992701,7.299270072992701,4.866180048661801,2.4330900243309004
181045,76.35467980295567,7.389162561576354,0.0,0.0,0.0,0.0,7.389162561576354,29.556650246305416,7.389162561576354,4.926108374384237,0.0,0.0,9.852216748768473,44.33497536945813,4.926108374384237,229.064039408867,4.926108374384237,0.0,29.556650246305416,0.0,2.4630541871921183,0.0,0.0,24.630541871921185,2.4630541871921183,0.0,2.4630541871921183,0.0,2.4630541871921183,0.0,0.0,0.0,0.0,0.0,0.0,0.0,0.0,2.4630541871921183,110.83743842364532,91.13300492610837,14.778325123152708,46.79802955665024,0.61,5.265,7.389162561576354,7.389162561576354,0.0,2.4630541871921183,4.926108374384237,0.0,7.389162561576354,2.4630541871921183,0.0,2.4630541871921183,0.0,9.852216748768473,4.926108374384237,2.4630541871921183,2.4630541871921183,0.0,0.0,0.0,0.0,22.167487684729064,4.926108374384237,4.926108374384237,7.389162561576354
181354,104.73815461346634,17.456359102244388,19.950124688279303,4.987531172069826,7.481296758104738,69.82543640897755,4.987531172069826,57.356608478803,12.468827930174564,2.493765586034913,7.481296758104738,0.0,12.468827930174564,0.0,0.0,177.05735660847878,7.481296758104738,2.493765586034913,54.86284289276808,4.987531172069826,0.0,0.0,0.0,12.468827930174564,9.975062344139651,0.0,0.0,0.0,2.493765586034913,0.0,0.0,0.0,0.0,2.493765586034913,2.493765586034913,0.0,2.493765586034913,12.468827930174564,74.81296758104739,47.38154613466334,12.468827930174564,112.21945137157108,0.5620253164556962,4.374683544303798,0.0,2.493765586034913,0.0,2.493765586034913,7.481296758104738,0.0,4.987531172069826,2.493765586034913,0.0,2.493765586034913,12.468827930174564,19.950124688279303,7.481296758104738,2.493765586034913,14.962593516209475,0.0,2.493765586034913,0.0,4.987531172069826,7.481296758104738,12.468827930174564,2.493765586034913,19.950124688279303
183392,85.7843137254902,4.901960784313726,31.862745098039213,12.254901960784313,2.450980392156863,61.27450980392157,14.705882352941176,41.666666666666664,12.254901960784313,4.901960784313726,4.901960784313726,4.901960784313726,19.607843137254903,4.901960784313726,4.901960784313726,159.31372549019608,4.901960784313726,0.0,39.21568627450981,2.450980392156863,2.450980392156863,0.0,0.0,12.254901960784313,2.450980392156863,0.0,2.450980392156863,2.450980392156863,7.352941176470588,0.0,0.0,2.450980392156863,0.0,0.0,0.0,0.0,2.450980392156863,14.705882352941176,95.58823529411764,36.76470588235294,4.901960784313726,112.74509803921569,0.5954198473282443,4.295165394402035,2.450980392156863,4.901960784313726,2.450980392156863,0.0,26.96078431372549,0.0,4.901960784313726,4.901960784313726,2.450980392156863,2.450980392156863,12.254901960784313,9.803921568627452,0.0,2.450980392156863,34.313725490196084,0.0,2.450980392156863,0.0,2.450980392156863,9.803921568627452,9.803921568627452,0.0,19.607843137254903
185975,89.55223880597015,4.975124378109452,2.487562189054726,9.950248756218905,2.487562189054726,37.31343283582089,0.0,39.80099502487562,7.462686567164179,7.462686567164179,9.950248756218905,0.0,4.975124378109452,17.412935323383085,2.487562189054726,271.14427860696514,4.975124378109452,0.0,22.388059701492537,0.0,0.0,0.0,0.0,4.975124378109452,0.0,2.487562189054726,4.975124378109452,0.0,0.0,0.0,2.487562189054726,0.0,0.0,0.0,0.0,0.0,2.487562189054726,7.462686567164179,114.42786069651741,52.23880597014925,7.462686567164179,49.75124378109453,0.6234096692111959,4.643765903307888,0.0,0.0,2.487562189054726,2.487562189054726,4.975124378109452,0.0,7.462686567164179,2.487562189054726,0.0,2.487562189054726,2.487562189054726,19.90049751243781,2.487562189054726,2.487562189054726,4.975124378109452,2.487562189054726,0.0,0.0,4.975124378109452,12.437810945273633,14.925373134328359,4.975124378109452,2.487562189054726
186340,70.04830917874396,4.830917874396135,21.73913043478261,4.830917874396135,0.0,70.04830917874396,24.154589371980677,9.66183574879227,9.66183574879227,2.4154589371980677,4.830917874396135,2.4154589371980677,21.73913043478261,38.64734299516908,2.4154589371980677,176.32850241545896,4.830917874396135,0.0,24.154589371980677,0.0,0.0,2.4154589371980677,2.4154589371980677,26.570048309178745,2.4154589371980677,0.0,2.4154589371980677,0.0,7.246376811594203,0.0,0.0,0.0,0.0,0.0,2.4154589371980677,0.0,4.830917874396135,4.830917874396135,111.1111111111111,82.1256038647343,2.4154589371980677,62.80193236714976,0.5902439024390244,4.836585365853659,0.0,4.830917874396135,0.0,0.0,9.66183574879227,0.0,0.0,12.077294685990339,0.0,4.830917874396135,4.830917874396135,14.492753623188406,16.908212560386474,0.0,4.830917874396135,0.0,2.4154589371980677,0.0,2.4154589371980677,9.66183574879227,7.246376811594203,0.0,0.0
187525,80.88235294117648,17.156862745098042,0.0,9.803921568627452,2.450980392156863,0.0,0.0,22.058823529411764,4.901960784313726,2.450980392156863,0.0,0.0,24.509803921568626,9.803921568627452,0.0,262.2549019607843,4.901960784313726,0.0,14.705882352941176,0.0,0.0,0.0,0.0,4.901960784313726,2.450980392156863,2.450980392156863,2.450980392156863,2.450980392156863,12.254901960784313,4.901960784313726,2.450980392156863,0.0,0.0,0.0,0.0,0.0,2.450980392156863,12.254901960784313,127.45098039215685,90.68627450980392,7.352941176470588,53.92156862745098,0.6044776119402985,4.614427860696518,0.0,7.352941176470588,0.0,0.0,7.352941176470588,0.0,7.352941176470588,2.450980392156863,0.0,4.901960784313726,0.0,7.352941176470588,2.450980392156863,0.0,2.450980392156863,0.0,2.450980392156863,0.0,7.352941176470588,4.901960784313726,4.901960784313726,4.901960784313726,0.0
189007,88.66995073891626,14.778325123152708,2.4630541871921183,4.926108374384237,12.315270935960593,2.4630541871921183,0.0,27.093596059113302,9.852216748768473,4.926108374384237,0.0,0.0,22.167487684729064,39.40886699507389,2.4630541871921183,169.95073891625614,2.4630541871921183,0.0,46.79802955665024,9.852216748768473,0.0,0.0,0.0,17.241379310344826,7.389162561576354,0.0,2.4630541871921183,0.0,9.852216748768473,0.0,4.926108374384237,0.0,0.0,0.0,0.0,0.0,7.389162561576354,7.389162561576354,91.13300492610837,88.66995073891626,7.389162561576354,91.13300492610837,0.551980198019802,4.881188118811881,0.0,9.852216748768473,0.0,0.0,14.778325123152708,2.4630541871921183,7.389162561576354,7.389162561576354,0.0,0.0,2.4630541871921183,9.852216748768473,0.0,7.389162561576354,2.4630541871921183,0.0,0.0,0.0,4.926108374384237,7.389162561576354,2.4630541871921183,4.926108374384237,9.852216748768473
192233,103.79746835443038,15.189873417721518,2.5316455696202533,5.063291139240507,0.0,65.82278481012659,0.0,45.56962025316456,17.721518987341774,5.063291139240507,0.0,2.5316455696202533,27.848101265822784,20.253164556962027,0.0,182.27848101265823,2.5316455696202533,0.0,30.379746835443036,0.0,2.5316455696202533,0.0,0.0,15.189873417721518,2.5316455696202533,0.0,0.0,0.0,10.126582278481013,0.0,2.5316455696202533,0.0,0.0,0.0,0.0,0.0,5.063291139240507,7.594936708860759,108.86075949367088,50.63291139240506,7.594936708860759,55.69620253164557,0.5561224489795918,4.23469387755102,0.0,7.594936708860759,0.0,0.0,2.5316455696202533,2.5316455696202533,0.0,10.126582278481013,0.0,7.594936708860759,17.721518987341774,22.78481012658228,12.658227848101266,5.063291139240507,7.594936708860759,0.0,0.0,0.0,0.0,7.594936708860759,17.721518987341774,0.0,5.063291139240507
193262,58.67970660146699,14.669926650366747,34.229828850855746,0.0,2.444987775061125,29.339853300733495,26.89486552567237,22.004889975550125,4.88997555012225,2.444987775061125,0.0,0.0,14.669926650366747,12.224938875305625,4.88997555012225,222.49388753056235,2.444987775061125,0.0,24.44987775061125,2.444987775061125,0.0,0.0,0.0,17.114914425427873,0.0,0.0,2.444987775061125,0.0,4.88997555012225,0.0,2.444987775061125,0.0,0.0,0.0,0.0,0.0,7.334963325183374,7.334963325183374,83.12958435207824,53.78973105134474,7.334963325183374,68.45965770171149,0.571072319201995,4.2817955112219455,2.444987775061125,7.334963325183374,0.0,0.0,2.444987775061125,0.0,14.669926650366747,9.7799511002445,0.0,12.224938875305625,9.7799511002445,26.89486552567237,4.88997555012225,2.444987775061125,17.114914425427873,0.0,2.444987775061125,0.0,2.444987775061125,17.114914425427873,9.7799511002445,0.0,14.669926650366747
195215,78.04878048780488,4.878048780487805,0.0,7.317073170731708,0.0,63.41463414634146,0.0,0.0,17.073170731707318,7.317073170731708,4.878048780487805,0.0,4.878048780487805,14.634146341463415,4.878048780487805,217.0731707317073,12.195121951219512,0.0,34.146341463414636,0.0,2.4390243902439024,0.0,0.0,19.51219512195122,12.195121951219512,0.0,2.4390243902439024,2.4390243902439024,4.878048780487805,0.0,0.0,0.0,0.0,0.0,0.0,0.0,0.0,9.75609756097561,117.07317073170732,53.65853658536585,14.634146341463415,51.21951219512195,0.5555555555555556,4.553086419753086,0.0,4.878048780487805,0.0,4.878048780487805,2.4390243902439024,0.0,4.878048780487805,12.195121951219512,0.0,4.878048780487805,2.4390243902439024,29.26829268292683,0.0,0.0,9.75609756097561,0.0,0.0,0.0,4.878048780487805,2.4390243902439024,12.195121951219512,2.4390243902439024,9.75609756097561
196409,69.4789081885856,9.925558312655086,22.332506203473944,2.4813895781637716,9.925558312655086,22.332506203473944,2.4813895781637716,49.62779156327544,7.444168734491315,2.4813895781637716,0.0,4.962779156327543,17.3697270471464,19.851116625310173,4.962779156327543,223.32506203473946,9.925558312655086,0.0,12.40694789081886,0.0,0.0,0.0,0.0,17.3697270471464,9.925558312655086,0.0,0.0,0.0,0.0,2.4813895781637716,2.4813895781637716,0.0,0.0,0.0,0.0,0.0,0.0,7.444168734491315,114.14392059553349,71.96029776674938,4.962779156327543,76.92307692307693,0.6163682864450127,4.936061381074169,2.4813895781637716,4.962779156327543,0.0,2.4813895781637716,12.40694789081886,2.4813895781637716,0.0,4.962779156327543,2.4813895781637716,0.0,7.444168734491315,14.88833746898263,7.444168734491315,2.4813895781637716,2.4813895781637716,2.4813895781637716,0.0,0.0,4.962779156327543,9.925558312655086,7.444168734491315,0.0,0.0
196756,56.737588652482266,0.0,2.3640661938534278,2.3640661938534278,0.0,0.0,0.0,23.64066193853428,16.548463356973993,2.3640661938534278,0.0,0.0,18.912529550827422,11.82033096926714,2.3640661938534278,264.7754137115839,7.092198581560283,0.0,18.912529550827422,2.3640661938534278,0.0,0.0,0.0,9.456264775413711,7.092198581560283,4.7281323877068555,9.456264775413711,2.3640661938534278,7.092198581560283,0.0,4.7281323877068555,0.0,0.0,0.0,0.0,0.0,0.0,4.7281323877068555,141.84397163120568,63.82978723404255,2.3640661938534278,40.189125295508276,0.5595238095238095,4.761904761904762,4.7281323877068555,9.456264775413711,0.0,7.092198581560283,4.7281323877068555,0.0,11.82033096926714,4.7281323877068555,0.0,2.3640661938534278,2.3640661938534278,14.184397163120567,2.3640661938534278,0.0,0.0,0.0,2.3640661938534278,0.0,0.0,14.184397163120567,7.092198581560283,0.0,0.0
200978,2.4813895781637716,2.4813895781637716,69.4789081885856,2.4813895781637716,0.0,76.92307692307693,4.962779156327543,12.40694789081886,4.962779156327543,0.0,2.4813895781637716,0.0,7.444168734491315,7.444168734491315,7.444168734491315,272.9528535980149,2.4813895781637716,0.0,22.332506203473944,0.0,0.0,0.0,0.0,12.40694789081886,2.4813895781637716,2.4813895781637716,2.4813895781637716,2.4813895781637716,2.4813895781637716,0.0,0.0,0.0,0.0,0.0,0.0,0.0,0.0,4.962779156327543,121.58808933002481,66.99751861042184,4.962779156327543,44.66501240694789,0.5801526717557252,4.516539440203562,0.0,0.0,0.0,0.0,4.962779156327543,0.0,0.0,4.962779156327543,0.0,0.0,0.0,19.851116625310173,2.4813895781637716,0.0,12.40694789081886,0.0,2.4813895781637716,0.0,0.0,9.925558312655086,9.925558312655086,0.0,0.0
203189,84.36724565756825,14.88833746898263,9.925558312655086,9.925558312655086,4.962779156327543,79.40446650124069,12.40694789081886,24.81389578163772,17.3697270471464,7.444168734491315,0.0,0.0,12.40694789081886,22.332506203473944,4.962779156327543,205.95533498759306,7.444168734491315,0.0,37.220843672456574,4.962779156327543,0.0,0.0,0.0,14.88833746898263,9.925558312655086,2.4813895781637716,2.4813895781637716,9.925558312655086,7.444168734491315,0.0,0.0,0.0,0.0,0.0,0.0,0.0,4.962779156327543,4.962779156327543,116.62531017369727,47.146401985111666,2.4813895781637716,54.59057071960298,0.5566750629722922,4.30478589420655,2.4813895781637716,9.925558312655086,0.0,2.4813895781637716,4.962779156327543,2.4813895781637716,0.0,7.444168734491315,0.0,2.4813895781637716,4.962779156327543,14.88833746898263,4.962779156327543,7.444168734491315,12.40694789081886,0.0,0.0,0.0,4.962779156327543,7.444168734491315,14.88833746898263,0.0,7.444168734491315
20741,73.52941176470588,4.901960784313726,2.450980392156863,4.901960784313726,2.450980392156863,17.156862745098042,7.352941176470588,61.27450980392157,4.901960784313726,9.803921568627452,4.901960784313726,2.450980392156863,12.254901960784313,2.450980392156863,2.450980392156863,227.94117647058823,2.450980392156863,0.0,14.705882352941176,0.0,2.450980392156863,0.0,0.0,14.705882352941176,12.254901960784313,0.0,0.0,2.450980392156863,2.450980392156863,0.0,2.450980392156863,0.0,0.0,0.0,0.0,0.0,9.803921568627452,14.705882352941176,120.09803921568628,61.27450980392157,9.803921568627452,41.666666666666664,0.5495049504950495,4.405940594059406,2.450980392156863,0.0,0.0,0.0,0.0,2.450980392156863,29.41176470588235,2.450980392156863,0.0,7.352941176470588,4.901960784313726,19.607843137254903,2.450980392156863,7.352941176470588,4.901960784313726,0.0,0.0,0.0,2.450980392156863,7.352941176470588,2.450980392156863,0.0,4.901960784313726
207821,82.29426433915212,4.987531172069826,0.0,0.0,2.493765586034913,0.0,7.481296758104738,74.81296758104739,17.456359102244388,7.481296758104738,2.493765586034913,0.0,12.468827930174564,17.456359102244388,0.0,256.857855361596,0.0,0.0,37.406483790523694,2.493765586034913,0.0,0.0,0.0,12.468827930174564,0.0,0.0,2.493765586034913,7.481296758104738,2.493765586034913,0.0,0.0,0.0,0.0,0.0,0.0,0.0,4.987531172069826,2.493765586034913,87.28179551122194,69.82543640897755,12.468827930174564,69.82543640897755,0.5873417721518988,4.716455696202532,0.0,2.493765586034913,0.0,0.0,12.468827930174564,0.0,4.987531172069826,12.468827930174564,0.0,2.493765586034913,2.493765586034913,29.92518703241895,2.493765586034913,2.493765586034913,9.975062344139651,0.0,0.0,0.0,0.0,17.456359102244388,19.950124688279303,2.493765586034913,9.975062344139651
21042,76.16707616707617,7.371007371007371,12.285012285012284,4.914004914004914,7.371007371007371,2.457002457002457,0.0,54.054054054054056,24.570024570024568,2.457002457002457,0.0,0.0,9.828009828009828,44.22604422604422,9.828009828009828,211.3022113022113,7.371007371007371,0.0,19.656019656019655,4.914004914004914,2.457002457002457,0.0,0.0,17.1990171990172,4.914004914004914,2.457002457002457,2.457002457002457,0.0,0.0,0.0,2.457002457002457,0.0,0.0,0.0,0.0,0.0,7.371007371007371,4.914004914004914,117.93611793611794,46.68304668304668,9.828009828009828,56.511056511056516,0.5851851851851851,4.6567901234567906,0.0,2.457002457002457,0.0,0.0,9.828009828009828,0.0,9.828009828009828,4.914004914004914,2.457002457002457,0.0,0.0,9.828009828009828,0.0,2.457002457002457,0.0,0.0,0.0,0.0,2.457002457002457,7.371007371007371,4.914004914004914,7.371007371007371,4.914004914004914
212837,78.38479809976246,0.0,2.375296912114014,2.375296912114014,0.0,0.0,4.750593824228028,57.00712589073635,11.876484560570072,2.375296912114014,0.0,0.0,11.876484560570072,16.6270783847981,4.750593824228028,280.28503562945366,11.876484560570072,0.0,14.251781472684087,2.375296912114014,0.0,0.0,0.0,4.750593824228028,2.375296912114014,0.0,4.750593824228028,2.375296912114014,7.125890736342043,0.0,2.375296912114014,0.0,0.0,0.0,0.0,0.0,0.0,7.125890736342043,123.51543942992873,59.38242280285035,2.375296912114014,38.00475059382423,0.5547445255474452,4.489051094890511,2.375296912114014,0.0,0.0,0.0,2.375296912114014,0.0,2.375296912114014,0.0,0.0,9.501187648456057,4.750593824228028,14.251781472684087,2.375296912114014,2.375296912114014,2.375296912114014,0.0,0.0,0.0,7.125890736342043,11.876484560570072,4.750593824228028,0.0,4.750593824228028
213667,102.68948655256723,12.224938875305625,7.334963325183374,2.444987775061125,4.88997555012225,75.79462102689487,2.444987775061125,31.78484107579462,22.004889975550125,2.444987775061125,9.7799511002445,0.0,19.559902200489,22.004889975550125,7.334963325183374,149.1442542787286,0.0,0.0,41.56479217603912,7.334963325183374,2.444987775061125,0.0,2.444987775061125,12.224938875305625,12.224938875305625,0.0,2.444987775061125,0.0,2.444987775061125,0.0,0.0,0.0,0.0,2.444987775061125,2.444987775061125,0.0,4.88997555012225,12.224938875305625,97.799511002445,34.229828850855746,4.88997555012225,90.46454767726162,0.5321782178217822,4.123762376237623,0.0,0.0,0.0,0.0,22.004889975550125,2.444987775061125,4.88997555012225,7.334963325183374,4.88997555012225,2.444987775061125,4.88997555012225,34.229828850855746,2.444987775061125,4.88997555012225,9.7799511002445,0.0,0.0,0.0,0.0,7.334963325183374,19.559902200489,7.334963325183374,9.7799511002445
213966,81.68316831683168,0.0,0.0,4.9504950495049505,4.9504950495049505,0.0,0.0,44.554455445544555,12.376237623762377,2.4752475247524752,0.0,0.0,12.376237623762377,22.277227722772277,2.4752475247524752,252.4752475247525,4.9504950495049505,0.0,19.801980198019802,0.0,0.0,0.0,0.0,2.4752475247524752,0.0,0.0,17.32673267326733,0.0,2.4752475247524752,0.0,4.9504950495049505,0.0,0.0,0.0,0.0,2.4752475247524752,0.0,0.0,146.03960396039602,79.20792079207921,2.4752475247524752,59.4059405940594,0.6084788029925187,4.860349127182045,0.0,4.9504950495049505,0.0,0.0,4.9504950495049505,0.0,9.900990099009901,0.0,0.0,4.9504950495049505,0.0,22.277227722772277,0.0,0.0,2.4752475247524752,0.0,0.0,0.0,0.0,19.801980198019802,7.425742574257425,0.0,2.4752475247524752
215397,84.15841584158416,7.425742574257425,0.0,4.9504950495049505,0.0,0.0,0.0,29.7029702970297,22.277227722772277,0.0,2.4752475247524752,0.0,17.32673267326733,12.376237623762377,7.425742574257425,277.2277227722773,7.425742574257425,0.0,27.22772277227723,2.4752475247524752,2.4752475247524752,0.0,0.0,0.0,4.9504950495049505,4.9504950495049505,7.425742574257425,0.0,9.900990099009901,2.4752475247524752,2.4752475247524752,0.0,0.0,0.0,0.0,0.0,0.0,4.9504950495049505,136.13861386138615,56.93069306930693,2.4752475247524752,39.603960396039604,0.5671641791044776,4.6840796019900495,0.0,2.4752475247524752,0.0,0.0,9.900990099009901,0.0,9.900990099009901,0.0,0.0,0.0,0.0,9.900990099009901,0.0,2.4752475247524752,2.4752475247524752,0.0,0.0,0.0,0.0,27.22772277227723,9.900990099009901,4.9504950495049505,2.4752475247524752
216635,65.53398058252426,2.4271844660194173,9.70873786407767,7.281553398058253,0.0,33.980582524271846,0.0,16.990291262135923,16.990291262135923,2.4271844660194173,0.0,0.0,29.12621359223301,14.563106796116505,0.0,237.8640776699029,4.854368932038835,2.4271844660194173,14.563106796116505,0.0,2.4271844660194173,0.0,0.0,4.854368932038835,0.0,2.4271844660194173,2.4271844660194173,4.854368932038835,16.990291262135923,4.854368932038835,0.0,0.0,0.0,2.4271844660194173,0.0,0.0,0.0,2.4271844660194173,145.63106796116503,94.66019417475728,0.0,38.83495145631068,0.5970873786407767,4.747572815533981,2.4271844660194173,9.70873786407767,0.0,2.4271844660194173,7.281553398058253,0.0,7.281553398058253,2.4271844660194173,0.0,0.0,4.854368932038835,9.70873786407767,0.0,4.854368932038835,0.0,0.0,0.0,0.0,2.4271844660194173,9.70873786407767,4.854368932038835,0.0,2.4271844660194173
216869,62.34413965087282,12.468827930174564,19.950124688279303,9.975062344139651,9.975062344139651,7.481296758104738,0.0,27.43142144638404,7.481296758104738,2.493765586034913,0.0,0.0,4.987531172069826,24.93765586034913,0.0,256.857855361596,19.950124688279303,0.0,37.406483790523694,2.493765586034913,2.493765586034913,0.0,0.0,4.987531172069826,2.493765586034913,0.0,2.493765586034913,2.493765586034913,2.493765586034913,2.493765586034913,2.493765586034913,0.0,0.0,0.0,0.0,0.0,0.0,7.481296758104738,112.21945137157108,59.8503740648379,7.481296758104738,72.31920199501248,0.5979381443298969,5.100515463917525,2.493765586034913,4.987531172069826,2.493765586034913,0.0,4.987531172069826,2.493765586034913,7.481296758104738,2.493765586034913,0.0,7.481296758104738,7.481296758104738,7.481296758104738,0.0,0.0,4.987531172069826,0.0,0.0,0.0,7.481296758104738,4.987531172069826,9.975062344139651,0.0,0.0
217489,101.23456790123457,24.691358024691358,14.814814814814815,7.407407407407407,2.4691358024691357,9.876543209876543,0.0,83.95061728395062,19.753086419753085,0.0,7.407407407407407,2.4691358024691357,14.814814814814815,9.876543209876543,2.4691358024691357,200.0,4.938271604938271,0.0,32.098765432098766,0.0,0.0,0.0,0.0,12.345679012345679,2.4691358024691357,0.0,0.0,4.938271604938271,4.938271604938271,0.0,2.4691358024691357,0.0,0.0,0.0,2.4691358024691357,0.0,2.4691358024691357,12.345679012345679,91.35802469135803,41.97530864197531,4.938271604938271,66.66666666666667,0.5768261964735516,4.614609571788413,0.0,4.938271604938271,2.4691358024691357,0.0,12.345679012345679,0.0,2.4691358024691357,4.938271604938271,0.0,4.938271604938271,12.345679012345679,22.22222222222222,2.4691358024691357,12.345679012345679,14.814814814814815,2.4691358024691357,0.0,0.0,7.407407407407407,7.407407407407407,17.28395061728395,0.0,4.938271604938271
217648,83.95061728395062,9.876543209876543,9.876543209876543,9.876543209876543,2.4691358024691357,9.876543209876543,7.407407407407407,66.66666666666667,9.876543209876543,0.0,2.4691358024691357,0.0,14.814814814814815,22.22222222222222,4.938271604938271,261.7283950617284,2.4691358024691357,2.4691358024691357,14.814814814814815,0.0,0.0,0.0,0.0,7.407407407407407,9.876543209876543,0.0,0.0,4.938271604938271,2.4691358024691357,2.4691358024691357,4.938271604938271,0.0,0.0,0.0,0.0,0.0,0.0,4.938271604938271,106.17283950617285,49.382716049382715,2.4691358024691357,59.25925925925926,0.6095717884130982,4.614609571788413,0.0,2.4691358024691357,2.4691358024691357,0.0,2.4691358024691357,2.4691358024691357,2.4691358024691357,0.0,0.0,2.4691358024691357,4.938271604938271,12.345679012345679,9.876543209876543,2.4691358024691357,9.876543209876543,0.0,2.4691358024691357,0.0,2.4691358024691357,12.345679012345679,7.407407407407407,2.4691358024691357,2.4691358024691357
218561,58.96805896805897,4.914004914004914,27.027027027027028,2.457002457002457,2.457002457002457,31.94103194103194,14.742014742014742,29.484029484029485,24.570024570024568,0.0,2.457002457002457,0.0,17.1990171990172,29.484029484029485,7.371007371007371,216.21621621621622,4.914004914004914,0.0,22.11302211302211,2.457002457002457,0.0,0.0,0.0,22.11302211302211,0.0,2.457002457002457,4.914004914004914,0.0,12.285012285012284,0.0,0.0,0.0,0.0,0.0,0.0,0.0,9.828009828009828,2.457002457002457,127.76412776412776,73.71007371007371,4.914004914004914,31.94103194103194,0.6163366336633663,4.673267326732673,0.0,0.0,0.0,2.457002457002457,7.371007371007371,0.0,2.457002457002457,9.828009828009828,0.0,0.0,0.0,17.1990171990172,4.914004914004914,9.828009828009828,2.457002457002457,0.0,0.0,0.0,2.457002457002457,12.285012285012284,9.828009828009828,0.0,2.457002457002457
219089,86.63366336633663,2.4752475247524752,2.4752475247524752,0.0,0.0,2.4752475247524752,0.0,9.900990099009901,22.277227722772277,4.9504950495049505,2.4752475247524752,0.0,19.801980198019802,34.65346534653466,4.9504950495049505,212.87128712871288,9.900990099009901,0.0,32.17821782178218,14.85148514851485,0.0,4.9504950495049505,0.0,24.752475247524753,4.9504950495049505,2.4752475247524752,7.425742574257425,2.4752475247524752,12.376237623762377,2.4752475247524752,2.4752475247524752,0.0,0.0,0.0,0.0,0.0,0.0,2.4752475247524752,101.48514851485149,44.554455445544555,2.4752475247524752,47.02970297029703,0.4987593052109181,4.702233250620347,0.0,4.9504950495049505,0.0,0.0,7.425742574257425,0.0,12.376237623762377,2.4752475247524752,0.0,0.0,9.900990099009901,4.9504950495049505,7.425742574257425,2.4752475247524752,0.0,0.0,0.0,0.0,2.4752475247524752,24.752475247524753,7.425742574257425,9.900990099009901,4.9504950495049505
222010,77.11442786069651,4.975124378109452,37.31343283582089,2.487562189054726,0.0,2.487562189054726,7.462686567164179,54.72636815920398,12.437810945273633,7.462686567164179,0.0,4.975124378109452,29.850746268656717,17.412935323383085,7.462686567164179,228.85572139303483,14.925373134328359,0.0,34.82587064676617,0.0,0.0,0.0,0.0,12.437810945273633,4.975124378109452,0.0,7.462686567164179,0.0,7.462686567164179,0.0,7.462686567164179,0.0,0.0,0.0,0.0,0.0,2.487562189054726,7.462686567164179,101.99004975124377,62.18905472636816,7.462686567164179,52.23880597014925,0.5189873417721519,4.754430379746835,2.487562189054726,2.487562189054726,4.975124378109452,2.487562189054726,12.437810945273633,2.487562189054726,7.462686567164179,9.950248756218905,0.0,0.0,2.487562189054726,34.82587064676617,2.487562189054726,0.0,12.437810945273633,0.0,2.487562189054726,0.0,2.487562189054726,2.487562189054726,14.925373134328359,2.487562189054726,7.462686567164179
222998,80.68459657701712,12.224938875305625,9.7799511002445,4.88997555012225,2.444987775061125,53.78973105134474,7.334963325183374,9.7799511002445,7.334963325183374,2.444987775061125,12.224938875305625,0.0,22.004889975550125,2.444987775061125,2.444987775061125,251.83374083129584,4.88997555012225,0.0,26.89486552567237,2.444987775061125,0.0,0.0,0.0,7.334963325183374,9.7799511002445,0.0,7.334963325183374,0.0,14.669926650366747,0.0,0.0,0.0,0.0,0.0,0.0,0.0,0.0,12.224938875305625,85.57457212713938,56.23471882640587,4.88997555012225,70.90464547677261,0.6034912718204489,4.658354114713217,0.0,2.444987775061125,0.0,2.444987775061125,7.334963325183374,0.0,9.7799511002445,2.444987775061125,0.0,2.444987775061125,0.0,17.114914425427873,2.444987775061125,0.0,9.7799511002445,0.0,0.0,0.0,2.444987775061125,12.224938875305625,9.7799511002445,7.334963325183374,9.7799511002445
22403,95.69377990430623,9.569377990430622,2.3923444976076556,2.3923444976076556,0.0,0.0,2.3923444976076556,62.20095693779904,9.569377990430622,0.0,0.0,0.0,21.5311004784689,23.923444976076556,2.3923444976076556,222.48803827751195,4.784688995215311,0.0,23.923444976076556,0.0,0.0,0.0,0.0,7.177033492822967,11.961722488038278,2.3923444976076556,0.0,0.0,7.177033492822967,2.3923444976076556,2.3923444976076556,0.0,0.0,0.0,2.3923444976076556,0.0,0.0,9.569377990430622,74.16267942583733,71.77033492822966,7.177033492822967,95.69377990430623,0.6265060240963856,5.240963855421687,4.784688995215311,4.784688995215311,0.0,2.3923444976076556,4.784688995215311,0.0,2.3923444976076556,4.784688995215311,0.0,16.74641148325359,2.3923444976076556,23.923444976076556,4.784688995215311,2.3923444976076556,7.177033492822967,2.3923444976076556,0.0,0.0,0.0,19.138755980861244,7.177033492822967,0.0,7.177033492822967
22533,31.476997578692497,4.842615012106537,46.00484261501211,4.842615012106537,4.842615012106537,33.898305084745765,26.634382566585955,29.055690072639226,2.4213075060532687,2.4213075060532687,2.4213075060532687,0.0,14.527845036319613,9.685230024213075,4.842615012106537,215.4963680387409,7.263922518159807,0.0,19.37046004842615,2.4213075060532687,4.842615012106537,0.0,0.0,14.527845036319613,2.4213075060532687,0.0,2.4213075060532687,2.4213075060532687,9.685230024213075,2.4213075060532687,2.4213075060532687,0.0,0.0,0.0,0.0,0.0,9.685230024213075,0.0,77.4818401937046,55.69007263922518,14.527845036319613,48.426150121065376,0.5459057071960298,4.709677419354839,4.842615012106537,0.0,0.0,2.4213075060532687,4.842615012106537,0.0,2.4213075060532687,21.791767554479417,0.0,4.842615012106537,2.4213075060532687,29.055690072639226,2.4213075060532687,2.4213075060532687,16.949152542372882,2.4213075060532687,0.0,0.0,4.842615012106537,24.213075060532688,12.106537530266344,0.0,14.527845036319613
225730,104.4776119402985,4.975124378109452,17.412935323383085,2.487562189054726,0.0,52.23880597014925,4.975124378109452,0.0,32.33830845771144,7.462686567164179,9.950248756218905,0.0,37.31343283582089,12.437810945273633,4.975124378109452,151.74129353233832,7.462686567164179,0.0,69.65174129353234,4.975124378109452,0.0,0.0,0.0,7.462686567164179,7.462686567164179,0.0,0.0,2.487562189054726,12.437810945273633,0.0,0.0,0.0,0.0,0.0,0.0,0.0,4.975124378109452,12.437810945273633,77.11442786069651,37.31343283582089,9.950248756218905,97.01492537313433,0.5367088607594936,4.265822784810126,2.487562189054726,0.0,0.0,2.487562189054726,22.388059701492537,0.0,14.925373134328359,4.975124378109452,2.487562189054726,4.975124378109452,7.462686567164179,19.90049751243781,2.487562189054726,2.487562189054726,12.437810945273633,0.0,0.0,0.0,2.487562189054726,9.950248756218905,19.90049751243781,7.462686567164179,12.437810945273633
22575,75.60975609756098,7.317073170731708,14.634146341463415,0.0,0.0,14.634146341463415,2.4390243902439024,26.829268292682926,9.75609756097561,2.4390243902439024,0.0,0.0,12.195121951219512,34.146341463414636,7.317073170731708,275.609756097561,12.195121951219512,0.0,36.58536585365854,0.0,2.4390243902439024,0.0,0.0,14.634146341463415,4.878048780487805,0.0,4.878048780487805,0.0,4.878048780487805,0.0,0.0,0.0,0.0,2.4390243902439024,0.0,0.0,0.0,2.4390243902439024,112.19512195121952,70.73170731707316,2.4390243902439024,26.829268292682926,0.5654320987654321,4.9185185185185185,2.4390243902439024,0.0,0.0,4.878048780487805,4.878048780487805,0.0,4.878048780487805,4.878048780487805,0.0,0.0,4.878048780487805,14.634146341463415,2.4390243902439024,0.0,7.317073170731708,0.0,0.0,0.0,0.0,17.073170731707318,9.75609756097561,0.0,9.75609756097561
226331,90.24390243902438,4.878048780487805,0.0,7.317073170731708,2.4390243902439024,73.17073170731707,0.0,9.75609756097561,9.75609756097561,4.878048780487805,4.878048780487805,2.4390243902439024,9.75609756097561,4.878048780487805,4.878048780487805,209.7560975609756,0.0,0.0,19.51219512195122,2.4390243902439024,2.4390243902439024,0.0,0.0,17.073170731707318,9.75609756097561,0.0,2.4390243902439024,7.317073170731708,2.4390243902439024,0.0,0.0,0.0,0.0,2.4390243902439024,0.0,0.0,0.0,12.195121951219512,95.1219512195122,60.97560975609756,0.0,80.48780487804878,0.5960591133004927,4.5,2.4390243902439024,2.4390243902439024,2.4390243902439024,0.0,9.75609756097561,2.4390243902439024,7.317073170731708,0.0,0.0,4.878048780487805,0.0,21.95121951219512,2.4390243902439024,7.317073170731708,4.878048780487805,0.0,0.0,0.0,2.4390243902439024,4.878048780487805,9.75609756097561,0.0,4.878048780487805
227339,82.29426433915212,9.975062344139651,0.0,12.468827930174564,4.987531172069826,47.38154613466334,0.0,27.43142144638404,0.0,2.493765586034913,0.0,0.0,12.468827930174564,17.456359102244388,2.493765586034913,221.94513715710724,7.481296758104738,2.493765586034913,22.443890274314214,0.0,0.0,0.0,2.493765586034913,12.468827930174564,0.0,4.987531172069826,2.493765586034913,0.0,4.987531172069826,0.0,0.0,0.0,0.0,0.0,0.0,0.0,0.0,14.962593516209475,137.1571072319202,82.29426433915212,4.987531172069826,39.900249376558605,0.5505050505050505,4.606060606060606,4.987531172069826,0.0,0.0,2.493765586034913,2.493765586034913,0.0,12.468827930174564,0.0,0.0,4.987531172069826,0.0,9.975062344139651,12.468827930174564,0.0,4.987531172069826,2.493765586034913,2.493765586034913,0.0,2.493765586034913,17.456359102244388,17.456359102244388,2.493765586034913,0.0
228016,9.63855421686747,2.4096385542168677,72.28915662650603,12.048192771084338,2.4096385542168677,24.096385542168676,0.0,24.096385542168676,16.867469879518072,2.4096385542168677,0.0,2.4096385542168677,14.457831325301205,14.457831325301205,26.50602409638554,209.63855421686748,0.0,4.819277108433735,28.91566265060241,0.0,0.0,0.0,0.0,4.819277108433735,0.0,0.0,7.228915662650603,12.048192771084338,7.228915662650603,2.4096385542168677,0.0,0.0,0.0,0.0,0.0,0.0,4.819277108433735,14.457831325301205,93.97590361445783,79.51807228915662,2.4096385542168677,74.6987951807229,0.5583126550868487,4.620347394540943,0.0,2.4096385542168677,0.0,2.4096385542168677,14.457831325301205,0.0,9.63855421686747,2.4096385542168677,0.0,0.0,0.0,9.63855421686747,0.0,4.819277108433735,16.867469879518072,2.4096385542168677,0.0,0.0,4.819277108433735,7.228915662650603,4.819277108433735,0.0,7.228915662650603
233043,117.07317073170732,2.4390243902439024,2.4390243902439024,7.317073170731708,7.317073170731708,87.80487804878048,0.0,0.0,24.390243902439025,2.4390243902439024,0.0,0.0,24.390243902439025,17.073170731707318,4.878048780487805,168.2926829268293,0.0,0.0,36.58536585365854,0.0,0.0,0.0,4.878048780487805,7.317073170731708,4.878048780487805,0.0,0.0,7.317073170731708,7.317073170731708,0.0,0.0,0.0,0.0,2.4390243902439024,0.0,0.0,4.878048780487805,4.878048780487805,112.19512195121952,73.17073170731707,21.95121951219512,75.60975609756098,0.5685785536159601,4.194513715710723,2.4390243902439024,4.878048780487805,2.4390243902439024,2.4390243902439024,4.878048780487805,2.4390243902439024,4.878048780487805,2.4390243902439024,0.0,0.0,2.4390243902439024,24.390243902439025,2.4390243902439024,7.317073170731708,17.073170731707318,0.0,0.0,0.0,0.0,4.878048780487805,17.073170731707318,2.4390243902439024,19.51219512195122
23708,52.63157894736842,2.506265664160401,32.581453634085214,0.0,5.012531328320802,57.64411027568922,0.0,2.506265664160401,7.518796992481203,2.506265664160401,0.0,0.0,15.037593984962406,17.543859649122805,2.506265664160401,263.1578947368421,2.506265664160401,0.0,32.581453634085214,5.012531328320802,0.0,0.0,0.0,5.012531328320802,7.518796992481203,0.0,2.506265664160401,2.506265664160401,5.012531328320802,0.0,0.0,0.0,0.0,2.506265664160401,0.0,0.0,0.0,7.518796992481203,140.35087719298244,72.68170426065163,0.0,35.08771929824561,0.5969387755102041,4.405612244897959,0.0,5.012531328320802,0.0,2.506265664160401,10.025062656641603,0.0,2.506265664160401,2.506265664160401,0.0,5.012531328320802,0.0,20.050125313283207,0.0,2.506265664160401,2.506265664160401,0.0,2.506265664160401,0.0,2.506265664160401,25.062656641604008,12.531328320802004,0.0,2.506265664160401
239876,87.80487804878048,14.634146341463415,4.878048780487805,7.317073170731708,7.317073170731708,4.878048780487805,7.317073170731708,73.17073170731707,4.878048780487805,0.0,2.4390243902439024,0.0,12.195121951219512,9.75609756097561,4.878048780487805,239.02439024390242,4.878048780487805,0.0,31.70731707317073,0.0,2.4390243902439024,0.0,0.0,12.195121951219512,0.0,2.4390243902439024,4.878048780487805,2.4390243902439024,2.4390243902439024,0.0,2.4390243902439024,0.0,0.0,0.0,0.0,0.0,2.4390243902439024,12.195121951219512,102.4390243902439,51.21951219512195,4.878048780487805,80.48780487804878,0.5970149253731343,4.335820895522388,0.0,4.878048780487805,2.4390243902439024,0.0,7.317073170731708,0.0,7.317073170731708,4.878048780487805,0.0,2.4390243902439024,2.4390243902439024,17.073170731707318,0.0,0.0,9.75609756097561,0.0,0.0,0.0,2.4390243902439024,0.0,9.75609756097561,17.073170731707318,9.75609756097561
240056,87.16707021791767,12.106537530266344,38.7409200968523,0.0,0.0,87.16707021791767,0.0,9.685230024213075,31.476997578692497,4.842615012106537,0.0,4.842615012106537,16.949152542372882,12.106537530266344,2.4213075060532687,222.7602905569007,7.263922518159807,0.0,36.31961259079903,2.4213075060532687,0.0,0.0,0.0,7.263922518159807,2.4213075060532687,0.0,0.0,0.0,7.263922518159807,0.0,0.0,0.0,0.0,0.0,2.4213075060532687,0.0,7.263922518159807,7.263922518159807,77.4818401937046,53.26876513317191,16.949152542372882,67.79661016949153,0.6054590570719603,4.332506203473946,2.4213075060532687,2.4213075060532687,2.4213075060532687,7.263922518159807,12.106537530266344,0.0,0.0,2.4213075060532687,0.0,0.0,0.0,16.949152542372882,0.0,2.4213075060532687,14.527845036319613,0.0,2.4213075060532687,0.0,2.4213075060532687,4.842615012106537,16.949152542372882,4.842615012106537,7.263922518159807
241356,82.5242718446602,19.41747572815534,0.0,2.4271844660194173,0.0,12.135922330097086,0.0,9.70873786407767,14.563106796116505,0.0,2.4271844660194173,0.0,9.70873786407767,14.563106796116505,2.4271844660194173,276.6990291262136,7.281553398058253,0.0,29.12621359223301,7.281553398058253,0.0,0.0,0.0,4.854368932038835,0.0,0.0,2.4271844660194173,4.854368932038835,0.0,0.0,0.0,0.0,0.0,0.0,0.0,0.0,2.4271844660194173,4.854368932038835,109.22330097087378,58.25242718446602,0.0,50.970873786407765,0.5904522613065326,4.937185929648241,4.854368932038835,4.854368932038835,0.0,0.0,2.4271844660194173,0.0,4.854368932038835,2.4271844660194173,0.0,0.0,0.0,7.281553398058253,0.0,2.4271844660194173,2.4271844660194173,0.0,0.0,0.0,4.854368932038835,16.990291262135923,4.854368932038835,0.0,2.4271844660194173
242164,87.26415094339622,2.3584905660377355,0.0,7.0754716981132075,2.3584905660377355,0.0,2.3584905660377355,87.26415094339622,21.22641509433962,0.0,7.0754716981132075,0.0,14.150943396226415,16.50943396226415,0.0,226.41509433962264,2.3584905660377355,0.0,11.79245283018868,2.3584905660377355,0.0,0.0,0.0,16.50943396226415,9.433962264150942,0.0,2.3584905660377355,2.3584905660377355,14.150943396226415,0.0,0.0,0.0,0.0,0.0,0.0,0.0,2.3584905660377355,14.150943396226415,127.35849056603773,49.528301886792455,2.3584905660377355,75.47169811320754,0.5843230403800475,4.489311163895487,2.3584905660377355,4.716981132075471,0.0,2.3584905660377355,7.0754716981132075,0.0,0.0,2.3584905660377355,0.0,4.716981132075471,2.3584905660377355,14.150943396226415,4.716981132075471,7.0754716981132075,4.716981132075471,0.0,2.3584905660377355,2.3584905660377355,7.0754716981132075,7.0754716981132075,11.79245283018868,4.716981132075471,4.716981132075471
244067,77.85888077858881,4.866180048661801,29.197080291970803,7.299270072992701,4.866180048661801,60.82725060827251,4.866180048661801,17.0316301703163,19.464720194647203,7.299270072992701,2.4330900243309004,4.866180048661801,12.165450121654501,29.197080291970803,2.4330900243309004,214.1119221411192,4.866180048661801,0.0,29.197080291970803,2.4330900243309004,2.4330900243309004,0.0,0.0,4.866180048661801,0.0,0.0,2.4330900243309004,2.4330900243309004,2.4330900243309004,0.0,4.866180048661801,0.0,0.0,0.0,0.0,0.0,0.0,2.4330900243309004,90.02433090024331,51.09489051094891,17.0316301703163,77.85888077858881,0.6340852130325815,4.468671679197995,4.866180048661801,4.866180048661801,0.0,0.0,12.165450121654501,0.0,2.4330900243309004,2.4330900243309004,0.0,7.299270072992701,4.866180048661801,19.464720194647203,0.0,2.4330900243309004,14.598540145985401,0.0,0.0,0.0,4.866180048661801,9.732360097323602,19.464720194647203,4.866180048661801,14.598540145985401
244404,86.74698795180723,16.867469879518072,0.0,0.0,2.4096385542168677,0.0,0.0,28.91566265060241,16.867469879518072,0.0,0.0,0.0,12.048192771084338,43.373493975903614,14.457831325301205,243.3734939759036,12.048192771084338,0.0,21.686746987951807,2.4096385542168677,0.0,2.4096385542168677,0.0,9.63855421686747,2.4096385542168677,0.0,2.4096385542168677,0.0,7.228915662650603,0.0,0.0,0.0,0.0,2.4096385542168677,0.0,0.0,0.0,4.819277108433735,132.53012048192772,103.61445783132531,4.819277108433735,31.32530120481928,0.5775,5.4575,7.228915662650603,2.4096385542168677,0.0,0.0,2.4096385542168677,0.0,4.819277108433735,4.819277108433735,0.0,0.0,2.4096385542168677,16.867469879518072,9.63855421686747,0.0,0.0,0.0,2.4096385542168677,0.0,4.819277108433735,4.819277108433735,7.228915662650603,2.4096385542168677,0.0
250426,92.90953545232274,22.004889975550125,19.559902200489,19.559902200489,0.0,85.57457212713938,12.224938875305625,0.0,14.669926650366747,4.88997555012225,4.88997555012225,0.0,31.78484107579462,22.004889975550125,2.444987775061125,151.58924205378975,9.7799511002445,0.0,36.674816625916876,0.0,0.0,0.0,4.88997555012225,19.559902200489,9.7799511002445,2.444987775061125,0.0,0.0,17.114914425427873,2.444987775061125,0.0,0.0,0.0,0.0,0.0,2.444987775061125,2.444987775061125,9.7799511002445,85.57457212713938,51.344743276283616,9.7799511002445,75.79462102689487,0.5497512437810945,4.445273631840796,0.0,7.334963325183374,2.444987775061125,0.0,4.88997555012225,0.0,9.7799511002445,4.88997555012225,0.0,2.444987775061125,2.444987775061125,12.224938875305625,4.88997555012225,2.444987775061125,17.114914425427873,0.0,0.0,0.0,7.334963325183374,4.88997555012225,14.669926650366747,4.88997555012225,9.7799511002445
250845,92.85714285714286,7.142857142857142,2.3809523809523814,2.3809523809523814,7.142857142857142,30.952380952380953,0.0,11.904761904761903,21.428571428571427,4.761904761904763,7.142857142857142,0.0,21.428571428571427,16.666666666666668,0.0,247.61904761904762,7.142857142857142,0.0,7.142857142857142,0.0,2.3809523809523814,0.0,0.0,23.809523809523807,4.761904761904763,4.761904761904763,2.3809523809523814,0.0,4.761904761904763,2.3809523809523814,7.142857142857142,0.0,0.0,0.0,0.0,0.0,2.3809523809523814,7.142857142857142,114.28571428571428,66.66666666666667,2.3809523809523814,76.1904761904762,0.5909090909090909,4.8253588516746415,2.3809523809523814,2.3809523809523814,0.0,0.0,4.761904761904763,0.0,4.761904761904763,2.3809523809523814,0.0,2.3809523809523814,0.0,21.428571428571427,7.142857142857142,0.0,2.3809523809523814,0.0,0.0,0.0,2.3809523809523814,7.142857142857142,7.142857142857142,4.761904761904763,2.3809523809523814
252372,88.45208845208845,14.742014742014742,4.914004914004914,7.371007371007371,0.0,0.0,2.457002457002457,105.65110565110565,19.656019656019655,0.0,0.0,0.0,14.742014742014742,9.828009828009828,4.914004914004914,216.21621621621622,0.0,2.457002457002457,24.570024570024568,0.0,0.0,0.0,0.0,12.285012285012284,9.828009828009828,0.0,2.457002457002457,2.457002457002457,7.371007371007371,0.0,0.0,0.0,0.0,2.457002457002457,0.0,2.457002457002457,2.457002457002457,9.828009828009828,85.995085995086,46.68304668304668,0.0,56.511056511056516,0.5497512437810945,4.41542288557214,0.0,0.0,0.0,0.0,7.371007371007371,0.0,2.457002457002457,2.457002457002457,0.0,12.285012285012284,2.457002457002457,17.1990171990172,9.828009828009828,0.0,9.828009828009828,2.457002457002457,0.0,0.0,2.457002457002457,9.828009828009828,12.285012285012284,0.0,12.285012285012284
252991,69.60556844547564,11.600928074245939,0.0,0.0,4.640371229698376,39.443155452436194,0.0,18.561484918793504,16.241299303944317,2.320185614849188,0.0,0.0,6.960556844547564,25.522041763341065,2.320185614849188,248.2598607888631,9.280742459396752,0.0,30.162412993039442,0.0,0.0,0.0,0.0,16.241299303944317,2.320185614849188,0.0,0.0,0.0,2.320185614849188,0.0,0.0,0.0,0.0,0.0,0.0,2.320185614849188,4.640371229698376,4.640371229698376,92.80742459396751,55.68445475638051,9.280742459396752,67.28538283062645,0.5976190476190476,4.935714285714286,2.320185614849188,4.640371229698376,0.0,2.320185614849188,11.600928074245939,0.0,4.640371229698376,9.280742459396752,0.0,9.280742459396752,0.0,11.600928074245939,6.960556844547564,2.320185614849188,4.640371229698376,0.0,0.0,0.0,4.640371229698376,16.241299303944317,9.280742459396752,2.320185614849188,9.280742459396752
253245,109.72568578553616,7.481296758104738,7.481296758104738,4.987531172069826,0.0,69.82543640897755,7.481296758104738,0.0,24.93765586034913,9.975062344139651,2.493765586034913,0.0,19.950124688279303,9.975062344139651,2.493765586034913,182.04488778054863,9.975062344139651,0.0,34.912718204488776,2.493765586034913,2.493765586034913,0.0,2.493765586034913,12.468827930174564,4.987531172069826,0.0,0.0,0.0,7.481296758104738,0.0,0.0,0.0,0.0,2.493765586034913,0.0,2.493765586034913,7.481296758104738,9.975062344139651,99.75062344139651,52.36907730673317,9.975062344139651,79.80049875311721,0.5757575757575758,4.2853535353535355,2.493765586034913,2.493765586034913,0.0,2.493765586034913,7.481296758104738,2.493765586034913,4.987531172069826,4.987531172069826,0.0,0.0,2.493765586034913,19.950124688279303,2.493765586034913,2.493765586034913,9.975062344139651,0.0,0.0,0.0,2.493765586034913,4.987531172069826,4.987531172069826,4.987531172069826,14.962593516209475
254328,90.0,5.0,0.0,7.5,5.0,0.0,0.0,62.5,12.5,2.5,10.0,0.0,5.0,7.5,2.5,242.5,5.0,7.5,27.5,2.5,2.5,0.0,2.5,15.0,15.0,0.0,0.0,5.0,0.0,0.0,0.0,0.0,0.0,0.0,0.0,0.0,2.5,10.0,102.5,57.5,5.0,67.5,0.5969773299748111,4.750629722921914,0.0,5.0,0.0,0.0,7.5,0.0,5.0,0.0,0.0,2.5,0.0,20.0,5.0,2.5,0.0,0.0,2.5,0.0,7.5,2.5,5.0,2.5,2.5
254509,66.33906633906633,2.457002457002457,0.0,9.828009828009828,0.0,0.0,0.0,27.027027027027028,7.371007371007371,2.457002457002457,2.457002457002457,0.0,19.656019656019655,49.140049140049136,0.0,285.012285012285,12.285012285012284,0.0,12.285012285012284,0.0,2.457002457002457,2.457002457002457,0.0,19.656019656019655,9.828009828009828,0.0,9.828009828009828,0.0,9.828009828009828,0.0,4.914004914004914,0.0,0.0,0.0,0.0,0.0,0.0,0.0,130.2211302211302,44.22604422604422,4.914004914004914,22.11302211302211,0.5880893300248139,5.143920595533499,0.0,2.457002457002457,0.0,0.0,9.828009828009828,0.0,2.457002457002457,7.371007371007371,0.0,0.0,0.0,19.656019656019655,0.0,4.914004914004914,0.0,0.0,0.0,0.0,2.457002457002457,17.1990171990172,2.457002457002457,0.0,0.0
255053,84.95145631067962,19.41747572815534,2.4271844660194173,2.4271844660194173,2.4271844660194173,58.25242718446602,0.0,2.4271844660194173,12.135922330097086,2.4271844660194173,0.0,0.0,19.41747572815534,14.563106796116505,2.4271844660194173,237.8640776699029,4.854368932038835,0.0,19.41747572815534,2.4271844660194173,0.0,0.0,0.0,19.41747572815534,4.854368932038835,2.4271844660194173,7.281553398058253,0.0,4.854368932038835,0.0,2.4271844660194173,0.0,0.0,0.0,0.0,2.4271844660194173,0.0,4.854368932038835,116.50485436893204,70.3883495145631,0.0,58.25242718446602,0.6108374384236454,4.527093596059113,0.0,2.4271844660194173,0.0,0.0,7.281553398058253,0.0,4.854368932038835,2.4271844660194173,0.0,0.0,2.4271844660194173,19.41747572815534,2.4271844660194173,4.854368932038835,7.281553398058253,0.0,2.4271844660194173,0.0,4.854368932038835,9.70873786407767,14.563106796116505,2.4271844660194173,4.854368932038835
255438,96.29629629629629,12.345679012345679,4.938271604938271,2.4691358024691357,7.407407407407407,0.0,0.0,56.79012345679013,7.407407407407407,2.4691358024691357,0.0,0.0,19.753086419753085,14.814814814814815,0.0,227.1604938271605,7.407407407407407,0.0,37.03703703703704,0.0,0.0,0.0,0.0,14.814814814814815,7.407407407407407,0.0,4.938271604938271,0.0,4.938271604938271,0.0,2.4691358024691357,0.0,0.0,0.0,0.0,0.0,4.938271604938271,2.4691358024691357,118.51851851851852,54.32098765432099,9.876543209876543,64.19753086419753,0.5459183673469388,4.6811224489795915,0.0,4.938271604938271,2.4691358024691357,2.4691358024691357,9.876543209876543,0.0,9.876543209876543,4.938271604938271,0.0,4.938271604938271,0.0,27.160493827160494,2.4691358024691357,0.0,9.876543209876543,0.0,2.4691358024691357,0.0,7.407407407407407,9.876543209876543,9.876543209876543,0.0,7.407407407407407
25988,74.44168734491315,7.444168734491315,2.4813895781637716,4.962779156327543,2.4813895781637716,0.0,0.0,64.51612903225806,14.88833746898263,0.0,0.0,0.0,12.40694789081886,22.332506203473944,7.444168734491315,238.2133995037221,2.4813895781637716,0.0,22.332506203473944,0.0,0.0,0.0,0.0,14.88833746898263,0.0,0.0,4.962779156327543,0.0,4.962779156327543,0.0,2.4813895781637716,0.0,0.0,0.0,0.0,0.0,0.0,17.3697270471464,131.5136476426799,32.25806451612903,2.4813895781637716,89.33002481389578,0.581453634085213,4.664160401002507,2.4813895781637716,4.962779156327543,2.4813895781637716,0.0,7.444168734491315,0.0,9.925558312655086,7.444168734491315,0.0,0.0,0.0,9.925558312655086,4.962779156327543,2.4813895781637716,0.0,0.0,0.0,0.0,2.4813895781637716,17.3697270471464,9.925558312655086,0.0,0.0
261525,83.53808353808354,2.457002457002457,9.828009828009828,0.0,2.457002457002457,0.0,4.914004914004914,98.28009828009827,17.1990171990172,0.0,2.457002457002457,0.0,9.828009828009828,22.11302211302211,9.828009828009828,218.67321867321868,4.914004914004914,2.457002457002457,27.027027027027028,0.0,2.457002457002457,0.0,0.0,24.570024570024568,2.457002457002457,2.457002457002457,0.0,0.0,7.371007371007371,0.0,2.457002457002457,0.0,0.0,0.0,0.0,0.0,2.457002457002457,4.914004914004914,83.53808353808354,66.33906633906633,7.371007371007371,68.7960687960688,0.6365914786967418,5.160401002506266,4.914004914004914,2.457002457002457,0.0,2.457002457002457,9.828009828009828,0.0,4.914004914004914,0.0,0.0,4.914004914004914,2.457002457002457,14.742014742014742,7.371007371007371,0.0,7.371007371007371,0.0,0.0,2.457002457002457,4.914004914004914,27.027027027027028,4.914004914004914,0.0,9.828009828009828
26395,97.85202863961814,7.159904534606206,2.3866348448687353,4.773269689737471,7.159904534606206,59.665871121718375,0.0,33.41288782816229,19.093078758949883,4.773269689737471,0.0,2.3866348448687353,11.933174224343675,16.706443914081145,0.0,169.45107398568018,2.3866348448687353,0.0,23.86634844868735,2.3866348448687353,0.0,2.3866348448687353,2.3866348448687353,9.546539379474941,4.773269689737471,2.3866348448687353,0.0,7.159904534606206,2.3866348448687353,0.0,0.0,0.0,0.0,0.0,2.3866348448687353,0.0,4.773269689737471,7.159904534606206,97.85202863961814,47.7326968973747,7.159904534606206,102.6252983293556,0.5703883495145631,4.395631067961165,0.0,2.3866348448687353,0.0,0.0,14.319809069212411,0.0,4.773269689737471,2.3866348448687353,2.3866348448687353,4.773269689737471,4.773269689737471,21.479713603818613,7.159904534606206,0.0,14.319809069212411,0.0,0.0,0.0,2.3866348448687353,2.3866348448687353,16.706443914081145,0.0,16.706443914081145
264894,75.98039215686273,9.803921568627452,26.96078431372549,2.450980392156863,4.901960784313726,14.705882352941176,12.254901960784313,36.76470588235294,22.058823529411764,0.0,7.352941176470588,0.0,29.41176470588235,9.803921568627452,2.450980392156863,210.7843137254902,0.0,0.0,34.313725490196084,0.0,0.0,0.0,0.0,12.254901960784313,2.450980392156863,2.450980392156863,0.0,2.450980392156863,9.803921568627452,0.0,7.352941176470588,0.0,0.0,0.0,0.0,0.0,4.901960784313726,4.901960784313726,90.68627450980392,68.62745098039217,4.901960784313726,63.725490196078425,0.606516290726817,4.5814536340852134,2.450980392156863,4.901960784313726,0.0,0.0,0.0,0.0,2.450980392156863,7.352941176470588,0.0,7.352941176470588,0.0,14.705882352941176,0.0,2.450980392156863,9.803921568627452,0.0,0.0,0.0,2.450980392156863,24.509803921568626,22.058823529411764,0.0,14.705882352941176
266238,78.239608801956,4.88997555012225,0.0,4.88997555012225,2.444987775061125,2.444987775061125,0.0,2.444987775061125,39.119804400978,4.88997555012225,0.0,0.0,14.669926650366747,24.44987775061125,9.7799511002445,239.6088019559902,9.7799511002445,2.444987775061125,14.669926650366747,0.0,2.444987775061125,0.0,0.0,14.669926650366747,4.88997555012225,2.444987775061125,4.88997555012225,2.444987775061125,2.444987775061125,0.0,4.88997555012225,0.0,0.0,0.0,0.0,0.0,0.0,9.7799511002445,110.0244498777506,92.90953545232274,7.334963325183374,44.00977995110025,0.6388206388206388,5.1302211302211305,2.444987775061125,2.444987775061125,0.0,2.444987775061125,0.0,0.0,2.444987775061125,4.88997555012225,0.0,0.0,2.444987775061125,24.44987775061125,4.88997555012225,0.0,2.444987775061125,0.0,0.0,0.0,0.0,22.004889975550125,12.224938875305625,0.0,7.334963325183374
266437,94.29280397022333,4.962779156327543,2.4813895781637716,7.444168734491315,0.0,74.44168734491315,0.0,2.4813895781637716,22.332506203473944,2.4813895781637716,14.88833746898263,0.0,7.444168734491315,2.4813895781637716,2.4813895781637716,210.91811414392058,2.4813895781637716,2.4813895781637716,24.81389578163772,4.962779156327543,0.0,0.0,0.0,24.81389578163772,7.444168734491315,0.0,2.4813895781637716,2.4813895781637716,4.962779156327543,0.0,0.0,0.0,0.0,0.0,0.0,0.0,4.962779156327543,12.40694789081886,109.18114143920596,54.59057071960298,7.444168734491315,54.59057071960298,0.5236907730673317,4.184538653366584,0.0,4.962779156327543,4.962779156327543,0.0,9.925558312655086,0.0,4.962779156327543,4.962779156327543,0.0,0.0,2.4813895781637716,4.962779156327543,2.4813895781637716,14.88833746898263,2.4813895781637716,0.0,2.4813895781637716,0.0,4.962779156327543,4.962779156327543,17.3697270471464,24.81389578163772,0.0
26749,82.5,10.0,2.5,0.0,12.5,2.5,0.0,7.5,12.5,2.5,0.0,0.0,10.0,55.0,5.0,277.5,12.5,0.0,22.5,0.0,0.0,2.5,0.0,12.5,2.5,2.5,5.0,0.0,7.5,0.0,0.0,0.0,0.0,0.0,0.0,0.0,0.0,12.5,117.5,82.5,2.5,55.0,0.5793450881612091,5.445843828715366,2.5,0.0,0.0,0.0,2.5,2.5,0.0,0.0,0.0,0.0,0.0,0.0,0.0,0.0,0.0,0.0,0.0,0.0,2.5,27.5,12.5,0.0,2.5
267601,83.12958435207824,9.7799511002445,2.444987775061125,4.88997555012225,4.88997555012225,85.57457212713938,0.0,29.339853300733495,7.334963325183374,2.444987775061125,0.0,0.0,22.004889975550125,14.669926650366747,4.88997555012225,195.59902200489,0.0,9.7799511002445,14.669926650366747,2.444987775061125,0.0,0.0,4.88997555012225,19.559902200489,7.334963325183374,0.0,0.0,2.444987775061125,17.114914425427873,0.0,0.0,0.0,0.0,0.0,2.444987775061125,0.0,0.0,9.7799511002445,105.13447432762835,51.344743276283616,4.88997555012225,75.79462102689487,0.6044776119402985,4.534825870646766,2.444987775061125,0.0,0.0,2.444987775061125,4.88997555012225,0.0,7.334963325183374,7.334963325183374,2.444987775061125,12.224938875305625,0.0,24.44987775061125,0.0,2.444987775061125,4.88997555012225,0.0,0.0,4.88997555012225,12.224938875305625,2.444987775061125,4.88997555012225,2.444987775061125,4.88997555012225
268817,77.5,10.0,5.0,17.5,0.0,40.0,5.0,22.5,15.0,0.0,5.0,2.5,30.0,25.0,2.5,217.5,2.5,0.0,27.5,0.0,0.0,0.0,5.0,17.5,2.5,2.5,2.5,0.0,15.0,5.0,0.0,0.0,0.0,0.0,0.0,0.0,5.0,10.0,135.0,62.5,7.5,45.0,0.5736040609137056,4.629441624365482,5.0,0.0,0.0,0.0,7.5,0.0,12.5,0.0,0.0,5.0,2.5,20.0,2.5,2.5,5.0,0.0,2.5,2.5,5.0,7.5,0.0,0.0,10.0
269489,88.0195599022005,14.669926650366747,7.334963325183374,2.444987775061125,9.7799511002445,61.12469437652811,2.444987775061125,19.559902200489,17.114914425427873,2.444987775061125,4.88997555012225,0.0,17.114914425427873,9.7799511002445,0.0,234.71882640586796,12.224938875305625,0.0,34.229828850855746,0.0,4.88997555012225,0.0,0.0,9.7799511002445,4.88997555012225,2.444987775061125,0.0,2.444987775061125,4.88997555012225,2.444987775061125,7.334963325183374,0.0,0.0,0.0,0.0,0.0,2.444987775061125,17.114914425427873,95.35452322738386,51.344743276283616,7.334963325183374,48.8997555012225,0.5796019900497512,4.373134328358209,2.444987775061125,2.444987775061125,0.0,0.0,4.88997555012225,0.0,0.0,7.334963325183374,2.444987775061125,9.7799511002445,9.7799511002445,19.559902200489,7.334963325183374,2.444987775061125,9.7799511002445,0.0,0.0,0.0,0.0,19.559902200489,17.114914425427873,0.0,12.224938875305625
269636,73.89162561576356,7.389162561576354,2.4630541871921183,2.4630541871921183,4.926108374384237,0.0,0.0,51.724137931034484,9.852216748768473,4.926108374384237,2.4630541871921183,0.0,17.241379310344826,17.241379310344826,2.4630541871921183,243.8423645320197,0.0,0.0,17.241379310344826,0.0,0.0,0.0,4.926108374384237,12.315270935960593,7.389162561576354,0.0,4.926108374384237,2.4630541871921183,7.389162561576354,0.0,0.0,0.0,0.0,2.4630541871921183,0.0,0.0,0.0,7.389162561576354,147.78325123152712,78.81773399014779,0.0,51.724137931034484,0.5757575757575758,4.871212121212121,2.4630541871921183,0.0,0.0,0.0,2.4630541871921183,0.0,4.926108374384237,7.389162561576354,0.0,0.0,0.0,12.315270935960593,2.4630541871921183,0.0,2.4630541871921183,0.0,0.0,0.0,7.389162561576354,14.778325123152708,0.0,4.926108374384237,0.0
272745,115.19607843137254,4.901960784313726,14.705882352941176,4.901960784313726,4.901960784313726,7.352941176470588,12.254901960784313,75.98039215686273,19.607843137254903,17.156862745098042,2.450980392156863,0.0,17.156862745098042,4.901960784313726,2.450980392156863,191.17647058823528,4.901960784313726,0.0,56.372549019607845,0.0,0.0,0.0,2.450980392156863,17.156862745098042,14.705882352941176,2.450980392156863,0.0,4.901960784313726,0.0,2.450980392156863,0.0,0.0,0.0,0.0,4.901960784313726,0.0,2.450980392156863,9.803921568627452,90.68627450980392,39.21568627450981,12.254901960784313,83.33333333333333,0.5251256281407035,4.437185929648241,0.0,2.450980392156863,4.901960784313726,2.450980392156863,7.352941176470588,0.0,4.901960784313726,9.803921568627452,2.450980392156863,0.0,7.352941176470588,19.607843137254903,2.450980392156863,9.803921568627452,19.607843137254903,2.450980392156863,2.450980392156863,0.0,0.0,4.901960784313726,14.705882352941176,0.0,14.705882352941176
273359,57.356608478803,7.481296758104738,54.86284289276808,9.975062344139651,2.493765586034913,57.356608478803,14.962593516209475,9.975062344139651,34.912718204488776,14.962593516209475,7.481296758104738,0.0,4.987531172069826,22.443890274314214,0.0,179.5511221945137,0.0,0.0,29.92518703241895,2.493765586034913,0.0,0.0,0.0,4.987531172069826,14.962593516209475,0.0,0.0,0.0,0.0,0.0,0.0,0.0,0.0,0.0,0.0,0.0,4.987531172069826,7.481296758104738,92.26932668329177,49.87531172069826,2.493765586034913,77.3067331670823,0.5903307888040712,4.468193384223919,4.987531172069826,7.481296758104738,0.0,2.493765586034913,7.481296758104738,4.987531172069826,4.987531172069826,9.975062344139651,0.0,2.493765586034913,4.987531172069826,24.93765586034913,4.987531172069826,0.0,14.962593516209475,7.481296758104738,0.0,0.0,7.481296758104738,9.975062344139651,9.975062344139651,0.0,9.975062344139651
273504,64.67661691542288,19.90049751243781,37.31343283582089,0.0,7.462686567164179,7.462686567164179,0.0,44.776119402985074,12.437810945273633,0.0,7.462686567164179,0.0,32.33830845771144,27.36318407960199,0.0,241.29353233830847,2.487562189054726,0.0,14.925373134328359,0.0,0.0,0.0,0.0,0.0,2.487562189054726,0.0,2.487562189054726,0.0,7.462686567164179,0.0,4.975124378109452,0.0,0.0,0.0,0.0,0.0,7.462686567164179,9.950248756218905,116.91542288557214,54.72636815920398,2.487562189054726,89.55223880597015,0.6035805626598465,4.946291560102302,0.0,2.487562189054726,0.0,2.487562189054726,12.437810945273633,0.0,9.950248756218905,2.487562189054726,0.0,0.0,0.0,7.462686567164179,2.487562189054726,2.487562189054726,7.462686567164179,0.0,0.0,0.0,2.487562189054726,0.0,0.0,0.0,9.950248756218905
27374,85.3658536585366,4.878048780487805,19.51219512195122,2.4390243902439024,2.4390243902439024,65.85365853658537,14.634146341463415,41.463414634146346,19.51219512195122,0.0,2.4390243902439024,0.0,9.75609756097561,34.146341463414636,0.0,180.48780487804876,7.317073170731708,2.4390243902439024,24.390243902439025,2.4390243902439024,0.0,0.0,0.0,7.317073170731708,7.317073170731708,2.4390243902439024,2.4390243902439024,0.0,7.317073170731708,0.0,2.4390243902439024,0.0,0.0,0.0,0.0,0.0,0.0,4.878048780487805,114.63414634146342,36.58536585365854,2.4390243902439024,70.73170731707316,0.5856079404466501,4.550868486352357,2.4390243902439024,2.4390243902439024,2.4390243902439024,0.0,4.878048780487805,2.4390243902439024,4.878048780487805,0.0,0.0,4.878048780487805,14.634146341463415,7.317073170731708,7.317073170731708,0.0,14.634146341463415,0.0,0.0,0.0,4.878048780487805,12.195121951219512,7.317073170731708,0.0,9.75609756097561
274746,106.43564356435644,14.85148514851485,0.0,12.376237623762377,7.425742574257425,81.68316831683168,0.0,9.900990099009901,22.277227722772277,2.4752475247524752,0.0,2.4752475247524752,9.900990099009901,7.425742574257425,0.0,225.24752475247524,0.0,0.0,32.17821782178218,2.4752475247524752,0.0,0.0,0.0,4.9504950495049505,4.9504950495049505,0.0,0.0,2.4752475247524752,2.4752475247524752,0.0,0.0,0.0,0.0,0.0,0.0,0.0,4.9504950495049505,12.376237623762377,91.58415841584159,71.78217821782178,4.9504950495049505,79.20792079207921,0.5717884130982368,4.259445843828716,0.0,2.4752475247524752,0.0,0.0,4.9504950495049505,0.0,9.900990099009901,0.0,0.0,0.0,0.0,12.376237623762377,0.0,0.0,7.425742574257425,0.0,2.4752475247524752,0.0,0.0,4.9504950495049505,12.376237623762377,0.0,9.900990099009901
275893,71.09004739336493,4.739336492890995,11.848341232227487,4.739336492890995,0.0,75.82938388625593,4.739336492890995,2.3696682464454977,16.587677725118485,0.0,2.3696682464454977,2.3696682464454977,4.739336492890995,21.32701421800948,0.0,260.66350710900474,9.47867298578199,0.0,26.066350710900473,0.0,0.0,0.0,0.0,11.848341232227487,9.47867298578199,2.3696682464454977,2.3696682464454977,2.3696682464454977,2.3696682464454977,0.0,0.0,0.0,0.0,0.0,0.0,0.0,2.3696682464454977,9.47867298578199,111.37440758293839,66.35071090047394,2.3696682464454977,40.28436018957346,0.6237623762376238,4.6683168316831685,0.0,2.3696682464454977,0.0,0.0,7.109004739336492,0.0,2.3696682464454977,2.3696682464454977,0.0,11.848341232227487,0.0,23.696682464454973,2.3696682464454977,0.0,23.696682464454973,0.0,0.0,0.0,4.739336492890995,7.109004739336492,7.109004739336492,7.109004739336492,4.739336492890995
276047,105.91133004926108,14.778325123152708,0.0,2.4630541871921183,2.4630541871921183,103.44827586206897,0.0,2.4630541871921183,17.241379310344826,9.852216748768473,7.389162561576354,0.0,32.01970443349754,7.389162561576354,2.4630541871921183,182.26600985221674,0.0,0.0,34.48275862068965,4.926108374384237,0.0,0.0,2.4630541871921183,9.852216748768473,4.926108374384237,0.0,0.0,4.926108374384237,4.926108374384237,2.4630541871921183,0.0,0.0,4.926108374384237,0.0,0.0,0.0,4.926108374384237,4.926108374384237,108.37438423645321,49.26108374384237,14.778325123152708,78.81773399014779,0.5575,4.025,2.4630541871921183,2.4630541871921183,0.0,0.0,4.926108374384237,0.0,0.0,4.926108374384237,0.0,4.926108374384237,2.4630541871921183,24.630541871921185,0.0,0.0,12.315270935960593,0.0,0.0,0.0,0.0,9.852216748768473,17.241379310344826,12.315270935960593,9.852216748768473
276806,118.8118811881188,14.85148514851485,9.900990099009901,4.9504950495049505,9.900990099009901,94.05940594059406,9.900990099009901,7.425742574257425,34.65346534653466,4.9504950495049505,4.9504950495049505,0.0,24.752475247524753,19.801980198019802,2.4752475247524752,185.64356435643563,7.425742574257425,0.0,34.65346534653466,0.0,2.4752475247524752,0.0,4.9504950495049505,4.9504950495049505,7.425742574257425,0.0,0.0,2.4752475247524752,9.900990099009901,0.0,0.0,0.0,0.0,0.0,0.0,4.9504950495049505,0.0,9.900990099009901,101.48514851485149,37.12871287128713,9.900990099009901,86.63366336633663,0.5452261306532663,4.464824120603015,0.0,0.0,4.9504950495049505,0.0,27.22772277227723,0.0,0.0,2.4752475247524752,0.0,0.0,7.425742574257425,32.17821782178218,7.425742574257425,4.9504950495049505,14.85148514851485,0.0,0.0,0.0,0.0,9.900990099009901,19.801980198019802,4.9504950495049505,12.376237623762377
277076,58.8235294117647,9.803921568627452,12.254901960784313,0.0,4.901960784313726,12.254901960784313,4.901960784313726,24.509803921568626,4.901960784313726,0.0,2.450980392156863,0.0,9.803921568627452,29.41176470588235,0.0,257.35294117647055,9.803921568627452,0.0,19.607843137254903,0.0,0.0,0.0,2.450980392156863,9.803921568627452,2.450980392156863,2.450980392156863,4.901960784313726,2.450980392156863,7.352941176470588,0.0,0.0,0.0,0.0,0.0,0.0,0.0,0.0,9.803921568627452,132.35294117647058,80.88235294117648,7.352941176470588,39.21568627450981,0.5905707196029777,5.138957816377172,0.0,2.450980392156863,0.0,2.450980392156863,9.803921568627452,0.0,2.450980392156863,4.901960784313726,0.0,7.352941176470588,2.450980392156863,9.803921568627452,0.0,0.0,0.0,0.0,0.0,0.0,2.450980392156863,14.705882352941176,7.352941176470588,0.0,4.901960784313726
278116,87.67772511848341,23.696682464454973,0.0,4.739336492890995,4.739336492890995,0.0,0.0,40.28436018957346,14.218009478672984,2.3696682464454977,2.3696682464454977,0.0,23.696682464454973,9.47867298578199,0.0,263.0331753554502,14.218009478672984,0.0,33.17535545023697,4.739336492890995,2.3696682464454977,0.0,0.0,9.47867298578199,2.3696682464454977,0.0,2.3696682464454977,0.0,16.587677725118485,0.0,0.0,0.0,2.3696682464454977,2.3696682464454977,0.0,0.0,2.3696682464454977,2.3696682464454977,116.11374407582939,63.98104265402843,9.47867298578199,47.393364928909946,0.5360576923076923,4.548076923076923,0.0,2.3696682464454977,0.0,4.739336492890995,4.739336492890995,0.0,4.739336492890995,7.109004739336492,0.0,7.109004739336492,4.739336492890995,7.109004739336492,2.3696682464454977,0.0,4.739336492890995,0.0,2.3696682464454977,0.0,4.739336492890995,4.739336492890995,7.109004739336492,0.0,4.739336492890995
278179,62.953995157384995,7.263922518159807,21.791767554479417,9.685230024213075,2.4213075060532687,19.37046004842615,9.685230024213075,24.213075060532688,12.106537530266344,7.263922518159807,0.0,2.4213075060532687,7.263922518159807,7.263922518159807,2.4213075060532687,261.50121065375305,0.0,0.0,19.37046004842615,0.0,2.4213075060532687,0.0,0.0,33.898305084745765,2.4213075060532687,0.0,7.263922518159807,0.0,2.4213075060532687,0.0,0.0,0.0,0.0,0.0,0.0,0.0,4.842615012106537,4.842615012106537,84.7457627118644,41.16222760290557,2.4213075060532687,58.11138014527845,0.5839598997493735,4.671679197994988,0.0,7.263922518159807,0.0,0.0,4.842615012106537,2.4213075060532687,2.4213075060532687,16.949152542372882,0.0,0.0,12.106537530266344,14.527845036319613,7.263922518159807,0.0,4.842615012106537,0.0,0.0,0.0,2.4213075060532687,2.4213075060532687,2.4213075060532687,2.4213075060532687,7.263922518159807
278930,87.06467661691543,7.462686567164179,7.462686567164179,2.487562189054726,4.975124378109452,4.975124378109452,2.487562189054726,22.388059701492537,17.412935323383085,4.975124378109452,7.462686567164179,0.0,14.925373134328359,19.90049751243781,2.487562189054726,251.24378109452738,2.487562189054726,0.0,27.36318407960199,0.0,0.0,0.0,4.975124378109452,12.437810945273633,2.487562189054726,0.0,0.0,0.0,4.975124378109452,0.0,0.0,0.0,0.0,0.0,0.0,0.0,2.487562189054726,9.950248756218905,101.99004975124377,69.65174129353234,2.487562189054726,84.5771144278607,0.6416040100250626,4.902255639097745,0.0,7.462686567164179,0.0,2.487562189054726,4.975124378109452,0.0,7.462686567164179,7.462686567164179,2.487562189054726,2.487562189054726,2.487562189054726,14.925373134328359,2.487562189054726,2.487562189054726,2.487562189054726,0.0,2.487562189054726,0.0,2.487562189054726,9.950248756218905,14.925373134328359,2.487562189054726,4.975124378109452
280068,90.68627450980392,12.254901960784313,0.0,4.901960784313726,2.450980392156863,7.352941176470588,0.0,17.156862745098042,9.803921568627452,7.352941176470588,0.0,0.0,7.352941176470588,9.803921568627452,4.901960784313726,264.70588235294116,12.254901960784313,4.901960784313726,34.313725490196084,0.0,0.0,0.0,0.0,14.705882352941176,2.450980392156863,0.0,0.0,2.450980392156863,2.450980392156863,0.0,0.0,0.0,0.0,0.0,0.0,0.0,0.0,4.901960784313726,100.49019607843138,73.52941176470588,9.803921568627452,63.725490196078425,0.6074074074074074,5.027160493827161,2.450980392156863,4.901960784313726,0.0,2.450980392156863,4.901960784313726,0.0,12.254901960784313,4.901960784313726,0.0,0.0,4.901960784313726,14.705882352941176,2.450980392156863,4.901960784313726,4.901960784313726,0.0,0.0,2.450980392156863,7.352941176470588,12.254901960784313,17.156862745098042,4.901960784313726,7.352941176470588
284225,107.91366906474819,4.796163069544364,7.194244604316547,9.592326139088728,7.194244604316547,86.33093525179856,4.796163069544364,38.36930455635491,19.184652278177456,7.194244604316547,2.398081534772182,0.0,16.786570743405274,14.388489208633095,2.398081534772182,134.2925659472422,2.398081534772182,0.0,31.17505995203837,0.0,2.398081534772182,0.0,2.398081534772182,28.77697841726619,7.194244604316547,2.398081534772182,0.0,0.0,2.398081534772182,4.796163069544364,0.0,0.0,0.0,0.0,0.0,0.0,2.398081534772182,9.592326139088728,69.54436450839329,23.980815347721823,14.388489208633095,112.70983213429255,0.5279805352798054,4.034063260340632,4.796163069544364,4.796163069544364,0.0,0.0,11.990407673860911,0.0,11.990407673860911,16.786570743405274,0.0,7.194244604316547,4.796163069544364,21.58273381294964,4.796163069544364,2.398081534772182,14.388489208633095,4.796163069544364,0.0,2.398081534772182,9.592326139088728,11.990407673860911,19.184652278177456,2.398081534772182,14.388489208633095
284710,99.51456310679612,14.563106796116505,12.135922330097086,19.41747572815534,2.4271844660194173,92.23300970873787,0.0,16.990291262135923,26.699029126213592,2.4271844660194173,7.281553398058253,2.4271844660194173,24.271844660194173,7.281553398058253,4.854368932038835,177.18446601941747,2.4271844660194173,0.0,19.41747572815534,0.0,0.0,0.0,4.854368932038835,14.563106796116505,7.281553398058253,0.0,2.4271844660194173,0.0,2.4271844660194173,0.0,0.0,0.0,0.0,0.0,0.0,0.0,0.0,9.70873786407767,84.95145631067962,38.83495145631068,2.4271844660194173,94.66019417475728,0.6175,4.4225,2.4271844660194173,2.4271844660194173,0.0,0.0,7.281553398058253,0.0,2.4271844660194173,12.135922330097086,0.0,7.281553398058253,0.0,26.699029126213592,2.4271844660194173,9.70873786407767,24.271844660194173,0.0,0.0,0.0,4.854368932038835,4.854368932038835,29.12621359223301,2.4271844660194173,19.41747572815534
285153,84.54106280193237,14.492753623188406,24.154589371980677,2.4154589371980677,7.246376811594203,16.908212560386474,14.492753623188406,72.46376811594203,21.73913043478261,0.0,2.4154589371980677,2.4154589371980677,16.908212560386474,12.077294685990339,0.0,234.29951690821258,4.830917874396135,0.0,26.570048309178745,0.0,2.4154589371980677,0.0,0.0,4.830917874396135,2.4154589371980677,2.4154589371980677,0.0,0.0,7.246376811594203,0.0,2.4154589371980677,0.0,0.0,0.0,0.0,0.0,7.246376811594203,9.66183574879227,91.78743961352657,41.06280193236715,7.246376811594203,57.971014492753625,0.5965346534653465,4.638613861386139,2.4154589371980677,0.0,0.0,0.0,7.246376811594203,0.0,2.4154589371980677,9.66183574879227,0.0,4.830917874396135,9.66183574879227,24.154589371980677,7.246376811594203,0.0,9.66183574879227,0.0,0.0,0.0,0.0,16.908212560386474,16.908212560386474,0.0,9.66183574879227
286037,76.55502392344498,9.569377990430622,2.3923444976076556,9.569377990430622,0.0,64.5933014354067,0.0,19.138755980861244,7.177033492822967,2.3923444976076556,0.0,2.3923444976076556,11.961722488038278,16.74641148325359,0.0,248.80382775119617,2.3923444976076556,0.0,28.70813397129187,0.0,0.0,0.0,0.0,11.961722488038278,0.0,2.3923444976076556,4.784688995215311,0.0,2.3923444976076556,2.3923444976076556,2.3923444976076556,0.0,0.0,0.0,7.177033492822967,0.0,2.3923444976076556,4.784688995215311,95.69377990430623,66.98564593301435,2.3923444976076556,50.239234449760765,0.5896805896805897,4.498771498771498,4.784688995215311,2.3923444976076556,0.0,0.0,7.177033492822967,0.0,4.784688995215311,2.3923444976076556,0.0,9.569377990430622,4.784688995215311,7.177033492822967,2.3923444976076556,0.0,14.354066985645934,0.0,0.0,0.0,0.0,11.961722488038278,7.177033492822967,4.784688995215311,9.569377990430622
28653,98.08612440191388,4.784688995215311,23.923444976076556,2.3923444976076556,0.0,83.73205741626795,0.0,2.3923444976076556,21.5311004784689,4.784688995215311,4.784688995215311,0.0,11.961722488038278,9.569377990430622,7.177033492822967,224.8803827751196,2.3923444976076556,0.0,28.70813397129187,4.784688995215311,7.177033492822967,0.0,2.3923444976076556,4.784688995215311,0.0,0.0,0.0,0.0,4.784688995215311,0.0,0.0,0.0,0.0,0.0,0.0,2.3923444976076556,0.0,16.74641148325359,93.30143540669856,45.45454545454545,19.138755980861244,62.20095693779904,0.5752427184466019,4.628640776699029,4.784688995215311,2.3923444976076556,0.0,2.3923444976076556,7.177033492822967,0.0,4.784688995215311,4.784688995215311,0.0,11.961722488038278,4.784688995215311,23.923444976076556,0.0,2.3923444976076556,14.354066985645934,0.0,0.0,0.0,0.0,7.177033492822967,7.177033492822967,0.0,9.569377990430622
288443,75.98039215686273,14.705882352941176,4.901960784313726,4.901960784313726,4.901960784313726,4.901960784313726,0.0,39.21568627450981,7.352941176470588,0.0,4.901960784313726,4.901960784313726,12.254901960784313,26.96078431372549,0.0,267.156862745098,4.901960784313726,0.0,26.96078431372549,7.352941176470588,0.0,0.0,2.450980392156863,4.901960784313726,2.450980392156863,0.0,2.450980392156863,2.450980392156863,4.901960784313726,0.0,0.0,0.0,0.0,0.0,0.0,0.0,0.0,0.0,117.6470588235294,63.725490196078425,2.450980392156863,56.372549019607845,0.5905707196029777,4.607940446650124,0.0,4.901960784313726,2.450980392156863,0.0,7.352941176470588,0.0,7.352941176470588,0.0,2.450980392156863,2.450980392156863,0.0,12.254901960784313,0.0,2.450980392156863,4.901960784313726,0.0,0.0,0.0,0.0,4.901960784313726,9.803921568627452,4.901960784313726,7.352941176470588
288488,98.36065573770492,2.34192037470726,2.34192037470726,7.02576112412178,0.0,39.81264637002342,2.34192037470726,2.34192037470726,32.786885245901644,2.34192037470726,7.02576112412178,0.0,23.4192037470726,11.7096018735363,2.34192037470726,236.53395784543326,18.73536299765808,2.34192037470726,39.81264637002342,0.0,2.34192037470726,0.0,0.0,9.36768149882904,2.34192037470726,0.0,4.68384074941452,2.34192037470726,7.02576112412178,0.0,2.34192037470726,0.0,0.0,0.0,0.0,0.0,2.34192037470726,11.7096018735363,124.12177985948477,65.57377049180329,11.7096018735363,67.91569086651054,0.5547619047619048,4.5476190476190474,2.34192037470726,7.02576112412178,0.0,0.0,9.36768149882904,0.0,4.68384074941452,2.34192037470726,2.34192037470726,0.0,2.34192037470726,23.4192037470726,4.68384074941452,0.0,9.36768149882904,0.0,0.0,0.0,2.34192037470726,11.7096018735363,9.36768149882904,0.0,11.7096018735363
288580,83.74384236453201,14.778325123152708,2.4630541871921183,4.926108374384237,22.167487684729064,54.187192118226605,0.0,14.778325123152708,9.852216748768473,4.926108374384237,2.4630541871921183,0.0,19.704433497536947,2.4630541871921183,4.926108374384237,246.30541871921181,4.926108374384237,0.0,24.630541871921185,0.0,0.0,0.0,0.0,14.778325123152708,4.926108374384237,2.4630541871921183,4.926108374384237,4.926108374384237,2.4630541871921183,0.0,4.926108374384237,0.0,0.0,0.0,0.0,0.0,0.0,7.389162561576354,115.76354679802955,54.187192118226605,2.4630541871921183,51.724137931034484,0.5895522388059702,4.4054726368159205,2.4630541871921183,7.389162561576354,0.0,0.0,2.4630541871921183,2.4630541871921183,7.389162561576354,2.4630541871921183,0.0,0.0,0.0,19.704433497536947,4.926108374384237,2.4630541871921183,7.389162561576354,0.0,2.4630541871921183,0.0,0.0,7.389162561576354,12.315270935960593,0.0,4.926108374384237
288973,96.61835748792271,2.4154589371980677,2.4154589371980677,2.4154589371980677,7.246376811594203,48.309178743961354,0.0,0.0,38.64734299516908,4.830917874396135,0.0,0.0,9.66183574879227,7.246376811594203,2.4154589371980677,212.56038647342996,4.830917874396135,0.0,38.64734299516908,2.4154589371980677,0.0,0.0,0.0,14.492753623188406,4.830917874396135,0.0,0.0,0.0,4.830917874396135,0.0,0.0,2.4154589371980677,0.0,0.0,7.246376811594203,0.0,0.0,12.077294685990339,101.44927536231884,65.21739130434783,4.830917874396135,84.54106280193237,0.4878640776699029,4.269417475728155,0.0,7.246376811594203,2.4154589371980677,4.830917874396135,9.66183574879227,0.0,9.66183574879227,0.0,2.4154589371980677,0.0,0.0,2.4154589371980677,4.830917874396135,4.830917874396135,2.4154589371980677,0.0,0.0,0.0,2.4154589371980677,7.246376811594203,12.077294685990339,0.0,7.246376811594203
293489,96.3855421686747,9.63855421686747,0.0,9.63855421686747,7.228915662650603,0.0,0.0,50.60240963855422,2.4096385542168677,4.819277108433735,0.0,0.0,2.4096385542168677,24.096385542168676,0.0,265.06024096385545,4.819277108433735,4.819277108433735,24.096385542168676,0.0,2.4096385542168677,2.4096385542168677,2.4096385542168677,14.457831325301205,7.228915662650603,2.4096385542168677,0.0,0.0,0.0,0.0,0.0,0.0,0.0,0.0,0.0,0.0,0.0,19.27710843373494,79.51807228915662,86.74698795180723,7.228915662650603,55.42168674698795,0.6009852216748769,5.204433497536946,2.4096385542168677,2.4096385542168677,0.0,4.819277108433735,2.4096385542168677,0.0,9.63855421686747,2.4096385542168677,0.0,0.0,0.0,19.27710843373494,2.4096385542168677,0.0,0.0,0.0,0.0,0.0,2.4096385542168677,12.048192771084338,7.228915662650603,4.819277108433735,0.0
293763,103.27455919395466,5.037783375314861,2.5188916876574305,2.5188916876574305,5.037783375314861,55.415617128463474,2.5188916876574305,7.556675062972292,12.594458438287154,10.075566750629722,7.556675062972292,0.0,12.594458438287154,12.594458438287154,2.5188916876574305,193.95465994962217,10.075566750629722,0.0,42.821158690176325,5.037783375314861,0.0,2.5188916876574305,0.0,20.151133501259444,2.5188916876574305,0.0,0.0,5.037783375314861,5.037783375314861,0.0,0.0,0.0,2.5188916876574305,0.0,0.0,0.0,7.556675062972292,5.037783375314861,95.71788413098237,55.415617128463474,12.594458438287154,83.1234256926952,0.5882352941176471,4.370843989769821,0.0,5.037783375314861,2.5188916876574305,2.5188916876574305,10.075566750629722,0.0,5.037783375314861,5.037783375314861,0.0,0.0,2.5188916876574305,20.151133501259444,5.037783375314861,2.5188916876574305,7.556675062972292,0.0,5.037783375314861,0.0,2.5188916876574305,10.075566750629722,7.556675062972292,7.556675062972292,7.556675062972292
294718,86.74698795180723,7.228915662650603,7.228915662650603,2.4096385542168677,2.4096385542168677,53.01204819277108,0.0,38.55421686746988,16.867469879518072,0.0,2.4096385542168677,0.0,19.27710843373494,16.867469879518072,0.0,192.7710843373494,9.63855421686747,0.0,33.734939759036145,4.819277108433735,0.0,0.0,0.0,12.048192771084338,0.0,0.0,2.4096385542168677,0.0,9.63855421686747,0.0,4.819277108433735,0.0,0.0,0.0,0.0,2.4096385542168677,2.4096385542168677,4.819277108433735,118.0722891566265,57.83132530120482,2.4096385542168677,74.6987951807229,0.5693430656934306,4.576642335766423,7.228915662650603,7.228915662650603,0.0,2.4096385542168677,12.048192771084338,0.0,7.228915662650603,7.228915662650603,0.0,0.0,0.0,14.457831325301205,0.0,0.0,7.228915662650603,0.0,0.0,2.4096385542168677,4.819277108433735,4.819277108433735,7.228915662650603,0.0,7.228915662650603
296190,86.1244019138756,14.354066985645934,4.784688995215311,7.177033492822967,7.177033492822967,0.0,4.784688995215311,93.30143540669856,2.3923444976076556,2.3923444976076556,2.3923444976076556,2.3923444976076556,11.961722488038278,7.177033492822967,2.3923444976076556,258.3732057416268,7.177033492822967,0.0,19.138755980861244,0.0,0.0,0.0,0.0,19.138755980861244,0.0,0.0,0.0,4.784688995215311,0.0,0.0,2.3923444976076556,0.0,0.0,0.0,0.0,2.3923444976076556,0.0,4.784688995215311,122.00956937799043,47.84688995215311,7.177033492822967,66.98564593301435,0.5679611650485437,4.531553398058253,0.0,2.3923444976076556,0.0,0.0,2.3923444976076556,0.0,4.784688995215311,4.784688995215311,0.0,2.3923444976076556,4.784688995215311,11.961722488038278,2.3923444976076556,4.784688995215311,9.569377990430622,0.0,0.0,0.0,2.3923444976076556,16.74641148325359,16.74641148325359,7.177033492822967,9.569377990430622
296231,72.13930348258707,7.462686567164179,42.28855721393035,2.487562189054726,0.0,74.62686567164178,24.875621890547265,22.388059701492537,22.388059701492537,0.0,2.487562189054726,2.487562189054726,7.462686567164179,17.412935323383085,9.950248756218905,211.44278606965176,2.487562189054726,0.0,34.82587064676617,0.0,0.0,0.0,0.0,24.875621890547265,2.487562189054726,0.0,0.0,2.487562189054726,2.487562189054726,2.487562189054726,2.487562189054726,0.0,0.0,0.0,0.0,0.0,12.437810945273633,2.487562189054726,92.03980099502488,34.82587064676617,7.462686567164179,64.67661691542288,0.5425,4.5575,4.975124378109452,2.487562189054726,0.0,2.487562189054726,7.462686567164179,0.0,4.975124378109452,2.487562189054726,0.0,12.437810945273633,4.975124378109452,19.90049751243781,7.462686567164179,0.0,0.0,4.975124378109452,0.0,0.0,2.487562189054726,7.462686567164179,9.950248756218905,0.0,14.925373134328359
296745,84.15841584158416,2.4752475247524752,0.0,4.9504950495049505,2.4752475247524752,51.980198019801975,0.0,4.9504950495049505,22.277227722772277,0.0,12.376237623762377,0.0,9.900990099009901,32.17821782178218,0.0,237.6237623762376,4.9504950495049505,0.0,24.752475247524753,0.0,0.0,0.0,0.0,19.801980198019802,2.4752475247524752,0.0,2.4752475247524752,0.0,0.0,0.0,2.4752475247524752,0.0,0.0,0.0,0.0,0.0,0.0,7.425742574257425,86.63366336633663,79.20792079207921,9.900990099009901,66.83168316831683,0.6115288220551378,4.779448621553884,0.0,0.0,2.4752475247524752,2.4752475247524752,2.4752475247524752,0.0,4.9504950495049505,2.4752475247524752,0.0,4.9504950495049505,2.4752475247524752,19.801980198019802,4.9504950495049505,0.0,7.425742574257425,2.4752475247524752,2.4752475247524752,0.0,0.0,9.900990099009901,14.85148514851485,2.4752475247524752,9.900990099009901
297884,77.85888077858881,17.0316301703163,0.0,17.0316301703163,4.866180048661801,80.2919708029197,0.0,14.598540145985401,17.0316301703163,0.0,2.4330900243309004,0.0,9.732360097323602,12.165450121654501,2.4330900243309004,218.97810218978103,2.4330900243309004,2.4330900243309004,14.598540145985401,0.0,0.0,0.0,2.4330900243309004,17.0316301703163,0.0,0.0,0.0,9.732360097323602,0.0,0.0,0.0,0.0,0.0,0.0,0.0,0.0,0.0,14.598540145985401,111.92214111922141,65.69343065693431,0.0,60.82725060827251,0.6024691358024692,4.4790123456790125,2.4330900243309004,2.4330900243309004,0.0,0.0,0.0,2.4330900243309004,4.866180048661801,2.4330900243309004,2.4330900243309004,2.4330900243309004,7.299270072992701,21.897810218978105,0.0,0.0,12.165450121654501,2.4330900243309004,0.0,0.0,0.0,19.464720194647203,14.598540145985401,2.4330900243309004,2.4330900243309004
298094,88.0195599022005,17.114914425427873,0.0,7.334963325183374,0.0,48.8997555012225,0.0,4.88997555012225,29.339853300733495,0.0,7.334963325183374,0.0,24.44987775061125,39.119804400978,4.88997555012225,212.71393643031786,7.334963325183374,0.0,14.669926650366747,2.444987775061125,0.0,0.0,0.0,2.444987775061125,0.0,2.444987775061125,2.444987775061125,0.0,12.224938875305625,0.0,0.0,0.0,2.444987775061125,0.0,0.0,0.0,2.444987775061125,7.334963325183374,141.80929095354523,39.119804400978,9.7799511002445,80.68459657701712,0.5623471882640587,4.73838630806846,2.444987775061125,4.88997555012225,7.334963325183374,0.0,17.114914425427873,0.0,4.88997555012225,2.444987775061125,0.0,4.88997555012225,0.0,24.44987775061125,0.0,2.444987775061125,0.0,0.0,0.0,0.0,7.334963325183374,12.224938875305625,12.224938875305625,12.224938875305625,4.88997555012225
29844,97.25685785536159,7.481296758104738,4.987531172069826,7.481296758104738,2.493765586034913,79.80049875311721,0.0,12.468827930174564,9.975062344139651,4.987531172069826,4.987531172069826,7.481296758104738,27.43142144638404,12.468827930174564,2.493765586034913,216.95760598503742,7.481296758104738,0.0,44.88778054862843,2.493765586034913,0.0,0.0,2.493765586034913,14.962593516209475,0.0,0.0,4.987531172069826,0.0,17.456359102244388,0.0,0.0,0.0,2.493765586034913,0.0,0.0,0.0,2.493765586034913,2.493765586034913,94.76309226932668,47.38154613466334,4.987531172069826,84.78802992518703,0.5658914728682171,4.077519379844961,0.0,4.987531172069826,7.481296758104738,2.493765586034913,7.481296758104738,0.0,0.0,9.975062344139651,0.0,0.0,2.493765586034913,19.950124688279303,4.987531172069826,2.493765586034913,19.950124688279303,0.0,2.493765586034913,0.0,2.493765586034913,4.987531172069826,12.468827930174564,7.481296758104738,22.443890274314214
299226,87.5,7.5,0.0,5.0,0.0,0.0,0.0,12.5,25.0,2.5,2.5,0.0,5.0,20.0,5.0,257.5,7.5,0.0,22.5,2.5,0.0,0.0,0.0,7.5,5.0,0.0,7.5,2.5,0.0,0.0,0.0,0.0,0.0,0.0,0.0,0.0,5.0,7.5,125.0,72.5,2.5,60.0,0.5907928388746803,4.879795396419437,0.0,2.5,0.0,7.5,12.5,0.0,10.0,0.0,0.0,0.0,7.5,10.0,7.5,7.5,2.5,0.0,0.0,0.0,2.5,7.5,2.5,0.0,2.5
299305,62.79069767441861,0.0,0.0,11.627906976744185,0.0,2.3255813953488373,0.0,0.0,30.232558139534884,0.0,0.0,0.0,16.27906976744186,13.953488372093023,2.3255813953488373,244.1860465116279,4.651162790697675,0.0,16.27906976744186,6.976744186046512,0.0,0.0,0.0,2.3255813953488373,0.0,0.0,2.3255813953488373,0.0,11.627906976744185,0.0,0.0,0.0,0.0,0.0,0.0,0.0,0.0,2.3255813953488373,162.79069767441862,76.74418604651163,4.651162790697675,67.44186046511628,0.5617715617715617,4.836829836829837,4.651162790697675,6.976744186046512,0.0,0.0,9.30232558139535,0.0,6.976744186046512,6.976744186046512,0.0,0.0,0.0,11.627906976744185,4.651162790697675,0.0,2.3255813953488373,0.0,0.0,0.0,0.0,32.55813953488372,2.3255813953488373,9.30232558139535,6.976744186046512
302273,61.320754716981135,0.0,16.50943396226415,4.716981132075471,4.716981132075471,28.30188679245283,7.0754716981132075,49.528301886792455,16.50943396226415,0.0,2.3584905660377355,0.0,23.58490566037736,35.37735849056604,2.3584905660377355,198.11320754716982,2.3584905660377355,0.0,28.30188679245283,2.3584905660377355,2.3584905660377355,0.0,2.3584905660377355,14.150943396226415,9.433962264150942,0.0,4.716981132075471,2.3584905660377355,7.0754716981132075,0.0,0.0,0.0,0.0,0.0,0.0,0.0,9.433962264150942,2.3584905660377355,106.13207547169812,40.094339622641506,0.0,77.83018867924528,0.5786924939467313,4.782082324455206,4.716981132075471,0.0,0.0,0.0,16.50943396226415,0.0,9.433962264150942,11.79245283018868,4.716981132075471,11.79245283018868,9.433962264150942,16.50943396226415,2.3584905660377355,0.0,18.867924528301884,0.0,0.0,2.3584905660377355,4.716981132075471,7.0754716981132075,9.433962264150942,0.0,7.0754716981132075
302442,96.0591133004926,19.704433497536947,17.241379310344826,4.926108374384237,0.0,44.33497536945813,14.778325123152708,12.315270935960593,32.01970443349754,2.4630541871921183,2.4630541871921183,0.0,29.556650246305416,14.778325123152708,0.0,192.1182266009852,4.926108374384237,0.0,34.48275862068965,2.4630541871921183,2.4630541871921183,2.4630541871921183,2.4630541871921183,7.389162561576354,12.315270935960593,0.0,2.4630541871921183,0.0,4.926108374384237,0.0,2.4630541871921183,0.0,0.0,0.0,0.0,2.4630541871921183,14.778325123152708,12.315270935960593,73.89162561576356,44.33497536945813,9.852216748768473,64.03940886699507,0.5597014925373134,4.358208955223881,2.4630541871921183,2.4630541871921183,2.4630541871921183,0.0,9.852216748768473,2.4630541871921183,12.315270935960593,4.926108374384237,0.0,4.926108374384237,4.926108374384237,19.704433497536947,2.4630541871921183,0.0,7.389162561576354,0.0,0.0,0.0,4.926108374384237,12.315270935960593,14.778325123152708,0.0,0.0
32236,95.1219512195122,24.390243902439025,7.317073170731708,0.0,2.4390243902439024,4.878048780487805,4.878048780487805,68.29268292682927,9.75609756097561,9.75609756097561,14.634146341463415,4.878048780487805,24.390243902439025,12.195121951219512,4.878048780487805,207.3170731707317,9.75609756097561,0.0,21.95121951219512,0.0,2.4390243902439024,0.0,0.0,17.073170731707318,17.073170731707318,4.878048780487805,0.0,0.0,4.878048780487805,4.878048780487805,7.317073170731708,0.0,0.0,0.0,0.0,0.0,0.0,9.75609756097561,78.04878048780488,53.65853658536585,9.75609756097561,75.60975609756098,0.5825,4.76,2.4390243902439024,4.878048780487805,0.0,4.878048780487805,14.634146341463415,0.0,4.878048780487805,4.878048780487805,2.4390243902439024,2.4390243902439024,4.878048780487805,31.70731707317073,9.75609756097561,0.0,9.75609756097561,0.0,0.0,0.0,12.195121951219512,4.878048780487805,7.317073170731708,2.4390243902439024,9.75609756097561
32250,64.67661691542288,12.437810945273633,9.950248756218905,4.975124378109452,0.0,64.67661691542288,7.462686567164179,14.925373134328359,17.412935323383085,4.975124378109452,2.487562189054726,0.0,12.437810945273633,32.33830845771144,7.462686567164179,171.6417910447761,2.487562189054726,2.487562189054726,32.33830845771144,2.487562189054726,0.0,0.0,0.0,19.90049751243781,7.462686567164179,0.0,0.0,2.487562189054726,2.487562189054726,0.0,2.487562189054726,0.0,0.0,0.0,0.0,0.0,0.0,7.462686567164179,111.94029850746269,64.67661691542288,9.950248756218905,87.06467661691543,0.585427135678392,4.515075376884422,2.487562189054726,2.487562189054726,2.487562189054726,0.0,19.90049751243781,0.0,2.487562189054726,9.950248756218905,0.0,7.462686567164179,0.0,19.90049751243781,4.975124378109452,0.0,9.950248756218905,2.487562189054726,0.0,0.0,0.0,12.437810945273633,14.925373134328359,2.487562189054726,12.437810945273633
32923,87.06467661691543,7.462686567164179,17.412935323383085,7.462686567164179,0.0,64.67661691542288,0.0,29.850746268656717,22.388059701492537,2.487562189054726,12.437810945273633,4.975124378109452,17.412935323383085,9.950248756218905,0.0,203.98009950248755,7.462686567164179,0.0,37.31343283582089,2.487562189054726,4.975124378109452,0.0,4.975124378109452,17.412935323383085,0.0,0.0,0.0,2.487562189054726,4.975124378109452,0.0,0.0,0.0,0.0,0.0,0.0,0.0,7.462686567164179,7.462686567164179,84.5771144278607,29.850746268656717,14.925373134328359,59.701492537313435,0.5491183879093199,4.267002518891688,0.0,4.975124378109452,4.975124378109452,0.0,17.412935323383085,0.0,0.0,2.487562189054726,4.975124378109452,7.462686567164179,2.487562189054726,19.90049751243781,7.462686567164179,7.462686567164179,7.462686567164179,0.0,0.0,0.0,2.487562189054726,7.462686567164179,22.388059701492537,0.0,2.487562189054726
33149,31.78484107579462,12.224938875305625,88.0195599022005,17.114914425427873,4.88997555012225,48.8997555012225,0.0,88.0195599022005,12.224938875305625,4.88997555012225,9.7799511002445,0.0,29.339853300733495,17.114914425427873,0.0,168.7041564792176,12.224938875305625,0.0,29.339853300733495,0.0,0.0,2.444987775061125,0.0,22.004889975550125,2.444987775061125,0.0,0.0,0.0,0.0,0.0,4.88997555012225,0.0,0.0,0.0,2.444987775061125,0.0,7.334963325183374,17.114914425427873,100.24449877750611,19.559902200489,2.444987775061125,107.57946210268948,0.5256410256410257,4.225641025641026,0.0,2.444987775061125,0.0,0.0,7.334963325183374,0.0,2.444987775061125,0.0,0.0,0.0,2.444987775061125,22.004889975550125,4.88997555012225,4.88997555012225,34.229828850855746,4.88997555012225,0.0,0.0,4.88997555012225,4.88997555012225,12.224938875305625,2.444987775061125,14.669926650366747
35342,96.77419354838709,7.444168734491315,2.4813895781637716,4.962779156327543,12.40694789081886,66.99751861042184,0.0,17.3697270471464,9.925558312655086,9.925558312655086,2.4813895781637716,0.0,12.40694789081886,7.444168734491315,2.4813895781637716,245.6575682382134,9.925558312655086,0.0,32.25806451612903,0.0,0.0,0.0,0.0,17.3697270471464,4.962779156327543,2.4813895781637716,0.0,0.0,9.925558312655086,0.0,0.0,0.0,0.0,0.0,0.0,2.4813895781637716,0.0,2.4813895781637716,114.14392059553349,66.99751861042184,4.962779156327543,49.62779156327544,0.5778894472361809,4.409547738693467,0.0,0.0,0.0,0.0,2.4813895781637716,4.962779156327543,7.444168734491315,0.0,0.0,4.962779156327543,4.962779156327543,12.40694789081886,2.4813895781637716,0.0,7.444168734491315,0.0,0.0,0.0,0.0,9.925558312655086,12.40694789081886,2.4813895781637716,2.4813895781637716
35981,87.06467661691543,7.462686567164179,4.975124378109452,9.950248756218905,2.487562189054726,0.0,2.487562189054726,69.65174129353234,9.950248756218905,7.462686567164179,7.462686567164179,2.487562189054726,22.388059701492537,24.875621890547265,2.487562189054726,203.98009950248755,4.975124378109452,0.0,39.80099502487562,4.975124378109452,0.0,0.0,0.0,4.975124378109452,0.0,0.0,2.487562189054726,4.975124378109452,12.437810945273633,0.0,0.0,0.0,0.0,0.0,0.0,2.487562189054726,2.487562189054726,12.437810945273633,116.91542288557214,69.65174129353234,4.975124378109452,69.65174129353234,0.5914786967418546,4.711779448621554,2.487562189054726,2.487562189054726,0.0,2.487562189054726,9.950248756218905,0.0,7.462686567164179,7.462686567164179,0.0,0.0,0.0,14.925373134328359,0.0,0.0,7.462686567164179,0.0,2.487562189054726,0.0,2.487562189054726,17.412935323383085,9.950248756218905,2.487562189054726,7.462686567164179
36220,77.10843373493977,9.63855421686747,0.0,0.0,0.0,0.0,0.0,57.83132530120482,9.63855421686747,0.0,7.228915662650603,0.0,28.91566265060241,38.55421686746988,7.228915662650603,233.73493975903614,4.819277108433735,0.0,33.734939759036145,2.4096385542168677,0.0,2.4096385542168677,0.0,9.63855421686747,4.819277108433735,2.4096385542168677,0.0,0.0,16.867469879518072,0.0,2.4096385542168677,0.0,0.0,0.0,0.0,0.0,2.4096385542168677,7.228915662650603,110.8433734939759,77.10843373493977,12.048192771084338,45.78313253012048,0.583743842364532,5.241379310344827,2.4096385542168677,2.4096385542168677,0.0,0.0,7.228915662650603,0.0,4.819277108433735,9.63855421686747,0.0,0.0,2.4096385542168677,12.048192771084338,0.0,0.0,0.0,0.0,0.0,0.0,4.819277108433735,12.048192771084338,7.228915662650603,0.0,0.0
37470,79.40446650124069,4.962779156327543,17.3697270471464,2.4813895781637716,0.0,47.146401985111666,2.4813895781637716,44.66501240694789,17.3697270471464,2.4813895781637716,4.962779156327543,2.4813895781637716,27.29528535980149,2.4813895781637716,0.0,230.76923076923077,2.4813895781637716,2.4813895781637716,19.851116625310173,0.0,0.0,0.0,0.0,9.925558312655086,12.40694789081886,0.0,0.0,4.962779156327543,9.925558312655086,0.0,4.962779156327543,0.0,0.0,0.0,0.0,2.4813895781637716,2.4813895781637716,9.925558312655086,124.06947890818859,49.62779156327544,2.4813895781637716,54.59057071960298,0.6025316455696202,4.364556962025317,0.0,2.4813895781637716,2.4813895781637716,0.0,9.925558312655086,0.0,4.962779156327543,4.962779156327543,0.0,2.4813895781637716,7.444168734491315,17.3697270471464,2.4813895781637716,4.962779156327543,14.88833746898263,0.0,0.0,0.0,0.0,9.925558312655086,14.88833746898263,0.0,7.444168734491315
38764,110.27568922305764,0.0,2.506265664160401,2.506265664160401,0.0,55.13784461152882,0.0,0.0,50.125313283208015,2.506265664160401,0.0,0.0,32.581453634085214,12.531328320802004,2.506265664160401,233.08270676691728,12.531328320802004,0.0,35.08771929824561,0.0,0.0,0.0,0.0,20.050125313283207,2.506265664160401,0.0,12.531328320802004,2.506265664160401,7.518796992481203,2.506265664160401,0.0,0.0,0.0,0.0,0.0,0.0,2.506265664160401,7.518796992481203,95.23809523809523,30.075187969924812,5.012531328320802,80.20050125313283,0.5541561712846348,4.251889168765743,0.0,5.012531328320802,0.0,2.506265664160401,5.012531328320802,0.0,10.025062656641603,2.506265664160401,0.0,2.506265664160401,7.518796992481203,22.55639097744361,0.0,2.506265664160401,5.012531328320802,5.012531328320802,0.0,0.0,5.012531328320802,15.037593984962406,17.543859649122805,10.025062656641603,7.518796992481203
39626,107.57946210268948,9.7799511002445,24.44987775061125,12.224938875305625,0.0,95.35452322738386,9.7799511002445,24.44987775061125,0.0,9.7799511002445,9.7799511002445,0.0,22.004889975550125,4.88997555012225,4.88997555012225,171.14914425427875,0.0,2.444987775061125,29.339853300733495,0.0,2.444987775061125,2.444987775061125,0.0,9.7799511002445,12.224938875305625,2.444987775061125,0.0,0.0,9.7799511002445,0.0,2.444987775061125,0.0,0.0,0.0,0.0,0.0,0.0,2.444987775061125,105.13447432762835,31.78484107579462,7.334963325183374,92.90953545232274,0.5862068965517241,4.172413793103448,0.0,12.224938875305625,2.444987775061125,0.0,9.7799511002445,0.0,0.0,2.444987775061125,0.0,2.444987775061125,2.444987775061125,29.339853300733495,0.0,4.88997555012225,7.334963325183374,2.444987775061125,0.0,0.0,7.334963325183374,19.559902200489,19.559902200489,0.0,2.444987775061125
4010,74.81296758104739,4.987531172069826,0.0,0.0,2.493765586034913,0.0,0.0,47.38154613466334,17.456359102244388,0.0,0.0,2.493765586034913,17.456359102244388,19.950124688279303,4.987531172069826,249.37655860349128,2.493765586034913,0.0,19.950124688279303,0.0,0.0,0.0,0.0,32.418952618453865,2.493765586034913,0.0,2.493765586034913,2.493765586034913,12.468827930174564,2.493765586034913,0.0,0.0,0.0,0.0,0.0,0.0,0.0,9.975062344139651,112.21945137157108,62.34413965087282,4.987531172069826,39.900249376558605,0.5404040404040404,4.679292929292929,2.493765586034913,0.0,0.0,4.987531172069826,4.987531172069826,0.0,4.987531172069826,4.987531172069826,0.0,4.987531172069826,0.0,2.493765586034913,4.987531172069826,2.493765586034913,2.493765586034913,0.0,0.0,0.0,4.987531172069826,12.468827930174564,2.493765586034913,0.0,2.493765586034913
40815,86.63366336633663,4.9504950495049505,22.277227722772277,0.0,4.9504950495049505,69.30693069306932,24.752475247524753,32.17821782178218,17.32673267326733,2.4752475247524752,9.900990099009901,4.9504950495049505,24.752475247524753,24.752475247524753,2.4752475247524752,133.66336633663366,4.9504950495049505,0.0,19.801980198019802,0.0,0.0,0.0,0.0,27.22772277227723,7.425742574257425,0.0,0.0,0.0,2.4752475247524752,0.0,4.9504950495049505,0.0,0.0,0.0,0.0,0.0,7.425742574257425,0.0,111.38613861386139,17.32673267326733,14.85148514851485,94.05940594059406,0.542713567839196,4.097989949748744,2.4752475247524752,2.4752475247524752,0.0,0.0,24.752475247524753,2.4752475247524752,9.900990099009901,2.4752475247524752,2.4752475247524752,12.376237623762377,9.900990099009901,47.02970297029703,14.85148514851485,0.0,12.376237623762377,0.0,2.4752475247524752,0.0,4.9504950495049505,4.9504950495049505,14.85148514851485,0.0,7.425742574257425
41203,122.24938875305622,22.004889975550125,0.0,4.88997555012225,9.7799511002445,61.12469437652811,0.0,19.559902200489,17.114914425427873,0.0,7.334963325183374,0.0,14.669926650366747,19.559902200489,4.88997555012225,207.8239608801956,4.88997555012225,0.0,31.78484107579462,0.0,0.0,0.0,0.0,12.224938875305625,4.88997555012225,0.0,0.0,0.0,9.7799511002445,0.0,2.444987775061125,0.0,0.0,0.0,0.0,0.0,2.444987775061125,12.224938875305625,102.68948655256723,46.45476772616137,9.7799511002445,73.34963325183375,0.6225490196078431,4.588235294117647,0.0,2.444987775061125,0.0,0.0,4.88997555012225,2.444987775061125,0.0,2.444987775061125,0.0,2.444987775061125,0.0,24.44987775061125,0.0,2.444987775061125,0.0,0.0,0.0,0.0,4.88997555012225,2.444987775061125,17.114914425427873,0.0,4.88997555012225
41742,19.950124688279303,2.493765586034913,57.356608478803,0.0,4.987531172069826,2.493765586034913,0.0,62.34413965087282,14.962593516209475,0.0,0.0,0.0,22.443890274314214,37.406483790523694,2.493765586034913,224.43890274314217,7.481296758104738,0.0,17.456359102244388,2.493765586034913,0.0,0.0,0.0,9.975062344139651,2.493765586034913,0.0,7.481296758104738,0.0,7.481296758104738,0.0,2.493765586034913,2.493765586034913,0.0,7.481296758104738,0.0,2.493765586034913,4.987531172069826,7.481296758104738,129.67581047381546,87.28179551122194,9.975062344139651,52.36907730673317,0.6206030150753769,5.454773869346734,2.493765586034913,4.987531172069826,0.0,2.493765586034913,4.987531172069826,0.0,14.962593516209475,4.987531172069826,0.0,0.0,0.0,14.962593516209475,2.493765586034913,2.493765586034913,0.0,0.0,0.0,0.0,4.987531172069826,17.456359102244388,9.975062344139651,0.0,2.493765586034913
42980,89.80582524271844,9.70873786407767,29.12621359223301,2.4271844660194173,4.854368932038835,70.3883495145631,26.699029126213592,53.398058252427184,7.281553398058253,7.281553398058253,0.0,2.4271844660194173,12.135922330097086,2.4271844660194173,2.4271844660194173,208.73786407766988,7.281553398058253,0.0,14.563106796116505,0.0,0.0,0.0,2.4271844660194173,2.4271844660194173,2.4271844660194173,0.0,4.854368932038835,2.4271844660194173,0.0,0.0,0.0,0.0,0.0,0.0,0.0,0.0,0.0,7.281553398058253,89.80582524271844,33.980582524271846,7.281553398058253,67.96116504854369,0.5,4.231343283582089,0.0,0.0,0.0,0.0,14.563106796116505,0.0,4.854368932038835,2.4271844660194173,2.4271844660194173,16.990291262135923,24.271844660194173,14.563106796116505,9.70873786407767,0.0,14.563106796116505,0.0,0.0,0.0,9.70873786407767,2.4271844660194173,14.563106796116505,0.0,2.4271844660194173
43465,69.71153846153847,19.230769230769234,2.403846153846154,7.211538461538462,7.211538461538462,26.442307692307693,0.0,2.403846153846154,7.211538461538462,0.0,0.0,0.0,14.423076923076923,36.05769230769231,2.403846153846154,242.78846153846155,7.211538461538462,0.0,9.615384615384617,0.0,0.0,0.0,0.0,14.423076923076923,0.0,0.0,2.403846153846154,0.0,9.615384615384617,0.0,0.0,0.0,0.0,0.0,0.0,2.403846153846154,7.211538461538462,7.211538461538462,127.40384615384615,74.51923076923077,7.211538461538462,64.90384615384616,0.6092233009708737,4.997572815533981,0.0,4.807692307692308,0.0,2.403846153846154,2.403846153846154,2.403846153846154,2.403846153846154,0.0,0.0,2.403846153846154,0.0,7.211538461538462,7.211538461538462,9.615384615384617,0.0,0.0,2.403846153846154,0.0,9.615384615384617,14.423076923076923,2.403846153846154,14.423076923076923,4.807692307692308
48293,78.81773399014779,7.389162561576354,14.778325123152708,9.852216748768473,2.4630541871921183,9.852216748768473,2.4630541871921183,27.093596059113302,39.40886699507389,7.389162561576354,4.926108374384237,2.4630541871921183,22.167487684729064,14.778325123152708,0.0,231.5270935960591,0.0,0.0,32.01970443349754,0.0,0.0,0.0,0.0,12.315270935960593,4.926108374384237,0.0,2.4630541871921183,2.4630541871921183,4.926108374384237,2.4630541871921183,2.4630541871921183,0.0,0.0,0.0,0.0,0.0,4.926108374384237,7.389162561576354,113.30049261083744,51.724137931034484,4.926108374384237,44.33497536945813,0.5845771144278606,4.696517412935323,0.0,0.0,0.0,0.0,7.389162561576354,0.0,4.926108374384237,7.389162561576354,4.926108374384237,2.4630541871921183,2.4630541871921183,29.556650246305416,4.926108374384237,4.926108374384237,7.389162561576354,0.0,0.0,0.0,4.926108374384237,9.852216748768473,22.167487684729064,2.4630541871921183,0.0
49495,69.82543640897755,9.975062344139651,12.468827930174564,2.493765586034913,0.0,17.456359102244388,7.481296758104738,47.38154613466334,9.975062344139651,2.493765586034913,4.987531172069826,2.493765586034913,12.468827930174564,19.950124688279303,4.987531172069826,259.3516209476309,2.493765586034913,2.493765586034913,9.975062344139651,0.0,2.493765586034913,0.0,0.0,4.987531172069826,9.975062344139651,0.0,7.481296758104738,0.0,7.481296758104738,0.0,0.0,0.0,0.0,0.0,2.493765586034913,0.0,0.0,7.481296758104738,99.75062344139651,69.82543640897755,2.493765586034913,49.87531172069826,0.6120906801007556,4.899244332493703,9.975062344139651,2.493765586034913,2.493765586034913,2.493765586034913,7.481296758104738,2.493765586034913,0.0,7.481296758104738,0.0,4.987531172069826,14.962593516209475,9.975062344139651,9.975062344139651,2.493765586034913,2.493765586034913,2.493765586034913,0.0,0.0,2.493765586034913,17.456359102244388,4.987531172069826,0.0,2.493765586034913
5023,89.77556109725685,17.456359102244388,0.0,12.468827930174564,0.0,0.0,0.0,82.29426433915212,9.975062344139651,7.481296758104738,0.0,0.0,17.456359102244388,7.481296758104738,2.493765586034913,221.94513715710724,12.468827930174564,0.0,29.92518703241895,0.0,0.0,0.0,0.0,14.962593516209475,9.975062344139651,2.493765586034913,2.493765586034913,0.0,2.493765586034913,2.493765586034913,4.987531172069826,0.0,0.0,0.0,0.0,2.493765586034913,0.0,2.493765586034913,144.63840399002495,64.83790523690773,7.481296758104738,57.356608478803,0.5564102564102564,4.574358974358974,4.987531172069826,4.987531172069826,0.0,0.0,12.468827930174564,0.0,0.0,4.987531172069826,0.0,2.493765586034913,9.975062344139651,19.950124688279303,2.493765586034913,2.493765586034913,19.950124688279303,0.0,2.493765586034913,0.0,0.0,2.493765586034913,9.975062344139651,4.987531172069826,12.468827930174564
5099,105.91133004926108,4.926108374384237,2.4630541871921183,4.926108374384237,2.4630541871921183,0.0,0.0,59.11330049261083,19.704433497536947,0.0,22.167487684729064,0.0,2.4630541871921183,9.852216748768473,0.0,263.54679802955667,9.852216748768473,0.0,27.093596059113302,2.4630541871921183,0.0,0.0,0.0,14.778325123152708,7.389162561576354,0.0,0.0,2.4630541871921183,2.4630541871921183,0.0,0.0,0.0,0.0,0.0,0.0,0.0,2.4630541871921183,12.315270935960593,96.0591133004926,46.79802955665024,9.852216748768473,49.26108374384237,0.5475578406169666,4.683804627249358,0.0,0.0,0.0,7.389162561576354,4.926108374384237,0.0,9.852216748768473,0.0,0.0,4.926108374384237,0.0,14.778325123152708,2.4630541871921183,2.4630541871921183,4.926108374384237,0.0,0.0,0.0,2.4630541871921183,9.852216748768473,9.852216748768473,0.0,0.0
51293,105.91133004926108,24.630541871921185,17.241379310344826,7.389162561576354,0.0,110.83743842364532,2.4630541871921183,12.315270935960593,19.704433497536947,2.4630541871921183,0.0,0.0,7.389162561576354,12.315270935960593,7.389162561576354,209.35960591133005,0.0,0.0,32.01970443349754,2.4630541871921183,0.0,0.0,0.0,12.315270935960593,4.926108374384237,0.0,0.0,2.4630541871921183,2.4630541871921183,0.0,0.0,0.0,0.0,0.0,0.0,0.0,0.0,9.852216748768473,73.89162561576356,59.11330049261083,9.852216748768473,64.03940886699507,0.5768261964735516,4.3224181360201515,2.4630541871921183,4.926108374384237,2.4630541871921183,2.4630541871921183,4.926108374384237,0.0,2.4630541871921183,4.926108374384237,0.0,2.4630541871921183,7.389162561576354,14.778325123152708,4.926108374384237,4.926108374384237,22.167487684729064,2.4630541871921183,0.0,0.0,2.4630541871921183,2.4630541871921183,14.778325123152708,0.0,17.241379310344826
5289,96.92671394799055,9.456264775413711,7.092198581560283,4.7281323877068555,0.0,0.0,0.0,26.004728132387708,14.184397163120567,7.092198581560283,4.7281323877068555,7.092198581560283,18.912529550827422,40.189125295508276,4.7281323877068555,219.8581560283688,4.7281323877068555,0.0,23.64066193853428,2.3640661938534278,11.82033096926714,0.0,0.0,21.27659574468085,4.7281323877068555,0.0,2.3640661938534278,2.3640661938534278,4.7281323877068555,0.0,4.7281323877068555,0.0,0.0,0.0,0.0,0.0,2.3640661938534278,4.7281323877068555,94.56264775413712,75.65011820330969,7.092198581560283,49.64539007092199,0.6279620853080569,5.118483412322274,4.7281323877068555,2.3640661938534278,0.0,0.0,4.7281323877068555,0.0,9.456264775413711,0.0,0.0,4.7281323877068555,9.456264775413711,9.456264775413711,4.7281323877068555,4.7281323877068555,2.3640661938534278,0.0,0.0,0.0,7.092198581560283,18.912529550827422,4.7281323877068555,7.092198581560283,7.092198581560283
53374,94.43099273607749,12.106537530266344,2.4213075060532687,7.263922518159807,9.685230024213075,70.2179176755448,0.0,2.4213075060532687,48.426150121065376,0.0,9.685230024213075,0.0,14.527845036319613,9.685230024213075,4.842615012106537,181.59806295399517,4.842615012106537,0.0,29.055690072639226,4.842615012106537,0.0,0.0,0.0,14.527845036319613,7.263922518159807,0.0,0.0,2.4213075060532687,0.0,2.4213075060532687,0.0,0.0,0.0,2.4213075060532687,0.0,2.4213075060532687,7.263922518159807,4.842615012106537,89.58837772397095,53.26876513317191,4.842615012106537,94.43099273607749,0.5456790123456791,4.387654320987655,0.0,2.4213075060532687,0.0,2.4213075060532687,9.685230024213075,0.0,4.842615012106537,4.842615012106537,0.0,4.842615012106537,0.0,14.527845036319613,9.685230024213075,2.4213075060532687,16.949152542372882,0.0,2.4213075060532687,0.0,4.842615012106537,12.106537530266344,14.527845036319613,2.4213075060532687,16.949152542372882
54689,19.27710843373494,0.0,40.96385542168675,0.0,0.0,24.096385542168676,7.228915662650603,26.50602409638554,2.4096385542168677,2.4096385542168677,2.4096385542168677,0.0,21.686746987951807,31.32530120481928,2.4096385542168677,224.0963855421687,4.819277108433735,0.0,31.32530120481928,2.4096385542168677,2.4096385542168677,0.0,2.4096385542168677,21.686746987951807,2.4096385542168677,0.0,4.819277108433735,0.0,9.63855421686747,0.0,0.0,0.0,0.0,2.4096385542168677,0.0,0.0,2.4096385542168677,7.228915662650603,91.56626506024097,55.42168674698795,7.228915662650603,55.42168674698795,0.5696517412935324,5.111940298507463,7.228915662650603,2.4096385542168677,0.0,0.0,7.228915662650603,0.0,7.228915662650603,16.867469879518072,2.4096385542168677,9.63855421686747,9.63855421686747,24.096385542168676,4.819277108433735,0.0,19.27710843373494,2.4096385542168677,2.4096385542168677,0.0,7.228915662650603,24.096385542168676,12.048192771084338,0.0,2.4096385542168677
56232,101.6949152542373,12.106537530266344,2.4213075060532687,4.842615012106537,4.842615012106537,46.00484261501211,0.0,14.527845036319613,19.37046004842615,0.0,14.527845036319613,7.263922518159807,31.476997578692497,7.263922518159807,9.685230024213075,198.54721549636804,7.263922518159807,0.0,50.84745762711865,2.4213075060532687,0.0,0.0,0.0,12.106537530266344,9.685230024213075,0.0,2.4213075060532687,4.842615012106537,7.263922518159807,0.0,4.842615012106537,0.0,2.4213075060532687,0.0,4.842615012106537,2.4213075060532687,0.0,7.263922518159807,125.90799031476999,33.898305084745765,9.685230024213075,82.32445520581113,0.5420792079207921,4.462871287128713,0.0,0.0,2.4213075060532687,2.4213075060532687,12.106537530266344,0.0,0.0,2.4213075060532687,0.0,2.4213075060532687,4.842615012106537,12.106537530266344,0.0,0.0,9.685230024213075,0.0,0.0,0.0,4.842615012106537,2.4213075060532687,4.842615012106537,0.0,14.527845036319613
60156,86.20689655172414,4.926108374384237,4.926108374384237,7.389162561576354,2.4630541871921183,44.33497536945813,0.0,51.724137931034484,14.778325123152708,4.926108374384237,4.926108374384237,0.0,14.778325123152708,7.389162561576354,4.926108374384237,184.72906403940885,2.4630541871921183,0.0,22.167487684729064,0.0,0.0,0.0,0.0,19.704433497536947,2.4630541871921183,0.0,4.926108374384237,0.0,4.926108374384237,4.926108374384237,2.4630541871921183,0.0,0.0,0.0,0.0,0.0,2.4630541871921183,7.389162561576354,118.22660098522167,51.724137931034484,2.4630541871921183,83.74384236453201,0.5575,4.56,2.4630541871921183,4.926108374384237,2.4630541871921183,2.4630541871921183,7.389162561576354,0.0,2.4630541871921183,0.0,2.4630541871921183,7.389162561576354,2.4630541871921183,36.94581280788178,0.0,2.4630541871921183,12.315270935960593,0.0,0.0,0.0,12.315270935960593,7.389162561576354,14.778325123152708,2.4630541871921183,9.852216748768473
61434,106.88836104513064,40.38004750593824,4.750593824228028,4.750593824228028,9.501187648456057,73.63420427553444,7.125890736342043,4.750593824228028,9.501187648456057,0.0,7.125890736342043,2.375296912114014,45.13064133016627,11.876484560570072,0.0,194.77434679334917,7.125890736342043,0.0,21.377672209026127,0.0,0.0,0.0,4.750593824228028,16.6270783847981,2.375296912114014,2.375296912114014,0.0,0.0,16.6270783847981,0.0,0.0,0.0,0.0,0.0,0.0,0.0,0.0,11.876484560570072,106.88836104513064,59.38242280285035,9.501187648456057,54.63182897862233,0.5441527446300716,4.284009546539379,0.0,0.0,0.0,0.0,16.6270783847981,0.0,2.375296912114014,2.375296912114014,0.0,2.375296912114014,0.0,16.6270783847981,2.375296912114014,4.750593824228028,4.750593824228028,0.0,2.375296912114014,0.0,2.375296912114014,16.6270783847981,11.876484560570072,0.0,2.375296912114014
62825,85.57457212713938,4.88997555012225,7.334963325183374,2.444987775061125,2.444987775061125,44.00977995110025,0.0,29.339853300733495,29.339853300733495,4.88997555012225,7.334963325183374,0.0,22.004889975550125,9.7799511002445,2.444987775061125,202.93398533007334,4.88997555012225,2.444987775061125,29.339853300733495,7.334963325183374,0.0,0.0,0.0,12.224938875305625,7.334963325183374,2.444987775061125,4.88997555012225,2.444987775061125,9.7799511002445,2.444987775061125,0.0,0.0,0.0,0.0,0.0,2.444987775061125,2.444987775061125,7.334963325183374,119.8044009779951,61.12469437652811,7.334963325183374,61.12469437652811,0.5483870967741935,4.548387096774194,4.88997555012225,4.88997555012225,0.0,0.0,7.334963325183374,0.0,7.334963325183374,4.88997555012225,0.0,0.0,4.88997555012225,14.669926650366747,0.0,7.334963325183374,2.444987775061125,0.0,0.0,0.0,2.444987775061125,9.7799511002445,4.88997555012225,2.444987775061125,4.88997555012225
64759,84.15841584158416,4.9504950495049505,2.4752475247524752,7.425742574257425,0.0,0.0,2.4752475247524752,47.02970297029703,22.277227722772277,0.0,0.0,0.0,24.752475247524753,7.425742574257425,0.0,230.1980198019802,2.4752475247524752,0.0,47.02970297029703,4.9504950495049505,0.0,2.4752475247524752,0.0,22.277227722772277,2.4752475247524752,0.0,14.85148514851485,4.9504950495049505,2.4752475247524752,0.0,2.4752475247524752,0.0,0.0,0.0,0.0,0.0,2.4752475247524752,4.9504950495049505,118.8118811881188,71.78217821782178,9.900990099009901,61.88118811881188,0.5717821782178217,4.522277227722772,2.4752475247524752,0.0,2.4752475247524752,0.0,7.425742574257425,0.0,2.4752475247524752,0.0,0.0,0.0,2.4752475247524752,14.85148514851485,7.425742574257425,4.9504950495049505,0.0,2.4752475247524752,0.0,0.0,0.0,4.9504950495049505,7.425742574257425,2.4752475247524752,0.0
67135,97.799511002445,12.224938875305625,2.444987775061125,9.7799511002445,2.444987775061125,0.0,0.0,102.68948655256723,12.224938875305625,2.444987775061125,2.444987775061125,0.0,22.004889975550125,4.88997555012225,2.444987775061125,234.71882640586796,4.88997555012225,7.334963325183374,22.004889975550125,2.444987775061125,2.444987775061125,2.444987775061125,0.0,4.88997555012225,9.7799511002445,0.0,7.334963325183374,0.0,4.88997555012225,0.0,7.334963325183374,0.0,0.0,2.444987775061125,0.0,0.0,2.444987775061125,14.669926650366747,92.90953545232274,66.01466992665037,0.0,63.56968215158924,0.5467980295566502,4.524630541871921,0.0,9.7799511002445,0.0,0.0,7.334963325183374,0.0,4.88997555012225,0.0,0.0,7.334963325183374,0.0,26.89486552567237,4.88997555012225,0.0,2.444987775061125,0.0,0.0,0.0,0.0,7.334963325183374,7.334963325183374,0.0,4.88997555012225
68006,73.98568019093078,9.546539379474941,4.773269689737471,2.3866348448687353,7.159904534606206,0.0,0.0,35.79952267303103,11.933174224343675,2.3866348448687353,0.0,0.0,16.706443914081145,28.639618138424822,0.0,255.36992840095462,11.933174224343675,2.3866348448687353,23.86634844868735,2.3866348448687353,0.0,0.0,0.0,16.706443914081145,7.159904534606206,2.3866348448687353,2.3866348448687353,0.0,4.773269689737471,0.0,7.159904534606206,0.0,0.0,0.0,0.0,0.0,0.0,11.933174224343675,128.87828162291171,33.41288782816229,4.773269689737471,57.279236276849645,0.5584725536992841,4.420047732696897,0.0,2.3866348448687353,0.0,0.0,4.773269689737471,2.3866348448687353,2.3866348448687353,0.0,0.0,0.0,0.0,14.319809069212411,4.773269689737471,0.0,0.0,0.0,0.0,0.0,0.0,14.319809069212411,9.546539379474941,11.933174224343675,2.3866348448687353
78646,82.29426433915212,19.950124688279303,34.912718204488776,2.493765586034913,0.0,24.93765586034913,27.43142144638404,47.38154613466334,7.481296758104738,17.456359102244388,2.493765586034913,0.0,22.443890274314214,9.975062344139651,2.493765586034913,209.47630922693267,4.987531172069826,0.0,32.418952618453865,2.493765586034913,2.493765586034913,0.0,0.0,14.962593516209475,9.975062344139651,0.0,0.0,2.493765586034913,4.987531172069826,0.0,2.493765586034913,0.0,0.0,2.493765586034913,0.0,0.0,7.481296758104738,12.468827930174564,72.31920199501248,52.36907730673317,9.975062344139651,59.8503740648379,0.6025641025641025,4.574358974358974,0.0,0.0,2.493765586034913,0.0,17.456359102244388,0.0,0.0,7.481296758104738,4.987531172069826,0.0,12.468827930174564,34.912718204488776,0.0,2.493765586034913,14.962593516209475,0.0,0.0,0.0,7.481296758104738,4.987531172069826,14.962593516209475,2.493765586034913,7.481296758104738
79550,71.09004739336493,2.3696682464454977,9.47867298578199,2.3696682464454977,2.3696682464454977,59.241706161137444,0.0,14.218009478672984,21.32701421800948,2.3696682464454977,4.739336492890995,0.0,14.218009478672984,11.848341232227487,0.0,222.74881516587678,0.0,0.0,28.43601895734597,4.739336492890995,0.0,0.0,0.0,18.95734597156398,7.109004739336492,0.0,7.109004739336492,4.739336492890995,9.47867298578199,0.0,2.3696682464454977,0.0,0.0,0.0,2.3696682464454977,0.0,7.109004739336492,2.3696682464454977,118.48341232227489,66.35071090047394,4.739336492890995,59.241706161137444,0.5966183574879227,4.475845410628019,0.0,4.739336492890995,0.0,0.0,2.3696682464454977,0.0,4.739336492890995,2.3696682464454977,0.0,7.109004739336492,0.0,23.696682464454973,2.3696682464454977,0.0,14.218009478672984,4.739336492890995,0.0,2.3696682464454977,4.739336492890995,7.109004739336492,14.218009478672984,0.0,7.109004739336492
79677,87.5,15.0,0.0,2.5,0.0,0.0,0.0,37.5,20.0,0.0,7.5,0.0,12.5,7.5,5.0,262.5,7.5,0.0,20.0,0.0,0.0,0.0,0.0,17.5,10.0,2.5,0.0,5.0,5.0,0.0,0.0,0.0,0.0,0.0,0.0,0.0,2.5,5.0,115.0,80.0,2.5,45.0,0.5772151898734177,4.6556962025316455,0.0,0.0,0.0,0.0,15.0,0.0,2.5,0.0,0.0,2.5,0.0,17.5,2.5,7.5,0.0,0.0,0.0,0.0,0.0,7.5,12.5,0.0,0.0
80149,27.71362586605081,16.166281755196305,90.06928406466514,11.547344110854503,20.785219399538104,92.37875288683603,2.3094688221709005,6.928406466512702,4.618937644341801,6.928406466512702,2.3094688221709005,0.0,20.785219399538104,11.547344110854503,2.3094688221709005,173.21016166281754,4.618937644341801,0.0,41.57043879907621,2.3094688221709005,0.0,0.0,0.0,18.475750577367204,4.618937644341801,2.3094688221709005,2.3094688221709005,0.0,4.618937644341801,0.0,4.618937644341801,0.0,0.0,0.0,6.928406466512702,0.0,11.547344110854503,2.3094688221709005,87.75981524249423,48.49884526558892,4.618937644341801,83.14087759815241,0.5420560747663551,4.214953271028038,2.3094688221709005,2.3094688221709005,0.0,2.3094688221709005,9.237875288683602,2.3094688221709005,6.928406466512702,2.3094688221709005,0.0,0.0,2.3094688221709005,18.475750577367204,0.0,9.237875288683602,9.237875288683602,0.0,0.0,0.0,2.3094688221709005,11.547344110854503,20.785219399538104,0.0,9.237875288683602
80664,80.68459657701712,14.669926650366747,7.334963325183374,2.444987775061125,2.444987775061125,0.0,0.0,29.339853300733495,12.224938875305625,4.88997555012225,4.88997555012225,0.0,24.44987775061125,14.669926650366747,0.0,246.9437652811736,14.669926650366747,2.444987775061125,24.44987775061125,9.7799511002445,2.444987775061125,0.0,0.0,7.334963325183374,0.0,0.0,4.88997555012225,2.444987775061125,7.334963325183374,0.0,12.224938875305625,0.0,0.0,0.0,0.0,0.0,2.444987775061125,12.224938875305625,122.24938875305622,58.67970660146699,7.334963325183374,48.8997555012225,0.5358024691358024,4.4222222222222225,0.0,0.0,0.0,2.444987775061125,2.444987775061125,0.0,7.334963325183374,4.88997555012225,0.0,0.0,4.88997555012225,17.114914425427873,0.0,4.88997555012225,2.444987775061125,0.0,0.0,0.0,0.0,7.334963325183374,4.88997555012225,2.444987775061125,7.334963325183374
80754,93.59605911330048,4.926108374384237,0.0,2.4630541871921183,2.4630541871921183,0.0,0.0,44.33497536945813,9.852216748768473,7.389162561576354,4.926108374384237,0.0,19.704433497536947,17.241379310344826,4.926108374384237,209.35960591133005,9.852216748768473,2.4630541871921183,44.33497536945813,4.926108374384237,2.4630541871921183,0.0,0.0,19.704433497536947,7.389162561576354,0.0,2.4630541871921183,0.0,7.389162561576354,0.0,9.852216748768473,0.0,0.0,0.0,0.0,2.4630541871921183,0.0,7.389162561576354,115.76354679802955,81.2807881773399,9.852216748768473,46.79802955665024,0.6172839506172839,4.970370370370371,0.0,4.926108374384237,2.4630541871921183,2.4630541871921183,7.389162561576354,0.0,7.389162561576354,0.0,0.0,0.0,7.389162561576354,12.315270935960593,7.389162561576354,2.4630541871921183,0.0,0.0,0.0,0.0,2.4630541871921183,4.926108374384237,7.389162561576354,0.0,0.0
8078,76.55502392344498,2.3923444976076556,7.177033492822967,4.784688995215311,0.0,4.784688995215311,2.3923444976076556,74.16267942583733,21.5311004784689,2.3923444976076556,4.784688995215311,0.0,28.70813397129187,19.138755980861244,0.0,234.44976076555025,4.784688995215311,0.0,43.0622009569378,2.3923444976076556,2.3923444976076556,0.0,0.0,11.961722488038278,2.3923444976076556,2.3923444976076556,2.3923444976076556,0.0,9.569377990430622,2.3923444976076556,7.177033492822967,0.0,0.0,0.0,0.0,0.0,7.177033492822967,2.3923444976076556,100.47846889952153,71.77033492822966,4.784688995215311,78.94736842105263,0.5724815724815725,4.862407862407863,0.0,0.0,0.0,0.0,9.569377990430622,0.0,2.3923444976076556,19.138755980861244,0.0,4.784688995215311,4.784688995215311,38.27751196172249,4.784688995215311,0.0,11.961722488038278,0.0,0.0,0.0,0.0,4.784688995215311,9.569377990430622,0.0,16.74641148325359
87515,81.9277108433735,7.228915662650603,4.819277108433735,4.819277108433735,16.867469879518072,96.3855421686747,0.0,26.50602409638554,2.4096385542168677,2.4096385542168677,0.0,0.0,4.819277108433735,21.686746987951807,4.819277108433735,204.81927710843374,14.457831325301205,0.0,12.048192771084338,0.0,0.0,0.0,0.0,14.457831325301205,7.228915662650603,2.4096385542168677,0.0,0.0,0.0,0.0,2.4096385542168677,0.0,0.0,0.0,0.0,0.0,0.0,2.4096385542168677,106.02409638554217,40.96385542168675,4.819277108433735,67.46987951807229,0.5738498789346247,4.6658595641646485,2.4096385542168677,0.0,0.0,4.819277108433735,2.4096385542168677,2.4096385542168677,2.4096385542168677,7.228915662650603,2.4096385542168677,9.63855421686747,2.4096385542168677,24.096385542168676,0.0,2.4096385542168677,0.0,2.4096385542168677,0.0,0.0,4.819277108433735,26.50602409638554,14.457831325301205,2.4096385542168677,4.819277108433735
89770,74.07407407407408,4.938271604938271,9.876543209876543,7.407407407407407,4.938271604938271,2.4691358024691357,0.0,44.44444444444444,19.753086419753085,0.0,2.4691358024691357,0.0,14.814814814814815,22.22222222222222,7.407407407407407,271.6049382716049,4.938271604938271,2.4691358024691357,19.753086419753085,0.0,2.4691358024691357,0.0,2.4691358024691357,14.814814814814815,4.938271604938271,2.4691358024691357,0.0,2.4691358024691357,7.407407407407407,0.0,0.0,0.0,0.0,0.0,0.0,0.0,0.0,19.753086419753085,101.23456790123457,46.91358024691358,4.938271604938271,54.32098765432099,0.5798969072164949,4.956185567010309,0.0,4.938271604938271,0.0,2.4691358024691357,4.938271604938271,2.4691358024691357,0.0,2.4691358024691357,0.0,4.938271604938271,7.407407407407407,14.814814814814815,2.4691358024691357,0.0,9.876543209876543,2.4691358024691357,0.0,0.0,0.0,14.814814814814815,4.938271604938271,2.4691358024691357,2.4691358024691357
90736,2.4691358024691357,4.938271604938271,93.82716049382717,7.407407407407407,4.938271604938271,19.753086419753085,0.0,86.41975308641975,7.407407407407407,2.4691358024691357,0.0,0.0,39.50617283950617,22.22222222222222,0.0,229.62962962962962,4.938271604938271,2.4691358024691357,32.098765432098766,0.0,0.0,0.0,0.0,7.407407407407407,4.938271604938271,0.0,2.4691358024691357,0.0,19.753086419753085,0.0,14.814814814814815,0.0,0.0,0.0,0.0,0.0,2.4691358024691357,7.407407407407407,103.7037037037037,88.88888888888889,2.4691358024691357,56.79012345679013,0.5456790123456791,4.330864197530865,0.0,0.0,7.407407407407407,2.4691358024691357,7.407407407407407,0.0,0.0,4.938271604938271,0.0,4.938271604938271,7.407407407407407,14.814814814814815,4.938271604938271,2.4691358024691357,0.0,0.0,0.0,0.0,7.407407407407407,9.876543209876543,2.4691358024691357,0.0,7.407407407407407
91060,91.34615384615384,4.807692307692308,4.807692307692308,7.211538461538462,2.403846153846154,72.11538461538461,0.0,9.615384615384617,12.01923076923077,2.403846153846154,0.0,0.0,24.03846153846154,12.01923076923077,2.403846153846154,242.78846153846155,9.615384615384617,0.0,19.230769230769234,0.0,0.0,0.0,0.0,4.807692307692308,2.403846153846154,0.0,2.403846153846154,2.403846153846154,14.423076923076923,0.0,0.0,0.0,2.403846153846154,0.0,0.0,0.0,0.0,4.807692307692308,117.78846153846153,81.73076923076923,4.807692307692308,55.28846153846153,0.6131386861313869,4.3892944038929445,7.211538461538462,7.211538461538462,2.403846153846154,0.0,4.807692307692308,0.0,0.0,2.403846153846154,2.403846153846154,2.403846153846154,0.0,14.423076923076923,0.0,2.403846153846154,9.615384615384617,2.403846153846154,2.403846153846154,0.0,2.403846153846154,12.01923076923077,9.615384615384617,2.403846153846154,9.615384615384617
96391,76.92307692307693,7.211538461538462,14.423076923076923,2.403846153846154,2.403846153846154,7.211538461538462,9.615384615384617,36.05769230769231,4.807692307692308,2.403846153846154,4.807692307692308,0.0,26.442307692307693,12.01923076923077,0.0,218.75,14.423076923076923,0.0,21.634615384615383,2.403846153846154,0.0,0.0,0.0,19.230769230769234,2.403846153846154,2.403846153846154,0.0,0.0,7.211538461538462,2.403846153846154,2.403846153846154,0.0,0.0,0.0,2.403846153846154,2.403846153846154,0.0,2.403846153846154,110.57692307692307,50.48076923076923,7.211538461538462,69.71153846153847,0.5927710843373494,4.3590361445783135,7.211538461538462,7.211538461538462,2.403846153846154,2.403846153846154,9.615384615384617,0.0,0.0,2.403846153846154,0.0,2.403846153846154,2.403846153846154,14.423076923076923,4.807692307692308,12.01923076923077,0.0,2.403846153846154,0.0,0.0,2.403846153846154,7.211538461538462,4.807692307692308,0.0,2.403846153846154
96499,24.213075060532688,7.263922518159807,87.16707021791767,4.842615012106537,0.0,2.4213075060532687,2.4213075060532687,87.16707021791767,46.00484261501211,4.842615012106537,4.842615012106537,2.4213075060532687,12.106537530266344,12.106537530266344,2.4213075060532687,222.7602905569007,4.842615012106537,0.0,36.31961259079903,4.842615012106537,4.842615012106537,0.0,4.842615012106537,2.4213075060532687,0.0,2.4213075060532687,0.0,2.4213075060532687,2.4213075060532687,0.0,0.0,0.0,0.0,0.0,0.0,0.0,0.0,7.263922518159807,118.64406779661017,38.7409200968523,9.685230024213075,84.7457627118644,0.531328320802005,4.293233082706767,0.0,7.263922518159807,0.0,0.0,7.263922518159807,0.0,0.0,4.842615012106537,2.4213075060532687,0.0,4.842615012106537,19.37046004842615,4.842615012106537,0.0,29.055690072639226,0.0,2.4213075060532687,0.0,2.4213075060532687,9.685230024213075,9.685230024213075,2.4213075060532687,9.685230024213075
98911,94.56264775413712,11.82033096926714,11.82033096926714,0.0,4.7281323877068555,61.46572104018912,4.7281323877068555,9.456264775413711,18.912529550827422,9.456264775413711,0.0,0.0,11.82033096926714,35.46099290780142,0.0,189.12529550827423,0.0,0.0,28.368794326241133,0.0,0.0,0.0,0.0,9.456264775413711,4.7281323877068555,0.0,0.0,0.0,2.3640661938534278,0.0,0.0,0.0,0.0,0.0,0.0,0.0,7.092198581560283,2.3640661938534278,96.92671394799055,63.82978723404255,11.82033096926714,75.65011820330969,0.569377990430622,4.679425837320574,2.3640661938534278,4.7281323877068555,2.3640661938534278,7.092198581560283,11.82033096926714,0.0,7.092198581560283,2.3640661938534278,0.0,4.7281323877068555,2.3640661938534278,23.64066193853428,7.092198581560283,2.3640661938534278,9.456264775413711,0.0,0.0,0.0,2.3640661938534278,2.3640661938534278,16.548463356973993,7.092198581560283,9.456264775413711
