doc_id,f_01_past_tense,f_02_perfect_aspect,f_03_present_tense,f_04_place_adverbials,f_05_time_adverbials,f_06_first_person_pronouns,f_07_second_person_pronouns,f_08_third_person_pronouns,f_09_pronoun_it,f_10_demonstrative_pronoun,f_11_indefinite_pronouns,f_12_proverb_do,f_13_wh_question,f_14_nominalizations,f_15_gerunds,f_16_other_nouns,f_17_agentless_passives,f_18_by_passives,f_19_be_main_verb,f_20_existential_there,f_21_that_verb_comp,f_22_that_adj_comp,f_23_wh_clause,f_24_infinitives,f_25_present_participle,f_26_past_participle,f_27_past_participle_whiz,f_28_present_participle_whiz,f_29_that_subj,f_30_that_obj,f_31_wh_subj,f_32_wh_obj,f_33_pied_piping,f_34_sentence_relatives,f_35_because,f_36_though,f_37_if,f_38_other_adv_sub,f_39_prepositions,f_40_adj_attr,f_41_adj_pred,f_42_adverbs,f_43_type_token,f_44_mean_word_length,f_45_conjuncts,f_46_downtoners,f_47_hedges,f_48_amplifiers,f_49_emphatics,f_50_discourse_particles,f_51_demonstratives,f_52_modal_possibility,f_53_modal_necessity,f_54_modal_predictive,f_55_verb_public,f_56_verb_private,f_57_verb_suasive,f_58_verb_seem,f_59_contractions,f_60_that_deletion,f_61_stranded_preposition,f_62_split_infinitive,f_63_split_auxiliary,f_64_phrasal_coordination,f_65_clausal_coordination,f_66_neg_synthetic,f_67_neg_analytic
10530999,29.26829268292683,12.195121951219512,56.09756097560976,0.0,9.75609756097561,0.0,0.0,68.29268292682927,4.878048780487805,0.0,2.4390243902439024,0.0,19.51219512195122,24.390243902439025,9.75609756097561,217.0731707317073,4.878048780487805,0.0,43.90243902439024,2.4390243902439024,0.0,2.4390243902439024,0.0,17.073170731707318,4.878048780487805,2.4390243902439024,0.0,0.0,7.317073170731708,0.0,7.317073170731708,0.0,0.0,2.4390243902439024,0.0,0.0,0.0,9.75609756097561,102.4390243902439,65.85365853658537,17.073170731707318,46.34146341463415,0.5199004975124378,4.731343283582089,0.0,2.4390243902439024,0.0,0.0,9.75609756097561,2.4390243902439024,7.317073170731708,0.0,0.0,2.4390243902439024,0.0,4.878048780487805,4.878048780487805,0.0,4.878048780487805,0.0,0.0,0.0,4.878048780487805,36.58536585365854,19.51219512195122,0.0,0.0
14842206,9.411764705882351,16.47058823529412,68.23529411764706,2.352941176470588,0.0,0.0,2.352941176470588,61.1764705882353,4.705882352941176,0.0,0.0,4.705882352941176,25.88235294117647,16.47058823529412,0.0,270.5882352941176,9.411764705882351,2.352941176470588,25.88235294117647,0.0,2.352941176470588,0.0,0.0,18.823529411764703,7.058823529411765,0.0,0.0,2.352941176470588,2.352941176470588,0.0,14.11764705882353,0.0,0.0,0.0,0.0,0.0,0.0,0.0,115.29411764705883,54.11764705882353,4.705882352941176,58.8235294117647,0.569377990430622,4.605263157894737,4.705882352941176,2.352941176470588,0.0,0.0,14.11764705882353,0.0,2.352941176470588,2.352941176470588,0.0,0.0,0.0,7.058823529411765,2.352941176470588,0.0,4.705882352941176,0.0,0.0,0.0,4.705882352941176,14.11764705882353,11.76470588235294,2.352941176470588,2.352941176470588
16251401,14.527845036319613,29.055690072639226,48.426150121065376,4.842615012106537,2.4213075060532687,0.0,0.0,9.685230024213075,0.0,0.0,0.0,0.0,12.106537530266344,60.53268765133172,2.4213075060532687,271.1864406779661,9.685230024213075,4.842615012106537,9.685230024213075,0.0,4.842615012106537,0.0,0.0,16.949152542372882,9.685230024213075,2.4213075060532687,2.4213075060532687,0.0,0.0,0.0,7.263922518159807,0.0,0.0,2.4213075060532687,0.0,0.0,0.0,7.263922518159807,118.64406779661017,75.06053268765133,4.842615012106537,19.37046004842615,0.5626535626535627,5.398034398034398,7.263922518159807,0.0,0.0,0.0,0.0,0.0,7.263922518159807,0.0,2.4213075060532687,7.263922518159807,7.263922518159807,9.685230024213075,7.263922518159807,0.0,0.0,0.0,0.0,0.0,4.842615012106537,14.527845036319613,2.4213075060532687,0.0,0.0
16438199,20.97902097902098,13.986013986013987,53.613053613053616,2.331002331002331,0.0,16.317016317016318,0.0,30.303030303030305,4.662004662004662,0.0,0.0,0.0,16.317016317016318,16.317016317016318,0.0,293.7062937062937,6.993006993006993,0.0,46.62004662004662,0.0,4.662004662004662,11.655011655011656,0.0,16.317016317016318,2.331002331002331,0.0,2.331002331002331,0.0,2.331002331002331,0.0,4.662004662004662,0.0,0.0,6.993006993006993,2.331002331002331,0.0,0.0,6.993006993006993,109.55710955710956,48.95104895104895,18.64801864801865,25.64102564102564,0.48048780487804876,4.45609756097561,0.0,0.0,0.0,0.0,2.331002331002331,0.0,0.0,9.324009324009324,0.0,18.64801864801865,6.993006993006993,6.993006993006993,2.331002331002331,0.0,18.64801864801865,0.0,0.0,0.0,0.0,4.662004662004662,16.317016317016318,0.0,0.0
16501894,0.0,9.592326139088728,50.35971223021583,0.0,0.0,0.0,0.0,0.0,21.58273381294964,4.796163069544364,0.0,0.0,14.388489208633095,28.77697841726619,0.0,321.3429256594724,7.194244604316547,0.0,9.592326139088728,0.0,0.0,0.0,0.0,9.592326139088728,2.398081534772182,0.0,0.0,4.796163069544364,0.0,0.0,0.0,0.0,0.0,11.990407673860911,0.0,0.0,0.0,2.398081534772182,112.70983213429255,103.11750599520383,2.398081534772182,45.563549160671464,0.5112781954887218,5.365914786967418,2.398081534772182,2.398081534772182,0.0,11.990407673860911,2.398081534772182,0.0,4.796163069544364,0.0,0.0,0.0,2.398081534772182,4.796163069544364,0.0,0.0,0.0,0.0,0.0,0.0,2.398081534772182,9.592326139088728,4.796163069544364,0.0,0.0
16618156,23.4192037470726,14.05152224824356,46.8384074941452,4.68384074941452,0.0,2.34192037470726,0.0,7.02576112412178,4.68384074941452,7.02576112412178,0.0,2.34192037470726,11.7096018735363,58.5480093676815,4.68384074941452,257.6112412177986,16.393442622950822,7.02576112412178,16.393442622950822,0.0,14.05152224824356,0.0,0.0,14.05152224824356,2.34192037470726,0.0,2.34192037470726,0.0,7.02576112412178,0.0,2.34192037470726,0.0,0.0,0.0,0.0,0.0,0.0,4.68384074941452,119.43793911007025,74.94145199063232,4.68384074941452,30.44496487119438,0.4830097087378641,5.298543689320389,0.0,0.0,0.0,0.0,4.68384074941452,0.0,2.34192037470726,7.02576112412178,2.34192037470726,0.0,7.02576112412178,18.73536299765808,4.68384074941452,0.0,0.0,0.0,0.0,0.0,7.02576112412178,18.73536299765808,9.36768149882904,0.0,0.0
16987644,14.11764705882353,16.47058823529412,49.41176470588235,4.705882352941176,0.0,7.058823529411765,0.0,7.058823529411765,18.823529411764703,0.0,0.0,2.352941176470588,30.58823529411765,40.0,2.352941176470588,232.94117647058823,7.058823529411765,0.0,18.823529411764703,0.0,11.76470588235294,0.0,0.0,30.58823529411765,0.0,0.0,0.0,0.0,7.058823529411765,0.0,4.705882352941176,0.0,0.0,18.823529411764703,0.0,0.0,7.058823529411765,7.058823529411765,94.11764705882352,47.05882352941176,14.11764705882353,40.0,0.47030878859857483,4.774346793349169,4.705882352941176,0.0,0.0,0.0,9.411764705882351,0.0,2.352941176470588,7.058823529411765,4.705882352941176,21.176470588235293,23.52941176470588,4.705882352941176,14.11764705882353,0.0,2.352941176470588,0.0,0.0,0.0,7.058823529411765,4.705882352941176,7.058823529411765,0.0,7.058823529411765
17896534,21.07728337236534,14.05152224824356,56.20608899297424,2.34192037470726,2.34192037470726,4.68384074941452,0.0,0.0,16.393442622950822,2.34192037470726,0.0,0.0,14.05152224824356,18.73536299765808,7.02576112412178,330.21077283372364,18.73536299765808,2.34192037470726,16.393442622950822,2.34192037470726,2.34192037470726,0.0,0.0,18.73536299765808,0.0,0.0,0.0,0.0,0.0,0.0,0.0,0.0,0.0,14.05152224824356,0.0,0.0,0.0,4.68384074941452,110.07025761124122,37.47072599531616,2.34192037470726,28.10304449648712,0.43765281173594134,4.770171149144255,2.34192037470726,0.0,0.0,2.34192037470726,0.0,0.0,9.36768149882904,0.0,0.0,16.393442622950822,9.36768149882904,16.393442622950822,2.34192037470726,0.0,0.0,0.0,0.0,0.0,4.68384074941452,4.68384074941452,4.68384074941452,2.34192037470726,2.34192037470726
18930191,32.863849765258216,32.863849765258216,44.60093896713615,4.694835680751174,0.0,0.0,0.0,7.042253521126761,7.042253521126761,0.0,0.0,0.0,11.737089201877934,39.906103286384976,16.431924882629108,286.3849765258216,7.042253521126761,2.347417840375587,9.389671361502348,0.0,2.347417840375587,2.347417840375587,0.0,18.779342723004696,4.694835680751174,0.0,9.389671361502348,4.694835680751174,0.0,0.0,4.694835680751174,0.0,0.0,7.042253521126761,0.0,0.0,0.0,4.694835680751174,122.06572769953051,37.55868544600939,4.694835680751174,18.779342723004696,0.45368171021377673,5.280285035629453,0.0,0.0,0.0,0.0,0.0,0.0,2.347417840375587,2.347417840375587,0.0,0.0,7.042253521126761,7.042253521126761,4.694835680751174,0.0,0.0,0.0,0.0,0.0,9.389671361502348,23.474178403755868,9.389671361502348,2.347417840375587,0.0
18944657,53.26876513317191,9.685230024213075,16.949152542372882,4.842615012106537,0.0,2.4213075060532687,0.0,60.53268765133172,2.4213075060532687,2.4213075060532687,0.0,0.0,16.949152542372882,29.055690072639226,0.0,305.08474576271186,14.527845036319613,4.842615012106537,16.949152542372882,0.0,9.685230024213075,0.0,0.0,9.685230024213075,4.842615012106537,2.4213075060532687,0.0,2.4213075060532687,0.0,0.0,12.106537530266344,0.0,2.4213075060532687,2.4213075060532687,0.0,0.0,0.0,0.0,123.48668280871671,50.84745762711865,2.4213075060532687,33.898305084745765,0.5074257425742574,4.623762376237623,2.4213075060532687,0.0,0.0,0.0,7.263922518159807,0.0,0.0,0.0,0.0,9.685230024213075,9.685230024213075,4.842615012106537,2.4213075060532687,4.842615012106537,0.0,0.0,0.0,0.0,2.4213075060532687,16.949152542372882,7.263922518159807,0.0,0.0
19402353,2.4691358024691357,17.28395061728395,39.50617283950617,0.0,0.0,0.0,0.0,2.4691358024691357,0.0,0.0,0.0,0.0,12.345679012345679,34.5679012345679,7.407407407407407,298.7654320987654,17.28395061728395,7.407407407407407,7.407407407407407,0.0,2.4691358024691357,0.0,0.0,29.62962962962963,2.4691358024691357,0.0,2.4691358024691357,0.0,2.4691358024691357,0.0,2.4691358024691357,0.0,0.0,4.938271604938271,0.0,0.0,0.0,7.407407407407407,111.1111111111111,91.35802469135803,2.4691358024691357,7.407407407407407,0.4770408163265306,5.183673469387755,0.0,0.0,0.0,0.0,0.0,0.0,0.0,0.0,0.0,14.814814814814815,0.0,14.814814814814815,4.938271604938271,0.0,0.0,0.0,0.0,0.0,4.938271604938271,4.938271604938271,2.4691358024691357,0.0,0.0
19457015,59.701492537313435,14.925373134328359,22.388059701492537,4.975124378109452,4.975124378109452,0.0,0.0,12.437810945273633,7.462686567164179,2.487562189054726,0.0,0.0,12.437810945273633,24.875621890547265,0.0,318.40796019900495,22.388059701492537,2.487562189054726,12.437810945273633,0.0,12.437810945273633,0.0,0.0,9.950248756218905,2.487562189054726,0.0,2.487562189054726,2.487562189054726,0.0,0.0,4.975124378109452,0.0,0.0,4.975124378109452,0.0,0.0,0.0,7.462686567164179,114.42786069651741,42.28855721393035,0.0,22.388059701492537,0.5664160401002506,5.2330827067669174,0.0,0.0,0.0,2.487562189054726,0.0,0.0,0.0,7.462686567164179,0.0,2.487562189054726,9.950248756218905,4.975124378109452,2.487562189054726,0.0,0.0,0.0,0.0,0.0,7.462686567164179,19.90049751243781,7.462686567164179,0.0,0.0
19744533,9.950248756218905,37.31343283582089,52.23880597014925,2.487562189054726,2.487562189054726,0.0,0.0,4.975124378109452,9.950248756218905,0.0,0.0,0.0,14.925373134328359,52.23880597014925,4.975124378109452,251.24378109452738,14.925373134328359,14.925373134328359,12.437810945273633,4.975124378109452,2.487562189054726,0.0,0.0,12.437810945273633,0.0,0.0,0.0,2.487562189054726,7.462686567164179,0.0,2.487562189054726,0.0,0.0,2.487562189054726,0.0,0.0,0.0,2.487562189054726,116.91542288557214,74.62686567164178,2.487562189054726,17.412935323383085,0.535175879396985,5.015075376884422,2.487562189054726,0.0,0.0,0.0,2.487562189054726,0.0,2.487562189054726,2.487562189054726,0.0,2.487562189054726,4.975124378109452,19.90049751243781,0.0,0.0,0.0,0.0,0.0,0.0,2.487562189054726,12.437810945273633,7.462686567164179,0.0,0.0
19788721,37.12296983758701,27.842227378190255,46.403712296983755,2.320185614849188,2.320185614849188,0.0,0.0,11.600928074245939,9.280742459396752,4.640371229698376,0.0,0.0,18.561484918793504,74.24593967517401,6.960556844547564,218.09744779582365,16.241299303944317,9.280742459396752,11.600928074245939,0.0,2.320185614849188,4.640371229698376,0.0,13.921113689095128,0.0,0.0,2.320185614849188,0.0,6.960556844547564,0.0,6.960556844547564,0.0,0.0,2.320185614849188,0.0,0.0,0.0,4.640371229698376,162.41299303944314,46.403712296983755,4.640371229698376,41.76334106728538,0.4738095238095238,5.04047619047619,2.320185614849188,0.0,0.0,0.0,4.640371229698376,0.0,2.320185614849188,2.320185614849188,0.0,2.320185614849188,6.960556844547564,4.640371229698376,9.280742459396752,0.0,0.0,0.0,0.0,0.0,2.320185614849188,2.320185614849188,0.0,2.320185614849188,4.640371229698376
20711082,4.926108374384237,7.389162561576354,51.724137931034484,0.0,0.0,0.0,0.0,2.4630541871921183,4.926108374384237,0.0,2.4630541871921183,0.0,19.704433497536947,14.778325123152708,0.0,406.4039408866995,22.167487684729064,4.926108374384237,24.630541871921185,0.0,0.0,0.0,0.0,12.315270935960593,0.0,0.0,2.4630541871921183,0.0,0.0,0.0,7.389162561576354,0.0,2.4630541871921183,12.315270935960593,0.0,0.0,0.0,2.4630541871921183,96.0591133004926,49.26108374384237,7.389162561576354,7.389162561576354,0.5341772151898734,4.992405063291139,0.0,0.0,0.0,0.0,0.0,0.0,2.4630541871921183,4.926108374384237,0.0,22.167487684729064,4.926108374384237,14.778325123152708,2.4630541871921183,0.0,0.0,0.0,0.0,0.0,2.4630541871921183,14.778325123152708,4.926108374384237,0.0,0.0
21449125,34.090909090909086,13.636363636363635,34.090909090909086,0.0,2.2727272727272725,0.0,0.0,43.18181818181818,4.545454545454545,0.0,0.0,0.0,11.363636363636363,11.363636363636363,0.0,277.2727272727273,4.545454545454545,2.2727272727272725,18.18181818181818,0.0,2.2727272727272725,0.0,0.0,29.545454545454543,2.2727272727272725,0.0,0.0,0.0,0.0,0.0,9.09090909090909,0.0,0.0,2.2727272727272725,0.0,0.0,2.2727272727272725,11.363636363636363,134.0909090909091,43.18181818181818,4.545454545454545,15.909090909090908,0.5128205128205128,4.627039627039627,2.2727272727272725,0.0,0.0,0.0,2.2727272727272725,0.0,4.545454545454545,4.545454545454545,0.0,11.363636363636363,2.2727272727272725,6.8181818181818175,0.0,2.2727272727272725,0.0,0.0,0.0,0.0,2.2727272727272725,0.0,22.727272727272727,0.0,0.0
22085678,56.23471882640587,12.224938875305625,17.114914425427873,4.88997555012225,2.444987775061125,0.0,0.0,12.224938875305625,7.334963325183374,0.0,0.0,0.0,7.334963325183374,22.004889975550125,2.444987775061125,342.2982885085575,4.88997555012225,0.0,14.669926650366747,4.88997555012225,2.444987775061125,0.0,0.0,22.004889975550125,4.88997555012225,0.0,4.88997555012225,7.334963325183374,0.0,0.0,0.0,0.0,0.0,7.334963325183374,0.0,0.0,0.0,7.334963325183374,112.46943765281173,44.00977995110025,7.334963325183374,22.004889975550125,0.5114503816793893,5.132315521628499,2.444987775061125,0.0,0.0,0.0,2.444987775061125,2.444987775061125,7.334963325183374,0.0,0.0,0.0,14.669926650366747,4.88997555012225,4.88997555012225,2.444987775061125,0.0,0.0,0.0,0.0,2.444987775061125,12.224938875305625,4.88997555012225,4.88997555012225,0.0
22107433,14.563106796116505,29.12621359223301,65.53398058252426,0.0,0.0,19.41747572815534,0.0,16.990291262135923,7.281553398058253,0.0,2.4271844660194173,2.4271844660194173,9.70873786407767,43.689320388349515,0.0,279.126213592233,2.4271844660194173,0.0,21.844660194174757,0.0,14.563106796116505,0.0,0.0,31.553398058252426,2.4271844660194173,0.0,7.281553398058253,0.0,2.4271844660194173,0.0,4.854368932038835,0.0,0.0,0.0,0.0,0.0,0.0,4.854368932038835,92.23300970873787,38.83495145631068,19.41747572815534,24.271844660194173,0.4534313725490196,5.095588235294118,2.4271844660194173,0.0,0.0,0.0,2.4271844660194173,0.0,2.4271844660194173,2.4271844660194173,4.854368932038835,4.854368932038835,21.844660194174757,7.281553398058253,4.854368932038835,0.0,0.0,0.0,0.0,0.0,4.854368932038835,2.4271844660194173,14.563106796116505,0.0,0.0
22178765,12.437810945273633,17.412935323383085,52.23880597014925,7.462686567164179,0.0,0.0,0.0,9.950248756218905,7.462686567164179,4.975124378109452,0.0,0.0,7.462686567164179,34.82587064676617,2.487562189054726,271.14427860696514,17.412935323383085,2.487562189054726,9.950248756218905,0.0,2.487562189054726,2.487562189054726,0.0,22.388059701492537,2.487562189054726,0.0,2.487562189054726,0.0,0.0,0.0,4.975124378109452,0.0,0.0,0.0,0.0,0.0,0.0,4.975124378109452,114.42786069651741,67.16417910447761,4.975124378109452,44.776119402985074,0.4759493670886076,5.377215189873418,2.487562189054726,0.0,0.0,0.0,4.975124378109452,0.0,2.487562189054726,0.0,0.0,4.975124378109452,2.487562189054726,7.462686567164179,0.0,0.0,0.0,0.0,0.0,0.0,17.412935323383085,19.90049751243781,9.950248756218905,0.0,0.0
22194299,63.231850117096016,11.7096018735363,39.81264637002342,2.34192037470726,0.0,11.7096018735363,21.07728337236534,39.81264637002342,14.05152224824356,9.36768149882904,2.34192037470726,2.34192037470726,18.73536299765808,21.07728337236534,4.68384074941452,199.0632318501171,7.02576112412178,2.34192037470726,25.76112412177986,0.0,4.68384074941452,11.7096018735363,0.0,30.44496487119438,4.68384074941452,0.0,2.34192037470726,0.0,2.34192037470726,0.0,9.36768149882904,0.0,0.0,4.68384074941452,0.0,0.0,7.02576112412178,2.34192037470726,96.01873536299766,25.76112412177986,11.7096018735363,51.52224824355972,0.49271844660194175,4.650485436893204,2.34192037470726,0.0,0.0,0.0,2.34192037470726,0.0,4.68384074941452,0.0,2.34192037470726,4.68384074941452,16.393442622950822,7.02576112412178,9.36768149882904,0.0,21.07728337236534,0.0,4.68384074941452,0.0,2.34192037470726,11.7096018735363,9.36768149882904,0.0,14.05152224824356
22520415,9.36768149882904,18.73536299765808,60.88992974238876,2.34192037470726,0.0,14.05152224824356,0.0,2.34192037470726,4.68384074941452,0.0,0.0,0.0,14.05152224824356,46.8384074941452,9.36768149882904,283.37236533957844,11.7096018735363,4.68384074941452,11.7096018735363,0.0,7.02576112412178,0.0,0.0,32.786885245901644,2.34192037470726,0.0,0.0,2.34192037470726,4.68384074941452,0.0,2.34192037470726,0.0,0.0,7.02576112412178,0.0,0.0,0.0,2.34192037470726,124.12177985948477,70.25761124121779,0.0,25.76112412177986,0.45368171021377673,5.192399049881235,2.34192037470726,0.0,0.0,2.34192037470726,4.68384074941452,0.0,4.68384074941452,0.0,0.0,9.36768149882904,11.7096018735363,16.393442622950822,14.05152224824356,0.0,0.0,0.0,0.0,0.0,9.36768149882904,7.02576112412178,9.36768149882904,0.0,0.0
22687971,60.09615384615385,12.01923076923077,16.826923076923077,7.211538461538462,0.0,14.423076923076923,0.0,28.846153846153847,0.0,4.807692307692308,0.0,0.0,14.423076923076923,33.65384615384615,0.0,295.6730769230769,21.634615384615383,2.403846153846154,14.423076923076923,2.403846153846154,9.615384615384617,0.0,0.0,4.807692307692308,2.403846153846154,0.0,0.0,0.0,0.0,0.0,12.01923076923077,0.0,0.0,2.403846153846154,0.0,0.0,0.0,4.807692307692308,117.78846153846153,43.26923076923077,2.403846153846154,24.03846153846154,0.5382716049382716,4.814814814814815,0.0,0.0,0.0,0.0,2.403846153846154,0.0,0.0,0.0,0.0,12.01923076923077,4.807692307692308,21.634615384615383,0.0,0.0,0.0,0.0,0.0,0.0,7.211538461538462,19.230769230769234,4.807692307692308,2.403846153846154,0.0
22763300,60.53268765133172,14.527845036319613,24.213075060532688,2.4213075060532687,0.0,0.0,0.0,53.26876513317191,0.0,0.0,0.0,2.4213075060532687,4.842615012106537,14.527845036319613,16.949152542372882,292.9782082324455,21.791767554479417,0.0,14.527845036319613,0.0,12.106537530266344,0.0,2.4213075060532687,9.685230024213075,7.263922518159807,0.0,2.4213075060532687,4.842615012106537,0.0,0.0,0.0,0.0,0.0,2.4213075060532687,0.0,0.0,0.0,16.949152542372882,118.64406779661017,48.426150121065376,2.4213075060532687,31.476997578692497,0.5245098039215687,4.909313725490196,0.0,0.0,0.0,0.0,0.0,0.0,0.0,2.4213075060532687,0.0,7.263922518159807,9.685230024213075,14.527845036319613,4.842615012106537,2.4213075060532687,0.0,0.0,0.0,0.0,2.4213075060532687,14.527845036319613,12.106537530266344,0.0,4.842615012106537
23166053,28.57142857142857,4.761904761904763,33.333333333333336,2.3809523809523814,0.0,0.0,0.0,30.952380952380953,0.0,2.3809523809523814,0.0,0.0,21.428571428571427,35.714285714285715,7.142857142857142,309.5238095238095,7.142857142857142,2.3809523809523814,4.761904761904763,0.0,2.3809523809523814,0.0,0.0,11.904761904761903,2.3809523809523814,0.0,0.0,0.0,4.761904761904763,0.0,7.142857142857142,0.0,2.3809523809523814,4.761904761904763,0.0,0.0,0.0,2.3809523809523814,164.28571428571428,66.66666666666667,0.0,35.714285714285715,0.4594594594594595,5.105651105651106,0.0,0.0,0.0,0.0,7.142857142857142,0.0,2.3809523809523814,0.0,0.0,0.0,2.3809523809523814,11.904761904761903,4.761904761904763,0.0,0.0,0.0,2.3809523809523814,0.0,2.3809523809523814,7.142857142857142,7.142857142857142,0.0,0.0
23459932,13.698630136986301,29.68036529680365,63.926940639269404,0.0,0.0,25.11415525114155,0.0,25.11415525114155,11.415525114155251,0.0,0.0,0.0,9.1324200913242,59.3607305936073,13.698630136986301,251.1415525114155,6.8493150684931505,2.28310502283105,20.54794520547945,2.28310502283105,9.1324200913242,0.0,0.0,13.698630136986301,2.28310502283105,0.0,4.5662100456621,2.28310502283105,0.0,0.0,0.0,0.0,0.0,6.8493150684931505,0.0,0.0,0.0,2.28310502283105,121.00456621004565,41.0958904109589,9.1324200913242,22.831050228310502,0.4028436018957346,5.376777251184834,2.28310502283105,0.0,0.0,2.28310502283105,2.28310502283105,0.0,2.28310502283105,0.0,0.0,4.5662100456621,6.8493150684931505,13.698630136986301,4.5662100456621,0.0,0.0,2.28310502283105,0.0,0.0,9.1324200913242,20.54794520547945,6.8493150684931505,0.0,0.0
23662698,14.527845036319613,29.055690072639226,72.63922518159806,4.842615012106537,4.842615012106537,19.37046004842615,0.0,7.263922518159807,7.263922518159807,4.842615012106537,0.0,4.842615012106537,16.949152542372882,53.26876513317191,2.4213075060532687,225.18159806295398,21.791767554479417,2.4213075060532687,9.685230024213075,0.0,4.842615012106537,0.0,0.0,33.898305084745765,4.842615012106537,0.0,0.0,0.0,2.4213075060532687,2.4213075060532687,7.263922518159807,0.0,0.0,2.4213075060532687,0.0,0.0,2.4213075060532687,7.263922518159807,89.58837772397095,75.06053268765133,4.842615012106537,19.37046004842615,0.5247524752475248,5.2995049504950495,0.0,0.0,0.0,4.842615012106537,4.842615012106537,0.0,0.0,7.263922518159807,0.0,2.4213075060532687,9.685230024213075,16.949152542372882,2.4213075060532687,0.0,0.0,0.0,0.0,0.0,2.4213075060532687,14.527845036319613,16.949152542372882,0.0,2.4213075060532687
24669297,17.412935323383085,24.875621890547265,64.67661691542288,2.487562189054726,0.0,9.950248756218905,0.0,7.462686567164179,14.925373134328359,2.487562189054726,0.0,0.0,19.90049751243781,29.850746268656717,0.0,228.85572139303483,24.875621890547265,7.462686567164179,29.850746268656717,4.975124378109452,9.950248756218905,4.975124378109452,0.0,12.437810945273633,0.0,0.0,0.0,0.0,4.975124378109452,0.0,14.925373134328359,0.0,0.0,0.0,0.0,2.487562189054726,0.0,4.975124378109452,116.91542288557214,54.72636815920398,19.90049751243781,34.82587064676617,0.44556962025316454,4.8354430379746836,4.975124378109452,0.0,0.0,0.0,4.975124378109452,0.0,2.487562189054726,7.462686567164179,0.0,9.950248756218905,9.950248756218905,19.90049751243781,12.437810945273633,0.0,2.487562189054726,2.487562189054726,0.0,0.0,0.0,4.975124378109452,2.487562189054726,0.0,9.950248756218905
25216157,44.11764705882353,17.156862745098042,31.862745098039213,2.450980392156863,4.901960784313726,7.352941176470588,2.450980392156863,46.568627450980394,2.450980392156863,2.450980392156863,0.0,0.0,9.803921568627452,46.568627450980394,4.901960784313726,262.2549019607843,12.254901960784313,0.0,7.352941176470588,0.0,7.352941176470588,0.0,0.0,17.156862745098042,2.450980392156863,0.0,2.450980392156863,0.0,0.0,0.0,2.450980392156863,0.0,0.0,4.901960784313726,0.0,0.0,2.450980392156863,4.901960784313726,112.74509803921569,41.666666666666664,4.901960784313726,41.666666666666664,0.5411471321695761,4.962593516209476,2.450980392156863,0.0,0.0,9.803921568627452,0.0,0.0,4.901960784313726,0.0,0.0,17.156862745098042,17.156862745098042,12.254901960784313,0.0,0.0,4.901960784313726,0.0,0.0,0.0,2.450980392156863,24.509803921568626,7.352941176470588,0.0,4.901960784313726
26362789,24.03846153846154,21.634615384615383,45.67307692307692,2.403846153846154,0.0,4.807692307692308,0.0,12.01923076923077,16.826923076923077,0.0,0.0,0.0,9.615384615384617,55.28846153846153,7.211538461538462,262.0192307692308,2.403846153846154,2.403846153846154,7.211538461538462,0.0,14.423076923076923,0.0,0.0,24.03846153846154,2.403846153846154,0.0,0.0,0.0,0.0,0.0,7.211538461538462,0.0,0.0,2.403846153846154,0.0,0.0,0.0,7.211538461538462,103.36538461538461,67.3076923076923,4.807692307692308,7.211538461538462,0.5321782178217822,5.4950495049504955,0.0,0.0,0.0,0.0,0.0,0.0,4.807692307692308,2.403846153846154,0.0,4.807692307692308,16.826923076923077,2.403846153846154,2.403846153846154,0.0,0.0,0.0,0.0,0.0,2.403846153846154,9.615384615384617,9.615384615384617,0.0,0.0
26849561,16.867469879518072,7.228915662650603,55.42168674698795,0.0,2.4096385542168677,0.0,0.0,2.4096385542168677,9.63855421686747,0.0,0.0,0.0,24.096385542168676,26.50602409638554,0.0,293.9759036144579,12.048192771084338,2.4096385542168677,14.457831325301205,0.0,0.0,0.0,0.0,16.867469879518072,4.819277108433735,2.4096385542168677,0.0,0.0,12.048192771084338,0.0,0.0,0.0,0.0,9.63855421686747,0.0,0.0,0.0,0.0,132.53012048192772,89.1566265060241,2.4096385542168677,38.55421686746988,0.5260545905707196,5.387096774193548,2.4096385542168677,0.0,0.0,0.0,7.228915662650603,0.0,2.4096385542168677,4.819277108433735,0.0,0.0,2.4096385542168677,9.63855421686747,2.4096385542168677,0.0,0.0,0.0,0.0,0.0,4.819277108433735,16.867469879518072,0.0,0.0,0.0
27397695,7.462686567164179,19.90049751243781,52.23880597014925,0.0,2.487562189054726,0.0,0.0,0.0,17.412935323383085,0.0,0.0,0.0,7.462686567164179,79.60199004975124,0.0,246.2686567164179,4.975124378109452,4.975124378109452,22.388059701492537,4.975124378109452,14.925373134328359,2.487562189054726,0.0,19.90049751243781,2.487562189054726,0.0,4.975124378109452,2.487562189054726,0.0,0.0,0.0,0.0,0.0,7.462686567164179,0.0,0.0,2.487562189054726,7.462686567164179,106.96517412935323,57.21393034825871,12.437810945273633,24.875621890547265,0.4884318766066838,5.359897172236503,4.975124378109452,0.0,0.0,2.487562189054726,0.0,0.0,2.487562189054726,4.975124378109452,0.0,17.412935323383085,24.875621890547265,7.462686567164179,7.462686567164179,0.0,0.0,0.0,0.0,0.0,12.437810945273633,24.875621890547265,2.487562189054726,0.0,0.0
27604406,45.13064133016627,4.750593824228028,16.6270783847981,4.750593824228028,2.375296912114014,2.375296912114014,0.0,64.13301662707839,0.0,2.375296912114014,0.0,0.0,14.251781472684087,23.752969121140143,9.501187648456057,301.66270783847983,0.0,0.0,0.0,0.0,0.0,0.0,0.0,11.876484560570072,7.125890736342043,2.375296912114014,0.0,2.375296912114014,2.375296912114014,0.0,2.375296912114014,0.0,2.375296912114014,2.375296912114014,0.0,0.0,0.0,4.750593824228028,144.89311163895488,71.25890736342043,2.375296912114014,33.2541567695962,0.5641646489104116,5.031476997578692,2.375296912114014,0.0,0.0,0.0,0.0,0.0,2.375296912114014,0.0,0.0,4.750593824228028,2.375296912114014,7.125890736342043,0.0,2.375296912114014,0.0,0.0,0.0,0.0,0.0,23.752969121140143,7.125890736342043,0.0,0.0
28043936,55.81395348837209,20.930232558139533,18.6046511627907,2.3255813953488373,2.3255813953488373,0.0,0.0,20.930232558139533,4.651162790697675,0.0,0.0,0.0,16.27906976744186,30.232558139534884,11.627906976744185,265.1162790697674,13.953488372093023,0.0,25.58139534883721,0.0,4.651162790697675,0.0,0.0,13.953488372093023,4.651162790697675,0.0,2.3255813953488373,0.0,4.651162790697675,0.0,4.651162790697675,0.0,0.0,6.976744186046512,0.0,0.0,0.0,2.3255813953488373,139.53488372093022,44.18604651162791,4.651162790697675,32.55813953488372,0.4515366430260047,4.761229314420804,4.651162790697675,0.0,0.0,0.0,2.3255813953488373,0.0,0.0,4.651162790697675,0.0,0.0,6.976744186046512,2.3255813953488373,0.0,0.0,0.0,0.0,0.0,0.0,6.976744186046512,13.953488372093023,13.953488372093023,2.3255813953488373,2.3255813953488373
28053513,11.520737327188941,20.737327188940093,52.995391705069125,2.304147465437788,2.304147465437788,0.0,0.0,48.387096774193544,16.129032258064516,2.304147465437788,0.0,0.0,6.912442396313365,23.041474654377883,0.0,251.15207373271892,9.216589861751151,2.304147465437788,27.64976958525346,0.0,6.912442396313365,4.608294930875576,0.0,23.041474654377883,4.608294930875576,0.0,0.0,2.304147465437788,0.0,0.0,2.304147465437788,0.0,0.0,4.608294930875576,0.0,0.0,0.0,11.520737327188941,96.77419354838709,41.474654377880185,6.912442396313365,39.17050691244239,0.498812351543943,4.814726840855107,9.216589861751151,0.0,0.0,2.304147465437788,6.912442396313365,0.0,2.304147465437788,0.0,0.0,13.82488479262673,6.912442396313365,4.608294930875576,0.0,0.0,0.0,2.304147465437788,0.0,0.0,11.520737327188941,29.953917050691242,11.520737327188941,0.0,4.608294930875576
28586426,12.376237623762377,27.22772277227723,56.93069306930693,2.4752475247524752,0.0,0.0,0.0,17.32673267326733,12.376237623762377,0.0,0.0,0.0,4.9504950495049505,51.980198019801975,12.376237623762377,254.95049504950495,17.32673267326733,2.4752475247524752,17.32673267326733,2.4752475247524752,7.425742574257425,0.0,0.0,7.425742574257425,0.0,0.0,0.0,0.0,2.4752475247524752,0.0,0.0,0.0,0.0,0.0,0.0,0.0,0.0,4.9504950495049505,136.13861386138615,64.35643564356435,0.0,27.22772277227723,0.46898263027295284,4.975186104218363,0.0,2.4752475247524752,0.0,0.0,2.4752475247524752,0.0,0.0,7.425742574257425,0.0,0.0,4.9504950495049505,9.900990099009901,2.4752475247524752,0.0,0.0,0.0,0.0,0.0,7.425742574257425,17.32673267326733,9.900990099009901,0.0,2.4752475247524752
28837402,41.2621359223301,4.854368932038835,41.2621359223301,0.0,0.0,7.281553398058253,0.0,19.41747572815534,4.854368932038835,4.854368932038835,0.0,0.0,19.41747572815534,24.271844660194173,2.4271844660194173,303.3980582524272,16.990291262135923,2.4271844660194173,19.41747572815534,0.0,9.70873786407767,2.4271844660194173,0.0,24.271844660194173,0.0,0.0,0.0,0.0,0.0,0.0,4.854368932038835,0.0,0.0,4.854368932038835,0.0,0.0,0.0,4.854368932038835,116.50485436893204,75.24271844660194,12.135922330097086,50.970873786407765,0.4117647058823529,5.328431372549019,0.0,4.854368932038835,0.0,0.0,2.4271844660194173,0.0,7.281553398058253,0.0,9.70873786407767,7.281553398058253,19.41747572815534,16.990291262135923,12.135922330097086,0.0,2.4271844660194173,0.0,0.0,0.0,0.0,2.4271844660194173,2.4271844660194173,0.0,12.135922330097086
28865958,15.981735159817351,29.68036529680365,38.81278538812785,4.5662100456621,4.5662100456621,0.0,0.0,41.0958904109589,2.28310502283105,0.0,0.0,0.0,9.1324200913242,31.963470319634702,2.28310502283105,271.689497716895,4.5662100456621,0.0,13.698630136986301,0.0,2.28310502283105,2.28310502283105,0.0,11.415525114155251,2.28310502283105,0.0,0.0,0.0,0.0,0.0,6.8493150684931505,0.0,0.0,0.0,0.0,0.0,0.0,6.8493150684931505,150.6849315068493,79.90867579908675,2.28310502283105,36.5296803652968,0.5150812064965197,5.016241299303944,2.28310502283105,0.0,0.0,0.0,6.8493150684931505,0.0,0.0,4.5662100456621,0.0,0.0,4.5662100456621,2.28310502283105,2.28310502283105,0.0,0.0,0.0,0.0,0.0,11.415525114155251,13.698630136986301,6.8493150684931505,0.0,0.0
29684938,0.0,14.742014742014742,56.511056511056516,7.371007371007371,0.0,0.0,4.914004914004914,0.0,31.94103194103194,0.0,0.0,0.0,4.914004914004914,31.94103194103194,4.914004914004914,294.84029484029486,4.914004914004914,0.0,19.656019656019655,2.457002457002457,0.0,0.0,0.0,14.742014742014742,0.0,0.0,2.457002457002457,4.914004914004914,0.0,0.0,0.0,0.0,0.0,2.457002457002457,0.0,0.0,0.0,7.371007371007371,132.67813267813267,110.56511056511056,0.0,22.11302211302211,0.52,5.0125,4.914004914004914,0.0,0.0,0.0,0.0,0.0,2.457002457002457,4.914004914004914,2.457002457002457,0.0,0.0,4.914004914004914,0.0,0.0,4.914004914004914,0.0,0.0,2.457002457002457,7.371007371007371,17.1990171990172,0.0,2.457002457002457,0.0
29917990,32.17821782178218,12.376237623762377,61.88118811881188,0.0,0.0,2.4752475247524752,0.0,19.801980198019802,14.85148514851485,0.0,0.0,2.4752475247524752,17.32673267326733,84.15841584158416,2.4752475247524752,190.59405940594058,14.85148514851485,2.4752475247524752,24.752475247524753,0.0,22.277227722772277,2.4752475247524752,0.0,44.554455445544555,2.4752475247524752,0.0,0.0,0.0,0.0,0.0,4.9504950495049505,0.0,0.0,7.425742574257425,0.0,0.0,0.0,4.9504950495049505,101.48514851485149,86.63366336633663,14.85148514851485,34.65346534653466,0.47117794486215536,5.3007518796992485,0.0,0.0,0.0,0.0,7.425742574257425,0.0,0.0,0.0,0.0,0.0,9.900990099009901,19.801980198019802,14.85148514851485,0.0,9.900990099009901,0.0,2.4752475247524752,0.0,2.4752475247524752,22.277227722772277,4.9504950495049505,0.0,7.425742574257425
30173479,17.073170731707318,21.95121951219512,60.97560975609756,0.0,0.0,24.390243902439025,0.0,36.58536585365854,12.195121951219512,2.4390243902439024,4.878048780487805,0.0,9.75609756097561,21.95121951219512,4.878048780487805,258.5365853658537,4.878048780487805,0.0,21.95121951219512,0.0,2.4390243902439024,0.0,0.0,19.51219512195122,2.4390243902439024,0.0,0.0,0.0,2.4390243902439024,0.0,2.4390243902439024,0.0,0.0,4.878048780487805,0.0,0.0,0.0,7.317073170731708,124.39024390243902,60.97560975609756,2.4390243902439024,46.34146341463415,0.5368956743002544,4.78117048346056,2.4390243902439024,0.0,0.0,2.4390243902439024,12.195121951219512,0.0,9.75609756097561,0.0,0.0,0.0,7.317073170731708,14.634146341463415,0.0,0.0,14.634146341463415,0.0,2.4390243902439024,2.4390243902439024,9.75609756097561,12.195121951219512,2.4390243902439024,0.0,2.4390243902439024
30318050,53.01204819277108,12.048192771084338,4.819277108433735,0.0,4.819277108433735,0.0,0.0,40.96385542168675,4.819277108433735,0.0,0.0,2.4096385542168677,9.63855421686747,4.819277108433735,2.4096385542168677,301.20481927710847,9.63855421686747,0.0,12.048192771084338,0.0,2.4096385542168677,0.0,0.0,14.457831325301205,2.4096385542168677,0.0,0.0,0.0,0.0,0.0,4.819277108433735,0.0,0.0,0.0,0.0,0.0,0.0,7.228915662650603,132.53012048192772,62.65060240963856,0.0,50.60240963855422,0.524390243902439,4.587804878048781,9.63855421686747,0.0,0.0,0.0,7.228915662650603,0.0,2.4096385542168677,2.4096385542168677,0.0,14.457831325301205,2.4096385542168677,9.63855421686747,2.4096385542168677,0.0,0.0,0.0,0.0,0.0,7.228915662650603,0.0,19.27710843373494,2.4096385542168677,0.0
30672097,51.597051597051596,22.11302211302211,39.31203931203931,4.914004914004914,2.457002457002457,2.457002457002457,0.0,44.22604422604422,0.0,0.0,0.0,7.371007371007371,17.1990171990172,24.570024570024568,4.914004914004914,341.5233415233415,14.742014742014742,4.914004914004914,17.1990171990172,0.0,4.914004914004914,0.0,0.0,12.285012285012284,0.0,0.0,0.0,2.457002457002457,0.0,0.0,9.828009828009828,0.0,0.0,4.914004914004914,0.0,0.0,0.0,4.914004914004914,144.96314496314497,22.11302211302211,7.371007371007371,17.1990171990172,0.48129675810473815,4.703241895261845,0.0,0.0,0.0,0.0,0.0,0.0,2.457002457002457,0.0,0.0,0.0,14.742014742014742,12.285012285012284,0.0,0.0,0.0,0.0,0.0,0.0,2.457002457002457,7.371007371007371,0.0,2.457002457002457,2.457002457002457
31100890,4.901960784313726,34.313725490196084,73.52941176470588,2.450980392156863,7.352941176470588,0.0,0.0,14.705882352941176,7.352941176470588,0.0,0.0,0.0,22.058823529411764,41.666666666666664,4.901960784313726,250.0,9.803921568627452,7.352941176470588,22.058823529411764,7.352941176470588,4.901960784313726,2.450980392156863,0.0,24.509803921568626,4.901960784313726,0.0,2.450980392156863,0.0,12.254901960784313,0.0,4.901960784313726,0.0,0.0,4.901960784313726,0.0,0.0,0.0,4.901960784313726,95.58823529411764,51.470588235294116,4.901960784313726,41.666666666666664,0.5087281795511222,5.249376558603491,2.450980392156863,2.450980392156863,0.0,0.0,2.450980392156863,0.0,2.450980392156863,9.803921568627452,0.0,2.450980392156863,4.901960784313726,9.803921568627452,0.0,0.0,0.0,0.0,0.0,0.0,4.901960784313726,17.156862745098042,2.450980392156863,0.0,2.450980392156863
31599255,65.69343065693431,2.4330900243309004,19.464720194647203,0.0,0.0,2.4330900243309004,0.0,41.3625304136253,9.732360097323602,2.4330900243309004,2.4330900243309004,0.0,4.866180048661801,4.866180048661801,0.0,296.83698296836985,14.598540145985401,0.0,24.330900243309003,0.0,0.0,0.0,0.0,17.0316301703163,7.299270072992701,0.0,0.0,0.0,0.0,0.0,0.0,0.0,0.0,0.0,0.0,0.0,2.4330900243309004,26.7639902676399,111.92214111922141,46.228710462287104,9.732360097323602,36.4963503649635,0.5025773195876289,4.456185567010309,2.4330900243309004,0.0,0.0,0.0,2.4330900243309004,0.0,0.0,4.866180048661801,0.0,9.732360097323602,4.866180048661801,12.165450121654501,2.4330900243309004,0.0,2.4330900243309004,0.0,0.0,0.0,7.299270072992701,0.0,12.165450121654501,0.0,2.4330900243309004
31632416,19.37046004842615,26.634382566585955,38.7409200968523,0.0,0.0,0.0,0.0,9.685230024213075,7.263922518159807,0.0,2.4213075060532687,2.4213075060532687,14.527845036319613,36.31961259079903,16.949152542372882,215.4963680387409,14.527845036319613,0.0,9.685230024213075,2.4213075060532687,9.685230024213075,0.0,0.0,26.634382566585955,2.4213075060532687,0.0,9.685230024213075,4.842615012106537,4.842615012106537,0.0,2.4213075060532687,0.0,0.0,2.4213075060532687,0.0,0.0,0.0,4.842615012106537,118.64406779661017,75.06053268765133,2.4213075060532687,41.16222760290557,0.5405405405405406,5.476658476658477,2.4213075060532687,2.4213075060532687,0.0,9.685230024213075,0.0,0.0,7.263922518159807,12.106537530266344,0.0,2.4213075060532687,7.263922518159807,7.263922518159807,2.4213075060532687,4.842615012106537,0.0,0.0,2.4213075060532687,9.685230024213075,9.685230024213075,14.527845036319613,0.0,0.0,4.842615012106537
31871532,59.241706161137444,28.43601895734597,30.805687203791468,2.3696682464454977,14.218009478672984,16.587677725118485,4.739336492890995,21.32701421800948,16.587677725118485,2.3696682464454977,0.0,2.3696682464454977,11.848341232227487,33.17535545023697,2.3696682464454977,194.3127962085308,26.066350710900473,0.0,14.218009478672984,0.0,9.47867298578199,0.0,0.0,37.91469194312796,2.3696682464454977,0.0,0.0,0.0,0.0,0.0,7.109004739336492,0.0,2.3696682464454977,2.3696682464454977,0.0,0.0,0.0,0.0,101.89573459715639,30.805687203791468,7.109004739336492,66.35071090047394,0.44471153846153844,4.305288461538462,0.0,2.3696682464454977,0.0,0.0,2.3696682464454977,0.0,0.0,0.0,0.0,2.3696682464454977,11.848341232227487,11.848341232227487,0.0,0.0,7.109004739336492,0.0,0.0,0.0,0.0,2.3696682464454977,14.218009478672984,2.3696682464454977,2.3696682464454977
32036533,4.866180048661801,12.165450121654501,82.7250608272506,4.866180048661801,2.4330900243309004,0.0,0.0,7.299270072992701,12.165450121654501,2.4330900243309004,0.0,0.0,21.897810218978105,43.79562043795621,4.866180048661801,306.56934306569343,26.7639902676399,7.299270072992701,14.598540145985401,0.0,19.464720194647203,0.0,0.0,26.7639902676399,0.0,0.0,0.0,0.0,0.0,0.0,2.4330900243309004,0.0,0.0,7.299270072992701,0.0,0.0,4.866180048661801,4.866180048661801,97.32360097323601,36.4963503649635,7.299270072992701,46.228710462287104,0.4348894348894349,4.695331695331696,4.866180048661801,0.0,0.0,0.0,0.0,0.0,4.866180048661801,7.299270072992701,0.0,2.4330900243309004,12.165450121654501,14.598540145985401,9.732360097323602,0.0,0.0,0.0,0.0,0.0,2.4330900243309004,0.0,4.866180048661801,0.0,14.598540145985401
32233571,45.893719806763286,2.4154589371980677,33.81642512077295,0.0,4.830917874396135,16.908212560386474,0.0,16.908212560386474,2.4154589371980677,9.66183574879227,0.0,0.0,14.492753623188406,12.077294685990339,9.66183574879227,231.8840579710145,7.246376811594203,0.0,70.04830917874396,0.0,21.73913043478261,0.0,0.0,24.154589371980677,0.0,0.0,2.4154589371980677,0.0,0.0,0.0,12.077294685990339,0.0,0.0,2.4154589371980677,0.0,2.4154589371980677,0.0,12.077294685990339,106.28019323671498,41.06280193236715,41.06280193236715,55.55555555555555,0.4225,4.9025,7.246376811594203,2.4154589371980677,0.0,0.0,9.66183574879227,0.0,2.4154589371980677,14.492753623188406,4.830917874396135,0.0,21.73913043478261,21.73913043478261,9.66183574879227,2.4154589371980677,2.4154589371980677,0.0,0.0,0.0,0.0,2.4154589371980677,2.4154589371980677,0.0,9.66183574879227
32296629,4.962779156327543,9.925558312655086,44.66501240694789,0.0,0.0,2.4813895781637716,0.0,0.0,9.925558312655086,0.0,0.0,0.0,12.40694789081886,27.29528535980149,0.0,292.80397022332505,12.40694789081886,4.962779156327543,27.29528535980149,0.0,2.4813895781637716,2.4813895781637716,0.0,29.77667493796526,2.4813895781637716,0.0,4.962779156327543,0.0,0.0,0.0,0.0,0.0,0.0,9.925558312655086,0.0,0.0,0.0,9.925558312655086,94.29280397022333,81.88585607940446,9.925558312655086,29.77667493796526,0.4609571788413098,4.838790931989925,2.4813895781637716,0.0,0.0,0.0,7.444168734491315,0.0,4.962779156327543,0.0,0.0,17.3697270471464,2.4813895781637716,12.40694789081886,0.0,0.0,0.0,0.0,0.0,0.0,4.962779156327543,24.81389578163772,4.962779156327543,0.0,0.0
32318055,4.987531172069826,12.468827930174564,42.394014962593516,2.493765586034913,0.0,0.0,0.0,24.93765586034913,4.987531172069826,2.493765586034913,0.0,0.0,4.987531172069826,54.86284289276808,19.950124688279303,236.9077306733167,4.987531172069826,2.493765586034913,22.443890274314214,0.0,12.468827930174564,2.493765586034913,0.0,34.912718204488776,2.493765586034913,0.0,0.0,0.0,0.0,0.0,2.493765586034913,0.0,0.0,0.0,0.0,0.0,0.0,9.975062344139651,129.67581047381546,64.83790523690773,14.962593516209475,19.950124688279303,0.5101522842639594,5.439086294416244,7.481296758104738,0.0,0.0,0.0,9.975062344139651,0.0,4.987531172069826,2.493765586034913,0.0,17.456359102244388,22.443890274314214,7.481296758104738,7.481296758104738,0.0,0.0,0.0,0.0,0.0,0.0,12.468827930174564,4.987531172069826,0.0,0.0
32322297,45.662100456621005,22.831050228310502,29.68036529680365,9.1324200913242,2.28310502283105,6.8493150684931505,0.0,11.415525114155251,6.8493150684931505,11.415525114155251,2.28310502283105,0.0,18.2648401826484,36.5296803652968,2.28310502283105,230.59360730593605,2.28310502283105,2.28310502283105,15.981735159817351,0.0,2.28310502283105,0.0,0.0,34.24657534246575,4.5662100456621,0.0,2.28310502283105,2.28310502283105,4.5662100456621,0.0,9.1324200913242,0.0,0.0,2.28310502283105,0.0,0.0,0.0,18.2648401826484,139.26940639269407,57.077625570776256,4.5662100456621,34.24657534246575,0.518348623853211,5.009174311926605,0.0,2.28310502283105,2.28310502283105,0.0,6.8493150684931505,0.0,4.5662100456621,0.0,0.0,0.0,2.28310502283105,9.1324200913242,0.0,0.0,0.0,0.0,0.0,0.0,2.28310502283105,22.831050228310502,4.5662100456621,0.0,0.0
32341939,28.30188679245283,18.867924528301884,37.73584905660377,4.716981132075471,2.3584905660377355,0.0,0.0,9.433962264150942,14.150943396226415,0.0,0.0,0.0,14.150943396226415,44.81132075471698,4.716981132075471,273.58490566037733,16.50943396226415,2.3584905660377355,7.0754716981132075,2.3584905660377355,0.0,0.0,0.0,28.30188679245283,4.716981132075471,0.0,2.3584905660377355,0.0,4.716981132075471,0.0,4.716981132075471,0.0,0.0,4.716981132075471,0.0,0.0,0.0,7.0754716981132075,132.0754716981132,61.320754716981135,0.0,35.37735849056604,0.5263157894736842,5.287081339712919,2.3584905660377355,0.0,0.0,0.0,4.716981132075471,0.0,2.3584905660377355,0.0,0.0,0.0,4.716981132075471,0.0,0.0,2.3584905660377355,0.0,0.0,0.0,0.0,14.150943396226415,23.58490566037736,2.3584905660377355,0.0,0.0
32360661,82.08955223880596,39.80099502487562,17.412935323383085,0.0,2.487562189054726,9.950248756218905,0.0,29.850746268656717,4.975124378109452,0.0,0.0,0.0,14.925373134328359,44.776119402985074,0.0,251.24378109452738,29.850746268656717,2.487562189054726,19.90049751243781,0.0,12.437810945273633,0.0,0.0,14.925373134328359,0.0,0.0,0.0,0.0,0.0,0.0,4.975124378109452,0.0,0.0,0.0,0.0,0.0,4.975124378109452,2.487562189054726,116.91542288557214,14.925373134328359,7.462686567164179,49.75124378109453,0.4051948051948052,4.724675324675324,4.975124378109452,0.0,0.0,4.975124378109452,2.487562189054726,0.0,2.487562189054726,0.0,4.975124378109452,4.975124378109452,19.90049751243781,19.90049751243781,2.487562189054726,2.487562189054726,0.0,0.0,0.0,0.0,12.437810945273633,7.462686567164179,2.487562189054726,2.487562189054726,9.950248756218905
32366734,58.8235294117647,22.058823529411764,44.11764705882353,2.450980392156863,0.0,29.41176470588235,0.0,53.92156862745098,4.901960784313726,0.0,2.450980392156863,2.450980392156863,12.254901960784313,26.96078431372549,2.450980392156863,279.4117647058824,0.0,4.901960784313726,34.313725490196084,0.0,2.450980392156863,2.450980392156863,0.0,19.607843137254903,4.901960784313726,0.0,0.0,0.0,4.901960784313726,0.0,4.901960784313726,0.0,0.0,2.450980392156863,0.0,0.0,0.0,7.352941176470588,100.49019607843138,41.666666666666664,9.803921568627452,19.607843137254903,0.48346055979643765,4.786259541984733,2.450980392156863,0.0,0.0,0.0,4.901960784313726,0.0,0.0,0.0,0.0,7.352941176470588,7.352941176470588,9.803921568627452,0.0,0.0,14.705882352941176,2.450980392156863,0.0,0.0,0.0,9.803921568627452,19.607843137254903,0.0,4.901960784313726
32406120,28.985507246376812,12.077294685990339,55.55555555555555,4.830917874396135,0.0,4.830917874396135,0.0,14.492753623188406,12.077294685990339,4.830917874396135,2.4154589371980677,0.0,2.4154589371980677,38.64734299516908,4.830917874396135,304.34782608695656,2.4154589371980677,0.0,14.492753623188406,0.0,14.492753623188406,2.4154589371980677,0.0,31.40096618357488,2.4154589371980677,0.0,0.0,2.4154589371980677,0.0,0.0,0.0,0.0,0.0,2.4154589371980677,4.830917874396135,0.0,0.0,0.0,115.94202898550725,43.47826086956522,4.830917874396135,19.32367149758454,0.48148148148148145,4.582716049382716,0.0,2.4154589371980677,0.0,0.0,7.246376811594203,0.0,0.0,0.0,0.0,0.0,19.32367149758454,12.077294685990339,4.830917874396135,0.0,4.830917874396135,0.0,0.0,0.0,2.4154589371980677,9.66183574879227,12.077294685990339,0.0,7.246376811594203
32430375,0.0,4.761904761904763,30.952380952380953,0.0,0.0,2.3809523809523814,2.3809523809523814,0.0,4.761904761904763,2.3809523809523814,7.142857142857142,0.0,19.04761904761905,7.142857142857142,2.3809523809523814,342.85714285714283,4.761904761904763,0.0,23.809523809523807,2.3809523809523814,0.0,0.0,0.0,14.285714285714285,2.3809523809523814,0.0,4.761904761904763,0.0,7.142857142857142,0.0,4.761904761904763,0.0,0.0,7.142857142857142,0.0,0.0,0.0,2.3809523809523814,126.19047619047619,78.57142857142857,4.761904761904763,26.19047619047619,0.48157248157248156,5.012285012285012,0.0,0.0,0.0,0.0,4.761904761904763,0.0,9.523809523809526,0.0,0.0,26.19047619047619,4.761904761904763,2.3809523809523814,0.0,0.0,4.761904761904763,0.0,0.0,0.0,4.761904761904763,21.428571428571427,4.761904761904763,0.0,0.0
32490861,41.97530864197531,17.28395061728395,34.5679012345679,0.0,0.0,29.62962962962963,0.0,24.691358024691358,0.0,2.4691358024691357,2.4691358024691357,0.0,27.160493827160494,41.97530864197531,0.0,232.09876543209876,9.876543209876543,2.4691358024691357,17.28395061728395,0.0,4.938271604938271,0.0,0.0,29.62962962962963,0.0,0.0,0.0,0.0,9.876543209876543,0.0,0.0,0.0,0.0,4.938271604938271,0.0,0.0,0.0,2.4691358024691357,93.82716049382717,37.03703703703704,2.4691358024691357,32.098765432098766,0.47619047619047616,4.909774436090226,0.0,0.0,0.0,0.0,2.4691358024691357,0.0,0.0,4.938271604938271,0.0,29.62962962962963,27.160493827160494,7.407407407407407,4.938271604938271,0.0,2.4691358024691357,0.0,0.0,0.0,2.4691358024691357,7.407407407407407,12.345679012345679,0.0,9.876543209876543
32573638,0.0,12.285012285012284,54.054054054054056,0.0,0.0,0.0,0.0,19.656019656019655,4.914004914004914,4.914004914004914,0.0,2.457002457002457,2.457002457002457,58.96805896805897,2.457002457002457,282.5552825552826,2.457002457002457,0.0,14.742014742014742,0.0,4.914004914004914,0.0,0.0,22.11302211302211,7.371007371007371,0.0,0.0,2.457002457002457,0.0,9.828009828009828,0.0,0.0,0.0,0.0,0.0,0.0,0.0,7.371007371007371,122.85012285012286,58.96805896805897,4.914004914004914,24.570024570024568,0.47901234567901235,5.474074074074074,2.457002457002457,0.0,0.0,0.0,2.457002457002457,0.0,2.457002457002457,12.285012285012284,4.914004914004914,0.0,4.914004914004914,9.828009828009828,2.457002457002457,0.0,0.0,0.0,0.0,0.0,2.457002457002457,19.656019656019655,9.828009828009828,0.0,4.914004914004914
32663083,4.796163069544364,31.17505995203837,43.16546762589928,4.796163069544364,7.194244604316547,0.0,0.0,2.398081534772182,11.990407673860911,0.0,0.0,0.0,7.194244604316547,14.388489208633095,4.796163069544364,306.9544364508393,4.796163069544364,4.796163069544364,9.592326139088728,0.0,0.0,0.0,0.0,14.388489208633095,2.398081534772182,0.0,0.0,0.0,2.398081534772182,0.0,2.398081534772182,0.0,0.0,2.398081534772182,0.0,0.0,0.0,9.592326139088728,146.2829736211031,35.97122302158273,4.796163069544364,28.77697841726619,0.43037974683544306,4.741772151898735,4.796163069544364,0.0,0.0,0.0,4.796163069544364,0.0,0.0,0.0,2.398081534772182,0.0,2.398081534772182,4.796163069544364,2.398081534772182,0.0,0.0,0.0,0.0,0.0,9.592326139088728,4.796163069544364,2.398081534772182,0.0,0.0
32685945,32.036613272311214,11.441647597254004,34.32494279176201,0.0,0.0,0.0,0.0,6.864988558352402,4.576659038901602,6.864988558352402,0.0,0.0,16.018306636155607,25.17162471395881,6.864988558352402,258.5812356979405,27.459954233409608,6.864988558352402,27.459954233409608,0.0,6.864988558352402,0.0,0.0,4.576659038901602,0.0,0.0,0.0,0.0,11.441647597254004,0.0,0.0,0.0,0.0,2.288329519450801,2.288329519450801,0.0,0.0,2.288329519450801,171.62471395881008,61.784897025171624,6.864988558352402,34.32494279176201,0.44212962962962965,5.06712962962963,4.576659038901602,0.0,0.0,0.0,2.288329519450801,0.0,4.576659038901602,2.288329519450801,0.0,0.0,2.288329519450801,13.729977116704804,2.288329519450801,0.0,0.0,0.0,0.0,0.0,4.576659038901602,20.594965675057207,9.153318077803204,0.0,2.288329519450801
32686769,17.28395061728395,17.28395061728395,54.32098765432099,4.938271604938271,2.4691358024691357,9.876543209876543,0.0,7.407407407407407,22.22222222222222,0.0,0.0,2.4691358024691357,22.22222222222222,37.03703703703704,2.4691358024691357,241.97530864197532,7.407407407407407,2.4691358024691357,19.753086419753085,2.4691358024691357,4.938271604938271,2.4691358024691357,0.0,29.62962962962963,4.938271604938271,0.0,0.0,0.0,4.938271604938271,2.4691358024691357,4.938271604938271,0.0,0.0,0.0,0.0,0.0,0.0,9.876543209876543,108.64197530864197,49.382716049382715,7.407407407407407,27.160493827160494,0.4811083123425693,4.811083123425693,4.938271604938271,0.0,0.0,0.0,0.0,0.0,0.0,4.938271604938271,2.4691358024691357,2.4691358024691357,4.938271604938271,24.691358024691358,0.0,0.0,0.0,0.0,2.4691358024691357,0.0,2.4691358024691357,19.753086419753085,4.938271604938271,0.0,2.4691358024691357
32893956,9.569377990430622,23.923444976076556,55.02392344497608,2.3923444976076556,0.0,0.0,0.0,43.0622009569378,2.3923444976076556,0.0,0.0,0.0,7.177033492822967,33.49282296650718,0.0,291.86602870813397,7.177033492822967,0.0,9.569377990430622,0.0,9.569377990430622,0.0,0.0,11.961722488038278,4.784688995215311,0.0,0.0,2.3923444976076556,0.0,0.0,2.3923444976076556,0.0,0.0,0.0,0.0,2.3923444976076556,2.3923444976076556,11.961722488038278,119.61722488038278,90.9090909090909,7.177033492822967,33.49282296650718,0.45320197044334976,4.975369458128079,0.0,0.0,0.0,0.0,0.0,0.0,0.0,0.0,0.0,2.3923444976076556,16.74641148325359,11.961722488038278,9.569377990430622,0.0,0.0,0.0,0.0,2.3923444976076556,2.3923444976076556,4.784688995215311,2.3923444976076556,0.0,9.569377990430622
32967174,16.548463356973993,28.368794326241133,54.37352245862884,0.0,0.0,14.184397163120567,0.0,16.548463356973993,7.092198581560283,4.7281323877068555,0.0,0.0,18.912529550827422,40.189125295508276,0.0,248.22695035460993,18.912529550827422,2.3640661938534278,14.184397163120567,2.3640661938534278,7.092198581560283,2.3640661938534278,0.0,37.825059101654844,0.0,0.0,0.0,0.0,0.0,0.0,2.3640661938534278,0.0,2.3640661938534278,9.456264775413711,0.0,0.0,7.092198581560283,9.456264775413711,94.56264775413712,33.09692671394799,2.3640661938534278,30.73286052009456,0.4200477326968974,4.737470167064439,4.7281323877068555,0.0,0.0,0.0,2.3640661938534278,0.0,7.092198581560283,4.7281323877068555,4.7281323877068555,16.548463356973993,7.092198581560283,30.73286052009456,7.092198581560283,0.0,0.0,2.3640661938534278,0.0,2.3640661938534278,7.092198581560283,11.82033096926714,9.456264775413711,0.0,4.7281323877068555
33059029,2.4096385542168677,28.91566265060241,48.19277108433735,2.4096385542168677,0.0,2.4096385542168677,0.0,2.4096385542168677,7.228915662650603,2.4096385542168677,0.0,0.0,12.048192771084338,74.6987951807229,2.4096385542168677,207.22891566265062,14.457831325301205,2.4096385542168677,12.048192771084338,0.0,9.63855421686747,2.4096385542168677,0.0,28.91566265060241,0.0,0.0,9.63855421686747,2.4096385542168677,0.0,0.0,7.228915662650603,0.0,0.0,4.819277108433735,0.0,0.0,0.0,7.228915662650603,122.89156626506025,93.97590361445783,7.228915662650603,19.27710843373494,0.4634146341463415,5.568292682926829,7.228915662650603,0.0,0.0,0.0,0.0,0.0,2.4096385542168677,14.457831325301205,0.0,7.228915662650603,12.048192771084338,12.048192771084338,7.228915662650603,2.4096385542168677,0.0,0.0,0.0,0.0,7.228915662650603,7.228915662650603,2.4096385542168677,0.0,0.0
33063748,2.493765586034913,7.481296758104738,64.83790523690773,4.987531172069826,0.0,0.0,0.0,9.975062344139651,19.950124688279303,0.0,0.0,0.0,12.468827930174564,54.86284289276808,0.0,254.36408977556107,24.93765586034913,0.0,34.912718204488776,0.0,2.493765586034913,4.987531172069826,0.0,27.43142144638404,0.0,0.0,4.987531172069826,0.0,2.493765586034913,0.0,0.0,0.0,0.0,2.493765586034913,0.0,2.493765586034913,0.0,9.975062344139651,107.23192019950125,54.86284289276808,22.443890274314214,29.92518703241895,0.4050632911392405,4.637974683544304,2.493765586034913,0.0,0.0,2.493765586034913,7.481296758104738,0.0,2.493765586034913,4.987531172069826,0.0,14.962593516209475,4.987531172069826,19.950124688279303,4.987531172069826,0.0,0.0,0.0,0.0,0.0,4.987531172069826,14.962593516209475,7.481296758104738,0.0,0.0
33189486,88.3054892601432,21.479713603818613,11.933174224343675,9.546539379474941,0.0,7.159904534606206,0.0,38.186157517899765,0.0,0.0,7.159904534606206,4.773269689737471,16.706443914081145,11.933174224343675,2.3866348448687353,274.4630071599045,16.706443914081145,0.0,26.252983293556085,4.773269689737471,9.546539379474941,0.0,0.0,26.252983293556085,0.0,0.0,0.0,2.3866348448687353,0.0,0.0,7.159904534606206,0.0,0.0,2.3866348448687353,2.3866348448687353,2.3866348448687353,2.3866348448687353,4.773269689737471,112.17183770883055,31.026252983293556,4.773269689737471,42.959427207637226,0.5012165450121655,4.557177615571776,2.3866348448687353,0.0,0.0,2.3866348448687353,2.3866348448687353,0.0,4.773269689737471,7.159904534606206,2.3866348448687353,2.3866348448687353,16.706443914081145,21.479713603818613,2.3866348448687353,2.3866348448687353,9.546539379474941,0.0,0.0,2.3866348448687353,7.159904534606206,0.0,7.159904534606206,0.0,16.706443914081145
33257377,0.0,9.975062344139651,69.82543640897755,0.0,0.0,0.0,0.0,42.394014962593516,4.987531172069826,2.493765586034913,0.0,0.0,4.987531172069826,24.93765586034913,0.0,261.8453865336659,9.975062344139651,2.493765586034913,9.975062344139651,0.0,14.962593516209475,0.0,0.0,27.43142144638404,4.987531172069826,2.493765586034913,7.481296758104738,0.0,0.0,0.0,0.0,0.0,0.0,2.493765586034913,0.0,0.0,0.0,4.987531172069826,114.713216957606,114.713216957606,7.481296758104738,39.900249376558605,0.5,5.14030612244898,2.493765586034913,0.0,0.0,0.0,0.0,0.0,4.987531172069826,0.0,2.493765586034913,0.0,7.481296758104738,12.468827930174564,9.975062344139651,0.0,0.0,0.0,0.0,0.0,7.481296758104738,9.975062344139651,2.493765586034913,0.0,12.468827930174564
33380810,59.95203836930456,9.592326139088728,43.16546762589928,19.184652278177456,2.398081534772182,16.786570743405274,0.0,9.592326139088728,16.786570743405274,2.398081534772182,9.592326139088728,2.398081534772182,19.184652278177456,26.378896882494004,2.398081534772182,215.82733812949638,14.388489208633095,0.0,26.378896882494004,2.398081534772182,4.796163069544364,0.0,2.398081534772182,33.57314148681055,9.592326139088728,0.0,0.0,0.0,2.398081534772182,0.0,2.398081534772182,0.0,0.0,2.398081534772182,0.0,0.0,0.0,9.592326139088728,115.10791366906476,45.563549160671464,16.786570743405274,47.961630695443645,0.5721153846153846,4.951923076923077,4.796163069544364,0.0,0.0,2.398081534772182,2.398081534772182,0.0,7.194244604316547,7.194244604316547,0.0,0.0,9.592326139088728,7.194244604316547,4.796163069544364,4.796163069544364,0.0,0.0,0.0,0.0,7.194244604316547,21.58273381294964,7.194244604316547,0.0,0.0
33457169,41.95804195804196,16.317016317016318,25.64102564102564,0.0,2.331002331002331,0.0,0.0,9.324009324009324,16.317016317016318,0.0,0.0,0.0,20.97902097902098,18.64801864801865,9.324009324009324,272.7272727272727,4.662004662004662,6.993006993006993,20.97902097902098,0.0,9.324009324009324,0.0,0.0,18.64801864801865,0.0,0.0,0.0,0.0,4.662004662004662,0.0,6.993006993006993,0.0,0.0,9.324009324009324,0.0,0.0,0.0,4.662004662004662,158.5081585081585,65.26806526806527,2.331002331002331,13.986013986013987,0.4682352941176471,4.776470588235294,2.331002331002331,0.0,0.0,0.0,2.331002331002331,0.0,0.0,0.0,0.0,6.993006993006993,9.324009324009324,6.993006993006993,4.662004662004662,0.0,0.0,0.0,0.0,0.0,4.662004662004662,23.31002331002331,9.324009324009324,0.0,0.0
33462204,7.142857142857142,11.904761904761903,85.71428571428571,2.3809523809523814,2.3809523809523814,14.285714285714285,0.0,19.04761904761905,14.285714285714285,2.3809523809523814,2.3809523809523814,0.0,30.952380952380953,35.714285714285715,4.761904761904763,219.04761904761904,16.666666666666668,2.3809523809523814,9.523809523809526,0.0,26.19047619047619,2.3809523809523814,0.0,35.714285714285715,4.761904761904763,0.0,0.0,0.0,16.666666666666668,0.0,4.761904761904763,0.0,0.0,4.761904761904763,0.0,0.0,0.0,2.3809523809523814,90.47619047619047,64.28571428571428,4.761904761904763,30.952380952380953,0.43675417661097854,4.6252983293556085,2.3809523809523814,7.142857142857142,0.0,0.0,7.142857142857142,0.0,7.142857142857142,4.761904761904763,0.0,14.285714285714285,11.904761904761903,28.57142857142857,16.666666666666668,0.0,0.0,0.0,2.3809523809523814,0.0,7.142857142857142,4.761904761904763,9.523809523809526,2.3809523809523814,2.3809523809523814
33658656,14.814814814814815,27.160493827160494,61.72839506172839,2.4691358024691357,0.0,2.4691358024691357,0.0,22.22222222222222,4.938271604938271,2.4691358024691357,0.0,2.4691358024691357,12.345679012345679,32.098765432098766,2.4691358024691357,296.2962962962963,2.4691358024691357,9.876543209876543,17.28395061728395,2.4691358024691357,12.345679012345679,2.4691358024691357,0.0,9.876543209876543,2.4691358024691357,0.0,4.938271604938271,2.4691358024691357,0.0,0.0,7.407407407407407,0.0,0.0,0.0,0.0,0.0,0.0,2.4691358024691357,150.6172839506173,46.91358024691358,4.938271604938271,24.691358024691358,0.4623115577889447,4.924623115577889,7.407407407407407,2.4691358024691357,0.0,0.0,2.4691358024691357,0.0,7.407407407407407,2.4691358024691357,0.0,0.0,14.814814814814815,4.938271604938271,2.4691358024691357,0.0,0.0,0.0,0.0,0.0,4.938271604938271,7.407407407407407,2.4691358024691357,0.0,2.4691358024691357
33868831,14.669926650366747,7.334963325183374,48.8997555012225,4.88997555012225,0.0,4.88997555012225,0.0,2.444987775061125,7.334963325183374,0.0,0.0,0.0,17.114914425427873,39.119804400978,2.444987775061125,256.7237163814181,19.559902200489,2.444987775061125,19.559902200489,2.444987775061125,9.7799511002445,0.0,0.0,17.114914425427873,7.334963325183374,0.0,0.0,0.0,2.444987775061125,0.0,4.88997555012225,0.0,0.0,9.7799511002445,0.0,0.0,2.444987775061125,4.88997555012225,136.91931540342298,68.45965770171149,9.7799511002445,14.669926650366747,0.4666666666666667,4.950617283950617,2.444987775061125,0.0,0.0,0.0,0.0,0.0,9.7799511002445,17.114914425427873,0.0,2.444987775061125,9.7799511002445,17.114914425427873,4.88997555012225,0.0,0.0,0.0,0.0,0.0,0.0,14.669926650366747,2.444987775061125,4.88997555012225,0.0
34050393,26.442307692307693,21.634615384615383,33.65384615384615,0.0,0.0,9.615384615384617,0.0,7.211538461538462,0.0,9.615384615384617,2.403846153846154,2.403846153846154,12.01923076923077,45.67307692307692,12.01923076923077,264.4230769230769,21.634615384615383,0.0,4.807692307692308,0.0,0.0,0.0,0.0,24.03846153846154,2.403846153846154,0.0,2.403846153846154,2.403846153846154,0.0,0.0,7.211538461538462,0.0,0.0,2.403846153846154,0.0,0.0,0.0,4.807692307692308,139.42307692307693,52.88461538461539,0.0,26.442307692307693,0.5216346153846154,5.122596153846154,0.0,0.0,0.0,0.0,2.403846153846154,0.0,2.403846153846154,0.0,0.0,4.807692307692308,7.211538461538462,14.423076923076923,4.807692307692308,0.0,0.0,0.0,0.0,0.0,9.615384615384617,26.442307692307693,4.807692307692308,0.0,2.403846153846154
34201430,21.791767554479417,9.685230024213075,67.79661016949153,2.4213075060532687,7.263922518159807,14.527845036319613,0.0,55.69007263922518,2.4213075060532687,2.4213075060532687,2.4213075060532687,0.0,4.842615012106537,14.527845036319613,2.4213075060532687,244.55205811138015,7.263922518159807,0.0,21.791767554479417,0.0,12.106537530266344,0.0,2.4213075060532687,31.476997578692497,2.4213075060532687,0.0,0.0,0.0,0.0,0.0,0.0,0.0,0.0,2.4213075060532687,0.0,0.0,0.0,12.106537530266344,135.59322033898306,60.53268765133172,9.685230024213075,31.476997578692497,0.4913151364764268,4.558312655086849,4.842615012106537,0.0,0.0,0.0,7.263922518159807,2.4213075060532687,2.4213075060532687,7.263922518159807,0.0,0.0,9.685230024213075,19.37046004842615,0.0,0.0,7.263922518159807,0.0,0.0,0.0,9.685230024213075,9.685230024213075,12.106537530266344,0.0,0.0
34249297,9.75609756097561,14.634146341463415,80.48780487804878,4.878048780487805,0.0,53.65853658536585,0.0,17.073170731707318,0.0,4.878048780487805,4.878048780487805,0.0,2.4390243902439024,12.195121951219512,7.317073170731708,243.90243902439025,0.0,0.0,41.463414634146346,0.0,7.317073170731708,7.317073170731708,0.0,17.073170731707318,0.0,0.0,2.4390243902439024,0.0,0.0,0.0,2.4390243902439024,0.0,0.0,0.0,0.0,0.0,0.0,7.317073170731708,92.6829268292683,51.21951219512195,14.634146341463415,31.70731707317073,0.4849246231155779,4.582914572864322,0.0,0.0,0.0,0.0,9.75609756097561,0.0,7.317073170731708,9.75609756097561,0.0,9.75609756097561,7.317073170731708,26.829268292682926,0.0,0.0,21.95121951219512,2.4390243902439024,0.0,0.0,0.0,4.878048780487805,24.390243902439025,0.0,0.0
34269314,4.796163069544364,26.378896882494004,59.95203836930456,2.398081534772182,0.0,4.796163069544364,0.0,2.398081534772182,0.0,2.398081534772182,0.0,0.0,11.990407673860911,31.17505995203837,2.398081534772182,304.55635491606716,7.194244604316547,0.0,11.990407673860911,0.0,4.796163069544364,0.0,0.0,9.592326139088728,4.796163069544364,0.0,0.0,0.0,2.398081534772182,0.0,0.0,0.0,0.0,7.194244604316547,0.0,0.0,0.0,4.796163069544364,158.27338129496403,62.35011990407674,2.398081534772182,38.36930455635491,0.47512437810945274,5.149253731343284,4.796163069544364,0.0,0.0,2.398081534772182,7.194244604316547,0.0,11.990407673860911,0.0,2.398081534772182,0.0,11.990407673860911,4.796163069544364,0.0,0.0,0.0,0.0,0.0,0.0,4.796163069544364,9.592326139088728,2.398081534772182,0.0,0.0
34363075,4.914004914004914,12.285012285012284,61.42506142506143,2.457002457002457,0.0,4.914004914004914,0.0,9.828009828009828,14.742014742014742,2.457002457002457,4.914004914004914,2.457002457002457,9.828009828009828,22.11302211302211,0.0,270.27027027027026,4.914004914004914,0.0,24.570024570024568,0.0,9.828009828009828,2.457002457002457,0.0,39.31203931203931,0.0,0.0,0.0,0.0,0.0,0.0,2.457002457002457,0.0,0.0,4.914004914004914,0.0,0.0,0.0,17.1990171990172,120.39312039312038,56.511056511056516,14.742014742014742,14.742014742014742,0.4529262086513995,4.636132315521628,2.457002457002457,7.371007371007371,0.0,0.0,0.0,0.0,4.914004914004914,0.0,2.457002457002457,9.828009828009828,12.285012285012284,7.371007371007371,4.914004914004914,0.0,7.371007371007371,0.0,0.0,2.457002457002457,7.371007371007371,14.742014742014742,4.914004914004914,0.0,2.457002457002457
34376488,7.299270072992701,4.866180048661801,46.228710462287104,4.866180048661801,0.0,0.0,0.0,55.961070559610704,2.4330900243309004,0.0,0.0,0.0,9.732360097323602,14.598540145985401,0.0,282.2384428223844,0.0,2.4330900243309004,41.3625304136253,0.0,2.4330900243309004,0.0,0.0,24.330900243309003,0.0,0.0,0.0,0.0,2.4330900243309004,0.0,2.4330900243309004,0.0,0.0,2.4330900243309004,0.0,0.0,7.299270072992701,7.299270072992701,119.2214111922141,53.5279805352798,17.0316301703163,34.0632603406326,0.5245098039215687,4.463235294117647,9.732360097323602,0.0,0.0,0.0,4.866180048661801,0.0,2.4330900243309004,9.732360097323602,0.0,21.897810218978105,0.0,4.866180048661801,2.4330900243309004,0.0,0.0,0.0,2.4330900243309004,0.0,2.4330900243309004,0.0,9.732360097323602,0.0,2.4330900243309004
34383272,2.493765586034913,27.43142144638404,52.36907730673317,0.0,2.493765586034913,0.0,0.0,0.0,7.481296758104738,0.0,0.0,0.0,2.493765586034913,44.88778054862843,12.468827930174564,261.8453865336659,7.481296758104738,0.0,14.962593516209475,0.0,0.0,0.0,0.0,22.443890274314214,0.0,0.0,2.493765586034913,0.0,0.0,0.0,0.0,0.0,0.0,2.493765586034913,0.0,0.0,0.0,2.493765586034913,142.14463840399003,117.20698254364089,4.987531172069826,12.468827930174564,0.45979899497487436,5.21859296482412,2.493765586034913,0.0,0.0,0.0,0.0,2.493765586034913,0.0,2.493765586034913,0.0,0.0,0.0,12.468827930174564,7.481296758104738,0.0,0.0,0.0,0.0,0.0,0.0,7.481296758104738,2.493765586034913,0.0,0.0
34389274,23.980815347721823,26.378896882494004,45.563549160671464,0.0,0.0,2.398081534772182,0.0,26.378896882494004,2.398081534772182,0.0,0.0,0.0,21.58273381294964,50.35971223021583,7.194244604316547,232.61390887290167,16.786570743405274,2.398081534772182,16.786570743405274,0.0,7.194244604316547,2.398081534772182,0.0,28.77697841726619,0.0,0.0,7.194244604316547,2.398081534772182,2.398081534772182,0.0,9.592326139088728,0.0,2.398081534772182,4.796163069544364,0.0,0.0,0.0,4.796163069544364,124.70023980815348,47.961630695443645,7.194244604316547,16.786570743405274,0.4878640776699029,5.330097087378641,4.796163069544364,0.0,0.0,0.0,0.0,0.0,0.0,4.796163069544364,2.398081534772182,2.398081534772182,19.184652278177456,14.388489208633095,7.194244604316547,0.0,0.0,0.0,0.0,0.0,2.398081534772182,14.388489208633095,2.398081534772182,0.0,4.796163069544364
34441624,65.37530266343826,21.791767554479417,33.898305084745765,0.0,2.4213075060532687,2.4213075060532687,0.0,50.84745762711865,2.4213075060532687,2.4213075060532687,2.4213075060532687,2.4213075060532687,19.37046004842615,19.37046004842615,0.0,283.29297820823246,14.527845036319613,4.842615012106537,19.37046004842615,0.0,0.0,0.0,0.0,16.949152542372882,0.0,0.0,2.4213075060532687,2.4213075060532687,2.4213075060532687,0.0,12.106537530266344,0.0,0.0,0.0,0.0,0.0,0.0,9.685230024213075,96.85230024213075,31.476997578692497,2.4213075060532687,29.055690072639226,0.48157248157248156,4.7002457002457,0.0,0.0,0.0,0.0,0.0,0.0,7.263922518159807,2.4213075060532687,0.0,2.4213075060532687,14.527845036319613,4.842615012106537,0.0,0.0,2.4213075060532687,0.0,0.0,0.0,7.263922518159807,14.527845036319613,9.685230024213075,0.0,4.842615012106537
34478181,89.33002481389578,2.4813895781637716,0.0,4.962779156327543,2.4813895781637716,0.0,0.0,7.444168734491315,19.851116625310173,0.0,0.0,0.0,27.29528535980149,29.77667493796526,0.0,275.43424317617865,9.925558312655086,4.962779156327543,34.7394540942928,0.0,0.0,0.0,0.0,12.40694789081886,0.0,0.0,0.0,2.4813895781637716,9.925558312655086,2.4813895781637716,0.0,0.0,0.0,12.40694789081886,0.0,0.0,0.0,4.962779156327543,111.66253101736973,91.81141439205956,7.444168734491315,29.77667493796526,0.5176767676767676,4.757575757575758,0.0,2.4813895781637716,0.0,0.0,4.962779156327543,0.0,0.0,0.0,0.0,2.4813895781637716,0.0,9.925558312655086,0.0,0.0,0.0,0.0,0.0,0.0,0.0,24.81389578163772,24.81389578163772,0.0,2.4813895781637716
34503715,61.611374407582936,14.218009478672984,18.95734597156398,0.0,0.0,0.0,0.0,63.98104265402843,2.3696682464454977,0.0,0.0,0.0,9.47867298578199,14.218009478672984,4.739336492890995,317.53554502369667,16.587677725118485,0.0,35.54502369668246,7.109004739336492,7.109004739336492,0.0,0.0,16.587677725118485,0.0,0.0,0.0,0.0,0.0,0.0,7.109004739336492,0.0,0.0,2.3696682464454977,0.0,0.0,0.0,4.739336492890995,109.00473933649289,37.91469194312796,14.218009478672984,18.95734597156398,0.41766109785202865,4.689737470167064,0.0,0.0,0.0,0.0,0.0,0.0,0.0,4.739336492890995,0.0,16.587677725118485,14.218009478672984,16.587677725118485,0.0,0.0,2.3696682464454977,0.0,2.3696682464454977,0.0,2.3696682464454977,16.587677725118485,14.218009478672984,4.739336492890995,0.0
34560125,2.3809523809523814,14.285714285714285,42.857142857142854,0.0,0.0,0.0,0.0,2.3809523809523814,16.666666666666668,2.3809523809523814,0.0,0.0,11.904761904761903,78.57142857142857,4.761904761904763,278.57142857142856,0.0,2.3809523809523814,14.285714285714285,0.0,14.285714285714285,2.3809523809523814,0.0,23.809523809523807,4.761904761904763,0.0,4.761904761904763,4.761904761904763,0.0,0.0,2.3809523809523814,0.0,0.0,9.523809523809526,0.0,0.0,0.0,2.3809523809523814,92.85714285714286,73.80952380952381,9.523809523809526,23.809523809523807,0.46522781774580335,5.565947242206235,2.3809523809523814,0.0,0.0,0.0,2.3809523809523814,0.0,4.761904761904763,2.3809523809523814,0.0,16.666666666666668,9.523809523809526,2.3809523809523814,21.428571428571427,0.0,0.0,0.0,0.0,2.3809523809523814,11.904761904761903,21.428571428571427,2.3809523809523814,0.0,0.0
34885606,62.64501160092807,27.842227378190255,27.842227378190255,2.320185614849188,6.960556844547564,0.0,0.0,11.600928074245939,4.640371229698376,0.0,0.0,0.0,25.522041763341065,34.80278422273782,6.960556844547564,262.1809744779582,25.522041763341065,9.280742459396752,20.88167053364269,0.0,9.280742459396752,0.0,0.0,23.201856148491878,2.320185614849188,0.0,0.0,2.320185614849188,6.960556844547564,2.320185614849188,6.960556844547564,0.0,0.0,4.640371229698376,0.0,0.0,0.0,4.640371229698376,109.04872389791183,48.72389791183294,2.320185614849188,25.522041763341065,0.4655581947743468,4.992874109263658,4.640371229698376,0.0,0.0,0.0,0.0,0.0,0.0,4.640371229698376,0.0,0.0,16.241299303944317,20.88167053364269,2.320185614849188,2.320185614849188,0.0,0.0,0.0,0.0,2.320185614849188,9.280742459396752,6.960556844547564,0.0,4.640371229698376
34895864,59.55334987593052,34.7394540942928,44.66501240694789,4.962779156327543,0.0,17.3697270471464,0.0,91.81141439205956,0.0,0.0,9.925558312655086,2.4813895781637716,14.88833746898263,12.40694789081886,0.0,193.54838709677418,7.444168734491315,0.0,22.332506203473944,0.0,12.40694789081886,0.0,0.0,22.332506203473944,4.962779156327543,0.0,0.0,0.0,2.4813895781637716,0.0,4.962779156327543,0.0,0.0,0.0,0.0,0.0,2.4813895781637716,4.962779156327543,74.44168734491315,22.332506203473944,4.962779156327543,86.848635235732,0.4732824427480916,4.519083969465649,4.962779156327543,0.0,0.0,2.4813895781637716,12.40694789081886,0.0,2.4813895781637716,7.444168734491315,0.0,4.962779156327543,19.851116625310173,22.332506203473944,0.0,2.4813895781637716,2.4813895781637716,0.0,0.0,0.0,7.444168734491315,12.40694789081886,17.3697270471464,4.962779156327543,2.4813895781637716
34899627,42.394014962593516,24.93765586034913,32.418952618453865,0.0,0.0,0.0,0.0,12.468827930174564,4.987531172069826,0.0,0.0,2.493765586034913,24.93765586034913,22.443890274314214,0.0,274.3142144638404,19.950124688279303,2.493765586034913,19.950124688279303,2.493765586034913,2.493765586034913,0.0,0.0,22.443890274314214,7.481296758104738,0.0,2.493765586034913,0.0,2.493765586034913,0.0,4.987531172069826,0.0,0.0,12.468827930174564,0.0,0.0,2.493765586034913,4.987531172069826,117.20698254364089,54.86284289276808,9.975062344139651,29.92518703241895,0.5177664974619289,4.614213197969543,4.987531172069826,2.493765586034913,0.0,0.0,4.987531172069826,0.0,0.0,0.0,0.0,4.987531172069826,7.481296758104738,12.468827930174564,2.493765586034913,0.0,0.0,0.0,0.0,0.0,7.481296758104738,17.456359102244388,2.493765586034913,2.493765586034913,2.493765586034913
34960749,71.59904534606206,4.773269689737471,14.319809069212411,14.319809069212411,0.0,7.159904534606206,0.0,62.05250596658711,9.546539379474941,0.0,0.0,0.0,23.86634844868735,26.252983293556085,2.3866348448687353,284.00954653937947,4.773269689737471,4.773269689737471,21.479713603818613,0.0,0.0,0.0,0.0,2.3866348448687353,7.159904534606206,0.0,0.0,0.0,2.3866348448687353,2.3866348448687353,9.546539379474941,0.0,0.0,4.773269689737471,0.0,0.0,0.0,4.773269689737471,126.49164677804295,47.7326968973747,2.3866348448687353,50.11933174224344,0.5278450363196125,4.501210653753026,0.0,4.773269689737471,0.0,0.0,9.546539379474941,0.0,0.0,0.0,0.0,7.159904534606206,4.773269689737471,7.159904534606206,0.0,0.0,0.0,0.0,0.0,0.0,4.773269689737471,7.159904534606206,7.159904534606206,0.0,2.3866348448687353
35057882,13.761467889908257,6.8807339449541285,36.69724770642202,0.0,0.0,0.0,0.0,4.587155963302752,9.174311926605505,0.0,0.0,0.0,13.761467889908257,48.165137614678905,0.0,254.58715596330273,13.761467889908257,6.8807339449541285,9.174311926605505,0.0,2.293577981651376,2.293577981651376,0.0,13.761467889908257,0.0,0.0,11.46788990825688,4.587155963302752,2.293577981651376,9.174311926605505,2.293577981651376,0.0,2.293577981651376,2.293577981651376,0.0,0.0,0.0,6.8807339449541285,114.67889908256882,87.1559633027523,4.587155963302752,13.761467889908257,0.4696261682242991,5.121495327102804,2.293577981651376,0.0,0.0,0.0,2.293577981651376,0.0,2.293577981651376,9.174311926605505,2.293577981651376,2.293577981651376,4.587155963302752,4.587155963302752,0.0,0.0,0.0,0.0,0.0,0.0,0.0,13.761467889908257,2.293577981651376,0.0,4.587155963302752
35093827,2.4813895781637716,17.3697270471464,44.66501240694789,0.0,0.0,9.925558312655086,0.0,4.962779156327543,9.925558312655086,0.0,0.0,2.4813895781637716,9.925558312655086,32.25806451612903,0.0,310.17369727047145,12.40694789081886,0.0,17.3697270471464,0.0,9.925558312655086,0.0,0.0,34.7394540942928,2.4813895781637716,0.0,0.0,0.0,4.962779156327543,0.0,2.4813895781637716,0.0,0.0,2.4813895781637716,0.0,0.0,0.0,0.0,81.88585607940446,57.07196029776674,4.962779156327543,19.851116625310173,0.48214285714285715,5.25,2.4813895781637716,0.0,0.0,0.0,2.4813895781637716,0.0,4.962779156327543,4.962779156327543,0.0,12.40694789081886,2.4813895781637716,7.444168734491315,7.444168734491315,0.0,0.0,0.0,0.0,0.0,0.0,7.444168734491315,4.962779156327543,0.0,4.962779156327543
35158222,36.31961259079903,38.7409200968523,79.90314769975787,12.106537530266344,2.4213075060532687,36.31961259079903,0.0,72.63922518159806,12.106537530266344,0.0,7.263922518159807,4.842615012106537,16.949152542372882,12.106537530266344,2.4213075060532687,181.59806295399517,14.527845036319613,0.0,36.31961259079903,2.4213075060532687,2.4213075060532687,0.0,0.0,14.527845036319613,4.842615012106537,0.0,0.0,0.0,0.0,0.0,12.106537530266344,0.0,0.0,0.0,0.0,0.0,0.0,7.263922518159807,96.85230024213075,12.106537530266344,12.106537530266344,65.37530266343826,0.4371859296482412,4.263819095477387,0.0,0.0,0.0,2.4213075060532687,12.106537530266344,0.0,2.4213075060532687,2.4213075060532687,0.0,12.106537530266344,19.37046004842615,16.949152542372882,2.4213075060532687,0.0,24.213075060532688,0.0,0.0,0.0,2.4213075060532687,16.949152542372882,12.106537530266344,7.263922518159807,7.263922518159807
35359919,24.630541871921185,32.01970443349754,54.187192118226605,0.0,7.389162561576354,4.926108374384237,0.0,39.40886699507389,12.315270935960593,4.926108374384237,0.0,2.4630541871921183,17.241379310344826,39.40886699507389,7.389162561576354,197.04433497536948,27.093596059113302,0.0,17.241379310344826,2.4630541871921183,14.778325123152708,4.926108374384237,0.0,24.630541871921185,0.0,0.0,0.0,0.0,4.926108374384237,0.0,4.926108374384237,0.0,0.0,2.4630541871921183,0.0,2.4630541871921183,0.0,7.389162561576354,105.91133004926108,51.724137931034484,4.926108374384237,41.87192118226601,0.473551637279597,4.984886649874055,2.4630541871921183,0.0,0.0,0.0,0.0,2.4630541871921183,7.389162561576354,0.0,4.926108374384237,7.389162561576354,12.315270935960593,14.778325123152708,4.926108374384237,0.0,2.4630541871921183,0.0,0.0,0.0,12.315270935960593,12.315270935960593,4.926108374384237,0.0,7.389162561576354
35401668,17.5,22.5,62.5,7.5,0.0,0.0,0.0,0.0,17.5,10.0,0.0,2.5,12.5,20.0,5.0,307.5,7.5,2.5,25.0,0.0,2.5,0.0,5.0,10.0,2.5,0.0,0.0,2.5,0.0,0.0,0.0,0.0,0.0,7.5,0.0,0.0,0.0,5.0,122.5,75.0,5.0,35.0,0.5238095238095238,4.857142857142857,2.5,0.0,0.0,0.0,7.5,0.0,0.0,2.5,0.0,0.0,0.0,0.0,0.0,0.0,5.0,0.0,0.0,0.0,5.0,10.0,10.0,0.0,2.5
35491802,66.99751861042184,42.183622828784124,17.3697270471464,0.0,2.4813895781637716,0.0,0.0,59.55334987593052,4.962779156327543,0.0,0.0,2.4813895781637716,19.851116625310173,27.29528535980149,4.962779156327543,218.36228287841192,27.29528535980149,2.4813895781637716,2.4813895781637716,0.0,9.925558312655086,0.0,0.0,34.7394540942928,2.4813895781637716,0.0,2.4813895781637716,2.4813895781637716,2.4813895781637716,0.0,7.444168734491315,0.0,0.0,0.0,0.0,0.0,0.0,14.88833746898263,101.73697270471465,47.146401985111666,2.4813895781637716,44.66501240694789,0.4873096446700508,4.898477157360406,2.4813895781637716,2.4813895781637716,0.0,0.0,2.4813895781637716,0.0,0.0,2.4813895781637716,0.0,0.0,12.40694789081886,7.444168734491315,2.4813895781637716,0.0,0.0,0.0,0.0,0.0,14.88833746898263,24.81389578163772,14.88833746898263,0.0,4.962779156327543
35540065,14.285714285714285,40.47619047619048,42.857142857142854,0.0,2.3809523809523814,0.0,0.0,9.523809523809526,7.142857142857142,2.3809523809523814,0.0,0.0,11.904761904761903,54.76190476190476,2.3809523809523814,288.0952380952381,7.142857142857142,2.3809523809523814,2.3809523809523814,0.0,2.3809523809523814,0.0,0.0,9.523809523809526,2.3809523809523814,0.0,0.0,2.3809523809523814,4.761904761904763,0.0,0.0,0.0,0.0,2.3809523809523814,0.0,0.0,0.0,4.761904761904763,116.66666666666667,97.61904761904762,2.3809523809523814,16.666666666666668,0.46782178217821785,5.497524752475248,0.0,0.0,0.0,0.0,0.0,0.0,2.3809523809523814,0.0,0.0,0.0,2.3809523809523814,11.904761904761903,7.142857142857142,0.0,0.0,0.0,0.0,0.0,9.523809523809526,21.428571428571427,7.142857142857142,0.0,0.0
35550049,41.76904176904177,7.371007371007371,17.1990171990172,2.457002457002457,7.371007371007371,0.0,0.0,4.914004914004914,4.914004914004914,2.457002457002457,0.0,0.0,9.828009828009828,51.597051597051596,7.371007371007371,285.012285012285,17.1990171990172,2.457002457002457,9.828009828009828,0.0,4.914004914004914,0.0,0.0,19.656019656019655,12.285012285012284,2.457002457002457,0.0,4.914004914004914,2.457002457002457,0.0,2.457002457002457,0.0,0.0,2.457002457002457,0.0,0.0,0.0,9.828009828009828,108.10810810810811,39.31203931203931,2.457002457002457,36.85503685503686,0.5465994962216625,5.2947103274559195,2.457002457002457,2.457002457002457,0.0,0.0,0.0,0.0,0.0,0.0,2.457002457002457,4.914004914004914,7.371007371007371,7.371007371007371,12.285012285012284,0.0,0.0,0.0,0.0,0.0,4.914004914004914,22.11302211302211,4.914004914004914,0.0,2.457002457002457
35602032,2.4390243902439024,12.195121951219512,53.65853658536585,0.0,2.4390243902439024,9.75609756097561,0.0,4.878048780487805,4.878048780487805,7.317073170731708,0.0,0.0,19.51219512195122,14.634146341463415,4.878048780487805,287.80487804878044,12.195121951219512,0.0,14.634146341463415,0.0,9.75609756097561,0.0,0.0,19.51219512195122,0.0,0.0,2.4390243902439024,0.0,4.878048780487805,0.0,7.317073170731708,0.0,0.0,7.317073170731708,0.0,0.0,0.0,4.878048780487805,143.90243902439022,63.41463414634146,0.0,46.34146341463415,0.5049261083743842,4.987684729064039,7.317073170731708,0.0,0.0,2.4390243902439024,17.073170731707318,0.0,9.75609756097561,12.195121951219512,0.0,7.317073170731708,4.878048780487805,14.634146341463415,2.4390243902439024,0.0,0.0,0.0,0.0,0.0,9.75609756097561,12.195121951219512,2.4390243902439024,0.0,2.4390243902439024
35608235,17.32673267326733,32.17821782178218,76.73267326732673,4.9504950495049505,2.4752475247524752,49.504950495049506,0.0,29.7029702970297,7.425742574257425,0.0,0.0,2.4752475247524752,7.425742574257425,22.277227722772277,0.0,220.2970297029703,0.0,4.9504950495049505,24.752475247524753,0.0,4.9504950495049505,4.9504950495049505,0.0,27.22772277227723,0.0,0.0,0.0,0.0,0.0,0.0,4.9504950495049505,0.0,0.0,0.0,2.4752475247524752,0.0,0.0,2.4752475247524752,94.05940594059406,19.801980198019802,17.32673267326733,66.83168316831683,0.53315649867374,4.381962864721485,2.4752475247524752,2.4752475247524752,0.0,0.0,7.425742574257425,0.0,2.4752475247524752,9.900990099009901,0.0,9.900990099009901,14.85148514851485,14.85148514851485,4.9504950495049505,0.0,42.07920792079208,0.0,0.0,0.0,14.85148514851485,4.9504950495049505,32.17821782178218,0.0,7.425742574257425
35620434,0.0,24.330900243309003,77.85888077858881,0.0,7.299270072992701,0.0,4.866180048661801,7.299270072992701,29.197080291970803,0.0,4.866180048661801,0.0,17.0316301703163,12.165450121654501,0.0,267.63990267639906,4.866180048661801,0.0,29.197080291970803,2.4330900243309004,0.0,0.0,0.0,14.598540145985401,4.866180048661801,0.0,0.0,0.0,4.866180048661801,0.0,7.299270072992701,0.0,0.0,0.0,0.0,0.0,0.0,12.165450121654501,128.9537712895377,51.09489051094891,7.299270072992701,36.4963503649635,0.5185185185185185,4.718518518518518,2.4330900243309004,0.0,0.0,0.0,4.866180048661801,0.0,4.866180048661801,0.0,0.0,0.0,0.0,2.4330900243309004,0.0,0.0,9.732360097323602,0.0,2.4330900243309004,0.0,7.299270072992701,17.0316301703163,12.165450121654501,0.0,2.4330900243309004
35696981,7.462686567164179,12.437810945273633,67.16417910447761,2.487562189054726,0.0,17.412935323383085,0.0,17.412935323383085,0.0,2.487562189054726,0.0,4.975124378109452,14.925373134328359,59.701492537313435,4.975124378109452,246.2686567164179,9.950248756218905,7.462686567164179,12.437810945273633,0.0,27.36318407960199,0.0,0.0,44.776119402985074,0.0,0.0,0.0,0.0,2.487562189054726,0.0,4.975124378109452,0.0,0.0,4.975124378109452,0.0,0.0,0.0,2.487562189054726,74.62686567164178,37.31343283582089,2.487562189054726,44.776119402985074,0.46272493573264784,5.362467866323907,4.975124378109452,0.0,0.0,0.0,7.462686567164179,0.0,4.975124378109452,9.950248756218905,7.462686567164179,4.975124378109452,17.412935323383085,29.850746268656717,19.90049751243781,0.0,0.0,0.0,0.0,0.0,7.462686567164179,9.950248756218905,2.487562189054726,0.0,2.487562189054726
35814976,2.403846153846154,2.403846153846154,26.442307692307693,0.0,0.0,7.211538461538462,0.0,9.615384615384617,7.211538461538462,2.403846153846154,0.0,0.0,12.01923076923077,43.26923076923077,7.211538461538462,295.6730769230769,7.211538461538462,0.0,9.615384615384617,0.0,0.0,0.0,0.0,19.230769230769234,4.807692307692308,0.0,0.0,0.0,0.0,0.0,0.0,0.0,0.0,7.211538461538462,0.0,0.0,0.0,9.615384615384617,139.42307692307693,72.11538461538461,0.0,40.86538461538461,0.49877750611246946,5.2689486552567235,2.403846153846154,0.0,0.0,0.0,19.230769230769234,0.0,2.403846153846154,0.0,0.0,31.25,7.211538461538462,7.211538461538462,0.0,0.0,7.211538461538462,0.0,0.0,0.0,7.211538461538462,14.423076923076923,4.807692307692308,0.0,2.403846153846154
35823182,66.33906633906633,22.11302211302211,4.914004914004914,2.457002457002457,2.457002457002457,0.0,0.0,0.0,19.656019656019655,2.457002457002457,0.0,0.0,12.285012285012284,31.94103194103194,19.656019656019655,277.64127764127767,9.828009828009828,0.0,9.828009828009828,0.0,4.914004914004914,0.0,0.0,22.11302211302211,2.457002457002457,0.0,2.457002457002457,0.0,0.0,0.0,0.0,0.0,0.0,4.914004914004914,0.0,0.0,0.0,2.457002457002457,132.67813267813267,41.76904176904177,4.914004914004914,46.68304668304668,0.44191919191919193,4.984848484848484,0.0,0.0,0.0,0.0,0.0,0.0,0.0,0.0,0.0,0.0,9.828009828009828,9.828009828009828,0.0,0.0,0.0,2.457002457002457,0.0,2.457002457002457,9.828009828009828,17.1990171990172,2.457002457002457,0.0,9.828009828009828
35843946,85.3658536585366,46.34146341463415,17.073170731707318,0.0,0.0,0.0,0.0,63.41463414634146,9.75609756097561,0.0,0.0,0.0,14.634146341463415,7.317073170731708,7.317073170731708,265.8536585365854,14.634146341463415,2.4390243902439024,17.073170731707318,0.0,19.51219512195122,0.0,0.0,12.195121951219512,2.4390243902439024,0.0,2.4390243902439024,2.4390243902439024,0.0,0.0,7.317073170731708,0.0,0.0,2.4390243902439024,0.0,0.0,0.0,2.4390243902439024,121.95121951219512,21.95121951219512,4.878048780487805,19.51219512195122,0.4158415841584158,4.601485148514851,0.0,0.0,0.0,4.878048780487805,0.0,0.0,0.0,2.4390243902439024,0.0,2.4390243902439024,17.073170731707318,31.70731707317073,0.0,0.0,0.0,0.0,0.0,0.0,4.878048780487805,17.073170731707318,19.51219512195122,0.0,0.0
35883054,40.7673860911271,0.0,52.75779376498801,4.796163069544364,0.0,33.57314148681055,2.398081534772182,16.786570743405274,16.786570743405274,0.0,0.0,0.0,26.378896882494004,4.796163069544364,0.0,244.6043165467626,4.796163069544364,2.398081534772182,31.17505995203837,2.398081534772182,16.786570743405274,7.194244604316547,0.0,43.16546762589928,2.398081534772182,0.0,0.0,0.0,4.796163069544364,4.796163069544364,2.398081534772182,0.0,2.398081534772182,2.398081534772182,0.0,0.0,0.0,7.194244604316547,67.1462829736211,71.94244604316546,11.990407673860911,40.7673860911271,0.43209876543209874,4.488888888888889,9.592326139088728,0.0,0.0,4.796163069544364,9.592326139088728,0.0,0.0,4.796163069544364,2.398081534772182,16.786570743405274,26.378896882494004,9.592326139088728,7.194244604316547,0.0,11.990407673860911,0.0,0.0,0.0,4.796163069544364,2.398081534772182,4.796163069544364,2.398081534772182,7.194244604316547
35958498,21.32701421800948,2.3696682464454977,59.241706161137444,7.109004739336492,0.0,14.218009478672984,0.0,18.95734597156398,2.3696682464454977,0.0,0.0,0.0,9.47867298578199,30.805687203791468,9.47867298578199,274.8815165876777,11.848341232227487,0.0,18.95734597156398,4.739336492890995,23.696682464454973,0.0,0.0,16.587677725118485,2.3696682464454977,0.0,4.739336492890995,0.0,0.0,0.0,4.739336492890995,0.0,0.0,4.739336492890995,0.0,0.0,0.0,2.3696682464454977,125.59241706161137,120.85308056872037,4.739336492890995,21.32701421800948,0.43132530120481927,5.621686746987952,0.0,0.0,0.0,0.0,7.109004739336492,0.0,7.109004739336492,2.3696682464454977,0.0,0.0,14.218009478672984,16.587677725118485,11.848341232227487,0.0,0.0,0.0,0.0,0.0,0.0,14.218009478672984,4.739336492890995,0.0,0.0
35987353,32.098765432098766,22.22222222222222,46.91358024691358,2.4691358024691357,2.4691358024691357,0.0,0.0,19.753086419753085,9.876543209876543,0.0,0.0,0.0,19.753086419753085,32.098765432098766,4.938271604938271,271.6049382716049,22.22222222222222,2.4691358024691357,9.876543209876543,0.0,14.814814814814815,0.0,0.0,22.22222222222222,4.938271604938271,0.0,0.0,2.4691358024691357,7.407407407407407,0.0,2.4691358024691357,0.0,0.0,4.938271604938271,0.0,0.0,2.4691358024691357,7.407407407407407,106.17283950617285,49.382716049382715,4.938271604938271,64.19753086419753,0.48,5.2925,2.4691358024691357,0.0,0.0,0.0,2.4691358024691357,0.0,0.0,7.407407407407407,0.0,2.4691358024691357,7.407407407407407,7.407407407407407,9.876543209876543,0.0,0.0,0.0,0.0,0.0,9.876543209876543,7.407407407407407,7.407407407407407,0.0,12.345679012345679
35997445,24.154589371980677,12.077294685990339,36.231884057971016,4.830917874396135,0.0,2.4154589371980677,0.0,0.0,4.830917874396135,0.0,0.0,0.0,7.246376811594203,28.985507246376812,7.246376811594203,318.8405797101449,2.4154589371980677,2.4154589371980677,4.830917874396135,0.0,12.077294685990339,0.0,0.0,19.32367149758454,2.4154589371980677,0.0,0.0,0.0,0.0,0.0,0.0,0.0,0.0,7.246376811594203,0.0,0.0,0.0,2.4154589371980677,130.43478260869566,99.03381642512076,2.4154589371980677,21.73913043478261,0.46551724137931033,5.174876847290641,2.4154589371980677,0.0,0.0,0.0,2.4154589371980677,0.0,4.830917874396135,2.4154589371980677,0.0,0.0,14.492753623188406,14.492753623188406,2.4154589371980677,0.0,0.0,0.0,0.0,0.0,4.830917874396135,19.32367149758454,0.0,0.0,0.0
36089377,11.627906976744185,44.18604651162791,65.11627906976744,2.3255813953488373,0.0,0.0,0.0,0.0,16.27906976744186,0.0,0.0,6.976744186046512,6.976744186046512,62.79069767441861,0.0,218.6046511627907,11.627906976744185,2.3255813953488373,11.627906976744185,0.0,20.930232558139533,0.0,0.0,53.48837209302326,0.0,0.0,2.3255813953488373,0.0,0.0,0.0,2.3255813953488373,0.0,0.0,4.651162790697675,0.0,0.0,2.3255813953488373,0.0,55.81395348837209,37.2093023255814,2.3255813953488373,25.58139534883721,0.36992840095465396,4.821002386634845,4.651162790697675,2.3255813953488373,0.0,0.0,2.3255813953488373,0.0,0.0,2.3255813953488373,0.0,4.651162790697675,25.58139534883721,6.976744186046512,4.651162790697675,0.0,0.0,0.0,0.0,0.0,4.651162790697675,9.30232558139535,4.651162790697675,0.0,6.976744186046512
36111759,9.70873786407767,9.70873786407767,48.543689320388346,2.4271844660194173,2.4271844660194173,0.0,0.0,12.135922330097086,19.41747572815534,2.4271844660194173,0.0,0.0,7.281553398058253,36.40776699029126,4.854368932038835,269.41747572815535,31.553398058252426,0.0,19.41747572815534,0.0,0.0,0.0,0.0,24.271844660194173,2.4271844660194173,0.0,0.0,0.0,0.0,2.4271844660194173,0.0,0.0,0.0,2.4271844660194173,0.0,0.0,0.0,0.0,133.49514563106797,70.3883495145631,4.854368932038835,26.699029126213592,0.4798994974874372,4.919597989949748,2.4271844660194173,0.0,0.0,0.0,0.0,0.0,2.4271844660194173,0.0,0.0,4.854368932038835,0.0,16.990291262135923,2.4271844660194173,0.0,0.0,0.0,0.0,0.0,2.4271844660194173,16.990291262135923,7.281553398058253,0.0,0.0
36281498,20.737327188940093,6.912442396313365,41.474654377880185,4.608294930875576,2.304147465437788,2.304147465437788,0.0,41.474654377880185,9.216589861751151,0.0,0.0,2.304147465437788,20.737327188940093,18.433179723502302,2.304147465437788,292.62672811059906,6.912442396313365,2.304147465437788,20.737327188940093,2.304147465437788,0.0,0.0,0.0,18.433179723502302,2.304147465437788,0.0,2.304147465437788,0.0,6.912442396313365,0.0,2.304147465437788,0.0,0.0,0.0,0.0,0.0,0.0,4.608294930875576,133.64055299539172,87.55760368663594,2.304147465437788,48.387096774193544,0.6018735362997658,5.004683840749414,11.520737327188941,0.0,0.0,0.0,2.304147465437788,0.0,6.912442396313365,2.304147465437788,0.0,0.0,0.0,0.0,4.608294930875576,0.0,0.0,0.0,0.0,0.0,4.608294930875576,27.64976958525346,4.608294930875576,0.0,4.608294930875576
36294611,48.07692307692308,28.846153846153847,84.13461538461539,0.0,4.807692307692308,52.88461538461539,0.0,48.07692307692308,16.826923076923077,0.0,4.807692307692308,2.403846153846154,12.01923076923077,12.01923076923077,2.403846153846154,192.30769230769232,19.230769230769234,2.403846153846154,40.86538461538461,2.403846153846154,0.0,0.0,0.0,16.826923076923077,0.0,0.0,0.0,0.0,0.0,0.0,4.807692307692308,0.0,0.0,0.0,0.0,0.0,2.403846153846154,9.615384615384617,93.75,33.65384615384615,19.230769230769234,38.46153846153847,0.538659793814433,3.9922680412371134,0.0,0.0,0.0,0.0,4.807692307692308,0.0,2.403846153846154,2.403846153846154,0.0,9.615384615384617,12.01923076923077,21.634615384615383,2.403846153846154,0.0,48.07692307692308,0.0,0.0,0.0,2.403846153846154,2.403846153846154,31.25,4.807692307692308,9.615384615384617
36400206,4.773269689737471,16.706443914081145,57.279236276849645,0.0,0.0,4.773269689737471,0.0,9.546539379474941,7.159904534606206,0.0,0.0,0.0,19.093078758949883,35.79952267303103,0.0,305.4892601431981,11.933174224343675,4.773269689737471,19.093078758949883,0.0,2.3866348448687353,0.0,0.0,33.41288782816229,2.3866348448687353,0.0,2.3866348448687353,0.0,4.773269689737471,0.0,7.159904534606206,0.0,0.0,4.773269689737471,0.0,0.0,0.0,2.3866348448687353,121.71837708830549,90.69212410501193,2.3866348448687353,26.252983293556085,0.4987714987714988,5.27027027027027,0.0,0.0,0.0,0.0,0.0,0.0,4.773269689737471,4.773269689737471,0.0,2.3866348448687353,4.773269689737471,21.479713603818613,0.0,0.0,4.773269689737471,0.0,0.0,0.0,4.773269689737471,7.159904534606206,4.773269689737471,0.0,2.3866348448687353
36418535,26.50602409638554,40.96385542168675,45.78313253012048,0.0,0.0,0.0,0.0,21.686746987951807,2.4096385542168677,0.0,0.0,0.0,12.048192771084338,43.373493975903614,2.4096385542168677,245.7831325301205,33.734939759036145,0.0,7.228915662650603,0.0,7.228915662650603,2.4096385542168677,0.0,33.734939759036145,0.0,0.0,0.0,4.819277108433735,2.4096385542168677,0.0,4.819277108433735,0.0,0.0,4.819277108433735,0.0,0.0,2.4096385542168677,7.228915662650603,122.89156626506025,55.42168674698795,4.819277108433735,24.096385542168676,0.48292682926829267,5.126829268292683,0.0,0.0,0.0,2.4096385542168677,7.228915662650603,0.0,0.0,2.4096385542168677,0.0,4.819277108433735,24.096385542168676,7.228915662650603,2.4096385542168677,0.0,0.0,0.0,0.0,0.0,4.819277108433735,14.457831325301205,2.4096385542168677,0.0,2.4096385542168677
36452964,29.77667493796526,32.25806451612903,34.7394540942928,0.0,0.0,0.0,0.0,14.88833746898263,2.4813895781637716,0.0,0.0,0.0,17.3697270471464,49.62779156327544,4.962779156327543,277.9156327543424,4.962779156327543,4.962779156327543,22.332506203473944,0.0,0.0,0.0,0.0,19.851116625310173,12.40694789081886,0.0,2.4813895781637716,0.0,12.40694789081886,0.0,0.0,0.0,0.0,2.4813895781637716,0.0,0.0,0.0,7.444168734491315,133.99503722084367,37.220843672456574,12.40694789081886,22.332506203473944,0.5491183879093199,5.012594458438287,2.4813895781637716,2.4813895781637716,0.0,0.0,0.0,0.0,7.444168734491315,0.0,2.4813895781637716,2.4813895781637716,2.4813895781637716,2.4813895781637716,0.0,0.0,0.0,0.0,0.0,0.0,0.0,14.88833746898263,9.925558312655086,0.0,0.0
36515471,11.904761904761903,11.904761904761903,57.14285714285714,2.3809523809523814,7.142857142857142,9.523809523809526,0.0,59.52380952380952,0.0,2.3809523809523814,0.0,2.3809523809523814,11.904761904761903,30.952380952380953,0.0,259.5238095238095,7.142857142857142,2.3809523809523814,33.333333333333336,4.761904761904763,2.3809523809523814,2.3809523809523814,0.0,26.19047619047619,2.3809523809523814,0.0,0.0,0.0,2.3809523809523814,0.0,2.3809523809523814,2.3809523809523814,0.0,0.0,0.0,0.0,0.0,4.761904761904763,104.76190476190476,47.61904761904761,14.285714285714285,45.238095238095234,0.4975369458128079,4.544334975369458,2.3809523809523814,2.3809523809523814,0.0,0.0,2.3809523809523814,0.0,4.761904761904763,9.523809523809526,0.0,11.904761904761903,2.3809523809523814,30.952380952380953,0.0,0.0,16.666666666666668,0.0,2.3809523809523814,0.0,0.0,4.761904761904763,14.285714285714285,4.761904761904763,4.761904761904763
36603501,43.26923076923077,7.211538461538462,45.67307692307692,2.403846153846154,0.0,16.826923076923077,0.0,31.25,2.403846153846154,2.403846153846154,2.403846153846154,4.807692307692308,31.25,43.26923076923077,16.826923076923077,204.32692307692307,4.807692307692308,4.807692307692308,21.634615384615383,0.0,9.615384615384617,0.0,0.0,40.86538461538461,2.403846153846154,0.0,0.0,0.0,12.01923076923077,0.0,7.211538461538462,0.0,2.403846153846154,4.807692307692308,0.0,0.0,0.0,7.211538461538462,103.36538461538461,52.88461538461539,9.615384615384617,33.65384615384615,0.5707070707070707,5.212121212121212,0.0,0.0,0.0,0.0,12.01923076923077,0.0,9.615384615384617,7.211538461538462,0.0,0.0,12.01923076923077,28.846153846153847,0.0,0.0,9.615384615384617,0.0,0.0,0.0,0.0,26.442307692307693,12.01923076923077,2.403846153846154,2.403846153846154
36630606,9.876543209876543,24.691358024691358,37.03703703703704,2.4691358024691357,0.0,0.0,0.0,4.938271604938271,9.876543209876543,0.0,0.0,0.0,9.876543209876543,24.691358024691358,7.407407407407407,296.2962962962963,2.4691358024691357,2.4691358024691357,22.22222222222222,4.938271604938271,14.814814814814815,2.4691358024691357,0.0,19.753086419753085,4.938271604938271,0.0,2.4691358024691357,0.0,2.4691358024691357,0.0,4.938271604938271,0.0,0.0,2.4691358024691357,0.0,0.0,0.0,4.938271604938271,111.1111111111111,41.97530864197531,12.345679012345679,32.098765432098766,0.4652956298200514,4.858611825192802,4.938271604938271,0.0,0.0,0.0,2.4691358024691357,0.0,4.938271604938271,2.4691358024691357,0.0,17.28395061728395,14.814814814814815,2.4691358024691357,0.0,0.0,0.0,0.0,0.0,0.0,4.938271604938271,7.407407407407407,4.938271604938271,0.0,4.938271604938271
36715396,14.598540145985401,9.732360097323602,46.228710462287104,0.0,0.0,2.4330900243309004,4.866180048661801,19.464720194647203,14.598540145985401,4.866180048661801,0.0,0.0,19.464720194647203,41.3625304136253,2.4330900243309004,272.5060827250608,2.4330900243309004,0.0,14.598540145985401,2.4330900243309004,12.165450121654501,0.0,0.0,19.464720194647203,0.0,0.0,0.0,2.4330900243309004,2.4330900243309004,0.0,4.866180048661801,0.0,0.0,4.866180048661801,0.0,0.0,0.0,7.299270072992701,104.62287104622871,82.7250608272506,2.4330900243309004,24.330900243309003,0.49382716049382713,4.945679012345679,2.4330900243309004,0.0,0.0,0.0,7.299270072992701,0.0,4.866180048661801,34.0632603406326,0.0,0.0,9.732360097323602,12.165450121654501,0.0,0.0,7.299270072992701,0.0,2.4330900243309004,0.0,4.866180048661801,21.897810218978105,9.732360097323602,2.4330900243309004,0.0
36722312,48.426150121065376,19.37046004842615,46.00484261501211,2.4213075060532687,0.0,9.685230024213075,2.4213075060532687,9.685230024213075,4.842615012106537,2.4213075060532687,0.0,2.4213075060532687,14.527845036319613,16.949152542372882,2.4213075060532687,242.13075060532688,0.0,9.685230024213075,29.055690072639226,0.0,14.527845036319613,0.0,0.0,21.791767554479417,0.0,0.0,0.0,4.842615012106537,2.4213075060532687,2.4213075060532687,4.842615012106537,0.0,0.0,4.842615012106537,0.0,0.0,2.4213075060532687,2.4213075060532687,128.32929782082326,53.26876513317191,12.106537530266344,36.31961259079903,0.4282178217821782,4.5495049504950495,0.0,0.0,0.0,0.0,0.0,0.0,7.263922518159807,0.0,0.0,4.842615012106537,12.106537530266344,16.949152542372882,2.4213075060532687,0.0,4.842615012106537,0.0,0.0,0.0,2.4213075060532687,4.842615012106537,0.0,0.0,2.4213075060532687
36764275,43.26923076923077,16.826923076923077,38.46153846153847,2.403846153846154,14.423076923076923,16.826923076923077,0.0,57.69230769230769,0.0,2.403846153846154,0.0,2.403846153846154,12.01923076923077,4.807692307692308,0.0,293.2692307692308,19.230769230769234,0.0,14.423076923076923,0.0,4.807692307692308,0.0,0.0,14.423076923076923,12.01923076923077,0.0,2.403846153846154,0.0,2.403846153846154,0.0,2.403846153846154,0.0,0.0,2.403846153846154,0.0,0.0,0.0,7.211538461538462,117.78846153846153,31.25,0.0,50.48076923076923,0.47911547911547914,4.400491400491401,2.403846153846154,0.0,0.0,2.403846153846154,12.01923076923077,0.0,0.0,2.403846153846154,0.0,7.211538461538462,2.403846153846154,7.211538461538462,0.0,0.0,2.403846153846154,2.403846153846154,0.0,0.0,4.807692307692308,4.807692307692308,9.615384615384617,2.403846153846154,0.0
36767373,12.165450121654501,17.0316301703163,60.82725060827251,2.4330900243309004,0.0,12.165450121654501,0.0,0.0,9.732360097323602,0.0,0.0,0.0,12.165450121654501,19.464720194647203,7.299270072992701,294.4038929440389,9.732360097323602,0.0,19.464720194647203,0.0,2.4330900243309004,0.0,0.0,4.866180048661801,0.0,0.0,7.299270072992701,0.0,7.299270072992701,0.0,0.0,0.0,0.0,4.866180048661801,4.866180048661801,0.0,0.0,0.0,131.38686131386862,121.65450121654501,7.299270072992701,31.630170316301705,0.4547677261613692,5.32762836185819,4.866180048661801,4.866180048661801,0.0,0.0,2.4330900243309004,0.0,9.732360097323602,2.4330900243309004,0.0,0.0,4.866180048661801,12.165450121654501,4.866180048661801,0.0,0.0,0.0,0.0,0.0,2.4330900243309004,29.197080291970803,7.299270072992701,0.0,4.866180048661801
36784404,2.3866348448687353,19.093078758949883,66.82577565632458,0.0,0.0,0.0,0.0,2.3866348448687353,4.773269689737471,4.773269689737471,0.0,2.3866348448687353,7.159904534606206,33.41288782816229,7.159904534606206,293.5560859188544,16.706443914081145,2.3866348448687353,16.706443914081145,2.3866348448687353,23.86634844868735,0.0,0.0,14.319809069212411,2.3866348448687353,0.0,7.159904534606206,2.3866348448687353,0.0,0.0,2.3866348448687353,0.0,0.0,4.773269689737471,0.0,0.0,0.0,4.773269689737471,133.65155131264916,52.50596658711217,2.3866348448687353,31.026252983293556,0.43283582089552236,5.0497512437810945,0.0,0.0,0.0,0.0,7.159904534606206,0.0,2.3866348448687353,4.773269689737471,0.0,0.0,7.159904534606206,23.86634844868735,9.546539379474941,0.0,0.0,0.0,0.0,0.0,7.159904534606206,16.706443914081145,0.0,0.0,0.0
36790977,41.76334106728538,16.241299303944317,23.201856148491878,6.960556844547564,0.0,0.0,0.0,37.12296983758701,6.960556844547564,0.0,0.0,0.0,0.0,46.403712296983755,0.0,271.461716937355,4.640371229698376,0.0,16.241299303944317,0.0,27.842227378190255,0.0,0.0,16.241299303944317,4.640371229698376,4.640371229698376,0.0,0.0,0.0,0.0,0.0,0.0,0.0,0.0,0.0,0.0,0.0,2.320185614849188,122.96983758700695,71.92575406032482,4.640371229698376,25.522041763341065,0.45823389021479716,5.178997613365155,6.960556844547564,0.0,0.0,0.0,2.320185614849188,0.0,0.0,9.280742459396752,0.0,6.960556844547564,27.842227378190255,0.0,0.0,0.0,0.0,0.0,0.0,0.0,0.0,4.640371229698376,9.280742459396752,0.0,2.320185614849188
36798298,35.88516746411483,4.784688995215311,26.31578947368421,2.3923444976076556,0.0,0.0,0.0,31.10047846889952,0.0,0.0,0.0,0.0,21.5311004784689,4.784688995215311,9.569377990430622,299.04306220095697,7.177033492822967,2.3923444976076556,7.177033492822967,0.0,2.3923444976076556,0.0,0.0,38.27751196172249,2.3923444976076556,0.0,0.0,0.0,2.3923444976076556,0.0,11.961722488038278,0.0,0.0,7.177033492822967,0.0,0.0,0.0,19.138755980861244,107.6555023923445,47.84688995215311,2.3923444976076556,19.138755980861244,0.5420792079207921,4.584158415841584,4.784688995215311,0.0,0.0,0.0,0.0,0.0,0.0,2.3923444976076556,0.0,7.177033492822967,0.0,7.177033492822967,0.0,0.0,0.0,0.0,0.0,0.0,0.0,0.0,2.3923444976076556,0.0,0.0
36877356,0.0,9.828009828009828,46.68304668304668,7.371007371007371,2.457002457002457,0.0,0.0,34.3980343980344,4.914004914004914,0.0,0.0,0.0,2.457002457002457,12.285012285012284,17.1990171990172,270.27027027027026,14.742014742014742,0.0,29.484029484029485,0.0,4.914004914004914,2.457002457002457,2.457002457002457,17.1990171990172,0.0,0.0,0.0,2.457002457002457,0.0,0.0,0.0,0.0,0.0,0.0,0.0,0.0,0.0,4.914004914004914,140.04914004914005,56.511056511056516,9.828009828009828,49.140049140049136,0.529113924050633,4.926582278481012,4.914004914004914,0.0,0.0,4.914004914004914,2.457002457002457,0.0,4.914004914004914,2.457002457002457,0.0,14.742014742014742,9.828009828009828,9.828009828009828,2.457002457002457,0.0,4.914004914004914,0.0,0.0,0.0,7.371007371007371,7.371007371007371,12.285012285012284,2.457002457002457,0.0
36883939,73.89162561576356,0.0,7.389162561576354,2.4630541871921183,0.0,4.926108374384237,0.0,71.42857142857143,4.926108374384237,0.0,2.4630541871921183,0.0,7.389162561576354,51.724137931034484,2.4630541871921183,263.54679802955667,2.4630541871921183,4.926108374384237,19.704433497536947,0.0,4.926108374384237,0.0,0.0,32.01970443349754,7.389162561576354,0.0,0.0,2.4630541871921183,0.0,0.0,2.4630541871921183,0.0,0.0,2.4630541871921183,0.0,0.0,0.0,4.926108374384237,115.76354679802955,44.33497536945813,4.926108374384237,27.093596059113302,0.5263157894736842,5.290726817042606,4.926108374384237,0.0,0.0,0.0,7.389162561576354,0.0,2.4630541871921183,4.926108374384237,0.0,2.4630541871921183,14.778325123152708,9.852216748768473,4.926108374384237,0.0,0.0,0.0,0.0,0.0,0.0,19.704433497536947,14.778325123152708,0.0,0.0
37021385,76.16707616707617,41.76904176904177,27.027027027027028,4.914004914004914,4.914004914004914,12.285012285012284,0.0,44.22604422604422,0.0,0.0,0.0,4.914004914004914,17.1990171990172,31.94103194103194,4.914004914004914,294.84029484029486,7.371007371007371,7.371007371007371,19.656019656019655,0.0,17.1990171990172,2.457002457002457,0.0,9.828009828009828,2.457002457002457,2.457002457002457,4.914004914004914,0.0,4.914004914004914,0.0,2.457002457002457,0.0,0.0,2.457002457002457,2.457002457002457,0.0,0.0,2.457002457002457,110.56511056511056,29.484029484029485,0.0,34.3980343980344,0.4911392405063291,4.610126582278481,4.914004914004914,0.0,0.0,2.457002457002457,0.0,0.0,0.0,0.0,0.0,0.0,12.285012285012284,7.371007371007371,0.0,0.0,0.0,0.0,0.0,0.0,2.457002457002457,14.742014742014742,14.742014742014742,2.457002457002457,0.0
37027787,61.64383561643835,15.981735159817351,13.698630136986301,2.28310502283105,6.8493150684931505,0.0,0.0,45.662100456621005,6.8493150684931505,0.0,0.0,0.0,11.415525114155251,15.981735159817351,0.0,317.351598173516,6.8493150684931505,6.8493150684931505,11.415525114155251,0.0,6.8493150684931505,0.0,0.0,27.397260273972602,0.0,0.0,0.0,0.0,0.0,2.28310502283105,6.8493150684931505,0.0,0.0,0.0,0.0,2.28310502283105,0.0,4.5662100456621,114.15525114155251,38.81278538812785,2.28310502283105,47.94520547945205,0.49759615384615385,4.913461538461538,4.5662100456621,2.28310502283105,2.28310502283105,0.0,0.0,0.0,0.0,2.28310502283105,0.0,0.0,2.28310502283105,11.415525114155251,0.0,0.0,0.0,0.0,0.0,0.0,6.8493150684931505,6.8493150684931505,11.415525114155251,0.0,2.28310502283105
37041264,14.527845036319613,14.527845036319613,50.84745762711865,2.4213075060532687,0.0,0.0,0.0,9.685230024213075,19.37046004842615,2.4213075060532687,0.0,0.0,12.106537530266344,9.685230024213075,0.0,290.55690072639226,16.949152542372882,2.4213075060532687,16.949152542372882,2.4213075060532687,26.634382566585955,0.0,0.0,24.213075060532688,12.106537530266344,0.0,2.4213075060532687,0.0,2.4213075060532687,0.0,7.263922518159807,0.0,2.4213075060532687,0.0,0.0,0.0,2.4213075060532687,9.685230024213075,94.43099273607749,43.583535108958834,4.842615012106537,46.00484261501211,0.49878934624697335,5.012106537530267,7.263922518159807,0.0,0.0,0.0,12.106537530266344,0.0,0.0,2.4213075060532687,2.4213075060532687,16.949152542372882,21.791767554479417,9.685230024213075,12.106537530266344,0.0,0.0,0.0,0.0,0.0,0.0,9.685230024213075,4.842615012106537,0.0,9.685230024213075
37041301,26.7639902676399,4.866180048661801,41.3625304136253,0.0,0.0,0.0,0.0,14.598540145985401,0.0,0.0,0.0,0.0,9.732360097323602,48.661800486618006,12.165450121654501,265.20681265206815,0.0,4.866180048661801,26.7639902676399,0.0,19.464720194647203,0.0,0.0,19.464720194647203,0.0,0.0,12.165450121654501,0.0,2.4330900243309004,0.0,0.0,0.0,0.0,7.299270072992701,0.0,0.0,0.0,4.866180048661801,104.62287104622871,70.5596107055961,4.866180048661801,38.929440389294406,0.428927680798005,5.331670822942644,0.0,0.0,0.0,0.0,14.598540145985401,0.0,2.4330900243309004,2.4330900243309004,2.4330900243309004,0.0,7.299270072992701,12.165450121654501,2.4330900243309004,0.0,0.0,0.0,0.0,0.0,4.866180048661801,31.630170316301705,9.732360097323602,0.0,2.4330900243309004
37049313,56.65024630541872,29.556650246305416,32.01970443349754,4.926108374384237,0.0,2.4630541871921183,0.0,14.778325123152708,17.241379310344826,0.0,0.0,0.0,4.926108374384237,32.01970443349754,2.4630541871921183,273.3990147783251,9.852216748768473,2.4630541871921183,14.778325123152708,0.0,2.4630541871921183,0.0,0.0,19.704433497536947,0.0,0.0,2.4630541871921183,0.0,0.0,0.0,0.0,0.0,0.0,2.4630541871921183,0.0,0.0,0.0,2.4630541871921183,125.61576354679804,49.26108374384237,7.389162561576354,24.630541871921185,0.535175879396985,5.075376884422111,0.0,0.0,0.0,4.926108374384237,0.0,0.0,0.0,0.0,0.0,4.926108374384237,27.093596059113302,7.389162561576354,7.389162561576354,0.0,0.0,0.0,0.0,0.0,0.0,2.4630541871921183,4.926108374384237,0.0,2.4630541871921183
37183733,11.600928074245939,20.88167053364269,41.76334106728538,4.640371229698376,2.320185614849188,0.0,0.0,0.0,9.280742459396752,2.320185614849188,0.0,0.0,4.640371229698376,64.96519721577727,2.320185614849188,250.5800464037123,6.960556844547564,2.320185614849188,11.600928074245939,4.640371229698376,4.640371229698376,0.0,0.0,6.960556844547564,6.960556844547564,0.0,4.640371229698376,4.640371229698376,2.320185614849188,0.0,2.320185614849188,0.0,0.0,0.0,0.0,0.0,0.0,11.600928074245939,180.97447795823666,71.92575406032482,4.640371229698376,27.842227378190255,0.45734597156398105,5.0545023696682465,4.640371229698376,0.0,2.320185614849188,0.0,2.320185614849188,0.0,6.960556844547564,0.0,0.0,4.640371229698376,0.0,11.600928074245939,2.320185614849188,0.0,0.0,0.0,0.0,0.0,9.280742459396752,11.600928074245939,0.0,0.0,0.0
37276651,22.388059701492537,12.437810945273633,29.850746268656717,2.487562189054726,2.487562189054726,0.0,0.0,4.975124378109452,2.487562189054726,0.0,0.0,0.0,24.875621890547265,39.80099502487562,0.0,286.0696517412935,4.975124378109452,9.950248756218905,12.437810945273633,0.0,14.925373134328359,0.0,0.0,24.875621890547265,2.487562189054726,0.0,0.0,2.487562189054726,2.487562189054726,0.0,7.462686567164179,0.0,0.0,12.437810945273633,0.0,0.0,0.0,7.462686567164179,99.50248756218906,54.72636815920398,2.487562189054726,27.36318407960199,0.4322250639386189,4.907928388746803,2.487562189054726,0.0,0.0,2.487562189054726,0.0,0.0,0.0,0.0,0.0,29.850746268656717,22.388059701492537,12.437810945273633,7.462686567164179,0.0,0.0,0.0,0.0,0.0,2.487562189054726,7.462686567164179,0.0,0.0,2.487562189054726
37307265,19.950124688279303,17.456359102244388,39.900249376558605,4.987531172069826,2.493765586034913,0.0,0.0,62.34413965087282,2.493765586034913,0.0,2.493765586034913,0.0,12.468827930174564,34.912718204488776,2.493765586034913,284.28927680798006,4.987531172069826,0.0,14.962593516209475,0.0,0.0,0.0,0.0,14.962593516209475,9.975062344139651,2.493765586034913,0.0,0.0,4.987531172069826,0.0,2.493765586034913,0.0,0.0,0.0,0.0,0.0,0.0,12.468827930174564,139.6508728179551,89.77556109725685,4.987531172069826,32.418952618453865,0.5012853470437018,5.182519280205655,2.493765586034913,2.493765586034913,0.0,0.0,2.493765586034913,0.0,4.987531172069826,0.0,0.0,4.987531172069826,4.987531172069826,2.493765586034913,0.0,0.0,0.0,0.0,0.0,0.0,9.975062344139651,12.468827930174564,12.468827930174564,0.0,0.0
37319660,16.27906976744186,16.27906976744186,53.48837209302326,2.3255813953488373,0.0,4.651162790697675,2.3255813953488373,55.81395348837209,2.3255813953488373,2.3255813953488373,0.0,0.0,13.953488372093023,16.27906976744186,2.3255813953488373,320.9302325581395,4.651162790697675,2.3255813953488373,23.25581395348837,0.0,4.651162790697675,2.3255813953488373,0.0,13.953488372093023,2.3255813953488373,0.0,0.0,0.0,2.3255813953488373,0.0,0.0,0.0,0.0,9.30232558139535,0.0,0.0,0.0,4.651162790697675,130.2325581395349,46.51162790697674,6.976744186046512,30.232558139534884,0.4976190476190476,4.845238095238095,0.0,0.0,0.0,2.3255813953488373,6.976744186046512,0.0,4.651162790697675,0.0,0.0,6.976744186046512,4.651162790697675,2.3255813953488373,0.0,0.0,4.651162790697675,0.0,0.0,0.0,4.651162790697675,13.953488372093023,9.30232558139535,0.0,0.0
37325043,76.92307692307693,19.851116625310173,7.444168734491315,2.4813895781637716,0.0,2.4813895781637716,0.0,32.25806451612903,9.925558312655086,0.0,0.0,0.0,12.40694789081886,7.444168734491315,2.4813895781637716,280.3970223325062,4.962779156327543,2.4813895781637716,27.29528535980149,0.0,2.4813895781637716,0.0,0.0,37.220843672456574,4.962779156327543,0.0,0.0,0.0,0.0,0.0,4.962779156327543,0.0,0.0,0.0,0.0,0.0,0.0,14.88833746898263,116.62531017369727,57.07196029776674,4.962779156327543,29.77667493796526,0.5253807106598984,4.550761421319797,0.0,0.0,0.0,0.0,0.0,0.0,4.962779156327543,0.0,2.4813895781637716,7.444168734491315,2.4813895781637716,4.962779156327543,0.0,2.4813895781637716,0.0,0.0,0.0,0.0,0.0,2.4813895781637716,12.40694789081886,2.4813895781637716,0.0
37341133,7.211538461538462,16.826923076923077,48.07692307692308,4.807692307692308,4.807692307692308,0.0,0.0,0.0,9.615384615384617,0.0,0.0,2.403846153846154,9.615384615384617,38.46153846153847,4.807692307692308,288.46153846153845,12.01923076923077,7.211538461538462,19.230769230769234,4.807692307692308,4.807692307692308,0.0,0.0,28.846153846153847,0.0,0.0,4.807692307692308,2.403846153846154,0.0,0.0,0.0,0.0,0.0,7.211538461538462,0.0,0.0,0.0,2.403846153846154,103.36538461538461,67.3076923076923,4.807692307692308,28.846153846153847,0.5221674876847291,5.039408866995074,2.403846153846154,0.0,0.0,0.0,2.403846153846154,0.0,2.403846153846154,7.211538461538462,0.0,2.403846153846154,12.01923076923077,14.423076923076923,0.0,2.403846153846154,0.0,0.0,0.0,0.0,12.01923076923077,7.211538461538462,2.403846153846154,0.0,0.0
37344004,76.1904761904762,16.666666666666668,0.0,2.3809523809523814,0.0,0.0,0.0,50.0,7.142857142857142,0.0,2.3809523809523814,0.0,2.3809523809523814,16.666666666666668,2.3809523809523814,280.95238095238096,19.04761904761905,7.142857142857142,21.428571428571427,0.0,2.3809523809523814,2.3809523809523814,0.0,33.333333333333336,2.3809523809523814,0.0,0.0,0.0,0.0,0.0,0.0,0.0,0.0,2.3809523809523814,0.0,0.0,4.761904761904763,4.761904761904763,85.71428571428571,47.61904761904761,4.761904761904763,47.61904761904761,0.5301204819277109,4.7542168674698795,4.761904761904763,0.0,0.0,0.0,9.523809523809526,0.0,4.761904761904763,0.0,2.3809523809523814,0.0,4.761904761904763,9.523809523809526,4.761904761904763,0.0,0.0,0.0,0.0,0.0,11.904761904761903,19.04761904761905,9.523809523809526,0.0,2.3809523809523814
37380895,26.50602409638554,12.048192771084338,53.01204819277108,2.4096385542168677,0.0,0.0,0.0,4.819277108433735,16.867469879518072,4.819277108433735,0.0,0.0,12.048192771084338,38.55421686746988,0.0,277.10843373493975,2.4096385542168677,2.4096385542168677,24.096385542168676,0.0,4.819277108433735,2.4096385542168677,0.0,21.686746987951807,0.0,0.0,2.4096385542168677,2.4096385542168677,0.0,4.819277108433735,0.0,0.0,0.0,7.228915662650603,0.0,0.0,0.0,2.4096385542168677,134.93975903614458,45.78313253012048,4.819277108433735,24.096385542168676,0.5063291139240507,4.670886075949367,2.4096385542168677,4.819277108433735,0.0,2.4096385542168677,2.4096385542168677,0.0,12.048192771084338,4.819277108433735,0.0,4.819277108433735,16.867469879518072,2.4096385542168677,2.4096385542168677,0.0,2.4096385542168677,0.0,0.0,0.0,4.819277108433735,0.0,4.819277108433735,4.819277108433735,2.4096385542168677
37456236,0.0,12.165450121654501,46.228710462287104,0.0,0.0,0.0,0.0,14.598540145985401,9.732360097323602,0.0,0.0,0.0,7.299270072992701,36.4963503649635,7.299270072992701,311.43552311435525,7.299270072992701,4.866180048661801,17.0316301703163,0.0,7.299270072992701,0.0,0.0,29.197080291970803,4.866180048661801,0.0,4.866180048661801,0.0,0.0,0.0,0.0,0.0,0.0,7.299270072992701,0.0,0.0,0.0,7.299270072992701,153.28467153284672,34.0632603406326,2.4330900243309004,24.330900243309003,0.456359102244389,5.15211970074813,4.866180048661801,2.4330900243309004,0.0,2.4330900243309004,0.0,0.0,0.0,0.0,2.4330900243309004,9.732360097323602,9.732360097323602,7.299270072992701,9.732360097323602,0.0,0.0,0.0,0.0,0.0,7.299270072992701,12.165450121654501,0.0,0.0,0.0
37561035,14.85148514851485,14.85148514851485,86.63366336633663,0.0,0.0,27.22772277227723,0.0,22.277227722772277,7.425742574257425,2.4752475247524752,4.9504950495049505,2.4752475247524752,19.801980198019802,42.07920792079208,0.0,205.44554455445544,9.900990099009901,4.9504950495049505,22.277227722772277,0.0,17.32673267326733,9.900990099009901,0.0,44.554455445544555,2.4752475247524752,2.4752475247524752,2.4752475247524752,4.9504950495049505,2.4752475247524752,0.0,4.9504950495049505,0.0,0.0,7.425742574257425,0.0,0.0,0.0,4.9504950495049505,99.00990099009901,47.02970297029703,14.85148514851485,34.65346534653466,0.46055979643765904,4.933842239185751,4.9504950495049505,0.0,0.0,2.4752475247524752,2.4752475247524752,0.0,0.0,4.9504950495049505,2.4752475247524752,7.425742574257425,29.7029702970297,7.425742574257425,9.900990099009901,0.0,17.32673267326733,0.0,0.0,0.0,2.4752475247524752,12.376237623762377,4.9504950495049505,0.0,17.32673267326733
37593759,56.20608899297424,16.393442622950822,25.76112412177986,4.68384074941452,2.34192037470726,28.10304449648712,0.0,42.15456674473068,4.68384074941452,0.0,0.0,0.0,11.7096018735363,4.68384074941452,0.0,245.9016393442623,7.02576112412178,2.34192037470726,23.4192037470726,0.0,2.34192037470726,0.0,0.0,23.4192037470726,2.34192037470726,0.0,0.0,0.0,0.0,0.0,4.68384074941452,0.0,0.0,0.0,0.0,0.0,0.0,2.34192037470726,114.75409836065575,39.81264637002342,4.68384074941452,44.49648711943794,0.48284313725490197,4.522058823529412,2.34192037470726,2.34192037470726,0.0,4.68384074941452,2.34192037470726,0.0,11.7096018735363,0.0,0.0,25.76112412177986,7.02576112412178,18.73536299765808,4.68384074941452,0.0,9.36768149882904,2.34192037470726,0.0,0.0,4.68384074941452,4.68384074941452,25.76112412177986,0.0,9.36768149882904
37645862,33.57314148681055,4.796163069544364,52.75779376498801,4.796163069544364,0.0,21.58273381294964,2.398081534772182,23.980815347721823,26.378896882494004,2.398081534772182,2.398081534772182,2.398081534772182,14.388489208633095,16.786570743405274,9.592326139088728,232.61390887290167,4.796163069544364,0.0,38.36930455635491,2.398081534772182,0.0,0.0,0.0,19.184652278177456,0.0,0.0,0.0,4.796163069544364,0.0,0.0,2.398081534772182,0.0,0.0,0.0,0.0,0.0,0.0,9.592326139088728,112.70983213429255,71.94244604316546,4.796163069544364,50.35971223021583,0.5476772616136919,4.677261613691932,2.398081534772182,0.0,0.0,2.398081534772182,11.990407673860911,0.0,19.184652278177456,7.194244604316547,2.398081534772182,7.194244604316547,7.194244604316547,23.980815347721823,0.0,2.398081534772182,16.786570743405274,4.796163069544364,0.0,0.0,0.0,19.184652278177456,14.388489208633095,0.0,7.194244604316547
37819420,68.62745098039217,12.254901960784313,9.803921568627452,4.901960784313726,2.450980392156863,0.0,0.0,44.11764705882353,14.705882352941176,0.0,0.0,0.0,19.607843137254903,7.352941176470588,0.0,291.6666666666667,7.352941176470588,0.0,36.76470588235294,0.0,2.450980392156863,0.0,0.0,9.803921568627452,4.901960784313726,0.0,0.0,0.0,12.254901960784313,0.0,4.901960784313726,0.0,0.0,0.0,0.0,0.0,0.0,9.803921568627452,110.29411764705883,56.372549019607845,9.803921568627452,41.666666666666664,0.5298507462686567,4.721393034825871,4.901960784313726,4.901960784313726,0.0,0.0,2.450980392156863,0.0,2.450980392156863,2.450980392156863,0.0,2.450980392156863,0.0,7.352941176470588,0.0,0.0,0.0,0.0,0.0,0.0,4.901960784313726,12.254901960784313,9.803921568627452,0.0,2.450980392156863
37859263,58.8235294117647,0.0,17.156862745098042,2.450980392156863,2.450980392156863,9.803921568627452,0.0,4.901960784313726,14.705882352941176,0.0,0.0,0.0,22.058823529411764,22.058823529411764,7.352941176470588,250.0,2.450980392156863,0.0,9.803921568627452,0.0,14.705882352941176,0.0,2.450980392156863,19.607843137254903,2.450980392156863,0.0,0.0,0.0,4.901960784313726,0.0,0.0,0.0,0.0,9.803921568627452,0.0,0.0,0.0,2.450980392156863,127.45098039215685,83.33333333333333,0.0,63.725490196078425,0.5,5.262755102040816,0.0,0.0,0.0,4.901960784313726,24.509803921568626,0.0,2.450980392156863,4.901960784313726,0.0,0.0,14.705882352941176,12.254901960784313,9.803921568627452,0.0,0.0,0.0,0.0,0.0,7.352941176470588,14.705882352941176,7.352941176470588,0.0,0.0
37860905,47.61904761904761,26.19047619047619,57.14285714285714,0.0,0.0,9.523809523809526,0.0,42.857142857142854,14.285714285714285,7.142857142857142,2.3809523809523814,2.3809523809523814,19.04761904761905,16.666666666666668,4.761904761904763,257.1428571428571,4.761904761904763,2.3809523809523814,28.57142857142857,2.3809523809523814,23.809523809523807,2.3809523809523814,0.0,30.952380952380953,0.0,0.0,0.0,0.0,0.0,0.0,16.666666666666668,0.0,0.0,2.3809523809523814,7.142857142857142,0.0,0.0,0.0,80.95238095238096,50.0,7.142857142857142,40.47619047619048,0.4740740740740741,4.720987654320988,0.0,0.0,0.0,0.0,4.761904761904763,0.0,4.761904761904763,7.142857142857142,7.142857142857142,0.0,26.19047619047619,21.428571428571427,2.3809523809523814,0.0,23.809523809523807,7.142857142857142,0.0,0.0,2.3809523809523814,23.809523809523807,14.285714285714285,0.0,14.285714285714285
37888161,39.31203931203931,14.742014742014742,41.76904176904177,0.0,0.0,22.11302211302211,0.0,24.570024570024568,19.656019656019655,9.828009828009828,2.457002457002457,0.0,7.371007371007371,22.11302211302211,0.0,287.46928746928745,12.285012285012284,7.371007371007371,19.656019656019655,0.0,9.828009828009828,4.914004914004914,0.0,19.656019656019655,2.457002457002457,0.0,0.0,0.0,2.457002457002457,0.0,2.457002457002457,0.0,0.0,2.457002457002457,0.0,0.0,0.0,7.371007371007371,122.85012285012286,12.285012285012284,4.914004914004914,36.85503685503686,0.47642679900744417,4.9851116625310175,0.0,0.0,2.457002457002457,7.371007371007371,0.0,0.0,4.914004914004914,4.914004914004914,0.0,7.371007371007371,17.1990171990172,4.914004914004914,9.828009828009828,0.0,4.914004914004914,2.457002457002457,0.0,0.0,7.371007371007371,17.1990171990172,12.285012285012284,0.0,2.457002457002457
38046624,4.716981132075471,44.81132075471698,56.60377358490566,0.0,2.3584905660377355,0.0,0.0,44.81132075471698,0.0,0.0,0.0,0.0,14.150943396226415,33.0188679245283,0.0,299.52830188679246,4.716981132075471,2.3584905660377355,28.30188679245283,0.0,0.0,0.0,0.0,33.0188679245283,7.0754716981132075,2.3584905660377355,0.0,0.0,7.0754716981132075,0.0,4.716981132075471,0.0,0.0,0.0,0.0,0.0,0.0,2.3584905660377355,103.77358490566039,37.73584905660377,11.79245283018868,23.58490566037736,0.5503685503685504,4.941031941031941,2.3584905660377355,0.0,0.0,0.0,0.0,0.0,4.716981132075471,2.3584905660377355,0.0,0.0,0.0,4.716981132075471,7.0754716981132075,0.0,0.0,0.0,0.0,0.0,7.0754716981132075,7.0754716981132075,14.150943396226415,0.0,2.3584905660377355
38084163,33.2541567695962,11.876484560570072,35.62945368171022,4.750593824228028,2.375296912114014,0.0,0.0,30.878859857482183,21.377672209026127,2.375296912114014,0.0,2.375296912114014,26.128266033254157,33.2541567695962,2.375296912114014,230.40380047505937,2.375296912114014,7.125890736342043,33.2541567695962,0.0,9.501187648456057,2.375296912114014,0.0,30.878859857482183,4.750593824228028,0.0,0.0,0.0,16.6270783847981,2.375296912114014,2.375296912114014,0.0,0.0,4.750593824228028,0.0,0.0,0.0,7.125890736342043,97.38717339667458,45.13064133016627,4.750593824228028,35.62945368171022,0.5356265356265356,4.653562653562654,0.0,0.0,0.0,0.0,7.125890736342043,0.0,2.375296912114014,2.375296912114014,0.0,21.377672209026127,9.501187648456057,0.0,2.375296912114014,0.0,16.6270783847981,0.0,0.0,0.0,0.0,7.125890736342043,14.251781472684087,0.0,11.876484560570072
38120596,17.241379310344826,19.704433497536947,49.26108374384237,2.4630541871921183,0.0,12.315270935960593,0.0,12.315270935960593,9.852216748768473,2.4630541871921183,0.0,0.0,7.389162561576354,29.556650246305416,7.389162561576354,327.5862068965517,0.0,2.4630541871921183,14.778325123152708,2.4630541871921183,4.926108374384237,0.0,0.0,22.167487684729064,2.4630541871921183,0.0,0.0,0.0,2.4630541871921183,2.4630541871921183,0.0,0.0,0.0,0.0,0.0,0.0,0.0,2.4630541871921183,120.6896551724138,54.187192118226605,2.4630541871921183,34.48275862068965,0.5025125628140703,4.982412060301508,0.0,0.0,2.4630541871921183,2.4630541871921183,9.852216748768473,0.0,0.0,0.0,0.0,0.0,19.704433497536947,7.389162561576354,2.4630541871921183,0.0,0.0,0.0,0.0,0.0,4.926108374384237,41.87192118226601,14.778325123152708,2.4630541871921183,0.0
38145038,31.70731707317073,34.146341463414636,51.21951219512195,0.0,2.4390243902439024,19.51219512195122,0.0,2.4390243902439024,19.51219512195122,0.0,0.0,2.4390243902439024,14.634146341463415,14.634146341463415,2.4390243902439024,282.92682926829264,9.75609756097561,0.0,24.390243902439025,0.0,2.4390243902439024,0.0,4.878048780487805,12.195121951219512,4.878048780487805,0.0,0.0,0.0,4.878048780487805,2.4390243902439024,0.0,0.0,0.0,2.4390243902439024,0.0,0.0,0.0,4.878048780487805,109.7560975609756,53.65853658536585,4.878048780487805,41.463414634146346,0.47692307692307695,4.566666666666666,0.0,0.0,0.0,0.0,7.317073170731708,0.0,2.4390243902439024,2.4390243902439024,0.0,0.0,4.878048780487805,9.75609756097561,0.0,2.4390243902439024,12.195121951219512,0.0,0.0,0.0,0.0,19.51219512195122,19.51219512195122,0.0,4.878048780487805
38250740,2.3809523809523814,14.285714285714285,66.66666666666667,0.0,2.3809523809523814,0.0,0.0,9.523809523809526,26.19047619047619,2.3809523809523814,0.0,0.0,4.761904761904763,45.238095238095234,0.0,259.5238095238095,14.285714285714285,0.0,11.904761904761903,0.0,28.57142857142857,2.3809523809523814,0.0,28.57142857142857,0.0,0.0,0.0,0.0,0.0,0.0,0.0,0.0,0.0,4.761904761904763,0.0,0.0,9.523809523809526,4.761904761904763,80.95238095238096,33.333333333333336,9.523809523809526,26.19047619047619,0.3906633906633907,5.068796068796069,4.761904761904763,0.0,0.0,0.0,0.0,0.0,0.0,11.904761904761903,2.3809523809523814,16.666666666666668,21.428571428571427,19.04761904761905,11.904761904761903,0.0,0.0,0.0,0.0,0.0,4.761904761904763,2.3809523809523814,2.3809523809523814,0.0,9.523809523809526
38264402,2.457002457002457,7.371007371007371,58.96805896805897,0.0,0.0,7.371007371007371,0.0,7.371007371007371,4.914004914004914,9.828009828009828,0.0,0.0,9.828009828009828,46.68304668304668,19.656019656019655,250.61425061425064,7.371007371007371,2.457002457002457,17.1990171990172,0.0,2.457002457002457,2.457002457002457,0.0,44.22604422604422,4.914004914004914,0.0,0.0,2.457002457002457,0.0,0.0,4.914004914004914,0.0,0.0,2.457002457002457,0.0,0.0,2.457002457002457,7.371007371007371,127.76412776412776,88.45208845208845,4.914004914004914,24.570024570024568,0.5012406947890818,5.389578163771712,4.914004914004914,0.0,0.0,0.0,2.457002457002457,0.0,2.457002457002457,4.914004914004914,0.0,2.457002457002457,9.828009828009828,7.371007371007371,0.0,0.0,4.914004914004914,0.0,0.0,0.0,0.0,9.828009828009828,2.457002457002457,2.457002457002457,2.457002457002457
38304254,7.371007371007371,0.0,41.76904176904177,4.914004914004914,0.0,0.0,0.0,0.0,2.457002457002457,9.828009828009828,0.0,0.0,0.0,39.31203931203931,4.914004914004914,253.07125307125307,12.285012285012284,2.457002457002457,12.285012285012284,0.0,24.570024570024568,0.0,0.0,14.742014742014742,0.0,0.0,0.0,0.0,0.0,0.0,0.0,0.0,0.0,0.0,0.0,0.0,0.0,14.742014742014742,125.30712530712532,90.9090909090909,4.914004914004914,31.94103194103194,0.41687979539641945,5.010230179028133,0.0,0.0,0.0,0.0,7.371007371007371,0.0,2.457002457002457,2.457002457002457,14.742014742014742,2.457002457002457,4.914004914004914,14.742014742014742,12.285012285012284,0.0,0.0,0.0,0.0,0.0,2.457002457002457,2.457002457002457,0.0,0.0,0.0
38328489,36.4963503649635,21.897810218978105,29.197080291970803,0.0,0.0,0.0,0.0,14.598540145985401,17.0316301703163,0.0,0.0,0.0,12.165450121654501,12.165450121654501,12.165450121654501,333.3333333333333,14.598540145985401,2.4330900243309004,9.732360097323602,0.0,9.732360097323602,0.0,0.0,34.0632603406326,7.299270072992701,0.0,0.0,0.0,2.4330900243309004,0.0,2.4330900243309004,0.0,0.0,4.866180048661801,0.0,0.0,0.0,9.732360097323602,124.08759124087591,46.228710462287104,0.0,17.0316301703163,0.4194373401534527,5.301790281329923,2.4330900243309004,0.0,0.0,0.0,0.0,0.0,0.0,2.4330900243309004,0.0,2.4330900243309004,9.732360097323602,14.598540145985401,2.4330900243309004,0.0,2.4330900243309004,0.0,0.0,0.0,4.866180048661801,2.4330900243309004,2.4330900243309004,0.0,4.866180048661801
38340407,2.4813895781637716,17.3697270471464,66.99751861042184,0.0,0.0,0.0,0.0,4.962779156327543,22.332506203473944,0.0,0.0,0.0,22.332506203473944,49.62779156327544,0.0,240.69478908188586,4.962779156327543,7.444168734491315,19.851116625310173,0.0,17.3697270471464,0.0,0.0,24.81389578163772,0.0,0.0,0.0,4.962779156327543,4.962779156327543,0.0,4.962779156327543,0.0,0.0,12.40694789081886,0.0,0.0,4.962779156327543,2.4813895781637716,131.5136476426799,54.59057071960298,7.444168734491315,39.702233250620345,0.45363408521303256,4.932330827067669,4.962779156327543,0.0,0.0,2.4813895781637716,0.0,0.0,0.0,12.40694789081886,0.0,7.444168734491315,14.88833746898263,12.40694789081886,14.88833746898263,0.0,0.0,0.0,0.0,0.0,7.444168734491315,7.444168734491315,4.962779156327543,0.0,2.4813895781637716
38377904,66.82577565632458,21.479713603818613,4.773269689737471,2.3866348448687353,2.3866348448687353,0.0,0.0,23.86634844868735,2.3866348448687353,0.0,0.0,0.0,21.479713603818613,7.159904534606206,7.159904534606206,281.6229116945108,2.3866348448687353,2.3866348448687353,21.479713603818613,0.0,0.0,2.3866348448687353,0.0,11.933174224343675,9.546539379474941,0.0,0.0,0.0,0.0,0.0,11.933174224343675,0.0,0.0,4.773269689737471,0.0,0.0,0.0,16.706443914081145,145.58472553699283,62.05250596658711,4.773269689737471,31.026252983293556,0.5440806045340051,4.6221662468513856,2.3866348448687353,2.3866348448687353,0.0,0.0,2.3866348448687353,0.0,0.0,2.3866348448687353,0.0,4.773269689737471,0.0,14.319809069212411,0.0,0.0,0.0,2.3866348448687353,0.0,0.0,0.0,2.3866348448687353,2.3866348448687353,0.0,0.0
38407615,4.88997555012225,7.334963325183374,78.239608801956,0.0,0.0,9.7799511002445,12.224938875305625,24.44987775061125,19.559902200489,2.444987775061125,2.444987775061125,0.0,24.44987775061125,44.00977995110025,4.88997555012225,207.8239608801956,2.444987775061125,2.444987775061125,36.674816625916876,4.88997555012225,4.88997555012225,0.0,0.0,12.224938875305625,0.0,0.0,4.88997555012225,2.444987775061125,17.114914425427873,0.0,4.88997555012225,0.0,0.0,0.0,0.0,0.0,4.88997555012225,12.224938875305625,119.8044009779951,73.34963325183375,2.444987775061125,56.23471882640587,0.5184275184275184,4.528255528255528,2.444987775061125,0.0,0.0,4.88997555012225,0.0,0.0,2.444987775061125,4.88997555012225,2.444987775061125,4.88997555012225,2.444987775061125,12.224938875305625,0.0,0.0,4.88997555012225,0.0,0.0,0.0,2.444987775061125,14.669926650366747,19.559902200489,2.444987775061125,7.334963325183374
38500137,14.925373134328359,14.925373134328359,39.80099502487562,7.462686567164179,0.0,4.975124378109452,0.0,2.487562189054726,9.950248756218905,2.487562189054726,2.487562189054726,2.487562189054726,9.950248756218905,47.2636815920398,7.462686567164179,251.24378109452738,19.90049751243781,7.462686567164179,12.437810945273633,0.0,9.950248756218905,0.0,0.0,19.90049751243781,0.0,0.0,4.975124378109452,0.0,0.0,2.487562189054726,2.487562189054726,0.0,0.0,2.487562189054726,0.0,0.0,0.0,2.487562189054726,141.7910447761194,32.33830845771144,2.487562189054726,37.31343283582089,0.49222797927461137,4.694300518134715,2.487562189054726,0.0,0.0,0.0,7.462686567164179,0.0,2.487562189054726,0.0,0.0,19.90049751243781,14.925373134328359,9.950248756218905,2.487562189054726,0.0,0.0,0.0,0.0,0.0,4.975124378109452,2.487562189054726,2.487562189054726,2.487562189054726,2.487562189054726
38656814,11.933174224343675,40.572792362768496,62.05250596658711,2.3866348448687353,0.0,4.773269689737471,0.0,52.50596658711217,2.3866348448687353,4.773269689737471,2.3866348448687353,2.3866348448687353,14.319809069212411,31.026252983293556,4.773269689737471,274.4630071599045,0.0,0.0,9.546539379474941,0.0,4.773269689737471,0.0,0.0,31.026252983293556,7.159904534606206,0.0,0.0,0.0,4.773269689737471,0.0,7.159904534606206,0.0,0.0,2.3866348448687353,0.0,0.0,0.0,9.546539379474941,121.71837708830549,47.7326968973747,7.159904534606206,33.41288782816229,0.5525672371638142,5.02200488997555,2.3866348448687353,0.0,0.0,2.3866348448687353,4.773269689737471,0.0,0.0,4.773269689737471,0.0,4.773269689737471,7.159904534606206,7.159904534606206,7.159904534606206,0.0,2.3866348448687353,0.0,0.0,0.0,9.546539379474941,7.159904534606206,2.3866348448687353,0.0,4.773269689737471
38694105,29.339853300733495,29.339853300733495,36.674816625916876,2.444987775061125,0.0,0.0,0.0,17.114914425427873,7.334963325183374,0.0,0.0,0.0,9.7799511002445,29.339853300733495,2.444987775061125,288.5085574572127,14.669926650366747,2.444987775061125,17.114914425427873,2.444987775061125,12.224938875305625,0.0,0.0,36.674816625916876,0.0,0.0,2.444987775061125,4.88997555012225,2.444987775061125,0.0,2.444987775061125,0.0,0.0,4.88997555012225,0.0,0.0,2.444987775061125,7.334963325183374,124.69437652811736,36.674816625916876,2.444987775061125,9.7799511002445,0.4899497487437186,5.201005025125628,4.88997555012225,0.0,0.0,0.0,0.0,0.0,0.0,0.0,0.0,7.334963325183374,9.7799511002445,7.334963325183374,0.0,0.0,0.0,0.0,0.0,0.0,0.0,4.88997555012225,4.88997555012225,0.0,4.88997555012225
38750125,105.01193317422434,35.79952267303103,14.319809069212411,0.0,2.3866348448687353,2.3866348448687353,0.0,62.05250596658711,7.159904534606206,0.0,4.773269689737471,9.546539379474941,23.86634844868735,19.093078758949883,0.0,202.86396181384248,7.159904534606206,2.3866348448687353,21.479713603818613,0.0,16.706443914081145,2.3866348448687353,0.0,26.252983293556085,7.159904534606206,0.0,0.0,0.0,0.0,0.0,14.319809069212411,0.0,4.773269689737471,0.0,0.0,0.0,0.0,9.546539379474941,81.14558472553699,28.639618138424822,19.093078758949883,35.79952267303103,0.4939467312348668,4.583535108958838,4.773269689737471,0.0,0.0,0.0,0.0,0.0,4.773269689737471,4.773269689737471,0.0,4.773269689737471,19.093078758949883,28.639618138424822,4.773269689737471,0.0,0.0,0.0,0.0,0.0,0.0,26.252983293556085,11.933174224343675,0.0,4.773269689737471
38754634,0.0,2.3584905660377355,56.60377358490566,4.716981132075471,0.0,7.0754716981132075,0.0,4.716981132075471,9.433962264150942,2.3584905660377355,4.716981132075471,0.0,16.50943396226415,54.24528301886792,4.716981132075471,202.83018867924528,2.3584905660377355,2.3584905660377355,33.0188679245283,2.3584905660377355,7.0754716981132075,0.0,0.0,25.943396226415096,2.3584905660377355,0.0,0.0,4.716981132075471,4.716981132075471,0.0,0.0,0.0,0.0,0.0,0.0,0.0,0.0,11.79245283018868,96.69811320754718,89.62264150943396,9.433962264150942,49.528301886792455,0.509478672985782,5.360189573459715,4.716981132075471,0.0,2.3584905660377355,0.0,4.716981132075471,0.0,7.0754716981132075,23.58490566037736,2.3584905660377355,0.0,0.0,9.433962264150942,7.0754716981132075,0.0,2.3584905660377355,0.0,0.0,0.0,0.0,33.0188679245283,18.867924528301884,2.3584905660377355,4.716981132075471
38773168,7.042253521126761,16.431924882629108,105.63380281690141,4.694835680751174,0.0,25.821596244131456,0.0,61.032863849765256,14.084507042253522,0.0,2.347417840375587,4.694835680751174,18.779342723004696,14.084507042253522,0.0,230.0469483568075,16.431924882629108,0.0,35.21126760563381,0.0,9.389671361502348,2.347417840375587,0.0,46.948356807511736,4.694835680751174,0.0,0.0,2.347417840375587,0.0,0.0,7.042253521126761,0.0,0.0,0.0,0.0,0.0,2.347417840375587,4.694835680751174,84.50704225352112,39.906103286384976,9.389671361502348,37.55868544600939,0.4485294117647059,4.4681372549019605,2.347417840375587,0.0,0.0,2.347417840375587,7.042253521126761,0.0,0.0,4.694835680751174,0.0,11.737089201877934,14.084507042253522,28.169014084507044,4.694835680751174,0.0,35.21126760563381,0.0,0.0,0.0,4.694835680751174,2.347417840375587,28.169014084507044,0.0,4.694835680751174
38876427,12.437810945273633,27.36318407960199,42.28855721393035,0.0,0.0,0.0,0.0,34.82587064676617,22.388059701492537,0.0,0.0,0.0,17.412935323383085,37.31343283582089,0.0,300.9950248756219,9.950248756218905,0.0,12.437810945273633,0.0,9.950248756218905,0.0,0.0,22.388059701492537,4.975124378109452,0.0,0.0,0.0,4.975124378109452,0.0,7.462686567164179,0.0,0.0,2.487562189054726,0.0,0.0,0.0,4.975124378109452,104.4776119402985,54.72636815920398,4.975124378109452,19.90049751243781,0.4680306905370844,5.179028132992327,2.487562189054726,0.0,0.0,0.0,0.0,0.0,0.0,9.950248756218905,0.0,9.950248756218905,9.950248756218905,17.412935323383085,0.0,0.0,0.0,0.0,0.0,0.0,7.462686567164179,7.462686567164179,4.975124378109452,0.0,2.487562189054726
38900248,7.334963325183374,19.559902200489,95.35452322738386,4.88997555012225,2.444987775061125,7.334963325183374,0.0,34.229828850855746,2.444987775061125,2.444987775061125,0.0,0.0,14.669926650366747,17.114914425427873,9.7799511002445,259.1687041564792,9.7799511002445,2.444987775061125,58.67970660146699,2.444987775061125,9.7799511002445,2.444987775061125,0.0,24.44987775061125,2.444987775061125,0.0,0.0,2.444987775061125,4.88997555012225,0.0,7.334963325183374,0.0,0.0,0.0,0.0,0.0,2.444987775061125,2.444987775061125,97.799511002445,63.56968215158924,9.7799511002445,61.12469437652811,0.4961832061068702,4.697201017811705,9.7799511002445,0.0,0.0,0.0,7.334963325183374,0.0,0.0,2.444987775061125,2.444987775061125,2.444987775061125,12.224938875305625,17.114914425427873,0.0,0.0,22.004889975550125,0.0,0.0,0.0,9.7799511002445,0.0,14.669926650366747,0.0,7.334963325183374
38921076,0.0,2.4691358024691357,61.72839506172839,2.4691358024691357,0.0,4.938271604938271,69.1358024691358,2.4691358024691357,9.876543209876543,9.876543209876543,0.0,2.4691358024691357,22.22222222222222,39.50617283950617,7.407407407407407,182.71604938271605,2.4691358024691357,2.4691358024691357,41.97530864197531,4.938271604938271,0.0,0.0,0.0,32.098765432098766,0.0,0.0,2.4691358024691357,0.0,7.407407407407407,0.0,2.4691358024691357,0.0,0.0,0.0,0.0,0.0,4.938271604938271,2.4691358024691357,79.01234567901234,56.79012345679013,7.407407407407407,74.07407407407408,0.5518987341772152,4.718987341772152,0.0,0.0,0.0,0.0,14.814814814814815,0.0,0.0,17.28395061728395,0.0,2.4691358024691357,4.938271604938271,17.28395061728395,2.4691358024691357,0.0,19.753086419753085,0.0,0.0,0.0,0.0,19.753086419753085,9.876543209876543,0.0,9.876543209876543
38940155,36.31961259079903,16.949152542372882,33.898305084745765,0.0,4.842615012106537,0.0,0.0,33.898305084745765,7.263922518159807,0.0,0.0,0.0,7.263922518159807,7.263922518159807,0.0,300.2421307506053,0.0,0.0,36.31961259079903,0.0,0.0,0.0,0.0,26.634382566585955,4.842615012106537,0.0,0.0,0.0,0.0,0.0,7.263922518159807,0.0,0.0,0.0,0.0,0.0,2.4213075060532687,4.842615012106537,118.64406779661017,46.00484261501211,7.263922518159807,24.213075060532688,0.5,4.470588235294118,7.263922518159807,0.0,0.0,0.0,7.263922518159807,0.0,4.842615012106537,0.0,0.0,9.685230024213075,2.4213075060532687,14.527845036319613,4.842615012106537,0.0,0.0,0.0,0.0,0.0,4.842615012106537,4.842615012106537,29.055690072639226,0.0,0.0
38974448,9.237875288683602,18.475750577367204,69.28406466512702,0.0,0.0,4.618937644341801,0.0,30.023094688221708,18.475750577367204,0.0,0.0,0.0,23.094688221709006,16.166281755196305,2.3094688221709005,288.6836027713626,16.166281755196305,0.0,13.856812933025404,0.0,6.928406466512702,2.3094688221709005,0.0,30.023094688221708,2.3094688221709005,0.0,0.0,0.0,4.618937644341801,0.0,2.3094688221709005,0.0,0.0,16.166281755196305,0.0,0.0,2.3094688221709005,0.0,99.30715935334874,60.046189376443415,2.3094688221709005,6.928406466512702,0.3815165876777251,4.791469194312796,0.0,0.0,0.0,0.0,0.0,0.0,2.3094688221709005,0.0,0.0,2.3094688221709005,4.618937644341801,9.237875288683602,6.928406466512702,0.0,0.0,0.0,0.0,0.0,4.618937644341801,13.856812933025404,4.618937644341801,0.0,0.0
38983673,14.563106796116505,19.41747572815534,60.67961165048544,2.4271844660194173,0.0,14.563106796116505,0.0,29.12621359223301,12.135922330097086,0.0,0.0,2.4271844660194173,12.135922330097086,26.699029126213592,7.281553398058253,308.252427184466,7.281553398058253,0.0,12.135922330097086,0.0,9.70873786407767,0.0,0.0,43.689320388349515,0.0,0.0,0.0,0.0,2.4271844660194173,2.4271844660194173,2.4271844660194173,0.0,0.0,2.4271844660194173,0.0,0.0,0.0,2.4271844660194173,121.35922330097088,33.980582524271846,4.854368932038835,9.70873786407767,0.39215686274509803,4.676470588235294,2.4271844660194173,0.0,0.0,0.0,2.4271844660194173,0.0,0.0,0.0,0.0,0.0,9.70873786407767,21.844660194174757,21.844660194174757,0.0,0.0,0.0,0.0,0.0,0.0,4.854368932038835,7.281553398058253,0.0,4.854368932038835
39037385,91.12709832134293,19.184652278177456,23.980815347721823,0.0,0.0,0.0,0.0,86.33093525179856,9.592326139088728,0.0,0.0,0.0,11.990407673860911,19.184652278177456,2.398081534772182,232.61390887290167,35.97122302158273,0.0,21.58273381294964,0.0,9.592326139088728,0.0,0.0,11.990407673860911,2.398081534772182,0.0,0.0,2.398081534772182,0.0,0.0,2.398081534772182,0.0,0.0,0.0,0.0,0.0,0.0,2.398081534772182,117.50599520383693,19.184652278177456,4.796163069544364,40.7673860911271,0.4057971014492754,4.236714975845411,0.0,0.0,0.0,0.0,0.0,0.0,2.398081534772182,0.0,0.0,9.592326139088728,38.36930455635491,2.398081534772182,14.388489208633095,0.0,0.0,0.0,0.0,0.0,7.194244604316547,2.398081534772182,9.592326139088728,0.0,16.786570743405274
39076204,14.319809069212411,9.546539379474941,64.43914081145586,0.0,0.0,0.0,9.546539379474941,14.319809069212411,4.773269689737471,7.159904534606206,0.0,2.3866348448687353,19.093078758949883,35.79952267303103,2.3866348448687353,245.8233890214797,7.159904534606206,2.3866348448687353,11.933174224343675,0.0,16.706443914081145,2.3866348448687353,0.0,19.093078758949883,2.3866348448687353,2.3866348448687353,2.3866348448687353,0.0,2.3866348448687353,0.0,2.3866348448687353,0.0,0.0,4.773269689737471,0.0,0.0,2.3866348448687353,4.773269689737471,119.33174224343675,73.98568019093078,2.3866348448687353,76.37231503579953,0.5230024213075061,5.232445520581114,2.3866348448687353,2.3866348448687353,0.0,0.0,11.933174224343675,0.0,0.0,7.159904534606206,0.0,4.773269689737471,9.546539379474941,21.479713603818613,7.159904534606206,0.0,2.3866348448687353,0.0,2.3866348448687353,0.0,9.546539379474941,7.159904534606206,9.546539379474941,0.0,4.773269689737471
39124954,53.92156862745098,19.607843137254903,31.862745098039213,0.0,2.450980392156863,7.352941176470588,0.0,2.450980392156863,29.41176470588235,0.0,0.0,0.0,7.352941176470588,17.156862745098042,4.901960784313726,340.6862745098039,0.0,0.0,9.803921568627452,0.0,9.803921568627452,0.0,0.0,14.705882352941176,0.0,2.450980392156863,0.0,0.0,0.0,0.0,0.0,0.0,0.0,7.352941176470588,0.0,0.0,0.0,9.803921568627452,122.54901960784314,56.372549019607845,4.901960784313726,29.41176470588235,0.472,5.074666666666666,2.450980392156863,0.0,0.0,2.450980392156863,0.0,0.0,0.0,0.0,0.0,2.450980392156863,22.058823529411764,7.352941176470588,2.450980392156863,0.0,0.0,2.450980392156863,2.450980392156863,0.0,0.0,4.901960784313726,4.901960784313726,0.0,0.0
39172676,4.878048780487805,2.4390243902439024,36.58536585365854,4.878048780487805,0.0,14.634146341463415,0.0,4.878048780487805,0.0,2.4390243902439024,0.0,0.0,14.634146341463415,43.90243902439024,9.75609756097561,302.4390243902439,7.317073170731708,2.4390243902439024,7.317073170731708,2.4390243902439024,2.4390243902439024,0.0,0.0,24.390243902439025,0.0,0.0,0.0,0.0,7.317073170731708,2.4390243902439024,0.0,0.0,2.4390243902439024,2.4390243902439024,0.0,0.0,0.0,2.4390243902439024,126.82926829268293,92.6829268292683,0.0,24.390243902439025,0.5061425061425061,5.255528255528255,0.0,2.4390243902439024,0.0,0.0,2.4390243902439024,0.0,2.4390243902439024,4.878048780487805,0.0,12.195121951219512,7.317073170731708,19.51219512195122,2.4390243902439024,0.0,0.0,0.0,0.0,0.0,4.878048780487805,21.95121951219512,4.878048780487805,0.0,2.4390243902439024
39209279,0.0,7.462686567164179,72.13930348258707,0.0,0.0,0.0,0.0,2.487562189054726,32.33830845771144,0.0,9.950248756218905,2.487562189054726,19.90049751243781,19.90049751243781,7.462686567164179,273.6318407960199,2.487562189054726,4.975124378109452,42.28855721393035,4.975124378109452,0.0,0.0,0.0,12.437810945273633,2.487562189054726,0.0,0.0,0.0,14.925373134328359,2.487562189054726,2.487562189054726,0.0,0.0,0.0,0.0,0.0,0.0,0.0,144.27860696517413,62.18905472636816,9.950248756218905,22.388059701492537,0.5279187817258884,4.725888324873097,2.487562189054726,0.0,0.0,0.0,9.950248756218905,0.0,0.0,4.975124378109452,2.487562189054726,0.0,0.0,12.437810945273633,0.0,2.487562189054726,4.975124378109452,0.0,0.0,0.0,4.975124378109452,32.33830845771144,12.437810945273633,4.975124378109452,0.0
39305042,24.509803921568626,34.313725490196084,63.725490196078425,0.0,0.0,0.0,0.0,24.509803921568626,9.803921568627452,4.901960784313726,0.0,0.0,9.803921568627452,34.313725490196084,2.450980392156863,215.68627450980392,17.156862745098042,2.450980392156863,22.058823529411764,0.0,14.705882352941176,4.901960784313726,0.0,22.058823529411764,2.450980392156863,0.0,0.0,0.0,0.0,0.0,9.803921568627452,0.0,0.0,0.0,0.0,0.0,0.0,0.0,107.84313725490196,61.27450980392157,12.254901960784313,34.313725490196084,0.4405940594059406,4.7995049504950495,4.901960784313726,0.0,0.0,0.0,9.803921568627452,0.0,2.450980392156863,2.450980392156863,2.450980392156863,2.450980392156863,14.705882352941176,17.156862745098042,2.450980392156863,0.0,0.0,0.0,0.0,0.0,4.901960784313726,14.705882352941176,7.352941176470588,0.0,12.254901960784313
39404452,12.40694789081886,7.444168734491315,34.7394540942928,0.0,0.0,0.0,0.0,4.962779156327543,24.81389578163772,2.4813895781637716,0.0,0.0,9.925558312655086,27.29528535980149,0.0,272.9528535980149,7.444168734491315,4.962779156327543,34.7394540942928,0.0,7.444168734491315,0.0,2.4813895781637716,37.220843672456574,2.4813895781637716,0.0,0.0,0.0,4.962779156327543,0.0,0.0,0.0,0.0,0.0,0.0,0.0,2.4813895781637716,7.444168734491315,89.33002481389578,52.10918114143921,24.81389578163772,22.332506203473944,0.4319371727748691,4.544502617801047,0.0,2.4813895781637716,0.0,0.0,0.0,0.0,7.444168734491315,2.4813895781637716,17.3697270471464,9.925558312655086,7.444168734491315,9.925558312655086,4.962779156327543,0.0,0.0,0.0,0.0,0.0,4.962779156327543,12.40694789081886,12.40694789081886,0.0,0.0
39418318,18.69158878504673,2.336448598130841,81.77570093457943,7.009345794392523,0.0,9.345794392523365,4.672897196261682,23.36448598130841,14.018691588785046,2.336448598130841,0.0,0.0,28.037383177570092,21.02803738317757,7.009345794392523,198.5981308411215,14.018691588785046,4.672897196261682,30.373831775700936,0.0,2.336448598130841,2.336448598130841,0.0,16.355140186915886,0.0,0.0,4.672897196261682,0.0,11.682242990654204,2.336448598130841,9.345794392523365,0.0,2.336448598130841,0.0,0.0,0.0,2.336448598130841,16.355140186915886,100.46728971962617,65.42056074766354,16.355140186915886,44.39252336448598,0.5545023696682464,5.0,4.672897196261682,2.336448598130841,0.0,0.0,7.009345794392523,0.0,4.672897196261682,0.0,0.0,2.336448598130841,7.009345794392523,11.682242990654204,0.0,9.345794392523365,7.009345794392523,0.0,0.0,0.0,2.336448598130841,35.046728971962615,18.69158878504673,0.0,4.672897196261682
39454884,2.444987775061125,14.669926650366747,56.23471882640587,2.444987775061125,2.444987775061125,7.334963325183374,0.0,34.229828850855746,9.7799511002445,0.0,2.444987775061125,0.0,14.669926650366747,22.004889975550125,0.0,273.83863080684597,12.224938875305625,0.0,14.669926650366747,0.0,4.88997555012225,0.0,0.0,34.229828850855746,0.0,0.0,0.0,0.0,0.0,0.0,4.88997555012225,0.0,0.0,0.0,0.0,0.0,0.0,7.334963325183374,129.5843520782396,58.67970660146699,2.444987775061125,48.8997555012225,0.4798994974874372,4.540201005025126,2.444987775061125,0.0,0.0,0.0,14.669926650366747,0.0,2.444987775061125,9.7799511002445,0.0,0.0,2.444987775061125,9.7799511002445,0.0,2.444987775061125,19.559902200489,0.0,0.0,0.0,4.88997555012225,17.114914425427873,9.7799511002445,4.88997555012225,2.444987775061125
39463979,56.511056511056516,7.371007371007371,14.742014742014742,0.0,0.0,0.0,0.0,31.94103194103194,12.285012285012284,0.0,0.0,0.0,22.11302211302211,12.285012285012284,4.914004914004914,297.2972972972973,12.285012285012284,0.0,27.027027027027028,0.0,2.457002457002457,2.457002457002457,0.0,12.285012285012284,2.457002457002457,0.0,2.457002457002457,0.0,4.914004914004914,0.0,2.457002457002457,0.0,0.0,7.371007371007371,0.0,0.0,0.0,9.828009828009828,100.73710073710073,58.96805896805897,4.914004914004914,56.511056511056516,0.5588972431077694,4.897243107769423,12.285012285012284,0.0,0.0,0.0,12.285012285012284,0.0,2.457002457002457,2.457002457002457,0.0,12.285012285012284,7.371007371007371,14.742014742014742,4.914004914004914,0.0,0.0,2.457002457002457,0.0,0.0,0.0,2.457002457002457,14.742014742014742,4.914004914004914,2.457002457002457
39497025,46.00484261501211,31.476997578692497,48.426150121065376,2.4213075060532687,2.4213075060532687,0.0,0.0,41.16222760290557,4.842615012106537,2.4213075060532687,2.4213075060532687,0.0,21.791767554479417,19.37046004842615,4.842615012106537,254.23728813559322,26.634382566585955,7.263922518159807,16.949152542372882,0.0,2.4213075060532687,2.4213075060532687,0.0,19.37046004842615,0.0,0.0,4.842615012106537,2.4213075060532687,2.4213075060532687,0.0,12.106537530266344,0.0,0.0,2.4213075060532687,0.0,0.0,0.0,9.685230024213075,108.95883777239709,46.00484261501211,0.0,26.634382566585955,0.5195121951219512,4.819512195121951,0.0,0.0,0.0,0.0,4.842615012106537,0.0,0.0,2.4213075060532687,0.0,0.0,9.685230024213075,9.685230024213075,0.0,0.0,0.0,0.0,0.0,0.0,4.842615012106537,12.106537530266344,7.263922518159807,0.0,0.0
39555715,52.88461538461539,21.634615384615383,31.25,0.0,2.403846153846154,2.403846153846154,0.0,19.230769230769234,7.211538461538462,0.0,0.0,0.0,24.03846153846154,21.634615384615383,4.807692307692308,242.78846153846155,19.230769230769234,0.0,12.01923076923077,0.0,14.423076923076923,0.0,0.0,9.615384615384617,2.403846153846154,0.0,16.826923076923077,14.423076923076923,4.807692307692308,0.0,9.615384615384617,0.0,0.0,7.211538461538462,0.0,0.0,0.0,12.01923076923077,117.78846153846153,48.07692307692308,4.807692307692308,28.846153846153847,0.4841075794621027,4.931540342298288,2.403846153846154,0.0,0.0,0.0,0.0,0.0,0.0,9.615384615384617,0.0,2.403846153846154,21.634615384615383,19.230769230769234,7.211538461538462,0.0,0.0,0.0,0.0,0.0,2.403846153846154,7.211538461538462,0.0,7.211538461538462,2.403846153846154
39720854,29.484029484029485,9.828009828009828,44.22604422604422,0.0,0.0,12.285012285012284,0.0,0.0,19.656019656019655,4.914004914004914,2.457002457002457,2.457002457002457,12.285012285012284,14.742014742014742,27.027027027027028,253.07125307125307,14.742014742014742,7.371007371007371,17.1990171990172,0.0,14.742014742014742,2.457002457002457,0.0,24.570024570024568,2.457002457002457,0.0,0.0,0.0,2.457002457002457,0.0,4.914004914004914,0.0,0.0,2.457002457002457,0.0,0.0,0.0,4.914004914004914,103.19410319410319,81.08108108108108,7.371007371007371,34.3980343980344,0.47381546134663344,4.850374064837905,9.828009828009828,0.0,0.0,0.0,0.0,0.0,4.914004914004914,9.828009828009828,0.0,24.570024570024568,19.656019656019655,12.285012285012284,9.828009828009828,0.0,0.0,0.0,0.0,0.0,4.914004914004914,2.457002457002457,7.371007371007371,0.0,7.371007371007371
39845685,2.3809523809523814,4.761904761904763,19.04761904761905,0.0,0.0,2.3809523809523814,0.0,16.666666666666668,2.3809523809523814,0.0,0.0,0.0,11.904761904761903,42.857142857142854,0.0,354.76190476190476,14.285714285714285,4.761904761904763,4.761904761904763,0.0,0.0,0.0,0.0,16.666666666666668,0.0,0.0,0.0,4.761904761904763,0.0,0.0,0.0,0.0,4.761904761904763,4.761904761904763,0.0,0.0,0.0,4.761904761904763,100.0,47.61904761904761,2.3809523809523814,11.904761904761903,0.37185929648241206,5.090452261306533,2.3809523809523814,0.0,0.0,0.0,0.0,0.0,0.0,0.0,0.0,40.47619047619048,7.142857142857142,2.3809523809523814,0.0,0.0,0.0,0.0,0.0,0.0,7.142857142857142,7.142857142857142,0.0,0.0,0.0
39970970,49.29577464788732,18.779342723004696,14.084507042253522,0.0,0.0,2.347417840375587,4.694835680751174,49.29577464788732,0.0,2.347417840375587,0.0,0.0,25.821596244131456,16.431924882629108,7.042253521126761,321.59624413145536,4.694835680751174,2.347417840375587,11.737089201877934,0.0,0.0,0.0,0.0,11.737089201877934,9.389671361502348,0.0,0.0,0.0,2.347417840375587,0.0,11.737089201877934,0.0,0.0,0.0,0.0,0.0,0.0,2.347417840375587,124.41314553990611,72.76995305164318,0.0,21.12676056338028,0.5536992840095465,4.837708830548926,2.347417840375587,0.0,0.0,0.0,7.042253521126761,0.0,0.0,0.0,0.0,0.0,7.042253521126761,7.042253521126761,0.0,0.0,0.0,0.0,0.0,0.0,0.0,21.12676056338028,4.694835680751174,0.0,2.347417840375587
40011947,0.0,16.548463356973993,37.825059101654844,2.3640661938534278,0.0,4.7281323877068555,0.0,44.917257683215134,2.3640661938534278,0.0,0.0,0.0,4.7281323877068555,54.37352245862884,4.7281323877068555,276.59574468085106,7.092198581560283,2.3640661938534278,16.548463356973993,0.0,0.0,0.0,0.0,14.184397163120567,4.7281323877068555,0.0,0.0,0.0,0.0,0.0,0.0,0.0,0.0,2.3640661938534278,0.0,0.0,0.0,2.3640661938534278,132.38770685579195,96.92671394799055,0.0,21.27659574468085,0.4758454106280193,5.236714975845411,0.0,0.0,0.0,0.0,4.7281323877068555,0.0,2.3640661938534278,0.0,0.0,11.82033096926714,4.7281323877068555,7.092198581560283,0.0,0.0,0.0,0.0,0.0,0.0,4.7281323877068555,14.184397163120567,4.7281323877068555,0.0,0.0
40105534,63.679245283018865,11.79245283018868,18.867924528301884,0.0,0.0,30.660377358490567,0.0,25.943396226415096,9.433962264150942,2.3584905660377355,2.3584905660377355,0.0,18.867924528301884,33.0188679245283,2.3584905660377355,193.39622641509436,2.3584905660377355,2.3584905660377355,23.58490566037736,0.0,7.0754716981132075,0.0,0.0,25.943396226415096,7.0754716981132075,2.3584905660377355,0.0,2.3584905660377355,2.3584905660377355,0.0,7.0754716981132075,0.0,2.3584905660377355,0.0,0.0,0.0,2.3584905660377355,11.79245283018868,117.9245283018868,82.54716981132076,9.433962264150942,37.73584905660377,0.5298329355608592,5.081145584725537,0.0,2.3584905660377355,0.0,0.0,4.716981132075471,0.0,2.3584905660377355,0.0,0.0,4.716981132075471,0.0,21.22641509433962,2.3584905660377355,0.0,4.716981132075471,0.0,0.0,0.0,0.0,18.867924528301884,14.150943396226415,0.0,2.3584905660377355
40130300,37.406483790523694,19.950124688279303,37.406483790523694,2.493765586034913,4.987531172069826,0.0,0.0,12.468827930174564,7.481296758104738,0.0,2.493765586034913,0.0,19.950124688279303,54.86284289276808,4.987531172069826,229.426433915212,14.962593516209475,4.987531172069826,7.481296758104738,0.0,4.987531172069826,0.0,4.987531172069826,19.950124688279303,0.0,0.0,0.0,0.0,0.0,0.0,2.493765586034913,0.0,0.0,2.493765586034913,0.0,0.0,0.0,7.481296758104738,134.66334164588528,52.36907730673317,4.987531172069826,39.900249376558605,0.46446700507614214,5.129441624365482,2.493765586034913,0.0,0.0,2.493765586034913,0.0,0.0,0.0,0.0,0.0,7.481296758104738,7.481296758104738,9.975062344139651,7.481296758104738,0.0,0.0,0.0,0.0,0.0,4.987531172069826,17.456359102244388,12.468827930174564,0.0,0.0
40142606,60.24096385542169,16.867469879518072,33.734939759036145,0.0,0.0,9.63855421686747,0.0,9.63855421686747,12.048192771084338,0.0,0.0,0.0,26.50602409638554,55.42168674698795,12.048192771084338,257.83132530120486,9.63855421686747,9.63855421686747,24.096385542168676,4.819277108433735,0.0,0.0,0.0,12.048192771084338,2.4096385542168677,0.0,0.0,0.0,4.819277108433735,0.0,12.048192771084338,0.0,0.0,7.228915662650603,0.0,0.0,0.0,0.0,134.93975903614458,55.42168674698795,4.819277108433735,12.048192771084338,0.48418491484184917,5.02676399026764,0.0,0.0,0.0,0.0,2.4096385542168677,0.0,2.4096385542168677,0.0,0.0,4.819277108433735,14.457831325301205,2.4096385542168677,4.819277108433735,0.0,0.0,0.0,0.0,0.0,0.0,7.228915662650603,9.63855421686747,0.0,2.4096385542168677
40186744,44.00977995110025,24.44987775061125,56.23471882640587,0.0,2.444987775061125,7.334963325183374,0.0,31.78484107579462,12.224938875305625,0.0,0.0,0.0,7.334963325183374,12.224938875305625,0.0,305.6234718826406,9.7799511002445,0.0,31.78484107579462,0.0,19.559902200489,4.88997555012225,0.0,12.224938875305625,4.88997555012225,2.444987775061125,2.444987775061125,4.88997555012225,2.444987775061125,0.0,2.444987775061125,0.0,2.444987775061125,0.0,0.0,0.0,0.0,12.224938875305625,95.35452322738386,39.119804400978,7.334963325183374,26.89486552567237,0.44416243654822335,4.6421319796954315,2.444987775061125,2.444987775061125,0.0,2.444987775061125,4.88997555012225,0.0,2.444987775061125,0.0,0.0,0.0,24.44987775061125,12.224938875305625,4.88997555012225,2.444987775061125,2.444987775061125,0.0,0.0,0.0,0.0,4.88997555012225,9.7799511002445,0.0,4.88997555012225
40264371,42.857142857142854,11.904761904761903,14.285714285714285,0.0,0.0,7.142857142857142,0.0,16.666666666666668,7.142857142857142,0.0,0.0,0.0,9.523809523809526,28.57142857142857,11.904761904761903,259.5238095238095,7.142857142857142,0.0,7.142857142857142,7.142857142857142,16.666666666666668,0.0,2.3809523809523814,26.19047619047619,0.0,0.0,0.0,0.0,2.3809523809523814,0.0,0.0,0.0,0.0,2.3809523809523814,0.0,0.0,4.761904761904763,7.142857142857142,102.38095238095238,47.61904761904761,0.0,21.428571428571427,0.43902439024390244,4.987804878048781,7.142857142857142,0.0,0.0,0.0,4.761904761904763,0.0,0.0,0.0,7.142857142857142,21.428571428571427,23.809523809523807,14.285714285714285,11.904761904761903,0.0,0.0,0.0,0.0,0.0,0.0,7.142857142857142,0.0,0.0,7.142857142857142
40403431,27.64976958525346,20.737327188940093,32.25806451612903,2.304147465437788,0.0,2.304147465437788,0.0,18.433179723502302,20.737327188940093,6.912442396313365,0.0,0.0,9.216589861751151,36.866359447004605,0.0,260.36866359447004,9.216589861751151,2.304147465437788,18.433179723502302,0.0,2.304147465437788,4.608294930875576,0.0,32.25806451612903,4.608294930875576,0.0,0.0,2.304147465437788,0.0,0.0,9.216589861751151,0.0,0.0,0.0,0.0,0.0,0.0,16.129032258064516,99.07834101382488,25.34562211981567,4.608294930875576,27.64976958525346,0.3953488372093023,4.448837209302326,2.304147465437788,0.0,0.0,2.304147465437788,6.912442396313365,0.0,0.0,2.304147465437788,2.304147465437788,25.34562211981567,23.041474654377883,4.608294930875576,2.304147465437788,0.0,0.0,0.0,0.0,0.0,6.912442396313365,4.608294930875576,9.216589861751151,0.0,2.304147465437788
40403434,22.388059701492537,17.412935323383085,52.23880597014925,2.487562189054726,0.0,17.412935323383085,0.0,9.950248756218905,17.412935323383085,4.975124378109452,0.0,0.0,24.875621890547265,64.67661691542288,4.975124378109452,226.3681592039801,7.462686567164179,7.462686567164179,24.875621890547265,0.0,7.462686567164179,0.0,0.0,22.388059701492537,4.975124378109452,0.0,0.0,0.0,7.462686567164179,2.487562189054726,7.462686567164179,0.0,0.0,7.462686567164179,0.0,0.0,0.0,7.462686567164179,92.03980099502488,29.850746268656717,2.487562189054726,19.90049751243781,0.45478036175710596,4.757105943152455,0.0,4.975124378109452,0.0,0.0,2.487562189054726,0.0,9.950248756218905,2.487562189054726,0.0,24.875621890547265,22.388059701492537,7.462686567164179,2.487562189054726,0.0,14.925373134328359,0.0,0.0,0.0,4.975124378109452,12.437810945273633,9.950248756218905,0.0,2.487562189054726
40801990,0.0,22.277227722772277,71.78217821782178,0.0,0.0,0.0,0.0,4.9504950495049505,9.900990099009901,4.9504950495049505,2.4752475247524752,2.4752475247524752,2.4752475247524752,32.17821782178218,7.425742574257425,245.04950495049505,24.752475247524753,0.0,22.277227722772277,0.0,12.376237623762377,7.425742574257425,0.0,34.65346534653466,2.4752475247524752,0.0,0.0,0.0,0.0,0.0,2.4752475247524752,0.0,0.0,0.0,0.0,0.0,0.0,4.9504950495049505,116.33663366336634,56.93069306930693,9.900990099009901,19.801980198019802,0.49,4.935,0.0,0.0,0.0,0.0,4.9504950495049505,0.0,4.9504950495049505,0.0,2.4752475247524752,4.9504950495049505,9.900990099009901,17.32673267326733,4.9504950495049505,0.0,0.0,0.0,0.0,0.0,2.4752475247524752,24.752475247524753,9.900990099009901,0.0,4.9504950495049505
40802240,4.796163069544364,23.980815347721823,74.34052757793765,0.0,0.0,2.398081534772182,0.0,40.7673860911271,31.17505995203837,0.0,0.0,0.0,19.184652278177456,19.184652278177456,0.0,261.3908872901678,23.980815347721823,4.796163069544364,19.184652278177456,0.0,2.398081534772182,4.796163069544364,0.0,35.97122302158273,0.0,0.0,0.0,4.796163069544364,0.0,2.398081534772182,11.990407673860911,0.0,0.0,4.796163069544364,0.0,0.0,4.796163069544364,14.388489208633095,103.11750599520383,33.57314148681055,14.388489208633095,23.980815347721823,0.4830917874396135,4.932367149758454,4.796163069544364,0.0,2.398081534772182,0.0,0.0,0.0,2.398081534772182,9.592326139088728,0.0,7.194244604316547,7.194244604316547,23.980815347721823,7.194244604316547,0.0,4.796163069544364,0.0,0.0,2.398081534772182,7.194244604316547,28.77697841726619,4.796163069544364,0.0,0.0
40900811,63.88206388206388,4.914004914004914,34.3980343980344,2.457002457002457,2.457002457002457,2.457002457002457,0.0,27.027027027027028,4.914004914004914,4.914004914004914,0.0,0.0,29.484029484029485,76.16707616707617,14.742014742014742,157.24815724815724,9.828009828009828,2.457002457002457,36.85503685503686,0.0,14.742014742014742,0.0,0.0,39.31203931203931,2.457002457002457,0.0,0.0,2.457002457002457,4.914004914004914,0.0,9.828009828009828,0.0,0.0,2.457002457002457,0.0,0.0,7.371007371007371,4.914004914004914,93.36609336609337,61.42506142506143,22.11302211302211,54.054054054054056,0.4491315136476427,5.332506203473946,7.371007371007371,0.0,0.0,0.0,2.457002457002457,0.0,12.285012285012284,0.0,0.0,0.0,24.570024570024568,27.027027027027028,29.484029484029485,0.0,0.0,0.0,0.0,0.0,2.457002457002457,31.94103194103194,2.457002457002457,0.0,0.0
40907803,46.34146341463415,14.634146341463415,17.073170731707318,2.4390243902439024,0.0,0.0,0.0,48.78048780487805,0.0,0.0,0.0,0.0,17.073170731707318,12.195121951219512,2.4390243902439024,273.1707317073171,4.878048780487805,0.0,24.390243902439025,2.4390243902439024,0.0,0.0,0.0,29.26829268292683,2.4390243902439024,2.4390243902439024,0.0,0.0,0.0,0.0,12.195121951219512,0.0,0.0,2.4390243902439024,0.0,0.0,4.878048780487805,4.878048780487805,117.07317073170732,58.53658536585366,9.75609756097561,39.02439024390244,0.575682382133995,4.754342431761787,4.878048780487805,0.0,0.0,0.0,2.4390243902439024,0.0,9.75609756097561,2.4390243902439024,0.0,14.634146341463415,2.4390243902439024,14.634146341463415,2.4390243902439024,0.0,0.0,0.0,0.0,0.0,2.4390243902439024,4.878048780487805,12.195121951219512,0.0,0.0
40934210,7.263922518159807,14.527845036319613,46.00484261501211,0.0,0.0,12.106537530266344,0.0,7.263922518159807,9.685230024213075,4.842615012106537,2.4213075060532687,0.0,9.685230024213075,31.476997578692497,0.0,254.23728813559322,12.106537530266344,0.0,16.949152542372882,0.0,0.0,0.0,0.0,29.055690072639226,12.106537530266344,0.0,4.842615012106537,0.0,0.0,0.0,0.0,0.0,0.0,2.4213075060532687,0.0,0.0,0.0,4.842615012106537,128.32929782082326,77.4818401937046,2.4213075060532687,38.7409200968523,0.5085995085995086,4.926289926289926,2.4213075060532687,0.0,0.0,0.0,4.842615012106537,0.0,2.4213075060532687,4.842615012106537,0.0,14.527845036319613,12.106537530266344,12.106537530266344,4.842615012106537,0.0,4.842615012106537,0.0,0.0,0.0,7.263922518159807,7.263922518159807,4.842615012106537,2.4213075060532687,4.842615012106537
40936573,0.0,2.4752475247524752,56.93069306930693,2.4752475247524752,0.0,0.0,0.0,7.425742574257425,4.9504950495049505,2.4752475247524752,0.0,4.9504950495049505,7.425742574257425,29.7029702970297,4.9504950495049505,287.1287128712871,9.900990099009901,2.4752475247524752,12.376237623762377,0.0,2.4752475247524752,0.0,2.4752475247524752,37.12871287128713,4.9504950495049505,0.0,2.4752475247524752,0.0,2.4752475247524752,0.0,0.0,0.0,0.0,0.0,0.0,0.0,0.0,7.425742574257425,116.33663366336634,86.63366336633663,4.9504950495049505,54.45544554455446,0.5618811881188119,5.264851485148514,4.9504950495049505,2.4752475247524752,0.0,0.0,2.4752475247524752,0.0,0.0,4.9504950495049505,0.0,2.4752475247524752,4.9504950495049505,4.9504950495049505,0.0,2.4752475247524752,0.0,0.0,0.0,0.0,7.425742574257425,32.17821782178218,4.9504950495049505,0.0,7.425742574257425
40998235,0.0,19.464720194647203,43.79562043795621,2.4330900243309004,0.0,0.0,0.0,0.0,14.598540145985401,0.0,0.0,0.0,12.165450121654501,21.897810218978105,0.0,291.970802919708,7.299270072992701,0.0,17.0316301703163,0.0,2.4330900243309004,0.0,0.0,7.299270072992701,0.0,0.0,0.0,2.4330900243309004,0.0,0.0,0.0,0.0,0.0,12.165450121654501,0.0,0.0,2.4330900243309004,2.4330900243309004,136.2530413625304,94.8905109489051,4.866180048661801,29.197080291970803,0.472636815920398,4.970149253731344,2.4330900243309004,0.0,0.0,0.0,9.732360097323602,0.0,0.0,4.866180048661801,0.0,14.598540145985401,2.4330900243309004,4.866180048661801,2.4330900243309004,0.0,0.0,0.0,0.0,0.0,4.866180048661801,12.165450121654501,2.4330900243309004,0.0,0.0
12143774,60.24096385542169,9.63855421686747,14.457831325301205,4.819277108433735,4.819277108433735,7.228915662650603,2.4096385542168677,26.50602409638554,4.819277108433735,2.4096385542168677,0.0,0.0,19.27710843373494,12.048192771084338,9.63855421686747,301.20481927710847,16.867469879518072,2.4096385542168677,7.228915662650603,2.4096385542168677,2.4096385542168677,0.0,0.0,14.457831325301205,9.63855421686747,0.0,2.4096385542168677,0.0,0.0,0.0,12.048192771084338,0.0,0.0,0.0,0.0,0.0,0.0,2.4096385542168677,122.89156626506025,67.46987951807229,2.4096385542168677,28.91566265060241,0.5902439024390244,5.251219512195122,0.0,0.0,0.0,0.0,2.4096385542168677,0.0,4.819277108433735,0.0,2.4096385542168677,2.4096385542168677,2.4096385542168677,7.228915662650603,4.819277108433735,0.0,0.0,0.0,0.0,0.0,0.0,16.867469879518072,4.819277108433735,0.0,2.4096385542168677
13440189,31.25,21.634615384615383,50.48076923076923,0.0,9.615384615384617,33.65384615384615,0.0,24.03846153846154,4.807692307692308,0.0,0.0,0.0,12.01923076923077,9.615384615384617,2.403846153846154,225.96153846153845,14.423076923076923,0.0,36.05769230769231,0.0,9.615384615384617,7.211538461538462,0.0,28.846153846153847,0.0,0.0,0.0,0.0,0.0,0.0,7.211538461538462,0.0,0.0,0.0,0.0,0.0,0.0,4.807692307692308,105.76923076923077,36.05769230769231,24.03846153846154,40.86538461538461,0.4253164556962025,4.688607594936709,4.807692307692308,0.0,0.0,4.807692307692308,2.403846153846154,0.0,2.403846153846154,0.0,0.0,21.634615384615383,14.423076923076923,4.807692307692308,0.0,0.0,28.846153846153847,0.0,0.0,0.0,4.807692307692308,4.807692307692308,14.423076923076923,0.0,4.807692307692308
13501233,49.01960784313725,12.254901960784313,9.803921568627452,0.0,0.0,0.0,0.0,46.568627450980394,7.352941176470588,0.0,0.0,0.0,12.254901960784313,31.862745098039213,4.901960784313726,269.60784313725486,7.352941176470588,2.450980392156863,17.156862745098042,2.450980392156863,4.901960784313726,0.0,0.0,24.509803921568626,0.0,4.901960784313726,4.901960784313726,0.0,2.450980392156863,0.0,2.450980392156863,0.0,0.0,0.0,0.0,0.0,0.0,4.901960784313726,142.15686274509804,83.33333333333333,2.450980392156863,19.607843137254903,0.4772727272727273,4.893939393939394,0.0,0.0,0.0,0.0,0.0,0.0,0.0,0.0,0.0,0.0,9.803921568627452,12.254901960784313,4.901960784313726,0.0,0.0,0.0,0.0,0.0,2.450980392156863,9.803921568627452,4.901960784313726,0.0,0.0
14541327,71.60493827160494,4.938271604938271,0.0,0.0,0.0,0.0,0.0,14.814814814814815,4.938271604938271,2.4691358024691357,0.0,0.0,19.753086419753085,37.03703703703704,0.0,296.2962962962963,12.345679012345679,4.938271604938271,9.876543209876543,0.0,2.4691358024691357,0.0,0.0,12.345679012345679,2.4691358024691357,4.938271604938271,0.0,0.0,0.0,0.0,9.876543209876543,0.0,0.0,9.876543209876543,0.0,0.0,0.0,2.4691358024691357,138.2716049382716,71.60493827160494,0.0,12.345679012345679,0.4897959183673469,4.959183673469388,0.0,2.4691358024691357,0.0,0.0,0.0,0.0,0.0,0.0,0.0,0.0,2.4691358024691357,14.814814814814815,7.407407407407407,0.0,0.0,0.0,0.0,0.0,4.938271604938271,24.691358024691358,4.938271604938271,0.0,0.0
16537219,0.0,11.574074074074073,67.12962962962963,2.314814814814815,0.0,0.0,0.0,16.203703703703702,6.944444444444444,4.62962962962963,2.314814814814815,0.0,25.462962962962962,23.148148148148145,0.0,275.462962962963,2.314814814814815,0.0,41.666666666666664,4.62962962962963,0.0,0.0,0.0,34.72222222222222,0.0,0.0,0.0,2.314814814814815,9.25925925925926,0.0,4.62962962962963,0.0,0.0,6.944444444444444,0.0,0.0,0.0,9.25925925925926,120.37037037037037,76.3888888888889,2.314814814814815,30.09259259259259,0.48130841121495327,4.878504672897196,0.0,0.0,0.0,2.314814814814815,4.62962962962963,0.0,2.314814814814815,4.62962962962963,0.0,0.0,0.0,4.62962962962963,2.314814814814815,2.314814814814815,0.0,0.0,0.0,0.0,6.944444444444444,13.888888888888888,6.944444444444444,2.314814814814815,0.0
17119768,16.203703703703702,16.203703703703702,48.611111111111114,0.0,0.0,2.314814814814815,0.0,4.62962962962963,4.62962962962963,4.62962962962963,0.0,0.0,16.203703703703702,53.24074074074074,6.944444444444444,293.98148148148147,18.51851851851852,6.944444444444444,13.888888888888888,0.0,13.888888888888888,0.0,0.0,30.09259259259259,4.62962962962963,0.0,2.314814814814815,0.0,0.0,0.0,4.62962962962963,0.0,0.0,9.25925925925926,0.0,0.0,0.0,2.314814814814815,90.27777777777777,62.5,2.314814814814815,18.51851851851852,0.4373522458628842,5.092198581560283,0.0,2.314814814814815,0.0,0.0,0.0,0.0,4.62962962962963,16.203703703703702,0.0,0.0,13.888888888888888,9.25925925925926,6.944444444444444,0.0,0.0,0.0,0.0,0.0,0.0,13.888888888888888,2.314814814814815,0.0,2.314814814814815
17951118,65.88235294117648,11.76470588235294,11.76470588235294,4.705882352941176,0.0,0.0,0.0,4.705882352941176,2.352941176470588,0.0,0.0,0.0,14.11764705882353,28.23529411764706,0.0,317.6470588235294,9.411764705882351,0.0,16.47058823529412,0.0,16.47058823529412,0.0,0.0,14.11764705882353,4.705882352941176,2.352941176470588,0.0,0.0,0.0,0.0,4.705882352941176,0.0,0.0,2.352941176470588,0.0,0.0,0.0,7.058823529411765,115.29411764705883,56.47058823529412,0.0,37.647058823529406,0.39803439803439805,4.926289926289926,0.0,0.0,0.0,0.0,11.76470588235294,2.352941176470588,0.0,0.0,0.0,4.705882352941176,11.76470588235294,18.823529411764703,0.0,0.0,0.0,0.0,0.0,0.0,4.705882352941176,4.705882352941176,9.411764705882351,0.0,0.0
18778655,2.3809523809523814,35.714285714285715,69.04761904761905,2.3809523809523814,0.0,0.0,0.0,9.523809523809526,11.904761904761903,0.0,0.0,0.0,16.666666666666668,47.61904761904761,0.0,245.23809523809524,28.57142857142857,4.761904761904763,28.57142857142857,0.0,2.3809523809523814,2.3809523809523814,0.0,28.57142857142857,0.0,0.0,0.0,2.3809523809523814,4.761904761904763,0.0,2.3809523809523814,0.0,0.0,7.142857142857142,0.0,0.0,0.0,0.0,119.04761904761904,45.238095238095234,14.285714285714285,26.19047619047619,0.3300970873786408,5.070388349514563,7.142857142857142,0.0,0.0,0.0,0.0,0.0,4.761904761904763,2.3809523809523814,0.0,4.761904761904763,2.3809523809523814,11.904761904761903,2.3809523809523814,0.0,0.0,0.0,0.0,0.0,2.3809523809523814,4.761904761904763,4.761904761904763,0.0,4.761904761904763
18959416,34.5679012345679,17.28395061728395,46.91358024691358,2.4691358024691357,2.4691358024691357,0.0,0.0,49.382716049382715,2.4691358024691357,0.0,0.0,0.0,24.691358024691358,34.5679012345679,17.28395061728395,264.1975308641975,4.938271604938271,0.0,9.876543209876543,0.0,2.4691358024691357,0.0,0.0,29.62962962962963,4.938271604938271,0.0,2.4691358024691357,0.0,2.4691358024691357,0.0,4.938271604938271,0.0,0.0,12.345679012345679,0.0,0.0,2.4691358024691357,0.0,120.98765432098766,81.4814814814815,7.407407407407407,29.62962962962963,0.5137844611528822,5.12531328320802,4.938271604938271,0.0,0.0,0.0,2.4691358024691357,0.0,0.0,0.0,2.4691358024691357,0.0,2.4691358024691357,7.407407407407407,2.4691358024691357,0.0,0.0,0.0,0.0,0.0,4.938271604938271,22.22222222222222,12.345679012345679,0.0,0.0
19497670,71.25307125307125,9.828009828009828,17.1990171990172,0.0,7.371007371007371,27.027027027027028,2.457002457002457,34.3980343980344,7.371007371007371,2.457002457002457,2.457002457002457,2.457002457002457,2.457002457002457,2.457002457002457,0.0,240.78624078624077,4.914004914004914,0.0,19.656019656019655,0.0,4.914004914004914,0.0,0.0,36.85503685503686,9.828009828009828,0.0,0.0,0.0,0.0,0.0,0.0,0.0,0.0,0.0,0.0,2.457002457002457,0.0,2.457002457002457,113.02211302211303,54.054054054054056,7.371007371007371,49.140049140049136,0.5567282321899736,4.337730870712401,2.457002457002457,2.457002457002457,0.0,2.457002457002457,4.914004914004914,0.0,0.0,2.457002457002457,0.0,4.914004914004914,7.371007371007371,19.656019656019655,2.457002457002457,0.0,9.828009828009828,0.0,2.457002457002457,0.0,0.0,2.457002457002457,17.1990171990172,4.914004914004914,7.371007371007371
19527769,14.598540145985401,9.732360097323602,58.394160583941606,0.0,0.0,0.0,0.0,31.630170316301705,7.299270072992701,2.4330900243309004,2.4330900243309004,0.0,26.7639902676399,17.0316301703163,19.464720194647203,236.0097323600973,14.598540145985401,2.4330900243309004,17.0316301703163,0.0,26.7639902676399,0.0,0.0,31.630170316301705,2.4330900243309004,2.4330900243309004,0.0,2.4330900243309004,4.866180048661801,0.0,7.299270072992701,0.0,4.866180048661801,2.4330900243309004,0.0,0.0,0.0,4.866180048661801,124.08759124087591,48.661800486618006,4.866180048661801,36.4963503649635,0.5111111111111111,5.007407407407407,9.732360097323602,0.0,0.0,2.4330900243309004,0.0,0.0,0.0,9.732360097323602,2.4330900243309004,4.866180048661801,19.464720194647203,7.299270072992701,14.598540145985401,0.0,0.0,0.0,0.0,0.0,2.4330900243309004,21.897810218978105,9.732360097323602,0.0,4.866180048661801
19632042,27.22772277227723,29.7029702970297,39.603960396039604,4.9504950495049505,0.0,0.0,0.0,0.0,2.4752475247524752,0.0,0.0,2.4752475247524752,14.85148514851485,37.12871287128713,4.9504950495049505,279.7029702970297,14.85148514851485,2.4752475247524752,12.376237623762377,2.4752475247524752,0.0,0.0,0.0,9.900990099009901,9.900990099009901,0.0,0.0,4.9504950495049505,2.4752475247524752,0.0,0.0,0.0,0.0,7.425742574257425,0.0,0.0,0.0,2.4752475247524752,158.41584158415841,76.73267326732673,0.0,27.22772277227723,0.4748743718592965,5.324120603015075,2.4752475247524752,0.0,0.0,0.0,0.0,0.0,0.0,0.0,2.4752475247524752,0.0,9.900990099009901,9.900990099009901,0.0,0.0,0.0,0.0,0.0,0.0,4.9504950495049505,14.85148514851485,7.425742574257425,0.0,2.4752475247524752
19690725,56.511056511056516,22.11302211302211,34.3980343980344,2.457002457002457,0.0,0.0,0.0,44.22604422604422,2.457002457002457,0.0,0.0,0.0,12.285012285012284,58.96805896805897,2.457002457002457,226.04422604422606,9.828009828009828,0.0,9.828009828009828,0.0,12.285012285012284,0.0,0.0,36.85503685503686,4.914004914004914,0.0,0.0,0.0,0.0,0.0,4.914004914004914,0.0,0.0,0.0,0.0,0.0,0.0,14.742014742014742,117.93611793611794,56.511056511056516,9.828009828009828,49.140049140049136,0.5074626865671642,5.019900497512438,0.0,0.0,0.0,0.0,0.0,0.0,0.0,2.457002457002457,0.0,2.457002457002457,12.285012285012284,9.828009828009828,9.828009828009828,0.0,0.0,0.0,0.0,0.0,4.914004914004914,14.742014742014742,7.371007371007371,2.457002457002457,0.0
20186937,85.5106888361045,2.375296912114014,2.375296912114014,11.876484560570072,0.0,0.0,0.0,28.503562945368174,7.125890736342043,2.375296912114014,2.375296912114014,0.0,14.251781472684087,38.00475059382423,4.750593824228028,244.65558194774349,7.125890736342043,2.375296912114014,26.128266033254157,0.0,0.0,2.375296912114014,2.375296912114014,21.377672209026127,0.0,2.375296912114014,0.0,0.0,9.501187648456057,0.0,0.0,0.0,0.0,0.0,0.0,0.0,0.0,14.251781472684087,95.01187648456057,26.128266033254157,11.876484560570072,47.50593824228029,0.5047619047619047,4.883333333333334,0.0,2.375296912114014,0.0,2.375296912114014,9.501187648456057,0.0,2.375296912114014,0.0,0.0,9.501187648456057,2.375296912114014,14.251781472684087,0.0,0.0,0.0,0.0,0.0,0.0,0.0,23.752969121140143,16.6270783847981,2.375296912114014,9.501187648456057
20955893,0.0,6.928406466512702,53.11778290993072,4.618937644341801,0.0,0.0,0.0,13.856812933025404,6.928406466512702,11.547344110854503,0.0,0.0,9.237875288683602,46.18937644341801,2.3094688221709005,247.1131639722864,16.166281755196305,4.618937644341801,9.237875288683602,0.0,16.166281755196305,2.3094688221709005,0.0,20.785219399538104,0.0,0.0,0.0,0.0,0.0,0.0,2.3094688221709005,0.0,0.0,0.0,0.0,0.0,0.0,6.928406466512702,99.30715935334874,57.736720554272516,6.928406466512702,32.33256351039261,0.43387470997679817,5.269141531322505,4.618937644341801,0.0,0.0,0.0,2.3094688221709005,0.0,2.3094688221709005,13.856812933025404,9.237875288683602,13.856812933025404,6.928406466512702,20.785219399538104,11.547344110854503,0.0,0.0,0.0,0.0,0.0,6.928406466512702,16.166281755196305,13.856812933025404,0.0,6.928406466512702
21024198,37.47072599531616,4.68384074941452,30.44496487119438,0.0,0.0,0.0,0.0,9.36768149882904,0.0,7.02576112412178,0.0,0.0,21.07728337236534,32.786885245901644,7.02576112412178,304.4496487119438,7.02576112412178,2.34192037470726,18.73536299765808,0.0,18.73536299765808,0.0,0.0,7.02576112412178,0.0,0.0,2.34192037470726,0.0,0.0,0.0,18.73536299765808,0.0,0.0,2.34192037470726,2.34192037470726,0.0,0.0,0.0,133.48946135831383,88.99297423887587,2.34192037470726,28.10304449648712,0.3684210526315789,4.988038277511961,4.68384074941452,0.0,0.0,0.0,0.0,0.0,11.7096018735363,28.10304449648712,0.0,0.0,16.393442622950822,9.36768149882904,7.02576112412178,0.0,0.0,0.0,0.0,0.0,7.02576112412178,7.02576112412178,2.34192037470726,0.0,2.34192037470726
21241761,4.975124378109452,17.412935323383085,37.31343283582089,0.0,0.0,0.0,0.0,19.90049751243781,2.487562189054726,0.0,2.487562189054726,0.0,7.462686567164179,57.21393034825871,2.487562189054726,288.55721393034827,12.437810945273633,0.0,14.925373134328359,0.0,9.950248756218905,0.0,0.0,17.412935323383085,4.975124378109452,0.0,0.0,0.0,0.0,0.0,0.0,0.0,0.0,4.975124378109452,0.0,0.0,0.0,2.487562189054726,131.8407960199005,79.60199004975124,0.0,37.31343283582089,0.49748743718592964,5.306532663316583,7.462686567164179,2.487562189054726,0.0,0.0,2.487562189054726,0.0,4.975124378109452,2.487562189054726,0.0,4.975124378109452,7.462686567164179,9.950248756218905,4.975124378109452,0.0,0.0,0.0,0.0,0.0,4.975124378109452,19.90049751243781,0.0,0.0,4.975124378109452
21251162,44.00977995110025,4.88997555012225,17.114914425427873,4.88997555012225,4.88997555012225,0.0,0.0,2.444987775061125,12.224938875305625,2.444987775061125,0.0,0.0,14.669926650366747,24.44987775061125,0.0,293.398533007335,4.88997555012225,0.0,29.339853300733495,0.0,12.224938875305625,0.0,0.0,7.334963325183374,0.0,0.0,2.444987775061125,0.0,9.7799511002445,0.0,0.0,0.0,0.0,2.444987775061125,0.0,0.0,2.444987775061125,0.0,122.24938875305622,95.35452322738386,7.334963325183374,29.339853300733495,0.47381546134663344,4.987531172069826,9.7799511002445,0.0,0.0,4.88997555012225,4.88997555012225,0.0,2.444987775061125,14.669926650366747,0.0,4.88997555012225,12.224938875305625,7.334963325183374,2.444987775061125,0.0,0.0,0.0,0.0,0.0,2.444987775061125,9.7799511002445,0.0,0.0,2.444987775061125
21357520,0.0,7.371007371007371,39.31203931203931,2.457002457002457,0.0,0.0,0.0,0.0,0.0,4.914004914004914,0.0,0.0,4.914004914004914,36.85503685503686,9.828009828009828,287.46928746928745,14.742014742014742,0.0,24.570024570024568,2.457002457002457,2.457002457002457,0.0,0.0,24.570024570024568,2.457002457002457,0.0,2.457002457002457,0.0,4.914004914004914,0.0,0.0,0.0,0.0,0.0,2.457002457002457,0.0,0.0,0.0,108.10810810810811,83.53808353808354,0.0,34.3980343980344,0.5,5.24,2.457002457002457,0.0,0.0,0.0,4.914004914004914,0.0,12.285012285012284,2.457002457002457,0.0,22.11302211302211,2.457002457002457,7.371007371007371,2.457002457002457,0.0,0.0,0.0,0.0,0.0,2.457002457002457,22.11302211302211,4.914004914004914,2.457002457002457,4.914004914004914
21794798,16.867469879518072,21.686746987951807,43.373493975903614,2.4096385542168677,2.4096385542168677,0.0,0.0,28.91566265060241,4.819277108433735,2.4096385542168677,0.0,2.4096385542168677,9.63855421686747,26.50602409638554,9.63855421686747,286.7469879518072,4.819277108433735,2.4096385542168677,19.27710843373494,0.0,4.819277108433735,2.4096385542168677,0.0,26.50602409638554,2.4096385542168677,0.0,2.4096385542168677,0.0,2.4096385542168677,0.0,4.819277108433735,0.0,0.0,0.0,0.0,0.0,0.0,7.228915662650603,151.80722891566265,40.96385542168675,7.228915662650603,31.32530120481928,0.47804878048780486,4.773170731707317,2.4096385542168677,0.0,0.0,0.0,7.228915662650603,0.0,0.0,0.0,0.0,2.4096385542168677,9.63855421686747,2.4096385542168677,0.0,0.0,0.0,0.0,0.0,0.0,2.4096385542168677,12.048192771084338,2.4096385542168677,0.0,7.228915662650603
23329193,19.51219512195122,7.317073170731708,46.34146341463415,7.317073170731708,0.0,4.878048780487805,0.0,0.0,7.317073170731708,0.0,0.0,0.0,19.51219512195122,24.390243902439025,2.4390243902439024,317.0731707317073,12.195121951219512,2.4390243902439024,24.390243902439025,2.4390243902439024,0.0,0.0,0.0,9.75609756097561,0.0,0.0,2.4390243902439024,0.0,4.878048780487805,0.0,4.878048780487805,0.0,0.0,7.317073170731708,0.0,0.0,0.0,2.4390243902439024,126.82926829268293,75.60975609756098,2.4390243902439024,34.146341463414636,0.5188916876574308,5.327455919395466,0.0,2.4390243902439024,0.0,0.0,9.75609756097561,0.0,7.317073170731708,4.878048780487805,0.0,0.0,0.0,21.95121951219512,0.0,0.0,0.0,0.0,0.0,0.0,7.317073170731708,21.95121951219512,4.878048780487805,0.0,0.0
24352104,14.354066985645934,11.961722488038278,74.16267942583733,9.569377990430622,0.0,16.74641148325359,0.0,19.138755980861244,21.5311004784689,2.3923444976076556,2.3923444976076556,0.0,28.70813397129187,23.923444976076556,4.784688995215311,244.01913875598086,9.569377990430622,7.177033492822967,35.88516746411483,4.784688995215311,0.0,0.0,0.0,26.31578947368421,0.0,0.0,0.0,0.0,9.569377990430622,7.177033492822967,7.177033492822967,0.0,0.0,2.3923444976076556,0.0,0.0,0.0,7.177033492822967,105.26315789473684,59.80861244019139,11.961722488038278,31.10047846889952,0.5503685503685504,4.832923832923833,2.3923444976076556,0.0,0.0,0.0,2.3923444976076556,0.0,4.784688995215311,0.0,0.0,2.3923444976076556,0.0,16.74641148325359,0.0,7.177033492822967,19.138755980861244,0.0,0.0,0.0,4.784688995215311,14.354066985645934,9.569377990430622,2.3923444976076556,4.784688995215311
25285043,76.54320987654322,17.28395061728395,0.0,4.938271604938271,2.4691358024691357,0.0,0.0,39.50617283950617,4.938271604938271,0.0,0.0,2.4691358024691357,14.814814814814815,9.876543209876543,2.4691358024691357,293.8271604938272,9.876543209876543,0.0,14.814814814814815,0.0,0.0,0.0,0.0,27.160493827160494,9.876543209876543,0.0,0.0,0.0,0.0,0.0,4.938271604938271,0.0,0.0,4.938271604938271,0.0,0.0,0.0,7.407407407407407,103.7037037037037,34.5679012345679,2.4691358024691357,34.5679012345679,0.54,4.6125,2.4691358024691357,2.4691358024691357,0.0,2.4691358024691357,4.938271604938271,0.0,0.0,0.0,0.0,0.0,4.938271604938271,9.876543209876543,0.0,0.0,0.0,0.0,0.0,0.0,0.0,4.938271604938271,14.814814814814815,0.0,2.4691358024691357
25864058,14.669926650366747,14.669926650366747,48.8997555012225,2.444987775061125,2.444987775061125,0.0,0.0,2.444987775061125,12.224938875305625,0.0,0.0,0.0,4.88997555012225,80.68459657701712,2.444987775061125,234.71882640586796,14.669926650366747,7.334963325183374,12.224938875305625,0.0,12.224938875305625,0.0,0.0,19.559902200489,0.0,0.0,0.0,2.444987775061125,0.0,2.444987775061125,2.444987775061125,0.0,0.0,2.444987775061125,0.0,0.0,0.0,0.0,127.13936430317848,44.00977995110025,7.334963325183374,29.339853300733495,0.40759493670886077,5.2,9.7799511002445,0.0,0.0,0.0,2.444987775061125,0.0,0.0,0.0,0.0,0.0,12.224938875305625,4.88997555012225,4.88997555012225,0.0,2.444987775061125,0.0,0.0,0.0,9.7799511002445,24.44987775061125,4.88997555012225,0.0,0.0
25930184,17.156862745098042,2.450980392156863,44.11764705882353,0.0,2.450980392156863,2.450980392156863,0.0,9.803921568627452,14.705882352941176,7.352941176470588,0.0,0.0,22.058823529411764,24.509803921568626,12.254901960784313,316.1764705882353,14.705882352941176,0.0,4.901960784313726,0.0,19.607843137254903,0.0,0.0,12.254901960784313,4.901960784313726,0.0,4.901960784313726,2.450980392156863,12.254901960784313,0.0,0.0,0.0,0.0,4.901960784313726,0.0,0.0,0.0,7.352941176470588,107.84313725490196,56.372549019607845,2.450980392156863,31.862745098039213,0.4975,4.9675,2.450980392156863,0.0,0.0,2.450980392156863,7.352941176470588,0.0,2.450980392156863,22.058823529411764,0.0,2.450980392156863,7.352941176470588,22.058823529411764,7.352941176470588,0.0,0.0,0.0,0.0,0.0,4.901960784313726,9.803921568627452,0.0,0.0,4.901960784313726
26287263,59.80861244019139,9.569377990430622,14.354066985645934,0.0,0.0,16.74641148325359,0.0,33.49282296650718,9.569377990430622,2.3923444976076556,0.0,0.0,11.961722488038278,9.569377990430622,9.569377990430622,229.66507177033495,4.784688995215311,0.0,28.70813397129187,0.0,0.0,0.0,0.0,35.88516746411483,9.569377990430622,0.0,0.0,0.0,0.0,2.3923444976076556,4.784688995215311,0.0,0.0,4.784688995215311,0.0,0.0,0.0,2.3923444976076556,102.87081339712918,81.33971291866028,4.784688995215311,43.0622009569378,0.48872180451127817,4.43859649122807,4.784688995215311,0.0,0.0,0.0,7.177033492822967,0.0,2.3923444976076556,4.784688995215311,0.0,7.177033492822967,9.569377990430622,7.177033492822967,2.3923444976076556,0.0,14.354066985645934,0.0,0.0,0.0,0.0,9.569377990430622,19.138755980861244,0.0,7.177033492822967
26441513,62.79069767441861,41.860465116279066,23.25581395348837,2.3255813953488373,4.651162790697675,0.0,0.0,69.76744186046511,2.3255813953488373,2.3255813953488373,0.0,0.0,18.6046511627907,13.953488372093023,0.0,255.8139534883721,9.30232558139535,2.3255813953488373,20.930232558139533,0.0,11.627906976744185,0.0,0.0,13.953488372093023,6.976744186046512,0.0,0.0,0.0,2.3255813953488373,0.0,6.976744186046512,0.0,0.0,2.3255813953488373,0.0,0.0,0.0,4.651162790697675,123.25581395348837,23.25581395348837,13.953488372093023,37.2093023255814,0.48826291079812206,4.591549295774648,6.976744186046512,0.0,0.0,2.3255813953488373,0.0,0.0,0.0,4.651162790697675,0.0,2.3255813953488373,25.58139534883721,11.627906976744185,2.3255813953488373,0.0,0.0,0.0,0.0,0.0,6.976744186046512,13.953488372093023,11.627906976744185,0.0,9.30232558139535
27139040,68.1265206812652,24.330900243309003,14.598540145985401,2.4330900243309004,2.4330900243309004,0.0,0.0,46.228710462287104,2.4330900243309004,2.4330900243309004,2.4330900243309004,0.0,24.330900243309003,4.866180048661801,0.0,282.2384428223844,29.197080291970803,2.4330900243309004,9.732360097323602,0.0,9.732360097323602,0.0,0.0,14.598540145985401,2.4330900243309004,2.4330900243309004,2.4330900243309004,0.0,0.0,2.4330900243309004,9.732360097323602,0.0,0.0,2.4330900243309004,0.0,0.0,0.0,7.299270072992701,143.5523114355231,29.197080291970803,2.4330900243309004,24.330900243309003,0.4723618090452261,4.4874371859296485,0.0,0.0,0.0,0.0,2.4330900243309004,0.0,4.866180048661801,2.4330900243309004,0.0,2.4330900243309004,7.299270072992701,26.7639902676399,0.0,0.0,0.0,0.0,0.0,0.0,4.866180048661801,7.299270072992701,7.299270072992701,0.0,0.0
27184295,19.704433497536947,27.093596059113302,41.87192118226601,0.0,0.0,2.4630541871921183,0.0,4.926108374384237,9.852216748768473,0.0,2.4630541871921183,0.0,7.389162561576354,36.94581280788178,0.0,288.1773399014778,14.778325123152708,2.4630541871921183,2.4630541871921183,0.0,12.315270935960593,0.0,0.0,4.926108374384237,0.0,0.0,4.926108374384237,2.4630541871921183,0.0,0.0,0.0,0.0,0.0,7.389162561576354,0.0,0.0,0.0,9.852216748768473,123.15270935960591,66.50246305418719,0.0,19.704433497536947,0.494949494949495,4.97979797979798,0.0,0.0,0.0,0.0,2.4630541871921183,0.0,2.4630541871921183,0.0,0.0,12.315270935960593,12.315270935960593,27.093596059113302,4.926108374384237,0.0,0.0,0.0,0.0,0.0,2.4630541871921183,12.315270935960593,4.926108374384237,2.4630541871921183,7.389162561576354
27322166,43.90243902439024,9.75609756097561,12.195121951219512,2.4390243902439024,4.878048780487805,0.0,0.0,46.34146341463415,0.0,0.0,0.0,0.0,12.195121951219512,36.58536585365854,4.878048780487805,280.4878048780488,14.634146341463415,0.0,12.195121951219512,0.0,0.0,0.0,0.0,21.95121951219512,0.0,2.4390243902439024,0.0,0.0,2.4390243902439024,0.0,2.4390243902439024,0.0,0.0,4.878048780487805,0.0,4.878048780487805,0.0,0.0,141.46341463414632,70.73170731707316,4.878048780487805,29.26829268292683,0.49746192893401014,5.2639593908629445,0.0,0.0,0.0,0.0,0.0,0.0,0.0,0.0,0.0,4.878048780487805,4.878048780487805,7.317073170731708,2.4390243902439024,0.0,0.0,0.0,0.0,0.0,7.317073170731708,24.390243902439025,4.878048780487805,0.0,0.0
28401068,33.57314148681055,7.194244604316547,64.74820143884892,0.0,0.0,33.57314148681055,0.0,81.5347721822542,4.796163069544364,0.0,0.0,2.398081534772182,16.786570743405274,19.184652278177456,2.398081534772182,199.04076738609115,16.786570743405274,2.398081534772182,43.16546762589928,0.0,7.194244604316547,0.0,0.0,23.980815347721823,0.0,0.0,0.0,0.0,0.0,0.0,7.194244604316547,0.0,0.0,4.796163069544364,0.0,0.0,4.796163069544364,4.796163069544364,110.31175059952038,33.57314148681055,2.398081534772182,62.35011990407674,0.49504950495049505,4.2549504950495045,0.0,0.0,0.0,0.0,19.184652278177456,0.0,2.398081534772182,0.0,0.0,7.194244604316547,4.796163069544364,28.77697841726619,7.194244604316547,0.0,14.388489208633095,0.0,0.0,0.0,9.592326139088728,14.388489208633095,19.184652278177456,0.0,14.388489208633095
28461293,49.75124378109453,4.975124378109452,9.950248756218905,0.0,0.0,0.0,2.487562189054726,7.462686567164179,14.925373134328359,2.487562189054726,0.0,0.0,14.925373134328359,27.36318407960199,2.487562189054726,281.09452736318406,2.487562189054726,2.487562189054726,32.33830845771144,0.0,0.0,0.0,0.0,4.975124378109452,2.487562189054726,0.0,2.487562189054726,7.462686567164179,7.462686567164179,2.487562189054726,2.487562189054726,0.0,0.0,0.0,0.0,0.0,0.0,2.487562189054726,126.86567164179105,74.62686567164178,4.975124378109452,27.36318407960199,0.5376884422110553,4.891959798994975,0.0,0.0,0.0,2.487562189054726,4.975124378109452,0.0,0.0,0.0,0.0,4.975124378109452,2.487562189054726,9.950248756218905,0.0,0.0,0.0,0.0,0.0,0.0,0.0,42.28855721393035,17.412935323383085,2.487562189054726,4.975124378109452
29453341,16.055045871559635,36.69724770642202,55.04587155963303,4.587155963302752,0.0,0.0,0.0,25.22935779816514,25.22935779816514,0.0,0.0,0.0,11.46788990825688,22.93577981651376,4.587155963302752,238.53211009174314,16.055045871559635,2.293577981651376,20.642201834862387,0.0,6.8807339449541285,0.0,0.0,22.93577981651376,4.587155963302752,0.0,0.0,0.0,2.293577981651376,0.0,4.587155963302752,0.0,0.0,2.293577981651376,0.0,0.0,0.0,13.761467889908257,126.14678899082568,61.92660550458716,11.46788990825688,22.93577981651376,0.460431654676259,4.911270983213429,2.293577981651376,0.0,0.0,2.293577981651376,0.0,0.0,0.0,2.293577981651376,0.0,6.8807339449541285,13.761467889908257,16.055045871559635,0.0,0.0,0.0,0.0,2.293577981651376,0.0,2.293577981651376,11.46788990825688,9.174311926605505,0.0,2.293577981651376
29713594,67.28538283062645,2.320185614849188,4.640371229698376,6.960556844547564,0.0,4.640371229698376,0.0,53.364269141531324,4.640371229698376,0.0,0.0,0.0,16.241299303944317,9.280742459396752,0.0,329.4663573085847,6.960556844547564,2.320185614849188,13.921113689095128,0.0,2.320185614849188,0.0,0.0,18.561484918793504,6.960556844547564,4.640371229698376,0.0,2.320185614849188,2.320185614849188,0.0,2.320185614849188,0.0,2.320185614849188,6.960556844547564,0.0,0.0,0.0,2.320185614849188,141.53132250580046,60.324825986078885,0.0,18.561484918793504,0.5156626506024097,4.537349397590361,4.640371229698376,0.0,0.0,0.0,2.320185614849188,0.0,0.0,0.0,0.0,0.0,2.320185614849188,6.960556844547564,2.320185614849188,2.320185614849188,0.0,0.0,0.0,0.0,0.0,11.600928074245939,6.960556844547564,0.0,0.0
29947126,51.21951219512195,7.317073170731708,29.26829268292683,2.4390243902439024,4.878048780487805,0.0,0.0,46.34146341463415,2.4390243902439024,0.0,0.0,0.0,7.317073170731708,4.878048780487805,4.878048780487805,319.5121951219512,2.4390243902439024,0.0,17.073170731707318,2.4390243902439024,0.0,0.0,0.0,24.390243902439025,2.4390243902439024,0.0,0.0,0.0,0.0,0.0,4.878048780487805,0.0,0.0,0.0,0.0,0.0,4.878048780487805,14.634146341463415,121.95121951219512,26.829268292682926,4.878048780487805,24.390243902439025,0.5012594458438288,4.667506297229219,4.878048780487805,0.0,0.0,0.0,0.0,0.0,7.317073170731708,0.0,2.4390243902439024,9.75609756097561,2.4390243902439024,2.4390243902439024,0.0,0.0,2.4390243902439024,0.0,0.0,0.0,2.4390243902439024,2.4390243902439024,24.390243902439025,2.4390243902439024,2.4390243902439024
30080414,4.773269689737471,40.572792362768496,71.59904534606206,0.0,2.3866348448687353,0.0,0.0,4.773269689737471,16.706443914081145,0.0,2.3866348448687353,2.3866348448687353,16.706443914081145,54.89260143198091,2.3866348448687353,224.3436754176611,7.159904534606206,2.3866348448687353,21.479713603818613,0.0,7.159904534606206,0.0,0.0,28.639618138424822,0.0,0.0,0.0,4.773269689737471,14.319809069212411,0.0,2.3866348448687353,0.0,0.0,0.0,0.0,0.0,7.159904534606206,7.159904534606206,88.3054892601432,54.89260143198091,4.773269689737471,28.639618138424822,0.45255474452554745,5.0583941605839415,4.773269689737471,4.773269689737471,0.0,0.0,2.3866348448687353,0.0,2.3866348448687353,4.773269689737471,2.3866348448687353,7.159904534606206,9.546539379474941,7.159904534606206,7.159904534606206,0.0,0.0,0.0,0.0,0.0,7.159904534606206,26.252983293556085,23.86634844868735,0.0,2.3866348448687353
31037252,47.2636815920398,2.487562189054726,14.925373134328359,0.0,0.0,0.0,0.0,12.437810945273633,7.462686567164179,0.0,0.0,0.0,17.412935323383085,17.412935323383085,0.0,338.3084577114428,9.950248756218905,2.487562189054726,4.975124378109452,0.0,4.975124378109452,0.0,0.0,17.412935323383085,4.975124378109452,0.0,0.0,7.462686567164179,2.487562189054726,0.0,4.975124378109452,0.0,0.0,7.462686567164179,0.0,0.0,0.0,4.975124378109452,114.42786069651741,37.31343283582089,0.0,22.388059701492537,0.5322997416020672,5.020671834625323,0.0,0.0,0.0,0.0,0.0,0.0,0.0,0.0,0.0,19.90049751243781,9.950248756218905,17.412935323383085,2.487562189054726,0.0,0.0,0.0,0.0,0.0,7.462686567164179,17.412935323383085,4.975124378109452,0.0,0.0
31364407,4.901960784313726,2.450980392156863,63.725490196078425,2.450980392156863,2.450980392156863,0.0,0.0,2.450980392156863,12.254901960784313,4.901960784313726,0.0,0.0,19.607843137254903,26.96078431372549,0.0,259.80392156862746,14.705882352941176,9.803921568627452,26.96078431372549,0.0,9.803921568627452,0.0,0.0,17.156862745098042,2.450980392156863,0.0,0.0,0.0,9.803921568627452,0.0,2.450980392156863,0.0,0.0,7.352941176470588,0.0,0.0,0.0,2.450980392156863,95.58823529411764,83.33333333333333,12.254901960784313,61.27450980392157,0.5153061224489796,5.232142857142857,2.450980392156863,2.450980392156863,0.0,0.0,4.901960784313726,0.0,9.803921568627452,24.509803921568626,0.0,0.0,0.0,9.803921568627452,2.450980392156863,0.0,0.0,0.0,0.0,2.450980392156863,12.254901960784313,9.803921568627452,7.352941176470588,0.0,4.901960784313726
31746380,4.914004914004914,31.94103194103194,63.88206388206388,2.457002457002457,0.0,2.457002457002457,0.0,17.1990171990172,12.285012285012284,2.457002457002457,0.0,0.0,4.914004914004914,27.027027027027028,4.914004914004914,260.4422604422604,4.914004914004914,2.457002457002457,24.570024570024568,0.0,9.828009828009828,2.457002457002457,0.0,31.94103194103194,9.828009828009828,0.0,0.0,2.457002457002457,2.457002457002457,0.0,0.0,0.0,0.0,2.457002457002457,0.0,0.0,0.0,12.285012285012284,93.36609336609337,63.88206388206388,9.828009828009828,27.027027027027028,0.47146401985111663,5.138957816377172,2.457002457002457,2.457002457002457,0.0,0.0,4.914004914004914,0.0,2.457002457002457,0.0,2.457002457002457,2.457002457002457,17.1990171990172,9.828009828009828,2.457002457002457,0.0,4.914004914004914,0.0,0.0,0.0,4.914004914004914,36.85503685503686,4.914004914004914,0.0,2.457002457002457
31905794,2.4154589371980677,9.66183574879227,41.06280193236715,0.0,2.4154589371980677,0.0,0.0,14.492753623188406,4.830917874396135,0.0,0.0,0.0,4.830917874396135,50.72463768115942,2.4154589371980677,285.02415458937196,9.66183574879227,0.0,16.908212560386474,0.0,2.4154589371980677,0.0,0.0,26.570048309178745,9.66183574879227,0.0,0.0,2.4154589371980677,2.4154589371980677,0.0,2.4154589371980677,0.0,0.0,0.0,0.0,0.0,0.0,7.246376811594203,103.86473429951691,115.94202898550725,7.246376811594203,24.154589371980677,0.5530864197530864,5.390123456790123,4.830917874396135,2.4154589371980677,0.0,0.0,0.0,0.0,9.66183574879227,9.66183574879227,0.0,7.246376811594203,0.0,7.246376811594203,0.0,0.0,0.0,0.0,0.0,4.830917874396135,4.830917874396135,14.492753623188406,7.246376811594203,0.0,2.4154589371980677
31942291,12.224938875305625,12.224938875305625,34.229828850855746,4.88997555012225,0.0,0.0,0.0,24.44987775061125,4.88997555012225,4.88997555012225,0.0,0.0,12.224938875305625,29.339853300733495,2.444987775061125,266.5036674816626,4.88997555012225,7.334963325183374,9.7799511002445,0.0,2.444987775061125,2.444987775061125,0.0,31.78484107579462,2.444987775061125,0.0,7.334963325183374,0.0,7.334963325183374,0.0,0.0,0.0,0.0,4.88997555012225,0.0,0.0,0.0,4.88997555012225,134.47432762836186,68.45965770171149,7.334963325183374,22.004889975550125,0.49261083743842365,4.995073891625616,12.224938875305625,0.0,0.0,0.0,2.444987775061125,0.0,4.88997555012225,9.7799511002445,0.0,7.334963325183374,9.7799511002445,4.88997555012225,2.444987775061125,0.0,0.0,0.0,0.0,0.0,2.444987775061125,17.114914425427873,7.334963325183374,0.0,2.444987775061125
32037509,4.987531172069826,14.962593516209475,67.33167082294264,0.0,0.0,14.962593516209475,0.0,4.987531172069826,14.962593516209475,4.987531172069826,0.0,0.0,12.468827930174564,59.8503740648379,0.0,261.8453865336659,9.975062344139651,2.493765586034913,19.950124688279303,0.0,12.468827930174564,0.0,0.0,32.418952618453865,0.0,0.0,0.0,4.987531172069826,4.987531172069826,0.0,7.481296758104738,0.0,0.0,0.0,0.0,0.0,0.0,9.975062344139651,109.72568578553616,44.88778054862843,4.987531172069826,24.93765586034913,0.42065491183879095,4.9395465994962215,0.0,0.0,0.0,0.0,2.493765586034913,0.0,4.987531172069826,7.481296758104738,2.493765586034913,4.987531172069826,12.468827930174564,14.962593516209475,9.975062344139651,0.0,0.0,0.0,0.0,0.0,2.493765586034913,7.481296758104738,22.443890274314214,0.0,2.493765586034913
32064575,38.64734299516908,9.66183574879227,53.14009661835749,2.4154589371980677,0.0,62.80193236714976,0.0,28.985507246376812,12.077294685990339,4.830917874396135,2.4154589371980677,2.4154589371980677,24.154589371980677,45.893719806763286,9.66183574879227,154.58937198067633,0.0,0.0,26.570048309178745,0.0,4.830917874396135,9.66183574879227,0.0,7.246376811594203,7.246376811594203,2.4154589371980677,0.0,2.4154589371980677,12.077294685990339,2.4154589371980677,4.830917874396135,0.0,0.0,0.0,0.0,0.0,0.0,19.32367149758454,91.78743961352657,28.985507246376812,7.246376811594203,53.14009661835749,0.5025252525252525,4.75,0.0,2.4154589371980677,0.0,0.0,19.32367149758454,0.0,2.4154589371980677,9.66183574879227,4.830917874396135,14.492753623188406,14.492753623188406,12.077294685990339,2.4154589371980677,0.0,31.40096618357488,0.0,0.0,0.0,0.0,26.570048309178745,14.492753623188406,0.0,14.492753623188406
32108540,9.75609756097561,7.317073170731708,48.78048780487805,0.0,0.0,2.4390243902439024,0.0,14.634146341463415,9.75609756097561,0.0,0.0,0.0,12.195121951219512,17.073170731707318,0.0,309.7560975609756,17.073170731707318,2.4390243902439024,21.95121951219512,0.0,0.0,0.0,0.0,4.878048780487805,2.4390243902439024,2.4390243902439024,0.0,0.0,4.878048780487805,0.0,2.4390243902439024,0.0,0.0,2.4390243902439024,0.0,0.0,0.0,9.75609756097561,117.07317073170732,87.80487804878048,2.4390243902439024,34.146341463414636,0.5443037974683544,5.030379746835443,4.878048780487805,0.0,0.0,2.4390243902439024,2.4390243902439024,0.0,0.0,7.317073170731708,2.4390243902439024,0.0,0.0,12.195121951219512,0.0,0.0,0.0,0.0,0.0,0.0,7.317073170731708,36.58536585365854,9.75609756097561,0.0,0.0
32193742,2.375296912114014,7.125890736342043,35.62945368171022,2.375296912114014,0.0,0.0,0.0,4.750593824228028,7.125890736342043,0.0,4.750593824228028,0.0,4.750593824228028,42.75534441805225,2.375296912114014,313.53919239904985,9.501187648456057,2.375296912114014,40.38004750593824,11.876484560570072,0.0,0.0,0.0,19.002375296912113,2.375296912114014,0.0,7.125890736342043,0.0,0.0,0.0,0.0,0.0,0.0,2.375296912114014,0.0,0.0,0.0,0.0,123.51543942992873,57.00712589073635,11.876484560570072,28.503562945368174,0.41927710843373495,4.968674698795181,0.0,2.375296912114014,0.0,7.125890736342043,2.375296912114014,0.0,2.375296912114014,11.876484560570072,0.0,19.002375296912113,4.750593824228028,4.750593824228028,2.375296912114014,0.0,0.0,0.0,0.0,0.0,7.125890736342043,4.750593824228028,2.375296912114014,2.375296912114014,2.375296912114014
32239141,38.55421686746988,4.819277108433735,19.27710843373494,0.0,2.4096385542168677,0.0,0.0,2.4096385542168677,14.457831325301205,0.0,0.0,0.0,16.867469879518072,14.457831325301205,7.228915662650603,315.6626506024096,12.048192771084338,2.4096385542168677,21.686746987951807,0.0,0.0,0.0,0.0,9.63855421686747,9.63855421686747,0.0,4.819277108433735,0.0,7.228915662650603,0.0,2.4096385542168677,0.0,0.0,2.4096385542168677,0.0,0.0,0.0,2.4096385542168677,130.12048192771084,91.56626506024097,0.0,28.91566265060241,0.5196078431372549,4.936274509803922,2.4096385542168677,2.4096385542168677,0.0,0.0,4.819277108433735,0.0,0.0,2.4096385542168677,0.0,0.0,0.0,9.63855421686747,0.0,0.0,0.0,0.0,0.0,0.0,7.228915662650603,33.734939759036145,4.819277108433735,0.0,0.0
32287545,21.791767554479417,24.213075060532688,55.69007263922518,2.4213075060532687,0.0,9.685230024213075,0.0,7.263922518159807,9.685230024213075,2.4213075060532687,4.842615012106537,0.0,14.527845036319613,38.7409200968523,9.685230024213075,215.4963680387409,19.37046004842615,2.4213075060532687,12.106537530266344,2.4213075060532687,7.263922518159807,2.4213075060532687,0.0,24.213075060532688,2.4213075060532687,0.0,2.4213075060532687,7.263922518159807,4.842615012106537,0.0,4.842615012106537,0.0,0.0,2.4213075060532687,0.0,0.0,0.0,4.842615012106537,111.38014527845036,58.11138014527845,7.263922518159807,29.055690072639226,0.4902439024390244,5.078048780487805,2.4213075060532687,0.0,2.4213075060532687,0.0,4.842615012106537,0.0,4.842615012106537,2.4213075060532687,4.842615012106537,2.4213075060532687,14.527845036319613,12.106537530266344,7.263922518159807,0.0,2.4213075060532687,0.0,0.0,0.0,4.842615012106537,33.898305084745765,4.842615012106537,2.4213075060532687,4.842615012106537
32334991,9.828009828009828,27.027027027027028,51.597051597051596,2.457002457002457,0.0,9.828009828009828,0.0,7.371007371007371,12.285012285012284,4.914004914004914,0.0,0.0,19.656019656019655,22.11302211302211,2.457002457002457,277.64127764127767,12.285012285012284,0.0,12.285012285012284,0.0,9.828009828009828,0.0,0.0,34.3980343980344,0.0,0.0,2.457002457002457,0.0,0.0,0.0,12.285012285012284,0.0,0.0,4.914004914004914,0.0,0.0,0.0,2.457002457002457,122.85012285012286,71.25307125307125,4.914004914004914,24.570024570024568,0.4987593052109181,4.9503722084367245,2.457002457002457,2.457002457002457,0.0,0.0,0.0,0.0,2.457002457002457,0.0,0.0,14.742014742014742,12.285012285012284,4.914004914004914,2.457002457002457,0.0,0.0,0.0,0.0,0.0,2.457002457002457,12.285012285012284,2.457002457002457,0.0,4.914004914004914
32402491,38.27751196172249,9.569377990430622,66.98564593301435,2.3923444976076556,4.784688995215311,26.31578947368421,0.0,21.5311004784689,16.74641148325359,7.177033492822967,2.3923444976076556,0.0,19.138755980861244,31.10047846889952,0.0,220.0956937799043,4.784688995215311,4.784688995215311,31.10047846889952,0.0,7.177033492822967,7.177033492822967,2.3923444976076556,40.66985645933014,2.3923444976076556,0.0,0.0,0.0,4.784688995215311,2.3923444976076556,0.0,0.0,0.0,4.784688995215311,0.0,0.0,7.177033492822967,7.177033492822967,76.55502392344498,43.0622009569378,9.569377990430622,45.45454545454545,0.4900497512437811,4.544776119402985,0.0,0.0,4.784688995215311,0.0,4.784688995215311,0.0,0.0,7.177033492822967,2.3923444976076556,9.569377990430622,23.923444976076556,23.923444976076556,14.354066985645934,0.0,14.354066985645934,0.0,0.0,0.0,2.3923444976076556,2.3923444976076556,16.74641148325359,0.0,16.74641148325359
32452617,75.65011820330969,23.64066193853428,26.004728132387708,0.0,0.0,21.27659574468085,0.0,26.004728132387708,7.092198581560283,2.3640661938534278,0.0,0.0,23.64066193853428,26.004728132387708,2.3640661938534278,231.67848699763593,18.912529550827422,0.0,23.64066193853428,0.0,11.82033096926714,4.7281323877068555,0.0,26.004728132387708,9.456264775413711,0.0,0.0,0.0,0.0,2.3640661938534278,16.548463356973993,0.0,0.0,2.3640661938534278,0.0,0.0,0.0,4.7281323877068555,113.47517730496453,54.37352245862884,11.82033096926714,26.004728132387708,0.4880382775119617,4.7368421052631575,2.3640661938534278,0.0,0.0,0.0,7.092198581560283,0.0,2.3640661938534278,0.0,0.0,2.3640661938534278,16.548463356973993,14.184397163120567,0.0,0.0,4.7281323877068555,7.092198581560283,0.0,0.0,0.0,14.184397163120567,9.456264775413711,0.0,0.0
32510931,0.0,7.125890736342043,49.8812351543943,0.0,0.0,0.0,0.0,7.125890736342043,19.002375296912113,0.0,0.0,0.0,9.501187648456057,49.8812351543943,0.0,256.53206650831356,4.750593824228028,0.0,14.251781472684087,0.0,9.501187648456057,0.0,0.0,40.38004750593824,9.501187648456057,0.0,0.0,0.0,2.375296912114014,0.0,2.375296912114014,0.0,0.0,0.0,0.0,0.0,0.0,7.125890736342043,99.7624703087886,76.00950118764845,9.501187648456057,16.6270783847981,0.5085158150851582,5.301703163017032,0.0,0.0,0.0,0.0,2.375296912114014,0.0,14.251781472684087,2.375296912114014,0.0,14.251781472684087,4.750593824228028,16.6270783847981,16.6270783847981,0.0,0.0,0.0,0.0,0.0,0.0,19.002375296912113,2.375296912114014,0.0,0.0
32970764,9.501187648456057,21.377672209026127,57.00712589073635,2.375296912114014,4.750593824228028,0.0,0.0,9.501187648456057,4.750593824228028,4.750593824228028,0.0,0.0,14.251781472684087,52.25653206650831,19.002375296912113,251.78147268408551,26.128266033254157,2.375296912114014,16.6270783847981,0.0,2.375296912114014,0.0,0.0,9.501187648456057,0.0,0.0,0.0,0.0,4.750593824228028,0.0,2.375296912114014,0.0,0.0,2.375296912114014,0.0,0.0,0.0,2.375296912114014,130.64133016627076,68.88361045130641,4.750593824228028,33.2541567695962,0.4642857142857143,5.2023809523809526,2.375296912114014,2.375296912114014,0.0,0.0,0.0,0.0,2.375296912114014,4.750593824228028,2.375296912114014,0.0,2.375296912114014,23.752969121140143,7.125890736342043,0.0,0.0,0.0,0.0,0.0,7.125890736342043,35.62945368171022,7.125890736342043,0.0,2.375296912114014
32992155,70.73170731707316,9.75609756097561,36.58536585365854,0.0,2.4390243902439024,9.75609756097561,2.4390243902439024,12.195121951219512,14.634146341463415,2.4390243902439024,0.0,0.0,24.390243902439025,36.58536585365854,14.634146341463415,219.5121951219512,21.95121951219512,2.4390243902439024,19.51219512195122,2.4390243902439024,7.317073170731708,4.878048780487805,0.0,41.463414634146346,2.4390243902439024,0.0,4.878048780487805,0.0,0.0,0.0,9.75609756097561,0.0,0.0,7.317073170731708,0.0,0.0,0.0,2.4390243902439024,109.7560975609756,39.02439024390244,12.195121951219512,26.829268292682926,0.4713216957605985,4.640897755610973,0.0,2.4390243902439024,0.0,2.4390243902439024,4.878048780487805,0.0,9.75609756097561,2.4390243902439024,2.4390243902439024,0.0,21.95121951219512,17.073170731707318,4.878048780487805,0.0,2.4390243902439024,0.0,0.0,0.0,4.878048780487805,4.878048780487805,9.75609756097561,0.0,2.4390243902439024
33003857,24.81389578163772,19.851116625310173,64.51612903225806,0.0,0.0,14.88833746898263,0.0,39.702233250620345,2.4813895781637716,2.4813895781637716,0.0,0.0,17.3697270471464,62.03473945409429,4.962779156327543,228.28784119106697,9.925558312655086,0.0,17.3697270471464,0.0,17.3697270471464,0.0,0.0,29.77667493796526,4.962779156327543,0.0,2.4813895781637716,0.0,2.4813895781637716,0.0,9.925558312655086,0.0,0.0,2.4813895781637716,0.0,0.0,0.0,2.4813895781637716,91.81141439205956,49.62779156327544,7.444168734491315,37.220843672456574,0.5707070707070707,5.164141414141414,7.444168734491315,2.4813895781637716,0.0,2.4813895781637716,2.4813895781637716,0.0,7.444168734491315,4.962779156327543,0.0,0.0,12.40694789081886,17.3697270471464,7.444168734491315,0.0,4.962779156327543,0.0,0.0,0.0,2.4813895781637716,14.88833746898263,4.962779156327543,0.0,4.962779156327543
33020957,57.971014492753625,24.154589371980677,16.908212560386474,2.4154589371980677,2.4154589371980677,0.0,0.0,24.154589371980677,2.4154589371980677,2.4154589371980677,0.0,0.0,26.570048309178745,31.40096618357488,7.246376811594203,241.54589371980674,21.73913043478261,0.0,2.4154589371980677,0.0,4.830917874396135,2.4154589371980677,0.0,4.830917874396135,12.077294685990339,0.0,7.246376811594203,2.4154589371980677,7.246376811594203,0.0,14.492753623188406,0.0,0.0,4.830917874396135,0.0,0.0,0.0,4.830917874396135,125.60386473429952,57.971014492753625,2.4154589371980677,19.32367149758454,0.5196078431372549,4.926470588235294,0.0,0.0,0.0,0.0,2.4154589371980677,0.0,0.0,2.4154589371980677,0.0,2.4154589371980677,7.246376811594203,14.492753623188406,4.830917874396135,0.0,0.0,0.0,0.0,0.0,7.246376811594203,38.64734299516908,9.66183574879227,0.0,4.830917874396135
33035463,2.4752475247524752,4.9504950495049505,64.35643564356435,0.0,2.4752475247524752,0.0,0.0,2.4752475247524752,14.85148514851485,4.9504950495049505,0.0,2.4752475247524752,9.900990099009901,34.65346534653466,0.0,306.9306930693069,4.9504950495049505,0.0,14.85148514851485,2.4752475247524752,14.85148514851485,0.0,0.0,34.65346534653466,4.9504950495049505,0.0,0.0,0.0,4.9504950495049505,0.0,2.4752475247524752,0.0,0.0,2.4752475247524752,0.0,0.0,0.0,2.4752475247524752,86.63366336633663,56.93069306930693,7.425742574257425,37.12871287128713,0.465,4.9,7.425742574257425,0.0,0.0,0.0,14.85148514851485,0.0,12.376237623762377,2.4752475247524752,2.4752475247524752,4.9504950495049505,12.376237623762377,2.4752475247524752,9.900990099009901,0.0,0.0,0.0,0.0,0.0,4.9504950495049505,22.277227722772277,4.9504950495049505,2.4752475247524752,2.4752475247524752
33177275,0.0,12.376237623762377,37.12871287128713,0.0,0.0,0.0,0.0,24.752475247524753,0.0,0.0,0.0,0.0,7.425742574257425,49.504950495049506,4.9504950495049505,267.3267326732673,12.376237623762377,0.0,12.376237623762377,0.0,0.0,0.0,0.0,37.12871287128713,2.4752475247524752,0.0,4.9504950495049505,0.0,0.0,2.4752475247524752,0.0,0.0,0.0,4.9504950495049505,0.0,0.0,0.0,9.900990099009901,126.23762376237624,84.15841584158416,4.9504950495049505,27.22772277227723,0.472636815920398,5.417910447761194,0.0,0.0,0.0,0.0,7.425742574257425,0.0,2.4752475247524752,17.32673267326733,0.0,2.4752475247524752,4.9504950495049505,12.376237623762377,2.4752475247524752,0.0,0.0,0.0,0.0,0.0,4.9504950495049505,17.32673267326733,0.0,0.0,0.0
33305486,41.666666666666664,23.148148148148145,41.666666666666664,6.944444444444444,0.0,4.62962962962963,0.0,53.24074074074074,2.314814814814815,4.62962962962963,6.944444444444444,0.0,18.51851851851852,30.09259259259259,4.62962962962963,236.11111111111111,16.203703703703702,6.944444444444444,18.51851851851852,0.0,0.0,0.0,0.0,27.777777777777775,4.62962962962963,0.0,0.0,0.0,0.0,0.0,13.888888888888888,0.0,2.314814814814815,0.0,0.0,0.0,0.0,9.25925925925926,129.62962962962962,39.351851851851855,2.314814814814815,25.462962962962962,0.4382284382284382,4.466200466200466,2.314814814814815,0.0,0.0,0.0,0.0,0.0,13.888888888888888,0.0,0.0,4.62962962962963,4.62962962962963,9.25925925925926,0.0,0.0,0.0,0.0,0.0,0.0,11.574074074074073,16.203703703703702,4.62962962962963,0.0,0.0
33394468,44.60093896713615,7.042253521126761,25.821596244131456,14.084507042253522,2.347417840375587,0.0,0.0,14.084507042253522,2.347417840375587,0.0,0.0,0.0,11.737089201877934,4.694835680751174,4.694835680751174,307.51173708920186,4.694835680751174,0.0,44.60093896713615,0.0,0.0,0.0,0.0,25.821596244131456,2.347417840375587,0.0,0.0,0.0,0.0,0.0,9.389671361502348,0.0,0.0,2.347417840375587,0.0,0.0,0.0,11.737089201877934,124.41314553990611,21.12676056338028,23.474178403755868,49.29577464788732,0.5253012048192771,4.718072289156627,2.347417840375587,0.0,0.0,4.694835680751174,9.389671361502348,0.0,0.0,2.347417840375587,0.0,4.694835680751174,0.0,7.042253521126761,0.0,2.347417840375587,0.0,0.0,2.347417840375587,0.0,2.347417840375587,7.042253521126761,9.389671361502348,0.0,0.0
33528727,0.0,19.464720194647203,46.228710462287104,2.4330900243309004,0.0,0.0,9.732360097323602,4.866180048661801,2.4330900243309004,0.0,0.0,0.0,17.0316301703163,34.0632603406326,0.0,335.7664233576642,4.866180048661801,0.0,19.464720194647203,0.0,0.0,0.0,0.0,17.0316301703163,2.4330900243309004,0.0,0.0,0.0,7.299270072992701,0.0,0.0,0.0,0.0,0.0,0.0,0.0,2.4330900243309004,0.0,107.0559610705596,70.5596107055961,0.0,36.4963503649635,0.5625,5.285,4.866180048661801,0.0,0.0,0.0,4.866180048661801,0.0,4.866180048661801,9.732360097323602,0.0,0.0,0.0,0.0,2.4330900243309004,2.4330900243309004,0.0,0.0,0.0,0.0,2.4330900243309004,17.0316301703163,7.299270072992701,0.0,2.4330900243309004
33590305,16.666666666666668,7.142857142857142,45.238095238095234,2.3809523809523814,0.0,0.0,0.0,4.761904761904763,4.761904761904763,0.0,0.0,0.0,21.428571428571427,61.904761904761905,2.3809523809523814,230.95238095238096,14.285714285714285,2.3809523809523814,19.04761904761905,0.0,11.904761904761903,0.0,0.0,38.0952380952381,0.0,0.0,2.3809523809523814,0.0,7.142857142857142,0.0,7.142857142857142,0.0,2.3809523809523814,2.3809523809523814,0.0,0.0,0.0,2.3809523809523814,90.47619047619047,76.1904761904762,2.3809523809523814,38.0952380952381,0.46601941747572817,5.240291262135922,2.3809523809523814,2.3809523809523814,0.0,0.0,11.904761904761903,0.0,0.0,9.523809523809526,0.0,4.761904761904763,14.285714285714285,2.3809523809523814,4.761904761904763,0.0,0.0,0.0,0.0,0.0,2.3809523809523814,23.809523809523807,0.0,0.0,2.3809523809523814
33615113,44.39252336448598,11.682242990654204,28.037383177570092,0.0,2.336448598130841,18.69158878504673,0.0,53.73831775700935,4.672897196261682,2.336448598130841,0.0,0.0,16.355140186915886,35.046728971962615,9.345794392523365,252.3364485981308,2.336448598130841,0.0,11.682242990654204,0.0,7.009345794392523,0.0,0.0,9.345794392523365,4.672897196261682,2.336448598130841,2.336448598130841,0.0,4.672897196261682,2.336448598130841,0.0,0.0,2.336448598130841,7.009345794392523,0.0,0.0,0.0,9.345794392523365,128.50467289719626,95.79439252336448,4.672897196261682,28.037383177570092,0.5518072289156627,5.286746987951807,2.336448598130841,0.0,0.0,0.0,2.336448598130841,0.0,0.0,2.336448598130841,0.0,2.336448598130841,9.345794392523365,16.355140186915886,2.336448598130841,0.0,2.336448598130841,0.0,0.0,0.0,2.336448598130841,16.355140186915886,2.336448598130841,0.0,4.672897196261682
33618484,0.0,14.925373134328359,54.72636815920398,2.487562189054726,0.0,0.0,0.0,4.975124378109452,17.412935323383085,2.487562189054726,0.0,0.0,17.412935323383085,42.28855721393035,4.975124378109452,263.681592039801,14.925373134328359,2.487562189054726,27.36318407960199,0.0,7.462686567164179,0.0,0.0,29.850746268656717,0.0,0.0,0.0,0.0,0.0,0.0,2.487562189054726,0.0,0.0,12.437810945273633,0.0,0.0,0.0,4.975124378109452,114.42786069651741,54.72636815920398,12.437810945273633,27.36318407960199,0.44935064935064933,4.78961038961039,4.975124378109452,0.0,0.0,0.0,4.975124378109452,0.0,2.487562189054726,9.950248756218905,0.0,7.462686567164179,9.950248756218905,2.487562189054726,0.0,0.0,0.0,0.0,0.0,0.0,0.0,7.462686567164179,7.462686567164179,0.0,2.487562189054726
33729766,19.138755980861244,11.961722488038278,64.5933014354067,2.3923444976076556,0.0,11.961722488038278,0.0,14.354066985645934,7.177033492822967,14.354066985645934,0.0,0.0,9.569377990430622,45.45454545454545,11.961722488038278,205.74162679425837,14.354066985645934,0.0,23.923444976076556,0.0,14.354066985645934,2.3923444976076556,0.0,23.923444976076556,0.0,0.0,2.3923444976076556,2.3923444976076556,2.3923444976076556,0.0,2.3923444976076556,0.0,2.3923444976076556,2.3923444976076556,0.0,0.0,0.0,2.3923444976076556,133.9712918660287,64.5933014354067,9.569377990430622,45.45454545454545,0.4617283950617284,5.190123456790124,7.177033492822967,2.3923444976076556,0.0,0.0,19.138755980861244,0.0,7.177033492822967,0.0,2.3923444976076556,0.0,14.354066985645934,16.74641148325359,11.961722488038278,0.0,4.784688995215311,0.0,0.0,0.0,2.3923444976076556,31.10047846889952,7.177033492822967,0.0,4.784688995215311
33765321,4.819277108433735,26.50602409638554,50.60240963855422,4.819277108433735,2.4096385542168677,2.4096385542168677,0.0,14.457831325301205,4.819277108433735,2.4096385542168677,0.0,0.0,9.63855421686747,7.228915662650603,21.686746987951807,269.87951807228916,4.819277108433735,0.0,31.32530120481928,4.819277108433735,2.4096385542168677,2.4096385542168677,0.0,16.867469879518072,2.4096385542168677,0.0,2.4096385542168677,0.0,4.819277108433735,0.0,0.0,0.0,0.0,4.819277108433735,0.0,0.0,2.4096385542168677,9.63855421686747,127.71084337349397,86.74698795180723,14.457831325301205,55.42168674698795,0.5158924205378973,4.71882640586797,7.228915662650603,0.0,0.0,0.0,7.228915662650603,0.0,12.048192771084338,12.048192771084338,0.0,2.4096385542168677,0.0,4.819277108433735,0.0,0.0,7.228915662650603,0.0,0.0,0.0,0.0,0.0,14.457831325301205,0.0,2.4096385542168677
33866654,32.418952618453865,2.493765586034913,59.8503740648379,2.493765586034913,2.493765586034913,0.0,0.0,7.481296758104738,4.987531172069826,2.493765586034913,0.0,0.0,29.92518703241895,37.406483790523694,7.481296758104738,264.33915211970077,27.43142144638404,9.975062344139651,19.950124688279303,0.0,0.0,0.0,0.0,14.962593516209475,4.987531172069826,2.493765586034913,2.493765586034913,2.493765586034913,17.456359102244388,2.493765586034913,7.481296758104738,0.0,0.0,2.493765586034913,0.0,0.0,0.0,7.481296758104738,114.713216957606,64.83790523690773,0.0,9.975062344139651,0.4796954314720812,4.8274111675126905,0.0,0.0,0.0,0.0,2.493765586034913,0.0,0.0,0.0,0.0,0.0,0.0,14.962593516209475,2.493765586034913,2.493765586034913,0.0,0.0,0.0,0.0,2.493765586034913,19.950124688279303,12.468827930174564,0.0,0.0
33882688,24.096385542168676,19.27710843373494,57.83132530120482,2.4096385542168677,0.0,0.0,0.0,2.4096385542168677,26.50602409638554,0.0,0.0,0.0,19.27710843373494,62.65060240963856,0.0,255.42168674698794,14.457831325301205,0.0,19.27710843373494,0.0,16.867469879518072,0.0,0.0,19.27710843373494,0.0,0.0,7.228915662650603,0.0,4.819277108433735,0.0,2.4096385542168677,0.0,2.4096385542168677,7.228915662650603,0.0,2.4096385542168677,0.0,4.819277108433735,137.34939759036143,50.60240963855422,14.457831325301205,31.32530120481928,0.4625,5.29,0.0,0.0,0.0,0.0,2.4096385542168677,0.0,4.819277108433735,0.0,0.0,0.0,12.048192771084338,12.048192771084338,7.228915662650603,0.0,0.0,0.0,0.0,0.0,0.0,16.867469879518072,4.819277108433735,0.0,4.819277108433735
33950373,2.4154589371980677,26.570048309178745,62.80193236714976,0.0,0.0,4.830917874396135,0.0,41.06280193236715,2.4154589371980677,0.0,0.0,0.0,24.154589371980677,28.985507246376812,0.0,272.9468599033816,2.4154589371980677,0.0,33.81642512077295,0.0,9.66183574879227,2.4154589371980677,0.0,21.73913043478261,2.4154589371980677,0.0,0.0,0.0,0.0,0.0,14.492753623188406,0.0,0.0,0.0,0.0,0.0,4.830917874396135,4.830917874396135,123.18840579710145,55.55555555555555,16.908212560386474,21.73913043478261,0.46384039900249374,4.516209476309227,9.66183574879227,0.0,0.0,0.0,0.0,0.0,0.0,19.32367149758454,0.0,7.246376811594203,9.66183574879227,7.246376811594203,4.830917874396135,0.0,0.0,0.0,0.0,0.0,0.0,9.66183574879227,14.492753623188406,0.0,4.830917874396135
34002915,16.949152542372882,26.634382566585955,53.26876513317191,0.0,0.0,0.0,0.0,29.055690072639226,7.263922518159807,4.842615012106537,0.0,0.0,16.949152542372882,46.00484261501211,0.0,239.7094430992736,16.949152542372882,0.0,12.106537530266344,2.4213075060532687,4.842615012106537,2.4213075060532687,0.0,38.7409200968523,4.842615012106537,0.0,2.4213075060532687,4.842615012106537,2.4213075060532687,4.842615012106537,2.4213075060532687,0.0,0.0,2.4213075060532687,0.0,0.0,4.842615012106537,7.263922518159807,106.53753026634382,75.06053268765133,4.842615012106537,26.634382566585955,0.4975609756097561,5.170731707317073,0.0,2.4213075060532687,0.0,0.0,2.4213075060532687,0.0,0.0,0.0,0.0,4.842615012106537,9.685230024213075,7.263922518159807,2.4213075060532687,0.0,0.0,0.0,0.0,0.0,7.263922518159807,9.685230024213075,2.4213075060532687,0.0,0.0
34101774,53.01204819277108,12.048192771084338,7.228915662650603,0.0,0.0,2.4096385542168677,0.0,16.867469879518072,4.819277108433735,0.0,0.0,0.0,9.63855421686747,14.457831325301205,2.4096385542168677,346.9879518072289,7.228915662650603,9.63855421686747,9.63855421686747,0.0,2.4096385542168677,0.0,0.0,9.63855421686747,2.4096385542168677,0.0,4.819277108433735,2.4096385542168677,2.4096385542168677,2.4096385542168677,2.4096385542168677,0.0,0.0,2.4096385542168677,0.0,0.0,0.0,7.228915662650603,125.30120481927712,38.55421686746988,2.4096385542168677,9.63855421686747,0.48877805486284287,5.134663341645886,0.0,2.4096385542168677,0.0,0.0,2.4096385542168677,0.0,2.4096385542168677,0.0,0.0,2.4096385542168677,4.819277108433735,7.228915662650603,7.228915662650603,0.0,0.0,0.0,0.0,0.0,2.4096385542168677,9.63855421686747,2.4096385542168677,0.0,0.0
34163092,16.826923076923077,14.423076923076923,48.07692307692308,2.403846153846154,4.807692307692308,0.0,0.0,60.09615384615385,7.211538461538462,0.0,0.0,2.403846153846154,9.615384615384617,24.03846153846154,0.0,286.05769230769226,4.807692307692308,0.0,26.442307692307693,2.403846153846154,0.0,2.403846153846154,0.0,14.423076923076923,7.211538461538462,0.0,0.0,0.0,2.403846153846154,0.0,2.403846153846154,0.0,0.0,2.403846153846154,0.0,0.0,0.0,4.807692307692308,120.1923076923077,76.92307692307693,7.211538461538462,50.48076923076923,0.5012406947890818,4.9181141439205955,4.807692307692308,2.403846153846154,0.0,2.403846153846154,7.211538461538462,0.0,0.0,0.0,0.0,7.211538461538462,2.403846153846154,4.807692307692308,2.403846153846154,0.0,0.0,0.0,0.0,0.0,7.211538461538462,7.211538461538462,9.615384615384617,0.0,2.403846153846154
34176790,71.92575406032482,27.842227378190255,18.561484918793504,2.320185614849188,0.0,9.280742459396752,0.0,20.88167053364269,4.640371229698376,0.0,0.0,0.0,9.280742459396752,30.162412993039442,6.960556844547564,329.4663573085847,9.280742459396752,6.960556844547564,11.600928074245939,0.0,0.0,0.0,0.0,23.201856148491878,4.640371229698376,0.0,0.0,0.0,2.320185614849188,0.0,2.320185614849188,0.0,0.0,2.320185614849188,0.0,0.0,0.0,4.640371229698376,125.29002320185614,30.162412993039442,4.640371229698376,9.280742459396752,0.46411483253588515,4.6291866028708135,2.320185614849188,0.0,0.0,0.0,0.0,0.0,0.0,0.0,0.0,0.0,20.88167053364269,6.960556844547564,4.640371229698376,4.640371229698376,0.0,0.0,0.0,0.0,2.320185614849188,2.320185614849188,2.320185614849188,2.320185614849188,0.0
34192991,22.277227722772277,34.65346534653466,49.504950495049506,2.4752475247524752,2.4752475247524752,0.0,0.0,44.554455445544555,4.9504950495049505,0.0,2.4752475247524752,4.9504950495049505,29.7029702970297,39.603960396039604,0.0,257.4257425742574,9.900990099009901,4.9504950495049505,14.85148514851485,0.0,4.9504950495049505,0.0,0.0,27.22772277227723,0.0,0.0,0.0,2.4752475247524752,2.4752475247524752,0.0,9.900990099009901,0.0,0.0,12.376237623762377,0.0,0.0,2.4752475247524752,9.900990099009901,108.91089108910892,49.504950495049506,7.425742574257425,27.22772277227723,0.5213032581453634,5.082706766917293,7.425742574257425,0.0,0.0,0.0,2.4752475247524752,0.0,0.0,4.9504950495049505,0.0,4.9504950495049505,2.4752475247524752,12.376237623762377,0.0,0.0,0.0,2.4752475247524752,0.0,0.0,7.425742574257425,12.376237623762377,7.425742574257425,0.0,2.4752475247524752
34231620,4.987531172069826,24.93765586034913,44.88778054862843,0.0,0.0,0.0,0.0,4.987531172069826,9.975062344139651,2.493765586034913,0.0,0.0,12.468827930174564,49.87531172069826,2.493765586034913,266.83291770573567,9.975062344139651,7.481296758104738,4.987531172069826,0.0,2.493765586034913,0.0,0.0,37.406483790523694,0.0,0.0,0.0,0.0,0.0,0.0,0.0,0.0,0.0,12.468827930174564,0.0,0.0,0.0,2.493765586034913,119.7007481296758,54.86284289276808,4.987531172069826,19.950124688279303,0.4825,5.095,2.493765586034913,0.0,0.0,0.0,4.987531172069826,0.0,0.0,2.493765586034913,0.0,12.468827930174564,12.468827930174564,12.468827930174564,7.481296758104738,0.0,0.0,0.0,0.0,0.0,4.987531172069826,19.950124688279303,2.493765586034913,0.0,2.493765586034913
34317758,31.94103194103194,22.11302211302211,31.94103194103194,0.0,2.457002457002457,4.914004914004914,0.0,44.22604422604422,4.914004914004914,0.0,0.0,0.0,12.285012285012284,24.570024570024568,2.457002457002457,265.35626535626534,4.914004914004914,0.0,17.1990171990172,0.0,4.914004914004914,0.0,0.0,31.94103194103194,4.914004914004914,0.0,2.457002457002457,0.0,0.0,0.0,9.828009828009828,0.0,0.0,2.457002457002457,2.457002457002457,0.0,0.0,4.914004914004914,125.30712530712532,66.33906633906633,2.457002457002457,22.11302211302211,0.4836272040302267,4.7984886649874054,0.0,0.0,0.0,0.0,9.828009828009828,0.0,2.457002457002457,9.828009828009828,0.0,2.457002457002457,7.371007371007371,9.828009828009828,0.0,0.0,0.0,0.0,0.0,0.0,2.457002457002457,7.371007371007371,9.828009828009828,0.0,2.457002457002457
34506759,14.563106796116505,24.271844660194173,48.543689320388346,2.4271844660194173,0.0,0.0,0.0,9.70873786407767,4.854368932038835,2.4271844660194173,0.0,2.4271844660194173,14.563106796116505,7.281553398058253,0.0,308.252427184466,9.70873786407767,0.0,16.990291262135923,2.4271844660194173,9.70873786407767,0.0,0.0,21.844660194174757,2.4271844660194173,0.0,0.0,0.0,0.0,0.0,7.281553398058253,0.0,0.0,2.4271844660194173,0.0,0.0,0.0,4.854368932038835,135.92233009708738,89.80582524271844,4.854368932038835,26.699029126213592,0.4218362282878412,4.744416873449132,4.854368932038835,0.0,0.0,0.0,14.563106796116505,0.0,2.4271844660194173,0.0,0.0,7.281553398058253,0.0,24.271844660194173,2.4271844660194173,0.0,0.0,0.0,0.0,0.0,0.0,7.281553398058253,7.281553398058253,0.0,0.0
34537806,2.444987775061125,17.114914425427873,53.78973105134474,7.334963325183374,0.0,0.0,0.0,2.444987775061125,2.444987775061125,0.0,0.0,0.0,14.669926650366747,41.56479217603912,0.0,325.1833740831296,7.334963325183374,0.0,22.004889975550125,2.444987775061125,14.669926650366747,0.0,0.0,29.339853300733495,2.444987775061125,0.0,0.0,0.0,0.0,0.0,0.0,0.0,0.0,14.669926650366747,0.0,0.0,0.0,2.444987775061125,110.0244498777506,53.78973105134474,9.7799511002445,19.559902200489,0.3702770780856423,5.337531486146096,0.0,0.0,0.0,0.0,0.0,0.0,2.444987775061125,2.444987775061125,0.0,14.669926650366747,9.7799511002445,12.224938875305625,9.7799511002445,0.0,0.0,0.0,0.0,0.0,7.334963325183374,19.559902200489,0.0,0.0,0.0
34540193,4.987531172069826,7.481296758104738,67.33167082294264,2.493765586034913,0.0,4.987531172069826,0.0,14.962593516209475,2.493765586034913,2.493765586034913,0.0,0.0,14.962593516209475,17.456359102244388,2.493765586034913,259.3516209476309,12.468827930174564,2.493765586034913,22.443890274314214,0.0,0.0,2.493765586034913,0.0,29.92518703241895,0.0,0.0,2.493765586034913,0.0,7.481296758104738,0.0,0.0,0.0,0.0,7.481296758104738,0.0,2.493765586034913,2.493765586034913,7.481296758104738,94.76309226932668,59.8503740648379,4.987531172069826,57.356608478803,0.5087719298245614,5.0776942355889725,2.493765586034913,2.493765586034913,0.0,0.0,12.468827930174564,0.0,2.493765586034913,9.975062344139651,0.0,7.481296758104738,2.493765586034913,4.987531172069826,2.493765586034913,0.0,0.0,0.0,0.0,0.0,9.975062344139651,22.443890274314214,2.493765586034913,0.0,2.493765586034913
34561366,21.5311004784689,14.354066985645934,55.02392344497608,4.784688995215311,0.0,28.70813397129187,0.0,14.354066985645934,0.0,7.177033492822967,2.3923444976076556,0.0,23.923444976076556,26.31578947368421,2.3923444976076556,251.1961722488038,4.784688995215311,2.3923444976076556,11.961722488038278,0.0,4.784688995215311,0.0,0.0,21.5311004784689,0.0,0.0,2.3923444976076556,2.3923444976076556,9.569377990430622,0.0,2.3923444976076556,0.0,2.3923444976076556,9.569377990430622,0.0,0.0,0.0,2.3923444976076556,122.00956937799043,59.80861244019139,4.784688995215311,38.27751196172249,0.5356265356265356,5.007371007371007,0.0,2.3923444976076556,0.0,0.0,4.784688995215311,0.0,0.0,2.3923444976076556,0.0,14.354066985645934,11.961722488038278,11.961722488038278,7.177033492822967,0.0,9.569377990430622,0.0,0.0,0.0,2.3923444976076556,11.961722488038278,16.74641148325359,0.0,11.961722488038278
34574731,23.86634844868735,9.546539379474941,62.05250596658711,0.0,0.0,0.0,0.0,16.706443914081145,16.706443914081145,2.3866348448687353,0.0,2.3866348448687353,21.479713603818613,62.05250596658711,2.3866348448687353,248.21002386634845,16.706443914081145,7.159904534606206,23.86634844868735,9.546539379474941,31.026252983293556,0.0,0.0,14.319809069212411,0.0,0.0,0.0,0.0,0.0,0.0,2.3866348448687353,0.0,2.3866348448687353,7.159904534606206,0.0,0.0,2.3866348448687353,4.773269689737471,109.78520286396181,47.7326968973747,2.3866348448687353,47.7326968973747,0.4843373493975904,5.332530120481928,9.546539379474941,4.773269689737471,0.0,2.3866348448687353,0.0,0.0,0.0,9.546539379474941,2.3866348448687353,9.546539379474941,14.319809069212411,14.319809069212411,9.546539379474941,0.0,0.0,0.0,2.3866348448687353,0.0,2.3866348448687353,7.159904534606206,4.773269689737471,0.0,11.933174224343675
34589244,30.660377358490567,25.943396226415096,44.81132075471698,0.0,0.0,0.0,0.0,11.79245283018868,14.150943396226415,2.3584905660377355,0.0,2.3584905660377355,9.433962264150942,58.9622641509434,2.3584905660377355,240.56603773584905,14.150943396226415,0.0,16.50943396226415,4.716981132075471,16.50943396226415,0.0,0.0,35.37735849056604,2.3584905660377355,0.0,2.3584905660377355,0.0,2.3584905660377355,0.0,2.3584905660377355,0.0,0.0,4.716981132075471,0.0,2.3584905660377355,0.0,4.716981132075471,99.05660377358491,54.24528301886792,7.0754716981132075,33.0188679245283,0.4510739856801909,5.2601431980906925,4.716981132075471,0.0,0.0,0.0,4.716981132075471,0.0,4.716981132075471,0.0,0.0,7.0754716981132075,18.867924528301884,14.150943396226415,7.0754716981132075,0.0,0.0,0.0,0.0,0.0,11.79245283018868,9.433962264150942,11.79245283018868,0.0,4.716981132075471
34635196,79.13669064748201,7.194244604316547,11.990407673860911,11.990407673860911,0.0,14.388489208633095,0.0,33.57314148681055,4.796163069544364,2.398081534772182,0.0,0.0,14.388489208633095,11.990407673860911,2.398081534772182,273.3812949640288,4.796163069544364,0.0,19.184652278177456,0.0,0.0,0.0,0.0,26.378896882494004,14.388489208633095,0.0,0.0,0.0,0.0,0.0,9.592326139088728,0.0,0.0,2.398081534772182,0.0,0.0,0.0,7.194244604316547,115.10791366906476,52.75779376498801,9.592326139088728,57.55395683453238,0.5373134328358209,4.699004975124378,2.398081534772182,0.0,0.0,0.0,7.194244604316547,0.0,2.398081534772182,0.0,0.0,2.398081534772182,14.388489208633095,2.398081534772182,0.0,0.0,14.388489208633095,0.0,0.0,0.0,0.0,4.796163069544364,9.592326139088728,0.0,2.398081534772182
34666820,43.16546762589928,7.194244604316547,23.980815347721823,2.398081534772182,0.0,0.0,2.398081534772182,9.592326139088728,19.184652278177456,0.0,4.796163069544364,0.0,11.990407673860911,47.961630695443645,4.796163069544364,206.23501199040766,4.796163069544364,0.0,31.17505995203837,2.398081534772182,2.398081534772182,0.0,0.0,7.194244604316547,7.194244604316547,0.0,0.0,0.0,7.194244604316547,0.0,4.796163069544364,0.0,0.0,0.0,0.0,0.0,4.796163069544364,16.786570743405274,143.88489208633092,69.54436450839329,9.592326139088728,59.95203836930456,0.5590361445783133,5.002409638554217,2.398081534772182,0.0,0.0,4.796163069544364,14.388489208633095,0.0,7.194244604316547,7.194244604316547,0.0,0.0,0.0,14.388489208633095,2.398081534772182,2.398081534772182,4.796163069544364,0.0,0.0,0.0,2.398081534772182,21.58273381294964,11.990407673860911,2.398081534772182,4.796163069544364
34692546,38.00475059382423,14.251781472684087,47.50593824228029,0.0,0.0,11.876484560570072,0.0,9.501187648456057,16.6270783847981,11.876484560570072,0.0,0.0,14.251781472684087,21.377672209026127,2.375296912114014,294.5368171021378,9.501187648456057,9.501187648456057,28.503562945368174,0.0,9.501187648456057,0.0,0.0,21.377672209026127,4.750593824228028,0.0,0.0,0.0,2.375296912114014,0.0,4.750593824228028,0.0,0.0,2.375296912114014,0.0,0.0,0.0,14.251781472684087,109.26365795724466,40.38004750593824,2.375296912114014,33.2541567695962,0.42718446601941745,4.54126213592233,4.750593824228028,0.0,0.0,0.0,0.0,0.0,0.0,0.0,0.0,9.501187648456057,19.002375296912113,2.375296912114014,19.002375296912113,0.0,0.0,0.0,2.375296912114014,0.0,0.0,7.125890736342043,4.750593824228028,0.0,14.251781472684087
34926630,9.63855421686747,16.867469879518072,43.373493975903614,0.0,0.0,16.867469879518072,0.0,4.819277108433735,2.4096385542168677,0.0,0.0,0.0,9.63855421686747,50.60240963855422,2.4096385542168677,267.4698795180723,2.4096385542168677,2.4096385542168677,19.27710843373494,0.0,2.4096385542168677,0.0,0.0,26.50602409638554,4.819277108433735,0.0,0.0,0.0,0.0,0.0,2.4096385542168677,0.0,0.0,4.819277108433735,0.0,0.0,0.0,4.819277108433735,110.8433734939759,93.97590361445783,12.048192771084338,24.096385542168676,0.5492610837438424,5.261083743842365,2.4096385542168677,0.0,0.0,0.0,0.0,0.0,0.0,2.4096385542168677,0.0,9.63855421686747,4.819277108433735,12.048192771084338,12.048192771084338,0.0,0.0,0.0,0.0,0.0,4.819277108433735,12.048192771084338,7.228915662650603,0.0,0.0
35027065,15.0,5.0,45.0,5.0,5.0,12.5,0.0,7.5,10.0,0.0,0.0,5.0,10.0,17.5,0.0,265.0,7.5,2.5,20.0,0.0,7.5,0.0,0.0,20.0,0.0,0.0,0.0,0.0,2.5,0.0,2.5,0.0,0.0,2.5,0.0,0.0,2.5,2.5,102.5,67.5,5.0,45.0,0.556135770234987,4.864229765013055,0.0,0.0,0.0,0.0,5.0,0.0,7.5,10.0,0.0,5.0,10.0,12.5,10.0,0.0,5.0,0.0,0.0,0.0,12.5,15.0,10.0,0.0,12.5
35065131,27.43142144638404,9.975062344139651,59.8503740648379,0.0,0.0,0.0,0.0,4.987531172069826,2.493765586034913,0.0,0.0,0.0,14.962593516209475,19.950124688279303,9.975062344139651,281.7955112219451,14.962593516209475,2.493765586034913,17.456359102244388,0.0,29.92518703241895,0.0,0.0,19.950124688279303,0.0,0.0,7.481296758104738,0.0,9.975062344139651,0.0,0.0,0.0,0.0,2.493765586034913,0.0,0.0,0.0,2.493765586034913,79.80049875311721,92.26932668329177,4.987531172069826,27.43142144638404,0.3686868686868687,5.179292929292929,4.987531172069826,0.0,0.0,0.0,9.975062344139651,0.0,0.0,0.0,9.975062344139651,0.0,19.950124688279303,14.962593516209475,9.975062344139651,0.0,0.0,0.0,0.0,0.0,0.0,17.456359102244388,0.0,0.0,2.493765586034913
35070220,0.0,0.0,59.1016548463357,2.3640661938534278,0.0,0.0,4.7281323877068555,9.456264775413711,2.3640661938534278,4.7281323877068555,2.3640661938534278,0.0,11.82033096926714,9.456264775413711,2.3640661938534278,309.69267139479905,0.0,0.0,33.09692671394799,4.7281323877068555,0.0,0.0,0.0,16.548463356973993,2.3640661938534278,0.0,0.0,0.0,2.3640661938534278,0.0,4.7281323877068555,0.0,0.0,4.7281323877068555,0.0,0.0,0.0,7.092198581560283,130.02364066193851,87.47044917257683,7.092198581560283,35.46099290780142,0.5550239234449761,4.858851674641149,0.0,0.0,0.0,0.0,7.092198581560283,0.0,0.0,0.0,0.0,2.3640661938534278,0.0,0.0,2.3640661938534278,0.0,0.0,0.0,0.0,0.0,0.0,33.09692671394799,11.82033096926714,2.3640661938534278,0.0
35164662,49.140049140049136,17.1990171990172,54.054054054054056,2.457002457002457,2.457002457002457,108.10810810810811,2.457002457002457,7.371007371007371,12.285012285012284,0.0,0.0,0.0,14.742014742014742,27.027027027027028,2.457002457002457,181.8181818181818,12.285012285012284,2.457002457002457,19.656019656019655,0.0,2.457002457002457,0.0,0.0,9.828009828009828,7.371007371007371,0.0,0.0,2.457002457002457,9.828009828009828,0.0,0.0,2.457002457002457,0.0,0.0,2.457002457002457,0.0,0.0,17.1990171990172,100.73710073710073,36.85503685503686,2.457002457002457,63.88206388206388,0.5340050377833753,4.105793450881612,2.457002457002457,2.457002457002457,0.0,0.0,9.828009828009828,0.0,7.371007371007371,2.457002457002457,0.0,12.285012285012284,2.457002457002457,19.656019656019655,4.914004914004914,0.0,19.656019656019655,0.0,0.0,0.0,7.371007371007371,17.1990171990172,27.027027027027028,2.457002457002457,2.457002457002457
35209597,11.990407673860911,9.592326139088728,52.75779376498801,2.398081534772182,2.398081534772182,2.398081534772182,0.0,7.194244604316547,4.796163069544364,2.398081534772182,0.0,0.0,14.388489208633095,14.388489208633095,4.796163069544364,266.18705035971226,11.990407673860911,7.194244604316547,23.980815347721823,0.0,9.592326139088728,2.398081534772182,0.0,28.77697841726619,0.0,0.0,2.398081534772182,0.0,0.0,0.0,9.592326139088728,0.0,0.0,2.398081534772182,0.0,0.0,0.0,9.592326139088728,110.31175059952038,76.73860911270982,16.786570743405274,47.961630695443645,0.4878048780487805,4.965853658536585,4.796163069544364,0.0,0.0,0.0,4.796163069544364,0.0,4.796163069544364,2.398081534772182,4.796163069544364,2.398081534772182,9.592326139088728,11.990407673860911,7.194244604316547,0.0,0.0,0.0,0.0,0.0,2.398081534772182,16.786570743405274,4.796163069544364,0.0,7.194244604316547
35351885,49.75124378109453,34.82587064676617,34.82587064676617,0.0,0.0,0.0,0.0,9.950248756218905,19.90049751243781,2.487562189054726,0.0,0.0,14.925373134328359,34.82587064676617,0.0,271.14427860696514,29.850746268656717,0.0,12.437810945273633,2.487562189054726,22.388059701492537,0.0,0.0,17.412935323383085,7.462686567164179,0.0,0.0,0.0,2.487562189054726,2.487562189054726,4.975124378109452,0.0,4.975124378109452,0.0,0.0,0.0,0.0,2.487562189054726,111.94029850746269,42.28855721393035,2.487562189054726,24.875621890547265,0.473551637279597,4.9773299748110835,2.487562189054726,0.0,0.0,0.0,2.487562189054726,0.0,0.0,2.487562189054726,0.0,4.975124378109452,22.388059701492537,4.975124378109452,4.975124378109452,0.0,0.0,0.0,0.0,0.0,4.975124378109452,4.975124378109452,4.975124378109452,0.0,9.950248756218905
35419313,69.71153846153847,4.807692307692308,21.634615384615383,2.403846153846154,7.211538461538462,0.0,0.0,36.05769230769231,12.01923076923077,0.0,0.0,0.0,26.442307692307693,16.826923076923077,7.211538461538462,281.25,14.423076923076923,2.403846153846154,26.442307692307693,0.0,0.0,0.0,0.0,12.01923076923077,4.807692307692308,0.0,4.807692307692308,0.0,4.807692307692308,0.0,7.211538461538462,0.0,0.0,7.211538461538462,0.0,0.0,0.0,2.403846153846154,132.21153846153845,52.88461538461539,0.0,45.67307692307692,0.48635235732009924,5.084367245657568,4.807692307692308,0.0,0.0,2.403846153846154,4.807692307692308,0.0,2.403846153846154,0.0,0.0,2.403846153846154,0.0,19.230769230769234,0.0,0.0,0.0,0.0,0.0,0.0,2.403846153846154,16.826923076923077,7.211538461538462,0.0,4.807692307692308
35476883,11.76470588235294,18.823529411764703,87.05882352941175,0.0,9.411764705882351,18.823529411764703,0.0,58.8235294117647,2.352941176470588,0.0,0.0,0.0,18.823529411764703,2.352941176470588,2.352941176470588,247.05882352941177,7.058823529411765,2.352941176470588,42.35294117647059,0.0,9.411764705882351,2.352941176470588,2.352941176470588,23.52941176470588,2.352941176470588,0.0,0.0,0.0,0.0,0.0,4.705882352941176,0.0,0.0,0.0,0.0,0.0,2.352941176470588,7.058823529411765,72.94117647058823,47.05882352941176,9.411764705882351,58.8235294117647,0.48267326732673266,4.334158415841584,2.352941176470588,2.352941176470588,0.0,4.705882352941176,7.058823529411765,0.0,4.705882352941176,23.52941176470588,0.0,4.705882352941176,11.76470588235294,28.23529411764706,2.352941176470588,0.0,25.88235294117647,0.0,0.0,0.0,9.411764705882351,4.705882352941176,21.176470588235293,0.0,7.058823529411765
35586337,60.24096385542169,14.457831325301205,26.50602409638554,0.0,2.4096385542168677,14.457831325301205,2.4096385542168677,40.96385542168675,9.63855421686747,0.0,0.0,0.0,12.048192771084338,14.457831325301205,0.0,293.9759036144579,9.63855421686747,7.228915662650603,21.686746987951807,0.0,2.4096385542168677,0.0,0.0,24.096385542168676,7.228915662650603,0.0,0.0,0.0,0.0,0.0,2.4096385542168677,0.0,0.0,0.0,0.0,0.0,0.0,2.4096385542168677,110.8433734939759,24.096385542168676,4.819277108433735,38.55421686746988,0.4849246231155779,4.414572864321608,2.4096385542168677,0.0,0.0,0.0,0.0,0.0,0.0,0.0,0.0,4.819277108433735,7.228915662650603,4.819277108433735,0.0,2.4096385542168677,9.63855421686747,0.0,0.0,0.0,4.819277108433735,9.63855421686747,14.457831325301205,0.0,4.819277108433735
35626556,17.28395061728395,24.691358024691358,74.07407407407408,2.4691358024691357,2.4691358024691357,9.876543209876543,0.0,74.07407407407408,14.814814814814815,0.0,0.0,2.4691358024691357,14.814814814814815,12.345679012345679,7.407407407407407,237.03703703703704,0.0,0.0,19.753086419753085,0.0,4.938271604938271,0.0,0.0,19.753086419753085,4.938271604938271,0.0,0.0,0.0,2.4691358024691357,0.0,7.407407407407407,0.0,0.0,4.938271604938271,0.0,0.0,0.0,2.4691358024691357,118.51851851851852,66.66666666666667,7.407407407407407,49.382716049382715,0.548051948051948,4.950649350649351,2.4691358024691357,2.4691358024691357,0.0,0.0,4.938271604938271,0.0,0.0,2.4691358024691357,0.0,7.407407407407407,7.407407407407407,29.62962962962963,0.0,0.0,29.62962962962963,0.0,0.0,0.0,4.938271604938271,2.4691358024691357,14.814814814814815,0.0,7.407407407407407
35630757,2.450980392156863,19.607843137254903,58.8235294117647,2.450980392156863,4.901960784313726,0.0,0.0,14.705882352941176,7.352941176470588,0.0,0.0,0.0,14.705882352941176,31.862745098039213,0.0,284.3137254901961,4.901960784313726,2.450980392156863,12.254901960784313,0.0,9.803921568627452,0.0,0.0,14.705882352941176,0.0,0.0,0.0,2.450980392156863,2.450980392156863,0.0,2.450980392156863,0.0,0.0,2.450980392156863,0.0,0.0,0.0,2.450980392156863,105.3921568627451,73.52941176470588,4.901960784313726,31.862745098039213,0.5473145780051151,5.250639386189258,4.901960784313726,0.0,0.0,0.0,0.0,0.0,4.901960784313726,2.450980392156863,0.0,2.450980392156863,9.803921568627452,7.352941176470588,2.450980392156863,0.0,0.0,0.0,0.0,0.0,4.901960784313726,44.11764705882353,7.352941176470588,0.0,2.450980392156863
35636401,7.228915662650603,7.228915662650603,89.1566265060241,2.4096385542168677,2.4096385542168677,7.228915662650603,0.0,19.27710843373494,9.63855421686747,7.228915662650603,0.0,0.0,9.63855421686747,19.27710843373494,7.228915662650603,260.2409638554217,12.048192771084338,0.0,21.686746987951807,0.0,4.819277108433735,0.0,0.0,38.55421686746988,0.0,0.0,2.4096385542168677,0.0,0.0,0.0,0.0,0.0,0.0,4.819277108433735,0.0,0.0,4.819277108433735,0.0,101.20481927710844,62.65060240963856,2.4096385542168677,43.373493975903614,0.4739454094292804,4.607940446650124,2.4096385542168677,4.819277108433735,0.0,0.0,14.457831325301205,0.0,2.4096385542168677,4.819277108433735,0.0,9.63855421686747,26.50602409638554,12.048192771084338,12.048192771084338,0.0,7.228915662650603,4.819277108433735,0.0,0.0,7.228915662650603,12.048192771084338,12.048192771084338,0.0,9.63855421686747
35718127,44.44444444444444,17.28395061728395,24.691358024691358,4.938271604938271,0.0,2.4691358024691357,0.0,24.691358024691358,0.0,2.4691358024691357,0.0,0.0,14.814814814814815,49.382716049382715,0.0,291.358024691358,19.753086419753085,4.938271604938271,9.876543209876543,0.0,4.938271604938271,0.0,0.0,17.28395061728395,2.4691358024691357,0.0,7.407407407407407,0.0,0.0,0.0,9.876543209876543,0.0,0.0,2.4691358024691357,0.0,0.0,0.0,7.407407407407407,133.33333333333334,49.382716049382715,2.4691358024691357,14.814814814814815,0.5175,4.8875,2.4691358024691357,0.0,0.0,0.0,2.4691358024691357,0.0,0.0,0.0,0.0,0.0,17.28395061728395,9.876543209876543,4.938271604938271,0.0,0.0,0.0,0.0,0.0,0.0,9.876543209876543,2.4691358024691357,0.0,2.4691358024691357
35778000,73.52941176470588,14.705882352941176,14.705882352941176,4.901960784313726,0.0,31.862745098039213,0.0,31.862745098039213,26.96078431372549,4.901960784313726,2.450980392156863,4.901960784313726,17.156862745098042,26.96078431372549,0.0,200.98039215686276,7.352941176470588,2.450980392156863,39.21568627450981,0.0,4.901960784313726,0.0,0.0,31.862745098039213,2.450980392156863,2.450980392156863,0.0,2.450980392156863,7.352941176470588,2.450980392156863,2.450980392156863,0.0,0.0,0.0,0.0,0.0,9.803921568627452,17.156862745098042,95.58823529411764,31.862745098039213,7.352941176470588,49.01960784313725,0.5323383084577115,4.45273631840796,0.0,4.901960784313726,0.0,0.0,9.803921568627452,0.0,4.901960784313726,7.352941176470588,0.0,0.0,4.901960784313726,19.607843137254903,0.0,0.0,12.254901960784313,0.0,0.0,2.450980392156863,7.352941176470588,26.96078431372549,17.156862745098042,0.0,12.254901960784313
35849640,61.72839506172839,4.938271604938271,14.814814814814815,0.0,7.407407407407407,22.22222222222222,0.0,27.160493827160494,7.407407407407407,0.0,0.0,0.0,14.814814814814815,22.22222222222222,2.4691358024691357,276.5432098765432,4.938271604938271,2.4691358024691357,27.160493827160494,0.0,0.0,0.0,0.0,19.753086419753085,2.4691358024691357,0.0,0.0,0.0,4.938271604938271,0.0,4.938271604938271,0.0,0.0,4.938271604938271,0.0,0.0,0.0,9.876543209876543,138.2716049382716,51.85185185185185,2.4691358024691357,39.50617283950617,0.5239294710327456,4.55919395465995,4.938271604938271,0.0,0.0,0.0,9.876543209876543,0.0,2.4691358024691357,0.0,0.0,7.407407407407407,7.407407407407407,9.876543209876543,9.876543209876543,0.0,7.407407407407407,0.0,0.0,2.4691358024691357,2.4691358024691357,9.876543209876543,12.345679012345679,0.0,0.0
35880379,0.0,2.314814814814815,53.24074074074074,4.62962962962963,0.0,0.0,0.0,23.148148148148145,2.314814814814815,2.314814814814815,0.0,0.0,13.888888888888888,25.462962962962962,0.0,280.0925925925926,13.888888888888888,0.0,30.09259259259259,2.314814814814815,2.314814814814815,2.314814814814815,0.0,43.98148148148148,2.314814814814815,0.0,0.0,0.0,2.314814814814815,0.0,2.314814814814815,0.0,0.0,4.62962962962963,0.0,0.0,0.0,16.203703703703702,101.85185185185185,55.55555555555555,16.203703703703702,46.29629629629629,0.5341176470588235,5.117647058823529,2.314814814814815,0.0,0.0,0.0,4.62962962962963,0.0,0.0,11.574074074074073,0.0,6.944444444444444,4.62962962962963,16.203703703703702,2.314814814814815,0.0,2.314814814814815,0.0,0.0,0.0,6.944444444444444,16.203703703703702,4.62962962962963,0.0,0.0
35929617,21.634615384615383,26.442307692307693,40.86538461538461,2.403846153846154,0.0,0.0,0.0,4.807692307692308,16.826923076923077,2.403846153846154,2.403846153846154,4.807692307692308,4.807692307692308,45.67307692307692,2.403846153846154,257.21153846153845,9.615384615384617,2.403846153846154,14.423076923076923,0.0,14.423076923076923,0.0,0.0,36.05769230769231,7.211538461538462,0.0,0.0,0.0,0.0,2.403846153846154,2.403846153846154,0.0,0.0,0.0,0.0,0.0,0.0,7.211538461538462,84.13461538461539,43.26923076923077,4.807692307692308,31.25,0.42053789731051344,4.73838630806846,7.211538461538462,0.0,0.0,0.0,7.211538461538462,0.0,0.0,0.0,0.0,14.423076923076923,16.826923076923077,16.826923076923077,7.211538461538462,0.0,0.0,0.0,0.0,0.0,4.807692307692308,4.807692307692308,12.01923076923077,0.0,9.615384615384617
35969678,43.26923076923077,14.423076923076923,19.230769230769234,0.0,7.211538461538462,4.807692307692308,0.0,45.67307692307692,4.807692307692308,2.403846153846154,0.0,0.0,12.01923076923077,21.634615384615383,4.807692307692308,336.53846153846155,2.403846153846154,0.0,12.01923076923077,0.0,0.0,0.0,0.0,24.03846153846154,12.01923076923077,0.0,0.0,0.0,2.403846153846154,0.0,4.807692307692308,0.0,0.0,4.807692307692308,0.0,0.0,0.0,9.615384615384617,120.1923076923077,69.71153846153847,4.807692307692308,16.826923076923077,0.5476772616136919,5.193154034229829,2.403846153846154,0.0,0.0,0.0,7.211538461538462,0.0,2.403846153846154,0.0,0.0,2.403846153846154,12.01923076923077,7.211538461538462,12.01923076923077,0.0,0.0,2.403846153846154,0.0,0.0,2.403846153846154,4.807692307692308,2.403846153846154,0.0,0.0
36071502,21.07728337236534,9.36768149882904,25.76112412177986,4.68384074941452,0.0,14.05152224824356,0.0,4.68384074941452,11.7096018735363,0.0,0.0,0.0,21.07728337236534,39.81264637002342,4.68384074941452,255.26932084309135,14.05152224824356,4.68384074941452,9.36768149882904,0.0,14.05152224824356,2.34192037470726,0.0,23.4192037470726,0.0,0.0,0.0,0.0,4.68384074941452,0.0,2.34192037470726,0.0,7.02576112412178,2.34192037470726,0.0,0.0,0.0,4.68384074941452,110.07025761124122,60.88992974238876,2.34192037470726,39.81264637002342,0.4413145539906103,4.955399061032864,0.0,2.34192037470726,0.0,0.0,2.34192037470726,0.0,4.68384074941452,16.393442622950822,0.0,18.73536299765808,11.7096018735363,14.05152224824356,2.34192037470726,0.0,0.0,0.0,0.0,0.0,9.36768149882904,42.15456674473068,9.36768149882904,0.0,0.0
36151003,49.8812351543943,26.128266033254157,28.503562945368174,11.876484560570072,4.750593824228028,2.375296912114014,0.0,19.002375296912113,0.0,0.0,0.0,0.0,21.377672209026127,11.876484560570072,11.876484560570072,235.15439429928742,30.878859857482183,7.125890736342043,11.876484560570072,0.0,4.750593824228028,0.0,0.0,14.251781472684087,7.125890736342043,0.0,0.0,0.0,4.750593824228028,0.0,9.501187648456057,0.0,0.0,2.375296912114014,0.0,0.0,2.375296912114014,11.876484560570072,142.51781472684087,47.50593824228029,0.0,33.2541567695962,0.48564593301435405,4.921052631578948,2.375296912114014,0.0,0.0,0.0,0.0,0.0,2.375296912114014,2.375296912114014,0.0,0.0,9.501187648456057,7.125890736342043,2.375296912114014,0.0,0.0,0.0,0.0,0.0,7.125890736342043,23.752969121140143,2.375296912114014,0.0,4.750593824228028
36175250,39.02439024390244,12.195121951219512,12.195121951219512,2.4390243902439024,0.0,0.0,0.0,4.878048780487805,19.51219512195122,2.4390243902439024,0.0,0.0,7.317073170731708,17.073170731707318,7.317073170731708,273.1707317073171,7.317073170731708,0.0,24.390243902439025,0.0,0.0,0.0,0.0,24.390243902439025,4.878048780487805,2.4390243902439024,2.4390243902439024,0.0,2.4390243902439024,0.0,2.4390243902439024,0.0,0.0,0.0,0.0,0.0,0.0,7.317073170731708,126.82926829268293,73.17073170731707,9.75609756097561,31.70731707317073,0.5488721804511278,4.646616541353383,2.4390243902439024,2.4390243902439024,0.0,0.0,9.75609756097561,0.0,0.0,2.4390243902439024,0.0,4.878048780487805,0.0,9.75609756097561,0.0,0.0,2.4390243902439024,0.0,0.0,0.0,2.4390243902439024,9.75609756097561,7.317073170731708,2.4390243902439024,2.4390243902439024
36232142,19.90049751243781,32.33830845771144,64.67661691542288,2.487562189054726,2.487562189054726,34.82587064676617,0.0,27.36318407960199,7.462686567164179,2.487562189054726,2.487562189054726,9.950248756218905,17.412935323383085,59.701492537313435,0.0,216.4179104477612,14.925373134328359,4.975124378109452,7.462686567164179,0.0,2.487562189054726,4.975124378109452,0.0,32.33830845771144,0.0,0.0,0.0,2.487562189054726,2.487562189054726,0.0,2.487562189054726,0.0,0.0,9.950248756218905,0.0,0.0,2.487562189054726,4.975124378109452,111.94029850746269,47.2636815920398,4.975124378109452,37.31343283582089,0.516209476309227,4.840399002493766,0.0,4.975124378109452,0.0,0.0,2.487562189054726,0.0,2.487562189054726,4.975124378109452,0.0,7.462686567164179,24.875621890547265,12.437810945273633,4.975124378109452,0.0,0.0,0.0,0.0,0.0,9.950248756218905,19.90049751243781,17.412935323383085,2.487562189054726,7.462686567164179
36247170,52.50596658711217,4.773269689737471,16.706443914081145,2.3866348448687353,0.0,0.0,0.0,38.186157517899765,9.546539379474941,0.0,0.0,0.0,11.933174224343675,26.252983293556085,4.773269689737471,317.42243436754177,7.159904534606206,2.3866348448687353,9.546539379474941,0.0,0.0,0.0,0.0,14.319809069212411,2.3866348448687353,0.0,2.3866348448687353,0.0,0.0,0.0,9.546539379474941,0.0,0.0,2.3866348448687353,0.0,0.0,0.0,9.546539379474941,152.74463007159906,59.665871121718375,4.773269689737471,19.093078758949883,0.49878345498783455,4.759124087591241,2.3866348448687353,14.319809069212411,0.0,0.0,4.773269689737471,0.0,0.0,0.0,0.0,4.773269689737471,0.0,7.159904534606206,0.0,0.0,0.0,0.0,2.3866348448687353,0.0,2.3866348448687353,14.319809069212411,14.319809069212411,0.0,0.0
36267876,76.54320987654322,7.407407407407407,9.876543209876543,4.938271604938271,0.0,24.691358024691358,0.0,56.79012345679013,4.938271604938271,0.0,0.0,2.4691358024691357,12.345679012345679,14.814814814814815,0.0,281.4814814814815,0.0,0.0,27.160493827160494,0.0,4.938271604938271,0.0,0.0,29.62962962962963,0.0,0.0,0.0,0.0,4.938271604938271,0.0,4.938271604938271,0.0,0.0,2.4691358024691357,0.0,0.0,0.0,9.876543209876543,101.23456790123457,51.85185185185185,9.876543209876543,32.098765432098766,0.518796992481203,4.4035087719298245,7.407407407407407,0.0,0.0,0.0,4.938271604938271,0.0,4.938271604938271,4.938271604938271,0.0,7.407407407407407,4.938271604938271,22.22222222222222,2.4691358024691357,0.0,7.407407407407407,0.0,0.0,0.0,0.0,4.938271604938271,24.691358024691358,0.0,4.938271604938271
36369108,12.626262626262626,27.777777777777775,80.80808080808082,0.0,0.0,5.050505050505051,0.0,27.777777777777775,15.151515151515152,0.0,2.5252525252525255,0.0,12.626262626262626,15.151515151515152,2.5252525252525255,250.0,2.5252525252525255,2.5252525252525255,32.82828282828283,5.050505050505051,2.5252525252525255,0.0,0.0,12.626262626262626,2.5252525252525255,0.0,0.0,0.0,7.575757575757576,0.0,2.5252525252525255,0.0,0.0,0.0,0.0,0.0,0.0,5.050505050505051,126.26262626262627,55.55555555555555,5.050505050505051,58.08080808080808,0.5408970976253298,4.535620052770448,0.0,0.0,0.0,2.5252525252525255,12.626262626262626,0.0,2.5252525252525255,7.575757575757576,0.0,0.0,15.151515151515152,17.676767676767675,2.5252525252525255,0.0,25.252525252525253,5.050505050505051,2.5252525252525255,0.0,10.101010101010102,10.101010101010102,7.575757575757576,5.050505050505051,10.101010101010102
36384277,22.058823529411764,24.509803921568626,58.8235294117647,2.450980392156863,2.450980392156863,24.509803921568626,0.0,44.11764705882353,12.254901960784313,0.0,0.0,4.901960784313726,22.058823529411764,19.607843137254903,4.901960784313726,227.94117647058823,4.901960784313726,2.450980392156863,34.313725490196084,0.0,0.0,2.450980392156863,0.0,31.862745098039213,0.0,0.0,2.450980392156863,0.0,2.450980392156863,0.0,4.901960784313726,0.0,0.0,0.0,0.0,0.0,0.0,7.352941176470588,120.09803921568628,56.372549019607845,14.705882352941176,36.76470588235294,0.48614609571788414,4.53904282115869,0.0,0.0,0.0,0.0,7.352941176470588,0.0,0.0,2.450980392156863,0.0,2.450980392156863,2.450980392156863,12.254901960784313,2.450980392156863,2.450980392156863,19.607843137254903,0.0,0.0,0.0,7.352941176470588,7.352941176470588,7.352941176470588,2.450980392156863,4.901960784313726
36451415,62.65060240963856,9.63855421686747,14.457831325301205,9.63855421686747,0.0,21.686746987951807,0.0,36.144578313253014,0.0,0.0,0.0,0.0,14.457831325301205,26.50602409638554,14.457831325301205,308.43373493975906,12.048192771084338,4.819277108433735,21.686746987951807,0.0,0.0,0.0,0.0,7.228915662650603,0.0,0.0,0.0,0.0,0.0,0.0,9.63855421686747,0.0,0.0,0.0,0.0,0.0,0.0,0.0,110.8433734939759,60.24096385542169,2.4096385542168677,36.144578313253014,0.4547677261613692,4.550122249388753,0.0,0.0,0.0,0.0,9.63855421686747,0.0,0.0,0.0,0.0,9.63855421686747,19.27710843373494,4.819277108433735,0.0,0.0,0.0,0.0,0.0,0.0,7.228915662650603,9.63855421686747,2.4096385542168677,0.0,2.4096385542168677
36489081,2.444987775061125,2.444987775061125,48.8997555012225,0.0,0.0,12.224938875305625,0.0,39.119804400978,4.88997555012225,0.0,0.0,4.88997555012225,19.559902200489,9.7799511002445,7.334963325183374,268.9486552567237,12.224938875305625,0.0,22.004889975550125,0.0,4.88997555012225,0.0,0.0,44.00977995110025,7.334963325183374,0.0,2.444987775061125,0.0,7.334963325183374,0.0,4.88997555012225,0.0,0.0,4.88997555012225,0.0,0.0,0.0,14.669926650366747,129.5843520782396,63.56968215158924,9.7799511002445,34.229828850855746,0.4158415841584158,4.930693069306931,0.0,2.444987775061125,0.0,4.88997555012225,4.88997555012225,0.0,4.88997555012225,2.444987775061125,0.0,14.669926650366747,4.88997555012225,14.669926650366747,2.444987775061125,0.0,2.444987775061125,0.0,0.0,0.0,4.88997555012225,19.559902200489,2.444987775061125,0.0,4.88997555012225
36517422,7.194244604316547,2.398081534772182,64.74820143884892,0.0,0.0,7.194244604316547,0.0,4.796163069544364,16.786570743405274,0.0,0.0,0.0,14.388489208633095,43.16546762589928,14.388489208633095,249.40047961630697,7.194244604316547,4.796163069544364,31.17505995203837,4.796163069544364,0.0,0.0,0.0,23.980815347721823,7.194244604316547,0.0,2.398081534772182,0.0,7.194244604316547,0.0,0.0,0.0,0.0,7.194244604316547,0.0,0.0,0.0,7.194244604316547,105.51558752997602,100.71942446043165,9.592326139088728,16.786570743405274,0.5194174757281553,5.014563106796117,0.0,0.0,0.0,2.398081534772182,4.796163069544364,0.0,2.398081534772182,2.398081534772182,0.0,0.0,4.796163069544364,2.398081534772182,2.398081534772182,0.0,2.398081534772182,0.0,0.0,2.398081534772182,2.398081534772182,33.57314148681055,9.592326139088728,0.0,2.398081534772182
36565100,17.456359102244388,14.962593516209475,49.87531172069826,2.493765586034913,0.0,27.43142144638404,2.493765586034913,12.468827930174564,12.468827930174564,4.987531172069826,0.0,0.0,27.43142144638404,22.443890274314214,0.0,239.4014962593516,7.481296758104738,0.0,22.443890274314214,2.493765586034913,12.468827930174564,2.493765586034913,0.0,27.43142144638404,0.0,0.0,2.493765586034913,0.0,9.975062344139651,0.0,2.493765586034913,0.0,0.0,7.481296758104738,0.0,0.0,7.481296758104738,4.987531172069826,114.713216957606,64.83790523690773,2.493765586034913,22.443890274314214,0.4282115869017632,4.4634760705289676,2.493765586034913,0.0,0.0,0.0,12.468827930174564,0.0,0.0,32.418952618453865,0.0,7.481296758104738,9.975062344139651,4.987531172069826,2.493765586034913,0.0,4.987531172069826,0.0,0.0,0.0,9.975062344139651,17.456359102244388,12.468827930174564,0.0,0.0
36569253,36.4963503649635,12.165450121654501,17.0316301703163,0.0,12.165450121654501,0.0,0.0,9.732360097323602,17.0316301703163,2.4330900243309004,0.0,0.0,19.464720194647203,29.197080291970803,14.598540145985401,245.74209245742094,7.299270072992701,0.0,21.897810218978105,0.0,0.0,0.0,0.0,17.0316301703163,7.299270072992701,2.4330900243309004,0.0,0.0,12.165450121654501,0.0,4.866180048661801,0.0,0.0,0.0,0.0,0.0,0.0,9.732360097323602,160.5839416058394,58.394160583941606,7.299270072992701,48.661800486618006,0.5208845208845209,4.803439803439804,0.0,0.0,0.0,4.866180048661801,0.0,0.0,9.732360097323602,0.0,0.0,12.165450121654501,0.0,4.866180048661801,0.0,2.4330900243309004,2.4330900243309004,0.0,0.0,0.0,9.732360097323602,12.165450121654501,7.299270072992701,0.0,0.0
36602702,4.773269689737471,16.706443914081145,38.186157517899765,9.546539379474941,2.3866348448687353,0.0,0.0,11.933174224343675,11.933174224343675,2.3866348448687353,0.0,0.0,11.933174224343675,21.479713603818613,4.773269689737471,269.6897374701671,14.319809069212411,4.773269689737471,19.093078758949883,0.0,9.546539379474941,0.0,0.0,23.86634844868735,2.3866348448687353,0.0,0.0,0.0,0.0,0.0,2.3866348448687353,0.0,0.0,2.3866348448687353,0.0,0.0,0.0,7.159904534606206,116.94510739856801,64.43914081145586,9.546539379474941,19.093078758949883,0.5084337349397591,4.571084337349397,2.3866348448687353,0.0,0.0,2.3866348448687353,0.0,0.0,0.0,2.3866348448687353,2.3866348448687353,16.706443914081145,11.933174224343675,11.933174224343675,4.773269689737471,0.0,0.0,0.0,0.0,0.0,2.3866348448687353,16.706443914081145,7.159904534606206,0.0,0.0
36725774,4.716981132075471,14.150943396226415,66.0377358490566,0.0,0.0,7.0754716981132075,0.0,16.50943396226415,7.0754716981132075,4.716981132075471,0.0,4.716981132075471,16.50943396226415,47.16981132075472,2.3584905660377355,245.28301886792454,4.716981132075471,2.3584905660377355,21.22641509433962,2.3584905660377355,11.79245283018868,2.3584905660377355,0.0,51.88679245283019,0.0,0.0,0.0,2.3584905660377355,2.3584905660377355,0.0,9.433962264150942,0.0,0.0,2.3584905660377355,0.0,0.0,2.3584905660377355,0.0,77.83018867924528,75.47169811320754,7.0754716981132075,30.660377358490567,0.4639423076923077,5.21875,4.716981132075471,2.3584905660377355,0.0,0.0,2.3584905660377355,0.0,4.716981132075471,9.433962264150942,0.0,9.433962264150942,11.79245283018868,9.433962264150942,23.58490566037736,0.0,7.0754716981132075,0.0,0.0,0.0,4.716981132075471,9.433962264150942,16.50943396226415,0.0,4.716981132075471
36749245,59.633027522935784,4.587155963302752,18.34862385321101,11.46788990825688,2.293577981651376,9.174311926605505,0.0,43.57798165137615,16.055045871559635,0.0,0.0,2.293577981651376,6.8807339449541285,2.293577981651376,16.055045871559635,293.57798165137615,9.174311926605505,0.0,11.46788990825688,0.0,0.0,2.293577981651376,0.0,20.642201834862387,2.293577981651376,0.0,0.0,0.0,0.0,0.0,4.587155963302752,0.0,0.0,0.0,0.0,0.0,2.293577981651376,16.055045871559635,100.91743119266056,57.33944954128441,4.587155963302752,43.57798165137615,0.5290023201856149,4.419953596287703,0.0,2.293577981651376,0.0,0.0,11.46788990825688,0.0,0.0,2.293577981651376,0.0,9.174311926605505,4.587155963302752,16.055045871559635,0.0,0.0,4.587155963302752,4.587155963302752,0.0,2.293577981651376,6.8807339449541285,2.293577981651376,9.174311926605505,0.0,0.0
36802075,39.40886699507389,27.093596059113302,29.556650246305416,2.4630541871921183,0.0,7.389162561576354,0.0,51.724137931034484,4.926108374384237,0.0,0.0,2.4630541871921183,7.389162561576354,29.556650246305416,2.4630541871921183,270.935960591133,7.389162561576354,2.4630541871921183,14.778325123152708,0.0,14.778325123152708,0.0,2.4630541871921183,22.167487684729064,2.4630541871921183,0.0,2.4630541871921183,4.926108374384237,0.0,0.0,0.0,0.0,0.0,2.4630541871921183,0.0,0.0,0.0,7.389162561576354,115.76354679802955,56.65024630541872,4.926108374384237,29.556650246305416,0.485,4.9525,2.4630541871921183,0.0,0.0,0.0,0.0,0.0,0.0,0.0,4.926108374384237,4.926108374384237,22.167487684729064,9.852216748768473,2.4630541871921183,0.0,2.4630541871921183,0.0,0.0,0.0,9.852216748768473,17.241379310344826,7.389162561576354,0.0,4.926108374384237
36824356,34.7394540942928,17.3697270471464,66.99751861042184,0.0,2.4813895781637716,37.220843672456574,0.0,57.07196029776674,17.3697270471464,4.962779156327543,4.962779156327543,2.4813895781637716,7.444168734491315,9.925558312655086,2.4813895781637716,193.54838709677418,0.0,0.0,29.77667493796526,0.0,9.925558312655086,0.0,2.4813895781637716,42.183622828784124,0.0,0.0,0.0,2.4813895781637716,0.0,0.0,2.4813895781637716,0.0,0.0,0.0,0.0,0.0,7.444168734491315,4.962779156327543,71.96029776674938,22.332506203473944,4.962779156327543,62.03473945409429,0.4765625,4.578125,2.4813895781637716,2.4813895781637716,0.0,0.0,2.4813895781637716,0.0,2.4813895781637716,0.0,2.4813895781637716,14.88833746898263,22.332506203473944,12.40694789081886,4.962779156327543,2.4813895781637716,32.25806451612903,0.0,2.4813895781637716,0.0,4.962779156327543,17.3697270471464,22.332506203473944,0.0,17.3697270471464
36828512,33.09692671394799,21.27659574468085,35.46099290780142,2.3640661938534278,4.7281323877068555,0.0,0.0,21.27659574468085,14.184397163120567,0.0,0.0,2.3640661938534278,14.184397163120567,59.1016548463357,9.456264775413711,269.50354609929076,7.092198581560283,4.7281323877068555,16.548463356973993,0.0,2.3640661938534278,0.0,0.0,16.548463356973993,2.3640661938534278,0.0,0.0,2.3640661938534278,2.3640661938534278,0.0,7.092198581560283,0.0,0.0,2.3640661938534278,0.0,0.0,0.0,9.456264775413711,132.38770685579195,75.65011820330969,4.7281323877068555,23.64066193853428,0.46246973365617433,5.1525423728813555,4.7281323877068555,0.0,0.0,0.0,2.3640661938534278,0.0,2.3640661938534278,4.7281323877068555,0.0,2.3640661938534278,9.456264775413711,7.092198581560283,0.0,0.0,0.0,0.0,0.0,0.0,7.092198581560283,44.917257683215134,9.456264775413711,0.0,2.3640661938534278
36831172,31.10047846889952,21.5311004784689,66.98564593301435,2.3923444976076556,2.3923444976076556,45.45454545454545,0.0,23.923444976076556,21.5311004784689,4.784688995215311,4.784688995215311,11.961722488038278,19.138755980861244,7.177033492822967,4.784688995215311,246.41148325358853,19.138755980861244,4.784688995215311,31.10047846889952,4.784688995215311,11.961722488038278,2.3923444976076556,0.0,35.88516746411483,4.784688995215311,0.0,0.0,2.3923444976076556,2.3923444976076556,0.0,11.961722488038278,0.0,0.0,2.3923444976076556,0.0,0.0,0.0,9.569377990430622,98.08612440191388,45.45454545454545,11.961722488038278,38.27751196172249,0.48894348894348894,4.611793611793612,0.0,0.0,2.3923444976076556,2.3923444976076556,7.177033492822967,0.0,2.3923444976076556,2.3923444976076556,2.3923444976076556,4.784688995215311,19.138755980861244,9.569377990430622,0.0,0.0,23.923444976076556,0.0,0.0,0.0,2.3923444976076556,7.177033492822967,9.569377990430622,0.0,11.961722488038278
36935984,35.21126760563381,11.737089201877934,37.55868544600939,0.0,2.347417840375587,7.042253521126761,0.0,4.694835680751174,0.0,0.0,0.0,2.347417840375587,4.694835680751174,16.431924882629108,0.0,335.6807511737089,18.779342723004696,2.347417840375587,23.474178403755868,2.347417840375587,2.347417840375587,0.0,0.0,21.12676056338028,0.0,0.0,0.0,2.347417840375587,0.0,0.0,0.0,0.0,0.0,2.347417840375587,0.0,0.0,0.0,7.042253521126761,152.58215962441315,49.29577464788732,9.389671361502348,21.12676056338028,0.477326968973747,4.88782816229117,2.347417840375587,0.0,2.347417840375587,0.0,2.347417840375587,0.0,2.347417840375587,2.347417840375587,0.0,0.0,7.042253521126761,7.042253521126761,2.347417840375587,0.0,0.0,0.0,0.0,0.0,4.694835680751174,4.694835680751174,7.042253521126761,0.0,0.0
36959769,0.0,12.01923076923077,69.71153846153847,0.0,0.0,7.211538461538462,2.403846153846154,14.423076923076923,9.615384615384617,0.0,0.0,0.0,7.211538461538462,50.48076923076923,0.0,281.25,4.807692307692308,2.403846153846154,26.442307692307693,2.403846153846154,7.211538461538462,0.0,0.0,16.826923076923077,2.403846153846154,0.0,0.0,0.0,2.403846153846154,0.0,0.0,0.0,0.0,0.0,0.0,0.0,0.0,2.403846153846154,93.75,62.5,0.0,57.69230769230769,0.5829268292682926,5.34390243902439,4.807692307692308,7.211538461538462,0.0,0.0,9.615384615384617,0.0,9.615384615384617,4.807692307692308,0.0,2.403846153846154,4.807692307692308,12.01923076923077,4.807692307692308,0.0,14.423076923076923,0.0,0.0,0.0,2.403846153846154,24.03846153846154,7.211538461538462,0.0,12.01923076923077
37182206,21.897810218978105,24.330900243309003,48.661800486618006,0.0,0.0,0.0,0.0,17.0316301703163,14.598540145985401,0.0,2.4330900243309004,0.0,19.464720194647203,60.82725060827251,0.0,199.5133819951338,36.4963503649635,0.0,19.464720194647203,2.4330900243309004,7.299270072992701,0.0,0.0,29.197080291970803,2.4330900243309004,0.0,2.4330900243309004,2.4330900243309004,4.866180048661801,0.0,9.732360097323602,0.0,0.0,0.0,0.0,0.0,0.0,2.4330900243309004,119.2214111922141,53.5279805352798,4.866180048661801,34.0632603406326,0.5,4.840686274509804,0.0,0.0,0.0,0.0,7.299270072992701,0.0,2.4330900243309004,4.866180048661801,0.0,0.0,4.866180048661801,0.0,4.866180048661801,0.0,0.0,0.0,0.0,0.0,4.866180048661801,21.897810218978105,7.299270072992701,0.0,4.866180048661801
37205549,18.867924528301884,23.58490566037736,66.0377358490566,7.0754716981132075,2.3584905660377355,0.0,11.79245283018868,56.60377358490566,2.3584905660377355,2.3584905660377355,0.0,2.3584905660377355,16.50943396226415,23.58490566037736,2.3584905660377355,254.71698113207546,9.433962264150942,2.3584905660377355,18.867924528301884,2.3584905660377355,4.716981132075471,0.0,0.0,18.867924528301884,7.0754716981132075,0.0,0.0,0.0,2.3584905660377355,0.0,4.716981132075471,0.0,0.0,4.716981132075471,0.0,0.0,0.0,2.3584905660377355,113.20754716981132,75.47169811320754,4.716981132075471,42.45283018867924,0.48175182481751827,4.9440389294403895,4.716981132075471,0.0,0.0,0.0,4.716981132075471,0.0,0.0,7.0754716981132075,0.0,2.3584905660377355,9.433962264150942,4.716981132075471,2.3584905660377355,0.0,7.0754716981132075,0.0,0.0,0.0,4.716981132075471,4.716981132075471,2.3584905660377355,0.0,11.79245283018868
37214528,0.0,17.1990171990172,46.68304668304668,0.0,0.0,0.0,0.0,19.656019656019655,12.285012285012284,0.0,0.0,0.0,12.285012285012284,41.76904176904177,7.371007371007371,287.46928746928745,2.457002457002457,0.0,4.914004914004914,0.0,9.828009828009828,0.0,0.0,19.656019656019655,7.371007371007371,0.0,0.0,2.457002457002457,0.0,2.457002457002457,2.457002457002457,0.0,0.0,2.457002457002457,0.0,0.0,0.0,4.914004914004914,108.10810810810811,88.45208845208845,2.457002457002457,29.484029484029485,0.569620253164557,5.465822784810126,4.914004914004914,0.0,0.0,0.0,2.457002457002457,0.0,2.457002457002457,9.828009828009828,0.0,2.457002457002457,4.914004914004914,17.1990171990172,4.914004914004914,0.0,0.0,0.0,0.0,0.0,7.371007371007371,24.570024570024568,4.914004914004914,2.457002457002457,2.457002457002457
37319451,47.02970297029703,2.4752475247524752,12.376237623762377,0.0,0.0,0.0,0.0,39.603960396039604,2.4752475247524752,0.0,0.0,0.0,9.900990099009901,32.17821782178218,4.9504950495049505,321.7821782178218,9.900990099009901,4.9504950495049505,9.900990099009901,0.0,2.4752475247524752,0.0,0.0,29.7029702970297,4.9504950495049505,0.0,0.0,0.0,0.0,0.0,0.0,0.0,0.0,7.425742574257425,0.0,0.0,0.0,2.4752475247524752,128.7128712871287,49.504950495049506,2.4752475247524752,22.277227722772277,0.4923469387755102,4.908163265306122,4.9504950495049505,2.4752475247524752,0.0,0.0,0.0,0.0,0.0,0.0,0.0,2.4752475247524752,0.0,19.801980198019802,0.0,0.0,0.0,0.0,0.0,0.0,0.0,37.12871287128713,2.4752475247524752,0.0,4.9504950495049505
37406518,4.545454545454545,18.18181818181818,61.36363636363636,0.0,0.0,11.363636363636363,0.0,18.18181818181818,18.18181818181818,9.09090909090909,2.2727272727272725,4.545454545454545,11.363636363636363,25.0,2.2727272727272725,254.54545454545453,4.545454545454545,6.8181818181818175,20.454545454545453,0.0,6.8181818181818175,2.2727272727272725,0.0,52.272727272727266,0.0,0.0,0.0,0.0,2.2727272727272725,2.2727272727272725,4.545454545454545,0.0,0.0,0.0,0.0,0.0,0.0,4.545454545454545,86.36363636363636,81.81818181818181,4.545454545454545,29.545454545454543,0.42626728110599077,4.997695852534562,0.0,0.0,0.0,0.0,6.8181818181818175,0.0,0.0,9.09090909090909,0.0,0.0,15.909090909090908,2.2727272727272725,4.545454545454545,0.0,2.2727272727272725,0.0,0.0,0.0,2.2727272727272725,20.454545454545453,4.545454545454545,0.0,2.2727272727272725
37459852,59.11330049261083,17.241379310344826,22.167487684729064,7.389162561576354,0.0,0.0,0.0,46.79802955665024,12.315270935960593,0.0,0.0,0.0,9.852216748768473,9.852216748768473,0.0,293.10344827586204,2.4630541871921183,2.4630541871921183,24.630541871921185,0.0,0.0,0.0,0.0,29.556650246305416,0.0,0.0,0.0,0.0,0.0,0.0,2.4630541871921183,0.0,0.0,0.0,0.0,0.0,0.0,12.315270935960593,110.83743842364532,41.87192118226601,9.852216748768473,44.33497536945813,0.5217391304347826,4.670076726342711,2.4630541871921183,2.4630541871921183,0.0,0.0,7.389162561576354,0.0,7.389162561576354,0.0,0.0,9.852216748768473,2.4630541871921183,9.852216748768473,2.4630541871921183,0.0,2.4630541871921183,0.0,0.0,0.0,2.4630541871921183,4.926108374384237,29.556650246305416,0.0,2.4630541871921183
37538170,4.938271604938271,14.814814814814815,54.32098765432099,2.4691358024691357,0.0,14.814814814814815,0.0,4.938271604938271,12.345679012345679,2.4691358024691357,0.0,0.0,7.407407407407407,56.79012345679013,2.4691358024691357,241.97530864197532,7.407407407407407,0.0,27.160493827160494,0.0,2.4691358024691357,4.938271604938271,0.0,29.62962962962963,0.0,0.0,0.0,0.0,2.4691358024691357,0.0,0.0,0.0,0.0,2.4691358024691357,0.0,0.0,0.0,2.4691358024691357,113.58024691358025,59.25925925925926,9.876543209876543,17.28395061728395,0.4461538461538462,4.835897435897436,7.407407407407407,0.0,0.0,0.0,0.0,0.0,2.4691358024691357,7.407407407407407,0.0,0.0,7.407407407407407,14.814814814814815,7.407407407407407,0.0,9.876543209876543,2.4691358024691357,0.0,0.0,7.407407407407407,19.753086419753085,7.407407407407407,0.0,0.0
37552449,19.801980198019802,24.752475247524753,61.88118811881188,0.0,0.0,2.4752475247524752,0.0,12.376237623762377,9.900990099009901,4.9504950495049505,0.0,0.0,9.900990099009901,47.02970297029703,7.425742574257425,215.34653465346534,29.7029702970297,0.0,17.32673267326733,0.0,17.32673267326733,2.4752475247524752,0.0,19.801980198019802,2.4752475247524752,0.0,4.9504950495049505,2.4752475247524752,2.4752475247524752,0.0,2.4752475247524752,0.0,0.0,4.9504950495049505,0.0,0.0,0.0,9.900990099009901,106.43564356435644,64.35643564356435,7.425742574257425,22.277227722772277,0.485,5.1675,0.0,0.0,0.0,2.4752475247524752,0.0,0.0,0.0,2.4752475247524752,0.0,7.425742574257425,12.376237623762377,12.376237623762377,12.376237623762377,0.0,0.0,0.0,0.0,0.0,0.0,12.376237623762377,2.4752475247524752,0.0,7.425742574257425
37570429,28.57142857142857,21.428571428571427,71.42857142857143,2.3809523809523814,0.0,16.666666666666668,2.3809523809523814,47.61904761904761,11.904761904761903,2.3809523809523814,0.0,0.0,11.904761904761903,19.04761904761905,16.666666666666668,259.5238095238095,2.3809523809523814,2.3809523809523814,16.666666666666668,0.0,0.0,0.0,0.0,28.57142857142857,4.761904761904763,0.0,0.0,4.761904761904763,0.0,0.0,7.142857142857142,0.0,0.0,0.0,0.0,0.0,4.761904761904763,0.0,109.52380952380952,64.28571428571428,7.142857142857142,26.19047619047619,0.49507389162561577,4.921182266009852,0.0,0.0,0.0,2.3809523809523814,2.3809523809523814,0.0,2.3809523809523814,4.761904761904763,0.0,4.761904761904763,21.428571428571427,14.285714285714285,2.3809523809523814,0.0,11.904761904761903,0.0,0.0,0.0,4.761904761904763,14.285714285714285,2.3809523809523814,0.0,2.3809523809523814
37615018,46.116504854368934,9.70873786407767,19.41747572815534,0.0,2.4271844660194173,0.0,0.0,53.398058252427184,0.0,0.0,2.4271844660194173,0.0,14.563106796116505,16.990291262135923,2.4271844660194173,310.6796116504854,0.0,0.0,21.844660194174757,0.0,0.0,0.0,0.0,14.563106796116505,7.281553398058253,0.0,0.0,0.0,4.854368932038835,0.0,4.854368932038835,0.0,0.0,4.854368932038835,0.0,0.0,0.0,12.135922330097086,118.93203883495146,58.25242718446602,9.70873786407767,24.271844660194173,0.5555555555555556,5.171717171717172,4.854368932038835,0.0,0.0,0.0,2.4271844660194173,0.0,0.0,2.4271844660194173,0.0,9.70873786407767,4.854368932038835,4.854368932038835,7.281553398058253,2.4271844660194173,0.0,0.0,0.0,0.0,0.0,14.563106796116505,9.70873786407767,0.0,0.0
37639307,35.046728971962615,2.336448598130841,30.373831775700936,2.336448598130841,0.0,4.672897196261682,0.0,4.672897196261682,14.018691588785046,0.0,0.0,0.0,11.682242990654204,35.046728971962615,0.0,294.39252336448595,9.345794392523365,7.009345794392523,28.037383177570092,0.0,9.345794392523365,2.336448598130841,0.0,30.373831775700936,0.0,0.0,2.336448598130841,2.336448598130841,2.336448598130841,0.0,0.0,0.0,0.0,9.345794392523365,0.0,0.0,0.0,7.009345794392523,88.78504672897196,46.72897196261682,2.336448598130841,30.373831775700936,0.43990384615384615,5.112980769230769,9.345794392523365,0.0,0.0,0.0,2.336448598130841,0.0,2.336448598130841,7.009345794392523,2.336448598130841,9.345794392523365,14.018691588785046,9.345794392523365,0.0,0.0,0.0,0.0,0.0,0.0,2.336448598130841,2.336448598130841,9.345794392523365,0.0,7.009345794392523
37716005,0.0,4.9504950495049505,84.15841584158416,17.32673267326733,0.0,0.0,0.0,39.603960396039604,2.4752475247524752,7.425742574257425,0.0,2.4752475247524752,19.801980198019802,24.752475247524753,19.801980198019802,227.72277227722773,7.425742574257425,0.0,22.277227722772277,0.0,7.425742574257425,0.0,0.0,24.752475247524753,2.4752475247524752,0.0,0.0,0.0,2.4752475247524752,2.4752475247524752,0.0,0.0,2.4752475247524752,4.9504950495049505,0.0,0.0,0.0,7.425742574257425,133.66336633663366,96.53465346534654,7.425742574257425,49.504950495049506,0.49622166246851385,5.345088161209068,2.4752475247524752,0.0,0.0,2.4752475247524752,7.425742574257425,0.0,4.9504950495049505,0.0,0.0,0.0,0.0,9.900990099009901,0.0,0.0,2.4752475247524752,0.0,0.0,0.0,2.4752475247524752,14.85148514851485,12.376237623762377,0.0,0.0
37845265,17.28395061728395,37.03703703703704,59.25925925925926,2.4691358024691357,0.0,0.0,0.0,34.5679012345679,2.4691358024691357,7.407407407407407,0.0,0.0,17.28395061728395,32.098765432098766,2.4691358024691357,279.01234567901236,17.28395061728395,0.0,12.345679012345679,0.0,2.4691358024691357,0.0,0.0,17.28395061728395,2.4691358024691357,0.0,4.938271604938271,0.0,0.0,0.0,9.876543209876543,0.0,0.0,4.938271604938271,0.0,0.0,0.0,2.4691358024691357,118.51851851851852,69.1358024691358,4.938271604938271,19.753086419753085,0.46446700507614214,5.0126903553299496,2.4691358024691357,0.0,0.0,0.0,2.4691358024691357,0.0,0.0,0.0,2.4691358024691357,0.0,7.407407407407407,2.4691358024691357,0.0,0.0,0.0,0.0,0.0,0.0,9.876543209876543,32.098765432098766,4.938271604938271,0.0,0.0
37905203,54.37352245862884,9.456264775413711,7.092198581560283,0.0,4.7281323877068555,0.0,0.0,49.64539007092199,7.092198581560283,0.0,2.3640661938534278,0.0,16.548463356973993,14.184397163120567,0.0,262.41134751773046,7.092198581560283,4.7281323877068555,30.73286052009456,0.0,4.7281323877068555,0.0,0.0,23.64066193853428,4.7281323877068555,0.0,2.3640661938534278,0.0,4.7281323877068555,0.0,9.456264775413711,0.0,0.0,2.3640661938534278,0.0,0.0,0.0,4.7281323877068555,96.92671394799055,70.92198581560284,9.456264775413711,35.46099290780142,0.44471153846153844,4.59375,7.092198581560283,0.0,0.0,0.0,0.0,0.0,7.092198581560283,7.092198581560283,0.0,11.82033096926714,0.0,14.184397163120567,0.0,0.0,0.0,2.3640661938534278,0.0,0.0,4.7281323877068555,7.092198581560283,11.82033096926714,0.0,0.0
37921598,2.4096385542168677,19.27710843373494,48.19277108433735,0.0,0.0,0.0,0.0,7.228915662650603,9.63855421686747,4.819277108433735,0.0,0.0,7.228915662650603,38.55421686746988,2.4096385542168677,269.87951807228916,9.63855421686747,0.0,19.27710843373494,2.4096385542168677,12.048192771084338,0.0,0.0,36.144578313253014,2.4096385542168677,0.0,0.0,0.0,0.0,2.4096385542168677,2.4096385542168677,0.0,0.0,2.4096385542168677,0.0,0.0,0.0,2.4096385542168677,103.61445783132531,67.46987951807229,7.228915662650603,28.91566265060241,0.45588235294117646,4.857843137254902,4.819277108433735,0.0,0.0,4.819277108433735,2.4096385542168677,0.0,0.0,12.048192771084338,0.0,14.457831325301205,14.457831325301205,7.228915662650603,9.63855421686747,0.0,2.4096385542168677,0.0,0.0,0.0,4.819277108433735,14.457831325301205,7.228915662650603,0.0,2.4096385542168677
37942132,9.63855421686747,21.686746987951807,101.20481927710844,2.4096385542168677,0.0,55.42168674698795,0.0,38.55421686746988,14.457831325301205,2.4096385542168677,0.0,7.228915662650603,9.63855421686747,4.819277108433735,2.4096385542168677,212.04819277108433,26.50602409638554,0.0,45.78313253012048,0.0,0.0,0.0,0.0,24.096385542168676,0.0,0.0,0.0,0.0,0.0,0.0,0.0,0.0,0.0,0.0,0.0,0.0,2.4096385542168677,2.4096385542168677,98.79518072289156,45.78313253012048,14.457831325301205,53.01204819277108,0.4535809018567639,4.007957559681698,0.0,0.0,0.0,4.819277108433735,12.048192771084338,0.0,4.819277108433735,0.0,0.0,12.048192771084338,12.048192771084338,2.4096385542168677,0.0,0.0,72.28915662650603,0.0,0.0,0.0,7.228915662650603,0.0,21.686746987951807,7.228915662650603,9.63855421686747
37985312,12.437810945273633,17.412935323383085,79.60199004975124,4.975124378109452,7.462686567164179,44.776119402985074,2.487562189054726,34.82587064676617,12.437810945273633,2.487562189054726,0.0,0.0,12.437810945273633,42.28855721393035,0.0,191.5422885572139,9.950248756218905,0.0,22.388059701492537,0.0,4.975124378109452,0.0,0.0,17.412935323383085,2.487562189054726,0.0,0.0,0.0,2.487562189054726,2.487562189054726,2.487562189054726,0.0,0.0,7.462686567164179,4.975124378109452,0.0,4.975124378109452,0.0,106.96517412935323,37.31343283582089,2.487562189054726,67.16417910447761,0.4961038961038961,4.503896103896104,2.487562189054726,2.487562189054726,0.0,2.487562189054726,7.462686567164179,0.0,2.487562189054726,9.950248756218905,0.0,14.925373134328359,19.90049751243781,4.975124378109452,4.975124378109452,0.0,32.33830845771144,0.0,0.0,0.0,4.975124378109452,0.0,9.950248756218905,0.0,19.90049751243781
38055275,24.096385542168676,12.048192771084338,24.096385542168676,0.0,2.4096385542168677,0.0,0.0,2.4096385542168677,14.457831325301205,0.0,0.0,0.0,4.819277108433735,28.91566265060241,2.4096385542168677,296.3855421686747,19.27710843373494,0.0,9.63855421686747,0.0,0.0,0.0,0.0,14.457831325301205,7.228915662650603,0.0,7.228915662650603,0.0,4.819277108433735,0.0,0.0,0.0,0.0,0.0,0.0,0.0,0.0,7.228915662650603,137.34939759036143,84.33734939759036,2.4096385542168677,26.50602409638554,0.4852216748768473,5.068965517241379,2.4096385542168677,0.0,0.0,4.819277108433735,2.4096385542168677,2.4096385542168677,4.819277108433735,2.4096385542168677,0.0,0.0,0.0,0.0,7.228915662650603,0.0,0.0,0.0,0.0,0.0,7.228915662650603,28.91566265060241,2.4096385542168677,0.0,0.0
38106131,0.0,21.634615384615383,50.48076923076923,2.403846153846154,2.403846153846154,0.0,0.0,14.423076923076923,9.615384615384617,0.0,0.0,0.0,4.807692307692308,31.25,4.807692307692308,336.53846153846155,12.01923076923077,0.0,9.615384615384617,0.0,0.0,0.0,0.0,14.423076923076923,9.615384615384617,0.0,0.0,0.0,4.807692307692308,0.0,0.0,0.0,0.0,0.0,0.0,0.0,0.0,2.403846153846154,127.40384615384615,108.17307692307693,0.0,48.07692307692308,0.5193236714975845,5.5,14.423076923076923,0.0,0.0,0.0,9.615384615384617,0.0,9.615384615384617,2.403846153846154,0.0,0.0,0.0,4.807692307692308,4.807692307692308,0.0,2.403846153846154,0.0,0.0,0.0,9.615384615384617,9.615384615384617,0.0,0.0,2.403846153846154
38113711,73.52941176470588,2.450980392156863,12.254901960784313,4.901960784313726,2.450980392156863,22.058823529411764,0.0,24.509803921568626,9.803921568627452,0.0,0.0,2.450980392156863,12.254901960784313,7.352941176470588,2.450980392156863,313.72549019607845,9.803921568627452,2.450980392156863,22.058823529411764,0.0,0.0,0.0,0.0,24.509803921568626,7.352941176470588,0.0,2.450980392156863,0.0,0.0,0.0,0.0,0.0,0.0,2.450980392156863,0.0,0.0,0.0,7.352941176470588,127.45098039215685,61.27450980392157,4.901960784313726,34.313725490196084,0.5415617128463476,4.654911838790932,7.352941176470588,0.0,0.0,0.0,4.901960784313726,0.0,0.0,0.0,0.0,7.352941176470588,7.352941176470588,12.254901960784313,7.352941176470588,0.0,2.450980392156863,2.450980392156863,0.0,0.0,0.0,4.901960784313726,9.803921568627452,0.0,2.450980392156863
38128630,59.1016548463357,11.82033096926714,52.009456264775416,0.0,9.456264775413711,33.09692671394799,0.0,52.009456264775416,9.456264775413711,0.0,2.3640661938534278,2.3640661938534278,21.27659574468085,14.184397163120567,4.7281323877068555,203.3096926713948,9.456264775413711,4.7281323877068555,26.004728132387708,4.7281323877068555,7.092198581560283,0.0,0.0,42.5531914893617,4.7281323877068555,0.0,0.0,0.0,0.0,0.0,11.82033096926714,0.0,0.0,0.0,2.3640661938534278,0.0,0.0,18.912529550827422,104.01891252955083,44.917257683215134,7.092198581560283,40.189125295508276,0.5367647058823529,4.377450980392157,2.3640661938534278,2.3640661938534278,2.3640661938534278,0.0,2.3640661938534278,2.3640661938534278,2.3640661938534278,7.092198581560283,0.0,0.0,26.004728132387708,18.912529550827422,0.0,0.0,16.548463356973993,2.3640661938534278,2.3640661938534278,0.0,4.7281323877068555,0.0,14.184397163120567,0.0,7.092198581560283
38129854,72.11538461538461,26.442307692307693,31.25,0.0,9.615384615384617,0.0,0.0,50.48076923076923,9.615384615384617,2.403846153846154,0.0,0.0,21.634615384615383,40.86538461538461,0.0,192.30769230769232,19.230769230769234,4.807692307692308,14.423076923076923,0.0,12.01923076923077,0.0,0.0,21.634615384615383,2.403846153846154,0.0,0.0,0.0,4.807692307692308,2.403846153846154,4.807692307692308,0.0,0.0,9.615384615384617,0.0,0.0,0.0,7.211538461538462,100.96153846153847,26.442307692307693,7.211538461538462,60.09615384615385,0.42857142857142855,4.83743842364532,4.807692307692308,2.403846153846154,0.0,0.0,0.0,0.0,2.403846153846154,2.403846153846154,0.0,4.807692307692308,19.230769230769234,4.807692307692308,9.615384615384617,0.0,0.0,0.0,0.0,0.0,16.826923076923077,12.01923076923077,7.211538461538462,4.807692307692308,16.826923076923077
38169423,0.0,2.331002331002331,62.93706293706294,0.0,0.0,0.0,0.0,39.62703962703962,4.662004662004662,4.662004662004662,0.0,0.0,13.986013986013987,25.64102564102564,2.331002331002331,284.38228438228435,23.31002331002331,2.331002331002331,11.655011655011656,0.0,6.993006993006993,0.0,0.0,23.31002331002331,4.662004662004662,0.0,0.0,0.0,4.662004662004662,0.0,2.331002331002331,0.0,0.0,2.331002331002331,0.0,0.0,0.0,4.662004662004662,121.21212121212122,60.60606060606061,2.331002331002331,41.95804195804196,0.45305164319248825,5.178403755868545,0.0,2.331002331002331,0.0,0.0,4.662004662004662,0.0,9.324009324009324,9.324009324009324,0.0,0.0,2.331002331002331,11.655011655011656,4.662004662004662,0.0,0.0,0.0,0.0,0.0,4.662004662004662,27.972027972027973,4.662004662004662,0.0,6.993006993006993
38178469,60.18518518518518,11.574074074074073,27.777777777777775,4.62962962962963,2.314814814814815,25.462962962962962,0.0,50.925925925925924,4.62962962962963,4.62962962962963,0.0,0.0,11.574074074074073,9.25925925925926,2.314814814814815,275.462962962963,11.574074074074073,0.0,32.407407407407405,0.0,2.314814814814815,0.0,0.0,18.51851851851852,4.62962962962963,0.0,0.0,0.0,0.0,0.0,0.0,0.0,0.0,0.0,0.0,0.0,0.0,4.62962962962963,113.42592592592592,39.351851851851855,9.25925925925926,53.24074074074074,0.5250596658711217,4.400954653937948,0.0,0.0,0.0,2.314814814814815,16.203703703703702,0.0,4.62962962962963,2.314814814814815,0.0,9.25925925925926,9.25925925925926,23.148148148148145,6.944444444444444,0.0,13.888888888888888,2.314814814814815,0.0,0.0,2.314814814814815,4.62962962962963,18.51851851851852,0.0,2.314814814814815
38209979,9.546539379474941,28.639618138424822,59.665871121718375,4.773269689737471,0.0,38.186157517899765,2.3866348448687353,11.933174224343675,14.319809069212411,0.0,2.3866348448687353,0.0,26.252983293556085,26.252983293556085,7.159904534606206,210.02386634844868,7.159904534606206,4.773269689737471,33.41288782816229,0.0,0.0,2.3866348448687353,0.0,21.479713603818613,0.0,0.0,0.0,0.0,2.3866348448687353,0.0,14.319809069212411,0.0,2.3866348448687353,2.3866348448687353,0.0,0.0,0.0,2.3866348448687353,126.49164677804295,69.21241050119332,9.546539379474941,50.11933174224344,0.5187032418952618,4.660847880299252,0.0,0.0,0.0,0.0,14.319809069212411,0.0,0.0,2.3866348448687353,0.0,2.3866348448687353,0.0,16.706443914081145,2.3866348448687353,0.0,38.186157517899765,0.0,0.0,0.0,0.0,23.86634844868735,14.319809069212411,4.773269689737471,7.159904534606206
38334542,67.5990675990676,16.317016317016318,20.97902097902098,2.331002331002331,0.0,0.0,0.0,25.64102564102564,6.993006993006993,2.331002331002331,0.0,0.0,13.986013986013987,25.64102564102564,23.31002331002331,305.36130536130537,11.655011655011656,4.662004662004662,6.993006993006993,0.0,18.64801864801865,2.331002331002331,0.0,11.655011655011656,4.662004662004662,0.0,2.331002331002331,2.331002331002331,0.0,0.0,6.993006993006993,0.0,0.0,2.331002331002331,0.0,0.0,0.0,6.993006993006993,130.53613053613054,39.62703962703962,4.662004662004662,23.31002331002331,0.5218446601941747,5.169902912621359,0.0,0.0,0.0,0.0,2.331002331002331,0.0,2.331002331002331,0.0,0.0,4.662004662004662,16.317016317016318,16.317016317016318,0.0,0.0,0.0,0.0,0.0,0.0,0.0,4.662004662004662,4.662004662004662,2.331002331002331,2.331002331002331
38429666,14.423076923076923,12.01923076923077,67.3076923076923,2.403846153846154,0.0,28.846153846153847,0.0,36.05769230769231,21.634615384615383,0.0,0.0,0.0,12.01923076923077,4.807692307692308,2.403846153846154,274.03846153846155,0.0,0.0,50.48076923076923,0.0,9.615384615384617,4.807692307692308,0.0,40.86538461538461,2.403846153846154,0.0,0.0,0.0,0.0,0.0,4.807692307692308,0.0,0.0,2.403846153846154,0.0,0.0,0.0,7.211538461538462,72.11538461538461,36.05769230769231,16.826923076923077,38.46153846153847,0.506265664160401,4.513784461152882,0.0,0.0,0.0,2.403846153846154,4.807692307692308,0.0,0.0,4.807692307692308,0.0,21.634615384615383,12.01923076923077,16.826923076923077,0.0,0.0,21.634615384615383,0.0,0.0,0.0,0.0,0.0,24.03846153846154,0.0,4.807692307692308
38499611,0.0,4.716981132075471,68.39622641509433,2.3584905660377355,2.3584905660377355,4.716981132075471,0.0,28.30188679245283,23.58490566037736,2.3584905660377355,0.0,0.0,4.716981132075471,25.943396226415096,2.3584905660377355,238.20754716981133,4.716981132075471,0.0,9.433962264150942,0.0,2.3584905660377355,0.0,0.0,40.094339622641506,11.79245283018868,2.3584905660377355,0.0,0.0,0.0,0.0,0.0,0.0,0.0,0.0,0.0,0.0,0.0,16.50943396226415,117.9245283018868,51.88679245283019,4.716981132075471,40.094339622641506,0.5336538461538461,4.920673076923077,0.0,0.0,0.0,0.0,14.150943396226415,2.3584905660377355,7.0754716981132075,2.3584905660377355,0.0,0.0,7.0754716981132075,25.943396226415096,7.0754716981132075,2.3584905660377355,2.3584905660377355,0.0,0.0,0.0,0.0,21.22641509433962,9.433962264150942,0.0,2.3584905660377355
38594559,4.773269689737471,14.319809069212411,52.50596658711217,0.0,2.3866348448687353,9.546539379474941,0.0,33.41288782816229,0.0,0.0,2.3866348448687353,0.0,21.479713603818613,35.79952267303103,0.0,267.3031026252983,16.706443914081145,0.0,11.933174224343675,0.0,2.3866348448687353,2.3866348448687353,0.0,31.026252983293556,2.3866348448687353,0.0,2.3866348448687353,0.0,9.546539379474941,0.0,4.773269689737471,0.0,0.0,7.159904534606206,0.0,0.0,0.0,2.3866348448687353,88.3054892601432,71.59904534606206,9.546539379474941,21.479713603818613,0.5037037037037037,4.898765432098766,2.3866348448687353,0.0,0.0,0.0,0.0,0.0,0.0,2.3866348448687353,0.0,11.933174224343675,2.3866348448687353,11.933174224343675,7.159904534606206,0.0,0.0,0.0,0.0,0.0,2.3866348448687353,4.773269689737471,7.159904534606206,0.0,2.3866348448687353
38667115,18.779342723004696,11.737089201877934,72.76995305164318,4.694835680751174,0.0,0.0,0.0,35.21126760563381,11.737089201877934,4.694835680751174,0.0,2.347417840375587,9.389671361502348,14.084507042253522,16.431924882629108,295.77464788732397,18.779342723004696,4.694835680751174,16.431924882629108,0.0,23.474178403755868,0.0,0.0,11.737089201877934,0.0,0.0,0.0,0.0,0.0,0.0,2.347417840375587,0.0,0.0,7.042253521126761,0.0,0.0,0.0,16.431924882629108,133.80281690140845,37.55868544600939,0.0,25.821596244131456,0.3883248730964467,4.83248730964467,0.0,0.0,0.0,0.0,2.347417840375587,0.0,2.347417840375587,0.0,0.0,16.431924882629108,11.737089201877934,35.21126760563381,2.347417840375587,0.0,0.0,0.0,0.0,0.0,0.0,0.0,9.389671361502348,0.0,0.0
38811884,0.0,31.630170316301705,99.7566909975669,0.0,0.0,24.330900243309003,12.165450121654501,60.82725060827251,9.732360097323602,0.0,0.0,0.0,19.464720194647203,36.4963503649635,2.4330900243309004,180.04866180048663,4.866180048661801,4.866180048661801,19.464720194647203,0.0,2.4330900243309004,0.0,0.0,19.464720194647203,0.0,0.0,2.4330900243309004,2.4330900243309004,4.866180048661801,0.0,4.866180048661801,0.0,2.4330900243309004,2.4330900243309004,2.4330900243309004,0.0,0.0,4.866180048661801,97.32360097323601,48.661800486618006,7.299270072992701,58.394160583941606,0.48148148148148145,4.841975308641976,7.299270072992701,2.4330900243309004,0.0,0.0,4.866180048661801,0.0,4.866180048661801,2.4330900243309004,0.0,0.0,12.165450121654501,19.464720194647203,2.4330900243309004,0.0,12.165450121654501,0.0,0.0,0.0,4.866180048661801,21.897810218978105,9.732360097323602,0.0,17.0316301703163
38846696,31.630170316301705,29.197080291970803,48.661800486618006,0.0,0.0,21.897810218978105,0.0,4.866180048661801,12.165450121654501,0.0,0.0,0.0,24.330900243309003,51.09489051094891,0.0,262.77372262773724,12.165450121654501,4.866180048661801,21.897810218978105,0.0,12.165450121654501,0.0,0.0,31.630170316301705,2.4330900243309004,0.0,0.0,0.0,7.299270072992701,2.4330900243309004,4.866180048661801,0.0,0.0,9.732360097323602,0.0,0.0,0.0,4.866180048661801,114.35523114355232,55.961070559610704,7.299270072992701,17.0316301703163,0.44038929440389296,4.975669099756691,2.4330900243309004,12.165450121654501,0.0,0.0,0.0,0.0,4.866180048661801,0.0,0.0,9.732360097323602,24.330900243309003,14.598540145985401,7.299270072992701,0.0,0.0,0.0,0.0,0.0,0.0,12.165450121654501,2.4330900243309004,0.0,2.4330900243309004
38940443,54.37352245862884,0.0,9.456264775413711,0.0,0.0,0.0,0.0,28.368794326241133,14.184397163120567,0.0,0.0,0.0,9.456264775413711,21.27659574468085,0.0,304.9645390070922,4.7281323877068555,0.0,21.27659574468085,0.0,2.3640661938534278,0.0,0.0,26.004728132387708,7.092198581560283,0.0,0.0,0.0,2.3640661938534278,0.0,4.7281323877068555,0.0,0.0,0.0,0.0,0.0,0.0,9.456264775413711,125.29550827423166,56.737588652482266,0.0,35.46099290780142,0.5286783042394015,4.780548628428928,4.7281323877068555,0.0,0.0,0.0,4.7281323877068555,0.0,2.3640661938534278,0.0,0.0,4.7281323877068555,2.3640661938534278,14.184397163120567,4.7281323877068555,0.0,0.0,0.0,0.0,0.0,0.0,7.092198581560283,14.184397163120567,0.0,0.0
38976477,43.37899543378995,11.415525114155251,36.5296803652968,2.28310502283105,2.28310502283105,36.5296803652968,0.0,22.831050228310502,4.5662100456621,0.0,0.0,0.0,6.8493150684931505,20.54794520547945,2.28310502283105,237.4429223744292,4.5662100456621,0.0,36.5296803652968,0.0,9.1324200913242,4.5662100456621,0.0,34.24657534246575,2.28310502283105,0.0,2.28310502283105,2.28310502283105,0.0,0.0,2.28310502283105,0.0,0.0,4.5662100456621,0.0,0.0,2.28310502283105,4.5662100456621,98.17351598173515,50.2283105022831,18.2648401826484,34.24657534246575,0.5059101654846335,4.456264775413712,2.28310502283105,0.0,0.0,2.28310502283105,0.0,0.0,0.0,6.8493150684931505,0.0,9.1324200913242,11.415525114155251,9.1324200913242,2.28310502283105,0.0,4.5662100456621,0.0,0.0,0.0,4.5662100456621,4.5662100456621,18.2648401826484,0.0,11.415525114155251
39152942,2.4271844660194173,7.281553398058253,72.81553398058252,7.281553398058253,0.0,0.0,0.0,2.4271844660194173,24.271844660194173,4.854368932038835,0.0,0.0,14.563106796116505,70.3883495145631,26.699029126213592,211.16504854368932,38.83495145631068,0.0,12.135922330097086,0.0,9.70873786407767,2.4271844660194173,0.0,9.70873786407767,0.0,0.0,2.4271844660194173,0.0,2.4271844660194173,0.0,2.4271844660194173,0.0,0.0,9.70873786407767,2.4271844660194173,2.4271844660194173,0.0,2.4271844660194173,111.6504854368932,80.09708737864078,2.4271844660194173,36.40776699029126,0.42574257425742573,5.126237623762377,12.135922330097086,0.0,0.0,2.4271844660194173,2.4271844660194173,0.0,7.281553398058253,2.4271844660194173,0.0,4.854368932038835,7.281553398058253,9.70873786407767,2.4271844660194173,0.0,2.4271844660194173,0.0,0.0,0.0,4.854368932038835,12.135922330097086,2.4271844660194173,0.0,14.563106796116505
39177181,12.345679012345679,9.876543209876543,56.79012345679013,0.0,2.4691358024691357,4.938271604938271,0.0,19.753086419753085,17.28395061728395,0.0,0.0,0.0,29.62962962962963,46.91358024691358,0.0,281.4814814814815,12.345679012345679,0.0,22.22222222222222,0.0,0.0,0.0,0.0,9.876543209876543,9.876543209876543,4.938271604938271,2.4691358024691357,0.0,14.814814814814815,0.0,2.4691358024691357,0.0,2.4691358024691357,0.0,0.0,0.0,0.0,2.4691358024691357,116.04938271604938,66.66666666666667,2.4691358024691357,37.03703703703704,0.49748743718592964,4.899497487437186,0.0,0.0,0.0,0.0,2.4691358024691357,0.0,0.0,4.938271604938271,0.0,0.0,0.0,7.407407407407407,0.0,0.0,0.0,0.0,0.0,0.0,7.407407407407407,46.91358024691358,9.876543209876543,0.0,0.0
39239991,45.238095238095234,14.285714285714285,21.428571428571427,4.761904761904763,4.761904761904763,0.0,0.0,19.04761904761905,2.3809523809523814,0.0,0.0,0.0,14.285714285714285,7.142857142857142,0.0,330.95238095238096,2.3809523809523814,2.3809523809523814,19.04761904761905,0.0,0.0,0.0,0.0,16.666666666666668,2.3809523809523814,0.0,2.3809523809523814,0.0,0.0,0.0,11.904761904761903,0.0,0.0,2.3809523809523814,0.0,0.0,0.0,4.761904761904763,138.0952380952381,50.0,2.3809523809523814,30.952380952380953,0.5183374083129584,4.540342298288508,7.142857142857142,0.0,0.0,0.0,0.0,0.0,4.761904761904763,2.3809523809523814,2.3809523809523814,14.285714285714285,2.3809523809523814,14.285714285714285,4.761904761904763,0.0,0.0,4.761904761904763,0.0,0.0,2.3809523809523814,0.0,14.285714285714285,2.3809523809523814,0.0
39277179,20.785219399538104,25.404157043879906,41.57043879907621,4.618937644341801,0.0,0.0,0.0,4.618937644341801,16.166281755196305,0.0,0.0,0.0,9.237875288683602,50.80831408775981,11.547344110854503,256.35103926096997,4.618937644341801,4.618937644341801,18.475750577367204,0.0,2.3094688221709005,0.0,0.0,23.094688221709006,2.3094688221709005,0.0,0.0,2.3094688221709005,2.3094688221709005,0.0,0.0,0.0,2.3094688221709005,2.3094688221709005,0.0,0.0,0.0,9.237875288683602,129.33025404157044,60.046189376443415,9.237875288683602,11.547344110854503,0.48717948717948717,4.958041958041958,2.3094688221709005,0.0,0.0,0.0,2.3094688221709005,0.0,0.0,4.618937644341801,0.0,0.0,9.237875288683602,11.547344110854503,0.0,0.0,0.0,0.0,0.0,0.0,2.3094688221709005,13.856812933025404,11.547344110854503,0.0,0.0
39345138,70.2179176755448,9.685230024213075,0.0,7.263922518159807,0.0,24.213075060532688,0.0,36.31961259079903,14.527845036319613,0.0,0.0,0.0,19.37046004842615,14.527845036319613,0.0,273.6077481840194,2.4213075060532687,2.4213075060532687,16.949152542372882,0.0,0.0,0.0,2.4213075060532687,0.0,2.4213075060532687,0.0,0.0,0.0,14.527845036319613,0.0,0.0,0.0,0.0,0.0,0.0,0.0,0.0,14.527845036319613,128.32929782082326,72.63922518159806,2.4213075060532687,31.476997578692497,0.529126213592233,4.699029126213592,0.0,0.0,0.0,0.0,4.842615012106537,0.0,4.842615012106537,9.685230024213075,0.0,0.0,0.0,12.106537530266344,0.0,0.0,0.0,0.0,0.0,0.0,0.0,41.16222760290557,12.106537530266344,0.0,0.0
39410617,0.0,7.462686567164179,37.31343283582089,2.487562189054726,0.0,0.0,0.0,32.33830845771144,7.462686567164179,0.0,0.0,0.0,2.487562189054726,19.90049751243781,7.462686567164179,243.7810945273632,2.487562189054726,4.975124378109452,22.388059701492537,0.0,4.975124378109452,4.975124378109452,0.0,44.776119402985074,0.0,0.0,2.487562189054726,0.0,0.0,0.0,2.487562189054726,0.0,0.0,0.0,0.0,0.0,0.0,2.487562189054726,116.91542288557214,84.5771144278607,12.437810945273633,32.33830845771144,0.45268542199488493,4.8158567774936065,2.487562189054726,2.487562189054726,0.0,0.0,4.975124378109452,0.0,2.487562189054726,4.975124378109452,0.0,17.412935323383085,9.950248756218905,4.975124378109452,4.975124378109452,2.487562189054726,0.0,0.0,0.0,0.0,7.462686567164179,22.388059701492537,9.950248756218905,0.0,0.0
39464957,51.980198019801975,7.425742574257425,27.22772277227723,2.4752475247524752,2.4752475247524752,14.85148514851485,0.0,24.752475247524753,7.425742574257425,0.0,0.0,0.0,24.752475247524753,12.376237623762377,0.0,297.029702970297,7.425742574257425,2.4752475247524752,27.22772277227723,0.0,4.9504950495049505,0.0,0.0,19.801980198019802,4.9504950495049505,0.0,0.0,0.0,0.0,0.0,12.376237623762377,0.0,0.0,2.4752475247524752,0.0,0.0,0.0,2.4752475247524752,113.86138613861387,47.02970297029703,9.900990099009901,61.88118811881188,0.5852417302798982,4.783715012722646,2.4752475247524752,0.0,0.0,2.4752475247524752,7.425742574257425,0.0,4.9504950495049505,2.4752475247524752,0.0,9.900990099009901,4.9504950495049505,9.900990099009901,4.9504950495049505,0.0,0.0,0.0,0.0,0.0,0.0,2.4752475247524752,9.900990099009901,0.0,4.9504950495049505
39482050,14.527845036319613,19.37046004842615,104.11622276029055,0.0,0.0,46.00484261501211,0.0,62.953995157384995,2.4213075060532687,4.842615012106537,2.4213075060532687,2.4213075060532687,4.842615012106537,9.685230024213075,0.0,225.18159806295398,9.685230024213075,0.0,48.426150121065376,0.0,0.0,7.263922518159807,0.0,29.055690072639226,2.4213075060532687,0.0,0.0,0.0,0.0,0.0,2.4213075060532687,0.0,0.0,0.0,2.4213075060532687,0.0,4.842615012106537,7.263922518159807,89.58837772397095,38.7409200968523,16.949152542372882,31.476997578692497,0.42748091603053434,4.096692111959287,2.4213075060532687,0.0,0.0,0.0,7.263922518159807,0.0,4.842615012106537,12.106537530266344,0.0,19.37046004842615,14.527845036319613,29.055690072639226,9.685230024213075,0.0,41.16222760290557,2.4213075060532687,0.0,0.0,9.685230024213075,2.4213075060532687,29.055690072639226,0.0,2.4213075060532687
39521344,12.165450121654501,0.0,46.228710462287104,2.4330900243309004,4.866180048661801,2.4330900243309004,0.0,4.866180048661801,31.630170316301705,4.866180048661801,0.0,0.0,2.4330900243309004,26.7639902676399,0.0,299.27007299270076,7.299270072992701,2.4330900243309004,24.330900243309003,0.0,9.732360097323602,0.0,0.0,21.897810218978105,2.4330900243309004,0.0,2.4330900243309004,9.732360097323602,0.0,0.0,0.0,0.0,0.0,2.4330900243309004,2.4330900243309004,4.866180048661801,0.0,7.299270072992701,124.08759124087591,46.228710462287104,2.4330900243309004,21.897810218978105,0.4005037783375315,5.1158690176322414,2.4330900243309004,0.0,0.0,0.0,9.732360097323602,0.0,4.866180048661801,9.732360097323602,0.0,4.866180048661801,12.165450121654501,24.330900243309003,14.598540145985401,0.0,0.0,0.0,0.0,0.0,0.0,7.299270072992701,12.165450121654501,0.0,0.0
39554220,63.0841121495327,2.336448598130841,14.018691588785046,2.336448598130841,4.672897196261682,21.02803738317757,2.336448598130841,32.71028037383177,4.672897196261682,2.336448598130841,0.0,0.0,9.345794392523365,7.009345794392523,4.672897196261682,303.7383177570093,0.0,0.0,32.71028037383177,0.0,2.336448598130841,0.0,0.0,23.36448598130841,2.336448598130841,0.0,0.0,0.0,2.336448598130841,0.0,2.336448598130841,0.0,0.0,0.0,0.0,0.0,0.0,4.672897196261682,93.45794392523364,46.72897196261682,16.355140186915886,42.05607476635514,0.5071428571428571,4.438095238095238,0.0,0.0,0.0,0.0,4.672897196261682,0.0,2.336448598130841,9.345794392523365,0.0,9.345794392523365,9.345794392523365,16.355140186915886,2.336448598130841,0.0,11.682242990654204,2.336448598130841,4.672897196261682,0.0,4.672897196261682,7.009345794392523,14.018691588785046,0.0,4.672897196261682
39563072,22.332506203473944,14.88833746898263,57.07196029776674,4.962779156327543,0.0,19.851116625310173,0.0,19.851116625310173,14.88833746898263,4.962779156327543,2.4813895781637716,4.962779156327543,14.88833746898263,29.77667493796526,2.4813895781637716,245.6575682382134,7.444168734491315,2.4813895781637716,19.851116625310173,0.0,0.0,2.4813895781637716,0.0,22.332506203473944,7.444168734491315,0.0,4.962779156327543,2.4813895781637716,4.962779156327543,0.0,4.962779156327543,0.0,0.0,0.0,0.0,0.0,0.0,17.3697270471464,126.55086848635236,54.59057071960298,2.4813895781637716,39.702233250620345,0.5518987341772152,4.6835443037974684,2.4813895781637716,0.0,0.0,0.0,7.444168734491315,0.0,2.4813895781637716,0.0,0.0,2.4813895781637716,12.40694789081886,4.962779156327543,2.4813895781637716,0.0,9.925558312655086,0.0,2.4813895781637716,0.0,2.4813895781637716,7.444168734491315,2.4813895781637716,0.0,4.962779156327543
39601300,7.425742574257425,7.425742574257425,61.88118811881188,2.4752475247524752,0.0,29.7029702970297,0.0,12.376237623762377,9.900990099009901,2.4752475247524752,0.0,0.0,4.9504950495049505,7.425742574257425,0.0,480.1980198019802,2.4752475247524752,0.0,27.22772277227723,0.0,0.0,0.0,0.0,9.900990099009901,0.0,0.0,0.0,0.0,2.4752475247524752,0.0,2.4752475247524752,0.0,0.0,0.0,0.0,0.0,0.0,4.9504950495049505,103.96039603960395,27.22772277227723,9.900990099009901,27.22772277227723,0.5680628272251309,4.230366492146596,0.0,0.0,0.0,2.4752475247524752,0.0,0.0,0.0,0.0,0.0,4.9504950495049505,2.4752475247524752,4.9504950495049505,0.0,0.0,27.22772277227723,0.0,0.0,0.0,0.0,0.0,19.801980198019802,0.0,0.0
39615752,14.457831325301205,28.91566265060241,93.97590361445783,7.228915662650603,9.63855421686747,48.19277108433735,2.4096385542168677,40.96385542168675,26.50602409638554,0.0,0.0,2.4096385542168677,7.228915662650603,12.048192771084338,0.0,175.9036144578313,0.0,0.0,45.78313253012048,0.0,4.819277108433735,4.819277108433735,4.819277108433735,26.50602409638554,2.4096385542168677,0.0,0.0,0.0,0.0,0.0,0.0,0.0,0.0,0.0,0.0,0.0,2.4096385542168677,9.63855421686747,84.33734939759036,40.96385542168675,24.096385542168676,60.24096385542169,0.47164948453608246,4.020618556701031,2.4096385542168677,0.0,0.0,0.0,7.228915662650603,0.0,4.819277108433735,9.63855421686747,0.0,4.819277108433735,9.63855421686747,21.686746987951807,0.0,0.0,43.373493975903614,0.0,0.0,0.0,7.228915662650603,4.819277108433735,24.096385542168676,0.0,2.4096385542168677
39699830,52.23880597014925,2.487562189054726,27.36318407960199,2.487562189054726,0.0,14.925373134328359,0.0,0.0,12.437810945273633,2.487562189054726,0.0,0.0,7.462686567164179,34.82587064676617,2.487562189054726,305.97014925373134,0.0,0.0,32.33830845771144,0.0,0.0,0.0,0.0,14.925373134328359,2.487562189054726,0.0,2.487562189054726,4.975124378109452,0.0,0.0,0.0,0.0,0.0,4.975124378109452,0.0,0.0,0.0,0.0,156.71641791044777,62.18905472636816,9.950248756218905,17.412935323383085,0.3842239185750636,4.913486005089059,4.975124378109452,0.0,0.0,0.0,0.0,0.0,4.975124378109452,0.0,0.0,0.0,22.388059701492537,4.975124378109452,4.975124378109452,0.0,0.0,0.0,0.0,0.0,2.487562189054726,9.950248756218905,12.437810945273633,0.0,0.0
39759950,34.82587064676617,9.950248756218905,17.412935323383085,0.0,0.0,0.0,0.0,44.776119402985074,0.0,0.0,0.0,0.0,12.437810945273633,12.437810945273633,2.487562189054726,253.7313432835821,2.487562189054726,4.975124378109452,12.437810945273633,0.0,0.0,0.0,0.0,54.72636815920398,12.437810945273633,0.0,0.0,0.0,0.0,0.0,12.437810945273633,0.0,0.0,0.0,0.0,0.0,4.975124378109452,7.462686567164179,101.99004975124377,57.21393034825871,4.975124378109452,19.90049751243781,0.4895287958115183,4.827225130890052,2.487562189054726,0.0,0.0,2.487562189054726,0.0,0.0,0.0,0.0,0.0,12.437810945273633,4.975124378109452,19.90049751243781,7.462686567164179,2.487562189054726,0.0,2.487562189054726,0.0,2.487562189054726,2.487562189054726,0.0,0.0,0.0,0.0
39784104,2.493765586034913,9.975062344139651,24.93765586034913,7.481296758104738,0.0,0.0,0.0,32.418952618453865,2.493765586034913,0.0,0.0,0.0,7.481296758104738,7.481296758104738,0.0,299.25187032418955,0.0,0.0,14.962593516209475,0.0,2.493765586034913,0.0,0.0,37.406483790523694,0.0,0.0,0.0,2.493765586034913,2.493765586034913,0.0,2.493765586034913,0.0,0.0,2.493765586034913,0.0,0.0,0.0,9.975062344139651,147.13216957605985,49.87531172069826,4.987531172069826,17.456359102244388,0.4379746835443038,4.3063291139240505,2.493765586034913,0.0,0.0,0.0,2.493765586034913,0.0,4.987531172069826,0.0,0.0,27.43142144638404,9.975062344139651,9.975062344139651,2.493765586034913,0.0,0.0,0.0,2.493765586034913,0.0,2.493765586034913,2.493765586034913,4.987531172069826,0.0,0.0
39914357,78.62407862407862,12.285012285012284,4.914004914004914,4.914004914004914,2.457002457002457,14.742014742014742,0.0,22.11302211302211,14.742014742014742,0.0,0.0,2.457002457002457,12.285012285012284,2.457002457002457,2.457002457002457,262.8992628992629,7.371007371007371,2.457002457002457,29.484029484029485,0.0,2.457002457002457,0.0,0.0,24.570024570024568,7.371007371007371,2.457002457002457,0.0,2.457002457002457,4.914004914004914,0.0,2.457002457002457,0.0,0.0,0.0,0.0,0.0,0.0,4.914004914004914,120.39312039312038,31.94103194103194,9.828009828009828,56.511056511056516,0.49746192893401014,4.428934010152284,7.371007371007371,2.457002457002457,0.0,2.457002457002457,14.742014742014742,0.0,2.457002457002457,2.457002457002457,0.0,4.914004914004914,7.371007371007371,7.371007371007371,2.457002457002457,2.457002457002457,7.371007371007371,0.0,0.0,0.0,0.0,0.0,19.656019656019655,0.0,2.457002457002457
39918647,4.830917874396135,7.246376811594203,38.64734299516908,0.0,0.0,7.246376811594203,0.0,2.4154589371980677,31.40096618357488,0.0,0.0,0.0,7.246376811594203,41.06280193236715,2.4154589371980677,299.5169082125604,19.32367149758454,0.0,9.66183574879227,0.0,0.0,0.0,0.0,21.73913043478261,2.4154589371980677,0.0,0.0,0.0,2.4154589371980677,0.0,0.0,0.0,0.0,0.0,0.0,0.0,0.0,0.0,142.51207729468598,84.54106280193237,0.0,24.154589371980677,0.45864661654135336,4.932330827067669,0.0,0.0,0.0,0.0,0.0,0.0,4.830917874396135,0.0,0.0,12.077294685990339,2.4154589371980677,14.492753623188406,0.0,0.0,0.0,0.0,0.0,0.0,2.4154589371980677,21.73913043478261,0.0,0.0,2.4154589371980677
39946050,14.85148514851485,9.900990099009901,76.73267326732673,0.0,0.0,2.4752475247524752,0.0,24.752475247524753,7.425742574257425,7.425742574257425,4.9504950495049505,0.0,17.32673267326733,29.7029702970297,0.0,289.6039603960396,12.376237623762377,0.0,17.32673267326733,0.0,12.376237623762377,0.0,0.0,19.801980198019802,2.4752475247524752,2.4752475247524752,0.0,0.0,9.900990099009901,0.0,2.4752475247524752,0.0,0.0,2.4752475247524752,0.0,0.0,0.0,17.32673267326733,118.8118811881188,44.554455445544555,0.0,32.17821782178218,0.46733668341708545,5.025125628140704,0.0,0.0,2.4752475247524752,2.4752475247524752,2.4752475247524752,0.0,4.9504950495049505,0.0,0.0,0.0,17.32673267326733,4.9504950495049505,0.0,0.0,0.0,0.0,0.0,0.0,7.425742574257425,14.85148514851485,2.4752475247524752,0.0,0.0
39975187,39.21568627450981,17.156862745098042,49.01960784313725,2.450980392156863,0.0,12.254901960784313,0.0,4.901960784313726,14.705882352941176,0.0,0.0,0.0,14.705882352941176,61.27450980392157,4.901960784313726,227.94117647058823,7.352941176470588,4.901960784313726,34.313725490196084,0.0,17.156862745098042,4.901960784313726,0.0,9.803921568627452,2.450980392156863,0.0,0.0,2.450980392156863,0.0,2.450980392156863,2.450980392156863,0.0,0.0,7.352941176470588,0.0,0.0,0.0,4.901960784313726,98.0392156862745,58.8235294117647,7.352941176470588,31.862745098039213,0.49872773536895676,4.923664122137405,7.352941176470588,0.0,0.0,2.450980392156863,4.901960784313726,0.0,4.901960784313726,12.254901960784313,0.0,9.803921568627452,26.96078431372549,7.352941176470588,2.450980392156863,0.0,7.352941176470588,0.0,0.0,0.0,4.901960784313726,7.352941176470588,4.901960784313726,0.0,2.450980392156863
40014742,0.0,16.6270783847981,64.13301662707839,2.375296912114014,4.750593824228028,0.0,0.0,30.878859857482183,7.125890736342043,2.375296912114014,0.0,0.0,9.501187648456057,28.503562945368174,7.125890736342043,292.16152019002374,4.750593824228028,0.0,21.377672209026127,0.0,0.0,0.0,0.0,19.002375296912113,4.750593824228028,0.0,0.0,0.0,4.750593824228028,0.0,2.375296912114014,0.0,0.0,0.0,0.0,0.0,0.0,9.501187648456057,147.2684085510689,61.75771971496437,14.251781472684087,30.878859857482183,0.4927536231884058,5.154589371980676,2.375296912114014,0.0,0.0,0.0,2.375296912114014,0.0,4.750593824228028,2.375296912114014,0.0,2.375296912114014,2.375296912114014,2.375296912114014,0.0,0.0,0.0,0.0,0.0,0.0,2.375296912114014,11.876484560570072,9.501187648456057,0.0,0.0
40158359,9.950248756218905,7.462686567164179,44.776119402985074,4.975124378109452,0.0,22.388059701492537,0.0,4.975124378109452,0.0,2.487562189054726,12.437810945273633,7.462686567164179,4.975124378109452,49.75124378109453,0.0,251.24378109452738,7.462686567164179,2.487562189054726,9.950248756218905,0.0,12.437810945273633,0.0,0.0,44.776119402985074,0.0,0.0,7.462686567164179,0.0,0.0,0.0,0.0,0.0,0.0,4.975124378109452,0.0,0.0,0.0,7.462686567164179,99.50248756218906,64.67661691542288,7.462686567164179,27.36318407960199,0.44360902255639095,5.0701754385964914,0.0,0.0,0.0,2.487562189054726,2.487562189054726,0.0,0.0,4.975124378109452,0.0,14.925373134328359,12.437810945273633,17.412935323383085,22.388059701492537,0.0,0.0,0.0,0.0,0.0,0.0,19.90049751243781,7.462686567164179,0.0,0.0
40170906,29.484029484029485,0.0,73.71007371007371,0.0,0.0,24.570024570024568,7.371007371007371,36.85503685503686,9.828009828009828,2.457002457002457,12.285012285012284,0.0,19.656019656019655,9.828009828009828,0.0,248.15724815724815,9.828009828009828,0.0,36.85503685503686,2.457002457002457,0.0,2.457002457002457,0.0,22.11302211302211,2.457002457002457,0.0,0.0,0.0,9.828009828009828,0.0,2.457002457002457,0.0,0.0,0.0,0.0,0.0,0.0,2.457002457002457,81.08108108108108,56.511056511056516,7.371007371007371,63.88206388206388,0.5728900255754475,4.603580562659847,0.0,2.457002457002457,0.0,0.0,24.570024570024568,2.457002457002457,2.457002457002457,0.0,0.0,0.0,17.1990171990172,2.457002457002457,0.0,0.0,29.484029484029485,0.0,2.457002457002457,0.0,2.457002457002457,24.570024570024568,17.1990171990172,0.0,7.371007371007371
40174938,9.70873786407767,19.41747572815534,70.3883495145631,4.854368932038835,4.854368932038835,24.271844660194173,0.0,26.699029126213592,0.0,0.0,0.0,0.0,12.135922330097086,26.699029126213592,9.70873786407767,262.13592233009706,9.70873786407767,0.0,19.41747572815534,0.0,2.4271844660194173,0.0,0.0,31.553398058252426,2.4271844660194173,0.0,0.0,0.0,0.0,0.0,7.281553398058253,0.0,0.0,4.854368932038835,0.0,0.0,0.0,2.4271844660194173,101.94174757281553,63.10679611650485,7.281553398058253,31.553398058252426,0.5101522842639594,4.626903553299492,0.0,0.0,0.0,2.4271844660194173,2.4271844660194173,0.0,0.0,2.4271844660194173,0.0,12.135922330097086,9.70873786407767,14.563106796116505,0.0,0.0,21.844660194174757,2.4271844660194173,2.4271844660194173,0.0,7.281553398058253,7.281553398058253,12.135922330097086,0.0,2.4271844660194173
40192601,31.78484107579462,26.89486552567237,36.674816625916876,2.444987775061125,0.0,7.334963325183374,0.0,2.444987775061125,2.444987775061125,7.334963325183374,0.0,2.444987775061125,17.114914425427873,26.89486552567237,12.224938875305625,273.83863080684597,9.7799511002445,2.444987775061125,22.004889975550125,0.0,9.7799511002445,0.0,0.0,29.339853300733495,0.0,0.0,2.444987775061125,0.0,2.444987775061125,0.0,9.7799511002445,0.0,0.0,4.88997555012225,0.0,0.0,0.0,2.444987775061125,114.91442542787286,107.57946210268948,9.7799511002445,7.334963325183374,0.44360902255639095,5.2706766917293235,0.0,0.0,0.0,0.0,2.444987775061125,0.0,7.334963325183374,0.0,0.0,9.7799511002445,9.7799511002445,14.669926650366747,2.444987775061125,0.0,0.0,0.0,0.0,0.0,0.0,24.44987775061125,4.88997555012225,0.0,0.0
40268008,53.398058252427184,14.563106796116505,14.563106796116505,2.4271844660194173,0.0,0.0,0.0,4.854368932038835,12.135922330097086,0.0,0.0,0.0,14.563106796116505,26.699029126213592,4.854368932038835,317.9611650485437,12.135922330097086,7.281553398058253,16.990291262135923,0.0,4.854368932038835,0.0,0.0,26.699029126213592,2.4271844660194173,0.0,0.0,0.0,4.854368932038835,0.0,0.0,0.0,0.0,4.854368932038835,0.0,0.0,0.0,2.4271844660194173,128.64077669902912,38.83495145631068,4.854368932038835,16.990291262135923,0.51,4.845,2.4271844660194173,0.0,0.0,0.0,2.4271844660194173,0.0,0.0,2.4271844660194173,0.0,2.4271844660194173,0.0,12.135922330097086,2.4271844660194173,0.0,0.0,0.0,2.4271844660194173,0.0,2.4271844660194173,2.4271844660194173,4.854368932038835,0.0,0.0
40302745,40.7673860911271,26.378896882494004,31.17505995203837,2.398081534772182,0.0,0.0,0.0,0.0,7.194244604316547,0.0,0.0,0.0,14.388489208633095,43.16546762589928,7.194244604316547,316.54676258992805,16.786570743405274,2.398081534772182,7.194244604316547,2.398081534772182,7.194244604316547,2.398081534772182,0.0,9.592326139088728,7.194244604316547,0.0,4.796163069544364,0.0,7.194244604316547,0.0,0.0,0.0,2.398081534772182,4.796163069544364,0.0,0.0,0.0,4.796163069544364,153.47721822541965,50.35971223021583,2.398081534772182,38.36930455635491,0.5061124694376528,5.2420537897310515,4.796163069544364,0.0,0.0,2.398081534772182,0.0,0.0,9.592326139088728,2.398081534772182,0.0,0.0,7.194244604316547,7.194244604316547,2.398081534772182,2.398081534772182,0.0,0.0,0.0,0.0,4.796163069544364,11.990407673860911,7.194244604316547,0.0,7.194244604316547
40314209,59.8503740648379,4.987531172069826,37.406483790523694,0.0,0.0,42.394014962593516,0.0,27.43142144638404,4.987531172069826,2.493765586034913,0.0,0.0,17.456359102244388,7.481296758104738,2.493765586034913,314.21446384039905,0.0,2.493765586034913,39.900249376558605,0.0,12.468827930174564,0.0,0.0,4.987531172069826,4.987531172069826,0.0,0.0,0.0,9.975062344139651,0.0,7.481296758104738,0.0,0.0,0.0,0.0,0.0,0.0,2.493765586034913,107.23192019950125,34.912718204488776,22.443890274314214,27.43142144638404,0.44587628865979384,4.458762886597938,0.0,0.0,0.0,0.0,4.987531172069826,0.0,0.0,0.0,0.0,12.468827930174564,7.481296758104738,19.950124688279303,0.0,0.0,17.456359102244388,2.493765586034913,0.0,0.0,0.0,2.493765586034913,19.950124688279303,0.0,0.0
40317917,4.716981132075471,35.37735849056604,66.0377358490566,2.3584905660377355,0.0,0.0,0.0,0.0,16.50943396226415,0.0,0.0,0.0,11.79245283018868,16.50943396226415,4.716981132075471,290.09433962264154,9.433962264150942,0.0,21.22641509433962,0.0,2.3584905660377355,0.0,0.0,25.943396226415096,2.3584905660377355,0.0,4.716981132075471,0.0,0.0,0.0,0.0,0.0,0.0,9.433962264150942,0.0,0.0,0.0,4.716981132075471,117.9245283018868,84.90566037735849,4.716981132075471,28.30188679245283,0.47494033412887826,4.649164677804296,4.716981132075471,0.0,0.0,0.0,2.3584905660377355,0.0,0.0,0.0,0.0,9.433962264150942,7.0754716981132075,11.79245283018868,0.0,0.0,0.0,0.0,0.0,0.0,7.0754716981132075,7.0754716981132075,9.433962264150942,0.0,2.3584905660377355
40336048,48.78048780487805,0.0,31.70731707317073,0.0,0.0,9.75609756097561,0.0,12.195121951219512,0.0,2.4390243902439024,0.0,0.0,4.878048780487805,17.073170731707318,9.75609756097561,307.3170731707317,2.4390243902439024,2.4390243902439024,29.26829268292683,0.0,19.51219512195122,0.0,0.0,29.26829268292683,0.0,0.0,4.878048780487805,0.0,0.0,0.0,0.0,0.0,0.0,4.878048780487805,0.0,0.0,0.0,0.0,134.14634146341464,39.02439024390244,12.195121951219512,26.829268292682926,0.41687979539641945,4.951406649616368,2.4390243902439024,0.0,0.0,0.0,7.317073170731708,0.0,19.51219512195122,0.0,0.0,0.0,12.195121951219512,14.634146341463415,2.4390243902439024,0.0,0.0,0.0,0.0,0.0,0.0,21.95121951219512,12.195121951219512,0.0,0.0
40340803,17.073170731707318,19.51219512195122,48.78048780487805,0.0,0.0,0.0,0.0,14.634146341463415,7.317073170731708,0.0,0.0,0.0,9.75609756097561,36.58536585365854,0.0,309.7560975609756,7.317073170731708,7.317073170731708,19.51219512195122,2.4390243902439024,12.195121951219512,0.0,0.0,12.195121951219512,0.0,0.0,2.4390243902439024,2.4390243902439024,2.4390243902439024,0.0,2.4390243902439024,0.0,0.0,2.4390243902439024,0.0,0.0,0.0,0.0,139.02439024390245,51.21951219512195,4.878048780487805,34.146341463414636,0.5037220843672456,5.367245657568239,2.4390243902439024,2.4390243902439024,0.0,2.4390243902439024,2.4390243902439024,0.0,0.0,2.4390243902439024,0.0,2.4390243902439024,14.634146341463415,4.878048780487805,0.0,0.0,0.0,0.0,0.0,0.0,12.195121951219512,17.073170731707318,7.317073170731708,0.0,4.878048780487805
40370355,26.570048309178745,12.077294685990339,67.6328502415459,0.0,0.0,38.64734299516908,0.0,12.077294685990339,16.908212560386474,2.4154589371980677,2.4154589371980677,7.246376811594203,0.0,43.47826086956522,2.4154589371980677,241.54589371980674,19.32367149758454,0.0,12.077294685990339,2.4154589371980677,14.492753623188406,9.66183574879227,0.0,31.40096618357488,7.246376811594203,2.4154589371980677,0.0,0.0,0.0,0.0,0.0,0.0,0.0,0.0,0.0,0.0,0.0,12.077294685990339,89.37198067632849,43.47826086956522,9.66183574879227,33.81642512077295,0.4400977995110024,4.723716381418093,2.4154589371980677,0.0,0.0,2.4154589371980677,4.830917874396135,0.0,2.4154589371980677,2.4154589371980677,0.0,12.077294685990339,19.32367149758454,16.908212560386474,12.077294685990339,0.0,0.0,2.4154589371980677,0.0,0.0,4.830917874396135,19.32367149758454,16.908212560386474,0.0,2.4154589371980677
40447970,39.31203931203931,17.1990171990172,27.027027027027028,2.457002457002457,0.0,29.484029484029485,0.0,29.484029484029485,14.742014742014742,0.0,0.0,0.0,14.742014742014742,31.94103194103194,7.371007371007371,245.70024570024572,2.457002457002457,0.0,19.656019656019655,0.0,2.457002457002457,0.0,0.0,4.914004914004914,0.0,2.457002457002457,2.457002457002457,4.914004914004914,7.371007371007371,0.0,2.457002457002457,0.0,0.0,2.457002457002457,0.0,0.0,0.0,17.1990171990172,108.10810810810811,68.7960687960688,2.457002457002457,58.96805896805897,0.5816326530612245,5.188775510204081,2.457002457002457,0.0,0.0,2.457002457002457,0.0,0.0,4.914004914004914,12.285012285012284,0.0,2.457002457002457,2.457002457002457,12.285012285012284,4.914004914004914,2.457002457002457,9.828009828009828,0.0,0.0,0.0,12.285012285012284,7.371007371007371,4.914004914004914,0.0,9.828009828009828
40524656,40.28436018957346,2.3696682464454977,30.805687203791468,7.109004739336492,4.739336492890995,14.218009478672984,0.0,11.848341232227487,14.218009478672984,0.0,0.0,4.739336492890995,11.848341232227487,9.47867298578199,4.739336492890995,308.05687203791473,2.3696682464454977,4.739336492890995,28.43601895734597,0.0,2.3696682464454977,2.3696682464454977,0.0,18.95734597156398,2.3696682464454977,0.0,0.0,0.0,2.3696682464454977,0.0,7.109004739336492,0.0,0.0,0.0,0.0,0.0,0.0,0.0,132.70142180094788,59.241706161137444,7.109004739336492,47.393364928909946,0.5185185185185185,4.45925925925926,4.739336492890995,0.0,0.0,2.3696682464454977,4.739336492890995,0.0,2.3696682464454977,2.3696682464454977,0.0,2.3696682464454977,9.47867298578199,9.47867298578199,0.0,0.0,7.109004739336492,0.0,0.0,0.0,2.3696682464454977,0.0,9.47867298578199,0.0,0.0
40549820,64.13301662707839,21.377672209026127,2.375296912114014,0.0,4.750593824228028,2.375296912114014,0.0,85.5106888361045,7.125890736342043,0.0,2.375296912114014,2.375296912114014,14.251781472684087,19.002375296912113,0.0,218.52731591448932,4.750593824228028,0.0,16.6270783847981,2.375296912114014,2.375296912114014,0.0,4.750593824228028,26.128266033254157,2.375296912114014,7.125890736342043,0.0,0.0,4.750593824228028,0.0,0.0,0.0,0.0,0.0,0.0,2.375296912114014,0.0,14.251781472684087,109.26365795724466,42.75534441805225,0.0,47.50593824228029,0.5259259259259259,4.375308641975309,0.0,2.375296912114014,0.0,0.0,0.0,2.375296912114014,7.125890736342043,7.125890736342043,0.0,9.501187648456057,0.0,4.750593824228028,0.0,2.375296912114014,4.750593824228028,0.0,0.0,0.0,4.750593824228028,21.377672209026127,11.876484560570072,0.0,2.375296912114014
40619957,33.980582524271846,21.844660194174757,60.67961165048544,0.0,2.4271844660194173,33.980582524271846,0.0,21.844660194174757,12.135922330097086,0.0,0.0,0.0,7.281553398058253,19.41747572815534,0.0,223.3009708737864,4.854368932038835,2.4271844660194173,46.116504854368934,0.0,0.0,4.854368932038835,0.0,29.12621359223301,2.4271844660194173,0.0,0.0,0.0,2.4271844660194173,0.0,0.0,0.0,0.0,0.0,0.0,0.0,0.0,2.4271844660194173,121.35922330097088,41.2621359223301,14.563106796116505,65.53398058252426,0.4860759493670886,4.362025316455696,4.854368932038835,0.0,0.0,2.4271844660194173,9.70873786407767,0.0,0.0,2.4271844660194173,0.0,2.4271844660194173,9.70873786407767,7.281553398058253,0.0,0.0,24.271844660194173,0.0,0.0,0.0,4.854368932038835,9.70873786407767,24.271844660194173,0.0,4.854368932038835
40633269,79.71014492753622,16.908212560386474,4.830917874396135,0.0,4.830917874396135,0.0,0.0,55.55555555555555,0.0,0.0,0.0,0.0,9.66183574879227,26.570048309178745,12.077294685990339,256.0386473429952,2.4154589371980677,0.0,28.985507246376812,0.0,9.66183574879227,0.0,0.0,36.231884057971016,4.830917874396135,0.0,2.4154589371980677,2.4154589371980677,4.830917874396135,0.0,2.4154589371980677,0.0,0.0,2.4154589371980677,0.0,0.0,2.4154589371980677,2.4154589371980677,79.71014492753622,43.47826086956522,12.077294685990339,36.231884057971016,0.506265664160401,5.037593984962406,2.4154589371980677,2.4154589371980677,0.0,0.0,4.830917874396135,0.0,2.4154589371980677,0.0,0.0,2.4154589371980677,0.0,14.492753623188406,2.4154589371980677,0.0,0.0,0.0,0.0,0.0,4.830917874396135,9.66183574879227,16.908212560386474,0.0,4.830917874396135
40685951,16.6270783847981,14.251781472684087,57.00712589073635,0.0,4.750593824228028,28.503562945368174,0.0,23.752969121140143,16.6270783847981,4.750593824228028,4.750593824228028,0.0,16.6270783847981,28.503562945368174,0.0,230.40380047505937,4.750593824228028,2.375296912114014,40.38004750593824,0.0,2.375296912114014,0.0,0.0,26.128266033254157,0.0,0.0,2.375296912114014,0.0,0.0,0.0,7.125890736342043,0.0,0.0,4.750593824228028,0.0,0.0,0.0,4.750593824228028,114.0142517814727,38.00475059382423,14.251781472684087,38.00475059382423,0.5,4.4025,0.0,0.0,0.0,0.0,11.876484560570072,0.0,2.375296912114014,4.750593824228028,0.0,9.501187648456057,7.125890736342043,11.876484560570072,0.0,0.0,26.128266033254157,0.0,0.0,0.0,0.0,11.876484560570072,11.876484560570072,0.0,4.750593824228028
40766961,86.53846153846153,7.211538461538462,40.86538461538461,0.0,0.0,45.67307692307692,0.0,26.442307692307693,19.230769230769234,2.403846153846154,0.0,0.0,24.03846153846154,2.403846153846154,0.0,262.0192307692308,0.0,0.0,52.88461538461539,0.0,0.0,2.403846153846154,0.0,24.03846153846154,0.0,0.0,0.0,2.403846153846154,0.0,0.0,16.826923076923077,0.0,0.0,0.0,0.0,0.0,0.0,7.211538461538462,93.75,36.05769230769231,14.423076923076923,38.46153846153847,0.513715710723192,4.271820448877805,4.807692307692308,0.0,0.0,2.403846153846154,7.211538461538462,0.0,2.403846153846154,4.807692307692308,0.0,2.403846153846154,4.807692307692308,16.826923076923077,0.0,0.0,24.03846153846154,2.403846153846154,0.0,0.0,0.0,0.0,24.03846153846154,0.0,2.403846153846154
40875758,69.82543640897755,29.92518703241895,34.912718204488776,2.493765586034913,0.0,44.88778054862843,0.0,19.950124688279303,7.481296758104738,4.987531172069826,4.987531172069826,2.493765586034913,34.912718204488776,4.987531172069826,0.0,231.92019950124688,9.975062344139651,0.0,9.975062344139651,0.0,14.962593516209475,0.0,0.0,39.900249376558605,4.987531172069826,0.0,0.0,0.0,0.0,4.987531172069826,12.468827930174564,0.0,2.493765586034913,2.493765586034913,0.0,0.0,0.0,0.0,104.73815461346634,44.88778054862843,7.481296758104738,24.93765586034913,0.4652956298200514,4.974293059125964,2.493765586034913,0.0,0.0,0.0,2.493765586034913,0.0,2.493765586034913,4.987531172069826,0.0,7.481296758104738,9.975062344139651,27.43142144638404,4.987531172069826,0.0,9.975062344139651,0.0,0.0,0.0,4.987531172069826,7.481296758104738,12.468827930174564,0.0,2.493765586034913
41038220,2.398081534772182,7.194244604316547,52.75779376498801,0.0,2.398081534772182,2.398081534772182,0.0,9.592326139088728,14.388489208633095,0.0,0.0,0.0,19.184652278177456,38.36930455635491,2.398081534772182,220.62350119904076,4.796163069544364,4.796163069544364,28.77697841726619,2.398081534772182,2.398081534772182,2.398081534772182,2.398081534772182,43.16546762589928,0.0,0.0,0.0,0.0,0.0,0.0,0.0,0.0,0.0,14.388489208633095,0.0,0.0,0.0,16.786570743405274,95.92326139088729,45.563549160671464,14.388489208633095,45.563549160671464,0.4117647058823529,4.9754901960784315,0.0,0.0,0.0,0.0,2.398081534772182,0.0,2.398081534772182,14.388489208633095,0.0,19.184652278177456,4.796163069544364,11.990407673860911,2.398081534772182,0.0,0.0,0.0,0.0,0.0,16.786570743405274,4.796163069544364,0.0,0.0,0.0
10692360,26.96078431372549,31.862745098039213,66.17647058823529,2.450980392156863,4.901960784313726,12.254901960784313,0.0,4.901960784313726,0.0,4.901960784313726,0.0,0.0,7.352941176470588,14.705882352941176,2.450980392156863,269.60784313725486,12.254901960784313,7.352941176470588,17.156862745098042,4.901960784313726,14.705882352941176,0.0,0.0,26.96078431372549,2.450980392156863,0.0,2.450980392156863,0.0,0.0,0.0,0.0,0.0,0.0,7.352941176470588,0.0,0.0,0.0,9.803921568627452,78.43137254901961,26.96078431372549,9.803921568627452,41.666666666666664,0.4164588528678304,4.56359102244389,2.450980392156863,0.0,0.0,0.0,4.901960784313726,0.0,0.0,9.803921568627452,0.0,0.0,24.509803921568626,9.803921568627452,0.0,0.0,9.803921568627452,0.0,0.0,4.901960784313726,9.803921568627452,4.901960784313726,12.254901960784313,0.0,9.803921568627452
11575214,12.135922330097086,12.135922330097086,67.96116504854369,2.4271844660194173,0.0,4.854368932038835,0.0,38.83495145631068,7.281553398058253,2.4271844660194173,0.0,0.0,16.990291262135923,21.844660194174757,12.135922330097086,252.4271844660194,4.854368932038835,2.4271844660194173,12.135922330097086,0.0,7.281553398058253,0.0,0.0,16.990291262135923,4.854368932038835,0.0,2.4271844660194173,0.0,12.135922330097086,0.0,0.0,0.0,2.4271844660194173,2.4271844660194173,0.0,0.0,0.0,12.135922330097086,131.06796116504853,67.96116504854369,0.0,46.116504854368934,0.45145631067961167,5.077669902912621,2.4271844660194173,0.0,0.0,4.854368932038835,9.70873786407767,0.0,14.563106796116505,0.0,0.0,0.0,2.4271844660194173,12.135922330097086,0.0,0.0,0.0,0.0,0.0,0.0,2.4271844660194173,41.2621359223301,12.135922330097086,0.0,4.854368932038835
13984487,21.428571428571427,4.761904761904763,35.714285714285715,2.3809523809523814,0.0,0.0,0.0,16.666666666666668,7.142857142857142,0.0,2.3809523809523814,0.0,14.285714285714285,28.57142857142857,0.0,273.80952380952385,11.904761904761903,2.3809523809523814,28.57142857142857,0.0,0.0,0.0,0.0,21.428571428571427,2.3809523809523814,0.0,2.3809523809523814,0.0,2.3809523809523814,0.0,2.3809523809523814,0.0,0.0,7.142857142857142,0.0,0.0,0.0,0.0,128.57142857142856,92.85714285714286,7.142857142857142,28.57142857142857,0.47596153846153844,4.850961538461538,0.0,0.0,0.0,2.3809523809523814,4.761904761904763,0.0,0.0,0.0,2.3809523809523814,2.3809523809523814,4.761904761904763,11.904761904761903,0.0,0.0,0.0,0.0,0.0,0.0,4.761904761904763,28.57142857142857,7.142857142857142,0.0,0.0
14538679,16.74641148325359,19.138755980861244,47.84688995215311,2.3923444976076556,0.0,4.784688995215311,0.0,31.10047846889952,0.0,0.0,2.3923444976076556,4.784688995215311,7.177033492822967,26.31578947368421,2.3923444976076556,246.41148325358853,11.961722488038278,0.0,16.74641148325359,0.0,9.569377990430622,2.3923444976076556,0.0,52.63157894736842,2.3923444976076556,0.0,0.0,0.0,0.0,0.0,4.784688995215311,0.0,0.0,2.3923444976076556,0.0,0.0,2.3923444976076556,2.3923444976076556,107.6555023923445,66.98564593301435,7.177033492822967,31.10047846889952,0.5097087378640777,4.87378640776699,2.3923444976076556,0.0,0.0,4.784688995215311,11.961722488038278,0.0,2.3923444976076556,7.177033492822967,0.0,0.0,19.138755980861244,4.784688995215311,9.569377990430622,0.0,2.3923444976076556,0.0,0.0,0.0,7.177033492822967,4.784688995215311,7.177033492822967,0.0,0.0
15422655,24.213075060532688,19.37046004842615,55.69007263922518,0.0,7.263922518159807,0.0,0.0,31.476997578692497,4.842615012106537,0.0,0.0,0.0,4.842615012106537,9.685230024213075,2.4213075060532687,336.5617433414044,7.263922518159807,0.0,31.476997578692497,2.4213075060532687,12.106537530266344,0.0,0.0,21.791767554479417,2.4213075060532687,2.4213075060532687,0.0,0.0,0.0,0.0,2.4213075060532687,0.0,0.0,2.4213075060532687,0.0,0.0,4.842615012106537,2.4213075060532687,104.11622276029055,43.583535108958834,4.842615012106537,24.213075060532688,0.5175,4.5925,7.263922518159807,0.0,0.0,0.0,0.0,0.0,4.842615012106537,4.842615012106537,0.0,2.4213075060532687,9.685230024213075,4.842615012106537,7.263922518159807,2.4213075060532687,0.0,0.0,0.0,0.0,4.842615012106537,4.842615012106537,16.949152542372882,0.0,4.842615012106537
15906194,25.76112412177986,23.4192037470726,65.57377049180329,11.7096018735363,2.34192037470726,46.8384074941452,0.0,35.128805620608894,4.68384074941452,2.34192037470726,0.0,0.0,9.36768149882904,11.7096018735363,2.34192037470726,222.4824355971897,2.34192037470726,2.34192037470726,21.07728337236534,0.0,11.7096018735363,2.34192037470726,0.0,23.4192037470726,4.68384074941452,0.0,0.0,2.34192037470726,0.0,0.0,4.68384074941452,0.0,0.0,2.34192037470726,0.0,0.0,0.0,0.0,126.46370023419203,35.128805620608894,9.36768149882904,42.15456674473068,0.528395061728395,4.3432098765432094,4.68384074941452,0.0,0.0,2.34192037470726,0.0,0.0,2.34192037470726,7.02576112412178,0.0,2.34192037470726,14.05152224824356,16.393442622950822,4.68384074941452,0.0,18.73536299765808,2.34192037470726,0.0,0.0,2.34192037470726,9.36768149882904,28.10304449648712,0.0,11.7096018735363
16195344,2.3866348448687353,7.159904534606206,57.279236276849645,4.773269689737471,0.0,2.3866348448687353,0.0,19.093078758949883,2.3866348448687353,0.0,0.0,0.0,11.933174224343675,21.479713603818613,2.3866348448687353,300.7159904534606,11.933174224343675,2.3866348448687353,11.933174224343675,0.0,14.319809069212411,0.0,0.0,19.093078758949883,0.0,0.0,2.3866348448687353,0.0,2.3866348448687353,0.0,0.0,0.0,0.0,7.159904534606206,0.0,0.0,0.0,4.773269689737471,97.85202863961814,57.279236276849645,7.159904534606206,33.41288782816229,0.5279805352798054,5.111922141119221,4.773269689737471,2.3866348448687353,0.0,2.3866348448687353,2.3866348448687353,0.0,7.159904534606206,7.159904534606206,0.0,21.479713603818613,16.706443914081145,7.159904534606206,2.3866348448687353,0.0,9.546539379474941,0.0,0.0,2.3866348448687353,4.773269689737471,11.933174224343675,4.773269689737471,0.0,4.773269689737471
17220810,0.0,9.732360097323602,55.961070559610704,2.4330900243309004,0.0,0.0,0.0,12.165450121654501,21.897810218978105,2.4330900243309004,0.0,0.0,9.732360097323602,29.197080291970803,4.866180048661801,299.27007299270076,12.165450121654501,4.866180048661801,24.330900243309003,0.0,0.0,0.0,0.0,0.0,0.0,0.0,4.866180048661801,0.0,2.4330900243309004,0.0,0.0,0.0,0.0,7.299270072992701,0.0,0.0,0.0,7.299270072992701,114.35523114355232,124.08759124087591,4.866180048661801,36.4963503649635,0.5098522167487685,5.3399014778325125,2.4330900243309004,2.4330900243309004,0.0,0.0,2.4330900243309004,0.0,0.0,0.0,2.4330900243309004,0.0,0.0,7.299270072992701,0.0,0.0,0.0,0.0,0.0,0.0,7.299270072992701,19.464720194647203,2.4330900243309004,0.0,2.4330900243309004
19690774,16.241299303944317,27.842227378190255,60.324825986078885,0.0,0.0,4.640371229698376,0.0,4.640371229698376,11.600928074245939,0.0,0.0,0.0,18.561484918793504,88.16705336426914,4.640371229698376,199.53596287703016,6.960556844547564,4.640371229698376,13.921113689095128,0.0,18.561484918793504,0.0,0.0,16.241299303944317,6.960556844547564,0.0,2.320185614849188,2.320185614849188,13.921113689095128,0.0,2.320185614849188,0.0,0.0,2.320185614849188,0.0,0.0,0.0,2.320185614849188,106.72853828306265,81.20649651972157,6.960556844547564,48.72389791183294,0.48484848484848486,5.694638694638694,4.640371229698376,0.0,0.0,6.960556844547564,0.0,0.0,9.280742459396752,9.280742459396752,4.640371229698376,4.640371229698376,32.48259860788863,4.640371229698376,4.640371229698376,0.0,0.0,0.0,0.0,0.0,23.201856148491878,18.561484918793504,4.640371229698376,0.0,4.640371229698376
20177384,7.481296758104738,29.92518703241895,49.87531172069826,4.987531172069826,0.0,0.0,0.0,4.987531172069826,12.468827930174564,2.493765586034913,0.0,0.0,17.456359102244388,34.912718204488776,0.0,269.32668329177056,22.443890274314214,2.493765586034913,14.962593516209475,0.0,9.975062344139651,0.0,0.0,19.950124688279303,9.975062344139651,0.0,4.987531172069826,0.0,0.0,0.0,2.493765586034913,0.0,0.0,12.468827930174564,0.0,0.0,4.987531172069826,0.0,134.66334164588528,82.29426433915212,2.493765586034913,17.456359102244388,0.5251256281407035,5.005025125628141,0.0,0.0,0.0,2.493765586034913,2.493765586034913,0.0,4.987531172069826,2.493765586034913,4.987531172069826,2.493765586034913,12.468827930174564,14.962593516209475,0.0,2.493765586034913,2.493765586034913,0.0,0.0,0.0,2.493765586034913,7.481296758104738,0.0,0.0,0.0
20288077,75.60975609756098,14.634146341463415,9.75609756097561,0.0,2.4390243902439024,0.0,0.0,24.390243902439025,9.75609756097561,0.0,0.0,0.0,7.317073170731708,26.829268292682926,12.195121951219512,312.1951219512195,14.634146341463415,0.0,24.390243902439025,0.0,14.634146341463415,0.0,0.0,21.95121951219512,2.4390243902439024,0.0,0.0,0.0,0.0,0.0,0.0,0.0,0.0,4.878048780487805,2.4390243902439024,0.0,0.0,2.4390243902439024,117.07317073170732,31.70731707317073,14.634146341463415,39.02439024390244,0.4318766066838046,5.169665809768637,9.75609756097561,0.0,0.0,0.0,4.878048780487805,0.0,0.0,0.0,0.0,0.0,14.634146341463415,0.0,12.195121951219512,4.878048780487805,0.0,0.0,0.0,0.0,4.878048780487805,9.75609756097561,2.4390243902439024,0.0,2.4390243902439024
20861868,42.28855721393035,19.90049751243781,39.80099502487562,7.462686567164179,0.0,12.437810945273633,0.0,49.75124378109453,4.975124378109452,0.0,0.0,0.0,9.950248756218905,14.925373134328359,7.462686567164179,256.21890547263683,14.925373134328359,4.975124378109452,14.925373134328359,0.0,0.0,0.0,0.0,22.388059701492537,4.975124378109452,0.0,2.487562189054726,0.0,2.487562189054726,0.0,2.487562189054726,0.0,0.0,2.487562189054726,0.0,0.0,0.0,7.462686567164179,134.32835820895522,54.72636815920398,4.975124378109452,27.36318407960199,0.4962025316455696,4.779746835443038,2.487562189054726,0.0,0.0,0.0,0.0,0.0,0.0,4.975124378109452,0.0,0.0,7.462686567164179,7.462686567164179,0.0,2.487562189054726,4.975124378109452,0.0,2.487562189054726,0.0,4.975124378109452,7.462686567164179,4.975124378109452,0.0,2.487562189054726
21287233,4.819277108433735,12.048192771084338,45.78313253012048,4.819277108433735,0.0,2.4096385542168677,0.0,2.4096385542168677,7.228915662650603,2.4096385542168677,0.0,0.0,9.63855421686747,26.50602409638554,9.63855421686747,298.7951807228916,16.867469879518072,0.0,19.27710843373494,0.0,2.4096385542168677,0.0,0.0,26.50602409638554,7.228915662650603,0.0,0.0,0.0,0.0,0.0,0.0,0.0,0.0,9.63855421686747,0.0,0.0,0.0,14.457831325301205,120.48192771084338,55.42168674698795,4.819277108433735,16.867469879518072,0.45363408521303256,4.56390977443609,2.4096385542168677,0.0,0.0,2.4096385542168677,2.4096385542168677,0.0,0.0,2.4096385542168677,0.0,7.228915662650603,4.819277108433735,14.457831325301205,0.0,0.0,0.0,0.0,0.0,0.0,2.4096385542168677,9.63855421686747,2.4096385542168677,0.0,0.0
21289352,30.660377358490567,28.30188679245283,35.37735849056604,2.3584905660377355,7.0754716981132075,0.0,0.0,21.22641509433962,2.3584905660377355,0.0,0.0,0.0,18.867924528301884,23.58490566037736,4.716981132075471,280.66037735849056,14.150943396226415,0.0,18.867924528301884,0.0,16.50943396226415,0.0,0.0,9.433962264150942,9.433962264150942,0.0,2.3584905660377355,4.716981132075471,2.3584905660377355,0.0,2.3584905660377355,0.0,0.0,7.0754716981132075,0.0,0.0,4.716981132075471,2.3584905660377355,110.84905660377359,44.81132075471698,7.0754716981132075,37.73584905660377,0.4547677261613692,4.7799511002444985,7.0754716981132075,2.3584905660377355,0.0,2.3584905660377355,7.0754716981132075,0.0,0.0,2.3584905660377355,7.0754716981132075,14.150943396226415,14.150943396226415,4.716981132075471,4.716981132075471,0.0,0.0,0.0,0.0,0.0,11.79245283018868,7.0754716981132075,4.716981132075471,0.0,2.3584905660377355
21312940,83.12958435207824,24.44987775061125,14.669926650366747,2.444987775061125,2.444987775061125,0.0,0.0,56.23471882640587,7.334963325183374,2.444987775061125,0.0,0.0,17.114914425427873,26.89486552567237,0.0,266.5036674816626,7.334963325183374,4.88997555012225,2.444987775061125,0.0,14.669926650366747,0.0,0.0,24.44987775061125,7.334963325183374,7.334963325183374,0.0,0.0,7.334963325183374,0.0,0.0,0.0,0.0,4.88997555012225,0.0,0.0,0.0,14.669926650366747,105.13447432762835,26.89486552567237,2.444987775061125,29.339853300733495,0.4628712871287129,4.816831683168317,0.0,0.0,0.0,0.0,0.0,0.0,0.0,0.0,0.0,0.0,17.114914425427873,7.334963325183374,4.88997555012225,0.0,0.0,0.0,0.0,0.0,4.88997555012225,7.334963325183374,4.88997555012225,2.444987775061125,0.0
21357667,16.6270783847981,19.002375296912113,42.75534441805225,2.375296912114014,2.375296912114014,0.0,0.0,9.501187648456057,19.002375296912113,2.375296912114014,0.0,0.0,14.251781472684087,49.8812351543943,4.750593824228028,237.5296912114014,11.876484560570072,4.750593824228028,21.377672209026127,0.0,14.251781472684087,2.375296912114014,0.0,33.2541567695962,2.375296912114014,0.0,2.375296912114014,2.375296912114014,0.0,0.0,7.125890736342043,0.0,2.375296912114014,4.750593824228028,0.0,0.0,0.0,7.125890736342043,106.88836104513064,49.8812351543943,14.251781472684087,19.002375296912113,0.42028985507246375,4.8647342995169085,4.750593824228028,2.375296912114014,0.0,0.0,7.125890736342043,0.0,0.0,0.0,0.0,11.876484560570072,21.377672209026127,14.251781472684087,11.876484560570072,0.0,0.0,0.0,0.0,0.0,4.750593824228028,40.38004750593824,7.125890736342043,0.0,0.0
21708251,9.803921568627452,0.0,56.372549019607845,2.450980392156863,2.450980392156863,2.450980392156863,0.0,17.156862745098042,12.254901960784313,4.901960784313726,2.450980392156863,0.0,14.705882352941176,46.568627450980394,4.901960784313726,232.84313725490196,4.901960784313726,2.450980392156863,29.41176470588235,0.0,2.450980392156863,2.450980392156863,0.0,19.607843137254903,0.0,0.0,0.0,2.450980392156863,0.0,0.0,0.0,0.0,0.0,0.0,0.0,0.0,0.0,17.156862745098042,127.45098039215685,56.372549019607845,9.803921568627452,49.01960784313725,0.48148148148148145,5.069135802469136,7.352941176470588,0.0,0.0,0.0,2.450980392156863,0.0,4.901960784313726,7.352941176470588,0.0,4.901960784313726,4.901960784313726,7.352941176470588,12.254901960784313,2.450980392156863,0.0,0.0,0.0,0.0,7.352941176470588,4.901960784313726,7.352941176470588,0.0,4.901960784313726
21974375,42.75534441805225,21.377672209026127,40.38004750593824,2.375296912114014,4.750593824228028,14.251781472684087,0.0,16.6270783847981,0.0,2.375296912114014,14.251781472684087,0.0,19.002375296912113,11.876484560570072,0.0,247.03087885985747,7.125890736342043,0.0,21.377672209026127,0.0,0.0,2.375296912114014,0.0,28.503562945368174,2.375296912114014,0.0,0.0,0.0,0.0,0.0,9.501187648456057,0.0,2.375296912114014,2.375296912114014,0.0,0.0,0.0,9.501187648456057,128.26603325415678,38.00475059382423,7.125890736342043,35.62945368171022,0.5,4.722488038277512,2.375296912114014,0.0,0.0,0.0,0.0,0.0,0.0,7.125890736342043,0.0,2.375296912114014,11.876484560570072,14.251781472684087,2.375296912114014,0.0,0.0,0.0,0.0,0.0,4.750593824228028,9.501187648456057,11.876484560570072,0.0,0.0
22002733,7.481296758104738,7.481296758104738,47.38154613466334,0.0,0.0,0.0,0.0,9.975062344139651,14.962593516209475,0.0,0.0,0.0,9.975062344139651,42.394014962593516,0.0,284.28927680798006,22.443890274314214,0.0,19.950124688279303,0.0,7.481296758104738,0.0,0.0,32.418952618453865,0.0,0.0,0.0,0.0,2.493765586034913,0.0,0.0,0.0,4.987531172069826,2.493765586034913,0.0,0.0,0.0,7.481296758104738,132.16957605985039,52.36907730673317,4.987531172069826,17.456359102244388,0.4,4.832911392405063,4.987531172069826,0.0,0.0,0.0,0.0,0.0,4.987531172069826,0.0,0.0,14.962593516209475,2.493765586034913,19.950124688279303,7.481296758104738,0.0,0.0,0.0,0.0,2.493765586034913,4.987531172069826,9.975062344139651,7.481296758104738,0.0,2.493765586034913
22244539,7.444168734491315,24.81389578163772,47.146401985111666,7.444168734491315,0.0,0.0,0.0,4.962779156327543,9.925558312655086,4.962779156327543,0.0,2.4813895781637716,14.88833746898263,24.81389578163772,17.3697270471464,245.6575682382134,9.925558312655086,4.962779156327543,17.3697270471464,0.0,12.40694789081886,4.962779156327543,0.0,24.81389578163772,0.0,0.0,0.0,0.0,4.962779156327543,0.0,2.4813895781637716,0.0,0.0,4.962779156327543,0.0,0.0,0.0,9.925558312655086,121.58808933002481,44.66501240694789,4.962779156327543,27.29528535980149,0.5062344139650873,4.9551122194513715,4.962779156327543,0.0,0.0,0.0,2.4813895781637716,0.0,2.4813895781637716,7.444168734491315,2.4813895781637716,7.444168734491315,17.3697270471464,7.444168734491315,0.0,0.0,0.0,0.0,0.0,0.0,7.444168734491315,22.332506203473944,2.4813895781637716,0.0,2.4813895781637716
22445435,56.93069306930693,29.7029702970297,39.603960396039604,2.4752475247524752,2.4752475247524752,9.900990099009901,0.0,7.425742574257425,7.425742574257425,0.0,0.0,0.0,17.32673267326733,66.83168316831683,4.9504950495049505,245.04950495049505,7.425742574257425,7.425742574257425,19.801980198019802,0.0,14.85148514851485,0.0,0.0,17.32673267326733,7.425742574257425,0.0,0.0,0.0,4.9504950495049505,0.0,2.4752475247524752,2.4752475247524752,0.0,7.425742574257425,0.0,0.0,0.0,0.0,108.91089108910892,17.32673267326733,14.85148514851485,24.752475247524753,0.4912718204488778,4.817955112219451,4.9504950495049505,0.0,0.0,0.0,0.0,0.0,0.0,0.0,0.0,12.376237623762377,24.752475247524753,17.32673267326733,7.425742574257425,0.0,0.0,0.0,0.0,0.0,4.9504950495049505,24.752475247524753,7.425742574257425,2.4752475247524752,9.900990099009901
23042831,69.71153846153847,4.807692307692308,12.01923076923077,4.807692307692308,2.403846153846154,12.01923076923077,0.0,28.846153846153847,4.807692307692308,0.0,0.0,0.0,14.423076923076923,9.615384615384617,0.0,259.61538461538464,2.403846153846154,2.403846153846154,38.46153846153847,0.0,4.807692307692308,0.0,0.0,21.634615384615383,7.211538461538462,0.0,0.0,0.0,4.807692307692308,0.0,7.211538461538462,0.0,0.0,0.0,0.0,0.0,2.403846153846154,0.0,105.76923076923077,67.3076923076923,19.230769230769234,43.26923076923077,0.5390243902439025,4.65609756097561,4.807692307692308,0.0,2.403846153846154,2.403846153846154,7.211538461538462,0.0,0.0,2.403846153846154,0.0,4.807692307692308,4.807692307692308,7.211538461538462,0.0,0.0,4.807692307692308,2.403846153846154,0.0,0.0,2.403846153846154,7.211538461538462,19.230769230769234,0.0,2.403846153846154
23111990,19.851116625310173,19.851116625310173,47.146401985111666,9.925558312655086,4.962779156327543,37.220843672456574,0.0,12.40694789081886,9.925558312655086,0.0,0.0,0.0,12.40694789081886,7.444168734491315,0.0,270.4714640198511,7.444168734491315,4.962779156327543,32.25806451612903,0.0,0.0,0.0,0.0,19.851116625310173,0.0,2.4813895781637716,0.0,0.0,0.0,0.0,4.962779156327543,0.0,0.0,2.4813895781637716,0.0,0.0,0.0,2.4813895781637716,121.58808933002481,37.220843672456574,14.88833746898263,44.66501240694789,0.455026455026455,4.235449735449736,2.4813895781637716,0.0,0.0,0.0,0.0,0.0,2.4813895781637716,0.0,7.444168734491315,24.81389578163772,7.444168734491315,9.925558312655086,14.88833746898263,0.0,34.7394540942928,0.0,0.0,0.0,9.925558312655086,2.4813895781637716,14.88833746898263,2.4813895781637716,0.0
23217368,24.44987775061125,14.669926650366747,46.45476772616137,2.444987775061125,0.0,12.224938875305625,0.0,14.669926650366747,4.88997555012225,2.444987775061125,0.0,0.0,14.669926650366747,17.114914425427873,4.88997555012225,303.1784841075795,7.334963325183374,4.88997555012225,29.339853300733495,4.88997555012225,9.7799511002445,0.0,0.0,19.559902200489,2.444987775061125,0.0,0.0,0.0,4.88997555012225,0.0,2.444987775061125,0.0,0.0,4.88997555012225,0.0,0.0,0.0,0.0,117.35941320293398,26.89486552567237,2.444987775061125,36.674816625916876,0.46616541353383456,4.764411027568922,7.334963325183374,0.0,0.0,2.444987775061125,2.444987775061125,0.0,4.88997555012225,4.88997555012225,0.0,14.669926650366747,22.004889975550125,12.224938875305625,12.224938875305625,0.0,4.88997555012225,0.0,2.444987775061125,0.0,9.7799511002445,12.224938875305625,7.334963325183374,7.334963325183374,4.88997555012225
23260286,0.0,4.88997555012225,78.239608801956,0.0,0.0,80.68459657701712,2.444987775061125,7.334963325183374,7.334963325183374,7.334963325183374,2.444987775061125,2.444987775061125,31.78484107579462,44.00977995110025,4.88997555012225,188.2640586797066,9.7799511002445,2.444987775061125,36.674816625916876,0.0,4.88997555012225,0.0,0.0,17.114914425427873,0.0,0.0,0.0,0.0,4.88997555012225,0.0,2.444987775061125,0.0,0.0,0.0,0.0,0.0,0.0,14.669926650366747,102.68948655256723,61.12469437652811,9.7799511002445,51.344743276283616,0.4900990099009901,4.725247524752476,0.0,2.444987775061125,0.0,0.0,12.224938875305625,0.0,2.444987775061125,22.004889975550125,0.0,0.0,0.0,26.89486552567237,0.0,0.0,9.7799511002445,0.0,0.0,0.0,4.88997555012225,34.229828850855746,12.224938875305625,0.0,9.7799511002445
23602554,11.547344110854503,25.404157043879906,46.18937644341801,2.3094688221709005,9.237875288683602,0.0,0.0,0.0,25.404157043879906,0.0,2.3094688221709005,0.0,11.547344110854503,27.71362586605081,4.618937644341801,228.63741339491918,32.33256351039261,4.618937644341801,16.166281755196305,0.0,0.0,0.0,0.0,23.094688221709006,0.0,0.0,2.3094688221709005,0.0,0.0,0.0,2.3094688221709005,0.0,0.0,6.928406466512702,0.0,2.3094688221709005,2.3094688221709005,9.237875288683602,115.47344110854503,78.52193995381063,2.3094688221709005,50.80831408775981,0.45390070921985815,4.742316784869977,2.3094688221709005,2.3094688221709005,0.0,0.0,2.3094688221709005,0.0,0.0,0.0,2.3094688221709005,2.3094688221709005,2.3094688221709005,13.856812933025404,0.0,0.0,0.0,0.0,0.0,2.3094688221709005,9.237875288683602,23.094688221709006,2.3094688221709005,0.0,2.3094688221709005
24175030,14.962593516209475,4.987531172069826,34.912718204488776,2.493765586034913,2.493765586034913,12.468827930174564,0.0,9.975062344139651,4.987531172069826,7.481296758104738,0.0,4.987531172069826,22.443890274314214,19.950124688279303,2.493765586034913,276.8079800498753,7.481296758104738,0.0,27.43142144638404,0.0,9.975062344139651,0.0,0.0,22.443890274314214,7.481296758104738,0.0,0.0,2.493765586034913,17.456359102244388,0.0,2.493765586034913,0.0,0.0,2.493765586034913,0.0,0.0,2.493765586034913,4.987531172069826,117.20698254364089,52.36907730673317,14.962593516209475,24.93765586034913,0.43609022556390975,4.601503759398496,0.0,2.493765586034913,0.0,0.0,4.987531172069826,0.0,14.962593516209475,27.43142144638404,2.493765586034913,4.987531172069826,2.493765586034913,24.93765586034913,0.0,0.0,0.0,0.0,0.0,0.0,7.481296758104738,12.468827930174564,2.493765586034913,0.0,0.0
24285864,74.44168734491315,7.444168734491315,12.40694789081886,7.444168734491315,0.0,9.925558312655086,0.0,24.81389578163772,22.332506203473944,2.4813895781637716,0.0,0.0,4.962779156327543,17.3697270471464,2.4813895781637716,292.80397022332505,2.4813895781637716,2.4813895781637716,42.183622828784124,0.0,0.0,0.0,0.0,24.81389578163772,7.444168734491315,0.0,2.4813895781637716,0.0,2.4813895781637716,0.0,2.4813895781637716,0.0,0.0,0.0,0.0,0.0,0.0,4.962779156327543,114.14392059553349,29.77667493796526,0.0,27.29528535980149,0.546875,4.296875,2.4813895781637716,0.0,0.0,0.0,9.925558312655086,0.0,2.4813895781637716,0.0,0.0,2.4813895781637716,9.925558312655086,4.962779156327543,0.0,0.0,9.925558312655086,0.0,0.0,0.0,0.0,7.444168734491315,17.3697270471464,0.0,0.0
25310641,12.345679012345679,9.876543209876543,46.91358024691358,0.0,0.0,4.938271604938271,0.0,9.876543209876543,14.814814814814815,0.0,0.0,0.0,14.814814814814815,22.22222222222222,4.938271604938271,311.11111111111114,14.814814814814815,2.4691358024691357,17.28395061728395,0.0,7.407407407407407,0.0,0.0,17.28395061728395,0.0,0.0,2.4691358024691357,0.0,4.938271604938271,0.0,4.938271604938271,0.0,0.0,4.938271604938271,0.0,0.0,0.0,2.4691358024691357,130.8641975308642,74.07407407407408,4.938271604938271,12.345679012345679,0.49122807017543857,4.994987468671679,2.4691358024691357,0.0,0.0,0.0,2.4691358024691357,0.0,2.4691358024691357,0.0,0.0,12.345679012345679,9.876543209876543,17.28395061728395,7.407407407407407,0.0,0.0,2.4691358024691357,0.0,0.0,0.0,9.876543209876543,0.0,0.0,0.0
25515310,16.587677725118485,9.47867298578199,52.132701421800945,2.3696682464454977,0.0,16.587677725118485,0.0,7.109004739336492,2.3696682464454977,7.109004739336492,2.3696682464454977,2.3696682464454977,14.218009478672984,35.54502369668246,7.109004739336492,244.07582938388626,7.109004739336492,2.3696682464454977,14.218009478672984,2.3696682464454977,0.0,0.0,0.0,37.91469194312796,4.739336492890995,0.0,2.3696682464454977,0.0,7.109004739336492,2.3696682464454977,0.0,0.0,0.0,4.739336492890995,0.0,0.0,2.3696682464454977,11.848341232227487,104.26540284360189,63.98104265402843,7.109004739336492,26.066350710900473,0.5571428571428572,5.114285714285714,2.3696682464454977,0.0,0.0,0.0,0.0,0.0,0.0,4.739336492890995,0.0,0.0,4.739336492890995,7.109004739336492,4.739336492890995,0.0,0.0,0.0,0.0,0.0,0.0,35.54502369668246,11.848341232227487,0.0,4.739336492890995
25861572,4.830917874396135,14.492753623188406,62.80193236714976,2.4154589371980677,2.4154589371980677,14.492753623188406,0.0,33.81642512077295,2.4154589371980677,0.0,0.0,0.0,21.73913043478261,9.66183574879227,0.0,282.6086956521739,21.73913043478261,2.4154589371980677,26.570048309178745,0.0,0.0,2.4154589371980677,0.0,28.985507246376812,0.0,0.0,0.0,2.4154589371980677,0.0,0.0,16.908212560386474,0.0,0.0,0.0,0.0,0.0,0.0,7.246376811594203,120.77294685990337,72.46376811594203,4.830917874396135,21.73913043478261,0.4651741293532338,4.4054726368159205,4.830917874396135,0.0,0.0,0.0,4.830917874396135,0.0,0.0,0.0,0.0,12.077294685990339,4.830917874396135,14.492753623188406,2.4154589371980677,0.0,0.0,0.0,0.0,0.0,7.246376811594203,0.0,4.830917874396135,0.0,0.0
26140986,23.52941176470588,16.47058823529412,32.94117647058824,4.705882352941176,0.0,0.0,0.0,49.41176470588235,4.705882352941176,0.0,0.0,0.0,2.352941176470588,28.23529411764706,4.705882352941176,291.7647058823529,9.411764705882351,0.0,21.176470588235293,2.352941176470588,0.0,2.352941176470588,0.0,23.52941176470588,9.411764705882351,2.352941176470588,0.0,0.0,0.0,0.0,2.352941176470588,0.0,0.0,0.0,0.0,0.0,0.0,7.058823529411765,129.41176470588238,91.76470588235294,4.705882352941176,32.94117647058824,0.4963855421686747,4.732530120481928,2.352941176470588,0.0,0.0,0.0,2.352941176470588,0.0,0.0,2.352941176470588,0.0,0.0,0.0,2.352941176470588,2.352941176470588,0.0,0.0,0.0,0.0,0.0,11.76470588235294,11.76470588235294,7.058823529411765,0.0,0.0
26677772,32.098765432098766,29.62962962962963,32.098765432098766,0.0,0.0,0.0,0.0,4.938271604938271,7.407407407407407,0.0,0.0,0.0,12.345679012345679,91.35802469135803,12.345679012345679,170.37037037037035,19.753086419753085,4.938271604938271,27.160493827160494,0.0,9.876543209876543,0.0,0.0,44.44444444444444,4.938271604938271,0.0,0.0,0.0,0.0,0.0,4.938271604938271,0.0,0.0,4.938271604938271,0.0,0.0,0.0,12.345679012345679,103.7037037037037,61.72839506172839,17.28395061728395,17.28395061728395,0.42462311557788945,5.022613065326633,7.407407407407407,0.0,0.0,0.0,0.0,0.0,2.4691358024691357,4.938271604938271,0.0,2.4691358024691357,12.345679012345679,17.28395061728395,9.876543209876543,0.0,0.0,0.0,0.0,0.0,4.938271604938271,7.407407407407407,7.407407407407407,2.4691358024691357,2.4691358024691357
26788560,0.0,12.285012285012284,39.31203931203931,0.0,0.0,0.0,0.0,2.457002457002457,2.457002457002457,2.457002457002457,0.0,0.0,12.285012285012284,39.31203931203931,2.457002457002457,262.8992628992629,9.828009828009828,2.457002457002457,29.484029484029485,2.457002457002457,0.0,0.0,0.0,29.484029484029485,0.0,0.0,0.0,0.0,2.457002457002457,0.0,0.0,0.0,0.0,2.457002457002457,0.0,0.0,0.0,2.457002457002457,130.2211302211302,110.56511056511056,4.914004914004914,54.054054054054056,0.5049261083743842,5.125615763546798,4.914004914004914,4.914004914004914,0.0,0.0,4.914004914004914,0.0,9.828009828009828,14.742014742014742,0.0,2.457002457002457,0.0,7.371007371007371,0.0,0.0,0.0,0.0,0.0,0.0,4.914004914004914,29.484029484029485,0.0,0.0,7.371007371007371
27106066,11.79245283018868,11.79245283018868,37.73584905660377,0.0,0.0,0.0,0.0,4.716981132075471,7.0754716981132075,2.3584905660377355,0.0,0.0,14.150943396226415,37.73584905660377,7.0754716981132075,259.4339622641509,11.79245283018868,7.0754716981132075,14.150943396226415,2.3584905660377355,7.0754716981132075,0.0,0.0,42.45283018867924,0.0,0.0,2.3584905660377355,2.3584905660377355,0.0,0.0,7.0754716981132075,0.0,0.0,7.0754716981132075,0.0,0.0,0.0,4.716981132075471,94.33962264150944,68.39622641509433,2.3584905660377355,21.22641509433962,0.4785714285714286,5.04047619047619,2.3584905660377355,0.0,0.0,0.0,11.79245283018868,0.0,2.3584905660377355,4.716981132075471,0.0,14.150943396226415,2.3584905660377355,11.79245283018868,4.716981132075471,0.0,0.0,0.0,0.0,0.0,2.3584905660377355,16.50943396226415,7.0754716981132075,0.0,0.0
27213596,2.4330900243309004,4.866180048661801,65.69343065693431,9.732360097323602,0.0,17.0316301703163,9.732360097323602,9.732360097323602,9.732360097323602,0.0,9.732360097323602,4.866180048661801,24.330900243309003,29.197080291970803,0.0,265.20681265206815,17.0316301703163,7.299270072992701,21.897810218978105,0.0,7.299270072992701,0.0,0.0,29.197080291970803,0.0,0.0,0.0,0.0,7.299270072992701,0.0,7.299270072992701,0.0,0.0,7.299270072992701,0.0,0.0,4.866180048661801,2.4330900243309004,87.59124087591242,31.630170316301705,0.0,36.4963503649635,0.4730392156862745,4.654411764705882,2.4330900243309004,0.0,0.0,0.0,0.0,0.0,4.866180048661801,14.598540145985401,0.0,7.299270072992701,4.866180048661801,9.732360097323602,4.866180048661801,0.0,0.0,0.0,0.0,0.0,0.0,38.929440389294406,19.464720194647203,4.866180048661801,0.0
27246626,31.862745098039213,17.156862745098042,58.8235294117647,2.450980392156863,0.0,41.666666666666664,0.0,36.76470588235294,2.450980392156863,0.0,0.0,0.0,2.450980392156863,12.254901960784313,2.450980392156863,250.0,7.352941176470588,0.0,39.21568627450981,4.901960784313726,7.352941176470588,2.450980392156863,0.0,29.41176470588235,2.450980392156863,0.0,0.0,2.450980392156863,0.0,0.0,2.450980392156863,0.0,0.0,0.0,0.0,0.0,2.450980392156863,0.0,129.90196078431373,51.470588235294116,19.607843137254903,29.41176470588235,0.4758269720101781,4.374045801526718,9.803921568627452,0.0,0.0,2.450980392156863,7.352941176470588,0.0,0.0,0.0,0.0,7.352941176470588,12.254901960784313,7.352941176470588,0.0,0.0,26.96078431372549,0.0,0.0,0.0,0.0,0.0,19.607843137254903,2.450980392156863,0.0
27570517,27.64976958525346,32.25806451612903,76.036866359447,2.304147465437788,0.0,25.34562211981567,0.0,25.34562211981567,2.304147465437788,0.0,0.0,4.608294930875576,32.25806451612903,27.64976958525346,4.608294930875576,230.4147465437788,2.304147465437788,0.0,25.34562211981567,2.304147465437788,11.520737327188941,0.0,0.0,34.562211981566826,2.304147465437788,0.0,0.0,0.0,16.129032258064516,0.0,9.216589861751151,0.0,0.0,2.304147465437788,0.0,0.0,0.0,4.608294930875576,124.42396313364056,43.77880184331797,6.912442396313365,41.474654377880185,0.46472019464720193,4.7226277372262775,4.608294930875576,0.0,0.0,0.0,9.216589861751151,0.0,0.0,0.0,0.0,2.304147465437788,13.82488479262673,13.82488479262673,4.608294930875576,0.0,32.25806451612903,2.304147465437788,0.0,0.0,6.912442396313365,6.912442396313365,4.608294930875576,0.0,9.216589861751151
27660218,26.252983293556085,19.093078758949883,40.572792362768496,2.3866348448687353,0.0,11.933174224343675,0.0,4.773269689737471,4.773269689737471,0.0,0.0,0.0,14.319809069212411,81.14558472553699,0.0,224.3436754176611,11.933174224343675,11.933174224343675,7.159904534606206,0.0,4.773269689737471,0.0,0.0,19.093078758949883,4.773269689737471,0.0,0.0,0.0,0.0,0.0,0.0,0.0,0.0,14.319809069212411,0.0,0.0,0.0,2.3866348448687353,109.78520286396181,85.91885441527445,0.0,26.252983293556085,0.44819277108433736,5.296385542168674,2.3866348448687353,0.0,0.0,0.0,0.0,0.0,0.0,0.0,0.0,9.546539379474941,14.319809069212411,7.159904534606206,0.0,0.0,0.0,0.0,0.0,2.3866348448687353,7.159904534606206,9.546539379474941,4.773269689737471,0.0,0.0
28103223,14.705882352941176,31.862745098039213,68.62745098039217,0.0,0.0,0.0,0.0,26.96078431372549,4.901960784313726,0.0,0.0,0.0,7.352941176470588,61.27450980392157,7.352941176470588,240.19607843137257,12.254901960784313,2.450980392156863,14.705882352941176,0.0,9.803921568627452,0.0,0.0,24.509803921568626,2.450980392156863,0.0,0.0,0.0,0.0,0.0,7.352941176470588,0.0,0.0,0.0,0.0,0.0,2.450980392156863,4.901960784313726,120.09803921568628,68.62745098039217,4.901960784313726,24.509803921568626,0.46115288220551376,5.4335839598997495,4.901960784313726,0.0,0.0,2.450980392156863,2.450980392156863,0.0,2.450980392156863,4.901960784313726,0.0,0.0,14.705882352941176,9.803921568627452,7.352941176470588,0.0,0.0,0.0,0.0,0.0,9.803921568627452,4.901960784313726,0.0,0.0,0.0
28842706,16.393442622950822,32.786885245901644,63.231850117096016,0.0,0.0,9.36768149882904,0.0,7.02576112412178,16.393442622950822,0.0,0.0,0.0,11.7096018735363,42.15456674473068,0.0,241.21779859484778,7.02576112412178,0.0,23.4192037470726,0.0,18.73536299765808,4.68384074941452,0.0,18.73536299765808,4.68384074941452,0.0,0.0,0.0,2.34192037470726,0.0,7.02576112412178,0.0,0.0,2.34192037470726,0.0,0.0,0.0,7.02576112412178,86.65105386416862,51.52224824355972,11.7096018735363,42.15456674473068,0.4323040380047506,5.068883610451306,2.34192037470726,0.0,0.0,0.0,2.34192037470726,0.0,2.34192037470726,7.02576112412178,0.0,2.34192037470726,16.393442622950822,11.7096018735363,14.05152224824356,0.0,0.0,0.0,0.0,0.0,4.68384074941452,35.128805620608894,11.7096018735363,0.0,9.36768149882904
29168676,7.407407407407407,12.345679012345679,39.50617283950617,2.4691358024691357,2.4691358024691357,2.4691358024691357,0.0,0.0,17.28395061728395,0.0,0.0,0.0,14.814814814814815,54.32098765432099,2.4691358024691357,266.6666666666667,4.938271604938271,4.938271604938271,12.345679012345679,0.0,0.0,0.0,2.4691358024691357,22.22222222222222,7.407407407407407,0.0,19.753086419753085,0.0,4.938271604938271,0.0,0.0,0.0,0.0,4.938271604938271,0.0,0.0,0.0,2.4691358024691357,128.39506172839506,91.35802469135803,2.4691358024691357,41.97530864197531,0.5100502512562815,5.419597989949748,0.0,0.0,0.0,2.4691358024691357,9.876543209876543,0.0,4.938271604938271,4.938271604938271,0.0,0.0,2.4691358024691357,7.407407407407407,4.938271604938271,0.0,2.4691358024691357,0.0,0.0,0.0,7.407407407407407,14.814814814814815,4.938271604938271,0.0,2.4691358024691357
29563810,9.63855421686747,19.27710843373494,53.01204819277108,0.0,2.4096385542168677,0.0,0.0,4.819277108433735,7.228915662650603,0.0,0.0,0.0,9.63855421686747,40.96385542168675,0.0,274.69879518072287,16.867469879518072,0.0,16.867469879518072,0.0,2.4096385542168677,0.0,0.0,19.27710843373494,2.4096385542168677,0.0,0.0,0.0,0.0,2.4096385542168677,0.0,0.0,0.0,2.4096385542168677,0.0,0.0,0.0,2.4096385542168677,122.89156626506025,74.6987951807229,4.819277108433735,38.55421686746988,0.4792176039119804,5.034229828850855,0.0,0.0,0.0,2.4096385542168677,2.4096385542168677,0.0,4.819277108433735,4.819277108433735,0.0,0.0,2.4096385542168677,9.63855421686747,2.4096385542168677,2.4096385542168677,0.0,0.0,0.0,0.0,12.048192771084338,24.096385542168676,7.228915662650603,0.0,0.0
30199131,37.91469194312796,18.95734597156398,23.696682464454973,7.109004739336492,0.0,0.0,0.0,9.47867298578199,9.47867298578199,0.0,0.0,4.739336492890995,9.47867298578199,42.65402843601896,0.0,265.40284360189577,16.587677725118485,0.0,9.47867298578199,0.0,7.109004739336492,0.0,0.0,37.91469194312796,0.0,0.0,4.739336492890995,7.109004739336492,9.47867298578199,0.0,0.0,0.0,0.0,0.0,0.0,0.0,0.0,7.109004739336492,118.48341232227489,54.502369668246445,2.3696682464454977,30.805687203791468,0.4665071770334928,5.29665071770335,2.3696682464454977,0.0,0.0,2.3696682464454977,4.739336492890995,0.0,2.3696682464454977,0.0,0.0,2.3696682464454977,7.109004739336492,9.47867298578199,4.739336492890995,0.0,0.0,0.0,0.0,0.0,4.739336492890995,26.066350710900473,9.47867298578199,0.0,4.739336492890995
30762958,51.04408352668213,32.48259860788863,34.80278422273782,0.0,2.320185614849188,23.201856148491878,0.0,13.921113689095128,13.921113689095128,0.0,0.0,4.640371229698376,6.960556844547564,34.80278422273782,13.921113689095128,234.338747099768,9.280742459396752,0.0,16.241299303944317,0.0,18.561484918793504,0.0,2.320185614849188,18.561484918793504,4.640371229698376,0.0,2.320185614849188,2.320185614849188,0.0,0.0,2.320185614849188,0.0,0.0,0.0,0.0,0.0,0.0,4.640371229698376,90.48723897911833,44.08352668213457,6.960556844547564,18.561484918793504,0.4821002386634845,4.930787589498807,2.320185614849188,0.0,0.0,0.0,0.0,0.0,0.0,2.320185614849188,11.600928074245939,0.0,20.88167053364269,27.842227378190255,2.320185614849188,0.0,4.640371229698376,2.320185614849188,0.0,0.0,4.640371229698376,18.561484918793504,11.600928074245939,4.640371229698376,6.960556844547564
31082624,67.16417910447761,14.925373134328359,12.437810945273633,2.487562189054726,12.437810945273633,14.925373134328359,0.0,37.31343283582089,2.487562189054726,2.487562189054726,0.0,2.487562189054726,17.412935323383085,4.975124378109452,4.975124378109452,253.7313432835821,4.975124378109452,0.0,19.90049751243781,0.0,2.487562189054726,0.0,0.0,42.28855721393035,7.462686567164179,0.0,0.0,0.0,2.487562189054726,0.0,9.950248756218905,0.0,0.0,2.487562189054726,0.0,2.487562189054726,0.0,7.462686567164179,106.96517412935323,49.75124378109453,4.975124378109452,52.23880597014925,0.5348837209302325,4.609819121447028,2.487562189054726,0.0,0.0,2.487562189054726,2.487562189054726,0.0,0.0,0.0,0.0,9.950248756218905,9.950248756218905,7.462686567164179,0.0,2.487562189054726,4.975124378109452,4.975124378109452,0.0,0.0,14.925373134328359,9.950248756218905,9.950248756218905,0.0,2.487562189054726
31123457,50.84745762711865,36.31961259079903,24.213075060532688,0.0,0.0,0.0,0.0,31.476997578692497,4.842615012106537,0.0,0.0,0.0,7.263922518159807,33.898305084745765,16.949152542372882,300.2421307506053,7.263922518159807,0.0,12.106537530266344,0.0,9.685230024213075,0.0,0.0,14.527845036319613,0.0,0.0,7.263922518159807,2.4213075060532687,0.0,0.0,0.0,0.0,0.0,7.263922518159807,0.0,0.0,0.0,4.842615012106537,133.1719128329298,43.583535108958834,2.4213075060532687,26.634382566585955,0.465,5.075,4.842615012106537,0.0,0.0,0.0,7.263922518159807,0.0,0.0,0.0,0.0,0.0,19.37046004842615,14.527845036319613,0.0,0.0,0.0,0.0,0.0,0.0,4.842615012106537,4.842615012106537,2.4213075060532687,0.0,0.0
31320162,9.975062344139651,37.406483790523694,69.82543640897755,4.987531172069826,0.0,4.987531172069826,0.0,49.87531172069826,2.493765586034913,0.0,2.493765586034913,0.0,2.493765586034913,9.975062344139651,2.493765586034913,241.89526184538653,4.987531172069826,4.987531172069826,32.418952618453865,0.0,0.0,0.0,0.0,14.962593516209475,2.493765586034913,2.493765586034913,0.0,0.0,2.493765586034913,0.0,0.0,0.0,0.0,0.0,0.0,0.0,0.0,0.0,107.23192019950125,79.80049875311721,12.468827930174564,49.87531172069826,0.5221932114882507,4.624020887728459,2.493765586034913,0.0,0.0,0.0,12.468827930174564,0.0,0.0,2.493765586034913,0.0,0.0,2.493765586034913,4.987531172069826,0.0,2.493765586034913,17.456359102244388,0.0,0.0,0.0,9.975062344139651,19.950124688279303,9.975062344139651,0.0,0.0
31822531,47.38154613466334,0.0,69.82543640897755,2.493765586034913,0.0,27.43142144638404,0.0,12.468827930174564,4.987531172069826,2.493765586034913,0.0,0.0,19.950124688279303,27.43142144638404,17.456359102244388,206.98254364089775,2.493765586034913,0.0,49.87531172069826,0.0,17.456359102244388,4.987531172069826,0.0,29.92518703241895,0.0,0.0,0.0,0.0,7.481296758104738,0.0,7.481296758104738,0.0,0.0,0.0,0.0,0.0,2.493765586034913,12.468827930174564,117.20698254364089,64.83790523690773,14.962593516209475,47.38154613466334,0.45698924731182794,4.817204301075269,4.987531172069826,4.987531172069826,0.0,0.0,19.950124688279303,0.0,4.987531172069826,2.493765586034913,0.0,4.987531172069826,14.962593516209475,42.394014962593516,7.481296758104738,0.0,17.456359102244388,2.493765586034913,0.0,0.0,7.481296758104738,4.987531172069826,4.987531172069826,0.0,4.987531172069826
32329924,35.714285714285715,21.428571428571427,47.61904761904761,0.0,0.0,2.3809523809523814,0.0,21.428571428571427,16.666666666666668,0.0,0.0,0.0,11.904761904761903,42.857142857142854,2.3809523809523814,261.9047619047619,9.523809523809526,0.0,19.04761904761905,0.0,19.04761904761905,2.3809523809523814,0.0,26.19047619047619,4.761904761904763,0.0,0.0,4.761904761904763,0.0,0.0,7.142857142857142,0.0,0.0,2.3809523809523814,0.0,0.0,0.0,0.0,107.14285714285714,47.61904761904761,9.523809523809526,26.19047619047619,0.4852941176470588,5.139705882352941,0.0,0.0,0.0,0.0,7.142857142857142,0.0,2.3809523809523814,2.3809523809523814,0.0,4.761904761904763,42.857142857142854,7.142857142857142,0.0,0.0,4.761904761904763,4.761904761904763,0.0,0.0,4.761904761904763,9.523809523809526,7.142857142857142,0.0,7.142857142857142
32843630,60.60606060606061,4.662004662004662,13.986013986013987,0.0,4.662004662004662,18.64801864801865,0.0,27.972027972027973,9.324009324009324,4.662004662004662,0.0,0.0,25.64102564102564,20.97902097902098,4.662004662004662,263.4032634032634,4.662004662004662,4.662004662004662,27.972027972027973,0.0,0.0,0.0,0.0,25.64102564102564,0.0,0.0,4.662004662004662,4.662004662004662,2.331002331002331,0.0,16.317016317016318,0.0,0.0,4.662004662004662,0.0,0.0,2.331002331002331,4.662004662004662,107.22610722610723,39.62703962703962,0.0,25.64102564102564,0.5072463768115942,4.661835748792271,0.0,0.0,0.0,2.331002331002331,4.662004662004662,2.331002331002331,0.0,2.331002331002331,0.0,18.64801864801865,4.662004662004662,16.317016317016318,4.662004662004662,0.0,2.331002331002331,2.331002331002331,0.0,0.0,2.331002331002331,13.986013986013987,11.655011655011656,0.0,2.331002331002331
32911084,0.0,12.048192771084338,48.19277108433735,4.819277108433735,0.0,0.0,0.0,0.0,14.457831325301205,2.4096385542168677,0.0,4.819277108433735,7.228915662650603,55.42168674698795,7.228915662650603,221.6867469879518,14.457831325301205,0.0,21.686746987951807,4.819277108433735,2.4096385542168677,0.0,0.0,28.91566265060241,2.4096385542168677,0.0,0.0,0.0,2.4096385542168677,0.0,0.0,0.0,0.0,4.819277108433735,0.0,0.0,0.0,7.228915662650603,101.20481927710844,74.6987951807229,4.819277108433735,43.373493975903614,0.49875311720698257,5.239401496259352,7.228915662650603,2.4096385542168677,0.0,0.0,9.63855421686747,0.0,7.228915662650603,7.228915662650603,0.0,12.048192771084338,2.4096385542168677,2.4096385542168677,0.0,0.0,0.0,0.0,0.0,0.0,4.819277108433735,14.457831325301205,2.4096385542168677,0.0,4.819277108433735
32991129,4.819277108433735,9.63855421686747,67.46987951807229,2.4096385542168677,2.4096385542168677,9.63855421686747,0.0,14.457831325301205,2.4096385542168677,2.4096385542168677,2.4096385542168677,2.4096385542168677,16.867469879518072,9.63855421686747,0.0,262.65060240963857,14.457831325301205,4.819277108433735,21.686746987951807,2.4096385542168677,16.867469879518072,2.4096385542168677,0.0,36.144578313253014,2.4096385542168677,0.0,2.4096385542168677,4.819277108433735,7.228915662650603,2.4096385542168677,2.4096385542168677,0.0,0.0,2.4096385542168677,0.0,0.0,0.0,2.4096385542168677,91.56626506024097,74.6987951807229,7.228915662650603,36.144578313253014,0.4578313253012048,4.906024096385543,4.819277108433735,0.0,2.4096385542168677,0.0,7.228915662650603,0.0,4.819277108433735,4.819277108433735,0.0,14.457831325301205,9.63855421686747,24.096385542168676,12.048192771084338,0.0,0.0,0.0,0.0,0.0,2.4096385542168677,14.457831325301205,4.819277108433735,0.0,2.4096385542168677
33011347,38.55421686746988,43.373493975903614,45.78313253012048,0.0,2.4096385542168677,0.0,0.0,7.228915662650603,12.048192771084338,0.0,0.0,0.0,9.63855421686747,28.91566265060241,2.4096385542168677,286.7469879518072,14.457831325301205,0.0,19.27710843373494,0.0,9.63855421686747,0.0,0.0,19.27710843373494,0.0,0.0,0.0,0.0,2.4096385542168677,0.0,2.4096385542168677,0.0,0.0,0.0,0.0,0.0,0.0,9.63855421686747,108.43373493975903,38.55421686746988,9.63855421686747,31.32530120481928,0.5062034739454094,5.086848635235732,2.4096385542168677,0.0,0.0,0.0,4.819277108433735,0.0,4.819277108433735,0.0,2.4096385542168677,0.0,2.4096385542168677,9.63855421686747,4.819277108433735,0.0,2.4096385542168677,0.0,0.0,0.0,9.63855421686747,12.048192771084338,7.228915662650603,0.0,2.4096385542168677
33033758,57.69230769230769,4.807692307692308,14.423076923076923,0.0,2.403846153846154,26.442307692307693,0.0,16.826923076923077,4.807692307692308,0.0,0.0,0.0,7.211538461538462,0.0,0.0,307.69230769230774,2.403846153846154,0.0,19.230769230769234,0.0,7.211538461538462,0.0,0.0,24.03846153846154,7.211538461538462,0.0,0.0,0.0,0.0,0.0,4.807692307692308,0.0,0.0,2.403846153846154,0.0,0.0,0.0,4.807692307692308,144.23076923076923,43.26923076923077,2.403846153846154,36.05769230769231,0.46984924623115576,4.482412060301508,9.615384615384617,0.0,0.0,0.0,0.0,0.0,2.403846153846154,2.403846153846154,0.0,9.615384615384617,12.01923076923077,7.211538461538462,0.0,0.0,9.615384615384617,0.0,0.0,0.0,2.403846153846154,2.403846153846154,9.615384615384617,0.0,2.403846153846154
33159820,21.844660194174757,21.844660194174757,50.970873786407765,2.4271844660194173,0.0,4.854368932038835,0.0,21.844660194174757,9.70873786407767,4.854368932038835,7.281553398058253,4.854368932038835,14.563106796116505,9.70873786407767,9.70873786407767,305.8252427184466,14.563106796116505,0.0,14.563106796116505,0.0,9.70873786407767,0.0,0.0,33.980582524271846,4.854368932038835,0.0,0.0,2.4271844660194173,2.4271844660194173,0.0,2.4271844660194173,0.0,2.4271844660194173,4.854368932038835,0.0,0.0,0.0,9.70873786407767,114.07766990291263,50.970873786407765,7.281553398058253,16.990291262135923,0.530562347188264,4.777506112469438,2.4271844660194173,2.4271844660194173,0.0,0.0,0.0,0.0,0.0,4.854368932038835,0.0,7.281553398058253,14.563106796116505,4.854368932038835,4.854368932038835,0.0,2.4271844660194173,0.0,0.0,0.0,2.4271844660194173,12.135922330097086,12.135922330097086,0.0,4.854368932038835
33166429,72.76995305164318,14.084507042253522,23.474178403755868,0.0,0.0,2.347417840375587,0.0,14.084507042253522,7.042253521126761,0.0,0.0,4.694835680751174,11.737089201877934,30.516431924882628,0.0,298.1220657276995,9.389671361502348,0.0,16.431924882629108,2.347417840375587,21.12676056338028,0.0,0.0,28.169014084507044,0.0,0.0,2.347417840375587,0.0,7.042253521126761,0.0,2.347417840375587,0.0,0.0,0.0,0.0,0.0,0.0,7.042253521126761,119.71830985915493,42.25352112676056,4.694835680751174,37.55868544600939,0.47002398081534774,5.306954436450839,2.347417840375587,0.0,0.0,0.0,4.694835680751174,0.0,0.0,0.0,4.694835680751174,0.0,25.821596244131456,9.389671361502348,7.042253521126761,0.0,0.0,0.0,0.0,0.0,2.347417840375587,14.084507042253522,7.042253521126761,0.0,4.694835680751174
33281413,30.73286052009456,33.09692671394799,30.73286052009456,2.3640661938534278,0.0,0.0,0.0,9.456264775413711,4.7281323877068555,2.3640661938534278,0.0,0.0,11.82033096926714,63.82978723404255,23.64066193853428,231.67848699763593,4.7281323877068555,7.092198581560283,4.7281323877068555,0.0,9.456264775413711,0.0,0.0,14.184397163120567,4.7281323877068555,0.0,2.3640661938534278,0.0,0.0,0.0,2.3640661938534278,0.0,4.7281323877068555,4.7281323877068555,0.0,0.0,0.0,2.3640661938534278,120.56737588652481,42.5531914893617,0.0,23.64066193853428,0.47560975609756095,5.35609756097561,4.7281323877068555,0.0,0.0,0.0,0.0,0.0,0.0,0.0,2.3640661938534278,0.0,2.3640661938534278,7.092198581560283,4.7281323877068555,0.0,0.0,0.0,0.0,0.0,7.092198581560283,37.825059101654844,7.092198581560283,0.0,2.3640661938534278
33547375,33.57314148681055,23.980815347721823,35.97122302158273,0.0,0.0,0.0,0.0,4.796163069544364,11.990407673860911,0.0,0.0,0.0,9.592326139088728,33.57314148681055,0.0,280.5755395683453,14.388489208633095,2.398081534772182,14.388489208633095,0.0,7.194244604316547,2.398081534772182,2.398081534772182,16.786570743405274,4.796163069544364,0.0,0.0,4.796163069544364,0.0,0.0,2.398081534772182,0.0,0.0,2.398081534772182,0.0,0.0,0.0,9.592326139088728,127.09832134292564,35.97122302158273,4.796163069544364,31.17505995203837,0.40632603406326034,4.970802919708029,2.398081534772182,0.0,0.0,2.398081534772182,0.0,0.0,0.0,4.796163069544364,0.0,4.796163069544364,4.796163069544364,7.194244604316547,4.796163069544364,0.0,0.0,0.0,2.398081534772182,0.0,4.796163069544364,14.388489208633095,2.398081534772182,0.0,4.796163069544364
33668230,31.17505995203837,23.980815347721823,38.36930455635491,0.0,0.0,9.592326139088728,0.0,4.796163069544364,19.184652278177456,0.0,0.0,2.398081534772182,9.592326139088728,28.77697841726619,7.194244604316547,294.9640287769784,4.796163069544364,4.796163069544364,7.194244604316547,4.796163069544364,2.398081534772182,0.0,0.0,47.961630695443645,2.398081534772182,0.0,2.398081534772182,0.0,0.0,0.0,0.0,0.0,0.0,9.592326139088728,0.0,0.0,0.0,2.398081534772182,122.3021582733813,47.961630695443645,2.398081534772182,16.786570743405274,0.43902439024390244,4.921951219512195,7.194244604316547,0.0,0.0,0.0,0.0,0.0,0.0,4.796163069544364,0.0,7.194244604316547,9.592326139088728,7.194244604316547,4.796163069544364,0.0,2.398081534772182,0.0,0.0,0.0,0.0,2.398081534772182,7.194244604316547,0.0,2.398081534772182
33699346,16.908212560386474,38.64734299516908,48.309178743961354,2.4154589371980677,2.4154589371980677,0.0,0.0,21.73913043478261,9.66183574879227,2.4154589371980677,0.0,0.0,4.830917874396135,43.47826086956522,19.32367149758454,285.02415458937196,12.077294685990339,2.4154589371980677,9.66183574879227,0.0,12.077294685990339,0.0,0.0,12.077294685990339,2.4154589371980677,0.0,0.0,2.4154589371980677,0.0,0.0,4.830917874396135,0.0,0.0,0.0,0.0,0.0,0.0,2.4154589371980677,142.51207729468598,43.47826086956522,2.4154589371980677,24.154589371980677,0.49261083743842365,5.051724137931035,0.0,0.0,0.0,0.0,0.0,0.0,0.0,0.0,2.4154589371980677,7.246376811594203,14.492753623188406,4.830917874396135,4.830917874396135,2.4154589371980677,0.0,0.0,0.0,0.0,9.66183574879227,12.077294685990339,7.246376811594203,0.0,0.0
33807632,12.195121951219512,12.195121951219512,43.90243902439024,4.878048780487805,0.0,0.0,0.0,26.829268292682926,7.317073170731708,0.0,0.0,2.4390243902439024,14.634146341463415,12.195121951219512,4.878048780487805,312.1951219512195,7.317073170731708,0.0,24.390243902439025,2.4390243902439024,4.878048780487805,0.0,0.0,29.26829268292683,0.0,0.0,0.0,0.0,0.0,0.0,12.195121951219512,0.0,0.0,0.0,0.0,0.0,0.0,4.878048780487805,109.7560975609756,56.09756097560976,17.073170731707318,34.146341463414636,0.5245098039215687,4.78921568627451,4.878048780487805,0.0,0.0,0.0,4.878048780487805,0.0,7.317073170731708,2.4390243902439024,0.0,26.829268292682926,4.878048780487805,12.195121951219512,0.0,0.0,2.4390243902439024,0.0,2.4390243902439024,0.0,4.878048780487805,12.195121951219512,14.634146341463415,2.4390243902439024,0.0
34015420,36.85503685503686,14.742014742014742,49.140049140049136,2.457002457002457,0.0,12.285012285012284,0.0,9.828009828009828,17.1990171990172,9.828009828009828,0.0,2.457002457002457,14.742014742014742,27.027027027027028,0.0,277.64127764127767,22.11302211302211,2.457002457002457,27.027027027027028,0.0,0.0,0.0,0.0,22.11302211302211,7.371007371007371,0.0,0.0,2.457002457002457,0.0,0.0,12.285012285012284,0.0,0.0,0.0,0.0,0.0,0.0,9.828009828009828,120.39312039312038,58.96805896805897,0.0,29.484029484029485,0.5301507537688442,4.826633165829146,0.0,0.0,0.0,0.0,7.371007371007371,0.0,2.457002457002457,0.0,0.0,0.0,14.742014742014742,12.285012285012284,7.371007371007371,0.0,12.285012285012284,0.0,0.0,0.0,4.914004914004914,7.371007371007371,7.371007371007371,0.0,0.0
34116491,45.13064133016627,16.6270783847981,42.75534441805225,7.125890736342043,2.375296912114014,23.752969121140143,2.375296912114014,47.50593824228029,7.125890736342043,2.375296912114014,4.750593824228028,0.0,23.752969121140143,42.75534441805225,7.125890736342043,201.90023752969122,2.375296912114014,2.375296912114014,19.002375296912113,0.0,0.0,2.375296912114014,0.0,28.503562945368174,0.0,0.0,0.0,0.0,11.876484560570072,0.0,2.375296912114014,0.0,0.0,0.0,0.0,0.0,0.0,9.501187648456057,114.0142517814727,45.13064133016627,9.501187648456057,40.38004750593824,0.4927536231884058,5.045893719806763,0.0,0.0,0.0,0.0,9.501187648456057,0.0,4.750593824228028,11.876484560570072,0.0,2.375296912114014,2.375296912114014,23.752969121140143,0.0,2.375296912114014,14.251781472684087,0.0,0.0,2.375296912114014,4.750593824228028,16.6270783847981,7.125890736342043,0.0,7.125890736342043
34176058,88.0195599022005,44.00977995110025,39.119804400978,2.444987775061125,7.334963325183374,9.7799511002445,9.7799511002445,73.34963325183375,4.88997555012225,2.444987775061125,0.0,0.0,17.114914425427873,24.44987775061125,0.0,246.9437652811736,24.44987775061125,0.0,22.004889975550125,0.0,12.224938875305625,7.334963325183374,0.0,7.334963325183374,0.0,0.0,0.0,2.444987775061125,0.0,0.0,9.7799511002445,0.0,0.0,0.0,0.0,0.0,0.0,7.334963325183374,80.68459657701712,44.00977995110025,12.224938875305625,34.229828850855746,0.49748743718592964,4.608040201005025,4.88997555012225,2.444987775061125,0.0,0.0,2.444987775061125,0.0,0.0,0.0,0.0,7.334963325183374,24.44987775061125,19.559902200489,2.444987775061125,0.0,0.0,0.0,0.0,0.0,2.444987775061125,12.224938875305625,22.004889975550125,7.334963325183374,4.88997555012225
34229335,7.389162561576354,24.630541871921185,54.187192118226605,2.4630541871921183,0.0,0.0,0.0,9.852216748768473,9.852216748768473,2.4630541871921183,0.0,0.0,14.778325123152708,12.315270935960593,0.0,307.8817733990148,2.4630541871921183,2.4630541871921183,19.704433497536947,0.0,7.389162561576354,0.0,0.0,39.40886699507389,7.389162561576354,0.0,0.0,0.0,2.4630541871921183,0.0,0.0,0.0,0.0,4.926108374384237,0.0,0.0,0.0,9.852216748768473,105.91133004926108,68.9655172413793,4.926108374384237,29.556650246305416,0.49744897959183676,4.732142857142857,9.852216748768473,0.0,0.0,0.0,9.852216748768473,0.0,0.0,0.0,0.0,4.926108374384237,9.852216748768473,7.389162561576354,4.926108374384237,0.0,0.0,0.0,0.0,0.0,2.4630541871921183,2.4630541871921183,4.926108374384237,0.0,2.4630541871921183
34275758,7.389162561576354,12.315270935960593,59.11330049261083,2.4630541871921183,2.4630541871921183,7.389162561576354,0.0,0.0,24.630541871921185,2.4630541871921183,0.0,2.4630541871921183,14.778325123152708,24.630541871921185,4.926108374384237,251.23152709359607,14.778325123152708,0.0,24.630541871921185,0.0,14.778325123152708,2.4630541871921183,0.0,36.94581280788178,0.0,0.0,2.4630541871921183,0.0,0.0,0.0,2.4630541871921183,0.0,0.0,12.315270935960593,0.0,0.0,0.0,4.926108374384237,110.83743842364532,59.11330049261083,9.852216748768473,41.87192118226601,0.4230769230769231,4.602564102564102,4.926108374384237,0.0,0.0,2.4630541871921183,2.4630541871921183,0.0,0.0,2.4630541871921183,0.0,12.315270935960593,7.389162561576354,32.01970443349754,9.852216748768473,0.0,7.389162561576354,0.0,0.0,0.0,9.852216748768473,9.852216748768473,7.389162561576354,0.0,7.389162561576354
34296788,12.106537530266344,33.898305084745765,87.16707021791767,0.0,7.263922518159807,48.426150121065376,0.0,48.426150121065376,7.263922518159807,2.4213075060532687,9.685230024213075,12.106537530266344,14.527845036319613,21.791767554479417,14.527845036319613,210.65375302663438,14.527845036319613,0.0,36.31961259079903,0.0,2.4213075060532687,0.0,0.0,46.00484261501211,0.0,0.0,0.0,0.0,7.263922518159807,0.0,2.4213075060532687,0.0,0.0,4.842615012106537,2.4213075060532687,0.0,0.0,7.263922518159807,79.90314769975787,24.213075060532688,12.106537530266344,24.213075060532688,0.4181360201511335,4.226700251889169,4.842615012106537,0.0,0.0,0.0,0.0,0.0,2.4213075060532687,12.106537530266344,0.0,0.0,9.685230024213075,14.527845036319613,9.685230024213075,0.0,26.634382566585955,2.4213075060532687,0.0,0.0,4.842615012106537,7.263922518159807,26.634382566585955,0.0,7.263922518159807
34306997,16.27906976744186,11.627906976744185,51.16279069767442,4.651162790697675,0.0,11.627906976744185,0.0,4.651162790697675,6.976744186046512,2.3255813953488373,2.3255813953488373,0.0,16.27906976744186,34.883720930232556,9.30232558139535,269.7674418604651,9.30232558139535,9.30232558139535,16.27906976744186,2.3255813953488373,6.976744186046512,0.0,0.0,39.53488372093023,0.0,0.0,9.30232558139535,0.0,0.0,0.0,2.3255813953488373,0.0,0.0,11.627906976744185,0.0,0.0,2.3255813953488373,0.0,81.39534883720931,41.860465116279066,2.3255813953488373,20.930232558139533,0.4302600472813239,4.763593380614657,6.976744186046512,2.3255813953488373,0.0,0.0,0.0,0.0,11.627906976744185,0.0,0.0,23.25581395348837,11.627906976744185,11.627906976744185,0.0,0.0,0.0,0.0,0.0,0.0,0.0,4.651162790697675,6.976744186046512,0.0,2.3255813953488373
34474051,14.388489208633095,4.796163069544364,35.97122302158273,0.0,2.398081534772182,43.16546762589928,0.0,31.17505995203837,9.592326139088728,0.0,4.796163069544364,4.796163069544364,21.58273381294964,31.17505995203837,9.592326139088728,208.63309352517987,7.194244604316547,0.0,9.592326139088728,0.0,2.398081534772182,0.0,0.0,31.17505995203837,2.398081534772182,0.0,0.0,0.0,7.194244604316547,2.398081534772182,4.796163069544364,0.0,2.398081534772182,0.0,0.0,0.0,0.0,4.796163069544364,127.09832134292564,55.15587529976019,2.398081534772182,40.7673860911271,0.4891041162227603,4.685230024213075,4.796163069544364,0.0,0.0,4.796163069544364,7.194244604316547,0.0,7.194244604316547,11.990407673860911,2.398081534772182,0.0,7.194244604316547,19.184652278177456,4.796163069544364,2.398081534772182,0.0,0.0,2.398081534772182,0.0,0.0,28.77697841726619,7.194244604316547,0.0,0.0
34476378,7.371007371007371,9.828009828009828,63.88206388206388,2.457002457002457,2.457002457002457,27.027027027027028,24.570024570024568,7.371007371007371,12.285012285012284,2.457002457002457,4.914004914004914,2.457002457002457,24.570024570024568,12.285012285012284,0.0,267.8132678132678,0.0,0.0,29.484029484029485,0.0,0.0,0.0,0.0,19.656019656019655,0.0,0.0,0.0,0.0,9.828009828009828,0.0,9.828009828009828,0.0,0.0,0.0,0.0,0.0,0.0,4.914004914004914,93.36609336609337,85.995085995086,9.828009828009828,41.76904176904177,0.5102040816326531,4.533163265306122,2.457002457002457,0.0,0.0,0.0,17.1990171990172,0.0,0.0,7.371007371007371,0.0,2.457002457002457,0.0,2.457002457002457,0.0,0.0,31.94103194103194,0.0,0.0,0.0,7.371007371007371,17.1990171990172,19.656019656019655,2.457002457002457,4.914004914004914
34618480,62.34413965087282,4.987531172069826,0.0,2.493765586034913,2.493765586034913,0.0,0.0,24.93765586034913,7.481296758104738,0.0,4.987531172069826,2.493765586034913,4.987531172069826,29.92518703241895,2.493765586034913,284.28927680798006,12.468827930174564,2.493765586034913,4.987531172069826,0.0,0.0,2.493765586034913,0.0,24.93765586034913,7.481296758104738,2.493765586034913,0.0,2.493765586034913,0.0,0.0,2.493765586034913,0.0,0.0,2.493765586034913,0.0,0.0,0.0,14.962593516209475,132.16957605985039,59.8503740648379,2.493765586034913,22.443890274314214,0.5343511450381679,4.867684478371501,0.0,0.0,0.0,0.0,0.0,0.0,0.0,2.493765586034913,0.0,7.481296758104738,4.987531172069826,7.481296758104738,2.493765586034913,0.0,0.0,0.0,0.0,0.0,9.975062344139651,17.456359102244388,0.0,2.493765586034913,0.0
34667289,7.02576112412178,18.73536299765808,74.94145199063232,0.0,0.0,18.73536299765808,0.0,14.05152224824356,16.393442622950822,0.0,0.0,0.0,16.393442622950822,51.52224824355972,4.68384074941452,215.4566744730679,7.02576112412178,7.02576112412178,28.10304449648712,2.34192037470726,4.68384074941452,0.0,0.0,9.36768149882904,7.02576112412178,0.0,0.0,0.0,9.36768149882904,0.0,4.68384074941452,0.0,0.0,2.34192037470726,0.0,0.0,0.0,0.0,135.8313817330211,72.59953161592506,9.36768149882904,35.128805620608894,0.5072463768115942,4.942028985507246,4.68384074941452,2.34192037470726,0.0,0.0,2.34192037470726,0.0,4.68384074941452,4.68384074941452,0.0,4.68384074941452,4.68384074941452,14.05152224824356,0.0,0.0,9.36768149882904,0.0,0.0,0.0,4.68384074941452,11.7096018735363,16.393442622950822,0.0,4.68384074941452
34677947,4.662004662004662,6.993006993006993,44.28904428904429,2.331002331002331,0.0,16.317016317016318,6.993006993006993,9.324009324009324,11.655011655011656,0.0,0.0,0.0,6.993006993006993,20.97902097902098,0.0,289.04428904428903,9.324009324009324,2.331002331002331,23.31002331002331,0.0,6.993006993006993,0.0,0.0,27.972027972027973,2.331002331002331,0.0,0.0,0.0,0.0,2.331002331002331,4.662004662004662,0.0,0.0,0.0,0.0,0.0,2.331002331002331,2.331002331002331,107.22610722610723,72.26107226107226,6.993006993006993,30.303030303030305,0.4807692307692308,4.608173076923077,6.993006993006993,0.0,0.0,2.331002331002331,9.324009324009324,0.0,9.324009324009324,2.331002331002331,0.0,20.97902097902098,4.662004662004662,13.986013986013987,2.331002331002331,0.0,6.993006993006993,0.0,0.0,0.0,6.993006993006993,11.655011655011656,6.993006993006993,0.0,0.0
34958694,38.186157517899765,11.933174224343675,83.53221957040573,0.0,7.159904534606206,9.546539379474941,0.0,76.37231503579953,2.3866348448687353,2.3866348448687353,0.0,2.3866348448687353,14.319809069212411,9.546539379474941,4.773269689737471,243.43675417661098,16.706443914081145,2.3866348448687353,38.186157517899765,2.3866348448687353,0.0,0.0,0.0,33.41288782816229,0.0,0.0,0.0,0.0,0.0,0.0,9.546539379474941,0.0,0.0,0.0,0.0,2.3866348448687353,0.0,2.3866348448687353,95.4653937947494,38.186157517899765,11.933174224343675,45.346062052505964,0.4631043256997455,4.249363867684479,0.0,0.0,0.0,2.3866348448687353,16.706443914081145,0.0,4.773269689737471,2.3866348448687353,0.0,0.0,14.319809069212411,16.706443914081145,0.0,0.0,47.7326968973747,4.773269689737471,0.0,0.0,16.706443914081145,4.773269689737471,31.026252983293556,0.0,0.0
34974297,9.569377990430622,11.961722488038278,59.80861244019139,0.0,0.0,7.177033492822967,0.0,7.177033492822967,23.923444976076556,2.3923444976076556,0.0,0.0,9.569377990430622,38.27751196172249,2.3923444976076556,258.3732057416268,7.177033492822967,0.0,26.31578947368421,2.3923444976076556,7.177033492822967,0.0,0.0,23.923444976076556,0.0,0.0,0.0,0.0,9.569377990430622,0.0,0.0,0.0,0.0,0.0,0.0,0.0,0.0,2.3923444976076556,112.4401913875598,76.55502392344498,2.3923444976076556,57.41626794258374,0.5360576923076923,4.836538461538462,9.569377990430622,2.3923444976076556,0.0,2.3923444976076556,7.177033492822967,0.0,11.961722488038278,9.569377990430622,0.0,7.177033492822967,4.784688995215311,4.784688995215311,4.784688995215311,0.0,2.3923444976076556,0.0,2.3923444976076556,0.0,14.354066985645934,14.354066985645934,19.138755980861244,0.0,4.784688995215311
35078557,33.333333333333336,11.904761904761903,23.809523809523807,11.904761904761903,4.761904761904763,0.0,0.0,54.76190476190476,2.3809523809523814,2.3809523809523814,2.3809523809523814,2.3809523809523814,7.142857142857142,14.285714285714285,0.0,283.3333333333333,2.3809523809523814,0.0,26.19047619047619,0.0,0.0,0.0,0.0,16.666666666666668,0.0,0.0,0.0,0.0,0.0,0.0,4.761904761904763,0.0,0.0,2.3809523809523814,0.0,0.0,0.0,7.142857142857142,138.0952380952381,28.57142857142857,11.904761904761903,35.714285714285715,0.5049261083743842,4.630541871921182,0.0,0.0,0.0,0.0,4.761904761904763,0.0,9.523809523809526,0.0,0.0,19.04761904761905,2.3809523809523814,14.285714285714285,2.3809523809523814,0.0,0.0,2.3809523809523814,0.0,0.0,2.3809523809523814,2.3809523809523814,19.04761904761905,0.0,2.3809523809523814
35109453,12.048192771084338,16.867469879518072,53.01204819277108,7.228915662650603,0.0,0.0,0.0,16.867469879518072,9.63855421686747,0.0,0.0,0.0,12.048192771084338,31.32530120481928,0.0,303.6144578313253,7.228915662650603,2.4096385542168677,16.867469879518072,0.0,7.228915662650603,0.0,0.0,24.096385542168676,2.4096385542168677,0.0,7.228915662650603,0.0,4.819277108433735,0.0,0.0,0.0,0.0,0.0,0.0,0.0,0.0,4.819277108433735,115.66265060240964,84.33734939759036,4.819277108433735,21.686746987951807,0.49754901960784315,5.357843137254902,7.228915662650603,0.0,0.0,0.0,2.4096385542168677,0.0,4.819277108433735,0.0,7.228915662650603,0.0,7.228915662650603,2.4096385542168677,2.4096385542168677,0.0,0.0,0.0,0.0,0.0,2.4096385542168677,33.734939759036145,4.819277108433735,0.0,0.0
35114742,24.213075060532688,7.263922518159807,24.213075060532688,7.263922518159807,0.0,0.0,0.0,48.426150121065376,4.842615012106537,0.0,0.0,0.0,4.842615012106537,4.842615012106537,2.4213075060532687,300.2421307506053,0.0,2.4213075060532687,14.527845036319613,0.0,4.842615012106537,0.0,0.0,36.31961259079903,2.4213075060532687,0.0,0.0,0.0,0.0,0.0,4.842615012106537,0.0,0.0,0.0,0.0,0.0,7.263922518159807,12.106537530266344,128.32929782082326,41.16222760290557,2.4213075060532687,26.634382566585955,0.5037406483790524,4.600997506234414,2.4213075060532687,4.842615012106537,0.0,0.0,4.842615012106537,0.0,0.0,7.263922518159807,0.0,19.37046004842615,0.0,12.106537530266344,0.0,0.0,0.0,0.0,0.0,0.0,0.0,0.0,4.842615012106537,0.0,2.4213075060532687
35128887,14.423076923076923,21.634615384615383,62.5,0.0,0.0,7.211538461538462,0.0,0.0,19.230769230769234,7.211538461538462,0.0,0.0,14.423076923076923,52.88461538461539,0.0,254.8076923076923,7.211538461538462,4.807692307692308,21.634615384615383,0.0,14.423076923076923,0.0,0.0,36.05769230769231,4.807692307692308,0.0,0.0,0.0,0.0,4.807692307692308,2.403846153846154,0.0,0.0,7.211538461538462,0.0,0.0,0.0,0.0,122.59615384615384,31.25,7.211538461538462,16.826923076923077,0.3859223300970874,5.043689320388349,7.211538461538462,0.0,0.0,4.807692307692308,0.0,0.0,4.807692307692308,2.403846153846154,0.0,2.403846153846154,19.230769230769234,14.423076923076923,12.01923076923077,0.0,0.0,0.0,0.0,0.0,0.0,21.634615384615383,14.423076923076923,0.0,2.403846153846154
35135699,4.784688995215311,4.784688995215311,78.94736842105263,7.177033492822967,2.3923444976076556,0.0,11.961722488038278,21.5311004784689,2.3923444976076556,2.3923444976076556,2.3923444976076556,0.0,21.5311004784689,16.74641148325359,2.3923444976076556,270.3349282296651,7.177033492822967,4.784688995215311,23.923444976076556,0.0,0.0,0.0,0.0,19.138755980861244,4.784688995215311,2.3923444976076556,2.3923444976076556,0.0,4.784688995215311,0.0,9.569377990430622,0.0,0.0,0.0,0.0,0.0,0.0,4.784688995215311,124.40191387559808,52.63157894736842,11.961722488038278,31.10047846889952,0.515970515970516,4.525798525798526,0.0,4.784688995215311,0.0,0.0,4.784688995215311,0.0,0.0,2.3923444976076556,0.0,2.3923444976076556,2.3923444976076556,19.138755980861244,2.3923444976076556,0.0,2.3923444976076556,0.0,2.3923444976076556,0.0,7.177033492822967,11.961722488038278,19.138755980861244,0.0,0.0
35196452,25.88235294117647,16.47058823529412,72.94117647058823,0.0,0.0,7.058823529411765,0.0,14.11764705882353,9.411764705882351,7.058823529411765,2.352941176470588,2.352941176470588,9.411764705882351,11.76470588235294,2.352941176470588,275.2941176470588,7.058823529411765,2.352941176470588,11.76470588235294,0.0,21.176470588235293,7.058823529411765,0.0,40.0,0.0,0.0,2.352941176470588,4.705882352941176,4.705882352941176,0.0,2.352941176470588,0.0,0.0,2.352941176470588,0.0,0.0,0.0,2.352941176470588,108.23529411764706,51.76470588235294,2.352941176470588,37.647058823529406,0.4580335731414868,4.9496402877697845,2.352941176470588,4.705882352941176,0.0,2.352941176470588,2.352941176470588,0.0,2.352941176470588,0.0,4.705882352941176,0.0,23.52941176470588,18.823529411764703,2.352941176470588,2.352941176470588,7.058823529411765,0.0,0.0,0.0,2.352941176470588,14.11764705882353,7.058823529411765,0.0,9.411764705882351
35201149,39.906103286384976,32.863849765258216,56.33802816901409,0.0,0.0,11.737089201877934,0.0,11.737089201877934,11.737089201877934,0.0,2.347417840375587,0.0,11.737089201877934,21.12676056338028,4.694835680751174,309.8591549295774,14.084507042253522,0.0,30.516431924882628,0.0,16.431924882629108,0.0,0.0,11.737089201877934,4.694835680751174,0.0,0.0,4.694835680751174,0.0,0.0,7.042253521126761,0.0,0.0,4.694835680751174,0.0,0.0,0.0,4.694835680751174,93.89671361502347,37.55868544600939,9.389671361502348,21.12676056338028,0.4963680387409201,5.065375302663438,2.347417840375587,0.0,2.347417840375587,2.347417840375587,0.0,2.347417840375587,2.347417840375587,0.0,2.347417840375587,0.0,18.779342723004696,14.084507042253522,0.0,0.0,4.694835680751174,0.0,2.347417840375587,0.0,2.347417840375587,18.779342723004696,4.694835680751174,0.0,2.347417840375587
35219908,61.611374407582936,11.848341232227487,37.91469194312796,0.0,0.0,14.218009478672984,0.0,35.54502369668246,9.47867298578199,0.0,0.0,0.0,4.739336492890995,9.47867298578199,2.3696682464454977,308.05687203791473,4.739336492890995,7.109004739336492,35.54502369668246,0.0,16.587677725118485,0.0,0.0,28.43601895734597,7.109004739336492,0.0,0.0,4.739336492890995,0.0,0.0,2.3696682464454977,0.0,0.0,0.0,0.0,0.0,0.0,0.0,94.78672985781989,59.241706161137444,9.47867298578199,26.066350710900473,0.39853300733496333,4.418092909535452,0.0,0.0,0.0,0.0,2.3696682464454977,0.0,14.218009478672984,0.0,0.0,0.0,16.587677725118485,16.587677725118485,9.47867298578199,0.0,7.109004739336492,0.0,0.0,0.0,0.0,4.739336492890995,14.218009478672984,0.0,7.109004739336492
35306209,4.88997555012225,4.88997555012225,61.12469437652811,0.0,0.0,12.224938875305625,0.0,0.0,46.45476772616137,4.88997555012225,0.0,0.0,22.004889975550125,39.119804400978,2.444987775061125,259.1687041564792,14.669926650366747,0.0,12.224938875305625,0.0,4.88997555012225,2.444987775061125,0.0,34.229828850855746,4.88997555012225,0.0,0.0,2.444987775061125,9.7799511002445,0.0,0.0,0.0,0.0,7.334963325183374,0.0,0.0,0.0,2.444987775061125,124.69437652811736,61.12469437652811,7.334963325183374,29.339853300733495,0.4740740740740741,5.212345679012346,0.0,2.444987775061125,0.0,0.0,9.7799511002445,0.0,7.334963325183374,7.334963325183374,0.0,7.334963325183374,4.88997555012225,9.7799511002445,4.88997555012225,0.0,2.444987775061125,0.0,0.0,0.0,4.88997555012225,34.229828850855746,4.88997555012225,0.0,2.444987775061125
35381466,2.457002457002457,14.742014742014742,58.96805896805897,0.0,0.0,0.0,0.0,9.828009828009828,9.828009828009828,2.457002457002457,0.0,0.0,2.457002457002457,66.33906633906633,4.914004914004914,265.35626535626534,0.0,0.0,9.828009828009828,0.0,7.371007371007371,0.0,0.0,36.85503685503686,2.457002457002457,0.0,0.0,0.0,0.0,0.0,0.0,0.0,0.0,0.0,0.0,0.0,0.0,4.914004914004914,147.42014742014743,49.140049140049136,2.457002457002457,46.68304668304668,0.4275,5.1475,2.457002457002457,0.0,0.0,0.0,9.828009828009828,0.0,2.457002457002457,0.0,0.0,0.0,4.914004914004914,4.914004914004914,2.457002457002457,0.0,0.0,0.0,0.0,0.0,0.0,12.285012285012284,2.457002457002457,0.0,4.914004914004914
35443416,60.09615384615385,9.615384615384617,24.03846153846154,2.403846153846154,4.807692307692308,7.211538461538462,0.0,26.442307692307693,4.807692307692308,2.403846153846154,0.0,0.0,16.826923076923077,24.03846153846154,2.403846153846154,254.8076923076923,26.442307692307693,0.0,16.826923076923077,0.0,7.211538461538462,2.403846153846154,0.0,12.01923076923077,0.0,0.0,0.0,2.403846153846154,4.807692307692308,0.0,12.01923076923077,0.0,0.0,0.0,0.0,0.0,0.0,0.0,134.6153846153846,45.67307692307692,2.403846153846154,38.46153846153847,0.5247524752475248,4.6683168316831685,4.807692307692308,0.0,0.0,0.0,7.211538461538462,0.0,2.403846153846154,0.0,0.0,4.807692307692308,12.01923076923077,14.423076923076923,4.807692307692308,2.403846153846154,0.0,0.0,0.0,0.0,9.615384615384617,26.442307692307693,16.826923076923077,0.0,4.807692307692308
35481923,0.0,25.700934579439252,42.05607476635514,0.0,0.0,0.0,0.0,2.336448598130841,9.345794392523365,0.0,0.0,0.0,7.009345794392523,42.05607476635514,0.0,278.0373831775701,11.682242990654204,0.0,14.018691588785046,0.0,7.009345794392523,0.0,0.0,30.373831775700936,4.672897196261682,0.0,2.336448598130841,4.672897196261682,0.0,0.0,0.0,0.0,0.0,2.336448598130841,0.0,0.0,0.0,7.009345794392523,151.86915887850466,60.74766355140187,9.345794392523365,16.355140186915886,0.4857142857142857,4.897619047619048,0.0,0.0,0.0,2.336448598130841,0.0,0.0,2.336448598130841,4.672897196261682,2.336448598130841,7.009345794392523,11.682242990654204,9.345794392523365,4.672897196261682,0.0,0.0,0.0,0.0,0.0,2.336448598130841,7.009345794392523,2.336448598130841,0.0,0.0
35523235,12.048192771084338,26.50602409638554,65.06024096385542,2.4096385542168677,0.0,0.0,0.0,9.63855421686747,4.819277108433735,9.63855421686747,0.0,2.4096385542168677,9.63855421686747,26.50602409638554,0.0,260.2409638554217,14.457831325301205,0.0,21.686746987951807,0.0,7.228915662650603,0.0,0.0,38.55421686746988,2.4096385542168677,0.0,2.4096385542168677,7.228915662650603,2.4096385542168677,0.0,7.228915662650603,0.0,0.0,0.0,0.0,0.0,0.0,9.63855421686747,118.0722891566265,60.24096385542169,12.048192771084338,24.096385542168676,0.5012106537530266,4.907990314769976,4.819277108433735,0.0,0.0,0.0,2.4096385542168677,0.0,7.228915662650603,4.819277108433735,2.4096385542168677,0.0,4.819277108433735,7.228915662650603,0.0,0.0,0.0,0.0,0.0,0.0,2.4096385542168677,19.27710843373494,21.686746987951807,0.0,4.819277108433735
35598133,21.58273381294964,11.990407673860911,47.961630695443645,0.0,0.0,0.0,0.0,31.17505995203837,7.194244604316547,2.398081534772182,2.398081534772182,4.796163069544364,19.184652278177456,35.97122302158273,0.0,187.05035971223023,19.184652278177456,4.796163069544364,21.58273381294964,4.796163069544364,2.398081534772182,0.0,0.0,33.57314148681055,2.398081534772182,0.0,2.398081534772182,0.0,2.398081534772182,0.0,14.388489208633095,0.0,0.0,0.0,0.0,0.0,0.0,7.194244604316547,112.70983213429255,57.55395683453238,0.0,28.77697841726619,0.5012106537530266,4.646489104116223,2.398081534772182,0.0,0.0,0.0,9.592326139088728,0.0,0.0,7.194244604316547,0.0,4.796163069544364,0.0,11.990407673860911,4.796163069544364,0.0,0.0,0.0,0.0,0.0,7.194244604316547,31.17505995203837,14.388489208633095,0.0,0.0
35610332,0.0,29.055690072639226,58.11138014527845,0.0,0.0,0.0,0.0,4.842615012106537,24.213075060532688,2.4213075060532687,0.0,2.4213075060532687,4.842615012106537,41.16222760290557,0.0,283.29297820823246,0.0,4.842615012106537,14.527845036319613,0.0,0.0,0.0,0.0,14.527845036319613,4.842615012106537,0.0,4.842615012106537,2.4213075060532687,2.4213075060532687,0.0,0.0,0.0,0.0,2.4213075060532687,0.0,0.0,0.0,4.842615012106537,121.06537530266344,82.32445520581113,2.4213075060532687,31.476997578692497,0.49624060150375937,5.333333333333333,9.685230024213075,0.0,0.0,2.4213075060532687,2.4213075060532687,0.0,4.842615012106537,0.0,0.0,0.0,0.0,2.4213075060532687,0.0,0.0,0.0,0.0,2.4213075060532687,0.0,4.842615012106537,21.791767554479417,4.842615012106537,0.0,0.0
35622345,11.600928074245939,30.162412993039442,95.1276102088167,4.640371229698376,0.0,58.0046403712297,0.0,27.842227378190255,16.241299303944317,0.0,0.0,4.640371229698376,6.960556844547564,9.280742459396752,0.0,215.77726218097447,2.320185614849188,0.0,44.08352668213457,0.0,6.960556844547564,2.320185614849188,0.0,37.12296983758701,2.320185614849188,0.0,2.320185614849188,0.0,4.640371229698376,0.0,0.0,0.0,0.0,0.0,0.0,0.0,0.0,2.320185614849188,71.92575406032482,27.842227378190255,13.921113689095128,48.72389791183294,0.4406779661016949,4.135593220338983,2.320185614849188,2.320185614849188,2.320185614849188,2.320185614849188,13.921113689095128,0.0,11.600928074245939,9.280742459396752,0.0,2.320185614849188,13.921113689095128,18.561484918793504,6.960556844547564,0.0,39.443155452436194,2.320185614849188,0.0,0.0,4.640371229698376,6.960556844547564,30.162412993039442,0.0,2.320185614849188
35671161,0.0,12.01923076923077,52.88461538461539,2.403846153846154,0.0,26.442307692307693,0.0,9.615384615384617,14.423076923076923,9.615384615384617,0.0,0.0,9.615384615384617,36.05769230769231,0.0,252.40384615384613,4.807692307692308,2.403846153846154,28.846153846153847,0.0,7.211538461538462,2.403846153846154,0.0,24.03846153846154,0.0,0.0,0.0,0.0,0.0,0.0,2.403846153846154,0.0,0.0,7.211538461538462,0.0,0.0,0.0,4.807692307692308,91.34615384615384,50.48076923076923,7.211538461538462,48.07692307692308,0.5308641975308642,4.674074074074074,2.403846153846154,0.0,0.0,2.403846153846154,2.403846153846154,0.0,7.211538461538462,7.211538461538462,0.0,24.03846153846154,7.211538461538462,21.634615384615383,9.615384615384617,0.0,16.826923076923077,0.0,2.403846153846154,0.0,4.807692307692308,4.807692307692308,19.230769230769234,0.0,7.211538461538462
35743015,35.37735849056604,16.50943396226415,33.0188679245283,0.0,2.3584905660377355,2.3584905660377355,0.0,25.943396226415096,0.0,0.0,0.0,0.0,16.50943396226415,66.0377358490566,2.3584905660377355,268.8679245283019,14.150943396226415,0.0,18.867924528301884,2.3584905660377355,4.716981132075471,0.0,0.0,14.150943396226415,0.0,0.0,2.3584905660377355,0.0,0.0,2.3584905660377355,0.0,0.0,7.0754716981132075,4.716981132075471,0.0,0.0,0.0,9.433962264150942,134.43396226415095,80.18867924528301,9.433962264150942,28.30188679245283,0.44258373205741625,5.267942583732057,2.3584905660377355,0.0,0.0,0.0,0.0,0.0,9.433962264150942,9.433962264150942,0.0,0.0,0.0,11.79245283018868,2.3584905660377355,0.0,0.0,0.0,0.0,0.0,9.433962264150942,33.0188679245283,4.716981132075471,0.0,2.3584905660377355
35793445,7.177033492822967,26.31578947368421,59.80861244019139,2.3923444976076556,2.3923444976076556,11.961722488038278,0.0,0.0,21.5311004784689,2.3923444976076556,0.0,0.0,11.961722488038278,26.31578947368421,7.177033492822967,308.6124401913876,11.961722488038278,9.569377990430622,11.961722488038278,0.0,0.0,2.3923444976076556,0.0,19.138755980861244,9.569377990430622,0.0,2.3923444976076556,0.0,2.3923444976076556,0.0,0.0,0.0,0.0,7.177033492822967,0.0,0.0,0.0,2.3923444976076556,102.87081339712918,50.239234449760765,2.3923444976076556,23.923444976076556,0.4146341463414634,4.817073170731708,0.0,0.0,0.0,0.0,2.3923444976076556,2.3923444976076556,0.0,0.0,0.0,7.177033492822967,11.961722488038278,7.177033492822967,4.784688995215311,0.0,2.3923444976076556,0.0,0.0,0.0,7.177033492822967,16.74641148325359,4.784688995215311,0.0,0.0
35814215,2.457002457002457,22.11302211302211,51.597051597051596,2.457002457002457,2.457002457002457,0.0,0.0,17.1990171990172,2.457002457002457,7.371007371007371,0.0,0.0,9.828009828009828,46.68304668304668,0.0,250.61425061425064,14.742014742014742,12.285012285012284,12.285012285012284,4.914004914004914,9.828009828009828,0.0,0.0,36.85503685503686,2.457002457002457,0.0,2.457002457002457,0.0,0.0,0.0,4.914004914004914,0.0,0.0,4.914004914004914,0.0,0.0,0.0,12.285012285012284,120.39312039312038,41.76904176904177,2.457002457002457,24.570024570024568,0.4713216957605985,5.094763092269327,7.371007371007371,0.0,0.0,2.457002457002457,2.457002457002457,0.0,0.0,7.371007371007371,0.0,9.828009828009828,7.371007371007371,22.11302211302211,4.914004914004914,0.0,0.0,0.0,0.0,0.0,4.914004914004914,4.914004914004914,7.371007371007371,0.0,0.0
35907146,39.08045977011494,20.689655172413794,32.18390804597701,4.597701149425287,6.896551724137931,20.689655172413794,0.0,29.885057471264368,2.2988505747126435,4.597701149425287,0.0,2.2988505747126435,9.195402298850574,25.28735632183908,2.2988505747126435,271.264367816092,9.195402298850574,2.2988505747126435,27.586206896551722,0.0,9.195402298850574,0.0,0.0,22.988505747126435,4.597701149425287,0.0,2.2988505747126435,0.0,0.0,0.0,6.896551724137931,0.0,0.0,0.0,0.0,0.0,0.0,4.597701149425287,114.94252873563218,36.7816091954023,4.597701149425287,57.47126436781609,0.48792270531400966,4.531400966183575,6.896551724137931,0.0,0.0,4.597701149425287,6.896551724137931,0.0,0.0,0.0,0.0,11.494252873563218,11.494252873563218,18.39080459770115,4.597701149425287,0.0,9.195402298850574,0.0,0.0,0.0,4.597701149425287,13.793103448275861,20.689655172413794,0.0,4.597701149425287
35967862,0.0,4.597701149425287,43.67816091954023,2.2988505747126435,0.0,0.0,0.0,0.0,6.896551724137931,0.0,0.0,0.0,4.597701149425287,48.275862068965516,6.896551724137931,294.2528735632184,2.2988505747126435,0.0,11.494252873563218,0.0,4.597701149425287,0.0,0.0,34.48275862068965,2.2988505747126435,0.0,2.2988505747126435,0.0,2.2988505747126435,0.0,0.0,0.0,0.0,2.2988505747126435,0.0,0.0,0.0,0.0,144.82758620689657,62.06896551724138,0.0,20.689655172413794,0.47086247086247085,5.158508158508159,0.0,0.0,0.0,0.0,2.2988505747126435,0.0,0.0,0.0,0.0,0.0,9.195402298850574,4.597701149425287,11.494252873563218,0.0,0.0,0.0,0.0,0.0,4.597701149425287,18.39080459770115,0.0,0.0,2.2988505747126435
35994323,7.159904534606206,23.86634844868735,59.665871121718375,7.159904534606206,2.3866348448687353,7.159904534606206,0.0,0.0,21.479713603818613,2.3866348448687353,0.0,4.773269689737471,16.706443914081145,19.093078758949883,0.0,284.00954653937947,11.933174224343675,2.3866348448687353,23.86634844868735,0.0,9.546539379474941,4.773269689737471,0.0,26.252983293556085,0.0,0.0,2.3866348448687353,2.3866348448687353,2.3866348448687353,0.0,2.3866348448687353,0.0,0.0,7.159904534606206,0.0,0.0,4.773269689737471,2.3866348448687353,97.85202863961814,64.43914081145586,4.773269689737471,28.639618138424822,0.44844124700239807,4.721822541966427,4.773269689737471,0.0,0.0,2.3866348448687353,2.3866348448687353,0.0,0.0,11.933174224343675,0.0,4.773269689737471,9.546539379474941,14.319809069212411,2.3866348448687353,0.0,0.0,0.0,0.0,0.0,2.3866348448687353,7.159904534606206,7.159904534606206,0.0,0.0
36028608,53.48837209302326,6.976744186046512,13.953488372093023,2.3255813953488373,6.976744186046512,0.0,0.0,16.27906976744186,4.651162790697675,0.0,0.0,0.0,9.30232558139535,4.651162790697675,2.3255813953488373,369.7674418604651,0.0,0.0,16.27906976744186,0.0,0.0,0.0,0.0,13.953488372093023,6.976744186046512,0.0,0.0,0.0,0.0,0.0,6.976744186046512,0.0,0.0,0.0,0.0,0.0,0.0,6.976744186046512,109.30232558139535,69.76744186046511,9.30232558139535,30.232558139534884,0.5037406483790524,4.665835411471321,2.3255813953488373,0.0,0.0,0.0,13.953488372093023,0.0,2.3255813953488373,0.0,0.0,2.3255813953488373,4.651162790697675,2.3255813953488373,0.0,0.0,0.0,0.0,0.0,0.0,2.3255813953488373,2.3255813953488373,2.3255813953488373,2.3255813953488373,0.0
36034495,14.563106796116505,31.553398058252426,70.3883495145631,0.0,2.4271844660194173,48.543689320388346,4.854368932038835,48.543689320388346,12.135922330097086,4.854368932038835,2.4271844660194173,2.4271844660194173,12.135922330097086,12.135922330097086,7.281553398058253,191.74757281553397,2.4271844660194173,2.4271844660194173,29.12621359223301,0.0,19.41747572815534,0.0,4.854368932038835,31.553398058252426,0.0,0.0,0.0,0.0,0.0,0.0,2.4271844660194173,0.0,0.0,0.0,0.0,0.0,0.0,9.70873786407767,111.6504854368932,41.2621359223301,7.281553398058253,38.83495145631068,0.44,4.1725,4.854368932038835,0.0,0.0,0.0,4.854368932038835,0.0,4.854368932038835,4.854368932038835,0.0,12.135922330097086,9.70873786407767,31.553398058252426,2.4271844660194173,0.0,21.844660194174757,0.0,0.0,0.0,2.4271844660194173,0.0,21.844660194174757,0.0,0.0
36069002,35.714285714285715,23.809523809523807,50.0,7.142857142857142,0.0,7.142857142857142,0.0,4.761904761904763,9.523809523809526,0.0,2.3809523809523814,0.0,19.04761904761905,38.0952380952381,2.3809523809523814,269.04761904761904,23.809523809523807,0.0,23.809523809523807,4.761904761904763,2.3809523809523814,0.0,0.0,26.19047619047619,2.3809523809523814,0.0,0.0,11.904761904761903,0.0,0.0,0.0,0.0,0.0,11.904761904761903,0.0,0.0,0.0,7.142857142857142,121.42857142857143,50.0,7.142857142857142,28.57142857142857,0.4843373493975904,5.074698795180723,4.761904761904763,0.0,0.0,0.0,2.3809523809523814,0.0,7.142857142857142,2.3809523809523814,0.0,0.0,4.761904761904763,14.285714285714285,7.142857142857142,0.0,0.0,0.0,0.0,0.0,7.142857142857142,7.142857142857142,7.142857142857142,0.0,0.0
36102100,33.734939759036145,12.048192771084338,21.686746987951807,0.0,0.0,7.228915662650603,0.0,4.819277108433735,0.0,2.4096385542168677,0.0,0.0,9.63855421686747,57.83132530120482,9.63855421686747,272.28915662650604,14.457831325301205,7.228915662650603,7.228915662650603,0.0,4.819277108433735,0.0,0.0,24.096385542168676,4.819277108433735,0.0,4.819277108433735,0.0,0.0,0.0,4.819277108433735,0.0,0.0,4.819277108433735,0.0,0.0,0.0,0.0,125.30120481927712,91.56626506024097,2.4096385542168677,4.819277108433735,0.5048780487804878,5.341463414634147,0.0,0.0,0.0,0.0,0.0,0.0,2.4096385542168677,0.0,0.0,0.0,2.4096385542168677,7.228915662650603,0.0,0.0,0.0,0.0,0.0,0.0,0.0,14.457831325301205,4.819277108433735,0.0,0.0
36144172,65.06024096385542,12.048192771084338,9.63855421686747,7.228915662650603,0.0,0.0,0.0,36.144578313253014,7.228915662650603,0.0,0.0,4.819277108433735,14.457831325301205,7.228915662650603,2.4096385542168677,267.4698795180723,14.457831325301205,0.0,19.27710843373494,0.0,2.4096385542168677,2.4096385542168677,0.0,26.50602409638554,4.819277108433735,0.0,2.4096385542168677,0.0,4.819277108433735,0.0,0.0,0.0,0.0,7.228915662650603,0.0,0.0,2.4096385542168677,14.457831325301205,127.71084337349397,67.46987951807229,4.819277108433735,43.373493975903614,0.5652173913043478,4.758454106280193,7.228915662650603,4.819277108433735,0.0,2.4096385542168677,7.228915662650603,0.0,7.228915662650603,2.4096385542168677,0.0,7.228915662650603,2.4096385542168677,14.457831325301205,0.0,0.0,0.0,2.4096385542168677,0.0,0.0,2.4096385542168677,4.819277108433735,2.4096385542168677,2.4096385542168677,2.4096385542168677
36200295,79.71014492753622,4.830917874396135,12.077294685990339,2.4154589371980677,4.830917874396135,24.154589371980677,0.0,16.908212560386474,7.246376811594203,2.4154589371980677,0.0,0.0,14.492753623188406,9.66183574879227,2.4154589371980677,316.42512077294685,7.246376811594203,2.4154589371980677,31.40096618357488,0.0,2.4154589371980677,0.0,0.0,12.077294685990339,9.66183574879227,0.0,0.0,0.0,0.0,0.0,12.077294685990339,0.0,0.0,0.0,0.0,0.0,0.0,0.0,137.68115942028984,60.386473429951685,7.246376811594203,31.40096618357488,0.49875311720698257,4.628428927680798,0.0,0.0,0.0,0.0,2.4154589371980677,0.0,0.0,4.830917874396135,0.0,2.4154589371980677,7.246376811594203,4.830917874396135,2.4154589371980677,2.4154589371980677,14.492753623188406,0.0,0.0,0.0,2.4154589371980677,2.4154589371980677,19.32367149758454,2.4154589371980677,4.830917874396135
36200366,29.12621359223301,21.844660194174757,53.398058252427184,2.4271844660194173,2.4271844660194173,29.12621359223301,0.0,19.41747572815534,9.70873786407767,7.281553398058253,0.0,19.41747572815534,21.844660194174757,29.12621359223301,2.4271844660194173,220.873786407767,9.70873786407767,4.854368932038835,14.563106796116505,0.0,2.4271844660194173,0.0,0.0,50.970873786407765,0.0,0.0,0.0,2.4271844660194173,0.0,0.0,16.990291262135923,0.0,0.0,0.0,0.0,0.0,0.0,4.854368932038835,77.66990291262135,48.543689320388346,2.4271844660194173,36.40776699029126,0.458128078817734,4.674876847290641,2.4271844660194173,0.0,0.0,2.4271844660194173,29.12621359223301,0.0,0.0,7.281553398058253,4.854368932038835,16.990291262135923,26.699029126213592,7.281553398058253,9.70873786407767,0.0,4.854368932038835,0.0,0.0,0.0,4.854368932038835,7.281553398058253,14.563106796116505,0.0,7.281553398058253
36279855,21.58273381294964,11.990407673860911,38.36930455635491,4.796163069544364,0.0,0.0,0.0,9.592326139088728,11.990407673860911,0.0,0.0,0.0,21.58273381294964,26.378896882494004,2.398081534772182,309.35251798561154,14.388489208633095,0.0,14.388489208633095,0.0,0.0,0.0,0.0,26.378896882494004,7.194244604316547,0.0,2.398081534772182,2.398081534772182,16.786570743405274,0.0,2.398081534772182,0.0,0.0,0.0,0.0,0.0,0.0,0.0,100.71942446043165,50.35971223021583,2.398081534772182,59.95203836930456,0.5599022004889975,5.198044009779951,9.592326139088728,4.796163069544364,0.0,7.194244604316547,4.796163069544364,0.0,0.0,0.0,0.0,2.398081534772182,0.0,0.0,7.194244604316547,0.0,7.194244604316547,0.0,0.0,0.0,7.194244604316547,33.57314148681055,7.194244604316547,0.0,2.398081534772182
36295366,55.8252427184466,21.844660194174757,14.563106796116505,2.4271844660194173,0.0,0.0,2.4271844660194173,21.844660194174757,12.135922330097086,0.0,0.0,0.0,14.563106796116505,24.271844660194173,0.0,286.40776699029124,12.135922330097086,0.0,31.553398058252426,0.0,0.0,0.0,0.0,12.135922330097086,4.854368932038835,0.0,0.0,0.0,12.135922330097086,0.0,2.4271844660194173,0.0,0.0,0.0,0.0,0.0,0.0,12.135922330097086,114.07766990291263,55.8252427184466,0.0,33.980582524271846,0.5411471321695761,4.8254364089775565,0.0,2.4271844660194173,0.0,2.4271844660194173,2.4271844660194173,0.0,2.4271844660194173,0.0,0.0,4.854368932038835,4.854368932038835,9.70873786407767,0.0,0.0,0.0,0.0,0.0,0.0,7.281553398058253,24.271844660194173,12.135922330097086,2.4271844660194173,2.4271844660194173
36299835,21.22641509433962,25.943396226415096,56.60377358490566,2.3584905660377355,2.3584905660377355,0.0,0.0,9.433962264150942,0.0,9.433962264150942,0.0,0.0,14.150943396226415,47.16981132075472,0.0,280.66037735849056,7.0754716981132075,2.3584905660377355,9.433962264150942,0.0,14.150943396226415,0.0,0.0,7.0754716981132075,0.0,0.0,0.0,0.0,2.3584905660377355,0.0,4.716981132075471,0.0,2.3584905660377355,4.716981132075471,0.0,0.0,0.0,0.0,127.35849056603773,70.75471698113208,0.0,70.75471698113208,0.5059101654846335,5.555555555555555,9.433962264150942,4.716981132075471,0.0,0.0,2.3584905660377355,0.0,4.716981132075471,0.0,0.0,2.3584905660377355,4.716981132075471,7.0754716981132075,4.716981132075471,0.0,0.0,0.0,0.0,0.0,7.0754716981132075,25.943396226415096,7.0754716981132075,0.0,9.433962264150942
36321276,12.254901960784313,9.803921568627452,41.666666666666664,2.450980392156863,0.0,14.705882352941176,0.0,14.705882352941176,2.450980392156863,7.352941176470588,0.0,0.0,9.803921568627452,34.313725490196084,2.450980392156863,262.2549019607843,12.254901960784313,4.901960784313726,17.156862745098042,0.0,9.803921568627452,2.450980392156863,2.450980392156863,46.568627450980394,4.901960784313726,0.0,2.450980392156863,0.0,0.0,0.0,0.0,0.0,0.0,7.352941176470588,0.0,0.0,0.0,2.450980392156863,100.49019607843138,61.27450980392157,2.450980392156863,34.313725490196084,0.48267326732673266,4.967821782178218,4.901960784313726,0.0,0.0,0.0,9.803921568627452,0.0,2.450980392156863,4.901960784313726,0.0,17.156862745098042,14.705882352941176,12.254901960784313,9.803921568627452,0.0,0.0,0.0,0.0,0.0,7.352941176470588,24.509803921568626,2.450980392156863,0.0,0.0
36323635,41.06280193236715,16.908212560386474,36.231884057971016,7.246376811594203,4.830917874396135,0.0,0.0,45.893719806763286,4.830917874396135,7.246376811594203,0.0,0.0,14.492753623188406,24.154589371980677,0.0,229.46859903381642,21.73913043478261,0.0,7.246376811594203,0.0,12.077294685990339,2.4154589371980677,0.0,33.81642512077295,0.0,0.0,2.4154589371980677,0.0,2.4154589371980677,0.0,7.246376811594203,0.0,0.0,2.4154589371980677,0.0,2.4154589371980677,0.0,14.492753623188406,89.37198067632849,57.971014492753625,9.66183574879227,38.64734299516908,0.541871921182266,5.12807881773399,7.246376811594203,0.0,0.0,0.0,2.4154589371980677,0.0,0.0,7.246376811594203,0.0,12.077294685990339,12.077294685990339,16.908212560386474,0.0,2.4154589371980677,0.0,0.0,0.0,0.0,4.830917874396135,4.830917874396135,4.830917874396135,0.0,4.830917874396135
36330267,26.19047619047619,45.238095238095234,57.14285714285714,0.0,7.142857142857142,0.0,0.0,73.80952380952381,4.761904761904763,0.0,0.0,0.0,21.428571428571427,14.285714285714285,4.761904761904763,233.33333333333334,2.3809523809523814,0.0,21.428571428571427,0.0,2.3809523809523814,0.0,0.0,42.857142857142854,4.761904761904763,0.0,0.0,0.0,9.523809523809526,0.0,4.761904761904763,0.0,0.0,7.142857142857142,0.0,0.0,2.3809523809523814,2.3809523809523814,102.38095238095238,38.0952380952381,9.523809523809526,52.38095238095238,0.4939759036144578,4.469879518072289,2.3809523809523814,2.3809523809523814,0.0,0.0,7.142857142857142,0.0,4.761904761904763,0.0,0.0,7.142857142857142,4.761904761904763,11.904761904761903,0.0,0.0,0.0,2.3809523809523814,0.0,0.0,9.523809523809526,14.285714285714285,14.285714285714285,0.0,7.142857142857142
36461122,0.0,6.976744186046512,37.2093023255814,11.627906976744185,0.0,0.0,0.0,11.627906976744185,9.30232558139535,6.976744186046512,0.0,0.0,25.58139534883721,46.51162790697674,2.3255813953488373,265.1162790697674,2.3255813953488373,4.651162790697675,27.906976744186046,4.651162790697675,6.976744186046512,0.0,0.0,34.883720930232556,0.0,0.0,0.0,4.651162790697675,6.976744186046512,0.0,4.651162790697675,0.0,0.0,2.3255813953488373,0.0,0.0,2.3255813953488373,13.953488372093023,120.93023255813954,69.76744186046511,4.651162790697675,41.860465116279066,0.47183098591549294,5.185446009389671,2.3255813953488373,0.0,0.0,0.0,0.0,0.0,2.3255813953488373,6.976744186046512,0.0,18.6046511627907,0.0,16.27906976744186,11.627906976744185,0.0,2.3255813953488373,0.0,0.0,0.0,0.0,18.6046511627907,4.651162790697675,0.0,0.0
36486556,7.092198581560283,11.82033096926714,70.92198581560284,2.3640661938534278,0.0,0.0,0.0,9.456264775413711,16.548463356973993,9.456264775413711,0.0,0.0,11.82033096926714,18.912529550827422,0.0,290.7801418439716,2.3640661938534278,0.0,30.73286052009456,0.0,16.548463356973993,0.0,0.0,21.27659574468085,4.7281323877068555,0.0,2.3640661938534278,0.0,4.7281323877068555,0.0,2.3640661938534278,0.0,0.0,0.0,0.0,0.0,2.3640661938534278,11.82033096926714,106.38297872340425,40.189125295508276,16.548463356973993,47.28132387706856,0.47029702970297027,4.707920792079208,7.092198581560283,2.3640661938534278,0.0,0.0,0.0,0.0,4.7281323877068555,11.82033096926714,2.3640661938534278,2.3640661938534278,16.548463356973993,7.092198581560283,0.0,0.0,4.7281323877068555,0.0,0.0,0.0,4.7281323877068555,11.82033096926714,11.82033096926714,0.0,2.3640661938534278
36548749,0.0,7.425742574257425,56.93069306930693,4.9504950495049505,2.4752475247524752,0.0,0.0,9.900990099009901,12.376237623762377,0.0,2.4752475247524752,0.0,12.376237623762377,22.277227722772277,2.4752475247524752,287.1287128712871,4.9504950495049505,2.4752475247524752,17.32673267326733,0.0,2.4752475247524752,0.0,0.0,14.85148514851485,19.801980198019802,4.9504950495049505,0.0,4.9504950495049505,7.425742574257425,0.0,2.4752475247524752,0.0,0.0,0.0,0.0,0.0,0.0,9.900990099009901,116.33663366336634,91.58415841584159,7.425742574257425,24.752475247524753,0.5577889447236181,5.2462311557788945,0.0,0.0,0.0,0.0,9.900990099009901,0.0,4.9504950495049505,4.9504950495049505,2.4752475247524752,0.0,2.4752475247524752,7.425742574257425,2.4752475247524752,0.0,4.9504950495049505,0.0,0.0,0.0,4.9504950495049505,19.801980198019802,14.85148514851485,0.0,2.4752475247524752
36618804,4.901960784313726,31.862745098039213,68.62745098039217,9.803921568627452,12.254901960784313,0.0,0.0,2.450980392156863,7.352941176470588,0.0,2.450980392156863,0.0,12.254901960784313,51.470588235294116,0.0,237.74509803921566,7.352941176470588,2.450980392156863,22.058823529411764,0.0,2.450980392156863,0.0,0.0,12.254901960784313,0.0,0.0,0.0,0.0,0.0,0.0,0.0,0.0,0.0,9.803921568627452,0.0,2.450980392156863,0.0,4.901960784313726,151.96078431372547,80.88235294117648,19.607843137254903,44.11764705882353,0.5221674876847291,5.177339901477833,4.901960784313726,0.0,0.0,4.901960784313726,4.901960784313726,0.0,7.352941176470588,0.0,2.450980392156863,0.0,0.0,7.352941176470588,0.0,2.450980392156863,0.0,0.0,0.0,0.0,7.352941176470588,12.254901960784313,0.0,0.0,0.0
36671769,12.048192771084338,21.686746987951807,60.24096385542169,2.4096385542168677,2.4096385542168677,4.819277108433735,0.0,21.686746987951807,16.867469879518072,0.0,0.0,0.0,12.048192771084338,26.50602409638554,2.4096385542168677,274.69879518072287,7.228915662650603,2.4096385542168677,43.373493975903614,2.4096385542168677,0.0,0.0,2.4096385542168677,16.867469879518072,7.228915662650603,0.0,0.0,4.819277108433735,4.819277108433735,0.0,0.0,0.0,0.0,2.4096385542168677,0.0,0.0,0.0,2.4096385542168677,113.25301204819277,72.28915662650603,2.4096385542168677,33.734939759036145,0.5123762376237624,4.896039603960396,0.0,0.0,0.0,2.4096385542168677,7.228915662650603,0.0,9.63855421686747,0.0,0.0,4.819277108433735,2.4096385542168677,12.048192771084338,0.0,0.0,7.228915662650603,2.4096385542168677,0.0,0.0,0.0,31.32530120481928,16.867469879518072,2.4096385542168677,0.0
36695604,19.51219512195122,24.390243902439025,53.65853658536585,2.4390243902439024,0.0,17.073170731707318,0.0,21.95121951219512,19.51219512195122,0.0,2.4390243902439024,2.4390243902439024,4.878048780487805,14.634146341463415,2.4390243902439024,265.8536585365854,7.317073170731708,7.317073170731708,14.634146341463415,2.4390243902439024,9.75609756097561,0.0,0.0,43.90243902439024,2.4390243902439024,0.0,0.0,0.0,2.4390243902439024,0.0,2.4390243902439024,0.0,0.0,0.0,0.0,0.0,4.878048780487805,17.073170731707318,97.5609756097561,36.58536585365854,4.878048780487805,29.26829268292683,0.47160493827160493,4.511111111111111,2.4390243902439024,0.0,0.0,0.0,4.878048780487805,0.0,2.4390243902439024,7.317073170731708,0.0,4.878048780487805,14.634146341463415,17.073170731707318,19.51219512195122,0.0,0.0,0.0,0.0,0.0,0.0,9.75609756097561,4.878048780487805,0.0,0.0
36733329,19.801980198019802,32.17821782178218,49.504950495049506,4.9504950495049505,0.0,0.0,0.0,14.85148514851485,24.752475247524753,4.9504950495049505,2.4752475247524752,4.9504950495049505,9.900990099009901,17.32673267326733,4.9504950495049505,242.57425742574256,7.425742574257425,0.0,9.900990099009901,0.0,9.900990099009901,0.0,0.0,22.277227722772277,2.4752475247524752,0.0,2.4752475247524752,0.0,4.9504950495049505,0.0,0.0,0.0,0.0,2.4752475247524752,2.4752475247524752,0.0,0.0,9.900990099009901,96.53465346534654,34.65346534653466,2.4752475247524752,56.93069306930693,0.5038363171355499,4.588235294117647,9.900990099009901,0.0,0.0,2.4752475247524752,9.900990099009901,0.0,2.4752475247524752,14.85148514851485,0.0,7.425742574257425,9.900990099009901,4.9504950495049505,2.4752475247524752,0.0,0.0,0.0,4.9504950495049505,0.0,9.900990099009901,9.900990099009901,19.801980198019802,0.0,0.0
36788418,16.393442622950822,30.44496487119438,53.86416861826697,0.0,4.68384074941452,0.0,0.0,32.786885245901644,0.0,0.0,0.0,2.34192037470726,14.05152224824356,42.15456674473068,7.02576112412178,302.10772833723655,4.68384074941452,2.34192037470726,14.05152224824356,2.34192037470726,9.36768149882904,0.0,0.0,16.393442622950822,7.02576112412178,0.0,4.68384074941452,0.0,4.68384074941452,0.0,0.0,0.0,0.0,7.02576112412178,0.0,0.0,0.0,4.68384074941452,119.43793911007025,63.231850117096016,2.34192037470726,44.49648711943794,0.538647342995169,5.502415458937198,9.36768149882904,0.0,0.0,0.0,0.0,0.0,7.02576112412178,0.0,0.0,7.02576112412178,7.02576112412178,11.7096018735363,4.68384074941452,0.0,0.0,0.0,0.0,0.0,11.7096018735363,14.05152224824356,4.68384074941452,0.0,0.0
36822567,52.88461538461539,14.423076923076923,38.46153846153847,7.211538461538462,2.403846153846154,4.807692307692308,0.0,55.28846153846153,0.0,0.0,0.0,0.0,16.826923076923077,21.634615384615383,2.403846153846154,317.30769230769226,16.826923076923077,2.403846153846154,16.826923076923077,0.0,0.0,0.0,0.0,0.0,7.211538461538462,0.0,0.0,0.0,0.0,0.0,4.807692307692308,0.0,0.0,0.0,0.0,0.0,0.0,14.423076923076923,134.6153846153846,52.88461538461539,4.807692307692308,33.65384615384615,0.5037037037037037,4.970370370370371,2.403846153846154,0.0,0.0,0.0,0.0,0.0,0.0,4.807692307692308,0.0,0.0,7.211538461538462,7.211538461538462,2.403846153846154,0.0,0.0,0.0,0.0,0.0,4.807692307692308,19.230769230769234,7.211538461538462,0.0,4.807692307692308
36824911,26.128266033254157,4.750593824228028,33.2541567695962,2.375296912114014,0.0,2.375296912114014,0.0,2.375296912114014,26.128266033254157,0.0,0.0,0.0,7.125890736342043,35.62945368171022,0.0,256.53206650831356,14.251781472684087,0.0,38.00475059382423,0.0,21.377672209026127,0.0,0.0,28.503562945368174,2.375296912114014,0.0,0.0,0.0,4.750593824228028,0.0,0.0,0.0,0.0,2.375296912114014,0.0,0.0,0.0,0.0,135.3919239904988,59.38242280285035,7.125890736342043,28.503562945368174,0.4362745098039216,4.889705882352941,2.375296912114014,0.0,0.0,0.0,0.0,0.0,2.375296912114014,7.125890736342043,2.375296912114014,7.125890736342043,23.752969121140143,4.750593824228028,9.501187648456057,0.0,0.0,0.0,0.0,0.0,4.750593824228028,4.750593824228028,7.125890736342043,0.0,4.750593824228028
36859305,47.961630695443645,19.184652278177456,59.95203836930456,0.0,2.398081534772182,4.796163069544364,0.0,23.980815347721823,2.398081534772182,14.388489208633095,0.0,2.398081534772182,31.17505995203837,33.57314148681055,14.388489208633095,235.01199040767386,23.980815347721823,2.398081534772182,21.58273381294964,0.0,2.398081534772182,0.0,0.0,14.388489208633095,4.796163069544364,0.0,0.0,4.796163069544364,0.0,0.0,11.990407673860911,0.0,0.0,0.0,0.0,0.0,0.0,2.398081534772182,100.71942446043165,47.961630695443645,0.0,45.563549160671464,0.5242718446601942,4.856796116504855,2.398081534772182,0.0,0.0,2.398081534772182,2.398081534772182,0.0,0.0,4.796163069544364,0.0,0.0,9.592326139088728,14.388489208633095,2.398081534772182,2.398081534772182,0.0,0.0,0.0,0.0,11.990407673860911,4.796163069544364,7.194244604316547,0.0,7.194244604316547
37002816,0.0,19.37046004842615,50.84745762711865,0.0,0.0,0.0,0.0,7.263922518159807,12.106537530266344,2.4213075060532687,0.0,2.4213075060532687,12.106537530266344,46.00484261501211,7.263922518159807,290.55690072639226,9.685230024213075,9.685230024213075,19.37046004842615,4.842615012106537,12.106537530266344,0.0,0.0,26.634382566585955,2.4213075060532687,0.0,0.0,0.0,4.842615012106537,0.0,2.4213075060532687,0.0,0.0,0.0,0.0,0.0,0.0,9.685230024213075,116.2227602905569,60.53268765133172,2.4213075060532687,19.37046004842615,0.4317617866004963,4.9851116625310175,4.842615012106537,0.0,0.0,0.0,0.0,0.0,0.0,4.842615012106537,2.4213075060532687,21.791767554479417,14.527845036319613,7.263922518159807,2.4213075060532687,0.0,0.0,0.0,0.0,0.0,0.0,19.37046004842615,4.842615012106537,0.0,2.4213075060532687
37086143,7.462686567164179,2.487562189054726,72.13930348258707,0.0,0.0,2.487562189054726,0.0,24.875621890547265,0.0,7.462686567164179,0.0,4.975124378109452,0.0,37.31343283582089,4.975124378109452,246.2686567164179,4.975124378109452,0.0,24.875621890547265,0.0,22.388059701492537,0.0,0.0,34.82587064676617,0.0,0.0,2.487562189054726,4.975124378109452,0.0,0.0,0.0,0.0,0.0,0.0,0.0,0.0,0.0,2.487562189054726,131.8407960199005,44.776119402985074,14.925373134328359,22.388059701492537,0.3826530612244898,5.010204081632653,2.487562189054726,0.0,0.0,0.0,4.975124378109452,0.0,0.0,2.487562189054726,0.0,2.487562189054726,12.437810945273633,12.437810945273633,9.950248756218905,0.0,0.0,0.0,7.462686567164179,0.0,2.487562189054726,14.925373134328359,2.487562189054726,0.0,2.487562189054726
37309372,71.25890736342043,7.125890736342043,19.002375296912113,4.750593824228028,0.0,2.375296912114014,0.0,19.002375296912113,4.750593824228028,0.0,2.375296912114014,0.0,16.6270783847981,45.13064133016627,2.375296912114014,285.03562945368174,38.00475059382423,0.0,16.6270783847981,0.0,16.6270783847981,0.0,4.750593824228028,16.6270783847981,2.375296912114014,0.0,0.0,0.0,2.375296912114014,0.0,0.0,0.0,0.0,4.750593824228028,0.0,0.0,0.0,14.251781472684087,116.3895486935867,49.8812351543943,2.375296912114014,52.25653206650831,0.4733009708737864,5.186893203883495,4.750593824228028,4.750593824228028,0.0,0.0,0.0,0.0,4.750593824228028,0.0,0.0,0.0,11.876484560570072,21.377672209026127,4.750593824228028,0.0,0.0,0.0,0.0,0.0,14.251781472684087,9.501187648456057,0.0,0.0,2.375296912114014
37322524,7.177033492822967,21.5311004784689,86.1244019138756,0.0,0.0,38.27751196172249,0.0,14.354066985645934,16.74641148325359,0.0,4.784688995215311,0.0,0.0,19.138755980861244,0.0,246.41148325358853,9.569377990430622,0.0,40.66985645933014,0.0,4.784688995215311,2.3923444976076556,0.0,45.45454545454545,2.3923444976076556,0.0,0.0,0.0,0.0,0.0,0.0,0.0,0.0,0.0,0.0,0.0,0.0,4.784688995215311,86.1244019138756,43.0622009569378,14.354066985645934,28.70813397129187,0.455470737913486,4.5038167938931295,4.784688995215311,0.0,0.0,0.0,7.177033492822967,0.0,0.0,7.177033492822967,0.0,2.3923444976076556,14.354066985645934,14.354066985645934,9.569377990430622,0.0,31.10047846889952,0.0,0.0,0.0,2.3923444976076556,11.961722488038278,21.5311004784689,0.0,2.3923444976076556
37345436,29.556650246305416,34.48275862068965,49.26108374384237,4.926108374384237,0.0,7.389162561576354,0.0,2.4630541871921183,2.4630541871921183,2.4630541871921183,0.0,0.0,17.241379310344826,17.241379310344826,2.4630541871921183,293.10344827586204,7.389162561576354,0.0,7.389162561576354,0.0,4.926108374384237,0.0,0.0,9.852216748768473,0.0,0.0,0.0,4.926108374384237,0.0,0.0,0.0,0.0,0.0,9.852216748768473,0.0,0.0,0.0,4.926108374384237,120.6896551724138,78.81773399014779,0.0,36.94581280788178,0.4758269720101781,5.017811704834606,0.0,0.0,0.0,0.0,2.4630541871921183,0.0,0.0,4.926108374384237,0.0,0.0,17.241379310344826,2.4630541871921183,2.4630541871921183,0.0,4.926108374384237,2.4630541871921183,0.0,0.0,7.389162561576354,2.4630541871921183,7.389162561576354,0.0,0.0
37346003,44.49648711943794,11.7096018735363,14.05152224824356,0.0,4.68384074941452,0.0,0.0,30.44496487119438,4.68384074941452,0.0,2.34192037470726,2.34192037470726,9.36768149882904,9.36768149882904,0.0,283.37236533957844,0.0,0.0,35.128805620608894,0.0,2.34192037470726,0.0,0.0,28.10304449648712,0.0,0.0,2.34192037470726,0.0,0.0,0.0,9.36768149882904,0.0,0.0,0.0,0.0,0.0,0.0,11.7096018735363,107.72833723653395,65.57377049180329,9.36768149882904,32.786885245901644,0.5224586288416075,4.501182033096927,2.34192037470726,0.0,0.0,0.0,4.68384074941452,0.0,7.02576112412178,4.68384074941452,0.0,16.393442622950822,2.34192037470726,11.7096018735363,0.0,0.0,0.0,0.0,0.0,0.0,2.34192037470726,2.34192037470726,18.73536299765808,2.34192037470726,0.0
37355715,4.796163069544364,23.980815347721823,76.73860911270982,0.0,0.0,2.398081534772182,0.0,0.0,19.184652278177456,0.0,0.0,0.0,4.796163069544364,19.184652278177456,2.398081534772182,258.9928057553957,16.786570743405274,7.194244604316547,40.7673860911271,0.0,21.58273381294964,2.398081534772182,0.0,19.184652278177456,4.796163069544364,0.0,0.0,0.0,0.0,0.0,0.0,0.0,0.0,4.796163069544364,0.0,0.0,0.0,4.796163069544364,83.93285371702639,40.7673860911271,16.786570743405274,40.7673860911271,0.4531645569620253,4.987341772151899,9.592326139088728,0.0,0.0,0.0,7.194244604316547,0.0,2.398081534772182,7.194244604316547,0.0,2.398081534772182,19.184652278177456,11.990407673860911,2.398081534772182,0.0,4.796163069544364,0.0,0.0,0.0,7.194244604316547,11.990407673860911,11.990407673860911,0.0,2.398081534772182
37380704,39.08045977011494,18.39080459770115,50.57471264367816,0.0,0.0,22.988505747126435,0.0,45.97701149425287,16.091954022988507,4.597701149425287,0.0,4.597701149425287,39.08045977011494,39.08045977011494,11.494252873563218,195.40229885057474,9.195402298850574,2.2988505747126435,22.988505747126435,0.0,2.2988505747126435,0.0,0.0,29.885057471264368,2.2988505747126435,0.0,0.0,0.0,18.39080459770115,0.0,9.195402298850574,0.0,0.0,0.0,0.0,0.0,0.0,11.494252873563218,98.85057471264368,55.172413793103445,2.2988505747126435,66.66666666666667,0.49765258215962443,4.936619718309859,4.597701149425287,2.2988505747126435,0.0,2.2988505747126435,13.793103448275861,0.0,0.0,6.896551724137931,0.0,0.0,4.597701149425287,18.39080459770115,4.597701149425287,2.2988505747126435,4.597701149425287,0.0,0.0,2.2988505747126435,2.2988505747126435,36.7816091954023,9.195402298850574,0.0,2.2988505747126435
37429261,9.950248756218905,17.412935323383085,37.31343283582089,4.975124378109452,7.462686567164179,4.975124378109452,0.0,19.90049751243781,4.975124378109452,7.462686567164179,0.0,0.0,22.388059701492537,0.0,2.487562189054726,278.60696517412936,9.950248756218905,2.487562189054726,29.850746268656717,0.0,12.437810945273633,0.0,0.0,27.36318407960199,0.0,0.0,0.0,2.487562189054726,2.487562189054726,0.0,9.950248756218905,0.0,0.0,7.462686567164179,0.0,0.0,0.0,12.437810945273633,94.5273631840796,74.62686567164178,19.90049751243781,27.36318407960199,0.39195979899497485,5.085427135678392,4.975124378109452,2.487562189054726,0.0,0.0,0.0,0.0,2.487562189054726,2.487562189054726,0.0,27.36318407960199,12.437810945273633,9.950248756218905,12.437810945273633,0.0,0.0,0.0,0.0,0.0,2.487562189054726,22.388059701492537,0.0,0.0,0.0
37429306,34.82587064676617,9.950248756218905,52.23880597014925,0.0,2.487562189054726,32.33830845771144,0.0,17.412935323383085,14.925373134328359,0.0,2.487562189054726,7.462686567164179,12.437810945273633,19.90049751243781,4.975124378109452,226.3681592039801,17.412935323383085,0.0,17.412935323383085,0.0,4.975124378109452,7.462686567164179,0.0,64.67661691542288,0.0,0.0,0.0,9.950248756218905,7.462686567164179,0.0,0.0,0.0,0.0,2.487562189054726,0.0,0.0,0.0,0.0,82.08955223880596,52.23880597014925,4.975124378109452,34.82587064676617,0.3702770780856423,4.692695214105793,4.975124378109452,0.0,0.0,2.487562189054726,12.437810945273633,0.0,4.975124378109452,2.487562189054726,0.0,2.487562189054726,17.412935323383085,24.875621890547265,0.0,0.0,2.487562189054726,0.0,0.0,0.0,4.975124378109452,14.925373134328359,19.90049751243781,0.0,7.462686567164179
37575320,42.857142857142854,21.428571428571427,45.238095238095234,0.0,2.3809523809523814,2.3809523809523814,0.0,26.19047619047619,0.0,0.0,0.0,0.0,14.285714285714285,45.238095238095234,11.904761904761903,238.09523809523807,11.904761904761903,11.904761904761903,33.333333333333336,9.523809523809526,9.523809523809526,0.0,0.0,14.285714285714285,2.3809523809523814,0.0,0.0,2.3809523809523814,0.0,0.0,7.142857142857142,0.0,0.0,7.142857142857142,0.0,0.0,0.0,2.3809523809523814,107.14285714285714,80.95238095238096,4.761904761904763,26.19047619047619,0.41421568627450983,4.828431372549019,0.0,0.0,0.0,4.761904761904763,2.3809523809523814,2.3809523809523814,2.3809523809523814,4.761904761904763,0.0,2.3809523809523814,19.04761904761905,7.142857142857142,2.3809523809523814,0.0,0.0,0.0,0.0,0.0,7.142857142857142,16.666666666666668,4.761904761904763,2.3809523809523814,2.3809523809523814
37619474,34.48275862068965,14.778325123152708,32.01970443349754,7.389162561576354,9.852216748768473,0.0,0.0,56.65024630541872,7.389162561576354,0.0,0.0,0.0,14.778325123152708,4.926108374384237,0.0,273.3990147783251,4.926108374384237,0.0,41.87192118226601,0.0,0.0,0.0,2.4630541871921183,12.315270935960593,0.0,0.0,0.0,0.0,0.0,0.0,2.4630541871921183,0.0,0.0,2.4630541871921183,0.0,0.0,0.0,7.389162561576354,135.4679802955665,19.704433497536947,7.389162561576354,59.11330049261083,0.46547314578005117,4.406649616368286,2.4630541871921183,0.0,0.0,2.4630541871921183,4.926108374384237,0.0,2.4630541871921183,4.926108374384237,0.0,14.778325123152708,7.389162561576354,7.389162561576354,0.0,0.0,7.389162561576354,0.0,0.0,0.0,7.389162561576354,7.389162561576354,27.093596059113302,0.0,2.4630541871921183
37704117,39.603960396039604,0.0,27.22772277227723,2.4752475247524752,0.0,0.0,0.0,7.425742574257425,9.900990099009901,0.0,0.0,0.0,12.376237623762377,44.554455445544555,12.376237623762377,267.3267326732673,12.376237623762377,4.9504950495049505,12.376237623762377,0.0,17.32673267326733,0.0,0.0,22.277227722772277,4.9504950495049505,0.0,2.4752475247524752,0.0,4.9504950495049505,0.0,0.0,0.0,0.0,7.425742574257425,0.0,0.0,4.9504950495049505,0.0,99.00990099009901,71.78217821782178,0.0,29.7029702970297,0.4732824427480916,5.2773536895674305,7.425742574257425,2.4752475247524752,0.0,0.0,2.4752475247524752,0.0,2.4752475247524752,12.376237623762377,0.0,2.4752475247524752,14.85148514851485,9.900990099009901,12.376237623762377,0.0,0.0,0.0,0.0,0.0,2.4752475247524752,7.425742574257425,4.9504950495049505,2.4752475247524752,2.4752475247524752
37792997,14.184397163120567,18.912529550827422,49.64539007092199,0.0,0.0,9.456264775413711,0.0,2.3640661938534278,14.184397163120567,2.3640661938534278,0.0,0.0,14.184397163120567,44.917257683215134,0.0,248.22695035460993,2.3640661938534278,7.092198581560283,16.548463356973993,0.0,11.82033096926714,0.0,0.0,37.825059101654844,4.7281323877068555,0.0,2.3640661938534278,0.0,4.7281323877068555,0.0,7.092198581560283,0.0,0.0,2.3640661938534278,0.0,0.0,0.0,4.7281323877068555,106.38297872340425,87.47044917257683,11.82033096926714,16.548463356973993,0.3743961352657005,5.219806763285024,2.3640661938534278,0.0,0.0,0.0,4.7281323877068555,0.0,0.0,0.0,0.0,7.092198581560283,21.27659574468085,2.3640661938534278,9.456264775413711,0.0,0.0,0.0,0.0,0.0,2.3640661938534278,21.27659574468085,7.092198581560283,0.0,2.3640661938534278
37863807,2.403846153846154,2.403846153846154,43.26923076923077,4.807692307692308,0.0,0.0,0.0,0.0,4.807692307692308,2.403846153846154,0.0,0.0,0.0,48.07692307692308,7.211538461538462,278.84615384615387,9.615384615384617,0.0,12.01923076923077,4.807692307692308,4.807692307692308,0.0,0.0,24.03846153846154,7.211538461538462,0.0,2.403846153846154,2.403846153846154,0.0,0.0,0.0,0.0,0.0,0.0,0.0,0.0,0.0,12.01923076923077,115.38461538461539,117.78846153846153,0.0,28.846153846153847,0.46601941747572817,5.483009708737864,4.807692307692308,0.0,0.0,0.0,0.0,0.0,4.807692307692308,16.826923076923077,0.0,0.0,2.403846153846154,2.403846153846154,2.403846153846154,0.0,0.0,0.0,0.0,0.0,2.403846153846154,28.846153846153847,0.0,0.0,0.0
37974423,4.88997555012225,34.229828850855746,78.239608801956,4.88997555012225,2.444987775061125,0.0,0.0,17.114914425427873,9.7799511002445,0.0,0.0,2.444987775061125,22.004889975550125,34.229828850855746,0.0,239.6088019559902,9.7799511002445,2.444987775061125,24.44987775061125,2.444987775061125,9.7799511002445,0.0,0.0,24.44987775061125,2.444987775061125,0.0,0.0,0.0,2.444987775061125,0.0,4.88997555012225,0.0,0.0,12.224938875305625,0.0,0.0,0.0,7.334963325183374,90.46454767726162,85.57457212713938,4.88997555012225,39.119804400978,0.5087719298245614,4.912280701754386,2.444987775061125,2.444987775061125,0.0,0.0,4.88997555012225,0.0,2.444987775061125,0.0,0.0,14.669926650366747,9.7799511002445,2.444987775061125,0.0,0.0,0.0,0.0,0.0,0.0,7.334963325183374,17.114914425427873,9.7799511002445,0.0,4.88997555012225
37976537,49.8812351543943,0.0,40.38004750593824,0.0,0.0,19.002375296912113,0.0,9.501187648456057,7.125890736342043,0.0,0.0,0.0,0.0,19.002375296912113,4.750593824228028,323.04038004750595,9.501187648456057,0.0,16.6270783847981,0.0,9.501187648456057,2.375296912114014,0.0,26.128266033254157,2.375296912114014,0.0,0.0,9.501187648456057,0.0,0.0,0.0,0.0,0.0,0.0,0.0,0.0,0.0,14.251781472684087,97.38717339667458,71.25890736342043,7.125890736342043,26.128266033254157,0.3756218905472637,4.845771144278607,2.375296912114014,0.0,0.0,0.0,16.6270783847981,0.0,2.375296912114014,4.750593824228028,0.0,0.0,19.002375296912113,23.752969121140143,0.0,0.0,2.375296912114014,0.0,0.0,0.0,0.0,0.0,14.251781472684087,0.0,4.750593824228028
38000580,0.0,24.330900243309003,55.961070559610704,2.4330900243309004,0.0,0.0,2.4330900243309004,2.4330900243309004,9.732360097323602,2.4330900243309004,0.0,0.0,17.0316301703163,26.7639902676399,0.0,245.74209245742094,14.598540145985401,2.4330900243309004,24.330900243309003,0.0,9.732360097323602,0.0,2.4330900243309004,24.330900243309003,9.732360097323602,0.0,0.0,2.4330900243309004,7.299270072992701,0.0,0.0,0.0,0.0,0.0,0.0,0.0,0.0,2.4330900243309004,109.48905109489051,82.7250608272506,7.299270072992701,46.228710462287104,0.5,5.2,7.299270072992701,0.0,0.0,0.0,0.0,0.0,7.299270072992701,4.866180048661801,0.0,4.866180048661801,9.732360097323602,4.866180048661801,2.4330900243309004,0.0,17.0316301703163,0.0,0.0,0.0,7.299270072992701,7.299270072992701,2.4330900243309004,2.4330900243309004,2.4330900243309004
38023933,17.073170731707318,17.073170731707318,56.09756097560976,0.0,0.0,26.829268292682926,0.0,4.878048780487805,7.317073170731708,0.0,4.878048780487805,4.878048780487805,26.829268292682926,29.26829268292683,0.0,280.4878048780488,19.51219512195122,2.4390243902439024,14.634146341463415,0.0,9.75609756097561,0.0,0.0,29.26829268292683,2.4390243902439024,0.0,0.0,0.0,7.317073170731708,2.4390243902439024,4.878048780487805,0.0,0.0,7.317073170731708,0.0,0.0,0.0,0.0,92.6829268292683,41.463414634146346,4.878048780487805,19.51219512195122,0.46055979643765904,4.9465648854961835,0.0,0.0,0.0,0.0,0.0,0.0,2.4390243902439024,2.4390243902439024,2.4390243902439024,21.95121951219512,19.51219512195122,9.75609756097561,4.878048780487805,0.0,0.0,2.4390243902439024,0.0,0.0,2.4390243902439024,9.75609756097561,2.4390243902439024,0.0,0.0
38067343,7.263922518159807,7.263922518159807,46.00484261501211,0.0,4.842615012106537,16.949152542372882,0.0,9.685230024213075,0.0,0.0,0.0,0.0,7.263922518159807,14.527845036319613,7.263922518159807,300.2421307506053,0.0,0.0,16.949152542372882,2.4213075060532687,2.4213075060532687,0.0,0.0,19.37046004842615,0.0,0.0,0.0,0.0,2.4213075060532687,0.0,0.0,0.0,0.0,0.0,0.0,0.0,0.0,2.4213075060532687,150.12106537530266,94.43099273607749,4.842615012106537,24.213075060532688,0.5197044334975369,4.832512315270936,9.685230024213075,0.0,0.0,2.4213075060532687,4.842615012106537,2.4213075060532687,2.4213075060532687,14.527845036319613,0.0,0.0,7.263922518159807,4.842615012106537,4.842615012106537,2.4213075060532687,4.842615012106537,0.0,0.0,0.0,2.4213075060532687,14.527845036319613,4.842615012106537,0.0,0.0
38095535,17.241379310344826,17.241379310344826,39.40886699507389,7.389162561576354,0.0,0.0,0.0,7.389162561576354,4.926108374384237,2.4630541871921183,0.0,2.4630541871921183,2.4630541871921183,51.724137931034484,12.315270935960593,295.56650246305423,2.4630541871921183,0.0,17.241379310344826,2.4630541871921183,4.926108374384237,0.0,0.0,14.778325123152708,4.926108374384237,0.0,0.0,0.0,0.0,0.0,0.0,0.0,0.0,2.4630541871921183,0.0,0.0,0.0,0.0,145.32019704433498,59.11330049261083,7.389162561576354,22.167487684729064,0.4883116883116883,5.358441558441559,2.4630541871921183,0.0,0.0,0.0,2.4630541871921183,0.0,4.926108374384237,0.0,0.0,0.0,0.0,9.852216748768473,4.926108374384237,0.0,0.0,0.0,0.0,0.0,0.0,14.778325123152708,4.926108374384237,0.0,2.4630541871921183
38193340,66.82577565632458,7.159904534606206,21.479713603818613,7.159904534606206,2.3866348448687353,33.41288782816229,0.0,21.479713603818613,7.159904534606206,0.0,0.0,2.3866348448687353,7.159904534606206,4.773269689737471,2.3866348448687353,272.07637231503577,2.3866348448687353,2.3866348448687353,28.639618138424822,0.0,4.773269689737471,0.0,0.0,28.639618138424822,0.0,0.0,0.0,0.0,0.0,0.0,4.773269689737471,0.0,0.0,2.3866348448687353,0.0,0.0,2.3866348448687353,4.773269689737471,114.55847255369929,50.11933174224344,4.773269689737471,54.89260143198091,0.5097087378640777,4.354368932038835,2.3866348448687353,0.0,0.0,0.0,11.933174224343675,0.0,0.0,7.159904534606206,0.0,2.3866348448687353,9.546539379474941,14.319809069212411,2.3866348448687353,2.3866348448687353,14.319809069212411,2.3866348448687353,0.0,0.0,4.773269689737471,2.3866348448687353,21.479713603818613,0.0,9.546539379474941
38280810,40.189125295508276,11.82033096926714,37.825059101654844,2.3640661938534278,7.092198581560283,11.82033096926714,0.0,9.456264775413711,28.368794326241133,0.0,0.0,0.0,14.184397163120567,33.09692671394799,0.0,219.8581560283688,4.7281323877068555,0.0,30.73286052009456,0.0,0.0,0.0,4.7281323877068555,23.64066193853428,4.7281323877068555,0.0,2.3640661938534278,0.0,2.3640661938534278,0.0,0.0,0.0,0.0,0.0,0.0,0.0,0.0,7.092198581560283,120.56737588652481,70.92198581560284,2.3640661938534278,63.82978723404255,0.5120192307692307,4.699519230769231,2.3640661938534278,4.7281323877068555,0.0,2.3640661938534278,11.82033096926714,0.0,21.27659574468085,0.0,0.0,0.0,4.7281323877068555,11.82033096926714,0.0,0.0,4.7281323877068555,2.3640661938534278,0.0,2.3640661938534278,11.82033096926714,14.184397163120567,11.82033096926714,0.0,4.7281323877068555
38309192,62.18905472636816,24.875621890547265,24.875621890547265,2.487562189054726,0.0,0.0,0.0,52.23880597014925,0.0,2.487562189054726,2.487562189054726,0.0,19.90049751243781,34.82587064676617,12.437810945273633,253.7313432835821,2.487562189054726,2.487562189054726,14.925373134328359,0.0,9.950248756218905,0.0,0.0,14.925373134328359,12.437810945273633,0.0,0.0,4.975124378109452,2.487562189054726,0.0,4.975124378109452,0.0,0.0,4.975124378109452,0.0,0.0,0.0,9.950248756218905,119.40298507462687,69.65174129353234,7.462686567164179,37.31343283582089,0.56,5.3225,0.0,0.0,0.0,0.0,2.487562189054726,0.0,0.0,4.975124378109452,0.0,0.0,9.950248756218905,12.437810945273633,4.975124378109452,0.0,0.0,0.0,0.0,0.0,7.462686567164179,27.36318407960199,4.975124378109452,2.487562189054726,0.0
38325364,16.666666666666668,21.428571428571427,33.333333333333336,0.0,2.3809523809523814,0.0,0.0,11.904761904761903,4.761904761904763,0.0,0.0,0.0,9.523809523809526,50.0,0.0,307.14285714285717,2.3809523809523814,7.142857142857142,7.142857142857142,0.0,2.3809523809523814,0.0,0.0,16.666666666666668,0.0,0.0,2.3809523809523814,2.3809523809523814,2.3809523809523814,0.0,4.761904761904763,0.0,0.0,0.0,0.0,0.0,0.0,4.761904761904763,128.57142857142856,102.38095238095238,2.3809523809523814,11.904761904761903,0.5108958837772397,5.600484261501211,0.0,0.0,0.0,0.0,0.0,0.0,4.761904761904763,4.761904761904763,0.0,0.0,9.523809523809526,2.3809523809523814,0.0,0.0,0.0,0.0,0.0,0.0,4.761904761904763,16.666666666666668,4.761904761904763,0.0,0.0
38334846,2.375296912114014,26.128266033254157,49.8812351543943,2.375296912114014,0.0,0.0,0.0,2.375296912114014,7.125890736342043,0.0,0.0,2.375296912114014,11.876484560570072,33.2541567695962,0.0,342.042755344418,4.750593824228028,0.0,11.876484560570072,0.0,2.375296912114014,0.0,0.0,16.6270783847981,4.750593824228028,0.0,0.0,0.0,2.375296912114014,0.0,0.0,0.0,0.0,4.750593824228028,0.0,0.0,0.0,0.0,142.51781472684087,73.63420427553444,2.375296912114014,33.2541567695962,0.5168269230769231,5.425480769230769,7.125890736342043,0.0,0.0,0.0,2.375296912114014,0.0,0.0,2.375296912114014,0.0,0.0,2.375296912114014,0.0,0.0,0.0,0.0,0.0,0.0,0.0,7.125890736342043,19.002375296912113,2.375296912114014,0.0,2.375296912114014
38354614,77.11442786069651,2.487562189054726,4.975124378109452,0.0,12.437810945273633,0.0,0.0,42.28855721393035,4.975124378109452,0.0,2.487562189054726,0.0,12.437810945273633,2.487562189054726,4.975124378109452,263.681592039801,2.487562189054726,0.0,42.28855721393035,0.0,0.0,0.0,0.0,24.875621890547265,4.975124378109452,0.0,0.0,0.0,4.975124378109452,0.0,7.462686567164179,0.0,0.0,0.0,0.0,0.0,0.0,12.437810945273633,109.45273631840796,32.33830845771144,14.925373134328359,49.75124378109453,0.4707379134860051,4.483460559796438,4.975124378109452,2.487562189054726,0.0,0.0,2.487562189054726,0.0,2.487562189054726,2.487562189054726,0.0,12.437810945273633,0.0,9.950248756218905,0.0,0.0,0.0,0.0,0.0,0.0,2.487562189054726,2.487562189054726,22.388059701492537,0.0,2.487562189054726
38360302,59.11330049261083,7.389162561576354,7.389162561576354,7.389162561576354,0.0,0.0,0.0,68.9655172413793,0.0,0.0,0.0,0.0,9.852216748768473,12.315270935960593,12.315270935960593,362.0689655172414,9.852216748768473,2.4630541871921183,19.704433497536947,0.0,2.4630541871921183,0.0,0.0,2.4630541871921183,7.389162561576354,2.4630541871921183,0.0,0.0,2.4630541871921183,0.0,4.926108374384237,0.0,0.0,0.0,0.0,0.0,0.0,2.4630541871921183,115.76354679802955,54.187192118226605,0.0,32.01970443349754,0.5959595959595959,4.790404040404041,0.0,2.4630541871921183,0.0,0.0,2.4630541871921183,0.0,2.4630541871921183,0.0,0.0,7.389162561576354,9.852216748768473,7.389162561576354,2.4630541871921183,2.4630541871921183,0.0,0.0,0.0,0.0,7.389162561576354,19.704433497536947,7.389162561576354,0.0,0.0
38500627,70.75471698113208,7.0754716981132075,4.716981132075471,0.0,0.0,0.0,0.0,40.094339622641506,7.0754716981132075,0.0,0.0,0.0,4.716981132075471,4.716981132075471,0.0,337.26415094339626,0.0,0.0,9.433962264150942,0.0,4.716981132075471,0.0,0.0,23.58490566037736,2.3584905660377355,0.0,0.0,0.0,2.3584905660377355,0.0,0.0,0.0,0.0,2.3584905660377355,0.0,2.3584905660377355,0.0,9.433962264150942,108.49056603773585,61.320754716981135,2.3584905660377355,25.943396226415096,0.5110565110565111,4.7936117936117935,4.716981132075471,0.0,0.0,0.0,7.0754716981132075,0.0,0.0,2.3584905660377355,0.0,2.3584905660377355,4.716981132075471,2.3584905660377355,0.0,2.3584905660377355,0.0,0.0,0.0,0.0,2.3584905660377355,2.3584905660377355,21.22641509433962,0.0,0.0
38555929,79.60199004975124,14.925373134328359,2.487562189054726,2.487562189054726,2.487562189054726,2.487562189054726,0.0,77.11442786069651,19.90049751243781,0.0,2.487562189054726,2.487562189054726,14.925373134328359,34.82587064676617,4.975124378109452,218.90547263681592,7.462686567164179,4.975124378109452,22.388059701492537,0.0,0.0,4.975124378109452,0.0,42.28855721393035,7.462686567164179,0.0,0.0,0.0,7.462686567164179,0.0,7.462686567164179,0.0,0.0,0.0,0.0,0.0,0.0,12.437810945273633,97.01492537313433,47.2636815920398,9.950248756218905,29.850746268656717,0.5215189873417722,4.777215189873417,2.487562189054726,0.0,0.0,0.0,0.0,0.0,4.975124378109452,2.487562189054726,0.0,2.487562189054726,2.487562189054726,9.950248756218905,2.487562189054726,0.0,2.487562189054726,0.0,2.487562189054726,0.0,2.487562189054726,22.388059701492537,9.950248756218905,0.0,4.975124378109452
38621409,4.830917874396135,14.492753623188406,74.8792270531401,7.246376811594203,0.0,24.154589371980677,0.0,65.21739130434783,14.492753623188406,2.4154589371980677,7.246376811594203,2.4154589371980677,4.830917874396135,16.908212560386474,0.0,202.8985507246377,0.0,0.0,33.81642512077295,0.0,9.66183574879227,0.0,2.4154589371980677,36.231884057971016,2.4154589371980677,0.0,0.0,0.0,0.0,0.0,0.0,0.0,0.0,0.0,0.0,0.0,2.4154589371980677,2.4154589371980677,101.44927536231884,26.570048309178745,12.077294685990339,62.80193236714976,0.43640897755610975,4.356608478802992,7.246376811594203,0.0,0.0,0.0,16.908212560386474,0.0,4.830917874396135,2.4154589371980677,0.0,14.492753623188406,12.077294685990339,24.154589371980677,4.830917874396135,0.0,19.32367149758454,0.0,0.0,2.4154589371980677,9.66183574879227,2.4154589371980677,21.73913043478261,0.0,12.077294685990339
38638651,31.94103194103194,19.656019656019655,24.570024570024568,2.457002457002457,4.914004914004914,9.828009828009828,0.0,31.94103194103194,7.371007371007371,0.0,0.0,2.457002457002457,7.371007371007371,31.94103194103194,2.457002457002457,267.8132678132678,12.285012285012284,4.914004914004914,22.11302211302211,0.0,7.371007371007371,0.0,2.457002457002457,19.656019656019655,7.371007371007371,0.0,0.0,4.914004914004914,0.0,0.0,0.0,0.0,0.0,4.914004914004914,0.0,0.0,2.457002457002457,7.371007371007371,144.96314496314497,24.570024570024568,12.285012285012284,44.22604422604422,0.5178571428571429,4.8979591836734695,4.914004914004914,0.0,0.0,2.457002457002457,2.457002457002457,0.0,0.0,7.371007371007371,2.457002457002457,12.285012285012284,7.371007371007371,17.1990171990172,2.457002457002457,0.0,7.371007371007371,2.457002457002457,0.0,0.0,7.371007371007371,0.0,4.914004914004914,0.0,12.285012285012284
38657674,66.5083135391924,14.251781472684087,7.125890736342043,2.375296912114014,0.0,14.251781472684087,0.0,49.8812351543943,9.501187648456057,0.0,0.0,0.0,11.876484560570072,14.251781472684087,2.375296912114014,287.4109263657957,19.002375296912113,0.0,21.377672209026127,0.0,2.375296912114014,2.375296912114014,0.0,16.6270783847981,9.501187648456057,4.750593824228028,0.0,0.0,2.375296912114014,2.375296912114014,4.750593824228028,0.0,0.0,2.375296912114014,0.0,0.0,0.0,7.125890736342043,118.7648456057007,30.878859857482183,9.501187648456057,26.128266033254157,0.48184019370460046,4.469733656174334,2.375296912114014,2.375296912114014,0.0,0.0,2.375296912114014,0.0,4.750593824228028,2.375296912114014,0.0,4.750593824228028,2.375296912114014,7.125890736342043,0.0,0.0,7.125890736342043,0.0,0.0,0.0,0.0,7.125890736342043,7.125890736342043,0.0,2.375296912114014
38681378,25.700934579439252,11.682242990654204,70.09345794392523,2.336448598130841,0.0,9.345794392523365,0.0,16.355140186915886,7.009345794392523,2.336448598130841,0.0,0.0,11.682242990654204,28.037383177570092,11.682242990654204,280.3738317757009,4.672897196261682,0.0,30.373831775700936,4.672897196261682,21.02803738317757,0.0,0.0,28.037383177570092,4.672897196261682,0.0,0.0,0.0,4.672897196261682,0.0,2.336448598130841,0.0,0.0,4.672897196261682,0.0,0.0,4.672897196261682,7.009345794392523,91.1214953271028,51.401869158878505,9.345794392523365,32.71028037383177,0.47743467933491684,4.881235154394299,4.672897196261682,2.336448598130841,0.0,0.0,4.672897196261682,0.0,2.336448598130841,0.0,0.0,9.345794392523365,25.700934579439252,11.682242990654204,4.672897196261682,0.0,0.0,0.0,0.0,0.0,4.672897196261682,4.672897196261682,11.682242990654204,7.009345794392523,0.0
38682537,37.220843672456574,29.77667493796526,54.59057071960298,2.4813895781637716,2.4813895781637716,0.0,0.0,44.66501240694789,2.4813895781637716,7.444168734491315,0.0,0.0,12.40694789081886,24.81389578163772,2.4813895781637716,275.43424317617865,14.88833746898263,0.0,27.29528535980149,0.0,7.444168734491315,0.0,0.0,29.77667493796526,7.444168734491315,0.0,0.0,0.0,2.4813895781637716,0.0,2.4813895781637716,0.0,0.0,2.4813895781637716,0.0,0.0,0.0,0.0,126.55086848635236,62.03473945409429,12.40694789081886,27.29528535980149,0.4723618090452261,5.366834170854271,0.0,2.4813895781637716,0.0,0.0,0.0,0.0,2.4813895781637716,0.0,0.0,2.4813895781637716,2.4813895781637716,19.851116625310173,7.444168734491315,0.0,0.0,0.0,0.0,0.0,0.0,24.81389578163772,14.88833746898263,0.0,0.0
38688609,51.52224824355972,0.0,21.07728337236534,2.34192037470726,0.0,4.68384074941452,0.0,42.15456674473068,7.02576112412178,0.0,0.0,0.0,11.7096018735363,37.47072599531616,7.02576112412178,255.26932084309135,11.7096018735363,2.34192037470726,14.05152224824356,0.0,2.34192037470726,2.34192037470726,0.0,37.47072599531616,4.68384074941452,2.34192037470726,0.0,0.0,2.34192037470726,2.34192037470726,2.34192037470726,0.0,2.34192037470726,2.34192037470726,0.0,0.0,0.0,9.36768149882904,117.096018735363,74.94145199063232,7.02576112412178,23.4192037470726,0.4928571428571429,4.95952380952381,4.68384074941452,2.34192037470726,0.0,0.0,4.68384074941452,0.0,0.0,2.34192037470726,0.0,2.34192037470726,2.34192037470726,7.02576112412178,0.0,0.0,0.0,0.0,0.0,0.0,0.0,39.81264637002342,16.393442622950822,0.0,4.68384074941452
38783416,37.03703703703704,9.876543209876543,22.22222222222222,9.876543209876543,0.0,4.938271604938271,0.0,56.79012345679013,2.4691358024691357,0.0,0.0,0.0,7.407407407407407,49.382716049382715,4.938271604938271,288.88888888888886,12.345679012345679,0.0,7.407407407407407,0.0,2.4691358024691357,2.4691358024691357,0.0,4.938271604938271,7.407407407407407,0.0,0.0,0.0,2.4691358024691357,0.0,4.938271604938271,0.0,0.0,0.0,0.0,0.0,0.0,4.938271604938271,143.20987654320987,91.35802469135803,4.938271604938271,19.753086419753085,0.5277777777777778,5.335858585858586,2.4691358024691357,0.0,0.0,2.4691358024691357,0.0,0.0,2.4691358024691357,0.0,0.0,4.938271604938271,4.938271604938271,12.345679012345679,0.0,0.0,0.0,0.0,0.0,0.0,4.938271604938271,27.160493827160494,7.407407407407407,0.0,0.0
38843341,49.64539007092199,21.27659574468085,40.189125295508276,2.3640661938534278,0.0,0.0,0.0,9.456264775413711,21.27659574468085,0.0,0.0,0.0,14.184397163120567,28.368794326241133,0.0,293.144208037825,11.82033096926714,2.3640661938534278,18.912529550827422,4.7281323877068555,9.456264775413711,0.0,0.0,21.27659574468085,0.0,0.0,0.0,0.0,4.7281323877068555,0.0,2.3640661938534278,0.0,0.0,7.092198581560283,0.0,0.0,0.0,7.092198581560283,120.56737588652481,56.737588652482266,4.7281323877068555,23.64066193853428,0.4891566265060241,5.004819277108433,7.092198581560283,0.0,0.0,0.0,2.3640661938534278,0.0,2.3640661938534278,0.0,0.0,2.3640661938534278,23.64066193853428,4.7281323877068555,0.0,0.0,0.0,0.0,0.0,0.0,2.3640661938534278,14.184397163120567,4.7281323877068555,0.0,4.7281323877068555
38902480,18.912529550827422,4.7281323877068555,61.46572104018912,0.0,0.0,2.3640661938534278,0.0,2.3640661938534278,4.7281323877068555,0.0,0.0,2.3640661938534278,16.548463356973993,35.46099290780142,2.3640661938534278,241.13475177304963,16.548463356973993,7.092198581560283,28.368794326241133,2.3640661938534278,14.184397163120567,4.7281323877068555,0.0,26.004728132387708,0.0,0.0,9.456264775413711,0.0,4.7281323877068555,0.0,7.092198581560283,0.0,0.0,4.7281323877068555,0.0,2.3640661938534278,0.0,2.3640661938534278,104.01891252955083,35.46099290780142,16.548463356973993,35.46099290780142,0.4718826405867971,4.951100244498778,9.456264775413711,0.0,0.0,0.0,9.456264775413711,0.0,0.0,4.7281323877068555,0.0,0.0,9.456264775413711,18.912529550827422,7.092198581560283,0.0,7.092198581560283,2.3640661938534278,0.0,0.0,2.3640661938534278,21.27659574468085,4.7281323877068555,0.0,7.092198581560283
38909322,48.543689320388346,14.563106796116505,9.70873786407767,0.0,0.0,0.0,0.0,33.980582524271846,9.70873786407767,0.0,0.0,0.0,26.699029126213592,31.553398058252426,0.0,235.4368932038835,4.854368932038835,0.0,14.563106796116505,0.0,0.0,2.4271844660194173,0.0,19.41747572815534,4.854368932038835,2.4271844660194173,0.0,0.0,14.563106796116505,2.4271844660194173,4.854368932038835,0.0,0.0,2.4271844660194173,0.0,0.0,0.0,4.854368932038835,128.64077669902912,80.09708737864078,7.281553398058253,38.83495145631068,0.5749385749385749,5.267813267813268,2.4271844660194173,4.854368932038835,0.0,2.4271844660194173,9.70873786407767,0.0,2.4271844660194173,2.4271844660194173,0.0,2.4271844660194173,2.4271844660194173,14.563106796116505,0.0,2.4271844660194173,0.0,2.4271844660194173,0.0,0.0,2.4271844660194173,31.553398058252426,4.854368932038835,0.0,2.4271844660194173
39011671,68.88361045130641,11.876484560570072,14.251781472684087,0.0,0.0,23.752969121140143,0.0,35.62945368171022,4.750593824228028,4.750593824228028,0.0,2.375296912114014,7.125890736342043,4.750593824228028,4.750593824228028,292.16152019002374,7.125890736342043,0.0,23.752969121140143,0.0,2.375296912114014,0.0,2.375296912114014,35.62945368171022,4.750593824228028,0.0,0.0,2.375296912114014,0.0,0.0,0.0,0.0,0.0,0.0,2.375296912114014,4.750593824228028,0.0,9.501187648456057,99.7624703087886,47.50593824228029,7.125890736342043,49.8812351543943,0.5497512437810945,4.599502487562189,2.375296912114014,0.0,0.0,0.0,4.750593824228028,0.0,0.0,4.750593824228028,0.0,7.125890736342043,7.125890736342043,9.501187648456057,0.0,2.375296912114014,14.251781472684087,2.375296912114014,0.0,0.0,0.0,0.0,14.251781472684087,2.375296912114014,11.876484560570072
39044833,9.345794392523365,23.36448598130841,49.06542056074766,0.0,0.0,7.009345794392523,0.0,32.71028037383177,7.009345794392523,2.336448598130841,0.0,2.336448598130841,4.672897196261682,21.02803738317757,0.0,292.05607476635515,11.682242990654204,2.336448598130841,25.700934579439252,0.0,2.336448598130841,0.0,0.0,23.36448598130841,2.336448598130841,0.0,2.336448598130841,2.336448598130841,0.0,0.0,0.0,0.0,0.0,0.0,0.0,0.0,11.682242990654204,9.345794392523365,121.49532710280374,42.05607476635514,9.345794392523365,32.71028037383177,0.4523809523809524,4.6761904761904765,2.336448598130841,2.336448598130841,0.0,2.336448598130841,0.0,0.0,4.672897196261682,0.0,0.0,18.69158878504673,7.009345794392523,7.009345794392523,11.682242990654204,0.0,2.336448598130841,0.0,0.0,0.0,0.0,7.009345794392523,4.672897196261682,0.0,9.345794392523365
39053758,2.487562189054726,24.875621890547265,57.21393034825871,0.0,0.0,0.0,0.0,2.487562189054726,4.975124378109452,4.975124378109452,0.0,0.0,14.925373134328359,19.90049751243781,0.0,268.65671641791045,14.925373134328359,0.0,14.925373134328359,2.487562189054726,12.437810945273633,0.0,0.0,17.412935323383085,0.0,0.0,2.487562189054726,7.462686567164179,2.487562189054726,0.0,4.975124378109452,0.0,0.0,4.975124378109452,0.0,0.0,0.0,0.0,131.8407960199005,89.55223880597015,4.975124378109452,32.33830845771144,0.4488778054862843,5.0099750623441395,4.975124378109452,0.0,0.0,0.0,9.950248756218905,0.0,2.487562189054726,9.950248756218905,0.0,9.950248756218905,17.412935323383085,4.975124378109452,2.487562189054726,0.0,0.0,0.0,0.0,0.0,7.462686567164179,9.950248756218905,4.975124378109452,0.0,0.0
39109865,4.796163069544364,9.592326139088728,50.35971223021583,0.0,2.398081534772182,0.0,0.0,31.17505995203837,4.796163069544364,9.592326139088728,0.0,0.0,26.378896882494004,38.36930455635491,7.194244604316547,227.81774580335733,7.194244604316547,2.398081534772182,23.980815347721823,0.0,9.592326139088728,0.0,0.0,23.980815347721823,0.0,0.0,2.398081534772182,0.0,14.388489208633095,0.0,2.398081534772182,0.0,0.0,2.398081534772182,2.398081534772182,0.0,11.990407673860911,2.398081534772182,110.31175059952038,83.93285371702639,14.388489208633095,33.57314148681055,0.4602409638554217,5.132530120481928,9.592326139088728,0.0,0.0,0.0,0.0,0.0,2.398081534772182,23.980815347721823,2.398081534772182,9.592326139088728,9.592326139088728,7.194244604316547,4.796163069544364,2.398081534772182,0.0,0.0,0.0,0.0,7.194244604316547,9.592326139088728,9.592326139088728,0.0,0.0
39174667,42.65402843601896,2.3696682464454977,23.696682464454973,2.3696682464454977,4.739336492890995,0.0,0.0,40.28436018957346,11.848341232227487,0.0,0.0,0.0,16.587677725118485,7.109004739336492,0.0,315.1658767772512,2.3696682464454977,2.3696682464454977,28.43601895734597,0.0,0.0,0.0,0.0,21.32701421800948,7.109004739336492,0.0,0.0,0.0,2.3696682464454977,0.0,7.109004739336492,0.0,0.0,0.0,0.0,0.0,0.0,9.47867298578199,116.11374407582939,52.132701421800945,4.739336492890995,42.65402843601896,0.5641646489104116,4.506053268765133,2.3696682464454977,0.0,0.0,0.0,4.739336492890995,0.0,2.3696682464454977,2.3696682464454977,2.3696682464454977,7.109004739336492,4.739336492890995,4.739336492890995,0.0,0.0,0.0,0.0,2.3696682464454977,0.0,0.0,9.47867298578199,18.95734597156398,0.0,2.3696682464454977
39203549,16.826923076923077,9.615384615384617,76.92307692307693,0.0,0.0,31.25,2.403846153846154,52.88461538461539,9.615384615384617,2.403846153846154,4.807692307692308,7.211538461538462,14.423076923076923,4.807692307692308,4.807692307692308,228.3653846153846,4.807692307692308,2.403846153846154,48.07692307692308,0.0,12.01923076923077,2.403846153846154,0.0,26.442307692307693,4.807692307692308,0.0,0.0,0.0,2.403846153846154,0.0,2.403846153846154,0.0,0.0,0.0,0.0,0.0,0.0,2.403846153846154,100.96153846153847,36.05769230769231,9.615384615384617,69.71153846153847,0.47341772151898737,4.5620253164556965,2.403846153846154,0.0,2.403846153846154,0.0,16.826923076923077,0.0,0.0,7.211538461538462,0.0,7.211538461538462,16.826923076923077,21.634615384615383,2.403846153846154,0.0,28.846153846153847,0.0,2.403846153846154,0.0,7.211538461538462,7.211538461538462,14.423076923076923,0.0,16.826923076923077
39252042,36.31961259079903,7.263922518159807,38.7409200968523,2.4213075060532687,0.0,16.949152542372882,0.0,24.213075060532688,9.685230024213075,2.4213075060532687,0.0,0.0,9.685230024213075,19.37046004842615,0.0,266.3438256658596,4.842615012106537,4.842615012106537,36.31961259079903,0.0,4.842615012106537,0.0,0.0,38.7409200968523,0.0,0.0,0.0,0.0,0.0,0.0,2.4213075060532687,0.0,2.4213075060532687,0.0,0.0,0.0,0.0,2.4213075060532687,116.2227602905569,60.53268765133172,2.4213075060532687,38.7409200968523,0.5123152709359606,4.613300492610837,0.0,7.263922518159807,0.0,2.4213075060532687,9.685230024213075,0.0,4.842615012106537,2.4213075060532687,0.0,0.0,7.263922518159807,19.37046004842615,0.0,0.0,7.263922518159807,0.0,0.0,0.0,2.4213075060532687,16.949152542372882,9.685230024213075,0.0,4.842615012106537
39265906,21.58273381294964,26.378896882494004,50.35971223021583,0.0,2.398081534772182,0.0,0.0,35.97122302158273,7.194244604316547,0.0,0.0,2.398081534772182,7.194244604316547,50.35971223021583,7.194244604316547,273.3812949640288,14.388489208633095,0.0,19.184652278177456,0.0,4.796163069544364,0.0,0.0,31.17505995203837,2.398081534772182,0.0,2.398081534772182,4.796163069544364,2.398081534772182,0.0,2.398081534772182,0.0,0.0,2.398081534772182,0.0,0.0,0.0,9.592326139088728,105.51558752997602,59.95203836930456,7.194244604316547,45.563549160671464,0.508557457212714,5.0733496332518335,7.194244604316547,2.398081534772182,0.0,0.0,7.194244604316547,0.0,0.0,4.796163069544364,0.0,2.398081534772182,11.990407673860911,9.592326139088728,2.398081534772182,0.0,0.0,2.398081534772182,0.0,2.398081534772182,11.990407673860911,7.194244604316547,4.796163069544364,0.0,4.796163069544364
39291081,43.26923076923077,24.03846153846154,33.65384615384615,0.0,0.0,4.807692307692308,0.0,21.634615384615383,2.403846153846154,0.0,0.0,0.0,19.230769230769234,16.826923076923077,2.403846153846154,319.71153846153845,16.826923076923077,0.0,16.826923076923077,0.0,2.403846153846154,0.0,0.0,12.01923076923077,0.0,0.0,2.403846153846154,0.0,7.211538461538462,0.0,4.807692307692308,0.0,0.0,0.0,0.0,0.0,0.0,2.403846153846154,137.01923076923077,26.442307692307693,7.211538461538462,28.846153846153847,0.5076530612244898,4.670918367346939,4.807692307692308,0.0,0.0,0.0,4.807692307692308,0.0,4.807692307692308,0.0,0.0,4.807692307692308,7.211538461538462,14.423076923076923,4.807692307692308,0.0,0.0,2.403846153846154,0.0,0.0,0.0,7.211538461538462,4.807692307692308,0.0,2.403846153846154
39327885,4.842615012106537,9.685230024213075,79.90314769975787,0.0,0.0,12.106537530266344,0.0,50.84745762711865,7.263922518159807,2.4213075060532687,0.0,0.0,19.37046004842615,29.055690072639226,2.4213075060532687,254.23728813559322,4.842615012106537,0.0,29.055690072639226,0.0,0.0,0.0,0.0,31.476997578692497,4.842615012106537,0.0,0.0,0.0,2.4213075060532687,0.0,2.4213075060532687,0.0,0.0,0.0,0.0,0.0,0.0,0.0,130.75060532687652,65.37530266343826,4.842615012106537,21.791767554479417,0.5234567901234568,4.711111111111111,2.4213075060532687,0.0,0.0,0.0,2.4213075060532687,0.0,2.4213075060532687,2.4213075060532687,0.0,0.0,21.791767554479417,14.527845036319613,4.842615012106537,0.0,2.4213075060532687,0.0,2.4213075060532687,0.0,0.0,4.842615012106537,9.685230024213075,0.0,2.4213075060532687
39405178,14.388489208633095,16.786570743405274,52.75779376498801,0.0,0.0,0.0,0.0,9.592326139088728,7.194244604316547,4.796163069544364,2.398081534772182,2.398081534772182,14.388489208633095,43.16546762589928,0.0,282.9736211031175,11.990407673860911,2.398081534772182,19.184652278177456,0.0,9.592326139088728,0.0,0.0,43.16546762589928,0.0,0.0,0.0,0.0,4.796163069544364,0.0,4.796163069544364,0.0,0.0,4.796163069544364,2.398081534772182,0.0,2.398081534772182,7.194244604316547,115.10791366906476,64.74820143884892,7.194244604316547,19.184652278177456,0.5012106537530266,4.929782082324455,7.194244604316547,0.0,0.0,0.0,2.398081534772182,0.0,0.0,2.398081534772182,0.0,4.796163069544364,7.194244604316547,2.398081534772182,4.796163069544364,0.0,0.0,0.0,0.0,0.0,0.0,16.786570743405274,0.0,0.0,4.796163069544364
39414011,30.516431924882628,14.084507042253522,25.821596244131456,4.694835680751174,0.0,0.0,0.0,37.55868544600939,4.694835680751174,0.0,0.0,0.0,7.042253521126761,4.694835680751174,0.0,328.6384976525822,2.347417840375587,2.347417840375587,21.12676056338028,0.0,2.347417840375587,0.0,0.0,18.779342723004696,0.0,0.0,0.0,0.0,0.0,0.0,4.694835680751174,0.0,0.0,0.0,0.0,0.0,2.347417840375587,7.042253521126761,124.41314553990611,63.38028169014084,0.0,30.516431924882628,0.5108433734939759,4.580722891566265,2.347417840375587,0.0,0.0,0.0,4.694835680751174,0.0,2.347417840375587,2.347417840375587,0.0,11.737089201877934,0.0,4.694835680751174,2.347417840375587,0.0,0.0,0.0,0.0,0.0,2.347417840375587,4.694835680751174,9.389671361502348,0.0,0.0
39531339,7.352941176470588,29.41176470588235,66.17647058823529,2.450980392156863,22.058823529411764,0.0,2.450980392156863,26.96078431372549,7.352941176470588,0.0,0.0,0.0,22.058823529411764,39.21568627450981,2.450980392156863,225.49019607843138,7.352941176470588,0.0,19.607843137254903,0.0,2.450980392156863,0.0,2.450980392156863,19.607843137254903,4.901960784313726,0.0,0.0,0.0,9.803921568627452,0.0,0.0,0.0,0.0,7.352941176470588,0.0,0.0,2.450980392156863,7.352941176470588,107.84313725490196,63.725490196078425,4.901960784313726,51.470588235294116,0.5259259259259259,4.995061728395061,2.450980392156863,2.450980392156863,0.0,4.901960784313726,2.450980392156863,0.0,2.450980392156863,4.901960784313726,0.0,4.901960784313726,4.901960784313726,9.803921568627452,2.450980392156863,0.0,0.0,0.0,0.0,0.0,14.705882352941176,4.901960784313726,14.705882352941176,0.0,2.450980392156863
39630871,14.354066985645934,28.70813397129187,45.45454545454545,0.0,2.3923444976076556,0.0,0.0,0.0,33.49282296650718,0.0,0.0,2.3923444976076556,7.177033492822967,16.74641148325359,0.0,299.04306220095697,11.961722488038278,0.0,11.961722488038278,0.0,2.3923444976076556,0.0,2.3923444976076556,11.961722488038278,2.3923444976076556,2.3923444976076556,0.0,2.3923444976076556,2.3923444976076556,0.0,0.0,0.0,0.0,2.3923444976076556,0.0,2.3923444976076556,0.0,2.3923444976076556,141.14832535885165,78.94736842105263,7.177033492822967,35.88516746411483,0.4743276283618582,4.880195599022005,0.0,0.0,0.0,0.0,4.784688995215311,0.0,0.0,2.3923444976076556,0.0,0.0,2.3923444976076556,7.177033492822967,0.0,0.0,0.0,0.0,4.784688995215311,0.0,2.3923444976076556,9.569377990430622,0.0,0.0,4.784688995215311
39845225,33.41288782816229,4.773269689737471,45.346062052505964,7.159904534606206,2.3866348448687353,4.773269689737471,0.0,4.773269689737471,14.319809069212411,2.3866348448687353,2.3866348448687353,0.0,21.479713603818613,9.546539379474941,2.3866348448687353,291.16945107398567,31.026252983293556,2.3866348448687353,28.639618138424822,0.0,0.0,0.0,0.0,14.319809069212411,7.159904534606206,0.0,2.3866348448687353,2.3866348448687353,7.159904534606206,0.0,2.3866348448687353,0.0,0.0,7.159904534606206,0.0,0.0,0.0,0.0,126.49164677804295,59.665871121718375,7.159904534606206,33.41288782816229,0.5049019607843137,4.495098039215686,2.3866348448687353,0.0,0.0,2.3866348448687353,2.3866348448687353,0.0,4.773269689737471,0.0,0.0,0.0,4.773269689737471,26.252983293556085,0.0,0.0,4.773269689737471,0.0,0.0,0.0,7.159904534606206,9.546539379474941,7.159904534606206,0.0,2.3866348448687353
39865226,36.231884057971016,26.570048309178745,62.80193236714976,4.830917874396135,12.077294685990339,2.4154589371980677,0.0,79.71014492753622,7.246376811594203,0.0,4.830917874396135,0.0,19.32367149758454,14.492753623188406,2.4154589371980677,202.8985507246377,19.32367149758454,2.4154589371980677,14.492753623188406,0.0,4.830917874396135,0.0,0.0,14.492753623188406,4.830917874396135,0.0,0.0,0.0,0.0,0.0,12.077294685990339,0.0,0.0,0.0,0.0,0.0,0.0,7.246376811594203,84.54106280193237,67.6328502415459,7.246376811594203,62.80193236714976,0.45965770171149145,4.41320293398533,4.830917874396135,0.0,0.0,0.0,7.246376811594203,0.0,0.0,4.830917874396135,0.0,2.4154589371980677,9.66183574879227,16.908212560386474,0.0,4.830917874396135,0.0,0.0,0.0,0.0,14.492753623188406,21.73913043478261,19.32367149758454,0.0,0.0
39939773,2.4213075060532687,31.476997578692497,55.69007263922518,2.4213075060532687,0.0,12.106537530266344,0.0,7.263922518159807,4.842615012106537,0.0,2.4213075060532687,2.4213075060532687,4.842615012106537,41.16222760290557,2.4213075060532687,290.55690072639226,16.949152542372882,2.4213075060532687,9.685230024213075,0.0,12.106537530266344,0.0,0.0,41.16222760290557,0.0,0.0,0.0,0.0,0.0,2.4213075060532687,0.0,0.0,0.0,2.4213075060532687,0.0,0.0,0.0,14.527845036319613,104.11622276029055,55.69007263922518,2.4213075060532687,16.949152542372882,0.4830097087378641,5.036407766990291,0.0,0.0,0.0,0.0,0.0,0.0,0.0,4.842615012106537,0.0,12.106537530266344,16.949152542372882,4.842615012106537,7.263922518159807,0.0,0.0,0.0,0.0,0.0,0.0,16.949152542372882,4.842615012106537,2.4213075060532687,2.4213075060532687
40084531,14.388489208633095,38.36930455635491,69.54436450839329,2.398081534772182,0.0,16.786570743405274,0.0,50.35971223021583,7.194244604316547,2.398081534772182,2.398081534772182,2.398081534772182,9.592326139088728,26.378896882494004,2.398081534772182,247.00239808153475,7.194244604316547,0.0,26.378896882494004,2.398081534772182,0.0,4.796163069544364,0.0,26.378896882494004,0.0,0.0,0.0,0.0,0.0,0.0,4.796163069544364,0.0,0.0,4.796163069544364,0.0,0.0,0.0,7.194244604316547,115.10791366906476,67.1462829736211,16.786570743405274,21.58273381294964,0.4913151364764268,4.776674937965261,2.398081534772182,0.0,0.0,0.0,2.398081534772182,0.0,4.796163069544364,2.398081534772182,0.0,2.398081534772182,14.388489208633095,11.990407673860911,0.0,0.0,21.58273381294964,2.398081534772182,0.0,0.0,2.398081534772182,4.796163069544364,4.796163069544364,0.0,2.398081534772182
40099791,19.801980198019802,9.900990099009901,74.25742574257426,0.0,0.0,37.12871287128713,0.0,32.17821782178218,7.425742574257425,2.4752475247524752,0.0,4.9504950495049505,14.85148514851485,2.4752475247524752,0.0,309.4059405940594,4.9504950495049505,0.0,44.554455445544555,0.0,0.0,0.0,0.0,29.7029702970297,0.0,0.0,0.0,0.0,0.0,0.0,12.376237623762377,0.0,0.0,0.0,0.0,0.0,0.0,2.4752475247524752,113.86138613861387,49.504950495049506,2.4752475247524752,19.801980198019802,0.40616966580976865,4.311053984575835,0.0,0.0,0.0,2.4752475247524752,14.85148514851485,0.0,2.4752475247524752,14.85148514851485,0.0,4.9504950495049505,12.376237623762377,14.85148514851485,0.0,0.0,24.752475247524753,4.9504950495049505,0.0,0.0,4.9504950495049505,2.4752475247524752,12.376237623762377,0.0,0.0
40101143,32.94117647058824,9.411764705882351,54.11764705882353,0.0,0.0,16.47058823529412,0.0,30.58823529411765,2.352941176470588,7.058823529411765,2.352941176470588,2.352941176470588,28.23529411764706,49.41176470588235,11.76470588235294,242.35294117647058,2.352941176470588,2.352941176470588,4.705882352941176,0.0,11.76470588235294,0.0,0.0,32.94117647058824,4.705882352941176,0.0,2.352941176470588,0.0,4.705882352941176,0.0,7.058823529411765,0.0,0.0,11.76470588235294,2.352941176470588,0.0,2.352941176470588,7.058823529411765,84.70588235294117,42.35294117647059,0.0,32.94117647058824,0.45260663507109006,4.890995260663507,2.352941176470588,0.0,0.0,0.0,7.058823529411765,0.0,4.705882352941176,9.411764705882351,0.0,21.176470588235293,35.294117647058826,9.411764705882351,7.058823529411765,0.0,2.352941176470588,0.0,0.0,0.0,0.0,18.823529411764703,11.76470588235294,0.0,11.76470588235294
40142876,0.0,34.65346534653466,47.02970297029703,0.0,0.0,0.0,0.0,9.900990099009901,9.900990099009901,0.0,0.0,0.0,7.425742574257425,37.12871287128713,2.4752475247524752,264.8514851485149,4.9504950495049505,0.0,4.9504950495049505,0.0,0.0,0.0,0.0,27.22772277227723,2.4752475247524752,0.0,0.0,0.0,0.0,0.0,4.9504950495049505,0.0,0.0,2.4752475247524752,0.0,0.0,0.0,9.900990099009901,128.7128712871287,47.02970297029703,0.0,22.277227722772277,0.4271356783919598,4.989949748743719,0.0,0.0,0.0,0.0,9.900990099009901,0.0,2.4752475247524752,0.0,0.0,2.4752475247524752,0.0,4.9504950495049505,9.900990099009901,0.0,0.0,0.0,0.0,0.0,2.4752475247524752,17.32673267326733,0.0,0.0,2.4752475247524752
40187414,19.138755980861244,26.31578947368421,31.10047846889952,4.784688995215311,0.0,0.0,0.0,0.0,19.138755980861244,0.0,0.0,2.3923444976076556,7.177033492822967,21.5311004784689,4.784688995215311,301.43540669856463,11.961722488038278,0.0,4.784688995215311,0.0,2.3923444976076556,0.0,0.0,19.138755980861244,9.569377990430622,0.0,0.0,0.0,2.3923444976076556,0.0,0.0,0.0,0.0,2.3923444976076556,0.0,0.0,0.0,2.3923444976076556,136.36363636363635,74.16267942583733,0.0,40.66985645933014,0.5113924050632911,5.037974683544304,4.784688995215311,0.0,0.0,0.0,11.961722488038278,0.0,4.784688995215311,0.0,0.0,0.0,2.3923444976076556,4.784688995215311,2.3923444976076556,0.0,0.0,0.0,0.0,0.0,4.784688995215311,2.3923444976076556,4.784688995215311,0.0,0.0
40201571,12.315270935960593,17.241379310344826,39.40886699507389,7.389162561576354,0.0,0.0,0.0,4.926108374384237,24.630541871921185,0.0,0.0,0.0,14.778325123152708,32.01970443349754,0.0,295.56650246305423,4.926108374384237,2.4630541871921183,4.926108374384237,0.0,2.4630541871921183,0.0,0.0,22.167487684729064,4.926108374384237,0.0,0.0,0.0,0.0,0.0,2.4630541871921183,0.0,4.926108374384237,7.389162561576354,0.0,0.0,0.0,7.389162561576354,123.15270935960591,91.13300492610837,2.4630541871921183,24.630541871921185,0.4742268041237113,5.211340206185567,4.926108374384237,0.0,0.0,0.0,2.4630541871921183,0.0,4.926108374384237,7.389162561576354,0.0,2.4630541871921183,2.4630541871921183,22.167487684729064,0.0,0.0,0.0,0.0,0.0,0.0,7.389162561576354,2.4630541871921183,0.0,0.0,0.0
40336460,14.218009478672984,33.17535545023697,54.502369668246445,7.109004739336492,7.109004739336492,14.218009478672984,0.0,56.87203791469194,2.3696682464454977,0.0,0.0,0.0,4.739336492890995,28.43601895734597,0.0,244.07582938388626,9.47867298578199,0.0,28.43601895734597,0.0,11.848341232227487,0.0,0.0,26.066350710900473,2.3696682464454977,0.0,0.0,2.3696682464454977,2.3696682464454977,0.0,0.0,0.0,0.0,0.0,0.0,0.0,0.0,4.739336492890995,127.96208530805686,73.45971563981043,9.47867298578199,33.17535545023697,0.454320987654321,4.651851851851852,7.109004739336492,0.0,0.0,0.0,4.739336492890995,0.0,4.739336492890995,2.3696682464454977,0.0,9.47867298578199,9.47867298578199,9.47867298578199,2.3696682464454977,0.0,11.848341232227487,0.0,0.0,0.0,7.109004739336492,2.3696682464454977,7.109004739336492,0.0,2.3696682464454977
40344676,31.94103194103194,36.85503685503686,68.7960687960688,7.371007371007371,0.0,7.371007371007371,0.0,27.027027027027028,9.828009828009828,2.457002457002457,2.457002457002457,2.457002457002457,14.742014742014742,24.570024570024568,0.0,275.1842751842752,17.1990171990172,2.457002457002457,22.11302211302211,0.0,9.828009828009828,4.914004914004914,0.0,27.027027027027028,2.457002457002457,0.0,4.914004914004914,0.0,4.914004914004914,0.0,4.914004914004914,0.0,0.0,4.914004914004914,0.0,0.0,0.0,7.371007371007371,103.19410319410319,31.94103194103194,7.371007371007371,24.570024570024568,0.48484848484848486,4.742424242424242,0.0,0.0,0.0,2.457002457002457,4.914004914004914,0.0,0.0,0.0,0.0,2.457002457002457,19.656019656019655,31.94103194103194,4.914004914004914,2.457002457002457,4.914004914004914,0.0,0.0,0.0,2.457002457002457,7.371007371007371,14.742014742014742,0.0,4.914004914004914
40437506,19.41747572815534,16.990291262135923,48.543689320388346,2.4271844660194173,2.4271844660194173,2.4271844660194173,0.0,19.41747572815534,16.990291262135923,2.4271844660194173,0.0,0.0,16.990291262135923,19.41747572815534,2.4271844660194173,296.1165048543689,9.70873786407767,2.4271844660194173,31.553398058252426,2.4271844660194173,2.4271844660194173,7.281553398058253,0.0,29.12621359223301,7.281553398058253,0.0,0.0,0.0,0.0,0.0,7.281553398058253,0.0,2.4271844660194173,2.4271844660194173,0.0,0.0,0.0,4.854368932038835,123.7864077669903,41.2621359223301,7.281553398058253,31.553398058252426,0.45320197044334976,4.684729064039409,4.854368932038835,2.4271844660194173,0.0,0.0,0.0,0.0,2.4271844660194173,0.0,0.0,4.854368932038835,14.563106796116505,9.70873786407767,7.281553398058253,0.0,7.281553398058253,0.0,0.0,0.0,4.854368932038835,2.4271844660194173,4.854368932038835,0.0,4.854368932038835
40510472,46.91358024691358,14.814814814814815,71.60493827160494,2.4691358024691357,2.4691358024691357,24.691358024691358,0.0,39.50617283950617,29.62962962962963,2.4691358024691357,7.407407407407407,4.938271604938271,12.345679012345679,9.876543209876543,0.0,232.09876543209876,12.345679012345679,0.0,46.91358024691358,0.0,9.876543209876543,0.0,0.0,24.691358024691358,0.0,2.4691358024691357,0.0,0.0,2.4691358024691357,0.0,2.4691358024691357,0.0,0.0,2.4691358024691357,0.0,0.0,2.4691358024691357,14.814814814814815,106.17283950617285,34.5679012345679,17.28395061728395,49.382716049382715,0.4884318766066838,4.272493573264781,0.0,0.0,0.0,2.4691358024691357,9.876543209876543,0.0,2.4691358024691357,7.407407407407407,0.0,2.4691358024691357,27.160493827160494,9.876543209876543,0.0,0.0,24.691358024691358,0.0,0.0,2.4691358024691357,7.407407407407407,4.938271604938271,14.814814814814815,0.0,14.814814814814815
40547548,14.598540145985401,26.7639902676399,72.992700729927,0.0,2.4330900243309004,24.330900243309003,0.0,9.732360097323602,12.165450121654501,2.4330900243309004,0.0,0.0,14.598540145985401,12.165450121654501,2.4330900243309004,279.8053527980535,4.866180048661801,0.0,34.0632603406326,2.4330900243309004,7.299270072992701,0.0,0.0,24.330900243309003,2.4330900243309004,0.0,7.299270072992701,0.0,2.4330900243309004,0.0,0.0,0.0,0.0,4.866180048661801,0.0,0.0,0.0,0.0,99.7566909975669,51.09489051094891,12.165450121654501,31.630170316301705,0.4547738693467337,4.63819095477387,2.4330900243309004,0.0,0.0,0.0,0.0,0.0,4.866180048661801,2.4330900243309004,2.4330900243309004,4.866180048661801,9.732360097323602,24.330900243309003,7.299270072992701,0.0,24.330900243309003,4.866180048661801,0.0,0.0,4.866180048661801,4.866180048661801,7.299270072992701,0.0,7.299270072992701
40561492,4.773269689737471,16.706443914081145,40.572792362768496,2.3866348448687353,0.0,0.0,0.0,7.159904534606206,4.773269689737471,2.3866348448687353,0.0,0.0,9.546539379474941,66.82577565632458,7.159904534606206,276.8496420047733,4.773269689737471,0.0,31.026252983293556,0.0,4.773269689737471,0.0,0.0,19.093078758949883,2.3866348448687353,0.0,0.0,0.0,0.0,0.0,2.3866348448687353,0.0,0.0,4.773269689737471,0.0,0.0,2.3866348448687353,4.773269689737471,124.10501193317423,52.50596658711217,11.933174224343675,42.959427207637226,0.5450121654501217,5.333333333333333,7.159904534606206,7.159904534606206,0.0,0.0,4.773269689737471,0.0,9.546539379474941,19.093078758949883,7.159904534606206,0.0,4.773269689737471,2.3866348448687353,7.159904534606206,0.0,0.0,0.0,0.0,0.0,4.773269689737471,9.546539379474941,7.159904534606206,0.0,7.159904534606206
40577748,54.187192118226605,14.778325123152708,41.87192118226601,0.0,0.0,7.389162561576354,0.0,2.4630541871921183,14.778325123152708,0.0,0.0,0.0,12.315270935960593,22.167487684729064,17.241379310344826,231.5270935960591,24.630541871921185,4.926108374384237,29.556650246305416,7.389162561576354,19.704433497536947,0.0,0.0,36.94581280788178,0.0,0.0,0.0,0.0,2.4630541871921183,0.0,2.4630541871921183,0.0,0.0,4.926108374384237,0.0,0.0,2.4630541871921183,4.926108374384237,76.35467980295567,27.093596059113302,12.315270935960593,51.724137931034484,0.44584382871536526,4.788413098236775,4.926108374384237,0.0,0.0,4.926108374384237,0.0,0.0,2.4630541871921183,4.926108374384237,0.0,2.4630541871921183,19.704433497536947,14.778325123152708,14.778325123152708,0.0,0.0,0.0,2.4630541871921183,0.0,4.926108374384237,14.778325123152708,7.389162561576354,2.4630541871921183,4.926108374384237
40658999,37.47072599531616,23.4192037470726,30.44496487119438,0.0,9.36768149882904,0.0,0.0,4.68384074941452,21.07728337236534,0.0,0.0,0.0,11.7096018735363,77.28337236533959,11.7096018735363,231.85011709601875,16.393442622950822,7.02576112412178,18.73536299765808,0.0,4.68384074941452,0.0,0.0,18.73536299765808,2.34192037470726,0.0,4.68384074941452,0.0,0.0,0.0,0.0,0.0,0.0,9.36768149882904,0.0,0.0,0.0,9.36768149882904,135.8313817330211,39.81264637002342,11.7096018735363,37.47072599531616,0.45,5.130952380952381,2.34192037470726,4.68384074941452,0.0,0.0,0.0,0.0,2.34192037470726,0.0,0.0,0.0,14.05152224824356,7.02576112412178,2.34192037470726,0.0,0.0,0.0,0.0,0.0,4.68384074941452,7.02576112412178,4.68384074941452,2.34192037470726,4.68384074941452
40661788,87.37864077669903,9.70873786407767,4.854368932038835,4.854368932038835,12.135922330097086,14.563106796116505,0.0,33.980582524271846,4.854368932038835,0.0,0.0,2.4271844660194173,12.135922330097086,4.854368932038835,2.4271844660194173,293.6893203883495,0.0,0.0,24.271844660194173,0.0,0.0,0.0,0.0,7.281553398058253,0.0,0.0,0.0,0.0,0.0,0.0,4.854368932038835,0.0,0.0,0.0,0.0,0.0,0.0,7.281553398058253,116.50485436893204,72.81553398058252,9.70873786407767,46.116504854368934,0.4975369458128079,4.551724137931035,2.4271844660194173,0.0,0.0,0.0,9.70873786407767,0.0,2.4271844660194173,0.0,0.0,21.844660194174757,7.281553398058253,9.70873786407767,4.854368932038835,0.0,4.854368932038835,0.0,0.0,0.0,7.281553398058253,2.4271844660194173,16.990291262135923,0.0,2.4271844660194173
40764348,44.33497536945813,32.01970443349754,54.187192118226605,0.0,2.4630541871921183,19.704433497536947,0.0,24.630541871921185,9.852216748768473,0.0,0.0,0.0,19.704433497536947,36.94581280788178,14.778325123152708,224.13793103448276,32.01970443349754,4.926108374384237,4.926108374384237,0.0,17.241379310344826,0.0,0.0,12.315270935960593,0.0,0.0,0.0,0.0,0.0,0.0,12.315270935960593,0.0,0.0,4.926108374384237,0.0,0.0,0.0,0.0,118.22660098522167,36.94581280788178,0.0,51.724137931034484,0.44923857868020306,4.873096446700508,2.4630541871921183,0.0,0.0,0.0,4.926108374384237,0.0,2.4630541871921183,2.4630541871921183,0.0,4.926108374384237,19.704433497536947,7.389162561576354,4.926108374384237,0.0,2.4630541871921183,0.0,0.0,2.4630541871921183,17.241379310344826,9.852216748768473,7.389162561576354,0.0,9.852216748768473
40765772,32.33256351039261,18.475750577367204,41.57043879907621,2.3094688221709005,2.3094688221709005,13.856812933025404,0.0,25.404157043879906,6.928406466512702,0.0,0.0,0.0,16.166281755196305,9.237875288683602,0.0,300.2309468822171,9.237875288683602,2.3094688221709005,25.404157043879906,0.0,0.0,2.3094688221709005,0.0,23.094688221709006,6.928406466512702,0.0,0.0,0.0,2.3094688221709005,0.0,13.856812933025404,0.0,0.0,0.0,0.0,0.0,0.0,4.618937644341801,113.16397228637413,53.11778290993072,6.928406466512702,23.094688221709006,0.5394088669950738,4.684729064039409,2.3094688221709005,0.0,0.0,0.0,0.0,0.0,2.3094688221709005,0.0,0.0,4.618937644341801,6.928406466512702,4.618937644341801,0.0,0.0,13.856812933025404,0.0,0.0,0.0,2.3094688221709005,16.166281755196305,4.618937644341801,0.0,2.3094688221709005
40837907,67.46987951807229,2.4096385542168677,9.63855421686747,4.819277108433735,2.4096385542168677,4.819277108433735,0.0,24.096385542168676,0.0,2.4096385542168677,0.0,0.0,9.63855421686747,14.457831325301205,7.228915662650603,320.48192771084337,7.228915662650603,4.819277108433735,19.27710843373494,0.0,0.0,0.0,0.0,14.457831325301205,12.048192771084338,0.0,2.4096385542168677,0.0,0.0,0.0,0.0,0.0,0.0,9.63855421686747,0.0,0.0,0.0,19.27710843373494,108.43373493975903,33.734939759036145,2.4096385542168677,24.096385542168676,0.5231958762886598,4.752577319587629,2.4096385542168677,2.4096385542168677,0.0,2.4096385542168677,2.4096385542168677,0.0,0.0,2.4096385542168677,0.0,0.0,7.228915662650603,12.048192771084338,2.4096385542168677,0.0,0.0,4.819277108433735,0.0,0.0,7.228915662650603,4.819277108433735,4.819277108433735,0.0,0.0
40907797,91.35802469135803,9.876543209876543,12.345679012345679,2.4691358024691357,0.0,27.160493827160494,0.0,34.5679012345679,14.814814814814815,2.4691358024691357,0.0,0.0,17.28395061728395,7.407407407407407,0.0,293.8271604938272,4.938271604938271,0.0,27.160493827160494,0.0,0.0,0.0,0.0,19.753086419753085,0.0,0.0,0.0,0.0,2.4691358024691357,0.0,4.938271604938271,0.0,0.0,0.0,0.0,0.0,0.0,4.938271604938271,108.64197530864197,64.19753086419753,4.938271604938271,44.44444444444444,0.5552699228791774,4.519280205655527,0.0,0.0,0.0,0.0,4.938271604938271,0.0,2.4691358024691357,0.0,0.0,2.4691358024691357,7.407407407407407,9.876543209876543,2.4691358024691357,0.0,19.753086419753085,0.0,2.4691358024691357,0.0,0.0,0.0,27.160493827160494,0.0,7.407407407407407
40931699,0.0,4.784688995215311,57.41626794258374,2.3923444976076556,7.177033492822967,0.0,0.0,0.0,7.177033492822967,4.784688995215311,0.0,2.3923444976076556,14.354066985645934,55.02392344497608,0.0,255.98086124401914,9.569377990430622,4.784688995215311,11.961722488038278,0.0,9.569377990430622,0.0,0.0,35.88516746411483,2.3923444976076556,0.0,0.0,4.784688995215311,2.3923444976076556,0.0,2.3923444976076556,0.0,0.0,7.177033492822967,0.0,0.0,0.0,11.961722488038278,93.30143540669856,33.49282296650718,7.177033492822967,35.88516746411483,0.47317073170731705,4.885365853658537,2.3923444976076556,0.0,0.0,2.3923444976076556,2.3923444976076556,0.0,9.569377990430622,2.3923444976076556,0.0,16.74641148325359,2.3923444976076556,4.784688995215311,11.961722488038278,2.3923444976076556,0.0,2.3923444976076556,0.0,0.0,2.3923444976076556,21.5311004784689,7.177033492822967,0.0,4.784688995215311
