doc_id,f_01_past_tense,f_02_perfect_aspect,f_03_present_tense,f_04_place_adverbials,f_05_time_adverbials,f_06_first_person_pronouns,f_07_second_person_pronouns,f_08_third_person_pronouns,f_09_pronoun_it,f_10_demonstrative_pronoun,f_11_indefinite_pronouns,f_12_proverb_do,f_13_wh_question,f_14_nominalizations,f_15_gerunds,f_16_other_nouns,f_17_agentless_passives,f_18_by_passives,f_19_be_main_verb,f_20_existential_there,f_21_that_verb_comp,f_22_that_adj_comp,f_23_wh_clause,f_24_infinitives,f_25_present_participle,f_26_past_participle,f_27_past_participle_whiz,f_28_present_participle_whiz,f_29_that_subj,f_30_that_obj,f_31_wh_subj,f_32_wh_obj,f_33_pied_piping,f_34_sentence_relatives,f_35_because,f_36_though,f_37_if,f_38_other_adv_sub,f_39_prepositions,f_40_adj_attr,f_41_adj_pred,f_42_adverbs,f_43_type_token,f_44_mean_word_length,f_45_conjuncts,f_46_downtoners,f_47_hedges,f_48_amplifiers,f_49_emphatics,f_50_discourse_particles,f_51_demonstratives,f_52_modal_possibility,f_53_modal_necessity,f_54_modal_predictive,f_55_verb_public,f_56_verb_private,f_57_verb_suasive,f_58_verb_seem,f_59_contractions,f_60_that_deletion,f_61_stranded_preposition,f_62_split_infinitive,f_63_split_auxiliary,f_64_phrasal_coordination,f_65_clausal_coordination,f_66_neg_synthetic,f_67_neg_analytic
S26N,81.08108108108108,4.914004914004914,36.85503685503686,2.457002457002457,2.457002457002457,56.511056511056516,19.656019656019655,9.828009828009828,29.484029484029485,0.0,4.914004914004914,7.371007371007371,22.11302211302211,0.0,0.0,184.27518427518427,2.457002457002457,0.0,46.68304668304668,0.0,0.0,0.0,7.371007371007371,12.285012285012284,7.371007371007371,0.0,0.0,0.0,7.371007371007371,0.0,0.0,0.0,0.0,0.0,0.0,4.914004914004914,0.0,7.371007371007371,81.08108108108108,31.94103194103194,7.371007371007371,108.10810810810811,0.5218508997429306,4.015424164524422,0.0,4.914004914004914,0.0,4.914004914004914,9.828009828009828,2.457002457002457,19.656019656019655,12.285012285012284,0.0,2.457002457002457,2.457002457002457,49.140049140049136,2.457002457002457,0.0,31.94103194103194,0.0,0.0,0.0,0.0,0.0,7.371007371007371,0.0,22.11302211302211
S29Q,11.82033096926714,9.456264775413711,111.1111111111111,2.3640661938534278,2.3640661938534278,54.37352245862884,11.82033096926714,4.7281323877068555,33.09692671394799,2.3640661938534278,2.3640661938534278,0.0,11.82033096926714,7.092198581560283,2.3640661938534278,177.3049645390071,0.0,2.3640661938534278,44.917257683215134,0.0,0.0,0.0,2.3640661938534278,18.912529550827422,0.0,0.0,0.0,0.0,2.3640661938534278,0.0,0.0,0.0,0.0,0.0,0.0,0.0,4.7281323877068555,4.7281323877068555,75.65011820330969,56.737588652482266,14.184397163120567,89.83451536643027,0.5566502463054187,4.302955665024631,4.7281323877068555,9.456264775413711,2.3640661938534278,2.3640661938534278,16.548463356973993,0.0,14.184397163120567,4.7281323877068555,0.0,2.3640661938534278,7.092198581560283,26.004728132387708,4.7281323877068555,0.0,37.825059101654844,2.3640661938534278,0.0,2.3640661938534278,4.7281323877068555,11.82033096926714,30.73286052009456,0.0,7.092198581560283
S2FQ,2.4630541871921183,4.926108374384237,61.576354679802954,0.0,2.4630541871921183,41.87192118226601,9.852216748768473,7.389162561576354,34.48275862068965,12.315270935960593,4.926108374384237,2.4630541871921183,27.093596059113302,27.093596059113302,7.389162561576354,194.58128078817734,2.4630541871921183,0.0,32.01970443349754,0.0,2.4630541871921183,0.0,0.0,19.704433497536947,2.4630541871921183,0.0,0.0,0.0,4.926108374384237,0.0,0.0,0.0,0.0,0.0,0.0,0.0,7.389162561576354,2.4630541871921183,83.74384236453201,73.89162561576356,0.0,68.9655172413793,0.5681233933161953,5.0,7.389162561576354,4.926108374384237,4.926108374384237,7.389162561576354,7.389162561576354,4.926108374384237,7.389162561576354,32.01970443349754,4.926108374384237,14.778325123152708,0.0,29.556650246305416,2.4630541871921183,0.0,36.94581280788178,0.0,4.926108374384237,0.0,7.389162561576354,12.315270935960593,22.167487684729064,2.4630541871921183,7.389162561576354
S2LC,31.78484107579462,2.444987775061125,88.0195599022005,2.444987775061125,7.334963325183374,66.01466992665037,26.89486552567237,4.88997555012225,17.114914425427873,14.669926650366747,4.88997555012225,7.334963325183374,19.559902200489,2.444987775061125,0.0,183.37408312958436,7.334963325183374,0.0,44.00977995110025,2.444987775061125,2.444987775061125,0.0,0.0,14.669926650366747,0.0,0.0,0.0,2.444987775061125,2.444987775061125,0.0,0.0,0.0,0.0,0.0,0.0,0.0,2.444987775061125,7.334963325183374,88.0195599022005,36.674816625916876,7.334963325183374,122.24938875305622,0.5485564304461942,4.165354330708661,2.444987775061125,0.0,0.0,2.444987775061125,17.114914425427873,0.0,9.7799511002445,12.224938875305625,0.0,4.88997555012225,4.88997555012225,24.44987775061125,0.0,0.0,56.23471882640587,0.0,4.88997555012225,0.0,12.224938875305625,2.444987775061125,22.004889975550125,0.0,14.669926650366747
S2PS,2.4213075060532687,9.685230024213075,101.6949152542373,0.0,2.4213075060532687,58.11138014527845,19.37046004842615,14.527845036319613,26.634382566585955,12.106537530266344,4.842615012106537,0.0,14.527845036319613,14.527845036319613,4.842615012106537,186.4406779661017,0.0,0.0,50.84745762711865,2.4213075060532687,2.4213075060532687,0.0,4.842615012106537,16.949152542372882,2.4213075060532687,0.0,2.4213075060532687,2.4213075060532687,0.0,0.0,0.0,0.0,0.0,0.0,2.4213075060532687,0.0,2.4213075060532687,7.263922518159807,77.4818401937046,48.426150121065376,21.791767554479417,92.00968523002422,0.5973333333333334,4.354666666666667,2.4213075060532687,0.0,0.0,2.4213075060532687,21.791767554479417,2.4213075060532687,7.263922518159807,16.949152542372882,0.0,0.0,0.0,36.31961259079903,0.0,0.0,55.69007263922518,0.0,2.4213075060532687,0.0,4.842615012106537,7.263922518159807,16.949152542372882,0.0,14.527845036319613
S2T6,37.220843672456574,14.88833746898263,91.81141439205956,4.962779156327543,4.962779156327543,66.99751861042184,19.851116625310173,12.40694789081886,32.25806451612903,12.40694789081886,9.925558312655086,2.4813895781637716,17.3697270471464,9.925558312655086,4.962779156327543,168.7344913151365,7.444168734491315,0.0,49.62779156327544,0.0,0.0,0.0,2.4813895781637716,22.332506203473944,0.0,0.0,0.0,0.0,4.962779156327543,0.0,0.0,0.0,0.0,0.0,4.962779156327543,0.0,2.4813895781637716,7.444168734491315,59.55334987593052,17.3697270471464,2.4813895781637716,114.14392059553349,0.5106951871657754,4.195187165775401,0.0,2.4813895781637716,0.0,2.4813895781637716,22.332506203473944,7.444168734491315,9.925558312655086,9.925558312655086,0.0,4.962779156327543,4.962779156327543,37.220843672456574,0.0,2.4813895781637716,62.03473945409429,0.0,0.0,0.0,9.925558312655086,7.444168734491315,22.332506203473944,0.0,19.851116625310173
S2TP,36.85503685503686,4.914004914004914,83.53808353808354,0.0,9.828009828009828,56.511056511056516,22.11302211302211,4.914004914004914,39.31203931203931,7.371007371007371,7.371007371007371,4.914004914004914,17.1990171990172,14.742014742014742,2.457002457002457,154.79115479115478,4.914004914004914,0.0,49.140049140049136,0.0,0.0,0.0,4.914004914004914,17.1990171990172,2.457002457002457,0.0,0.0,2.457002457002457,0.0,0.0,0.0,0.0,0.0,0.0,0.0,0.0,2.457002457002457,4.914004914004914,85.995085995086,39.31203931203931,9.828009828009828,103.19410319410319,0.5343511450381679,4.175572519083969,4.914004914004914,0.0,4.914004914004914,7.371007371007371,41.76904176904177,2.457002457002457,7.371007371007371,12.285012285012284,2.457002457002457,4.914004914004914,2.457002457002457,24.570024570024568,2.457002457002457,0.0,34.3980343980344,0.0,0.0,0.0,7.371007371007371,12.285012285012284,24.570024570024568,0.0,7.371007371007371
S2W4,26.699029126213592,26.699029126213592,123.7864077669903,0.0,9.70873786407767,82.5242718446602,31.553398058252426,9.70873786407767,36.40776699029126,19.41747572815534,9.70873786407767,0.0,12.135922330097086,7.281553398058253,2.4271844660194173,155.3398058252427,9.70873786407767,0.0,43.689320388349515,2.4271844660194173,0.0,0.0,2.4271844660194173,12.135922330097086,2.4271844660194173,0.0,0.0,0.0,2.4271844660194173,0.0,0.0,0.0,2.4271844660194173,0.0,0.0,2.4271844660194173,0.0,16.990291262135923,53.398058252427184,24.271844660194173,4.854368932038835,109.22330097087378,0.5912806539509536,4.269754768392371,0.0,2.4271844660194173,0.0,7.281553398058253,16.990291262135923,0.0,4.854368932038835,9.70873786407767,2.4271844660194173,0.0,7.281553398058253,38.83495145631068,7.281553398058253,4.854368932038835,67.96116504854369,0.0,0.0,0.0,0.0,0.0,29.12621359223301,0.0,14.563106796116505
S32W,37.220843672456574,19.851116625310173,91.81141439205956,2.4813895781637716,2.4813895781637716,59.55334987593052,19.851116625310173,9.925558312655086,27.29528535980149,12.40694789081886,0.0,2.4813895781637716,14.88833746898263,7.444168734491315,2.4813895781637716,196.02977667493795,2.4813895781637716,0.0,34.7394540942928,0.0,0.0,0.0,0.0,9.925558312655086,2.4813895781637716,0.0,0.0,0.0,0.0,0.0,2.4813895781637716,0.0,0.0,0.0,0.0,0.0,0.0,2.4813895781637716,86.848635235732,44.66501240694789,2.4813895781637716,104.21836228287842,0.6141732283464567,4.272965879265092,0.0,4.962779156327543,4.962779156327543,0.0,7.444168734491315,2.4813895781637716,2.4813895781637716,7.444168734491315,0.0,2.4813895781637716,7.444168734491315,24.81389578163772,4.962779156327543,0.0,52.10918114143921,0.0,0.0,0.0,2.4813895781637716,2.4813895781637716,19.851116625310173,2.4813895781637716,7.444168734491315
S37K,55.69007263922518,16.949152542372882,72.63922518159806,2.4213075060532687,7.263922518159807,75.06053268765133,7.263922518159807,4.842615012106537,38.7409200968523,7.263922518159807,0.0,0.0,16.949152542372882,4.842615012106537,0.0,171.91283292978207,7.263922518159807,0.0,60.53268765133172,4.842615012106537,0.0,0.0,2.4213075060532687,24.213075060532688,2.4213075060532687,0.0,0.0,0.0,2.4213075060532687,0.0,0.0,0.0,2.4213075060532687,0.0,0.0,0.0,0.0,9.685230024213075,55.69007263922518,36.31961259079903,12.106537530266344,87.16707021791767,0.5652173913043478,4.040920716112532,0.0,0.0,9.685230024213075,4.842615012106537,19.37046004842615,7.263922518159807,7.263922518159807,4.842615012106537,2.4213075060532687,7.263922518159807,7.263922518159807,29.055690072639226,0.0,2.4213075060532687,48.426150121065376,2.4213075060532687,4.842615012106537,0.0,7.263922518159807,0.0,4.842615012106537,2.4213075060532687,7.263922518159807
S382,28.77697841726619,9.592326139088728,62.35011990407674,0.0,7.194244604316547,76.73860911270982,28.77697841726619,2.398081534772182,14.388489208633095,4.796163069544364,4.796163069544364,0.0,14.388489208633095,7.194244604316547,2.398081534772182,199.04076738609115,4.796163069544364,0.0,23.980815347721823,0.0,0.0,0.0,2.398081534772182,19.184652278177456,2.398081534772182,0.0,0.0,2.398081534772182,0.0,0.0,0.0,0.0,0.0,0.0,0.0,0.0,0.0,9.592326139088728,79.13669064748201,38.36930455635491,11.990407673860911,110.31175059952038,0.61,4.47,0.0,0.0,4.796163069544364,2.398081534772182,19.184652278177456,2.398081534772182,9.592326139088728,16.786570743405274,2.398081534772182,2.398081534772182,2.398081534772182,21.58273381294964,2.398081534772182,4.796163069544364,33.57314148681055,0.0,0.0,2.398081534772182,14.388489208633095,0.0,16.786570743405274,0.0,9.592326139088728
S38P,17.1990171990172,9.828009828009828,103.19410319410319,4.914004914004914,9.828009828009828,41.76904176904177,12.285012285012284,19.656019656019655,41.76904176904177,7.371007371007371,4.914004914004914,2.457002457002457,9.828009828009828,17.1990171990172,2.457002457002457,167.07616707616708,7.371007371007371,0.0,44.22604422604422,4.914004914004914,2.457002457002457,0.0,0.0,22.11302211302211,0.0,0.0,0.0,0.0,0.0,0.0,0.0,0.0,0.0,0.0,0.0,0.0,4.914004914004914,2.457002457002457,81.08108108108108,36.85503685503686,0.0,95.82309582309583,0.5672823218997362,4.255936675461742,2.457002457002457,2.457002457002457,0.0,0.0,14.742014742014742,4.914004914004914,9.828009828009828,9.828009828009828,0.0,2.457002457002457,4.914004914004914,29.484029484029485,0.0,2.457002457002457,56.511056511056516,4.914004914004914,0.0,0.0,2.457002457002457,9.828009828009828,12.285012285012284,0.0,14.742014742014742
S3AV,24.630541871921185,4.926108374384237,88.66995073891626,4.926108374384237,0.0,68.9655172413793,17.241379310344826,2.4630541871921183,32.01970443349754,14.778325123152708,4.926108374384237,2.4630541871921183,24.630541871921185,12.315270935960593,2.4630541871921183,165.02463054187191,4.926108374384237,0.0,41.87192118226601,2.4630541871921183,0.0,0.0,7.389162561576354,17.241379310344826,4.926108374384237,0.0,2.4630541871921183,0.0,0.0,0.0,0.0,0.0,0.0,0.0,0.0,0.0,0.0,2.4630541871921183,81.2807881773399,41.87192118226601,14.778325123152708,105.91133004926108,0.5844155844155844,4.431168831168831,0.0,2.4630541871921183,2.4630541871921183,4.926108374384237,24.630541871921185,2.4630541871921183,7.389162561576354,12.315270935960593,0.0,0.0,0.0,34.48275862068965,0.0,4.926108374384237,51.724137931034484,0.0,0.0,0.0,7.389162561576354,14.778325123152708,27.093596059113302,0.0,7.389162561576354
S3C6,7.352941176470588,29.41176470588235,110.29411764705883,2.450980392156863,0.0,39.21568627450981,22.058823529411764,0.0,39.21568627450981,9.803921568627452,2.450980392156863,7.352941176470588,24.509803921568626,0.0,4.901960784313726,193.62745098039215,7.352941176470588,0.0,58.8235294117647,4.901960784313726,2.450980392156863,0.0,0.0,17.156862745098042,2.450980392156863,0.0,2.450980392156863,0.0,2.450980392156863,0.0,0.0,0.0,2.450980392156863,2.450980392156863,4.901960784313726,2.450980392156863,0.0,2.450980392156863,80.88235294117648,51.470588235294116,29.41176470588235,83.33333333333333,0.5454545454545454,4.553475935828877,4.901960784313726,2.450980392156863,2.450980392156863,4.901960784313726,26.96078431372549,2.450980392156863,4.901960784313726,7.352941176470588,0.0,0.0,2.450980392156863,14.705882352941176,2.450980392156863,2.450980392156863,56.372549019607845,0.0,0.0,0.0,7.352941176470588,9.803921568627452,19.607843137254903,0.0,2.450980392156863
S3CP,39.21568627450981,9.803921568627452,78.43137254901961,2.450980392156863,0.0,66.17647058823529,29.41176470588235,2.450980392156863,31.862745098039213,12.254901960784313,7.352941176470588,2.450980392156863,19.607843137254903,12.254901960784313,2.450980392156863,176.47058823529412,12.254901960784313,0.0,34.313725490196084,2.450980392156863,0.0,0.0,0.0,14.705882352941176,0.0,0.0,0.0,0.0,4.901960784313726,0.0,2.450980392156863,0.0,0.0,0.0,0.0,0.0,0.0,7.352941176470588,88.23529411764706,36.76470588235294,14.705882352941176,137.25490196078434,0.5822454308093995,4.477806788511749,4.901960784313726,2.450980392156863,2.450980392156863,2.450980392156863,19.607843137254903,0.0,12.254901960784313,4.901960784313726,0.0,4.901960784313726,2.450980392156863,24.509803921568626,0.0,0.0,51.470588235294116,0.0,0.0,0.0,9.803921568627452,9.803921568627452,19.607843137254903,7.352941176470588,14.705882352941176
S3GS,7.462686567164179,17.412935323383085,116.91542288557214,4.975124378109452,2.487562189054726,47.2636815920398,19.90049751243781,4.975124378109452,42.28855721393035,0.0,0.0,0.0,7.462686567164179,19.90049751243781,0.0,179.1044776119403,9.950248756218905,0.0,59.701492537313435,0.0,0.0,0.0,0.0,19.90049751243781,0.0,0.0,0.0,0.0,0.0,0.0,0.0,0.0,0.0,0.0,0.0,0.0,7.462686567164179,7.462686567164179,77.11442786069651,57.21393034825871,12.437810945273633,99.50248756218906,0.5641711229946524,4.382352941176471,0.0,2.487562189054726,0.0,4.975124378109452,27.36318407960199,4.975124378109452,4.975124378109452,4.975124378109452,0.0,0.0,0.0,32.33830845771144,0.0,2.487562189054726,59.701492537313435,0.0,2.487562189054726,0.0,2.487562189054726,9.950248756218905,17.412935323383085,0.0,12.437810945273633
S3RL,24.154589371980677,19.32367149758454,89.37198067632849,4.830917874396135,4.830917874396135,53.14009661835749,24.154589371980677,0.0,28.985507246376812,7.246376811594203,0.0,7.246376811594203,21.73913043478261,16.908212560386474,2.4154589371980677,157.0048309178744,12.077294685990339,0.0,50.72463768115942,2.4154589371980677,0.0,0.0,7.246376811594203,31.40096618357488,0.0,0.0,0.0,0.0,0.0,0.0,0.0,0.0,0.0,2.4154589371980677,2.4154589371980677,2.4154589371980677,4.830917874396135,4.830917874396135,89.37198067632849,33.81642512077295,16.908212560386474,120.77294685990337,0.5505050505050505,4.643939393939394,2.4154589371980677,0.0,2.4154589371980677,4.830917874396135,38.64734299516908,0.0,2.4154589371980677,4.830917874396135,2.4154589371980677,2.4154589371980677,0.0,28.985507246376812,2.4154589371980677,2.4154589371980677,41.06280193236715,0.0,2.4154589371980677,0.0,2.4154589371980677,16.908212560386474,12.077294685990339,0.0,4.830917874396135
S452,29.484029484029485,12.285012285012284,68.7960687960688,2.457002457002457,4.914004914004914,63.88206388206388,14.742014742014742,12.285012285012284,41.76904176904177,7.371007371007371,2.457002457002457,7.371007371007371,7.371007371007371,7.371007371007371,4.914004914004914,191.64619164619165,0.0,0.0,44.22604422604422,2.457002457002457,0.0,0.0,4.914004914004914,12.285012285012284,0.0,0.0,0.0,0.0,0.0,0.0,0.0,0.0,0.0,0.0,2.457002457002457,0.0,4.914004914004914,4.914004914004914,68.7960687960688,44.22604422604422,4.914004914004914,113.02211302211303,0.5893333333333334,4.421333333333333,4.914004914004914,2.457002457002457,0.0,12.285012285012284,29.484029484029485,0.0,12.285012285012284,12.285012285012284,0.0,4.914004914004914,2.457002457002457,12.285012285012284,2.457002457002457,0.0,44.22604422604422,0.0,0.0,0.0,4.914004914004914,0.0,9.828009828009828,0.0,2.457002457002457
S46Q,11.961722488038278,4.784688995215311,100.47846889952153,4.784688995215311,4.784688995215311,45.45454545454545,7.177033492822967,31.10047846889952,38.27751196172249,4.784688995215311,14.354066985645934,2.3923444976076556,11.961722488038278,9.569377990430622,2.3923444976076556,193.77990430622012,11.961722488038278,2.3923444976076556,47.84688995215311,0.0,0.0,0.0,2.3923444976076556,14.354066985645934,2.3923444976076556,0.0,0.0,0.0,0.0,2.3923444976076556,0.0,0.0,0.0,0.0,0.0,0.0,0.0,7.177033492822967,64.5933014354067,35.88516746411483,7.177033492822967,126.79425837320574,0.5494505494505495,4.406593406593407,0.0,2.3923444976076556,4.784688995215311,11.961722488038278,7.177033492822967,2.3923444976076556,9.569377990430622,7.177033492822967,0.0,2.3923444976076556,2.3923444976076556,16.74641148325359,0.0,0.0,69.377990430622,0.0,4.784688995215311,0.0,4.784688995215311,7.177033492822967,26.31578947368421,0.0,9.569377990430622
S4C2,28.91566265060241,4.819277108433735,96.3855421686747,0.0,4.819277108433735,86.74698795180723,12.048192771084338,24.096385542168676,36.144578313253014,12.048192771084338,12.048192771084338,2.4096385542168677,19.27710843373494,0.0,0.0,185.54216867469881,2.4096385542168677,0.0,45.78313253012048,2.4096385542168677,2.4096385542168677,0.0,4.819277108433735,14.457831325301205,0.0,0.0,0.0,0.0,0.0,0.0,2.4096385542168677,0.0,0.0,0.0,2.4096385542168677,2.4096385542168677,0.0,2.4096385542168677,67.46987951807229,43.373493975903614,21.686746987951807,113.25301204819277,0.5754475703324808,4.352941176470588,7.228915662650603,0.0,4.819277108433735,4.819277108433735,16.867469879518072,0.0,9.63855421686747,2.4096385542168677,9.63855421686747,4.819277108433735,9.63855421686747,31.32530120481928,2.4096385542168677,0.0,45.78313253012048,2.4096385542168677,0.0,0.0,7.228915662650603,4.819277108433735,31.32530120481928,0.0,9.63855421686747
S4CU,19.704433497536947,12.315270935960593,64.03940886699507,2.4630541871921183,0.0,68.9655172413793,27.093596059113302,2.4630541871921183,19.704433497536947,7.389162561576354,4.926108374384237,12.315270935960593,14.778325123152708,9.852216748768473,2.4630541871921183,142.85714285714286,7.389162561576354,0.0,54.187192118226605,4.926108374384237,0.0,0.0,4.926108374384237,19.704433497536947,7.389162561576354,0.0,0.0,0.0,0.0,0.0,0.0,0.0,4.926108374384237,0.0,2.4630541871921183,0.0,0.0,4.926108374384237,98.52216748768474,36.94581280788178,19.704433497536947,76.35467980295567,0.5219638242894057,3.9741602067183464,0.0,0.0,7.389162561576354,2.4630541871921183,19.704433497536947,4.926108374384237,4.926108374384237,14.778325123152708,0.0,14.778325123152708,0.0,19.704433497536947,4.926108374384237,0.0,46.79802955665024,0.0,2.4630541871921183,2.4630541871921183,9.852216748768473,0.0,4.926108374384237,0.0,7.389162561576354
S4PF,36.31961259079903,2.4213075060532687,82.32445520581113,2.4213075060532687,4.842615012106537,65.37530266343826,31.476997578692497,12.106537530266344,36.31961259079903,2.4213075060532687,4.842615012106537,0.0,19.37046004842615,24.213075060532688,2.4213075060532687,140.4358353510896,0.0,0.0,31.476997578692497,2.4213075060532687,0.0,0.0,2.4213075060532687,29.055690072639226,0.0,0.0,2.4213075060532687,0.0,0.0,0.0,0.0,0.0,0.0,0.0,0.0,0.0,0.0,12.106537530266344,101.6949152542373,26.634382566585955,9.685230024213075,82.32445520581113,0.5558375634517766,4.192893401015229,0.0,0.0,4.842615012106537,0.0,14.527845036319613,2.4213075060532687,9.685230024213075,12.106537530266344,0.0,2.4213075060532687,4.842615012106537,38.7409200968523,2.4213075060532687,4.842615012106537,38.7409200968523,2.4213075060532687,0.0,0.0,0.0,2.4213075060532687,7.263922518159807,0.0,14.527845036319613
S4QF,33.81642512077295,16.908212560386474,84.54106280193237,2.4154589371980677,4.830917874396135,84.54106280193237,31.40096618357488,19.32367149758454,33.81642512077295,14.492753623188406,2.4154589371980677,2.4154589371980677,21.73913043478261,4.830917874396135,4.830917874396135,140.09661835748793,0.0,0.0,43.47826086956522,0.0,0.0,0.0,2.4154589371980677,28.985507246376812,2.4154589371980677,0.0,0.0,0.0,0.0,0.0,0.0,0.0,0.0,0.0,0.0,0.0,4.830917874396135,2.4154589371980677,82.1256038647343,21.73913043478261,4.830917874396135,106.28019323671498,0.5497382198952879,3.6727748691099475,2.4154589371980677,0.0,2.4154589371980677,0.0,19.32367149758454,9.66183574879227,2.4154589371980677,2.4154589371980677,0.0,19.32367149758454,4.830917874396135,24.154589371980677,0.0,0.0,67.6328502415459,0.0,4.830917874396135,0.0,2.4154589371980677,2.4154589371980677,12.077294685990339,0.0,14.492753623188406
S4RF,22.167487684729064,14.778325123152708,86.20689655172414,0.0,4.926108374384237,41.87192118226601,46.79802955665024,7.389162561576354,14.778325123152708,12.315270935960593,2.4630541871921183,4.926108374384237,19.704433497536947,14.778325123152708,7.389162561576354,179.80295566502463,4.926108374384237,0.0,41.87192118226601,0.0,2.4630541871921183,0.0,0.0,29.556650246305416,0.0,0.0,0.0,0.0,4.926108374384237,0.0,0.0,0.0,2.4630541871921183,0.0,0.0,2.4630541871921183,9.852216748768473,0.0,73.89162561576356,44.33497536945813,9.852216748768473,96.0591133004926,0.5529715762273901,4.5090439276485785,0.0,0.0,2.4630541871921183,4.926108374384237,19.704433497536947,0.0,9.852216748768473,9.852216748768473,0.0,2.4630541871921183,4.926108374384237,29.556650246305416,0.0,0.0,39.40886699507389,0.0,2.4630541871921183,0.0,2.4630541871921183,17.241379310344826,32.01970443349754,0.0,9.852216748768473
S4ZA,62.34413965087282,0.0,64.83790523690773,2.493765586034913,0.0,52.36907730673317,27.43142144638404,14.962593516209475,29.92518703241895,12.468827930174564,7.481296758104738,0.0,17.456359102244388,7.481296758104738,2.493765586034913,179.5511221945137,4.987531172069826,0.0,47.38154613466334,4.987531172069826,2.493765586034913,2.493765586034913,2.493765586034913,12.468827930174564,0.0,0.0,0.0,0.0,2.493765586034913,0.0,0.0,0.0,0.0,0.0,2.493765586034913,0.0,7.481296758104738,9.975062344139651,57.356608478803,34.912718204488776,12.468827930174564,112.21945137157108,0.5803108808290155,4.520725388601036,2.493765586034913,7.481296758104738,4.987531172069826,2.493765586034913,22.443890274314214,4.987531172069826,17.456359102244388,7.481296758104738,0.0,4.987531172069826,2.493765586034913,29.92518703241895,0.0,0.0,34.912718204488776,0.0,0.0,0.0,2.493765586034913,7.481296758104738,12.468827930174564,0.0,12.468827930174564
S57J,47.02970297029703,12.376237623762377,71.78217821782178,0.0,4.9504950495049505,86.63366336633663,34.65346534653466,4.9504950495049505,27.22772277227723,9.900990099009901,2.4752475247524752,19.801980198019802,12.376237623762377,7.425742574257425,0.0,143.56435643564356,0.0,0.0,37.12871287128713,0.0,0.0,0.0,4.9504950495049505,17.32673267326733,0.0,0.0,2.4752475247524752,0.0,0.0,0.0,0.0,0.0,0.0,0.0,0.0,0.0,2.4752475247524752,2.4752475247524752,69.30693069306932,27.22772277227723,14.85148514851485,113.86138613861387,0.5555555555555556,4.134366925064599,4.9504950495049505,0.0,4.9504950495049505,2.4752475247524752,19.801980198019802,0.0,12.376237623762377,12.376237623762377,0.0,12.376237623762377,0.0,22.277227722772277,0.0,0.0,42.07920792079208,2.4752475247524752,2.4752475247524752,0.0,9.900990099009901,7.425742574257425,27.22772277227723,0.0,7.425742574257425
S59W,34.5679012345679,9.876543209876543,79.01234567901234,0.0,2.4691358024691357,61.72839506172839,27.160493827160494,17.28395061728395,32.098765432098766,7.407407407407407,7.407407407407407,7.407407407407407,19.753086419753085,14.814814814814815,4.938271604938271,160.49382716049382,2.4691358024691357,0.0,41.97530864197531,2.4691358024691357,0.0,0.0,0.0,22.22222222222222,0.0,0.0,0.0,0.0,2.4691358024691357,0.0,0.0,0.0,0.0,0.0,2.4691358024691357,2.4691358024691357,7.407407407407407,9.876543209876543,91.35802469135803,34.5679012345679,7.407407407407407,86.41975308641975,0.5626666666666666,4.1946666666666665,0.0,4.938271604938271,2.4691358024691357,0.0,27.160493827160494,0.0,19.753086419753085,9.876543209876543,4.938271604938271,7.407407407407407,4.938271604938271,32.098765432098766,2.4691358024691357,4.938271604938271,49.382716049382715,0.0,9.876543209876543,0.0,9.876543209876543,2.4691358024691357,12.345679012345679,0.0,12.345679012345679
S5ER,30.303030303030305,6.993006993006993,114.21911421911422,2.331002331002331,9.324009324009324,97.9020979020979,32.634032634032636,44.28904428904429,23.31002331002331,9.324009324009324,4.662004662004662,4.662004662004662,25.64102564102564,11.655011655011656,0.0,95.57109557109557,4.662004662004662,0.0,53.613053613053616,0.0,0.0,0.0,0.0,25.64102564102564,0.0,0.0,0.0,0.0,2.331002331002331,0.0,0.0,0.0,0.0,0.0,4.662004662004662,0.0,6.993006993006993,13.986013986013987,65.26806526806527,34.96503496503497,6.993006993006993,114.21911421911422,0.4987593052109181,3.761786600496278,0.0,0.0,2.331002331002331,0.0,16.317016317016318,2.331002331002331,0.0,4.662004662004662,4.662004662004662,9.324009324009324,6.993006993006993,34.96503496503497,4.662004662004662,0.0,55.94405594405595,2.331002331002331,2.331002331002331,0.0,6.993006993006993,2.331002331002331,20.97902097902098,0.0,25.64102564102564
S5J8,9.852216748768473,2.4630541871921183,88.66995073891626,9.852216748768473,7.389162561576354,68.9655172413793,14.778325123152708,27.093596059113302,24.630541871921185,12.315270935960593,2.4630541871921183,2.4630541871921183,12.315270935960593,7.389162561576354,7.389162561576354,174.8768472906404,0.0,0.0,41.87192118226601,4.926108374384237,0.0,0.0,0.0,32.01970443349754,0.0,0.0,2.4630541871921183,0.0,0.0,0.0,0.0,0.0,0.0,0.0,0.0,0.0,14.778325123152708,12.315270935960593,64.03940886699507,36.94581280788178,22.167487684729064,73.89162561576356,0.5459317585301837,4.199475065616798,4.926108374384237,0.0,0.0,0.0,14.778325123152708,2.4630541871921183,0.0,19.704433497536947,9.852216748768473,7.389162561576354,4.926108374384237,27.093596059113302,0.0,2.4630541871921183,49.26108374384237,0.0,0.0,0.0,0.0,9.852216748768473,7.389162561576354,0.0,7.389162561576354
S5PW,43.79562043795621,14.598540145985401,77.85888077858881,2.4330900243309004,7.299270072992701,53.5279805352798,31.630170316301705,17.0316301703163,29.197080291970803,4.866180048661801,9.732360097323602,2.4330900243309004,14.598540145985401,0.0,2.4330900243309004,204.37956204379563,4.866180048661801,2.4330900243309004,43.79562043795621,2.4330900243309004,0.0,0.0,0.0,14.598540145985401,0.0,0.0,0.0,0.0,0.0,0.0,0.0,0.0,0.0,0.0,0.0,0.0,2.4330900243309004,4.866180048661801,82.7250608272506,31.630170316301705,7.299270072992701,82.7250608272506,0.5611702127659575,3.984042553191489,0.0,0.0,2.4330900243309004,2.4330900243309004,14.598540145985401,4.866180048661801,14.598540145985401,4.866180048661801,2.4330900243309004,2.4330900243309004,7.299270072992701,34.0632603406326,4.866180048661801,2.4330900243309004,53.5279805352798,0.0,2.4330900243309004,0.0,0.0,4.866180048661801,24.330900243309003,0.0,7.299270072992701
S5QP,7.228915662650603,21.686746987951807,77.10843373493977,9.63855421686747,0.0,89.1566265060241,7.228915662650603,12.048192771084338,19.27710843373494,16.867469879518072,2.4096385542168677,7.228915662650603,19.27710843373494,4.819277108433735,0.0,127.71084337349397,0.0,0.0,43.373493975903614,7.228915662650603,0.0,0.0,2.4096385542168677,14.457831325301205,0.0,0.0,0.0,0.0,4.819277108433735,0.0,2.4096385542168677,0.0,0.0,2.4096385542168677,0.0,0.0,0.0,2.4096385542168677,72.28915662650603,48.19277108433735,7.228915662650603,108.43373493975903,0.541025641025641,4.033333333333333,2.4096385542168677,0.0,9.63855421686747,7.228915662650603,24.096385542168676,2.4096385542168677,21.686746987951807,19.27710843373494,4.819277108433735,19.27710843373494,0.0,33.734939759036145,2.4096385542168677,0.0,48.19277108433735,0.0,2.4096385542168677,0.0,9.63855421686747,0.0,12.048192771084338,0.0,9.63855421686747
S63L,9.852216748768473,24.630541871921185,71.42857142857143,0.0,4.926108374384237,61.576354679802954,22.167487684729064,2.4630541871921183,19.704433497536947,17.241379310344826,0.0,4.926108374384237,19.704433497536947,17.241379310344826,9.852216748768473,162.5615763546798,0.0,0.0,46.79802955665024,0.0,0.0,0.0,0.0,22.167487684729064,0.0,0.0,2.4630541871921183,2.4630541871921183,2.4630541871921183,0.0,0.0,0.0,0.0,0.0,2.4630541871921183,0.0,0.0,7.389162561576354,71.42857142857143,49.26108374384237,19.704433497536947,86.20689655172414,0.538659793814433,4.719072164948454,0.0,0.0,7.389162561576354,2.4630541871921183,12.315270935960593,0.0,7.389162561576354,19.704433497536947,2.4630541871921183,14.778325123152708,0.0,19.704433497536947,0.0,0.0,44.33497536945813,0.0,0.0,0.0,2.4630541871921183,9.852216748768473,19.704433497536947,0.0,4.926108374384237
S66F,4.9504950495049505,9.900990099009901,138.61386138613864,2.4752475247524752,0.0,42.07920792079208,44.554455445544555,7.425742574257425,44.554455445544555,12.376237623762377,9.900990099009901,7.425742574257425,29.7029702970297,4.9504950495049505,4.9504950495049505,160.8910891089109,2.4752475247524752,0.0,56.93069306930693,4.9504950495049505,0.0,0.0,4.9504950495049505,24.752475247524753,0.0,0.0,0.0,0.0,7.425742574257425,0.0,0.0,0.0,2.4752475247524752,0.0,0.0,0.0,9.900990099009901,2.4752475247524752,101.48514851485149,24.752475247524753,9.900990099009901,84.15841584158416,0.5091383812010444,4.091383812010444,2.4752475247524752,0.0,0.0,2.4752475247524752,14.85148514851485,0.0,2.4752475247524752,2.4752475247524752,0.0,2.4752475247524752,2.4752475247524752,24.752475247524753,0.0,4.9504950495049505,49.504950495049506,0.0,2.4752475247524752,0.0,12.376237623762377,7.425742574257425,14.85148514851485,0.0,2.4752475247524752
S6A7,26.829268292682926,4.878048780487805,109.7560975609756,2.4390243902439024,0.0,46.34146341463415,46.34146341463415,7.317073170731708,48.78048780487805,9.75609756097561,9.75609756097561,2.4390243902439024,24.390243902439025,7.317073170731708,4.878048780487805,131.70731707317074,7.317073170731708,0.0,51.21951219512195,0.0,0.0,0.0,4.878048780487805,17.073170731707318,2.4390243902439024,0.0,0.0,0.0,0.0,0.0,0.0,0.0,0.0,2.4390243902439024,2.4390243902439024,0.0,2.4390243902439024,9.75609756097561,56.09756097560976,17.073170731707318,21.95121951219512,102.4390243902439,0.5558441558441558,4.072727272727272,4.878048780487805,2.4390243902439024,2.4390243902439024,0.0,17.073170731707318,2.4390243902439024,7.317073170731708,4.878048780487805,0.0,2.4390243902439024,4.878048780487805,29.26829268292683,0.0,2.4390243902439024,53.65853658536585,0.0,2.4390243902439024,2.4390243902439024,17.073170731707318,4.878048780487805,29.26829268292683,2.4390243902439024,12.195121951219512
S6TR,14.354066985645934,7.177033492822967,88.51674641148325,4.784688995215311,4.784688995215311,38.27751196172249,31.10047846889952,43.0622009569378,52.63157894736842,7.177033492822967,4.784688995215311,0.0,11.961722488038278,7.177033492822967,0.0,114.83253588516747,4.784688995215311,0.0,50.239234449760765,0.0,4.784688995215311,0.0,0.0,19.138755980861244,0.0,0.0,0.0,0.0,0.0,0.0,0.0,0.0,0.0,0.0,0.0,0.0,7.177033492822967,7.177033492822967,66.98564593301435,14.354066985645934,23.923444976076556,107.6555023923445,0.49743589743589745,4.151282051282052,2.3923444976076556,2.3923444976076556,2.3923444976076556,2.3923444976076556,19.138755980861244,4.784688995215311,2.3923444976076556,11.961722488038278,7.177033492822967,9.569377990430622,7.177033492822967,21.5311004784689,2.3923444976076556,2.3923444976076556,64.5933014354067,0.0,2.3923444976076556,0.0,7.177033492822967,9.569377990430622,33.49282296650718,0.0,23.923444976076556
S6YA,36.76470588235294,4.901960784313726,90.68627450980392,2.450980392156863,7.352941176470588,49.01960784313725,41.666666666666664,19.607843137254903,22.058823529411764,2.450980392156863,9.803921568627452,4.901960784313726,24.509803921568626,12.254901960784313,4.901960784313726,174.01960784313724,0.0,0.0,51.470588235294116,0.0,0.0,0.0,12.254901960784313,26.96078431372549,0.0,0.0,0.0,0.0,2.450980392156863,0.0,0.0,0.0,0.0,0.0,0.0,0.0,0.0,9.803921568627452,73.52941176470588,34.313725490196084,7.352941176470588,107.84313725490196,0.5473145780051151,4.130434782608695,0.0,4.901960784313726,0.0,4.901960784313726,31.862745098039213,2.450980392156863,14.705882352941176,4.901960784313726,0.0,0.0,4.901960784313726,29.41176470588235,2.450980392156863,0.0,24.509803921568626,0.0,2.450980392156863,2.450980392156863,2.450980392156863,4.901960784313726,19.607843137254903,4.901960784313726,7.352941176470588
S6ZU,47.2636815920398,7.462686567164179,84.5771144278607,4.975124378109452,7.462686567164179,57.21393034825871,14.925373134328359,22.388059701492537,42.28855721393035,0.0,7.462686567164179,2.487562189054726,17.412935323383085,12.437810945273633,2.487562189054726,161.69154228855723,7.462686567164179,0.0,34.82587064676617,2.487562189054726,0.0,0.0,0.0,14.925373134328359,0.0,0.0,0.0,2.487562189054726,7.462686567164179,0.0,0.0,0.0,0.0,0.0,0.0,2.487562189054726,4.975124378109452,7.462686567164179,67.16417910447761,37.31343283582089,4.975124378109452,104.4776119402985,0.5691906005221932,4.06266318537859,0.0,2.487562189054726,4.975124378109452,0.0,24.875621890547265,0.0,17.412935323383085,2.487562189054726,0.0,4.975124378109452,2.487562189054726,32.33830845771144,4.975124378109452,0.0,37.31343283582089,0.0,0.0,0.0,0.0,0.0,19.90049751243781,0.0,17.412935323383085
S74A,50.35971223021583,9.592326139088728,52.75779376498801,4.796163069544364,0.0,31.17505995203837,21.58273381294964,14.388489208633095,14.388489208633095,9.592326139088728,0.0,7.194244604316547,19.184652278177456,4.796163069544364,0.0,249.40047961630697,4.796163069544364,0.0,57.55395683453238,4.796163069544364,2.398081534772182,0.0,0.0,14.388489208633095,0.0,0.0,0.0,0.0,2.398081534772182,0.0,7.194244604316547,0.0,0.0,2.398081534772182,4.796163069544364,0.0,4.796163069544364,4.796163069544364,105.51558752997602,33.57314148681055,4.796163069544364,64.74820143884892,0.5123762376237624,4.242574257425742,4.796163069544364,0.0,2.398081534772182,4.796163069544364,14.388489208633095,7.194244604316547,2.398081534772182,7.194244604316547,0.0,4.796163069544364,0.0,14.388489208633095,0.0,0.0,26.378896882494004,0.0,0.0,0.0,7.194244604316547,9.592326139088728,21.58273381294964,0.0,7.194244604316547
S784,24.096385542168676,12.048192771084338,118.0722891566265,2.4096385542168677,2.4096385542168677,69.87951807228916,12.048192771084338,14.457831325301205,31.32530120481928,9.63855421686747,4.819277108433735,2.4096385542168677,40.96385542168675,28.91566265060241,4.819277108433735,127.71084337349397,9.63855421686747,0.0,43.373493975903614,2.4096385542168677,4.819277108433735,0.0,7.228915662650603,16.867469879518072,0.0,0.0,0.0,0.0,7.228915662650603,0.0,2.4096385542168677,0.0,0.0,2.4096385542168677,2.4096385542168677,0.0,7.228915662650603,2.4096385542168677,79.51807228915662,45.78313253012048,9.63855421686747,120.48192771084338,0.549618320610687,4.641221374045801,0.0,2.4096385542168677,0.0,4.819277108433735,26.50602409638554,0.0,14.457831325301205,4.819277108433735,4.819277108433735,2.4096385542168677,4.819277108433735,28.91566265060241,2.4096385542168677,2.4096385542168677,53.01204819277108,2.4096385542168677,0.0,0.0,0.0,14.457831325301205,19.27710843373494,2.4096385542168677,16.867469879518072
S78E,17.3697270471464,0.0,101.73697270471465,4.962779156327543,2.4813895781637716,37.220843672456574,9.925558312655086,32.25806451612903,32.25806451612903,9.925558312655086,9.925558312655086,0.0,9.925558312655086,9.925558312655086,12.40694789081886,143.92059553349876,4.962779156327543,0.0,54.59057071960298,4.962779156327543,0.0,0.0,2.4813895781637716,19.851116625310173,0.0,0.0,0.0,2.4813895781637716,0.0,0.0,0.0,0.0,0.0,0.0,2.4813895781637716,0.0,2.4813895781637716,12.40694789081886,81.88585607940446,39.702233250620345,9.925558312655086,131.5136476426799,0.5394736842105263,4.123684210526315,0.0,12.40694789081886,0.0,4.962779156327543,19.851116625310173,2.4813895781637716,4.962779156327543,7.444168734491315,0.0,0.0,4.962779156327543,19.851116625310173,0.0,2.4813895781637716,54.59057071960298,0.0,0.0,0.0,4.962779156327543,7.444168734491315,27.29528535980149,0.0,22.332506203473944
S78H,12.437810945273633,22.388059701492537,92.03980099502488,0.0,2.487562189054726,49.75124378109453,39.80099502487562,0.0,24.875621890547265,19.90049751243781,22.388059701492537,4.975124378109452,19.90049751243781,4.975124378109452,2.487562189054726,208.955223880597,0.0,0.0,42.28855721393035,7.462686567164179,0.0,0.0,4.975124378109452,12.437810945273633,0.0,0.0,0.0,0.0,0.0,2.487562189054726,0.0,0.0,0.0,0.0,0.0,0.0,4.975124378109452,2.487562189054726,92.03980099502488,32.33830845771144,9.950248756218905,87.06467661691543,0.5308310991957105,4.420911528150134,2.487562189054726,0.0,4.975124378109452,7.462686567164179,22.388059701492537,2.487562189054726,2.487562189054726,12.437810945273633,0.0,2.487562189054726,4.975124378109452,24.875621890547265,0.0,0.0,44.776119402985074,0.0,4.975124378109452,0.0,7.462686567164179,9.950248756218905,19.90049751243781,0.0,4.975124378109452
S7MU,39.21568627450981,12.254901960784313,80.88235294117648,2.450980392156863,2.450980392156863,56.372549019607845,14.705882352941176,7.352941176470588,31.862745098039213,4.901960784313726,0.0,0.0,17.156862745098042,12.254901960784313,2.450980392156863,225.49019607843138,7.352941176470588,0.0,26.96078431372549,2.450980392156863,0.0,0.0,4.901960784313726,9.803921568627452,0.0,0.0,0.0,0.0,0.0,0.0,2.450980392156863,0.0,0.0,0.0,0.0,0.0,2.450980392156863,2.450980392156863,105.3921568627451,66.17647058823529,7.352941176470588,80.88235294117648,0.6106870229007634,4.687022900763359,2.450980392156863,2.450980392156863,0.0,2.450980392156863,22.058823529411764,2.450980392156863,7.352941176470588,2.450980392156863,0.0,4.901960784313726,7.352941176470588,19.607843137254903,2.450980392156863,0.0,36.76470588235294,0.0,0.0,0.0,2.450980392156863,7.352941176470588,9.803921568627452,0.0,9.803921568627452
S7NH,29.556650246305416,7.389162561576354,113.30049261083744,2.4630541871921183,4.926108374384237,73.89162561576356,61.576354679802954,7.389162561576354,32.01970443349754,12.315270935960593,2.4630541871921183,7.389162561576354,19.704433497536947,2.4630541871921183,2.4630541871921183,133.00492610837438,9.852216748768473,0.0,46.79802955665024,2.4630541871921183,0.0,0.0,2.4630541871921183,14.778325123152708,2.4630541871921183,0.0,0.0,0.0,0.0,0.0,0.0,0.0,0.0,0.0,0.0,0.0,2.4630541871921183,17.241379310344826,66.50246305418719,27.093596059113302,24.630541871921185,120.6896551724138,0.5300261096605744,3.8590078328981723,2.4630541871921183,0.0,2.4630541871921183,4.926108374384237,32.01970443349754,2.4630541871921183,2.4630541871921183,7.389162561576354,0.0,4.926108374384237,0.0,41.87192118226601,2.4630541871921183,0.0,56.65024630541872,4.926108374384237,0.0,0.0,7.389162561576354,2.4630541871921183,22.167487684729064,0.0,12.315270935960593
S7QE,4.987531172069826,7.481296758104738,84.78802992518703,0.0,7.481296758104738,59.8503740648379,22.443890274314214,7.481296758104738,14.962593516209475,12.468827930174564,9.975062344139651,7.481296758104738,7.481296758104738,7.481296758104738,2.493765586034913,174.5635910224439,2.493765586034913,0.0,39.900249376558605,2.493765586034913,2.493765586034913,2.493765586034913,0.0,34.912718204488776,0.0,0.0,0.0,0.0,0.0,0.0,2.493765586034913,0.0,0.0,0.0,0.0,0.0,4.987531172069826,4.987531172069826,89.77556109725685,9.975062344139651,17.456359102244388,74.81296758104739,0.4973404255319149,3.9893617021276597,2.493765586034913,0.0,7.481296758104738,2.493765586034913,12.468827930174564,2.493765586034913,7.481296758104738,14.962593516209475,0.0,12.468827930174564,0.0,12.468827930174564,4.987531172069826,0.0,39.900249376558605,0.0,2.493765586034913,0.0,0.0,2.493765586034913,22.443890274314214,0.0,14.962593516209475
S7SU,24.93765586034913,7.481296758104738,112.21945137157108,2.493765586034913,0.0,49.87531172069826,19.950124688279303,14.962593516209475,32.418952618453865,14.962593516209475,12.468827930174564,7.481296758104738,17.456359102244388,9.975062344139651,2.493765586034913,197.0074812967581,4.987531172069826,0.0,64.83790523690773,0.0,0.0,0.0,0.0,4.987531172069826,0.0,0.0,2.493765586034913,0.0,0.0,0.0,2.493765586034913,0.0,0.0,0.0,2.493765586034913,0.0,2.493765586034913,4.987531172069826,57.356608478803,24.93765586034913,29.92518703241895,82.29426433915212,0.5335120643431636,4.1554959785522785,0.0,0.0,2.493765586034913,4.987531172069826,22.443890274314214,2.493765586034913,12.468827930174564,9.975062344139651,2.493765586034913,2.493765586034913,0.0,24.93765586034913,0.0,4.987531172069826,57.356608478803,0.0,2.493765586034913,0.0,9.975062344139651,0.0,27.43142144638404,2.493765586034913,9.975062344139651
S7SZ,26.634382566585955,4.842615012106537,92.00968523002422,4.842615012106537,12.106537530266344,62.953995157384995,14.527845036319613,14.527845036319613,36.31961259079903,16.949152542372882,16.949152542372882,7.263922518159807,29.055690072639226,16.949152542372882,0.0,113.80145278450362,9.685230024213075,0.0,55.69007263922518,4.842615012106537,0.0,0.0,7.263922518159807,36.31961259079903,0.0,0.0,0.0,0.0,2.4213075060532687,0.0,0.0,0.0,2.4213075060532687,0.0,2.4213075060532687,0.0,0.0,4.842615012106537,92.00968523002422,24.213075060532688,19.37046004842615,128.32929782082326,0.519280205655527,4.197943444730077,0.0,2.4213075060532687,4.842615012106537,2.4213075060532687,24.213075060532688,0.0,2.4213075060532687,14.527845036319613,0.0,0.0,4.842615012106537,24.213075060532688,2.4213075060532687,0.0,55.69007263922518,0.0,0.0,0.0,2.4213075060532687,4.842615012106537,12.106537530266344,0.0,14.527845036319613
S85D,37.220843672456574,12.40694789081886,86.848635235732,0.0,7.444168734491315,62.03473945409429,34.7394540942928,4.962779156327543,29.77667493796526,22.332506203473944,4.962779156327543,7.444168734491315,14.88833746898263,4.962779156327543,2.4813895781637716,191.0669975186104,2.4813895781637716,0.0,37.220843672456574,0.0,0.0,0.0,0.0,12.40694789081886,2.4813895781637716,0.0,4.962779156327543,0.0,9.925558312655086,0.0,2.4813895781637716,0.0,0.0,0.0,0.0,0.0,2.4813895781637716,2.4813895781637716,74.44168734491315,29.77667493796526,12.40694789081886,81.88585607940446,0.5698924731182796,4.28494623655914,2.4813895781637716,0.0,4.962779156327543,2.4813895781637716,17.3697270471464,0.0,12.40694789081886,7.444168734491315,2.4813895781637716,7.444168734491315,7.444168734491315,34.7394540942928,14.88833746898263,0.0,39.702233250620345,2.4813895781637716,0.0,0.0,4.962779156327543,0.0,17.3697270471464,0.0,9.925558312655086
S87R,32.418952618453865,7.481296758104738,77.3067331670823,0.0,9.975062344139651,57.356608478803,39.900249376558605,29.92518703241895,22.443890274314214,4.987531172069826,2.493765586034913,4.987531172069826,12.468827930174564,12.468827930174564,4.987531172069826,174.5635910224439,0.0,0.0,37.406483790523694,0.0,0.0,0.0,4.987531172069826,9.975062344139651,2.493765586034913,0.0,0.0,0.0,2.493765586034913,0.0,0.0,0.0,0.0,0.0,0.0,0.0,4.987531172069826,14.962593516209475,82.29426433915212,27.43142144638404,7.481296758104738,119.7007481296758,0.5782493368700266,4.445623342175066,2.493765586034913,7.481296758104738,4.987531172069826,7.481296758104738,27.43142144638404,2.493765586034913,2.493765586034913,14.962593516209475,0.0,12.468827930174564,14.962593516209475,34.912718204488776,0.0,2.493765586034913,54.86284289276808,0.0,0.0,0.0,9.975062344139651,9.975062344139651,22.443890274314214,0.0,9.975062344139651
S8BQ,4.9504950495049505,9.900990099009901,94.05940594059406,0.0,0.0,44.554455445544555,24.752475247524753,22.277227722772277,24.752475247524753,9.900990099009901,2.4752475247524752,0.0,12.376237623762377,17.32673267326733,4.9504950495049505,170.7920792079208,2.4752475247524752,0.0,44.554455445544555,2.4752475247524752,0.0,0.0,0.0,17.32673267326733,2.4752475247524752,0.0,0.0,0.0,2.4752475247524752,0.0,0.0,0.0,2.4752475247524752,0.0,0.0,4.9504950495049505,2.4752475247524752,4.9504950495049505,79.20792079207921,59.4059405940594,12.376237623762377,103.96039603960395,0.6043360433604336,4.355013550135501,0.0,0.0,7.425742574257425,7.425742574257425,29.7029702970297,2.4752475247524752,4.9504950495049505,7.425742574257425,2.4752475247524752,9.900990099009901,12.376237623762377,27.22772277227723,2.4752475247524752,0.0,59.4059405940594,2.4752475247524752,2.4752475247524752,0.0,9.900990099009901,7.425742574257425,9.900990099009901,0.0,14.85148514851485
S8CV,32.25806451612903,12.40694789081886,89.33002481389578,9.925558312655086,7.444168734491315,39.702233250620345,24.81389578163772,22.332506203473944,34.7394540942928,19.851116625310173,7.444168734491315,4.962779156327543,17.3697270471464,12.40694789081886,0.0,163.77171215880892,0.0,0.0,44.66501240694789,7.444168734491315,0.0,0.0,2.4813895781637716,14.88833746898263,2.4813895781637716,0.0,0.0,2.4813895781637716,4.962779156327543,0.0,0.0,0.0,0.0,0.0,4.962779156327543,0.0,4.962779156327543,2.4813895781637716,94.29280397022333,32.25806451612903,14.88833746898263,104.21836228287842,0.5796344647519582,4.318537859007833,2.4813895781637716,0.0,4.962779156327543,0.0,9.925558312655086,2.4813895781637716,7.444168734491315,7.444168734491315,2.4813895781637716,4.962779156327543,4.962779156327543,37.220843672456574,0.0,0.0,47.146401985111666,4.962779156327543,0.0,0.0,2.4813895781637716,2.4813895781637716,17.3697270471464,0.0,9.925558312655086
S8JW,4.987531172069826,22.443890274314214,92.26932668329177,0.0,7.481296758104738,64.83790523690773,27.43142144638404,2.493765586034913,19.950124688279303,9.975062344139651,7.481296758104738,4.987531172069826,22.443890274314214,2.493765586034913,4.987531172069826,184.53865336658353,0.0,0.0,37.406483790523694,0.0,2.493765586034913,0.0,0.0,19.950124688279303,2.493765586034913,0.0,0.0,0.0,0.0,0.0,7.481296758104738,0.0,2.493765586034913,2.493765586034913,0.0,0.0,2.493765586034913,4.987531172069826,87.28179551122194,52.36907730673317,9.975062344139651,94.76309226932668,0.5786666666666667,4.1546666666666665,4.987531172069826,2.493765586034913,2.493765586034913,0.0,24.93765586034913,4.987531172069826,4.987531172069826,9.975062344139651,2.493765586034913,4.987531172069826,0.0,14.962593516209475,0.0,0.0,54.86284289276808,2.493765586034913,0.0,0.0,4.987531172069826,9.975062344139651,12.468827930174564,0.0,9.975062344139651
S8LG,46.45476772616137,9.7799511002445,44.00977995110025,2.444987775061125,4.88997555012225,29.339853300733495,4.88997555012225,9.7799511002445,22.004889975550125,12.224938875305625,2.444987775061125,0.0,34.229828850855746,7.334963325183374,0.0,259.1687041564792,9.7799511002445,0.0,34.229828850855746,7.334963325183374,2.444987775061125,2.444987775061125,0.0,12.224938875305625,2.444987775061125,0.0,0.0,2.444987775061125,7.334963325183374,2.444987775061125,4.88997555012225,0.0,0.0,0.0,0.0,0.0,0.0,0.0,127.13936430317848,44.00977995110025,4.88997555012225,80.68459657701712,0.5,4.612565445026178,0.0,0.0,0.0,4.88997555012225,12.224938875305625,0.0,4.88997555012225,9.7799511002445,0.0,0.0,0.0,24.44987775061125,0.0,0.0,19.559902200489,0.0,2.444987775061125,0.0,4.88997555012225,17.114914425427873,7.334963325183374,0.0,9.7799511002445
S8PT,14.962593516209475,12.468827930174564,77.3067331670823,2.493765586034913,2.493765586034913,72.31920199501248,9.975062344139651,9.975062344139651,29.92518703241895,2.493765586034913,9.975062344139651,2.493765586034913,9.975062344139651,2.493765586034913,4.987531172069826,182.04488778054863,0.0,0.0,42.394014962593516,0.0,0.0,0.0,0.0,7.481296758104738,7.481296758104738,0.0,0.0,0.0,2.493765586034913,0.0,0.0,0.0,0.0,0.0,0.0,0.0,4.987531172069826,9.975062344139651,67.33167082294264,49.87531172069826,7.481296758104738,122.19451371571071,0.5962566844919787,4.323529411764706,0.0,0.0,2.493765586034913,9.975062344139651,24.93765586034913,0.0,14.962593516209475,9.975062344139651,4.987531172069826,9.975062344139651,2.493765586034913,27.43142144638404,2.493765586034913,2.493765586034913,44.88778054862843,0.0,0.0,0.0,2.493765586034913,2.493765586034913,22.443890274314214,0.0,19.950124688279303
S8Q3,4.842615012106537,12.106537530266344,130.75060532687652,2.4213075060532687,2.4213075060532687,33.898305084745765,12.106537530266344,38.7409200968523,29.055690072639226,4.842615012106537,4.842615012106537,2.4213075060532687,21.791767554479417,12.106537530266344,2.4213075060532687,203.3898305084746,4.842615012106537,0.0,53.26876513317191,12.106537530266344,0.0,2.4213075060532687,0.0,14.527845036319613,2.4213075060532687,0.0,2.4213075060532687,0.0,2.4213075060532687,0.0,4.842615012106537,0.0,0.0,4.842615012106537,0.0,0.0,0.0,2.4213075060532687,104.11622276029055,31.476997578692497,19.37046004842615,65.37530266343826,0.5663265306122449,4.471938775510204,2.4213075060532687,0.0,4.842615012106537,4.842615012106537,4.842615012106537,2.4213075060532687,2.4213075060532687,4.842615012106537,0.0,0.0,0.0,36.31961259079903,0.0,0.0,41.16222760290557,4.842615012106537,0.0,0.0,0.0,14.527845036319613,14.527845036319613,2.4213075060532687,12.106537530266344
S8XE,44.776119402985074,14.925373134328359,92.03980099502488,7.462686567164179,0.0,32.33830845771144,22.388059701492537,42.28855721393035,59.701492537313435,12.437810945273633,0.0,0.0,17.412935323383085,0.0,0.0,159.20398009950247,12.437810945273633,0.0,62.18905472636816,4.975124378109452,0.0,0.0,2.487562189054726,4.975124378109452,2.487562189054726,0.0,0.0,0.0,0.0,0.0,0.0,0.0,0.0,0.0,0.0,0.0,2.487562189054726,7.462686567164179,94.5273631840796,34.82587064676617,19.90049751243781,99.50248756218906,0.536,3.992,0.0,0.0,2.487562189054726,0.0,22.388059701492537,2.487562189054726,12.437810945273633,7.462686567164179,2.487562189054726,2.487562189054726,4.975124378109452,39.80099502487562,0.0,2.487562189054726,59.701492537313435,0.0,0.0,0.0,0.0,4.975124378109452,19.90049751243781,0.0,17.412935323383085
S8YL,9.975062344139651,9.975062344139651,99.75062344139651,4.987531172069826,2.493765586034913,19.950124688279303,14.962593516209475,7.481296758104738,29.92518703241895,12.468827930174564,4.987531172069826,0.0,7.481296758104738,14.962593516209475,4.987531172069826,216.95760598503742,4.987531172069826,2.493765586034913,44.88778054862843,2.493765586034913,0.0,0.0,0.0,4.987531172069826,0.0,0.0,0.0,2.493765586034913,4.987531172069826,0.0,2.493765586034913,0.0,0.0,0.0,0.0,4.987531172069826,0.0,12.468827930174564,94.76309226932668,57.356608478803,7.481296758104738,97.25685785536159,0.5956873315363881,4.6280323450134775,0.0,9.975062344139651,0.0,4.987531172069826,19.950124688279303,7.481296758104738,12.468827930174564,4.987531172069826,0.0,2.493765586034913,2.493765586034913,14.962593516209475,0.0,2.493765586034913,49.87531172069826,0.0,0.0,0.0,2.493765586034913,9.975062344139651,9.975062344139651,0.0,24.93765586034913
S9CH,14.705882352941176,9.803921568627452,83.33333333333333,4.901960784313726,4.901960784313726,41.666666666666664,12.254901960784313,9.803921568627452,34.313725490196084,9.803921568627452,12.254901960784313,4.901960784313726,9.803921568627452,4.901960784313726,0.0,235.2941176470588,7.352941176470588,0.0,44.11764705882353,0.0,0.0,0.0,0.0,9.803921568627452,0.0,0.0,0.0,0.0,2.450980392156863,0.0,2.450980392156863,0.0,0.0,0.0,0.0,4.901960784313726,2.450980392156863,2.450980392156863,88.23529411764706,46.568627450980394,17.156862745098042,53.92156862745098,0.5571030640668524,4.164345403899722,2.450980392156863,0.0,12.254901960784313,0.0,2.450980392156863,2.450980392156863,12.254901960784313,9.803921568627452,2.450980392156863,7.352941176470588,2.450980392156863,19.607843137254903,0.0,0.0,58.8235294117647,4.901960784313726,0.0,0.0,0.0,7.352941176470588,9.803921568627452,0.0,4.901960784313726
S9E6,17.073170731707318,29.26829268292683,85.3658536585366,4.878048780487805,2.4390243902439024,58.53658536585366,36.58536585365854,4.878048780487805,21.95121951219512,4.878048780487805,7.317073170731708,4.878048780487805,17.073170731707318,2.4390243902439024,2.4390243902439024,143.90243902439022,4.878048780487805,0.0,36.58536585365854,4.878048780487805,2.4390243902439024,0.0,0.0,9.75609756097561,2.4390243902439024,0.0,0.0,0.0,2.4390243902439024,0.0,2.4390243902439024,0.0,0.0,0.0,0.0,0.0,9.75609756097561,2.4390243902439024,60.97560975609756,34.146341463414636,17.073170731707318,131.70731707317074,0.5520833333333334,4.174479166666667,2.4390243902439024,0.0,4.878048780487805,7.317073170731708,21.95121951219512,0.0,12.195121951219512,7.317073170731708,4.878048780487805,7.317073170731708,0.0,24.390243902439025,4.878048780487805,0.0,63.41463414634146,0.0,2.4390243902439024,0.0,9.75609756097561,4.878048780487805,17.073170731707318,0.0,12.195121951219512
S9MK,12.345679012345679,2.4691358024691357,98.76543209876543,7.407407407407407,7.407407407407407,46.91358024691358,24.691358024691358,7.407407407407407,39.50617283950617,9.876543209876543,0.0,0.0,9.876543209876543,22.22222222222222,4.938271604938271,165.4320987654321,0.0,2.4691358024691357,44.44444444444444,0.0,2.4691358024691357,0.0,2.4691358024691357,14.814814814814815,0.0,0.0,4.938271604938271,4.938271604938271,4.938271604938271,0.0,0.0,0.0,0.0,0.0,0.0,0.0,4.938271604938271,7.407407407407407,76.54320987654322,37.03703703703704,14.814814814814815,96.29629629629629,0.6030927835051546,4.52319587628866,0.0,2.4691358024691357,2.4691358024691357,4.938271604938271,19.753086419753085,2.4691358024691357,9.876543209876543,4.938271604938271,2.4691358024691357,7.407407407407407,2.4691358024691357,46.91358024691358,0.0,4.938271604938271,34.5679012345679,0.0,0.0,0.0,0.0,7.407407407407407,17.28395061728395,0.0,19.753086419753085
S9RV,88.23529411764706,4.901960784313726,26.96078431372549,4.901960784313726,0.0,71.07843137254902,14.705882352941176,7.352941176470588,19.607843137254903,7.352941176470588,2.450980392156863,4.901960784313726,22.058823529411764,7.352941176470588,4.901960784313726,178.921568627451,4.901960784313726,0.0,46.568627450980394,4.901960784313726,0.0,0.0,0.0,12.254901960784313,0.0,0.0,0.0,0.0,2.450980392156863,0.0,4.901960784313726,0.0,0.0,0.0,0.0,0.0,0.0,4.901960784313726,88.23529411764706,53.92156862745098,12.254901960784313,95.58823529411764,0.5265822784810127,4.3924050632911396,4.901960784313726,0.0,0.0,12.254901960784313,12.254901960784313,0.0,4.901960784313726,14.705882352941176,0.0,2.450980392156863,2.450980392156863,26.96078431372549,0.0,0.0,31.862745098039213,2.450980392156863,0.0,0.0,0.0,2.450980392156863,14.705882352941176,0.0,22.058823529411764
S9UA,33.57314148681055,9.592326139088728,71.94244604316546,7.194244604316547,2.398081534772182,57.55395683453238,7.194244604316547,35.97122302158273,14.388489208633095,9.592326139088728,2.398081534772182,0.0,19.184652278177456,7.194244604316547,0.0,203.8369304556355,2.398081534772182,0.0,33.57314148681055,7.194244604316547,0.0,0.0,0.0,9.592326139088728,2.398081534772182,0.0,0.0,2.398081534772182,2.398081534772182,0.0,2.398081534772182,2.398081534772182,0.0,0.0,0.0,0.0,9.592326139088728,11.990407673860911,74.34052757793765,28.77697841726619,2.398081534772182,100.71942446043165,0.5445026178010471,4.345549738219895,2.398081534772182,0.0,9.592326139088728,2.398081534772182,11.990407673860911,2.398081534772182,14.388489208633095,16.786570743405274,2.398081534772182,0.0,9.592326139088728,38.36930455635491,0.0,2.398081534772182,40.7673860911271,0.0,2.398081534772182,0.0,4.796163069544364,0.0,21.58273381294964,0.0,14.388489208633095
S9WB,14.814814814814815,9.876543209876543,69.1358024691358,0.0,0.0,64.19753086419753,9.876543209876543,9.876543209876543,24.691358024691358,4.938271604938271,12.345679012345679,7.407407407407407,2.4691358024691357,12.345679012345679,2.4691358024691357,192.59259259259258,0.0,0.0,37.03703703703704,4.938271604938271,0.0,0.0,0.0,12.345679012345679,2.4691358024691357,0.0,2.4691358024691357,0.0,0.0,0.0,0.0,0.0,0.0,0.0,0.0,0.0,2.4691358024691357,2.4691358024691357,86.41975308641975,44.44444444444444,9.876543209876543,108.64197530864197,0.5737265415549598,4.091152815013404,2.4691358024691357,0.0,7.407407407407407,4.938271604938271,39.50617283950617,2.4691358024691357,17.28395061728395,12.345679012345679,0.0,7.407407407407407,4.938271604938271,24.691358024691358,0.0,0.0,44.44444444444444,2.4691358024691357,0.0,0.0,7.407407407407407,7.407407407407407,19.753086419753085,2.4691358024691357,14.814814814814815
SA69,33.734939759036145,16.867469879518072,77.10843373493977,0.0,2.4096385542168677,57.83132530120482,31.32530120481928,9.63855421686747,31.32530120481928,4.819277108433735,7.228915662650603,2.4096385542168677,19.27710843373494,7.228915662650603,4.819277108433735,156.6265060240964,14.457831325301205,0.0,40.96385542168675,0.0,2.4096385542168677,0.0,2.4096385542168677,16.867469879518072,4.819277108433735,0.0,0.0,0.0,0.0,0.0,0.0,0.0,0.0,0.0,2.4096385542168677,0.0,2.4096385542168677,12.048192771084338,77.10843373493977,48.19277108433735,12.048192771084338,113.25301204819277,0.5989717223650386,4.388174807197943,2.4096385542168677,2.4096385542168677,2.4096385542168677,2.4096385542168677,19.27710843373494,0.0,7.228915662650603,14.457831325301205,0.0,2.4096385542168677,0.0,33.734939759036145,0.0,2.4096385542168677,60.24096385542169,0.0,0.0,0.0,2.4096385542168677,0.0,19.27710843373494,0.0,16.867469879518072
SA6W,17.3697270471464,12.40694789081886,101.73697270471465,0.0,4.962779156327543,47.146401985111666,14.88833746898263,12.40694789081886,44.66501240694789,12.40694789081886,2.4813895781637716,0.0,7.444168734491315,19.851116625310173,2.4813895781637716,163.77171215880892,7.444168734491315,0.0,52.10918114143921,2.4813895781637716,0.0,0.0,0.0,9.925558312655086,2.4813895781637716,0.0,2.4813895781637716,0.0,2.4813895781637716,0.0,0.0,0.0,0.0,0.0,2.4813895781637716,0.0,9.925558312655086,0.0,71.96029776674938,34.7394540942928,22.332506203473944,94.29280397022333,0.5721925133689839,4.286096256684492,0.0,2.4813895781637716,2.4813895781637716,2.4813895781637716,14.88833746898263,2.4813895781637716,2.4813895781637716,7.444168734491315,0.0,2.4813895781637716,7.444168734491315,34.7394540942928,2.4813895781637716,0.0,54.59057071960298,0.0,0.0,0.0,4.962779156327543,12.40694789081886,27.29528535980149,0.0,9.925558312655086
SADE,23.86634844868735,7.159904534606206,64.43914081145586,4.773269689737471,4.773269689737471,40.572792362768496,11.933174224343675,42.959427207637226,16.706443914081145,7.159904534606206,11.933174224343675,11.933174224343675,21.479713603818613,4.773269689737471,0.0,226.73031026252983,11.933174224343675,0.0,40.572792362768496,0.0,0.0,2.3866348448687353,0.0,11.933174224343675,4.773269689737471,0.0,2.3866348448687353,0.0,0.0,0.0,4.773269689737471,0.0,0.0,0.0,4.773269689737471,0.0,4.773269689737471,7.159904534606206,90.69212410501193,47.7326968973747,4.773269689737471,102.6252983293556,0.5902061855670103,4.518041237113402,0.0,0.0,0.0,4.773269689737471,9.546539379474941,7.159904534606206,2.3866348448687353,9.546539379474941,4.773269689737471,4.773269689737471,0.0,23.86634844868735,0.0,0.0,33.41288782816229,0.0,2.3866348448687353,0.0,0.0,11.933174224343675,9.546539379474941,0.0,11.933174224343675
SAQD,19.90049751243781,9.950248756218905,94.5273631840796,0.0,14.925373134328359,54.72636815920398,17.412935323383085,17.412935323383085,32.33830845771144,9.950248756218905,2.487562189054726,9.950248756218905,12.437810945273633,9.950248756218905,7.462686567164179,228.85572139303483,2.487562189054726,0.0,47.2636815920398,0.0,0.0,0.0,2.487562189054726,9.950248756218905,0.0,0.0,0.0,4.975124378109452,0.0,0.0,0.0,0.0,0.0,0.0,0.0,0.0,0.0,4.975124378109452,74.62686567164178,42.28855721393035,7.462686567164179,97.01492537313433,0.6137566137566137,4.444444444444445,7.462686567164179,0.0,2.487562189054726,0.0,19.90049751243781,4.975124378109452,4.975124378109452,4.975124378109452,0.0,4.975124378109452,4.975124378109452,32.33830845771144,0.0,0.0,47.2636815920398,0.0,0.0,0.0,4.975124378109452,9.950248756218905,14.925373134328359,2.487562189054726,12.437810945273633
SAZY,17.1990171990172,12.285012285012284,95.82309582309583,2.457002457002457,4.914004914004914,66.33906633906633,24.570024570024568,2.457002457002457,31.94103194103194,14.742014742014742,9.828009828009828,0.0,14.742014742014742,19.656019656019655,2.457002457002457,174.44717444717443,2.457002457002457,0.0,39.31203931203931,4.914004914004914,0.0,0.0,2.457002457002457,14.742014742014742,4.914004914004914,0.0,2.457002457002457,0.0,0.0,0.0,0.0,0.0,0.0,0.0,0.0,0.0,0.0,4.914004914004914,103.19410319410319,56.511056511056516,12.285012285012284,98.28009828009827,0.5755208333333334,4.369791666666667,0.0,0.0,2.457002457002457,4.914004914004914,17.1990171990172,4.914004914004914,9.828009828009828,4.914004914004914,2.457002457002457,4.914004914004914,9.828009828009828,27.027027027027028,4.914004914004914,0.0,46.68304668304668,0.0,0.0,0.0,9.828009828009828,2.457002457002457,4.914004914004914,0.0,7.371007371007371
SB7R,47.5,10.0,57.5,0.0,2.5,60.0,20.0,5.0,32.5,12.5,7.5,2.5,15.0,2.5,0.0,172.5,0.0,0.0,47.5,5.0,0.0,0.0,7.5,17.5,2.5,0.0,0.0,0.0,0.0,0.0,0.0,0.0,0.0,0.0,0.0,0.0,2.5,2.5,75.0,40.0,17.5,117.5,0.5428571428571428,4.368831168831169,0.0,2.5,7.5,2.5,20.0,2.5,12.5,12.5,5.0,12.5,5.0,27.5,5.0,0.0,35.0,0.0,0.0,0.0,5.0,5.0,15.0,0.0,17.5
SBBP,56.372549019607845,12.254901960784313,53.92156862745098,2.450980392156863,0.0,53.92156862745098,22.058823529411764,9.803921568627452,31.862745098039213,7.352941176470588,4.901960784313726,2.450980392156863,17.156862745098042,4.901960784313726,7.352941176470588,176.47058823529412,0.0,0.0,53.92156862745098,2.450980392156863,0.0,0.0,0.0,7.352941176470588,4.901960784313726,0.0,0.0,2.450980392156863,0.0,0.0,0.0,0.0,0.0,0.0,0.0,7.352941176470588,4.901960784313726,4.901960784313726,105.3921568627451,46.568627450980394,12.254901960784313,100.49019607843138,0.5572519083969466,4.587786259541985,2.450980392156863,2.450980392156863,2.450980392156863,9.803921568627452,14.705882352941176,0.0,2.450980392156863,7.352941176470588,0.0,2.450980392156863,4.901960784313726,26.96078431372549,0.0,0.0,34.313725490196084,4.901960784313726,0.0,0.0,0.0,7.352941176470588,19.607843137254903,0.0,2.450980392156863
SBCL,4.9504950495049505,2.4752475247524752,108.91089108910892,2.4752475247524752,2.4752475247524752,56.93069306930693,44.554455445544555,0.0,24.752475247524753,4.9504950495049505,12.376237623762377,2.4752475247524752,17.32673267326733,14.85148514851485,0.0,200.49504950495052,4.9504950495049505,0.0,42.07920792079208,9.900990099009901,0.0,0.0,0.0,17.32673267326733,0.0,0.0,2.4752475247524752,0.0,7.425742574257425,0.0,0.0,0.0,0.0,2.4752475247524752,0.0,0.0,7.425742574257425,4.9504950495049505,76.73267326732673,32.17821782178218,4.9504950495049505,86.63366336633663,0.5173333333333333,4.237333333333333,0.0,2.4752475247524752,9.900990099009901,0.0,27.22772277227723,0.0,9.900990099009901,4.9504950495049505,7.425742574257425,4.9504950495049505,0.0,32.17821782178218,0.0,2.4752475247524752,56.93069306930693,0.0,2.4752475247524752,0.0,9.900990099009901,9.900990099009901,19.801980198019802,2.4752475247524752,17.32673267326733
SBSJ,17.456359102244388,9.975062344139651,94.76309226932668,0.0,0.0,72.31920199501248,24.93765586034913,14.962593516209475,32.418952618453865,2.493765586034913,2.493765586034913,9.975062344139651,12.468827930174564,0.0,14.962593516209475,211.9700748129676,4.987531172069826,0.0,54.86284289276808,2.493765586034913,2.493765586034913,0.0,4.987531172069826,17.456359102244388,2.493765586034913,0.0,0.0,0.0,0.0,0.0,0.0,0.0,0.0,0.0,2.493765586034913,0.0,4.987531172069826,9.975062344139651,49.87531172069826,12.468827930174564,12.468827930174564,79.80049875311721,0.5175202156334232,4.035040431266847,2.493765586034913,0.0,0.0,0.0,14.962593516209475,2.493765586034913,2.493765586034913,7.481296758104738,2.493765586034913,12.468827930174564,4.987531172069826,19.950124688279303,0.0,0.0,64.83790523690773,0.0,0.0,0.0,4.987531172069826,7.481296758104738,14.962593516209475,2.493765586034913,2.493765586034913
SBVQ,7.389162561576354,9.852216748768473,98.52216748768474,14.778325123152708,2.4630541871921183,54.187192118226605,44.33497536945813,2.4630541871921183,19.704433497536947,14.778325123152708,2.4630541871921183,2.4630541871921183,32.01970443349754,17.241379310344826,7.389162561576354,182.26600985221674,4.926108374384237,0.0,27.093596059113302,2.4630541871921183,0.0,0.0,9.852216748768473,19.704433497536947,0.0,0.0,0.0,0.0,2.4630541871921183,0.0,0.0,0.0,0.0,0.0,2.4630541871921183,0.0,2.4630541871921183,4.926108374384237,86.20689655172414,59.11330049261083,2.4630541871921183,93.59605911330048,0.5492227979274611,4.606217616580311,4.926108374384237,0.0,2.4630541871921183,4.926108374384237,19.704433497536947,2.4630541871921183,4.926108374384237,9.852216748768473,0.0,0.0,2.4630541871921183,29.556650246305416,0.0,0.0,34.48275862068965,0.0,7.389162561576354,0.0,2.4630541871921183,4.926108374384237,17.241379310344826,2.4630541871921183,9.852216748768473
SBX7,32.01970443349754,19.704433497536947,96.0591133004926,0.0,2.4630541871921183,76.35467980295567,39.40886699507389,4.926108374384237,34.48275862068965,9.852216748768473,7.389162561576354,2.4630541871921183,27.093596059113302,2.4630541871921183,9.852216748768473,150.24630541871923,2.4630541871921183,0.0,54.187192118226605,0.0,0.0,0.0,9.852216748768473,17.241379310344826,0.0,0.0,0.0,0.0,4.926108374384237,0.0,0.0,0.0,2.4630541871921183,0.0,0.0,0.0,4.926108374384237,2.4630541871921183,66.50246305418719,39.40886699507389,22.167487684729064,86.20689655172414,0.5736842105263158,4.326315789473684,0.0,0.0,0.0,7.389162561576354,36.94581280788178,2.4630541871921183,14.778325123152708,9.852216748768473,4.926108374384237,9.852216748768473,7.389162561576354,36.94581280788178,0.0,0.0,61.576354679802954,0.0,4.926108374384237,0.0,9.852216748768473,7.389162561576354,22.167487684729064,2.4630541871921183,2.4630541871921183
SC7H,47.146401985111666,7.444168734491315,76.92307692307693,4.962779156327543,2.4813895781637716,71.96029776674938,19.851116625310173,27.29528535980149,17.3697270471464,14.88833746898263,2.4813895781637716,4.962779156327543,19.851116625310173,0.0,4.962779156327543,181.14143920595532,0.0,0.0,52.10918114143921,0.0,0.0,0.0,0.0,7.444168734491315,2.4813895781637716,0.0,0.0,0.0,0.0,0.0,0.0,0.0,2.4813895781637716,2.4813895781637716,0.0,2.4813895781637716,2.4813895781637716,2.4813895781637716,81.88585607940446,47.146401985111666,17.3697270471464,86.848635235732,0.5555555555555556,4.012919896640827,0.0,4.962779156327543,0.0,0.0,19.851116625310173,4.962779156327543,7.444168734491315,9.925558312655086,0.0,0.0,9.925558312655086,7.444168734491315,0.0,0.0,29.77667493796526,0.0,0.0,0.0,0.0,4.962779156327543,17.3697270471464,0.0,2.4813895781637716
SCG7,31.630170316301705,4.866180048661801,70.5596107055961,2.4330900243309004,2.4330900243309004,31.630170316301705,26.7639902676399,12.165450121654501,19.464720194647203,9.732360097323602,9.732360097323602,0.0,24.330900243309003,2.4330900243309004,0.0,197.08029197080293,0.0,0.0,31.630170316301705,0.0,0.0,0.0,4.866180048661801,12.165450121654501,4.866180048661801,0.0,4.866180048661801,0.0,2.4330900243309004,0.0,0.0,0.0,2.4330900243309004,0.0,0.0,2.4330900243309004,4.866180048661801,7.299270072992701,85.1581508515815,38.929440389294406,2.4330900243309004,102.18978102189782,0.599483204134367,4.4366925064599485,0.0,2.4330900243309004,7.299270072992701,2.4330900243309004,17.0316301703163,4.866180048661801,19.464720194647203,2.4330900243309004,0.0,7.299270072992701,2.4330900243309004,31.630170316301705,0.0,0.0,38.929440389294406,0.0,0.0,0.0,0.0,4.866180048661801,7.299270072992701,0.0,7.299270072992701
SCKW,26.634382566585955,7.263922518159807,106.53753026634382,0.0,0.0,50.84745762711865,16.949152542372882,16.949152542372882,38.7409200968523,12.106537530266344,7.263922518159807,14.527845036319613,19.37046004842615,4.842615012106537,4.842615012106537,133.1719128329298,2.4213075060532687,0.0,48.426150121065376,0.0,7.263922518159807,0.0,2.4213075060532687,19.37046004842615,0.0,0.0,0.0,0.0,2.4213075060532687,0.0,0.0,0.0,0.0,0.0,2.4213075060532687,0.0,2.4213075060532687,2.4213075060532687,67.79661016949153,24.213075060532688,24.213075060532688,118.64406779661017,0.5283505154639175,4.190721649484536,0.0,2.4213075060532687,4.842615012106537,4.842615012106537,33.898305084745765,2.4213075060532687,9.685230024213075,7.263922518159807,2.4213075060532687,9.685230024213075,0.0,41.16222760290557,0.0,2.4213075060532687,55.69007263922518,0.0,2.4213075060532687,0.0,7.263922518159807,4.842615012106537,31.476997578692497,0.0,14.527845036319613
SCPR,36.144578313253014,14.457831325301205,98.79518072289156,0.0,0.0,50.60240963855422,19.27710843373494,31.32530120481928,36.144578313253014,4.819277108433735,7.228915662650603,2.4096385542168677,21.686746987951807,7.228915662650603,2.4096385542168677,130.12048192771084,4.819277108433735,0.0,67.46987951807229,0.0,0.0,0.0,0.0,24.096385542168676,7.228915662650603,0.0,0.0,0.0,0.0,0.0,2.4096385542168677,0.0,4.819277108433735,0.0,2.4096385542168677,0.0,2.4096385542168677,4.819277108433735,69.87951807228916,38.55421686746988,21.686746987951807,86.74698795180723,0.5210526315789473,4.144736842105263,2.4096385542168677,0.0,2.4096385542168677,4.819277108433735,4.819277108433735,2.4096385542168677,4.819277108433735,7.228915662650603,0.0,9.63855421686747,2.4096385542168677,28.91566265060241,2.4096385542168677,0.0,74.6987951807229,0.0,0.0,0.0,0.0,2.4096385542168677,19.27710843373494,0.0,4.819277108433735
SCQC,49.87531172069826,12.468827930174564,74.81296758104739,0.0,0.0,47.38154613466334,27.43142144638404,17.456359102244388,27.43142144638404,9.975062344139651,7.481296758104738,9.975062344139651,22.443890274314214,2.493765586034913,0.0,164.58852867830424,7.481296758104738,0.0,52.36907730673317,0.0,0.0,0.0,2.493765586034913,14.962593516209475,2.493765586034913,0.0,2.493765586034913,0.0,4.987531172069826,0.0,0.0,0.0,2.493765586034913,0.0,0.0,2.493765586034913,2.493765586034913,7.481296758104738,89.77556109725685,42.394014962593516,19.950124688279303,87.28179551122194,0.5633074935400517,4.131782945736434,4.987531172069826,0.0,2.493765586034913,2.493765586034913,4.987531172069826,2.493765586034913,19.950124688279303,12.468827930174564,2.493765586034913,0.0,2.493765586034913,24.93765586034913,4.987531172069826,0.0,29.92518703241895,2.493765586034913,0.0,0.0,4.987531172069826,2.493765586034913,7.481296758104738,0.0,4.987531172069826
SCXU,9.975062344139651,19.950124688279303,124.68827930174564,0.0,7.481296758104738,107.23192019950125,14.962593516209475,32.418952618453865,47.38154613466334,12.468827930174564,12.468827930174564,4.987531172069826,17.456359102244388,4.987531172069826,2.493765586034913,72.31920199501248,2.493765586034913,0.0,67.33167082294264,2.493765586034913,0.0,0.0,4.987531172069826,17.456359102244388,0.0,0.0,0.0,0.0,0.0,0.0,0.0,0.0,2.493765586034913,0.0,0.0,0.0,9.975062344139651,2.493765586034913,62.34413965087282,19.950124688279303,22.443890274314214,112.21945137157108,0.5041095890410959,4.087671232876712,0.0,2.493765586034913,2.493765586034913,4.987531172069826,24.93765586034913,2.493765586034913,2.493765586034913,9.975062344139651,0.0,22.443890274314214,2.493765586034913,54.86284289276808,2.493765586034913,0.0,84.78802992518703,2.493765586034913,0.0,0.0,7.481296758104738,2.493765586034913,24.93765586034913,0.0,22.443890274314214
SD2R,19.093078758949883,21.479713603818613,100.23866348448688,4.773269689737471,7.159904534606206,66.82577565632458,19.093078758949883,11.933174224343675,21.479713603818613,4.773269689737471,2.3866348448687353,2.3866348448687353,11.933174224343675,11.933174224343675,0.0,200.47732696897376,2.3866348448687353,0.0,31.026252983293556,0.0,0.0,0.0,4.773269689737471,21.479713603818613,0.0,0.0,2.3866348448687353,0.0,0.0,0.0,0.0,0.0,0.0,0.0,0.0,4.773269689737471,0.0,9.546539379474941,76.37231503579953,40.572792362768496,11.933174224343675,81.14558472553699,0.574468085106383,4.321808510638298,0.0,0.0,0.0,2.3866348448687353,23.86634844868735,2.3866348448687353,9.546539379474941,11.933174224343675,0.0,0.0,4.773269689737471,40.572792362768496,4.773269689737471,2.3866348448687353,54.89260143198091,0.0,4.773269689737471,0.0,4.773269689737471,7.159904534606206,16.706443914081145,0.0,9.546539379474941
SDHB,31.70731707317073,12.195121951219512,92.6829268292683,0.0,14.634146341463415,53.65853658536585,14.634146341463415,4.878048780487805,36.58536585365854,4.878048780487805,2.4390243902439024,9.75609756097561,21.95121951219512,12.195121951219512,2.4390243902439024,200.0,9.75609756097561,0.0,43.90243902439024,2.4390243902439024,0.0,0.0,2.4390243902439024,14.634146341463415,2.4390243902439024,0.0,0.0,2.4390243902439024,7.317073170731708,0.0,2.4390243902439024,0.0,0.0,0.0,2.4390243902439024,0.0,0.0,9.75609756097561,87.80487804878048,31.70731707317073,7.317073170731708,100.0,0.5380577427821522,4.1286089238845145,0.0,2.4390243902439024,0.0,0.0,12.195121951219512,2.4390243902439024,2.4390243902439024,2.4390243902439024,0.0,2.4390243902439024,0.0,21.95121951219512,2.4390243902439024,2.4390243902439024,58.53658536585366,0.0,0.0,2.4390243902439024,12.195121951219512,12.195121951219512,12.195121951219512,2.4390243902439024,17.073170731707318
SDHU,31.94103194103194,7.371007371007371,66.33906633906633,7.371007371007371,4.914004914004914,73.71007371007371,34.3980343980344,4.914004914004914,14.742014742014742,7.371007371007371,0.0,0.0,9.828009828009828,0.0,7.371007371007371,201.47420147420146,0.0,0.0,22.11302211302211,9.828009828009828,0.0,0.0,2.457002457002457,17.1990171990172,0.0,2.457002457002457,0.0,2.457002457002457,0.0,0.0,0.0,0.0,0.0,0.0,0.0,2.457002457002457,7.371007371007371,2.457002457002457,73.71007371007371,44.22604422604422,4.914004914004914,83.53808353808354,0.547979797979798,4.121212121212121,2.457002457002457,0.0,4.914004914004914,2.457002457002457,17.1990171990172,4.914004914004914,24.570024570024568,22.11302211302211,0.0,7.371007371007371,0.0,29.484029484029485,0.0,0.0,27.027027027027028,0.0,2.457002457002457,0.0,9.828009828009828,4.914004914004914,12.285012285012284,0.0,9.828009828009828
SDJ9,24.752475247524753,7.425742574257425,94.05940594059406,2.4752475247524752,7.425742574257425,44.554455445544555,14.85148514851485,4.9504950495049505,19.801980198019802,12.376237623762377,0.0,2.4752475247524752,14.85148514851485,32.17821782178218,4.9504950495049505,158.41584158415841,9.900990099009901,0.0,51.980198019801975,9.900990099009901,0.0,0.0,0.0,22.277227722772277,2.4752475247524752,0.0,0.0,0.0,0.0,0.0,7.425742574257425,0.0,0.0,2.4752475247524752,0.0,0.0,0.0,4.9504950495049505,86.63366336633663,51.980198019801975,7.425742574257425,111.38613861386139,0.5440414507772021,4.318652849740933,4.9504950495049505,0.0,0.0,4.9504950495049505,22.277227722772277,0.0,9.900990099009901,2.4752475247524752,0.0,2.4752475247524752,0.0,34.65346534653466,0.0,7.425742574257425,42.07920792079208,2.4752475247524752,0.0,0.0,4.9504950495049505,7.425742574257425,12.376237623762377,0.0,19.801980198019802
SDQG,14.742014742014742,12.285012285012284,108.10810810810811,4.914004914004914,2.457002457002457,58.96805896805897,34.3980343980344,9.828009828009828,44.22604422604422,4.914004914004914,7.371007371007371,7.371007371007371,9.828009828009828,12.285012285012284,4.914004914004914,115.47911547911548,4.914004914004914,0.0,56.511056511056516,2.457002457002457,0.0,0.0,2.457002457002457,14.742014742014742,0.0,0.0,0.0,0.0,0.0,2.457002457002457,0.0,0.0,0.0,0.0,2.457002457002457,0.0,4.914004914004914,4.914004914004914,73.71007371007371,22.11302211302211,17.1990171990172,142.5061425061425,0.5930851063829787,4.10904255319149,0.0,2.457002457002457,4.914004914004914,7.371007371007371,24.570024570024568,2.457002457002457,12.285012285012284,9.828009828009828,0.0,14.742014742014742,2.457002457002457,29.484029484029485,2.457002457002457,0.0,76.16707616707617,0.0,0.0,0.0,12.285012285012284,14.742014742014742,34.3980343980344,0.0,27.027027027027028
SDTD,24.213075060532688,7.263922518159807,87.16707021791767,0.0,4.842615012106537,48.426150121065376,38.7409200968523,12.106537530266344,29.055690072639226,9.685230024213075,2.4213075060532687,4.842615012106537,33.898305084745765,2.4213075060532687,9.685230024213075,162.227602905569,4.842615012106537,2.4213075060532687,55.69007263922518,2.4213075060532687,2.4213075060532687,0.0,16.949152542372882,16.949152542372882,4.842615012106537,0.0,0.0,0.0,0.0,0.0,0.0,0.0,2.4213075060532687,0.0,0.0,0.0,2.4213075060532687,7.263922518159807,53.26876513317191,41.16222760290557,16.949152542372882,135.59322033898306,0.5684210526315789,4.08421052631579,0.0,0.0,4.842615012106537,2.4213075060532687,31.476997578692497,2.4213075060532687,7.263922518159807,9.685230024213075,2.4213075060532687,7.263922518159807,2.4213075060532687,29.055690072639226,0.0,0.0,46.00484261501211,0.0,0.0,0.0,7.263922518159807,4.842615012106537,21.791767554479417,0.0,12.106537530266344
SE4X,21.95121951219512,12.195121951219512,73.17073170731707,0.0,0.0,63.41463414634146,7.317073170731708,7.317073170731708,26.829268292682926,12.195121951219512,4.878048780487805,0.0,12.195121951219512,17.073170731707318,4.878048780487805,202.43902439024393,2.4390243902439024,0.0,34.146341463414636,4.878048780487805,0.0,0.0,2.4390243902439024,12.195121951219512,2.4390243902439024,0.0,0.0,0.0,0.0,0.0,0.0,0.0,0.0,2.4390243902439024,0.0,2.4390243902439024,0.0,4.878048780487805,97.5609756097561,58.53658536585366,4.878048780487805,95.1219512195122,0.5626598465473146,4.560102301790281,2.4390243902439024,0.0,2.4390243902439024,7.317073170731708,4.878048780487805,2.4390243902439024,12.195121951219512,14.634146341463415,0.0,9.75609756097561,2.4390243902439024,31.70731707317073,0.0,4.878048780487805,34.146341463414636,0.0,0.0,0.0,4.878048780487805,7.317073170731708,14.634146341463415,0.0,4.878048780487805
SEJK,21.32701421800948,9.47867298578199,82.93838862559241,2.3696682464454977,0.0,49.76303317535545,28.43601895734597,7.109004739336492,28.43601895734597,4.739336492890995,4.739336492890995,9.47867298578199,16.587677725118485,11.848341232227487,4.739336492890995,201.4218009478673,2.3696682464454977,0.0,40.28436018957346,4.739336492890995,0.0,0.0,0.0,23.696682464454973,4.739336492890995,0.0,0.0,2.3696682464454977,0.0,0.0,0.0,0.0,2.3696682464454977,0.0,0.0,0.0,2.3696682464454977,0.0,63.98104265402843,56.87203791469194,16.587677725118485,94.78672985781989,0.5873015873015873,4.301587301587301,4.739336492890995,2.3696682464454977,2.3696682464454977,9.47867298578199,16.587677725118485,2.3696682464454977,16.587677725118485,9.47867298578199,0.0,0.0,2.3696682464454977,11.848341232227487,0.0,4.739336492890995,42.65402843601896,2.3696682464454977,0.0,0.0,2.3696682464454977,0.0,14.218009478672984,0.0,11.848341232227487
SETW,19.851116625310173,4.962779156327543,89.33002481389578,4.962779156327543,9.925558312655086,69.4789081885856,44.66501240694789,9.925558312655086,22.332506203473944,4.962779156327543,4.962779156327543,0.0,7.444168734491315,4.962779156327543,0.0,148.8833746898263,4.962779156327543,0.0,42.183622828784124,2.4813895781637716,2.4813895781637716,0.0,0.0,24.81389578163772,0.0,0.0,2.4813895781637716,0.0,2.4813895781637716,0.0,0.0,0.0,0.0,0.0,0.0,0.0,2.4813895781637716,12.40694789081886,69.4789081885856,34.7394540942928,9.925558312655086,106.69975186104217,0.5851063829787234,4.191489361702128,0.0,2.4813895781637716,2.4813895781637716,2.4813895781637716,19.851116625310173,9.925558312655086,12.40694789081886,7.444168734491315,4.962779156327543,9.925558312655086,2.4813895781637716,29.77667493796526,2.4813895781637716,7.444168734491315,62.03473945409429,0.0,2.4813895781637716,0.0,4.962779156327543,4.962779156327543,9.925558312655086,0.0,19.851116625310173
SEV9,33.57314148681055,9.592326139088728,91.12709832134293,4.796163069544364,2.398081534772182,50.35971223021583,31.17505995203837,0.0,23.980815347721823,7.194244604316547,7.194244604316547,4.796163069544364,31.17505995203837,2.398081534772182,4.796163069544364,172.66187050359713,0.0,0.0,43.16546762589928,2.398081534772182,2.398081534772182,0.0,7.194244604316547,14.388489208633095,0.0,0.0,0.0,0.0,11.990407673860911,2.398081534772182,0.0,0.0,0.0,2.398081534772182,11.990407673860911,0.0,0.0,4.796163069544364,83.93285371702639,47.961630695443645,7.194244604316547,119.90407673860912,0.5516372795969773,4.329974811083123,4.796163069544364,0.0,4.796163069544364,14.388489208633095,26.378896882494004,2.398081534772182,14.388489208633095,14.388489208633095,0.0,0.0,7.194244604316547,28.77697841726619,4.796163069544364,0.0,43.16546762589928,2.398081534772182,0.0,0.0,2.398081534772182,7.194244604316547,7.194244604316547,0.0,16.786570743405274
SF2C,26.89486552567237,14.669926650366747,92.90953545232274,0.0,9.7799511002445,53.78973105134474,31.78484107579462,19.559902200489,19.559902200489,7.334963325183374,4.88997555012225,0.0,17.114914425427873,2.444987775061125,4.88997555012225,156.479217603912,2.444987775061125,0.0,31.78484107579462,2.444987775061125,2.444987775061125,0.0,7.334963325183374,24.44987775061125,2.444987775061125,0.0,2.444987775061125,0.0,0.0,0.0,0.0,0.0,2.444987775061125,0.0,0.0,7.334963325183374,4.88997555012225,2.444987775061125,68.45965770171149,46.45476772616137,7.334963325183374,107.57946210268948,0.6236559139784946,4.379032258064516,0.0,4.88997555012225,2.444987775061125,4.88997555012225,17.114914425427873,4.88997555012225,7.334963325183374,2.444987775061125,9.7799511002445,0.0,9.7799511002445,41.56479217603912,2.444987775061125,0.0,41.56479217603912,0.0,0.0,2.444987775061125,7.334963325183374,7.334963325183374,4.88997555012225,4.88997555012225,9.7799511002445
SFLB,16.990291262135923,7.281553398058253,92.23300970873787,0.0,9.70873786407767,53.398058252427184,24.271844660194173,9.70873786407767,33.980582524271846,2.4271844660194173,0.0,0.0,19.41747572815534,2.4271844660194173,2.4271844660194173,194.17475728155338,0.0,0.0,53.398058252427184,0.0,0.0,2.4271844660194173,0.0,7.281553398058253,2.4271844660194173,0.0,0.0,0.0,0.0,0.0,4.854368932038835,0.0,2.4271844660194173,0.0,4.854368932038835,0.0,2.4271844660194173,7.281553398058253,92.23300970873787,41.2621359223301,12.135922330097086,131.06796116504853,0.6056701030927835,4.469072164948454,0.0,2.4271844660194173,2.4271844660194173,4.854368932038835,29.12621359223301,2.4271844660194173,4.854368932038835,7.281553398058253,0.0,9.70873786407767,9.70873786407767,33.980582524271846,2.4271844660194173,0.0,53.398058252427184,0.0,2.4271844660194173,0.0,9.70873786407767,7.281553398058253,16.990291262135923,0.0,12.135922330097086
SFT2,24.93765586034913,19.950124688279303,102.24438902743142,7.481296758104738,9.975062344139651,54.86284289276808,14.962593516209475,7.481296758104738,17.456359102244388,17.456359102244388,0.0,2.493765586034913,29.92518703241895,9.975062344139651,0.0,139.6508728179551,4.987531172069826,0.0,52.36907730673317,4.987531172069826,0.0,0.0,4.987531172069826,27.43142144638404,2.493765586034913,0.0,2.493765586034913,0.0,2.493765586034913,0.0,0.0,0.0,2.493765586034913,2.493765586034913,0.0,2.493765586034913,2.493765586034913,7.481296758104738,74.81296758104739,32.418952618453865,14.962593516209475,129.67581047381546,0.5909090909090909,4.433155080213904,0.0,0.0,0.0,12.468827930174564,14.962593516209475,2.493765586034913,12.468827930174564,12.468827930174564,0.0,4.987531172069826,14.962593516209475,39.900249376558605,4.987531172069826,2.493765586034913,62.34413965087282,0.0,2.493765586034913,0.0,12.468827930174564,0.0,7.481296758104738,2.493765586034913,27.43142144638404
SG3P,22.388059701492537,19.90049751243781,101.99004975124377,0.0,4.975124378109452,74.62686567164178,24.875621890547265,4.975124378109452,22.388059701492537,4.975124378109452,9.950248756218905,4.975124378109452,17.412935323383085,12.437810945273633,0.0,136.81592039800995,9.950248756218905,0.0,69.65174129353234,2.487562189054726,0.0,0.0,2.487562189054726,19.90049751243781,2.487562189054726,2.487562189054726,0.0,0.0,0.0,0.0,2.487562189054726,0.0,2.487562189054726,0.0,0.0,0.0,12.437810945273633,4.975124378109452,69.65174129353234,19.90049751243781,22.388059701492537,124.37810945273633,0.5809018567639257,4.156498673740053,0.0,4.975124378109452,4.975124378109452,7.462686567164179,19.90049751243781,4.975124378109452,14.925373134328359,7.462686567164179,2.487562189054726,4.975124378109452,2.487562189054726,24.875621890547265,2.487562189054726,0.0,57.21393034825871,0.0,0.0,0.0,2.487562189054726,2.487562189054726,22.388059701492537,0.0,17.412935323383085
SG4J,63.88206388206388,4.914004914004914,54.054054054054056,7.371007371007371,2.457002457002457,68.7960687960688,22.11302211302211,0.0,44.22604422604422,12.285012285012284,0.0,7.371007371007371,12.285012285012284,17.1990171990172,7.371007371007371,174.44717444717443,2.457002457002457,0.0,39.31203931203931,0.0,0.0,0.0,0.0,12.285012285012284,4.914004914004914,0.0,0.0,0.0,0.0,0.0,0.0,0.0,0.0,0.0,2.457002457002457,0.0,0.0,2.457002457002457,98.28009828009827,49.140049140049136,7.371007371007371,117.93611793611794,0.549618320610687,4.33587786259542,2.457002457002457,0.0,0.0,4.914004914004914,29.484029484029485,0.0,12.285012285012284,2.457002457002457,2.457002457002457,4.914004914004914,2.457002457002457,14.742014742014742,0.0,4.914004914004914,31.94103194103194,0.0,0.0,0.0,7.371007371007371,2.457002457002457,22.11302211302211,2.457002457002457,9.828009828009828
SG78,36.231884057971016,28.985507246376812,86.95652173913044,0.0,12.077294685990339,53.14009661835749,21.73913043478261,7.246376811594203,21.73913043478261,9.66183574879227,0.0,0.0,7.246376811594203,12.077294685990339,2.4154589371980677,200.4830917874396,0.0,0.0,45.893719806763286,2.4154589371980677,0.0,0.0,0.0,19.32367149758454,2.4154589371980677,0.0,2.4154589371980677,0.0,2.4154589371980677,0.0,0.0,0.0,0.0,0.0,0.0,0.0,0.0,2.4154589371980677,74.8792270531401,45.893719806763286,19.32367149758454,106.28019323671498,0.6127320954907162,4.384615384615385,0.0,2.4154589371980677,0.0,0.0,19.32367149758454,2.4154589371980677,9.66183574879227,0.0,2.4154589371980677,2.4154589371980677,9.66183574879227,24.154589371980677,12.077294685990339,2.4154589371980677,41.06280193236715,0.0,0.0,0.0,2.4154589371980677,9.66183574879227,16.908212560386474,0.0,9.66183574879227
SG7X,17.28395061728395,7.407407407407407,81.4814814814815,7.407407407407407,2.4691358024691357,46.91358024691358,17.28395061728395,14.814814814814815,39.50617283950617,4.938271604938271,0.0,9.876543209876543,17.28395061728395,2.4691358024691357,0.0,195.06172839506172,7.407407407407407,0.0,37.03703703703704,2.4691358024691357,0.0,0.0,0.0,32.098765432098766,2.4691358024691357,0.0,0.0,2.4691358024691357,0.0,0.0,2.4691358024691357,0.0,2.4691358024691357,0.0,0.0,2.4691358024691357,4.938271604938271,19.753086419753085,79.01234567901234,34.5679012345679,12.345679012345679,93.82716049382717,0.578125,4.184895833333333,2.4691358024691357,0.0,0.0,2.4691358024691357,19.753086419753085,4.938271604938271,7.407407407407407,0.0,4.938271604938271,9.876543209876543,2.4691358024691357,27.160493827160494,7.407407407407407,7.407407407407407,44.44444444444444,0.0,4.938271604938271,2.4691358024691357,2.4691358024691357,4.938271604938271,12.345679012345679,4.938271604938271,14.814814814814815
SGHZ,9.950248756218905,19.90049751243781,114.42786069651741,4.975124378109452,0.0,84.5771144278607,29.850746268656717,39.80099502487562,27.36318407960199,9.950248756218905,7.462686567164179,0.0,4.975124378109452,4.975124378109452,4.975124378109452,134.32835820895522,2.487562189054726,0.0,62.18905472636816,2.487562189054726,0.0,2.487562189054726,2.487562189054726,32.33830845771144,0.0,0.0,0.0,0.0,0.0,0.0,0.0,0.0,0.0,0.0,0.0,0.0,0.0,9.950248756218905,47.2636815920398,29.850746268656717,17.412935323383085,101.99004975124377,0.546448087431694,4.0109289617486334,0.0,2.487562189054726,0.0,2.487562189054726,29.850746268656717,0.0,2.487562189054726,7.462686567164179,0.0,12.437810945273633,2.487562189054726,52.23880597014925,0.0,0.0,82.08955223880596,0.0,4.975124378109452,2.487562189054726,4.975124378109452,0.0,22.388059701492537,0.0,14.925373134328359
SGSY,19.656019656019655,9.828009828009828,71.25307125307125,2.457002457002457,9.828009828009828,51.597051597051596,12.285012285012284,2.457002457002457,24.570024570024568,7.371007371007371,0.0,0.0,19.656019656019655,12.285012285012284,0.0,206.38820638820638,0.0,0.0,31.94103194103194,4.914004914004914,2.457002457002457,0.0,2.457002457002457,7.371007371007371,0.0,0.0,0.0,0.0,4.914004914004914,0.0,0.0,2.457002457002457,0.0,0.0,0.0,0.0,4.914004914004914,2.457002457002457,81.08108108108108,61.42506142506143,4.914004914004914,90.9090909090909,0.5918367346938775,4.905612244897959,4.914004914004914,2.457002457002457,0.0,4.914004914004914,19.656019656019655,0.0,7.371007371007371,24.570024570024568,4.914004914004914,4.914004914004914,0.0,29.484029484029485,2.457002457002457,0.0,31.94103194103194,0.0,4.914004914004914,0.0,9.828009828009828,19.656019656019655,17.1990171990172,0.0,4.914004914004914
SH2A,27.36318407960199,9.950248756218905,74.62686567164178,0.0,4.975124378109452,49.75124378109453,27.36318407960199,4.975124378109452,27.36318407960199,9.950248756218905,7.462686567164179,4.975124378109452,22.388059701492537,9.950248756218905,0.0,206.4676616915423,2.487562189054726,0.0,37.31343283582089,0.0,2.487562189054726,0.0,9.950248756218905,12.437810945273633,4.975124378109452,0.0,0.0,2.487562189054726,2.487562189054726,0.0,0.0,0.0,2.487562189054726,0.0,2.487562189054726,0.0,7.462686567164179,4.975124378109452,92.03980099502488,27.36318407960199,0.0,92.03980099502488,0.587012987012987,4.293506493506493,2.487562189054726,0.0,2.487562189054726,0.0,19.90049751243781,4.975124378109452,12.437810945273633,4.975124378109452,2.487562189054726,7.462686567164179,4.975124378109452,22.388059701492537,0.0,2.487562189054726,34.82587064676617,0.0,2.487562189054726,0.0,0.0,7.462686567164179,12.437810945273633,2.487562189054726,12.437810945273633
SH2P,42.394014962593516,17.456359102244388,64.83790523690773,2.493765586034913,7.481296758104738,52.36907730673317,24.93765586034913,7.481296758104738,29.92518703241895,4.987531172069826,7.481296758104738,2.493765586034913,9.975062344139651,2.493765586034913,9.975062344139651,189.52618453865335,0.0,0.0,29.92518703241895,2.493765586034913,2.493765586034913,0.0,0.0,14.962593516209475,4.987531172069826,0.0,0.0,2.493765586034913,2.493765586034913,0.0,0.0,0.0,0.0,0.0,0.0,0.0,0.0,2.493765586034913,84.78802992518703,44.88778054862843,12.468827930174564,104.73815461346634,0.601063829787234,4.3138297872340425,0.0,0.0,0.0,4.987531172069826,19.950124688279303,2.493765586034913,17.456359102244388,2.493765586034913,0.0,2.493765586034913,0.0,19.950124688279303,0.0,0.0,39.900249376558605,0.0,0.0,2.493765586034913,2.493765586034913,4.987531172069826,22.443890274314214,0.0,4.987531172069826
SH5J,26.96078431372549,2.450980392156863,73.52941176470588,0.0,4.901960784313726,78.43137254901961,9.803921568627452,0.0,19.607843137254903,9.803921568627452,9.803921568627452,7.352941176470588,17.156862745098042,9.803921568627452,7.352941176470588,186.27450980392157,4.901960784313726,0.0,29.41176470588235,2.450980392156863,0.0,0.0,7.352941176470588,24.509803921568626,0.0,0.0,0.0,0.0,2.450980392156863,0.0,0.0,0.0,0.0,0.0,0.0,2.450980392156863,12.254901960784313,24.509803921568626,61.27450980392157,39.21568627450981,17.156862745098042,75.98039215686273,0.5466666666666666,4.165333333333334,2.450980392156863,0.0,0.0,0.0,9.803921568627452,0.0,19.607843137254903,12.254901960784313,2.450980392156863,14.705882352941176,7.352941176470588,22.058823529411764,4.901960784313726,4.901960784313726,49.01960784313725,2.450980392156863,0.0,0.0,2.450980392156863,2.450980392156863,9.803921568627452,0.0,14.705882352941176
SHC3,37.03703703703704,0.0,81.4814814814815,0.0,0.0,59.25925925925926,27.160493827160494,14.814814814814815,19.753086419753085,12.345679012345679,0.0,0.0,32.098765432098766,22.22222222222222,0.0,217.28395061728395,0.0,0.0,49.382716049382715,2.4691358024691357,0.0,0.0,2.4691358024691357,19.753086419753085,2.4691358024691357,0.0,0.0,0.0,0.0,0.0,0.0,0.0,0.0,0.0,0.0,0.0,4.938271604938271,2.4691358024691357,59.25925925925926,32.098765432098766,19.753086419753085,91.35802469135803,0.5437158469945356,4.407103825136612,2.4691358024691357,2.4691358024691357,2.4691358024691357,0.0,9.876543209876543,2.4691358024691357,14.814814814814815,12.345679012345679,0.0,0.0,4.938271604938271,19.753086419753085,2.4691358024691357,0.0,27.160493827160494,0.0,0.0,0.0,0.0,2.4691358024691357,7.407407407407407,0.0,4.938271604938271
SHJH,32.418952618453865,9.975062344139651,87.28179551122194,7.481296758104738,0.0,44.88778054862843,17.456359102244388,17.456359102244388,34.912718204488776,4.987531172069826,9.975062344139651,2.493765586034913,27.43142144638404,7.481296758104738,0.0,149.62593516209478,7.481296758104738,0.0,62.34413965087282,9.975062344139651,2.493765586034913,0.0,0.0,12.468827930174564,4.987531172069826,0.0,0.0,0.0,4.987531172069826,0.0,4.987531172069826,0.0,2.493765586034913,2.493765586034913,0.0,4.987531172069826,2.493765586034913,4.987531172069826,102.24438902743142,27.43142144638404,2.493765586034913,102.24438902743142,0.5677083333333334,4.388020833333333,2.493765586034913,2.493765586034913,7.481296758104738,14.962593516209475,14.962593516209475,0.0,12.468827930174564,7.481296758104738,2.493765586034913,4.987531172069826,4.987531172069826,27.43142144638404,7.481296758104738,0.0,39.900249376558605,0.0,0.0,0.0,7.481296758104738,12.468827930174564,14.962593516209475,0.0,7.481296758104738
SHK7,44.776119402985074,9.950248756218905,82.08955223880596,7.462686567164179,0.0,87.06467661691543,24.875621890547265,12.437810945273633,29.850746268656717,12.437810945273633,2.487562189054726,2.487562189054726,17.412935323383085,2.487562189054726,4.975124378109452,176.61691542288557,0.0,0.0,44.776119402985074,0.0,0.0,0.0,2.487562189054726,12.437810945273633,0.0,0.0,0.0,2.487562189054726,4.975124378109452,0.0,0.0,0.0,0.0,0.0,0.0,0.0,2.487562189054726,17.412935323383085,74.62686567164178,29.850746268656717,4.975124378109452,99.50248756218906,0.5509138381201044,3.966057441253264,0.0,2.487562189054726,2.487562189054726,7.462686567164179,19.90049751243781,0.0,7.462686567164179,14.925373134328359,0.0,0.0,2.487562189054726,32.33830845771144,4.975124378109452,0.0,47.2636815920398,0.0,2.487562189054726,0.0,0.0,7.462686567164179,24.875621890547265,0.0,19.90049751243781
SHTW,11.990407673860911,9.592326139088728,88.72901678657075,0.0,14.388489208633095,55.15587529976019,14.388489208633095,2.398081534772182,28.77697841726619,4.796163069544364,21.58273381294964,7.194244604316547,16.786570743405274,2.398081534772182,0.0,160.6714628297362,4.796163069544364,0.0,69.54436450839329,9.592326139088728,0.0,0.0,2.398081534772182,26.378896882494004,0.0,0.0,2.398081534772182,0.0,2.398081534772182,0.0,2.398081534772182,0.0,0.0,2.398081534772182,0.0,0.0,2.398081534772182,4.796163069544364,64.74820143884892,26.378896882494004,11.990407673860911,103.11750599520383,0.5066666666666667,3.997333333333333,0.0,0.0,2.398081534772182,2.398081534772182,9.592326139088728,2.398081534772182,2.398081534772182,16.786570743405274,0.0,7.194244604316547,4.796163069544364,33.57314148681055,7.194244604316547,0.0,69.54436450839329,0.0,2.398081534772182,0.0,0.0,7.194244604316547,19.184652278177456,2.398081534772182,16.786570743405274
SHX8,12.437810945273633,0.0,84.5771144278607,0.0,0.0,69.65174129353234,12.437810945273633,22.388059701492537,14.925373134328359,19.90049751243781,2.487562189054726,0.0,4.975124378109452,4.975124378109452,0.0,256.21890547263683,0.0,0.0,39.80099502487562,0.0,0.0,0.0,0.0,24.875621890547265,0.0,0.0,0.0,0.0,0.0,0.0,0.0,0.0,0.0,0.0,2.487562189054726,0.0,0.0,0.0,72.13930348258707,22.388059701492537,14.925373134328359,64.67661691542288,0.5261707988980716,4.162534435261708,0.0,0.0,0.0,0.0,12.437810945273633,0.0,0.0,19.90049751243781,0.0,4.975124378109452,4.975124378109452,29.850746268656717,0.0,0.0,39.80099502487562,0.0,2.487562189054726,0.0,4.975124378109452,9.950248756218905,22.388059701492537,0.0,9.950248756218905
SHXF,22.11302211302211,24.570024570024568,85.995085995086,4.914004914004914,4.914004914004914,58.96805896805897,24.570024570024568,2.457002457002457,31.94103194103194,9.828009828009828,2.457002457002457,0.0,19.656019656019655,9.828009828009828,9.828009828009828,159.7051597051597,4.914004914004914,0.0,44.22604422604422,0.0,0.0,0.0,4.914004914004914,9.828009828009828,2.457002457002457,0.0,0.0,0.0,0.0,0.0,0.0,0.0,0.0,0.0,0.0,2.457002457002457,2.457002457002457,4.914004914004914,93.36609336609337,51.597051597051596,12.285012285012284,122.85012285012286,0.5886889460154242,4.4961439588688945,2.457002457002457,2.457002457002457,0.0,7.371007371007371,19.656019656019655,0.0,9.828009828009828,14.742014742014742,4.914004914004914,0.0,0.0,22.11302211302211,2.457002457002457,0.0,41.76904176904177,0.0,0.0,0.0,2.457002457002457,4.914004914004914,7.371007371007371,0.0,9.828009828009828
SJ5D,9.501187648456057,19.002375296912113,87.88598574821853,2.375296912114014,0.0,66.5083135391924,28.503562945368174,9.501187648456057,23.752969121140143,14.251781472684087,2.375296912114014,4.750593824228028,14.251781472684087,2.375296912114014,2.375296912114014,156.76959619952493,4.750593824228028,0.0,33.2541567695962,0.0,0.0,0.0,0.0,16.6270783847981,2.375296912114014,0.0,0.0,0.0,0.0,0.0,0.0,0.0,0.0,0.0,0.0,0.0,2.375296912114014,9.501187648456057,97.38717339667458,42.75534441805225,19.002375296912113,97.38717339667458,0.553030303030303,4.287878787878788,2.375296912114014,0.0,9.501187648456057,4.750593824228028,16.6270783847981,0.0,11.876484560570072,21.377672209026127,4.750593824228028,2.375296912114014,0.0,38.00475059382423,7.125890736342043,0.0,57.00712589073635,2.375296912114014,7.125890736342043,0.0,4.750593824228028,9.501187648456057,11.876484560570072,0.0,7.125890736342043
SJFG,33.898305084745765,19.37046004842615,70.2179176755448,0.0,7.263922518159807,67.79661016949153,14.527845036319613,12.106537530266344,33.898305084745765,7.263922518159807,4.842615012106537,0.0,12.106537530266344,4.842615012106537,2.4213075060532687,210.65375302663438,9.685230024213075,0.0,38.7409200968523,2.4213075060532687,0.0,0.0,0.0,21.791767554479417,4.842615012106537,0.0,0.0,2.4213075060532687,0.0,0.0,2.4213075060532687,0.0,2.4213075060532687,0.0,0.0,4.842615012106537,7.263922518159807,2.4213075060532687,75.06053268765133,31.476997578692497,9.685230024213075,84.7457627118644,0.5573333333333333,4.2,4.842615012106537,0.0,2.4213075060532687,4.842615012106537,7.263922518159807,0.0,2.4213075060532687,14.527845036319613,2.4213075060532687,2.4213075060532687,4.842615012106537,21.791767554479417,7.263922518159807,0.0,50.84745762711865,0.0,0.0,0.0,4.842615012106537,4.842615012106537,16.949152542372882,2.4213075060532687,7.263922518159807
SJJK,22.332506203473944,17.3697270471464,96.77419354838709,2.4813895781637716,4.962779156327543,84.36724565756825,27.29528535980149,2.4813895781637716,27.29528535980149,9.925558312655086,4.962779156327543,2.4813895781637716,14.88833746898263,17.3697270471464,0.0,151.3647642679901,9.925558312655086,0.0,62.03473945409429,0.0,4.962779156327543,0.0,0.0,24.81389578163772,0.0,0.0,0.0,0.0,0.0,0.0,0.0,0.0,0.0,0.0,0.0,2.4813895781637716,0.0,2.4813895781637716,89.33002481389578,24.81389578163772,14.88833746898263,109.18114143920596,0.5532467532467532,4.264935064935065,2.4813895781637716,0.0,4.962779156327543,4.962779156327543,4.962779156327543,0.0,4.962779156327543,7.444168734491315,0.0,2.4813895781637716,2.4813895781637716,19.851116625310173,4.962779156327543,0.0,44.66501240694789,0.0,0.0,0.0,2.4813895781637716,14.88833746898263,14.88833746898263,0.0,0.0
SKDX,61.88118811881188,14.85148514851485,54.45544554455446,2.4752475247524752,9.900990099009901,89.10891089108911,32.17821782178218,22.277227722772277,27.22772277227723,19.801980198019802,2.4752475247524752,2.4752475247524752,12.376237623762377,4.9504950495049505,4.9504950495049505,143.56435643564356,0.0,0.0,49.504950495049506,0.0,0.0,0.0,0.0,12.376237623762377,0.0,0.0,0.0,0.0,0.0,0.0,0.0,0.0,0.0,2.4752475247524752,0.0,2.4752475247524752,0.0,2.4752475247524752,81.68316831683168,49.504950495049506,14.85148514851485,111.38613861386139,0.5269922879177378,4.059125964010283,0.0,2.4752475247524752,2.4752475247524752,7.425742574257425,24.752475247524753,2.4752475247524752,4.9504950495049505,7.425742574257425,2.4752475247524752,2.4752475247524752,4.9504950495049505,17.32673267326733,2.4752475247524752,0.0,34.65346534653466,2.4752475247524752,0.0,0.0,2.4752475247524752,7.425742574257425,17.32673267326733,0.0,7.425742574257425
SKEQ,14.778325123152708,14.778325123152708,68.9655172413793,0.0,4.926108374384237,61.576354679802954,19.704433497536947,2.4630541871921183,32.01970443349754,7.389162561576354,4.926108374384237,4.926108374384237,14.778325123152708,4.926108374384237,0.0,192.1182266009852,0.0,0.0,44.33497536945813,2.4630541871921183,0.0,0.0,0.0,7.389162561576354,2.4630541871921183,0.0,0.0,0.0,2.4630541871921183,0.0,2.4630541871921183,0.0,0.0,0.0,0.0,0.0,2.4630541871921183,12.315270935960593,88.66995073891626,44.33497536945813,12.315270935960593,105.91133004926108,0.5380577427821522,4.270341207349081,4.926108374384237,0.0,4.926108374384237,2.4630541871921183,27.093596059113302,2.4630541871921183,4.926108374384237,19.704433497536947,2.4630541871921183,4.926108374384237,12.315270935960593,24.630541871921185,4.926108374384237,0.0,44.33497536945813,0.0,2.4630541871921183,0.0,4.926108374384237,9.852216748768473,19.704433497536947,0.0,22.167487684729064
SKJQ,34.0632603406326,9.732360097323602,77.85888077858881,4.866180048661801,4.866180048661801,63.26034063260341,43.79562043795621,7.299270072992701,17.0316301703163,9.732360097323602,2.4330900243309004,2.4330900243309004,12.165450121654501,4.866180048661801,2.4330900243309004,189.7810218978102,0.0,0.0,24.330900243309003,2.4330900243309004,0.0,0.0,4.866180048661801,19.464720194647203,0.0,2.4330900243309004,0.0,0.0,2.4330900243309004,0.0,0.0,0.0,0.0,0.0,2.4330900243309004,0.0,4.866180048661801,4.866180048661801,70.5596107055961,46.228710462287104,2.4330900243309004,82.7250608272506,0.5575,4.065,0.0,0.0,9.732360097323602,2.4330900243309004,14.598540145985401,0.0,21.897810218978105,26.7639902676399,0.0,2.4330900243309004,2.4330900243309004,34.0632603406326,4.866180048661801,0.0,26.7639902676399,0.0,4.866180048661801,2.4330900243309004,4.866180048661801,12.165450121654501,19.464720194647203,0.0,4.866180048661801
SKKB,19.27710843373494,7.228915662650603,74.6987951807229,4.819277108433735,0.0,31.32530120481928,36.144578313253014,9.63855421686747,24.096385542168676,7.228915662650603,2.4096385542168677,4.819277108433735,16.867469879518072,4.819277108433735,2.4096385542168677,219.27710843373492,7.228915662650603,0.0,40.96385542168675,2.4096385542168677,2.4096385542168677,0.0,4.819277108433735,19.27710843373494,0.0,0.0,2.4096385542168677,4.819277108433735,0.0,0.0,0.0,0.0,0.0,0.0,2.4096385542168677,0.0,2.4096385542168677,2.4096385542168677,86.74698795180723,65.06024096385542,12.048192771084338,98.79518072289156,0.5718015665796344,4.605744125326371,0.0,0.0,2.4096385542168677,2.4096385542168677,16.867469879518072,4.819277108433735,9.63855421686747,7.228915662650603,2.4096385542168677,4.819277108433735,7.228915662650603,21.686746987951807,7.228915662650603,2.4096385542168677,31.32530120481928,0.0,4.819277108433735,0.0,4.819277108433735,4.819277108433735,4.819277108433735,0.0,2.4096385542168677
SKL3,28.846153846153847,2.403846153846154,88.9423076923077,4.807692307692308,2.403846153846154,45.67307692307692,19.230769230769234,26.442307692307693,31.25,16.826923076923077,2.403846153846154,0.0,14.423076923076923,7.211538461538462,0.0,233.17307692307693,2.403846153846154,0.0,38.46153846153847,0.0,0.0,0.0,0.0,7.211538461538462,2.403846153846154,0.0,0.0,0.0,2.403846153846154,0.0,4.807692307692308,0.0,0.0,0.0,0.0,0.0,4.807692307692308,0.0,93.75,64.90384615384616,7.211538461538462,81.73076923076923,0.570694087403599,4.249357326478149,0.0,9.615384615384617,2.403846153846154,4.807692307692308,12.01923076923077,2.403846153846154,14.423076923076923,7.211538461538462,2.403846153846154,2.403846153846154,12.01923076923077,16.826923076923077,0.0,0.0,48.07692307692308,2.403846153846154,4.807692307692308,0.0,7.211538461538462,4.807692307692308,7.211538461538462,0.0,12.01923076923077
SKPX,17.3697270471464,2.4813895781637716,86.848635235732,0.0,0.0,24.81389578163772,22.332506203473944,17.3697270471464,37.220843672456574,4.962779156327543,0.0,2.4813895781637716,14.88833746898263,9.925558312655086,0.0,230.76923076923077,0.0,2.4813895781637716,49.62779156327544,2.4813895781637716,0.0,0.0,7.444168734491315,7.444168734491315,0.0,0.0,0.0,0.0,2.4813895781637716,0.0,0.0,0.0,0.0,0.0,0.0,2.4813895781637716,7.444168734491315,14.88833746898263,96.77419354838709,59.55334987593052,2.4813895781637716,84.36724565756825,0.5699481865284974,4.448186528497409,2.4813895781637716,2.4813895781637716,2.4813895781637716,7.444168734491315,7.444168734491315,2.4813895781637716,7.444168734491315,7.444168734491315,0.0,0.0,2.4813895781637716,22.332506203473944,0.0,0.0,39.702233250620345,0.0,0.0,0.0,2.4813895781637716,2.4813895781637716,4.962779156327543,0.0,2.4813895781637716
SKRZ,14.925373134328359,17.412935323383085,99.50248756218906,2.487562189054726,7.462686567164179,67.16417910447761,24.875621890547265,2.487562189054726,19.90049751243781,12.437810945273633,12.437810945273633,7.462686567164179,7.462686567164179,2.487562189054726,0.0,144.27860696517413,7.462686567164179,0.0,39.80099502487562,4.975124378109452,0.0,0.0,0.0,12.437810945273633,2.487562189054726,0.0,0.0,0.0,0.0,0.0,0.0,0.0,0.0,0.0,0.0,2.487562189054726,7.462686567164179,2.487562189054726,57.21393034825871,34.82587064676617,9.950248756218905,129.35323383084577,0.5941644562334217,4.259946949602122,0.0,0.0,7.462686567164179,7.462686567164179,32.33830845771144,2.487562189054726,14.925373134328359,22.388059701492537,2.487562189054726,4.975124378109452,2.487562189054726,32.33830845771144,4.975124378109452,0.0,57.21393034825871,2.487562189054726,4.975124378109452,0.0,9.950248756218905,2.487562189054726,9.950248756218905,0.0,9.950248756218905
SL3R,32.33830845771144,12.437810945273633,94.5273631840796,4.975124378109452,4.975124378109452,47.2636815920398,32.33830845771144,14.925373134328359,27.36318407960199,17.412935323383085,9.950248756218905,14.925373134328359,22.388059701492537,2.487562189054726,2.487562189054726,184.07960199004975,0.0,0.0,52.23880597014925,2.487562189054726,2.487562189054726,0.0,0.0,19.90049751243781,2.487562189054726,0.0,0.0,0.0,2.487562189054726,0.0,7.462686567164179,0.0,0.0,0.0,2.487562189054726,0.0,4.975124378109452,2.487562189054726,77.11442786069651,27.36318407960199,14.925373134328359,101.99004975124377,0.5585106382978723,4.172872340425532,2.487562189054726,0.0,7.462686567164179,4.975124378109452,19.90049751243781,2.487562189054726,12.437810945273633,9.950248756218905,4.975124378109452,4.975124378109452,4.975124378109452,34.82587064676617,0.0,0.0,64.67661691542288,0.0,2.487562189054726,4.975124378109452,12.437810945273633,4.975124378109452,19.90049751243781,0.0,22.388059701492537
SLDD,53.65853658536585,9.75609756097561,60.97560975609756,2.4390243902439024,4.878048780487805,92.6829268292683,21.95121951219512,9.75609756097561,31.70731707317073,14.634146341463415,4.878048780487805,9.75609756097561,9.75609756097561,2.4390243902439024,2.4390243902439024,165.85365853658539,0.0,0.0,39.02439024390244,0.0,0.0,0.0,2.4390243902439024,12.195121951219512,0.0,0.0,0.0,2.4390243902439024,0.0,0.0,0.0,0.0,0.0,0.0,0.0,0.0,4.878048780487805,2.4390243902439024,75.60975609756098,31.70731707317073,12.195121951219512,87.80487804878048,0.5656565656565656,4.0732323232323235,2.4390243902439024,2.4390243902439024,4.878048780487805,4.878048780487805,21.95121951219512,4.878048780487805,17.073170731707318,14.634146341463415,2.4390243902439024,2.4390243902439024,0.0,29.26829268292683,4.878048780487805,0.0,31.70731707317073,0.0,2.4390243902439024,0.0,4.878048780487805,7.317073170731708,19.51219512195122,0.0,4.878048780487805
SLRY,37.03703703703704,4.938271604938271,54.32098765432099,2.4691358024691357,4.938271604938271,61.72839506172839,27.160493827160494,9.876543209876543,22.22222222222222,9.876543209876543,4.938271604938271,12.345679012345679,12.345679012345679,7.407407407407407,0.0,204.93827160493828,0.0,0.0,34.5679012345679,2.4691358024691357,0.0,0.0,2.4691358024691357,12.345679012345679,2.4691358024691357,0.0,0.0,0.0,0.0,2.4691358024691357,0.0,0.0,0.0,0.0,0.0,0.0,2.4691358024691357,2.4691358024691357,91.35802469135803,54.32098765432099,12.345679012345679,86.41975308641975,0.5429292929292929,4.3232323232323235,0.0,0.0,9.876543209876543,7.407407407407407,9.876543209876543,0.0,12.345679012345679,22.22222222222222,2.4691358024691357,9.876543209876543,2.4691358024691357,32.098765432098766,0.0,0.0,17.28395061728395,0.0,0.0,0.0,7.407407407407407,9.876543209876543,12.345679012345679,0.0,0.0
SM6Y,12.195121951219512,4.878048780487805,102.4390243902439,9.75609756097561,0.0,48.78048780487805,21.95121951219512,39.02439024390244,21.95121951219512,19.51219512195122,2.4390243902439024,7.317073170731708,21.95121951219512,4.878048780487805,0.0,178.04878048780486,9.75609756097561,0.0,48.78048780487805,7.317073170731708,0.0,0.0,4.878048780487805,21.95121951219512,0.0,0.0,4.878048780487805,0.0,0.0,0.0,0.0,0.0,0.0,4.878048780487805,0.0,0.0,7.317073170731708,4.878048780487805,58.53658536585366,12.195121951219512,21.95121951219512,75.60975609756098,0.48753462603878117,3.8947368421052633,0.0,2.4390243902439024,4.878048780487805,2.4390243902439024,4.878048780487805,4.878048780487805,2.4390243902439024,19.51219512195122,2.4390243902439024,14.634146341463415,0.0,26.829268292682926,2.4390243902439024,0.0,58.53658536585366,0.0,2.4390243902439024,0.0,9.75609756097561,2.4390243902439024,9.75609756097561,0.0,0.0
SMHY,14.634146341463415,17.073170731707318,68.29268292682927,7.317073170731708,9.75609756097561,75.60975609756098,7.317073170731708,7.317073170731708,31.70731707317073,7.317073170731708,9.75609756097561,4.878048780487805,14.634146341463415,2.4390243902439024,0.0,163.41463414634146,2.4390243902439024,0.0,34.146341463414636,0.0,0.0,0.0,0.0,9.75609756097561,0.0,0.0,0.0,0.0,0.0,0.0,2.4390243902439024,0.0,0.0,0.0,0.0,0.0,7.317073170731708,9.75609756097561,85.3658536585366,26.829268292682926,17.073170731707318,124.39024390243902,0.539440203562341,4.071246819338422,2.4390243902439024,2.4390243902439024,7.317073170731708,7.317073170731708,9.75609756097561,0.0,14.634146341463415,24.390243902439025,4.878048780487805,4.878048780487805,2.4390243902439024,26.829268292682926,2.4390243902439024,0.0,41.463414634146346,0.0,2.4390243902439024,0.0,4.878048780487805,2.4390243902439024,26.829268292682926,0.0,14.634146341463415
SMK7,19.32367149758454,2.4154589371980677,84.54106280193237,0.0,0.0,84.54106280193237,12.077294685990339,7.246376811594203,21.73913043478261,4.830917874396135,2.4154589371980677,0.0,2.4154589371980677,4.830917874396135,2.4154589371980677,243.96135265700482,2.4154589371980677,0.0,26.570048309178745,0.0,2.4154589371980677,0.0,0.0,21.73913043478261,2.4154589371980677,0.0,0.0,0.0,2.4154589371980677,0.0,0.0,0.0,0.0,2.4154589371980677,0.0,2.4154589371980677,4.830917874396135,9.66183574879227,67.6328502415459,31.40096618357488,7.246376811594203,65.21739130434783,0.5473684210526316,4.121052631578947,2.4154589371980677,0.0,4.830917874396135,9.66183574879227,9.66183574879227,0.0,7.246376811594203,7.246376811594203,4.830917874396135,0.0,2.4154589371980677,38.64734299516908,2.4154589371980677,2.4154589371980677,26.570048309178745,0.0,0.0,0.0,2.4154589371980677,2.4154589371980677,19.32367149758454,0.0,7.246376811594203
SMVW,14.778325123152708,12.315270935960593,56.65024630541872,4.926108374384237,2.4630541871921183,68.9655172413793,14.778325123152708,22.167487684729064,29.556650246305416,4.926108374384237,7.389162561576354,2.4630541871921183,12.315270935960593,9.852216748768473,7.389162561576354,194.58128078817734,2.4630541871921183,0.0,27.093596059113302,2.4630541871921183,0.0,0.0,2.4630541871921183,14.778325123152708,0.0,0.0,0.0,0.0,0.0,0.0,0.0,0.0,0.0,0.0,0.0,0.0,4.926108374384237,4.926108374384237,81.2807881773399,41.87192118226601,7.389162561576354,93.59605911330048,0.538860103626943,4.33419689119171,2.4630541871921183,2.4630541871921183,9.852216748768473,0.0,12.315270935960593,0.0,7.389162561576354,24.630541871921185,4.926108374384237,9.852216748768473,7.389162561576354,27.093596059113302,4.926108374384237,0.0,34.48275862068965,0.0,2.4630541871921183,0.0,0.0,12.315270935960593,9.852216748768473,0.0,9.852216748768473
SN26,4.878048780487805,12.195121951219512,112.19512195121952,4.878048780487805,2.4390243902439024,39.02439024390244,14.634146341463415,4.878048780487805,39.02439024390244,14.634146341463415,4.878048780487805,4.878048780487805,14.634146341463415,21.95121951219512,7.317073170731708,200.0,2.4390243902439024,0.0,48.78048780487805,2.4390243902439024,0.0,0.0,0.0,9.75609756097561,0.0,0.0,0.0,0.0,0.0,0.0,0.0,0.0,0.0,0.0,0.0,0.0,9.75609756097561,2.4390243902439024,80.48780487804878,58.53658536585366,9.75609756097561,95.1219512195122,0.6068601583113457,4.715039577836412,2.4390243902439024,4.878048780487805,2.4390243902439024,0.0,19.51219512195122,4.878048780487805,4.878048780487805,12.195121951219512,0.0,0.0,4.878048780487805,12.195121951219512,4.878048780487805,0.0,68.29268292682927,2.4390243902439024,0.0,0.0,2.4390243902439024,9.75609756097561,21.95121951219512,0.0,21.95121951219512
SN27,14.634146341463415,24.390243902439025,119.51219512195121,4.878048780487805,12.195121951219512,56.09756097560976,24.390243902439025,0.0,53.65853658536585,2.4390243902439024,2.4390243902439024,2.4390243902439024,14.634146341463415,29.26829268292683,0.0,158.53658536585365,9.75609756097561,0.0,41.463414634146346,2.4390243902439024,0.0,0.0,4.878048780487805,17.073170731707318,7.317073170731708,0.0,0.0,2.4390243902439024,0.0,0.0,0.0,0.0,2.4390243902439024,0.0,2.4390243902439024,0.0,2.4390243902439024,12.195121951219512,51.21951219512195,41.463414634146346,17.073170731707318,107.3170731707317,0.6099476439790575,4.486910994764398,0.0,0.0,4.878048780487805,2.4390243902439024,17.073170731707318,2.4390243902439024,12.195121951219512,7.317073170731708,0.0,4.878048780487805,2.4390243902439024,46.34146341463415,4.878048780487805,2.4390243902439024,60.97560975609756,0.0,0.0,0.0,2.4390243902439024,2.4390243902439024,31.70731707317073,0.0,4.878048780487805
SN33,24.509803921568626,9.803921568627452,71.07843137254902,9.803921568627452,2.450980392156863,26.96078431372549,53.92156862745098,19.607843137254903,12.254901960784313,14.705882352941176,7.352941176470588,4.901960784313726,12.254901960784313,7.352941176470588,2.450980392156863,213.23529411764704,2.450980392156863,0.0,46.568627450980394,4.901960784313726,0.0,0.0,7.352941176470588,12.254901960784313,2.450980392156863,0.0,0.0,2.450980392156863,0.0,0.0,0.0,0.0,0.0,0.0,0.0,0.0,4.901960784313726,0.0,85.7843137254902,26.96078431372549,17.156862745098042,68.62745098039217,0.5710594315245479,4.560723514211887,0.0,2.450980392156863,0.0,2.450980392156863,9.803921568627452,4.901960784313726,7.352941176470588,22.058823529411764,2.450980392156863,2.450980392156863,0.0,22.058823529411764,2.450980392156863,0.0,39.21568627450981,0.0,0.0,0.0,2.450980392156863,2.450980392156863,22.058823529411764,0.0,9.803921568627452
SN3D,12.468827930174564,4.987531172069826,94.76309226932668,0.0,0.0,44.88778054862843,17.456359102244388,17.456359102244388,32.418952618453865,4.987531172069826,4.987531172069826,4.987531172069826,22.443890274314214,17.456359102244388,9.975062344139651,219.45137157107231,4.987531172069826,0.0,54.86284289276808,2.493765586034913,4.987531172069826,0.0,0.0,22.443890274314214,4.987531172069826,0.0,0.0,0.0,0.0,0.0,2.493765586034913,0.0,2.493765586034913,0.0,0.0,0.0,4.987531172069826,7.481296758104738,87.28179551122194,49.87531172069826,17.456359102244388,67.33167082294264,0.5537190082644629,4.192837465564739,4.987531172069826,0.0,2.493765586034913,2.493765586034913,9.975062344139651,0.0,2.493765586034913,12.468827930174564,0.0,2.493765586034913,2.493765586034913,19.950124688279303,4.987531172069826,0.0,47.38154613466334,0.0,4.987531172069826,0.0,2.493765586034913,7.481296758104738,12.468827930174564,0.0,2.493765586034913
SNAC,27.22772277227723,9.900990099009901,91.58415841584159,2.4752475247524752,2.4752475247524752,64.35643564356435,9.900990099009901,4.9504950495049505,42.07920792079208,12.376237623762377,0.0,4.9504950495049505,22.277227722772277,2.4752475247524752,4.9504950495049505,188.11881188118812,2.4752475247524752,0.0,42.07920792079208,4.9504950495049505,0.0,0.0,0.0,19.801980198019802,2.4752475247524752,0.0,0.0,0.0,0.0,0.0,4.9504950495049505,0.0,2.4752475247524752,2.4752475247524752,2.4752475247524752,4.9504950495049505,4.9504950495049505,4.9504950495049505,66.83168316831683,37.12871287128713,7.425742574257425,106.43564356435644,0.6108108108108108,4.218918918918919,0.0,2.4752475247524752,2.4752475247524752,2.4752475247524752,22.277227722772277,0.0,4.9504950495049505,7.425742574257425,0.0,2.4752475247524752,4.9504950495049505,19.801980198019802,4.9504950495049505,0.0,51.980198019801975,2.4752475247524752,4.9504950495049505,0.0,4.9504950495049505,2.4752475247524752,19.801980198019802,0.0,14.85148514851485
SNCL,17.456359102244388,2.493765586034913,77.3067331670823,4.987531172069826,7.481296758104738,69.82543640897755,12.468827930174564,2.493765586034913,27.43142144638404,14.962593516209475,0.0,2.493765586034913,7.481296758104738,7.481296758104738,7.481296758104738,179.5511221945137,2.493765586034913,0.0,44.88778054862843,0.0,0.0,0.0,2.493765586034913,14.962593516209475,4.987531172069826,0.0,0.0,0.0,0.0,0.0,0.0,0.0,0.0,2.493765586034913,0.0,0.0,7.481296758104738,7.481296758104738,77.3067331670823,42.394014962593516,9.975062344139651,107.23192019950125,0.5744125326370757,4.107049608355092,0.0,4.987531172069826,7.481296758104738,2.493765586034913,22.443890274314214,2.493765586034913,7.481296758104738,24.93765586034913,2.493765586034913,4.987531172069826,4.987531172069826,19.950124688279303,2.493765586034913,0.0,42.394014962593516,0.0,0.0,0.0,2.493765586034913,2.493765586034913,12.468827930174564,0.0,9.975062344139651
SNLY,9.975062344139651,14.962593516209475,102.24438902743142,2.493765586034913,12.468827930174564,62.34413965087282,29.92518703241895,7.481296758104738,34.912718204488776,12.468827930174564,7.481296758104738,7.481296758104738,19.950124688279303,9.975062344139651,2.493765586034913,149.62593516209478,4.987531172069826,2.493765586034913,39.900249376558605,0.0,0.0,0.0,2.493765586034913,17.456359102244388,4.987531172069826,0.0,0.0,0.0,0.0,0.0,2.493765586034913,0.0,2.493765586034913,0.0,0.0,0.0,0.0,2.493765586034913,74.81296758104739,22.443890274314214,7.481296758104738,142.14463840399003,0.5145118733509235,4.087071240105541,2.493765586034913,2.493765586034913,2.493765586034913,14.962593516209475,32.418952618453865,0.0,4.987531172069826,12.468827930174564,2.493765586034913,4.987531172069826,0.0,29.92518703241895,4.987531172069826,0.0,54.86284289276808,0.0,2.493765586034913,0.0,2.493765586034913,2.493765586034913,17.456359102244388,2.493765586034913,9.975062344139651
SNNJ,7.281553398058253,16.990291262135923,104.36893203883494,2.4271844660194173,4.854368932038835,36.40776699029126,33.980582524271846,12.135922330097086,21.844660194174757,9.70873786407767,4.854368932038835,0.0,29.12621359223301,7.281553398058253,7.281553398058253,184.46601941747574,0.0,0.0,48.543689320388346,2.4271844660194173,0.0,0.0,7.281553398058253,14.563106796116505,2.4271844660194173,0.0,2.4271844660194173,0.0,2.4271844660194173,0.0,0.0,0.0,0.0,0.0,0.0,0.0,4.854368932038835,4.854368932038835,82.5242718446602,46.116504854368934,9.70873786407767,121.35922330097088,0.5788043478260869,4.369565217391305,2.4271844660194173,0.0,0.0,4.854368932038835,26.699029126213592,2.4271844660194173,2.4271844660194173,7.281553398058253,2.4271844660194173,2.4271844660194173,0.0,31.553398058252426,4.854368932038835,0.0,70.3883495145631,7.281553398058253,2.4271844660194173,0.0,2.4271844660194173,14.563106796116505,14.563106796116505,0.0,14.563106796116505
SNPP,19.093078758949883,2.3866348448687353,78.75894988066825,2.3866348448687353,0.0,21.479713603818613,0.0,28.639618138424822,28.639618138424822,21.479713603818613,2.3866348448687353,7.159904534606206,19.093078758949883,11.933174224343675,0.0,238.6634844868735,2.3866348448687353,0.0,42.959427207637226,0.0,4.773269689737471,0.0,0.0,28.639618138424822,0.0,0.0,0.0,2.3866348448687353,0.0,0.0,4.773269689737471,0.0,0.0,0.0,0.0,0.0,0.0,11.933174224343675,105.01193317422434,52.50596658711217,4.773269689737471,62.05250596658711,0.4713216957605985,4.458852867830424,4.773269689737471,0.0,4.773269689737471,2.3866348448687353,9.546539379474941,2.3866348448687353,4.773269689737471,7.159904534606206,0.0,4.773269689737471,0.0,16.706443914081145,0.0,7.159904534606206,31.026252983293556,0.0,0.0,0.0,2.3866348448687353,14.319809069212411,14.319809069212411,0.0,7.159904534606206
SNYG,26.89486552567237,4.88997555012225,107.57946210268948,2.444987775061125,7.334963325183374,48.8997555012225,17.114914425427873,26.89486552567237,34.229828850855746,9.7799511002445,12.224938875305625,4.88997555012225,14.669926650366747,14.669926650366747,9.7799511002445,163.81418092909536,4.88997555012225,0.0,51.344743276283616,0.0,0.0,0.0,2.444987775061125,14.669926650366747,0.0,0.0,0.0,2.444987775061125,0.0,0.0,0.0,0.0,0.0,0.0,0.0,0.0,7.334963325183374,9.7799511002445,92.90953545232274,39.119804400978,7.334963325183374,129.5843520782396,0.5394736842105263,4.2894736842105265,0.0,4.88997555012225,2.444987775061125,2.444987775061125,22.004889975550125,0.0,2.444987775061125,4.88997555012225,0.0,0.0,4.88997555012225,29.339853300733495,7.334963325183374,0.0,61.12469437652811,2.444987775061125,0.0,0.0,7.334963325183374,7.334963325183374,12.224938875305625,0.0,22.004889975550125
SP5U,39.900249376558605,2.493765586034913,99.75062344139651,2.493765586034913,12.468827930174564,87.28179551122194,12.468827930174564,19.950124688279303,29.92518703241895,12.468827930174564,9.975062344139651,17.456359102244388,17.456359102244388,2.493765586034913,4.987531172069826,149.62593516209478,7.481296758104738,0.0,39.900249376558605,0.0,0.0,0.0,2.493765586034913,4.987531172069826,4.987531172069826,0.0,2.493765586034913,0.0,0.0,0.0,2.493765586034913,0.0,2.493765586034913,0.0,0.0,0.0,7.481296758104738,9.975062344139651,97.25685785536159,14.962593516209475,14.962593516209475,104.73815461346634,0.5819672131147541,4.032786885245901,0.0,2.493765586034913,2.493765586034913,0.0,22.443890274314214,4.987531172069826,7.481296758104738,12.468827930174564,4.987531172069826,2.493765586034913,7.481296758104738,39.900249376558605,4.987531172069826,0.0,82.29426433915212,0.0,4.987531172069826,0.0,0.0,2.493765586034913,12.468827930174564,0.0,29.92518703241895
SPC3,29.92518703241895,12.468827930174564,97.25685785536159,7.481296758104738,4.987531172069826,32.418952618453865,17.456359102244388,32.418952618453865,24.93765586034913,17.456359102244388,9.975062344139651,0.0,17.456359102244388,14.962593516209475,4.987531172069826,157.10723192019952,0.0,0.0,52.36907730673317,4.987531172069826,0.0,0.0,0.0,32.418952618453865,0.0,0.0,0.0,4.987531172069826,4.987531172069826,0.0,2.493765586034913,0.0,0.0,0.0,0.0,0.0,7.481296758104738,4.987531172069826,54.86284289276808,47.38154613466334,22.443890274314214,87.28179551122194,0.6117021276595744,4.460106382978723,0.0,0.0,0.0,4.987531172069826,17.456359102244388,0.0,4.987531172069826,4.987531172069826,0.0,2.493765586034913,4.987531172069826,42.394014962593516,9.975062344139651,4.987531172069826,54.86284289276808,0.0,0.0,0.0,2.493765586034913,4.987531172069826,24.93765586034913,2.493765586034913,2.493765586034913
SPVY,9.70873786407767,4.854368932038835,97.08737864077669,0.0,2.4271844660194173,46.116504854368934,29.12621359223301,12.135922330097086,21.844660194174757,7.281553398058253,7.281553398058253,2.4271844660194173,16.990291262135923,41.2621359223301,0.0,177.18446601941747,2.4271844660194173,0.0,41.2621359223301,7.281553398058253,2.4271844660194173,0.0,4.854368932038835,14.563106796116505,2.4271844660194173,0.0,0.0,0.0,2.4271844660194173,0.0,0.0,0.0,0.0,0.0,0.0,2.4271844660194173,14.563106796116505,2.4271844660194173,104.36893203883494,55.8252427184466,7.281553398058253,111.6504854368932,0.5569620253164557,4.718987341772152,2.4271844660194173,0.0,7.281553398058253,2.4271844660194173,14.563106796116505,0.0,4.854368932038835,7.281553398058253,0.0,7.281553398058253,0.0,26.699029126213592,9.70873786407767,0.0,41.2621359223301,0.0,0.0,2.4271844660194173,7.281553398058253,9.70873786407767,12.135922330097086,0.0,2.4271844660194173
SQ2L,65.85365853658537,9.75609756097561,48.78048780487805,0.0,7.317073170731708,60.97560975609756,19.51219512195122,34.146341463414636,19.51219512195122,24.390243902439025,9.75609756097561,4.878048780487805,12.195121951219512,0.0,4.878048780487805,209.7560975609756,0.0,2.4390243902439024,29.26829268292683,2.4390243902439024,0.0,0.0,2.4390243902439024,7.317073170731708,7.317073170731708,0.0,0.0,0.0,4.878048780487805,0.0,0.0,0.0,0.0,0.0,2.4390243902439024,2.4390243902439024,2.4390243902439024,2.4390243902439024,75.60975609756098,41.463414634146346,9.75609756097561,92.6829268292683,0.537467700258398,4.188630490956072,0.0,0.0,4.878048780487805,2.4390243902439024,19.51219512195122,4.878048780487805,17.073170731707318,4.878048780487805,2.4390243902439024,0.0,4.878048780487805,43.90243902439024,2.4390243902439024,2.4390243902439024,36.58536585365854,2.4390243902439024,0.0,0.0,9.75609756097561,0.0,9.75609756097561,0.0,17.073170731707318
SQ37,37.03703703703704,0.0,79.01234567901234,2.4691358024691357,2.4691358024691357,27.160493827160494,4.938271604938271,27.160493827160494,32.098765432098766,9.876543209876543,4.938271604938271,0.0,24.691358024691358,12.345679012345679,2.4691358024691357,165.4320987654321,7.407407407407407,0.0,44.44444444444444,2.4691358024691357,4.938271604938271,0.0,4.938271604938271,12.345679012345679,0.0,0.0,2.4691358024691357,0.0,0.0,0.0,2.4691358024691357,0.0,0.0,2.4691358024691357,0.0,0.0,0.0,9.876543209876543,93.82716049382717,66.66666666666667,9.876543209876543,98.76543209876543,0.5943152454780362,4.715762273901809,4.938271604938271,0.0,0.0,4.938271604938271,19.753086419753085,7.407407407407407,2.4691358024691357,2.4691358024691357,0.0,7.407407407407407,12.345679012345679,17.28395061728395,0.0,4.938271604938271,37.03703703703704,0.0,7.407407407407407,0.0,7.407407407407407,4.938271604938271,19.753086419753085,0.0,4.938271604938271
SQ63,49.87531172069826,17.456359102244388,77.3067331670823,7.481296758104738,2.493765586034913,64.83790523690773,27.43142144638404,2.493765586034913,27.43142144638404,4.987531172069826,4.987531172069826,0.0,14.962593516209475,14.962593516209475,0.0,167.08229426433914,4.987531172069826,0.0,59.8503740648379,0.0,0.0,0.0,4.987531172069826,12.468827930174564,2.493765586034913,0.0,2.493765586034913,0.0,4.987531172069826,0.0,0.0,0.0,0.0,0.0,0.0,2.493765586034913,0.0,2.493765586034913,89.77556109725685,39.900249376558605,19.950124688279303,104.73815461346634,0.5572916666666666,4.567708333333333,0.0,0.0,0.0,2.493765586034913,22.443890274314214,2.493765586034913,9.975062344139651,4.987531172069826,2.493765586034913,2.493765586034913,7.481296758104738,29.92518703241895,2.493765586034913,0.0,42.394014962593516,2.493765586034913,0.0,0.0,4.987531172069826,14.962593516209475,14.962593516209475,0.0,7.481296758104738
SQ6T,14.778325123152708,4.926108374384237,64.03940886699507,2.4630541871921183,4.926108374384237,36.94581280788178,17.241379310344826,19.704433497536947,22.167487684729064,2.4630541871921183,7.389162561576354,2.4630541871921183,4.926108374384237,7.389162561576354,7.389162561576354,197.04433497536948,2.4630541871921183,0.0,39.40886699507389,2.4630541871921183,2.4630541871921183,0.0,0.0,7.389162561576354,7.389162561576354,0.0,0.0,0.0,0.0,0.0,0.0,0.0,0.0,0.0,0.0,0.0,7.389162561576354,7.389162561576354,83.74384236453201,44.33497536945813,17.241379310344826,91.13300492610837,0.5806451612903226,4.483870967741935,0.0,0.0,4.926108374384237,0.0,17.241379310344826,0.0,12.315270935960593,22.167487684729064,4.926108374384237,14.778325123152708,7.389162561576354,17.241379310344826,4.926108374384237,0.0,51.724137931034484,0.0,0.0,0.0,14.778325123152708,4.926108374384237,22.167487684729064,0.0,14.778325123152708
SQ6Z,24.752475247524753,9.900990099009901,86.63366336633663,0.0,4.9504950495049505,76.73267326732673,19.801980198019802,12.376237623762377,24.752475247524753,12.376237623762377,2.4752475247524752,2.4752475247524752,7.425742574257425,2.4752475247524752,4.9504950495049505,185.64356435643563,0.0,0.0,47.02970297029703,4.9504950495049505,0.0,0.0,4.9504950495049505,14.85148514851485,4.9504950495049505,0.0,0.0,2.4752475247524752,0.0,0.0,0.0,0.0,0.0,0.0,0.0,4.9504950495049505,2.4752475247524752,9.900990099009901,71.78217821782178,34.65346534653466,7.425742574257425,99.00990099009901,0.5943152454780362,4.178294573643411,0.0,2.4752475247524752,2.4752475247524752,4.9504950495049505,29.7029702970297,0.0,7.425742574257425,7.425742574257425,4.9504950495049505,4.9504950495049505,2.4752475247524752,39.603960396039604,4.9504950495049505,2.4752475247524752,39.603960396039604,4.9504950495049505,2.4752475247524752,2.4752475247524752,12.376237623762377,2.4752475247524752,9.900990099009901,0.0,2.4752475247524752
SQE6,89.37198067632849,4.830917874396135,38.64734299516908,2.4154589371980677,4.830917874396135,74.8792270531401,21.73913043478261,2.4154589371980677,31.40096618357488,9.66183574879227,4.830917874396135,2.4154589371980677,21.73913043478261,4.830917874396135,0.0,212.56038647342996,0.0,0.0,45.893719806763286,0.0,2.4154589371980677,0.0,0.0,9.66183574879227,2.4154589371980677,0.0,0.0,0.0,4.830917874396135,0.0,0.0,0.0,2.4154589371980677,0.0,0.0,0.0,2.4154589371980677,9.66183574879227,96.61835748792271,28.985507246376812,9.66183574879227,70.04830917874396,0.5475578406169666,3.910025706940874,4.830917874396135,2.4154589371980677,0.0,0.0,12.077294685990339,2.4154589371980677,12.077294685990339,2.4154589371980677,2.4154589371980677,2.4154589371980677,4.830917874396135,21.73913043478261,2.4154589371980677,2.4154589371980677,21.73913043478261,0.0,0.0,0.0,2.4154589371980677,0.0,21.73913043478261,4.830917874396135,7.246376811594203
SQEF,24.44987775061125,7.334963325183374,95.35452322738386,4.88997555012225,2.444987775061125,75.79462102689487,26.89486552567237,4.88997555012225,46.45476772616137,2.444987775061125,7.334963325183374,4.88997555012225,31.78484107579462,4.88997555012225,4.88997555012225,136.91931540342298,2.444987775061125,0.0,39.119804400978,7.334963325183374,0.0,0.0,9.7799511002445,19.559902200489,2.444987775061125,0.0,0.0,0.0,0.0,0.0,0.0,0.0,0.0,0.0,0.0,2.444987775061125,2.444987775061125,12.224938875305625,78.239608801956,34.229828850855746,14.669926650366747,117.35941320293398,0.5424164524421594,4.239074550128534,0.0,0.0,0.0,2.444987775061125,19.559902200489,0.0,9.7799511002445,12.224938875305625,4.88997555012225,2.444987775061125,2.444987775061125,41.56479217603912,0.0,0.0,48.8997555012225,2.444987775061125,0.0,2.444987775061125,7.334963325183374,9.7799511002445,12.224938875305625,2.444987775061125,14.669926650366747
SQRA,14.634146341463415,24.390243902439025,100.0,0.0,4.878048780487805,65.85365853658537,34.146341463414636,2.4390243902439024,36.58536585365854,9.75609756097561,7.317073170731708,7.317073170731708,14.634146341463415,2.4390243902439024,2.4390243902439024,151.21951219512195,7.317073170731708,0.0,36.58536585365854,0.0,0.0,0.0,2.4390243902439024,24.390243902439025,0.0,0.0,2.4390243902439024,0.0,4.878048780487805,0.0,0.0,0.0,0.0,0.0,0.0,0.0,2.4390243902439024,4.878048780487805,82.92682926829269,36.58536585365854,7.317073170731708,112.19512195121952,0.5257731958762887,4.275773195876289,0.0,0.0,0.0,7.317073170731708,39.02439024390244,2.4390243902439024,4.878048780487805,4.878048780487805,7.317073170731708,4.878048780487805,2.4390243902439024,31.70731707317073,2.4390243902439024,0.0,51.21951219512195,0.0,0.0,0.0,12.195121951219512,2.4390243902439024,14.634146341463415,0.0,2.4390243902439024
SQU6,4.987531172069826,9.975062344139651,79.80049875311721,2.493765586034913,7.481296758104738,77.3067331670823,14.962593516209475,7.481296758104738,17.456359102244388,14.962593516209475,7.481296758104738,12.468827930174564,9.975062344139651,2.493765586034913,4.987531172069826,204.48877805486285,2.493765586034913,0.0,19.950124688279303,0.0,0.0,0.0,0.0,37.406483790523694,2.493765586034913,0.0,0.0,0.0,0.0,2.493765586034913,0.0,0.0,0.0,0.0,0.0,0.0,9.975062344139651,7.481296758104738,69.82543640897755,9.975062344139651,9.975062344139651,72.31920199501248,0.5416666666666666,3.8472222222222223,4.987531172069826,0.0,12.468827930174564,4.987531172069826,9.975062344139651,0.0,17.456359102244388,17.456359102244388,0.0,14.962593516209475,2.493765586034913,27.43142144638404,2.493765586034913,0.0,49.87531172069826,2.493765586034913,0.0,0.0,0.0,0.0,19.950124688279303,2.493765586034913,9.975062344139651
SQX2,46.45476772616137,17.114914425427873,70.90464547677261,4.88997555012225,9.7799511002445,51.344743276283616,22.004889975550125,14.669926650366747,22.004889975550125,9.7799511002445,14.669926650366747,2.444987775061125,9.7799511002445,4.88997555012225,4.88997555012225,193.15403422982885,0.0,0.0,44.00977995110025,0.0,0.0,0.0,0.0,12.224938875305625,4.88997555012225,0.0,0.0,0.0,2.444987775061125,0.0,0.0,0.0,2.444987775061125,0.0,0.0,2.444987775061125,0.0,4.88997555012225,75.79462102689487,44.00977995110025,12.224938875305625,90.46454767726162,0.6103896103896104,4.5168831168831165,2.444987775061125,0.0,0.0,7.334963325183374,22.004889975550125,2.444987775061125,22.004889975550125,9.7799511002445,0.0,4.88997555012225,2.444987775061125,26.89486552567237,4.88997555012225,0.0,39.119804400978,0.0,0.0,0.0,2.444987775061125,7.334963325183374,12.224938875305625,0.0,7.334963325183374
SRDJ,4.975124378109452,9.950248756218905,109.45273631840796,2.487562189054726,9.950248756218905,62.18905472636816,19.90049751243781,7.462686567164179,39.80099502487562,12.437810945273633,4.975124378109452,0.0,12.437810945273633,7.462686567164179,4.975124378109452,149.25373134328356,2.487562189054726,0.0,59.701492537313435,0.0,4.975124378109452,0.0,2.487562189054726,14.925373134328359,2.487562189054726,0.0,0.0,2.487562189054726,0.0,0.0,0.0,0.0,2.487562189054726,0.0,0.0,2.487562189054726,4.975124378109452,9.950248756218905,72.13930348258707,32.33830845771144,7.462686567164179,119.40298507462687,0.5292553191489362,4.305851063829787,0.0,4.975124378109452,4.975124378109452,2.487562189054726,32.33830845771144,2.487562189054726,2.487562189054726,14.925373134328359,0.0,2.487562189054726,7.462686567164179,42.28855721393035,2.487562189054726,0.0,62.18905472636816,2.487562189054726,0.0,0.0,0.0,0.0,24.875621890547265,0.0,22.388059701492537
SRF6,26.31578947368421,7.177033492822967,100.47846889952153,2.3923444976076556,0.0,66.98564593301435,40.66985645933014,21.5311004784689,26.31578947368421,16.74641148325359,7.177033492822967,0.0,31.10047846889952,4.784688995215311,2.3923444976076556,102.87081339712918,2.3923444976076556,0.0,52.63157894736842,2.3923444976076556,0.0,0.0,4.784688995215311,4.784688995215311,0.0,0.0,0.0,2.3923444976076556,4.784688995215311,2.3923444976076556,2.3923444976076556,0.0,0.0,0.0,2.3923444976076556,0.0,0.0,2.3923444976076556,45.45454545454545,40.66985645933014,11.961722488038278,138.755980861244,0.5465994962216625,4.241813602015113,0.0,0.0,9.569377990430622,4.784688995215311,31.10047846889952,2.3923444976076556,31.10047846889952,28.70813397129187,0.0,2.3923444976076556,4.784688995215311,38.27751196172249,4.784688995215311,0.0,50.239234449760765,0.0,0.0,0.0,2.3923444976076556,14.354066985645934,28.70813397129187,0.0,9.569377990430622
SRHV,17.32673267326733,4.9504950495049505,108.91089108910892,2.4752475247524752,0.0,59.4059405940594,9.900990099009901,22.277227722772277,27.22772277227723,9.900990099009901,7.425742574257425,4.9504950495049505,12.376237623762377,4.9504950495049505,0.0,205.44554455445544,12.376237623762377,0.0,44.554455445544555,2.4752475247524752,0.0,0.0,4.9504950495049505,12.376237623762377,2.4752475247524752,0.0,0.0,2.4752475247524752,0.0,0.0,0.0,0.0,0.0,0.0,4.9504950495049505,2.4752475247524752,0.0,14.85148514851485,84.15841584158416,22.277227722772277,7.425742574257425,101.48514851485149,0.6042780748663101,4.363636363636363,0.0,2.4752475247524752,7.425742574257425,4.9504950495049505,19.801980198019802,0.0,4.9504950495049505,4.9504950495049505,2.4752475247524752,0.0,2.4752475247524752,34.65346534653466,4.9504950495049505,2.4752475247524752,56.93069306930693,0.0,2.4752475247524752,0.0,7.425742574257425,9.900990099009901,27.22772277227723,0.0,2.4752475247524752
SRNT,7.462686567164179,17.412935323383085,97.01492537313433,2.487562189054726,7.462686567164179,39.80099502487562,14.925373134328359,24.875621890547265,32.33830845771144,12.437810945273633,0.0,4.975124378109452,14.925373134328359,19.90049751243781,4.975124378109452,169.1542288557214,12.437810945273633,0.0,49.75124378109453,0.0,0.0,0.0,2.487562189054726,22.388059701492537,0.0,0.0,0.0,0.0,0.0,0.0,2.487562189054726,0.0,0.0,0.0,0.0,0.0,9.950248756218905,4.975124378109452,82.08955223880596,59.701492537313435,14.925373134328359,87.06467661691543,0.5947368421052631,4.586842105263158,4.975124378109452,0.0,0.0,2.487562189054726,24.875621890547265,0.0,4.975124378109452,7.462686567164179,0.0,7.462686567164179,2.487562189054726,37.31343283582089,9.950248756218905,4.975124378109452,54.72636815920398,2.487562189054726,0.0,0.0,2.487562189054726,14.925373134328359,14.925373134328359,0.0,12.437810945273633
SRU7,9.411764705882351,0.0,75.29411764705881,0.0,0.0,42.35294117647059,14.11764705882353,7.058823529411765,14.11764705882353,14.11764705882353,4.705882352941176,0.0,18.823529411764703,21.176470588235293,9.411764705882351,209.41176470588235,0.0,0.0,40.0,0.0,0.0,0.0,0.0,11.76470588235294,0.0,0.0,2.352941176470588,0.0,2.352941176470588,2.352941176470588,0.0,0.0,0.0,4.705882352941176,2.352941176470588,0.0,2.352941176470588,9.411764705882351,101.1764705882353,49.41176470588235,7.058823529411765,101.1764705882353,0.5621890547263682,4.621890547263682,0.0,0.0,0.0,0.0,16.47058823529412,2.352941176470588,11.76470588235294,23.52941176470588,0.0,2.352941176470588,4.705882352941176,32.94117647058824,4.705882352941176,2.352941176470588,23.52941176470588,0.0,0.0,0.0,9.411764705882351,2.352941176470588,7.058823529411765,0.0,7.058823529411765
SRW5,26.829268292682926,14.634146341463415,92.6829268292683,2.4390243902439024,4.878048780487805,41.463414634146346,21.95121951219512,19.51219512195122,36.58536585365854,7.317073170731708,12.195121951219512,0.0,21.95121951219512,7.317073170731708,4.878048780487805,202.43902439024393,2.4390243902439024,0.0,51.21951219512195,2.4390243902439024,0.0,0.0,0.0,7.317073170731708,4.878048780487805,0.0,0.0,0.0,0.0,0.0,0.0,0.0,0.0,0.0,0.0,0.0,2.4390243902439024,4.878048780487805,114.63414634146342,68.29268292682927,4.878048780487805,78.04878048780488,0.5435897435897435,4.758974358974359,0.0,4.878048780487805,0.0,7.317073170731708,14.634146341463415,2.4390243902439024,7.317073170731708,2.4390243902439024,0.0,0.0,4.878048780487805,26.829268292682926,0.0,0.0,34.146341463414636,0.0,2.4390243902439024,0.0,7.317073170731708,14.634146341463415,14.634146341463415,0.0,2.4390243902439024
ST62,78.04878048780488,4.878048780487805,41.463414634146346,0.0,0.0,58.53658536585366,21.95121951219512,21.95121951219512,19.51219512195122,12.195121951219512,0.0,2.4390243902439024,14.634146341463415,12.195121951219512,4.878048780487805,178.04878048780486,0.0,2.4390243902439024,46.34146341463415,2.4390243902439024,0.0,0.0,2.4390243902439024,17.073170731707318,2.4390243902439024,0.0,2.4390243902439024,2.4390243902439024,0.0,0.0,2.4390243902439024,0.0,0.0,0.0,0.0,0.0,4.878048780487805,2.4390243902439024,65.85365853658537,65.85365853658537,12.195121951219512,68.29268292682927,0.5851851851851851,4.323456790123457,2.4390243902439024,2.4390243902439024,4.878048780487805,2.4390243902439024,19.51219512195122,0.0,29.26829268292683,2.4390243902439024,2.4390243902439024,7.317073170731708,12.195121951219512,26.829268292682926,0.0,0.0,12.195121951219512,2.4390243902439024,4.878048780487805,0.0,7.317073170731708,9.75609756097561,12.195121951219512,0.0,0.0
STAQ,0.0,9.925558312655086,109.18114143920596,0.0,4.962779156327543,44.66501240694789,29.77667493796526,52.10918114143921,54.59057071960298,12.40694789081886,12.40694789081886,0.0,14.88833746898263,4.962779156327543,0.0,66.99751861042184,14.88833746898263,2.4813895781637716,44.66501240694789,2.4813895781637716,4.962779156327543,2.4813895781637716,2.4813895781637716,27.29528535980149,0.0,0.0,0.0,0.0,0.0,0.0,0.0,0.0,0.0,0.0,0.0,0.0,19.851116625310173,12.40694789081886,79.40446650124069,17.3697270471464,14.88833746898263,104.21836228287842,0.488,4.085333333333334,0.0,0.0,0.0,7.444168734491315,12.40694789081886,0.0,4.962779156327543,19.851116625310173,7.444168734491315,7.444168734491315,12.40694789081886,24.81389578163772,4.962779156327543,2.4813895781637716,69.4789081885856,0.0,2.4813895781637716,0.0,7.444168734491315,4.962779156327543,17.3697270471464,0.0,12.40694789081886
STJD,32.418952618453865,14.962593516209475,82.29426433915212,0.0,0.0,62.34413965087282,19.950124688279303,7.481296758104738,24.93765586034913,4.987531172069826,7.481296758104738,2.493765586034913,9.975062344139651,4.987531172069826,0.0,187.03241895261846,0.0,0.0,29.92518703241895,0.0,2.493765586034913,0.0,2.493765586034913,14.962593516209475,0.0,0.0,0.0,0.0,2.493765586034913,0.0,2.493765586034913,0.0,0.0,0.0,0.0,0.0,2.493765586034913,2.493765586034913,74.81296758104739,67.33167082294264,9.975062344139651,89.77556109725685,0.566579634464752,4.227154046997389,0.0,0.0,2.493765586034913,2.493765586034913,39.900249376558605,0.0,17.456359102244388,12.468827930174564,2.493765586034913,0.0,12.468827930174564,27.43142144638404,9.975062344139651,0.0,27.43142144638404,2.493765586034913,0.0,0.0,2.493765586034913,4.987531172069826,19.950124688279303,0.0,4.987531172069826
STKH,29.7029702970297,12.376237623762377,81.68316831683168,2.4752475247524752,4.9504950495049505,56.93069306930693,17.32673267326733,9.900990099009901,14.85148514851485,22.277227722772277,7.425742574257425,0.0,12.376237623762377,9.900990099009901,2.4752475247524752,193.06930693069307,4.9504950495049505,0.0,39.603960396039604,7.425742574257425,0.0,0.0,0.0,12.376237623762377,2.4752475247524752,0.0,0.0,0.0,4.9504950495049505,0.0,0.0,0.0,0.0,0.0,0.0,0.0,2.4752475247524752,0.0,103.96039603960395,27.22772277227723,7.425742574257425,101.48514851485149,0.5134408602150538,4.067204301075269,4.9504950495049505,0.0,4.9504950495049505,2.4752475247524752,27.22772277227723,2.4752475247524752,7.425742574257425,4.9504950495049505,2.4752475247524752,2.4752475247524752,2.4752475247524752,37.12871287128713,4.9504950495049505,0.0,49.504950495049506,0.0,0.0,0.0,4.9504950495049505,2.4752475247524752,19.801980198019802,0.0,12.376237623762377
STNX,14.598540145985401,7.299270072992701,92.45742092457421,7.299270072992701,9.732360097323602,51.09489051094891,2.4330900243309004,34.0632603406326,31.630170316301705,12.165450121654501,9.732360097323602,14.598540145985401,19.464720194647203,2.4330900243309004,7.299270072992701,133.81995133819953,12.165450121654501,0.0,53.5279805352798,0.0,0.0,0.0,2.4330900243309004,12.165450121654501,2.4330900243309004,0.0,0.0,0.0,2.4330900243309004,0.0,0.0,0.0,2.4330900243309004,0.0,0.0,0.0,2.4330900243309004,14.598540145985401,70.5596107055961,43.79562043795621,12.165450121654501,131.38686131386862,0.5850515463917526,4.283505154639175,2.4330900243309004,4.866180048661801,2.4330900243309004,7.299270072992701,31.630170316301705,0.0,7.299270072992701,9.732360097323602,4.866180048661801,0.0,7.299270072992701,19.464720194647203,4.866180048661801,4.866180048661801,51.09489051094891,0.0,2.4330900243309004,0.0,14.598540145985401,9.732360097323602,17.0316301703163,0.0,4.866180048661801
STRW,54.72636815920398,9.950248756218905,99.50248756218906,2.487562189054726,2.487562189054726,52.23880597014925,24.875621890547265,9.950248756218905,64.67661691542288,14.925373134328359,4.975124378109452,9.950248756218905,22.388059701492537,9.950248756218905,7.462686567164179,126.86567164179105,7.462686567164179,0.0,64.67661691542288,2.487562189054726,0.0,0.0,2.487562189054726,7.462686567164179,4.975124378109452,0.0,0.0,2.487562189054726,7.462686567164179,0.0,0.0,0.0,2.487562189054726,0.0,0.0,0.0,2.487562189054726,2.487562189054726,69.65174129353234,37.31343283582089,17.412935323383085,109.45273631840796,0.5104712041884817,4.0680628272251305,2.487562189054726,0.0,2.487562189054726,14.925373134328359,29.850746268656717,0.0,14.925373134328359,4.975124378109452,0.0,4.975124378109452,2.487562189054726,39.80099502487562,4.975124378109452,0.0,47.2636815920398,0.0,0.0,0.0,4.975124378109452,0.0,17.412935323383085,0.0,9.950248756218905
STW7,21.791767554479417,14.527845036319613,106.53753026634382,7.263922518159807,2.4213075060532687,77.4818401937046,21.791767554479417,9.685230024213075,33.898305084745765,9.685230024213075,7.263922518159807,0.0,19.37046004842615,4.842615012106537,7.263922518159807,133.1719128329298,0.0,0.0,46.00484261501211,2.4213075060532687,0.0,0.0,4.842615012106537,16.949152542372882,2.4213075060532687,0.0,0.0,0.0,0.0,0.0,0.0,0.0,0.0,0.0,0.0,0.0,0.0,9.685230024213075,87.16707021791767,29.055690072639226,14.527845036319613,140.4358353510896,0.5773195876288659,4.306701030927835,0.0,2.4213075060532687,2.4213075060532687,4.842615012106537,21.791767554479417,2.4213075060532687,9.685230024213075,4.842615012106537,0.0,4.842615012106537,9.685230024213075,31.476997578692497,4.842615012106537,0.0,53.26876513317191,0.0,0.0,0.0,0.0,0.0,14.527845036319613,0.0,12.106537530266344
SU6W,24.81389578163772,0.0,79.40446650124069,0.0,2.4813895781637716,89.33002481389578,29.77667493796526,2.4813895781637716,9.925558312655086,14.88833746898263,2.4813895781637716,0.0,27.29528535980149,12.40694789081886,2.4813895781637716,156.3275434243176,7.444168734491315,0.0,47.146401985111666,2.4813895781637716,2.4813895781637716,0.0,0.0,9.925558312655086,2.4813895781637716,0.0,0.0,0.0,0.0,0.0,2.4813895781637716,0.0,0.0,0.0,0.0,0.0,12.40694789081886,7.444168734491315,86.848635235732,37.220843672456574,4.962779156327543,111.66253101736973,0.5459317585301837,4.26246719160105,2.4813895781637716,0.0,12.40694789081886,0.0,39.702233250620345,2.4813895781637716,14.88833746898263,0.0,0.0,9.925558312655086,2.4813895781637716,32.25806451612903,0.0,0.0,49.62779156327544,0.0,2.4813895781637716,0.0,0.0,7.444168734491315,19.851116625310173,0.0,12.40694789081886
SUGJ,19.851116625310173,14.88833746898263,54.59057071960298,0.0,7.444168734491315,79.40446650124069,9.925558312655086,2.4813895781637716,24.81389578163772,14.88833746898263,0.0,4.962779156327543,9.925558312655086,14.88833746898263,14.88833746898263,178.66004962779155,0.0,0.0,27.29528535980149,0.0,0.0,0.0,0.0,22.332506203473944,2.4813895781637716,0.0,0.0,0.0,2.4813895781637716,0.0,0.0,0.0,0.0,0.0,0.0,0.0,4.962779156327543,0.0,76.92307692307693,54.59057071960298,7.444168734491315,96.77419354838709,0.5440414507772021,4.367875647668394,4.962779156327543,2.4813895781637716,4.962779156327543,4.962779156327543,12.40694789081886,0.0,9.925558312655086,14.88833746898263,7.444168734491315,14.88833746898263,0.0,22.332506203473944,2.4813895781637716,0.0,42.183622828784124,0.0,0.0,0.0,17.3697270471464,12.40694789081886,9.925558312655086,0.0,14.88833746898263
SUNM,32.01970443349754,19.704433497536947,96.0591133004926,2.4630541871921183,9.852216748768473,51.724137931034484,19.704433497536947,17.241379310344826,29.556650246305416,7.389162561576354,4.926108374384237,7.389162561576354,22.167487684729064,17.241379310344826,2.4630541871921183,142.85714285714286,7.389162561576354,0.0,54.187192118226605,2.4630541871921183,0.0,0.0,4.926108374384237,12.315270935960593,2.4630541871921183,0.0,0.0,0.0,0.0,0.0,0.0,0.0,0.0,0.0,0.0,0.0,7.389162561576354,4.926108374384237,81.2807881773399,27.093596059113302,14.778325123152708,113.30049261083744,0.5883905013192612,4.25065963060686,0.0,0.0,0.0,7.389162561576354,29.556650246305416,0.0,7.389162561576354,9.852216748768473,4.926108374384237,7.389162561576354,0.0,29.556650246305416,4.926108374384237,2.4630541871921183,66.50246305418719,2.4630541871921183,2.4630541871921183,0.0,4.926108374384237,4.926108374384237,17.241379310344826,0.0,4.926108374384237
SUTB,59.665871121718375,4.773269689737471,40.572792362768496,2.3866348448687353,0.0,33.41288782816229,26.252983293556085,0.0,26.252983293556085,9.546539379474941,11.933174224343675,0.0,19.093078758949883,7.159904534606206,4.773269689737471,186.15751789976133,2.3866348448687353,2.3866348448687353,50.11933174224344,7.159904534606206,0.0,2.3866348448687353,2.3866348448687353,11.933174224343675,2.3866348448687353,0.0,2.3866348448687353,0.0,2.3866348448687353,0.0,0.0,0.0,0.0,0.0,4.773269689737471,0.0,0.0,7.159904534606206,93.07875894988067,54.89260143198091,4.773269689737471,78.75894988066825,0.5544554455445545,4.373762376237623,0.0,2.3866348448687353,2.3866348448687353,4.773269689737471,11.933174224343675,2.3866348448687353,14.319809069212411,4.773269689737471,2.3866348448687353,9.546539379474941,11.933174224343675,26.252983293556085,2.3866348448687353,0.0,26.252983293556085,0.0,2.3866348448687353,0.0,2.3866348448687353,7.159904534606206,21.479713603818613,0.0,7.159904534606206
SUUE,44.33497536945813,12.315270935960593,88.66995073891626,2.4630541871921183,2.4630541871921183,86.20689655172414,24.630541871921185,4.926108374384237,34.48275862068965,4.926108374384237,4.926108374384237,2.4630541871921183,27.093596059113302,9.852216748768473,9.852216748768473,155.17241379310346,2.4630541871921183,0.0,49.26108374384237,4.926108374384237,0.0,0.0,0.0,17.241379310344826,0.0,0.0,0.0,0.0,2.4630541871921183,2.4630541871921183,4.926108374384237,0.0,0.0,0.0,0.0,4.926108374384237,0.0,2.4630541871921183,71.42857142857143,32.01970443349754,14.778325123152708,91.13300492610837,0.5658914728682171,4.3462532299741605,0.0,0.0,2.4630541871921183,7.389162561576354,12.315270935960593,4.926108374384237,9.852216748768473,9.852216748768473,0.0,2.4630541871921183,2.4630541871921183,36.94581280788178,0.0,0.0,44.33497536945813,2.4630541871921183,2.4630541871921183,0.0,4.926108374384237,14.778325123152708,19.704433497536947,0.0,7.389162561576354
SUWQ,68.9655172413793,4.926108374384237,49.26108374384237,0.0,0.0,56.65024630541872,27.093596059113302,2.4630541871921183,24.630541871921185,14.778325123152708,7.389162561576354,2.4630541871921183,24.630541871921185,2.4630541871921183,2.4630541871921183,179.80295566502463,2.4630541871921183,0.0,41.87192118226601,0.0,0.0,0.0,2.4630541871921183,12.315270935960593,0.0,0.0,0.0,2.4630541871921183,0.0,0.0,0.0,0.0,0.0,0.0,0.0,4.926108374384237,0.0,7.389162561576354,76.35467980295567,29.556650246305416,17.241379310344826,108.37438423645321,0.5558441558441558,4.1454545454545455,2.4630541871921183,0.0,2.4630541871921183,7.389162561576354,17.241379310344826,2.4630541871921183,22.167487684729064,12.315270935960593,4.926108374384237,7.389162561576354,2.4630541871921183,27.093596059113302,0.0,4.926108374384237,36.94581280788178,0.0,0.0,0.0,2.4630541871921183,0.0,9.852216748768473,0.0,22.167487684729064
SV3M,14.962593516209475,24.93765586034913,92.26932668329177,2.493765586034913,4.987531172069826,32.418952618453865,7.481296758104738,12.468827930174564,34.912718204488776,7.481296758104738,2.493765586034913,0.0,29.92518703241895,22.443890274314214,7.481296758104738,189.52618453865335,4.987531172069826,0.0,47.38154613466334,0.0,0.0,0.0,2.493765586034913,7.481296758104738,0.0,0.0,0.0,0.0,4.987531172069826,0.0,2.493765586034913,0.0,0.0,0.0,0.0,0.0,4.987531172069826,0.0,94.76309226932668,44.88778054862843,12.468827930174564,114.713216957606,0.5669291338582677,4.671916010498688,0.0,0.0,4.987531172069826,2.493765586034913,34.912718204488776,2.493765586034913,2.493765586034913,14.962593516209475,0.0,2.493765586034913,0.0,32.418952618453865,2.493765586034913,0.0,39.900249376558605,0.0,0.0,0.0,2.493765586034913,4.987531172069826,17.456359102244388,0.0,9.975062344139651
SVBB,41.463414634146346,12.195121951219512,75.60975609756098,0.0,19.51219512195122,46.34146341463415,21.95121951219512,19.51219512195122,21.95121951219512,17.073170731707318,7.317073170731708,2.4390243902439024,12.195121951219512,7.317073170731708,7.317073170731708,168.2926829268293,12.195121951219512,2.4390243902439024,41.463414634146346,0.0,0.0,0.0,2.4390243902439024,17.073170731707318,2.4390243902439024,0.0,0.0,0.0,0.0,0.0,0.0,0.0,0.0,0.0,4.878048780487805,0.0,2.4390243902439024,9.75609756097561,85.3658536585366,21.95121951219512,7.317073170731708,129.26829268292684,0.5906735751295337,4.3549222797927465,2.4390243902439024,4.878048780487805,2.4390243902439024,2.4390243902439024,17.073170731707318,2.4390243902439024,4.878048780487805,9.75609756097561,0.0,4.878048780487805,2.4390243902439024,19.51219512195122,7.317073170731708,0.0,48.78048780487805,2.4390243902439024,0.0,0.0,4.878048780487805,2.4390243902439024,19.51219512195122,0.0,7.317073170731708
SVD4,19.753086419753085,14.814814814814815,79.01234567901234,4.938271604938271,4.938271604938271,56.79012345679013,32.098765432098766,4.938271604938271,22.22222222222222,2.4691358024691357,7.407407407407407,2.4691358024691357,12.345679012345679,4.938271604938271,0.0,200.0,4.938271604938271,0.0,37.03703703703704,0.0,2.4691358024691357,0.0,7.407407407407407,24.691358024691358,4.938271604938271,0.0,0.0,0.0,0.0,0.0,0.0,0.0,0.0,0.0,0.0,0.0,4.938271604938271,7.407407407407407,76.54320987654322,41.97530864197531,12.345679012345679,96.29629629629629,0.6180371352785146,4.270557029177719,0.0,0.0,4.938271604938271,0.0,17.28395061728395,7.407407407407407,12.345679012345679,14.814814814814815,2.4691358024691357,2.4691358024691357,4.938271604938271,19.753086419753085,2.4691358024691357,0.0,51.85185185185185,0.0,2.4691358024691357,0.0,7.407407407407407,7.407407407407407,9.876543209876543,0.0,17.28395061728395
SVH7,26.378896882494004,7.194244604316547,69.54436450839329,2.398081534772182,2.398081534772182,50.35971223021583,19.184652278177456,11.990407673860911,19.184652278177456,2.398081534772182,4.796163069544364,2.398081534772182,33.57314148681055,14.388489208633095,0.0,215.82733812949638,7.194244604316547,0.0,19.184652278177456,0.0,0.0,0.0,4.796163069544364,9.592326139088728,2.398081534772182,0.0,0.0,2.398081534772182,11.990407673860911,0.0,0.0,0.0,0.0,0.0,0.0,2.398081534772182,9.592326139088728,0.0,119.90407673860912,21.58273381294964,7.194244604316547,103.11750599520383,0.6169154228855721,4.624378109452737,4.796163069544364,0.0,4.796163069544364,4.796163069544364,7.194244604316547,0.0,14.388489208633095,14.388489208633095,0.0,4.796163069544364,4.796163069544364,28.77697841726619,4.796163069544364,0.0,31.17505995203837,2.398081534772182,4.796163069544364,0.0,0.0,2.398081534772182,9.592326139088728,0.0,7.194244604316547
SVNL,19.607843137254903,9.803921568627452,117.6470588235294,2.450980392156863,7.352941176470588,61.27450980392157,39.21568627450981,12.254901960784313,36.76470588235294,14.705882352941176,4.901960784313726,7.352941176470588,12.254901960784313,7.352941176470588,2.450980392156863,137.25490196078434,0.0,0.0,49.01960784313725,2.450980392156863,0.0,0.0,2.450980392156863,17.156862745098042,4.901960784313726,0.0,0.0,0.0,0.0,0.0,0.0,0.0,0.0,0.0,0.0,0.0,2.450980392156863,4.901960784313726,83.33333333333333,29.41176470588235,19.607843137254903,95.58823529411764,0.5564304461942258,4.173228346456693,0.0,4.901960784313726,2.450980392156863,0.0,31.862745098039213,4.901960784313726,7.352941176470588,2.450980392156863,0.0,2.450980392156863,2.450980392156863,31.862745098039213,0.0,2.450980392156863,63.725490196078425,0.0,4.901960784313726,0.0,2.450980392156863,7.352941176470588,29.41176470588235,4.901960784313726,17.156862745098042
SVT6,29.339853300733495,9.7799511002445,112.46943765281173,0.0,14.669926650366747,80.68459657701712,34.229828850855746,2.444987775061125,29.339853300733495,9.7799511002445,9.7799511002445,0.0,19.559902200489,2.444987775061125,7.334963325183374,161.36919315403424,7.334963325183374,0.0,58.67970660146699,2.444987775061125,0.0,0.0,0.0,17.114914425427873,2.444987775061125,0.0,0.0,0.0,0.0,0.0,2.444987775061125,0.0,2.444987775061125,0.0,0.0,2.444987775061125,0.0,2.444987775061125,73.34963325183375,22.004889975550125,22.004889975550125,124.69437652811736,0.5658914728682171,4.4005167958656335,2.444987775061125,2.444987775061125,2.444987775061125,4.88997555012225,19.559902200489,2.444987775061125,22.004889975550125,7.334963325183374,0.0,2.444987775061125,0.0,31.78484107579462,2.444987775061125,2.444987775061125,53.78973105134474,7.334963325183374,2.444987775061125,4.88997555012225,12.224938875305625,17.114914425427873,14.669926650366747,0.0,12.224938875305625
SW55,14.634146341463415,14.634146341463415,87.80487804878048,0.0,7.317073170731708,73.17073170731707,19.51219512195122,14.634146341463415,31.70731707317073,9.75609756097561,2.4390243902439024,0.0,19.51219512195122,9.75609756097561,2.4390243902439024,139.02439024390245,2.4390243902439024,0.0,60.97560975609756,0.0,2.4390243902439024,0.0,2.4390243902439024,31.70731707317073,2.4390243902439024,0.0,0.0,0.0,0.0,0.0,0.0,0.0,0.0,0.0,0.0,0.0,2.4390243902439024,9.75609756097561,80.48780487804878,31.70731707317073,14.634146341463415,102.4390243902439,0.58994708994709,4.238095238095238,2.4390243902439024,4.878048780487805,0.0,2.4390243902439024,9.75609756097561,2.4390243902439024,14.634146341463415,4.878048780487805,0.0,17.073170731707318,0.0,24.390243902439025,0.0,0.0,68.29268292682927,0.0,2.4390243902439024,0.0,2.4390243902439024,12.195121951219512,24.390243902439025,0.0,7.317073170731708
SWLR,14.457831325301205,12.048192771084338,86.74698795180723,4.819277108433735,4.819277108433735,57.83132530120482,19.27710843373494,14.457831325301205,26.50602409638554,9.63855421686747,14.457831325301205,4.819277108433735,7.228915662650603,7.228915662650603,0.0,171.0843373493976,4.819277108433735,0.0,38.55421686746988,2.4096385542168677,0.0,0.0,0.0,16.867469879518072,2.4096385542168677,0.0,0.0,0.0,0.0,0.0,0.0,0.0,0.0,0.0,2.4096385542168677,0.0,7.228915662650603,14.457831325301205,93.97590361445783,57.83132530120482,19.27710843373494,77.10843373493977,0.6076923076923076,4.346153846153846,2.4096385542168677,2.4096385542168677,0.0,2.4096385542168677,12.048192771084338,2.4096385542168677,0.0,7.228915662650603,7.228915662650603,4.819277108433735,4.819277108433735,36.144578313253014,2.4096385542168677,0.0,57.83132530120482,0.0,0.0,0.0,2.4096385542168677,4.819277108433735,16.867469879518072,2.4096385542168677,7.228915662650603
SWU3,36.76470588235294,7.352941176470588,66.17647058823529,2.450980392156863,4.901960784313726,73.52941176470588,14.705882352941176,9.803921568627452,19.607843137254903,7.352941176470588,4.901960784313726,9.803921568627452,29.41176470588235,9.803921568627452,0.0,161.76470588235296,2.450980392156863,0.0,31.862745098039213,0.0,0.0,0.0,4.901960784313726,22.058823529411764,12.254901960784313,0.0,0.0,0.0,2.450980392156863,0.0,0.0,0.0,4.901960784313726,0.0,0.0,4.901960784313726,4.901960784313726,9.803921568627452,105.3921568627451,34.313725490196084,9.803921568627452,102.94117647058823,0.5721518987341773,4.243037974683545,0.0,2.450980392156863,2.450980392156863,7.352941176470588,22.058823529411764,0.0,7.352941176470588,9.803921568627452,7.352941176470588,2.450980392156863,9.803921568627452,26.96078431372549,7.352941176470588,2.450980392156863,29.41176470588235,0.0,0.0,0.0,2.450980392156863,4.901960784313726,19.607843137254903,0.0,9.803921568627452
SWU6,54.054054054054056,2.457002457002457,41.76904176904177,2.457002457002457,2.457002457002457,54.054054054054056,19.656019656019655,12.285012285012284,22.11302211302211,4.914004914004914,14.742014742014742,2.457002457002457,19.656019656019655,7.371007371007371,7.371007371007371,248.15724815724815,0.0,0.0,29.484029484029485,0.0,0.0,0.0,4.914004914004914,17.1990171990172,4.914004914004914,0.0,0.0,0.0,2.457002457002457,0.0,0.0,0.0,0.0,0.0,0.0,2.457002457002457,2.457002457002457,4.914004914004914,81.08108108108108,39.31203931203931,0.0,76.16707616707617,0.6059782608695652,4.274456521739131,0.0,2.457002457002457,0.0,2.457002457002457,12.285012285012284,2.457002457002457,7.371007371007371,7.371007371007371,2.457002457002457,0.0,0.0,17.1990171990172,0.0,0.0,24.570024570024568,0.0,0.0,0.0,2.457002457002457,0.0,9.828009828009828,0.0,12.285012285012284
SWW8,55.961070559610704,4.866180048661801,68.1265206812652,0.0,2.4330900243309004,60.82725060827251,19.464720194647203,4.866180048661801,19.464720194647203,9.732360097323602,0.0,2.4330900243309004,7.299270072992701,9.732360097323602,4.866180048661801,209.24574209245742,0.0,0.0,41.3625304136253,2.4330900243309004,0.0,0.0,2.4330900243309004,12.165450121654501,0.0,0.0,0.0,0.0,2.4330900243309004,0.0,0.0,0.0,0.0,0.0,0.0,0.0,0.0,0.0,85.1581508515815,34.0632603406326,4.866180048661801,102.18978102189782,0.5390428211586902,4.287153652392947,0.0,4.866180048661801,2.4330900243309004,4.866180048661801,21.897810218978105,2.4330900243309004,0.0,4.866180048661801,0.0,2.4330900243309004,0.0,24.330900243309003,0.0,0.0,29.197080291970803,0.0,2.4330900243309004,0.0,4.866180048661801,12.165450121654501,19.464720194647203,0.0,4.866180048661801
SWYP,39.40886699507389,4.926108374384237,66.50246305418719,2.4630541871921183,2.4630541871921183,36.94581280788178,22.167487684729064,19.704433497536947,39.40886699507389,9.852216748768473,4.926108374384237,7.389162561576354,12.315270935960593,9.852216748768473,0.0,177.3399014778325,2.4630541871921183,2.4630541871921183,46.79802955665024,7.389162561576354,0.0,0.0,0.0,14.778325123152708,2.4630541871921183,0.0,2.4630541871921183,0.0,0.0,0.0,0.0,0.0,2.4630541871921183,0.0,0.0,0.0,4.926108374384237,7.389162561576354,88.66995073891626,44.33497536945813,7.389162561576354,103.44827586206897,0.5916230366492147,4.143979057591623,2.4630541871921183,4.926108374384237,2.4630541871921183,2.4630541871921183,22.167487684729064,0.0,7.389162561576354,4.926108374384237,2.4630541871921183,7.389162561576354,2.4630541871921183,27.093596059113302,4.926108374384237,0.0,44.33497536945813,0.0,0.0,0.0,4.926108374384237,2.4630541871921183,4.926108374384237,0.0,14.778325123152708
SWZA,0.0,7.389162561576354,76.35467980295567,17.241379310344826,2.4630541871921183,61.576354679802954,4.926108374384237,9.852216748768473,29.556650246305416,9.852216748768473,12.315270935960593,0.0,24.630541871921185,7.389162561576354,4.926108374384237,172.41379310344828,4.926108374384237,0.0,22.167487684729064,7.389162561576354,2.4630541871921183,0.0,2.4630541871921183,17.241379310344826,0.0,0.0,0.0,0.0,7.389162561576354,0.0,0.0,0.0,0.0,0.0,0.0,0.0,4.926108374384237,2.4630541871921183,103.44827586206897,54.187192118226605,7.389162561576354,93.59605911330048,0.566579634464752,4.485639686684073,0.0,0.0,2.4630541871921183,7.389162561576354,9.852216748768473,0.0,4.926108374384237,22.167487684729064,4.926108374384237,12.315270935960593,4.926108374384237,17.241379310344826,4.926108374384237,0.0,44.33497536945813,0.0,2.4630541871921183,0.0,12.315270935960593,9.852216748768473,17.241379310344826,0.0,4.926108374384237
SX2V,31.32530120481928,16.867469879518072,77.10843373493977,2.4096385542168677,2.4096385542168677,57.83132530120482,21.686746987951807,9.63855421686747,16.867469879518072,7.228915662650603,4.819277108433735,0.0,19.27710843373494,7.228915662650603,2.4096385542168677,207.22891566265062,0.0,2.4096385542168677,36.144578313253014,0.0,0.0,0.0,7.228915662650603,16.867469879518072,0.0,0.0,2.4096385542168677,0.0,0.0,0.0,0.0,0.0,0.0,0.0,0.0,2.4096385542168677,4.819277108433735,2.4096385542168677,72.28915662650603,28.91566265060241,4.819277108433735,120.48192771084338,0.5531914893617021,4.122340425531915,2.4096385542168677,2.4096385542168677,2.4096385542168677,2.4096385542168677,21.686746987951807,0.0,7.228915662650603,12.048192771084338,2.4096385542168677,9.63855421686747,2.4096385542168677,33.734939759036145,2.4096385542168677,2.4096385542168677,43.373493975903614,2.4096385542168677,2.4096385542168677,0.0,16.867469879518072,4.819277108433735,7.228915662650603,0.0,16.867469879518072
SX3B,19.90049751243781,7.462686567164179,109.45273631840796,9.950248756218905,2.487562189054726,32.33830845771144,14.925373134328359,7.462686567164179,39.80099502487562,12.437810945273633,9.950248756218905,0.0,29.850746268656717,4.975124378109452,4.975124378109452,191.5422885572139,4.975124378109452,0.0,57.21393034825871,0.0,0.0,2.487562189054726,0.0,9.950248756218905,0.0,0.0,2.487562189054726,0.0,2.487562189054726,0.0,0.0,0.0,0.0,0.0,2.487562189054726,0.0,0.0,2.487562189054726,87.06467661691543,54.72636815920398,12.437810945273633,139.30348258706468,0.5909090909090909,4.737967914438503,7.462686567164179,0.0,4.975124378109452,4.975124378109452,29.850746268656717,4.975124378109452,7.462686567164179,7.462686567164179,0.0,0.0,0.0,29.850746268656717,0.0,2.487562189054726,62.18905472636816,2.487562189054726,0.0,0.0,0.0,14.925373134328359,7.462686567164179,2.487562189054726,19.90049751243781
SXBE,17.28395061728395,22.22222222222222,101.23456790123457,0.0,4.938271604938271,54.32098765432099,56.79012345679013,0.0,27.160493827160494,19.753086419753085,4.938271604938271,2.4691358024691357,14.814814814814815,12.345679012345679,7.407407407407407,148.14814814814815,0.0,0.0,46.91358024691358,0.0,0.0,0.0,0.0,12.345679012345679,0.0,0.0,0.0,0.0,0.0,0.0,0.0,0.0,0.0,0.0,0.0,0.0,2.4691358024691357,2.4691358024691357,88.88888888888889,34.5679012345679,14.814814814814815,123.45679012345678,0.5493333333333333,4.397333333333333,0.0,0.0,7.407407407407407,4.938271604938271,27.160493827160494,2.4691358024691357,4.938271604938271,7.407407407407407,0.0,12.345679012345679,9.876543209876543,39.50617283950617,0.0,0.0,66.66666666666667,0.0,2.4691358024691357,0.0,9.876543209876543,0.0,12.345679012345679,0.0,19.753086419753085
SXDQ,12.077294685990339,4.830917874396135,65.21739130434783,0.0,4.830917874396135,53.14009661835749,12.077294685990339,4.830917874396135,24.154589371980677,7.246376811594203,7.246376811594203,2.4154589371980677,9.66183574879227,4.830917874396135,7.246376811594203,212.56038647342996,4.830917874396135,0.0,26.570048309178745,0.0,0.0,0.0,0.0,7.246376811594203,0.0,0.0,0.0,2.4154589371980677,0.0,0.0,0.0,0.0,0.0,0.0,0.0,0.0,9.66183574879227,2.4154589371980677,84.54106280193237,41.06280193236715,12.077294685990339,89.37198067632849,0.5581395348837209,4.310077519379845,0.0,0.0,0.0,2.4154589371980677,7.246376811594203,7.246376811594203,16.908212560386474,12.077294685990339,4.830917874396135,14.492753623188406,2.4154589371980677,9.66183574879227,0.0,0.0,43.47826086956522,0.0,0.0,0.0,7.246376811594203,12.077294685990339,16.908212560386474,0.0,2.4154589371980677
SXKQ,32.25806451612903,9.925558312655086,74.44168734491315,0.0,7.444168734491315,76.92307692307693,24.81389578163772,22.332506203473944,19.851116625310173,9.925558312655086,9.925558312655086,4.962779156327543,7.444168734491315,9.925558312655086,0.0,146.40198511166253,2.4813895781637716,0.0,39.702233250620345,0.0,0.0,0.0,0.0,24.81389578163772,2.4813895781637716,0.0,0.0,0.0,0.0,0.0,2.4813895781637716,0.0,0.0,0.0,0.0,2.4813895781637716,0.0,4.962779156327543,71.96029776674938,54.59057071960298,9.925558312655086,94.29280397022333,0.5714285714285714,4.374025974025974,0.0,0.0,4.962779156327543,7.444168734491315,27.29528535980149,2.4813895781637716,7.444168734491315,17.3697270471464,4.962779156327543,4.962779156327543,7.444168734491315,34.7394540942928,0.0,0.0,42.183622828784124,2.4813895781637716,4.962779156327543,0.0,7.444168734491315,0.0,17.3697270471464,2.4813895781637716,12.40694789081886
SXQ6,2.4691358024691357,0.0,59.25925925925926,2.4691358024691357,4.938271604938271,39.50617283950617,27.160493827160494,4.938271604938271,9.876543209876543,9.876543209876543,7.407407407407407,0.0,7.407407407407407,4.938271604938271,0.0,232.09876543209876,0.0,0.0,19.753086419753085,0.0,0.0,0.0,0.0,24.691358024691358,0.0,0.0,0.0,0.0,0.0,0.0,2.4691358024691357,0.0,0.0,0.0,0.0,0.0,2.4691358024691357,7.407407407407407,59.25925925925926,44.44444444444444,2.4691358024691357,83.95061728395062,0.5196850393700787,4.183727034120735,9.876543209876543,0.0,4.938271604938271,0.0,17.28395061728395,0.0,4.938271604938271,24.691358024691358,0.0,9.876543209876543,2.4691358024691357,12.345679012345679,0.0,0.0,22.22222222222222,0.0,0.0,0.0,0.0,12.345679012345679,17.28395061728395,0.0,9.876543209876543
SY2F,17.412935323383085,4.975124378109452,87.06467661691543,0.0,0.0,47.2636815920398,12.437810945273633,24.875621890547265,22.388059701492537,9.950248756218905,2.487562189054726,4.975124378109452,19.90049751243781,19.90049751243781,7.462686567164179,154.22885572139302,2.487562189054726,0.0,37.31343283582089,7.462686567164179,0.0,0.0,4.975124378109452,14.925373134328359,0.0,0.0,0.0,0.0,2.487562189054726,0.0,0.0,0.0,2.487562189054726,0.0,2.487562189054726,0.0,0.0,7.462686567164179,94.5273631840796,57.21393034825871,0.0,106.96517412935323,0.5853018372703412,4.5223097112860895,0.0,2.487562189054726,2.487562189054726,4.975124378109452,27.36318407960199,0.0,14.925373134328359,2.487562189054726,0.0,4.975124378109452,7.462686567164179,29.850746268656717,0.0,0.0,47.2636815920398,0.0,0.0,0.0,4.975124378109452,2.487562189054726,2.487562189054726,2.487562189054726,7.462686567164179
SY5K,0.0,12.40694789081886,76.92307692307693,4.962779156327543,0.0,62.03473945409429,12.40694789081886,0.0,7.444168734491315,12.40694789081886,0.0,4.962779156327543,17.3697270471464,27.29528535980149,9.925558312655086,203.4739454094293,2.4813895781637716,0.0,24.81389578163772,4.962779156327543,0.0,0.0,2.4813895781637716,27.29528535980149,0.0,0.0,0.0,0.0,0.0,0.0,0.0,0.0,0.0,4.962779156327543,0.0,0.0,0.0,2.4813895781637716,99.25558312655087,62.03473945409429,7.444168734491315,79.40446650124069,0.5555555555555556,4.813953488372093,4.962779156327543,2.4813895781637716,4.962779156327543,9.925558312655086,7.444168734491315,0.0,14.88833746898263,4.962779156327543,2.4813895781637716,22.332506203473944,0.0,39.702233250620345,14.88833746898263,2.4813895781637716,34.7394540942928,2.4813895781637716,0.0,0.0,4.962779156327543,12.40694789081886,17.3697270471464,0.0,4.962779156327543
SY8B,31.630170316301705,9.732360097323602,72.992700729927,0.0,2.4330900243309004,68.1265206812652,26.7639902676399,14.598540145985401,24.330900243309003,12.165450121654501,2.4330900243309004,7.299270072992701,21.897810218978105,4.866180048661801,2.4330900243309004,182.4817518248175,4.866180048661801,0.0,34.0632603406326,0.0,0.0,0.0,0.0,12.165450121654501,2.4330900243309004,0.0,0.0,0.0,2.4330900243309004,0.0,2.4330900243309004,0.0,0.0,0.0,0.0,0.0,9.732360097323602,4.866180048661801,75.42579075425792,41.3625304136253,12.165450121654501,102.18978102189782,0.5933503836317136,4.29923273657289,0.0,0.0,9.732360097323602,4.866180048661801,19.464720194647203,0.0,7.299270072992701,19.464720194647203,0.0,4.866180048661801,12.165450121654501,26.7639902676399,12.165450121654501,2.4330900243309004,41.3625304136253,2.4330900243309004,0.0,0.0,4.866180048661801,7.299270072992701,17.0316301703163,0.0,2.4330900243309004
SYED,34.146341463414636,14.634146341463415,87.80487804878048,4.878048780487805,4.878048780487805,78.04878048780488,39.02439024390244,2.4390243902439024,14.634146341463415,9.75609756097561,7.317073170731708,0.0,31.70731707317073,7.317073170731708,0.0,180.48780487804876,7.317073170731708,0.0,29.26829268292683,0.0,2.4390243902439024,0.0,9.75609756097561,14.634146341463415,0.0,0.0,0.0,0.0,4.878048780487805,0.0,2.4390243902439024,0.0,0.0,0.0,0.0,2.4390243902439024,2.4390243902439024,4.878048780487805,75.60975609756098,36.58536585365854,9.75609756097561,97.5609756097561,0.5896103896103896,4.236363636363636,0.0,2.4390243902439024,0.0,0.0,21.95121951219512,0.0,19.51219512195122,4.878048780487805,0.0,7.317073170731708,4.878048780487805,36.58536585365854,2.4390243902439024,0.0,39.02439024390244,0.0,0.0,0.0,2.4390243902439024,7.317073170731708,14.634146341463415,0.0,12.195121951219512
SYG9,38.929440389294406,17.0316301703163,60.82725060827251,4.866180048661801,0.0,75.42579075425792,14.598540145985401,2.4330900243309004,24.330900243309003,4.866180048661801,0.0,0.0,24.330900243309003,4.866180048661801,0.0,199.5133819951338,4.866180048661801,0.0,31.630170316301705,2.4330900243309004,0.0,0.0,2.4330900243309004,14.598540145985401,4.866180048661801,0.0,0.0,0.0,2.4330900243309004,0.0,2.4330900243309004,0.0,0.0,0.0,0.0,0.0,0.0,0.0,85.1581508515815,36.4963503649635,12.165450121654501,104.62287104622871,0.5848101265822785,4.460759493670886,2.4330900243309004,7.299270072992701,0.0,4.866180048661801,14.598540145985401,2.4330900243309004,9.732360097323602,7.299270072992701,4.866180048661801,4.866180048661801,2.4330900243309004,29.197080291970803,4.866180048661801,7.299270072992701,34.0632603406326,0.0,0.0,0.0,4.866180048661801,4.866180048661801,19.464720194647203,0.0,4.866180048661801
SYJK,34.82587064676617,14.925373134328359,99.50248756218906,2.487562189054726,0.0,67.16417910447761,34.82587064676617,24.875621890547265,14.925373134328359,19.90049751243781,14.925373134328359,17.412935323383085,17.412935323383085,7.462686567164179,7.462686567164179,154.22885572139302,2.487562189054726,0.0,47.2636815920398,2.487562189054726,0.0,0.0,2.487562189054726,14.925373134328359,4.975124378109452,0.0,0.0,0.0,0.0,0.0,0.0,0.0,2.487562189054726,2.487562189054726,2.487562189054726,2.487562189054726,4.975124378109452,4.975124378109452,84.5771144278607,32.33830845771144,14.925373134328359,84.5771144278607,0.531578947368421,4.08421052631579,0.0,2.487562189054726,9.950248756218905,2.487562189054726,24.875621890547265,0.0,4.975124378109452,14.925373134328359,2.487562189054726,0.0,4.975124378109452,37.31343283582089,0.0,0.0,49.75124378109453,0.0,2.487562189054726,0.0,4.975124378109452,0.0,4.975124378109452,0.0,7.462686567164179
SZB2,19.093078758949883,7.159904534606206,105.01193317422434,9.546539379474941,9.546539379474941,69.21241050119332,21.479713603818613,2.3866348448687353,7.159904534606206,9.546539379474941,14.319809069212411,0.0,19.093078758949883,19.093078758949883,0.0,181.38424821002386,0.0,2.3866348448687353,52.50596658711217,4.773269689737471,0.0,2.3866348448687353,0.0,9.546539379474941,2.3866348448687353,0.0,0.0,0.0,2.3866348448687353,0.0,0.0,0.0,2.3866348448687353,0.0,0.0,0.0,4.773269689737471,9.546539379474941,73.98568019093078,31.026252983293556,9.546539379474941,119.33174224343675,0.5691056910569106,4.439024390243903,0.0,0.0,2.3866348448687353,4.773269689737471,21.479713603818613,2.3866348448687353,7.159904534606206,4.773269689737471,0.0,4.773269689737471,0.0,23.86634844868735,0.0,2.3866348448687353,64.43914081145586,2.3866348448687353,0.0,0.0,7.159904534606206,9.546539379474941,19.093078758949883,0.0,16.706443914081145
SZCM,22.11302211302211,14.742014742014742,117.93611793611794,2.457002457002457,4.914004914004914,63.88206388206388,19.656019656019655,2.457002457002457,61.42506142506143,7.371007371007371,0.0,4.914004914004914,9.828009828009828,9.828009828009828,17.1990171990172,152.33415233415235,2.457002457002457,0.0,61.42506142506143,2.457002457002457,0.0,0.0,2.457002457002457,14.742014742014742,0.0,0.0,0.0,0.0,0.0,0.0,0.0,0.0,0.0,2.457002457002457,2.457002457002457,0.0,2.457002457002457,4.914004914004914,81.08108108108108,19.656019656019655,17.1990171990172,115.47911547911548,0.5277044854881267,3.926121372031662,0.0,0.0,4.914004914004914,0.0,17.1990171990172,2.457002457002457,7.371007371007371,7.371007371007371,0.0,4.914004914004914,2.457002457002457,31.94103194103194,4.914004914004914,0.0,63.88206388206388,4.914004914004914,0.0,0.0,4.914004914004914,9.828009828009828,29.484029484029485,0.0,17.1990171990172
SZJ3,46.91358024691358,12.345679012345679,54.32098765432099,4.938271604938271,14.814814814814815,59.25925925925926,9.876543209876543,4.938271604938271,24.691358024691358,7.407407407407407,2.4691358024691357,2.4691358024691357,12.345679012345679,7.407407407407407,2.4691358024691357,229.62962962962962,4.938271604938271,0.0,34.5679012345679,2.4691358024691357,0.0,0.0,2.4691358024691357,17.28395061728395,2.4691358024691357,0.0,2.4691358024691357,2.4691358024691357,2.4691358024691357,0.0,0.0,0.0,0.0,0.0,0.0,2.4691358024691357,2.4691358024691357,0.0,116.04938271604938,66.66666666666667,7.407407407407407,88.88888888888889,0.6,4.3662337662337665,0.0,2.4691358024691357,0.0,4.938271604938271,17.28395061728395,2.4691358024691357,12.345679012345679,2.4691358024691357,0.0,4.938271604938271,2.4691358024691357,24.691358024691358,0.0,0.0,32.098765432098766,0.0,2.4691358024691357,2.4691358024691357,2.4691358024691357,12.345679012345679,9.876543209876543,0.0,7.407407407407407
SZKE,22.443890274314214,0.0,89.77556109725685,0.0,4.987531172069826,44.88778054862843,17.456359102244388,12.468827930174564,39.900249376558605,14.962593516209475,12.468827930174564,0.0,22.443890274314214,19.950124688279303,7.481296758104738,147.13216957605985,7.481296758104738,0.0,59.8503740648379,0.0,0.0,0.0,0.0,19.950124688279303,2.493765586034913,0.0,0.0,0.0,2.493765586034913,0.0,0.0,2.493765586034913,0.0,0.0,0.0,0.0,2.493765586034913,4.987531172069826,82.29426433915212,37.406483790523694,12.468827930174564,109.72568578553616,0.5691489361702128,4.3138297872340425,4.987531172069826,0.0,4.987531172069826,2.493765586034913,14.962593516209475,4.987531172069826,9.975062344139651,12.468827930174564,0.0,0.0,0.0,12.468827930174564,0.0,4.987531172069826,59.8503740648379,0.0,0.0,0.0,4.987531172069826,4.987531172069826,12.468827930174564,0.0,19.950124688279303
SZP6,14.354066985645934,9.569377990430622,95.69377990430623,4.784688995215311,4.784688995215311,55.02392344497608,7.177033492822967,9.569377990430622,55.02392344497608,11.961722488038278,4.784688995215311,0.0,16.74641148325359,7.177033492822967,4.784688995215311,172.2488038277512,4.784688995215311,0.0,38.27751196172249,2.3923444976076556,2.3923444976076556,0.0,2.3923444976076556,11.961722488038278,0.0,0.0,0.0,0.0,0.0,0.0,2.3923444976076556,0.0,0.0,0.0,2.3923444976076556,0.0,4.784688995215311,2.3923444976076556,112.4401913875598,23.923444976076556,9.569377990430622,107.6555023923445,0.5475578406169666,4.349614395886889,0.0,2.3923444976076556,0.0,4.784688995215311,23.923444976076556,0.0,4.784688995215311,9.569377990430622,0.0,9.569377990430622,2.3923444976076556,45.45454545454545,2.3923444976076556,2.3923444976076556,64.5933014354067,0.0,0.0,2.3923444976076556,11.961722488038278,7.177033492822967,19.138755980861244,0.0,11.961722488038278
SZPS,9.569377990430622,11.961722488038278,93.30143540669856,2.3923444976076556,7.177033492822967,50.239234449760765,23.923444976076556,0.0,43.0622009569378,4.784688995215311,14.354066985645934,2.3923444976076556,14.354066985645934,4.784688995215311,2.3923444976076556,172.2488038277512,9.569377990430622,0.0,50.239234449760765,2.3923444976076556,0.0,0.0,2.3923444976076556,19.138755980861244,0.0,0.0,0.0,0.0,2.3923444976076556,0.0,0.0,0.0,0.0,4.784688995215311,0.0,2.3923444976076556,2.3923444976076556,2.3923444976076556,83.73205741626795,23.923444976076556,9.569377990430622,86.1244019138756,0.532133676092545,4.087403598971722,2.3923444976076556,0.0,2.3923444976076556,2.3923444976076556,21.5311004784689,0.0,9.569377990430622,9.569377990430622,2.3923444976076556,16.74641148325359,4.784688995215311,14.354066985645934,2.3923444976076556,2.3923444976076556,64.5933014354067,0.0,2.3923444976076556,0.0,7.177033492822967,7.177033492822967,26.31578947368421,0.0,7.177033492822967
SZQ9,32.418952618453865,4.987531172069826,97.25685785536159,0.0,4.987531172069826,47.38154613466334,19.950124688279303,24.93765586034913,29.92518703241895,2.493765586034913,7.481296758104738,2.493765586034913,29.92518703241895,2.493765586034913,0.0,177.05735660847878,4.987531172069826,2.493765586034913,32.418952618453865,0.0,0.0,0.0,7.481296758104738,22.443890274314214,0.0,0.0,0.0,2.493765586034913,4.987531172069826,0.0,2.493765586034913,0.0,0.0,0.0,0.0,0.0,9.975062344139651,7.481296758104738,62.34413965087282,19.950124688279303,4.987531172069826,107.23192019950125,0.5725806451612904,4.005376344086022,4.987531172069826,2.493765586034913,0.0,0.0,17.456359102244388,7.481296758104738,12.468827930174564,4.987531172069826,0.0,2.493765586034913,4.987531172069826,34.912718204488776,2.493765586034913,0.0,49.87531172069826,0.0,0.0,0.0,7.481296758104738,4.987531172069826,9.975062344139651,0.0,19.950124688279303
SZR7,4.938271604938271,4.938271604938271,120.98765432098766,0.0,2.4691358024691357,29.62962962962963,41.97530864197531,4.938271604938271,41.97530864197531,12.345679012345679,4.938271604938271,0.0,29.62962962962963,2.4691358024691357,0.0,177.77777777777777,0.0,0.0,49.382716049382715,7.407407407407407,0.0,0.0,4.938271604938271,29.62962962962963,0.0,0.0,2.4691358024691357,0.0,0.0,0.0,0.0,0.0,0.0,2.4691358024691357,0.0,0.0,2.4691358024691357,14.814814814814815,76.54320987654322,27.160493827160494,22.22222222222222,111.1111111111111,0.5649867374005305,4.161803713527852,0.0,0.0,7.407407407407407,0.0,24.691358024691358,7.407407407407407,0.0,7.407407407407407,2.4691358024691357,2.4691358024691357,2.4691358024691357,34.5679012345679,2.4691358024691357,4.938271604938271,64.19753086419753,0.0,2.4691358024691357,2.4691358024691357,2.4691358024691357,14.814814814814815,29.62962962962963,2.4691358024691357,19.753086419753085
SZYV,16.666666666666668,7.142857142857142,114.28571428571428,0.0,7.142857142857142,54.76190476190476,19.04761904761905,30.952380952380953,33.333333333333336,9.523809523809526,2.3809523809523814,2.3809523809523814,30.952380952380953,9.523809523809526,0.0,138.0952380952381,11.904761904761903,0.0,52.38095238095238,0.0,0.0,0.0,2.3809523809523814,30.952380952380953,7.142857142857142,0.0,0.0,0.0,7.142857142857142,0.0,0.0,0.0,2.3809523809523814,0.0,0.0,0.0,0.0,7.142857142857142,78.57142857142857,33.333333333333336,11.904761904761903,95.23809523809523,0.5449871465295629,4.269922879177378,0.0,0.0,0.0,9.523809523809526,19.04761904761905,0.0,4.761904761904763,2.3809523809523814,0.0,2.3809523809523814,2.3809523809523814,47.61904761904761,9.523809523809526,0.0,73.80952380952381,0.0,2.3809523809523814,0.0,14.285714285714285,14.285714285714285,7.142857142857142,0.0,2.3809523809523814
S2A5,14.85148514851485,14.85148514851485,86.63366336633663,4.9504950495049505,2.4752475247524752,99.00990099009901,22.277227722772277,0.0,22.277227722772277,12.376237623762377,2.4752475247524752,7.425742574257425,9.900990099009901,7.425742574257425,0.0,143.56435643564356,7.425742574257425,0.0,37.12871287128713,2.4752475247524752,2.4752475247524752,0.0,4.9504950495049505,24.752475247524753,2.4752475247524752,0.0,0.0,0.0,0.0,0.0,0.0,0.0,0.0,0.0,0.0,0.0,0.0,17.32673267326733,69.30693069306932,22.277227722772277,17.32673267326733,89.10891089108911,0.5423280423280423,3.933862433862434,0.0,4.9504950495049505,2.4752475247524752,0.0,29.7029702970297,2.4752475247524752,7.425742574257425,9.900990099009901,9.900990099009901,19.801980198019802,2.4752475247524752,24.752475247524753,2.4752475247524752,0.0,51.980198019801975,2.4752475247524752,2.4752475247524752,0.0,4.9504950495049505,7.425742574257425,27.22772277227723,0.0,7.425742574257425
S2DD,7.109004739336492,7.109004739336492,104.26540284360189,9.47867298578199,0.0,23.696682464454973,9.47867298578199,26.066350710900473,26.066350710900473,14.218009478672984,7.109004739336492,2.3696682464454977,21.32701421800948,18.95734597156398,7.109004739336492,220.3791469194313,4.739336492890995,0.0,49.76303317535545,2.3696682464454977,0.0,0.0,2.3696682464454977,11.848341232227487,4.739336492890995,0.0,2.3696682464454977,0.0,2.3696682464454977,0.0,2.3696682464454977,0.0,0.0,0.0,2.3696682464454977,0.0,7.109004739336492,2.3696682464454977,99.5260663507109,56.87203791469194,9.47867298578199,92.41706161137441,0.571072319201995,5.062344139650873,2.3696682464454977,4.739336492890995,2.3696682464454977,4.739336492890995,16.587677725118485,0.0,21.32701421800948,9.47867298578199,0.0,2.3696682464454977,2.3696682464454977,14.218009478672984,2.3696682464454977,0.0,37.91469194312796,2.3696682464454977,0.0,0.0,9.47867298578199,4.739336492890995,14.218009478672984,2.3696682464454977,0.0
S2EF,57.83132530120482,9.63855421686747,69.87951807228916,0.0,4.819277108433735,72.28915662650603,19.27710843373494,21.686746987951807,24.096385542168676,7.228915662650603,12.048192771084338,0.0,19.27710843373494,16.867469879518072,4.819277108433735,187.95180722891567,2.4096385542168677,0.0,36.144578313253014,0.0,0.0,0.0,2.4096385542168677,16.867469879518072,4.819277108433735,0.0,0.0,0.0,0.0,0.0,2.4096385542168677,0.0,0.0,0.0,0.0,0.0,4.819277108433735,9.63855421686747,69.87951807228916,26.50602409638554,16.867469879518072,86.74698795180723,0.6075,4.4425,2.4096385542168677,2.4096385542168677,2.4096385542168677,2.4096385542168677,16.867469879518072,0.0,14.457831325301205,9.63855421686747,0.0,2.4096385542168677,2.4096385542168677,28.91566265060241,0.0,0.0,26.50602409638554,0.0,0.0,0.0,2.4096385542168677,0.0,12.048192771084338,2.4096385542168677,7.228915662650603
S2JK,0.0,0.0,77.3067331670823,0.0,4.987531172069826,74.81296758104739,29.92518703241895,0.0,22.443890274314214,19.950124688279303,4.987531172069826,0.0,17.456359102244388,4.987531172069826,2.493765586034913,197.0074812967581,0.0,0.0,32.418952618453865,2.493765586034913,0.0,0.0,2.493765586034913,17.456359102244388,0.0,0.0,0.0,0.0,0.0,0.0,0.0,0.0,0.0,0.0,0.0,0.0,12.468827930174564,4.987531172069826,52.36907730673317,17.456359102244388,7.481296758104738,79.80049875311721,0.4943502824858757,3.9858757062146895,2.493765586034913,0.0,2.493765586034913,0.0,4.987531172069826,0.0,0.0,34.912718204488776,0.0,7.481296758104738,4.987531172069826,34.912718204488776,0.0,0.0,39.900249376558605,0.0,2.493765586034913,0.0,2.493765586034913,2.493765586034913,27.43142144638404,2.493765586034913,17.456359102244388
S2NQ,32.25806451612903,9.925558312655086,94.29280397022333,2.4813895781637716,4.962779156327543,57.07196029776674,9.925558312655086,34.7394540942928,42.183622828784124,2.4813895781637716,2.4813895781637716,2.4813895781637716,22.332506203473944,14.88833746898263,0.0,153.84615384615387,2.4813895781637716,0.0,57.07196029776674,0.0,4.962779156327543,0.0,2.4813895781637716,19.851116625310173,0.0,0.0,0.0,0.0,4.962779156327543,0.0,0.0,0.0,0.0,0.0,0.0,0.0,0.0,7.444168734491315,91.81141439205956,32.25806451612903,12.40694789081886,104.21836228287842,0.5657894736842105,4.46578947368421,0.0,2.4813895781637716,4.962779156327543,2.4813895781637716,17.3697270471464,2.4813895781637716,22.332506203473944,4.962779156327543,4.962779156327543,2.4813895781637716,7.444168734491315,37.220843672456574,0.0,9.925558312655086,47.146401985111666,0.0,0.0,0.0,4.962779156327543,12.40694789081886,17.3697270471464,0.0,9.925558312655086
S2UJ,24.875621890547265,7.462686567164179,64.67661691542288,7.462686567164179,2.487562189054726,52.23880597014925,9.950248756218905,9.950248756218905,29.850746268656717,7.462686567164179,7.462686567164179,0.0,12.437810945273633,19.90049751243781,2.487562189054726,213.93034825870646,4.975124378109452,0.0,49.75124378109453,0.0,0.0,0.0,4.975124378109452,14.925373134328359,4.975124378109452,0.0,0.0,0.0,0.0,0.0,0.0,0.0,0.0,0.0,0.0,0.0,0.0,2.487562189054726,101.99004975124377,44.776119402985074,9.950248756218905,84.5771144278607,0.6124661246612466,4.53929539295393,4.975124378109452,2.487562189054726,0.0,0.0,12.437810945273633,2.487562189054726,7.462686567164179,12.437810945273633,0.0,12.437810945273633,0.0,19.90049751243781,0.0,2.487562189054726,57.21393034825871,0.0,4.975124378109452,2.487562189054726,12.437810945273633,4.975124378109452,12.437810945273633,0.0,9.950248756218905
S2UT,24.875621890547265,29.850746268656717,104.4776119402985,4.975124378109452,7.462686567164179,74.62686567164178,14.925373134328359,14.925373134328359,29.850746268656717,12.437810945273633,4.975124378109452,4.975124378109452,22.388059701492537,4.975124378109452,4.975124378109452,151.74129353233832,4.975124378109452,0.0,42.28855721393035,4.975124378109452,0.0,0.0,4.975124378109452,14.925373134328359,2.487562189054726,0.0,0.0,2.487562189054726,0.0,0.0,0.0,0.0,2.487562189054726,2.487562189054726,0.0,7.462686567164179,0.0,0.0,59.701492537313435,42.28855721393035,17.412935323383085,124.37810945273633,0.5775401069518716,4.307486631016043,2.487562189054726,0.0,2.487562189054726,4.975124378109452,7.462686567164179,2.487562189054726,14.925373134328359,9.950248756218905,0.0,2.487562189054726,4.975124378109452,34.82587064676617,9.950248756218905,0.0,64.67661691542288,2.487562189054726,0.0,0.0,12.437810945273633,4.975124378109452,7.462686567164179,2.487562189054726,14.925373134328359
S2YK,24.630541871921185,14.778325123152708,78.81773399014779,2.4630541871921183,2.4630541871921183,61.576354679802954,34.48275862068965,22.167487684729064,24.630541871921185,9.852216748768473,19.704433497536947,0.0,9.852216748768473,12.315270935960593,2.4630541871921183,177.3399014778325,4.926108374384237,0.0,44.33497536945813,7.389162561576354,0.0,0.0,0.0,9.852216748768473,0.0,0.0,0.0,0.0,2.4630541871921183,0.0,2.4630541871921183,0.0,0.0,0.0,0.0,0.0,4.926108374384237,2.4630541871921183,96.0591133004926,34.48275862068965,9.852216748768473,73.89162561576356,0.5575447570332481,4.232736572890025,0.0,0.0,4.926108374384237,2.4630541871921183,19.704433497536947,2.4630541871921183,12.315270935960593,9.852216748768473,2.4630541871921183,4.926108374384237,2.4630541871921183,32.01970443349754,9.852216748768473,0.0,36.94581280788178,0.0,0.0,0.0,4.926108374384237,4.926108374384237,17.241379310344826,0.0,2.4630541871921183
S323,39.31203931203931,4.914004914004914,73.71007371007371,2.457002457002457,2.457002457002457,29.484029484029485,14.742014742014742,31.94103194103194,22.11302211302211,7.371007371007371,2.457002457002457,4.914004914004914,14.742014742014742,19.656019656019655,2.457002457002457,226.04422604422606,0.0,0.0,46.68304668304668,2.457002457002457,4.914004914004914,0.0,2.457002457002457,9.828009828009828,4.914004914004914,0.0,0.0,2.457002457002457,0.0,2.457002457002457,0.0,0.0,4.914004914004914,0.0,2.457002457002457,0.0,4.914004914004914,12.285012285012284,83.53808353808354,36.85503685503686,22.11302211302211,49.140049140049136,0.6167979002624672,4.425196850393701,2.457002457002457,2.457002457002457,2.457002457002457,0.0,12.285012285012284,2.457002457002457,22.11302211302211,9.828009828009828,0.0,2.457002457002457,2.457002457002457,22.11302211302211,0.0,4.914004914004914,19.656019656019655,0.0,0.0,0.0,4.914004914004914,0.0,9.828009828009828,0.0,2.457002457002457
S33B,24.44987775061125,7.334963325183374,80.68459657701712,2.444987775061125,2.444987775061125,53.78973105134474,22.004889975550125,7.334963325183374,39.119804400978,9.7799511002445,9.7799511002445,7.334963325183374,9.7799511002445,4.88997555012225,12.224938875305625,144.25427872860635,0.0,0.0,46.45476772616137,4.88997555012225,2.444987775061125,0.0,0.0,29.339853300733495,0.0,0.0,0.0,0.0,0.0,0.0,0.0,0.0,0.0,0.0,0.0,0.0,0.0,7.334963325183374,102.68948655256723,34.229828850855746,12.224938875305625,97.799511002445,0.5541237113402062,4.631443298969073,2.444987775061125,0.0,0.0,2.444987775061125,31.78484107579462,0.0,4.88997555012225,2.444987775061125,4.88997555012225,4.88997555012225,0.0,39.119804400978,2.444987775061125,0.0,51.344743276283616,4.88997555012225,0.0,2.444987775061125,7.334963325183374,4.88997555012225,24.44987775061125,0.0,12.224938875305625
S33N,37.31343283582089,2.487562189054726,67.16417910447761,4.975124378109452,0.0,57.21393034825871,7.462686567164179,27.36318407960199,22.388059701492537,17.412935323383085,4.975124378109452,2.487562189054726,17.412935323383085,4.975124378109452,2.487562189054726,171.6417910447761,2.487562189054726,0.0,39.80099502487562,2.487562189054726,2.487562189054726,0.0,2.487562189054726,22.388059701492537,2.487562189054726,0.0,0.0,0.0,4.975124378109452,0.0,0.0,0.0,0.0,0.0,0.0,0.0,4.975124378109452,7.462686567164179,79.60199004975124,44.776119402985074,12.437810945273633,104.4776119402985,0.5844155844155844,4.51948051948052,2.487562189054726,0.0,7.462686567164179,2.487562189054726,9.950248756218905,0.0,29.850746268656717,14.925373134328359,2.487562189054726,0.0,4.975124378109452,29.850746268656717,2.487562189054726,0.0,32.33830845771144,2.487562189054726,2.487562189054726,0.0,2.487562189054726,12.437810945273633,14.925373134328359,0.0,12.437810945273633
S35K,37.12871287128713,22.277227722772277,84.15841584158416,2.4752475247524752,4.9504950495049505,66.83168316831683,4.9504950495049505,7.425742574257425,37.12871287128713,9.900990099009901,0.0,0.0,7.425742574257425,7.425742574257425,0.0,168.31683168316832,2.4752475247524752,0.0,51.980198019801975,2.4752475247524752,0.0,0.0,0.0,14.85148514851485,2.4752475247524752,0.0,0.0,0.0,2.4752475247524752,0.0,0.0,0.0,0.0,2.4752475247524752,2.4752475247524752,4.9504950495049505,0.0,0.0,69.30693069306932,32.17821782178218,14.85148514851485,111.38613861386139,0.5272727272727272,4.044155844155844,2.4752475247524752,2.4752475247524752,2.4752475247524752,7.425742574257425,19.801980198019802,0.0,7.425742574257425,19.801980198019802,0.0,0.0,4.9504950495049505,17.32673267326733,2.4752475247524752,0.0,47.02970297029703,2.4752475247524752,0.0,0.0,2.4752475247524752,4.9504950495049505,27.22772277227723,0.0,14.85148514851485
S3A9,0.0,0.0,85.1581508515815,0.0,0.0,63.26034063260341,31.630170316301705,7.299270072992701,26.7639902676399,17.0316301703163,4.866180048661801,0.0,12.165450121654501,4.866180048661801,12.165450121654501,267.63990267639906,4.866180048661801,0.0,38.929440389294406,0.0,0.0,0.0,0.0,4.866180048661801,0.0,0.0,0.0,0.0,2.4330900243309004,0.0,0.0,0.0,0.0,0.0,0.0,4.866180048661801,0.0,2.4330900243309004,51.09489051094891,29.197080291970803,7.299270072992701,97.32360097323601,0.4553072625698324,4.069832402234637,7.299270072992701,0.0,7.299270072992701,7.299270072992701,7.299270072992701,2.4330900243309004,2.4330900243309004,38.929440389294406,0.0,4.866180048661801,7.299270072992701,21.897810218978105,0.0,0.0,43.79562043795621,2.4330900243309004,0.0,0.0,9.732360097323602,2.4330900243309004,17.0316301703163,0.0,7.299270072992701
S3AC,16.317016317016318,16.317016317016318,90.9090909090909,11.655011655011656,9.324009324009324,55.94405594405595,23.31002331002331,4.662004662004662,46.62004662004662,6.993006993006993,4.662004662004662,0.0,9.324009324009324,2.331002331002331,2.331002331002331,160.83916083916083,2.331002331002331,2.331002331002331,55.94405594405595,2.331002331002331,0.0,0.0,2.331002331002331,11.655011655011656,0.0,0.0,2.331002331002331,0.0,2.331002331002331,0.0,0.0,0.0,0.0,0.0,0.0,0.0,2.331002331002331,11.655011655011656,90.9090909090909,25.64102564102564,6.993006993006993,116.55011655011654,0.5653266331658291,4.005025125628141,4.662004662004662,0.0,4.662004662004662,2.331002331002331,13.986013986013987,9.324009324009324,0.0,6.993006993006993,0.0,27.972027972027973,6.993006993006993,25.64102564102564,0.0,0.0,69.93006993006993,2.331002331002331,0.0,0.0,4.662004662004662,11.655011655011656,13.986013986013987,0.0,11.655011655011656
S3LE,45.893719806763286,19.32367149758454,70.04830917874396,7.246376811594203,7.246376811594203,65.21739130434783,28.985507246376812,4.830917874396135,26.570048309178745,4.830917874396135,9.66183574879227,9.66183574879227,19.32367149758454,2.4154589371980677,0.0,149.7584541062802,2.4154589371980677,0.0,38.64734299516908,0.0,0.0,0.0,0.0,28.985507246376812,2.4154589371980677,0.0,0.0,0.0,0.0,0.0,4.830917874396135,0.0,0.0,0.0,0.0,0.0,2.4154589371980677,12.077294685990339,65.21739130434783,26.570048309178745,2.4154589371980677,96.61835748792271,0.5345268542199488,3.925831202046036,0.0,0.0,2.4154589371980677,2.4154589371980677,24.154589371980677,4.830917874396135,7.246376811594203,9.66183574879227,2.4154589371980677,7.246376811594203,7.246376811594203,41.06280193236715,0.0,0.0,55.55555555555555,4.830917874396135,2.4154589371980677,2.4154589371980677,4.830917874396135,2.4154589371980677,21.73913043478261,0.0,2.4154589371980677
S3M4,36.76470588235294,19.607843137254903,83.33333333333333,0.0,4.901960784313726,80.88235294117648,12.254901960784313,7.352941176470588,22.058823529411764,7.352941176470588,2.450980392156863,9.803921568627452,12.254901960784313,0.0,0.0,178.921568627451,4.901960784313726,0.0,26.96078431372549,0.0,0.0,0.0,4.901960784313726,19.607843137254903,0.0,0.0,0.0,2.450980392156863,0.0,0.0,0.0,0.0,0.0,0.0,0.0,0.0,2.450980392156863,4.901960784313726,71.07843137254902,53.92156862745098,7.352941176470588,75.98039215686273,0.5876288659793815,4.22680412371134,0.0,2.450980392156863,7.352941176470588,7.352941176470588,14.705882352941176,0.0,19.607843137254903,7.352941176470588,2.450980392156863,4.901960784313726,4.901960784313726,29.41176470588235,4.901960784313726,2.450980392156863,46.568627450980394,2.450980392156863,2.450980392156863,0.0,2.450980392156863,2.450980392156863,17.156862745098042,0.0,7.352941176470588
S3RZ,4.901960784313726,4.901960784313726,107.84313725490196,0.0,2.450980392156863,36.76470588235294,4.901960784313726,17.156862745098042,29.41176470588235,14.705882352941176,4.901960784313726,0.0,9.803921568627452,22.058823529411764,0.0,181.37254901960785,7.352941176470588,0.0,41.666666666666664,0.0,2.450980392156863,0.0,0.0,19.607843137254903,2.450980392156863,0.0,0.0,0.0,0.0,0.0,2.450980392156863,0.0,0.0,2.450980392156863,0.0,0.0,0.0,2.450980392156863,78.43137254901961,71.07843137254902,4.901960784313726,110.29411764705883,0.5949367088607594,5.007594936708861,2.450980392156863,2.450980392156863,2.450980392156863,2.450980392156863,29.41176470588235,4.901960784313726,17.156862745098042,12.254901960784313,2.450980392156863,0.0,2.450980392156863,14.705882352941176,4.901960784313726,0.0,31.862745098039213,0.0,0.0,0.0,2.450980392156863,4.901960784313726,14.705882352941176,0.0,9.803921568627452
S432,19.002375296912113,7.125890736342043,95.01187648456057,2.375296912114014,0.0,47.50593824228029,21.377672209026127,21.377672209026127,21.377672209026127,9.501187648456057,2.375296912114014,2.375296912114014,16.6270783847981,11.876484560570072,0.0,197.14964370546318,0.0,0.0,40.38004750593824,2.375296912114014,2.375296912114014,0.0,4.750593824228028,14.251781472684087,0.0,0.0,0.0,2.375296912114014,2.375296912114014,0.0,0.0,0.0,0.0,0.0,0.0,0.0,2.375296912114014,0.0,83.1353919239905,47.50593824228029,23.752969121140143,85.5106888361045,0.543424317617866,4.176178660049628,0.0,0.0,0.0,4.750593824228028,28.503562945368174,0.0,14.251781472684087,4.750593824228028,2.375296912114014,7.125890736342043,2.375296912114014,35.62945368171022,2.375296912114014,0.0,38.00475059382423,0.0,0.0,0.0,4.750593824228028,7.125890736342043,14.251781472684087,0.0,14.251781472684087
S43S,29.62962962962963,14.814814814814815,86.41975308641975,0.0,0.0,69.1358024691358,22.22222222222222,9.876543209876543,24.691358024691358,17.28395061728395,7.407407407407407,4.938271604938271,7.407407407407407,14.814814814814815,0.0,128.39506172839506,4.938271604938271,0.0,39.50617283950617,2.4691358024691357,0.0,0.0,0.0,29.62962962962963,2.4691358024691357,0.0,0.0,2.4691358024691357,2.4691358024691357,2.4691358024691357,0.0,0.0,0.0,0.0,0.0,0.0,0.0,2.4691358024691357,86.41975308641975,41.97530864197531,4.938271604938271,88.88888888888889,0.5473684210526316,4.021052631578947,0.0,2.4691358024691357,0.0,2.4691358024691357,29.62962962962963,2.4691358024691357,12.345679012345679,7.407407407407407,2.4691358024691357,14.814814814814815,2.4691358024691357,24.691358024691358,7.407407407407407,2.4691358024691357,56.79012345679013,2.4691358024691357,0.0,2.4691358024691357,17.28395061728395,7.407407407407407,14.814814814814815,0.0,12.345679012345679
S4K7,9.75609756097561,7.317073170731708,63.41463414634146,4.878048780487805,0.0,36.58536585365854,14.634146341463415,41.463414634146346,14.634146341463415,12.195121951219512,7.317073170731708,0.0,9.75609756097561,14.634146341463415,0.0,190.2439024390244,0.0,0.0,19.51219512195122,0.0,0.0,0.0,2.4390243902439024,19.51219512195122,0.0,0.0,0.0,0.0,0.0,2.4390243902439024,0.0,0.0,0.0,0.0,2.4390243902439024,0.0,7.317073170731708,14.634146341463415,70.73170731707316,63.41463414634146,4.878048780487805,78.04878048780488,0.5746835443037974,4.440506329113924,4.878048780487805,0.0,12.195121951219512,9.75609756097561,12.195121951219512,0.0,7.317073170731708,14.634146341463415,7.317073170731708,2.4390243902439024,0.0,36.58536585365854,4.878048780487805,0.0,31.70731707317073,0.0,0.0,0.0,12.195121951219512,12.195121951219512,19.51219512195122,0.0,4.878048780487805
S4KW,24.630541871921185,19.704433497536947,81.2807881773399,2.4630541871921183,9.852216748768473,36.94581280788178,19.704433497536947,12.315270935960593,9.852216748768473,17.241379310344826,4.926108374384237,2.4630541871921183,12.315270935960593,4.926108374384237,4.926108374384237,201.9704433497537,2.4630541871921183,0.0,36.94581280788178,4.926108374384237,0.0,0.0,2.4630541871921183,14.778325123152708,4.926108374384237,0.0,0.0,4.926108374384237,0.0,0.0,2.4630541871921183,0.0,0.0,0.0,0.0,0.0,4.926108374384237,14.778325123152708,83.74384236453201,46.79802955665024,7.389162561576354,113.30049261083744,0.6052631578947368,4.402631578947369,0.0,2.4630541871921183,0.0,7.389162561576354,27.093596059113302,4.926108374384237,9.852216748768473,7.389162561576354,2.4630541871921183,0.0,0.0,34.48275862068965,0.0,0.0,39.40886699507389,0.0,2.4630541871921183,0.0,0.0,9.852216748768473,19.704433497536947,2.4630541871921183,19.704433497536947
S4L9,9.803921568627452,9.803921568627452,98.0392156862745,2.450980392156863,4.901960784313726,46.568627450980394,19.607843137254903,14.705882352941176,34.313725490196084,9.803921568627452,7.352941176470588,7.352941176470588,14.705882352941176,17.156862745098042,2.450980392156863,225.49019607843138,4.901960784313726,0.0,39.21568627450981,2.450980392156863,0.0,0.0,2.450980392156863,7.352941176470588,2.450980392156863,0.0,0.0,2.450980392156863,0.0,0.0,0.0,0.0,0.0,0.0,0.0,0.0,7.352941176470588,9.803921568627452,85.7843137254902,44.11764705882353,12.254901960784313,80.88235294117648,0.5983827493261455,4.622641509433962,4.901960784313726,0.0,4.901960784313726,0.0,14.705882352941176,4.901960784313726,7.352941176470588,17.156862745098042,0.0,2.450980392156863,2.450980392156863,41.666666666666664,2.450980392156863,2.450980392156863,49.01960784313725,2.450980392156863,2.450980392156863,0.0,0.0,7.352941176470588,12.254901960784313,0.0,4.901960784313726
S4MV,44.00977995110025,14.669926650366747,78.239608801956,0.0,0.0,58.67970660146699,17.114914425427873,17.114914425427873,26.89486552567237,9.7799511002445,2.444987775061125,2.444987775061125,31.78484107579462,31.78484107579462,0.0,78.239608801956,4.88997555012225,0.0,51.344743276283616,0.0,0.0,2.444987775061125,4.88997555012225,31.78484107579462,2.444987775061125,0.0,0.0,0.0,2.444987775061125,0.0,0.0,0.0,0.0,0.0,2.444987775061125,0.0,4.88997555012225,7.334963325183374,66.01466992665037,31.78484107579462,17.114914425427873,173.59413202933985,0.5625,4.377604166666667,0.0,0.0,2.444987775061125,0.0,39.119804400978,0.0,9.7799511002445,7.334963325183374,0.0,9.7799511002445,7.334963325183374,39.119804400978,2.444987775061125,0.0,61.12469437652811,0.0,0.0,0.0,9.7799511002445,7.334963325183374,22.004889975550125,0.0,22.004889975550125
S4NB,71.60493827160494,4.938271604938271,37.03703703703704,0.0,4.938271604938271,66.66666666666667,17.28395061728395,7.407407407407407,34.5679012345679,14.814814814814815,0.0,2.4691358024691357,14.814814814814815,7.407407407407407,2.4691358024691357,219.7530864197531,2.4691358024691357,0.0,34.5679012345679,2.4691358024691357,0.0,0.0,4.938271604938271,7.407407407407407,0.0,0.0,0.0,0.0,2.4691358024691357,0.0,0.0,0.0,0.0,2.4691358024691357,0.0,2.4691358024691357,0.0,2.4691358024691357,93.82716049382717,29.62962962962963,9.876543209876543,111.1111111111111,0.5257731958762887,4.278350515463917,2.4691358024691357,0.0,4.938271604938271,2.4691358024691357,37.03703703703704,0.0,4.938271604938271,4.938271604938271,2.4691358024691357,4.938271604938271,4.938271604938271,22.22222222222222,2.4691358024691357,2.4691358024691357,22.22222222222222,2.4691358024691357,2.4691358024691357,0.0,2.4691358024691357,2.4691358024691357,14.814814814814815,0.0,9.876543209876543
S4S5,39.50617283950617,2.4691358024691357,69.1358024691358,0.0,9.876543209876543,71.60493827160494,22.22222222222222,2.4691358024691357,24.691358024691358,12.345679012345679,4.938271604938271,2.4691358024691357,12.345679012345679,4.938271604938271,2.4691358024691357,155.55555555555557,4.938271604938271,2.4691358024691357,46.91358024691358,0.0,0.0,0.0,0.0,19.753086419753085,0.0,0.0,0.0,2.4691358024691357,4.938271604938271,0.0,0.0,0.0,0.0,0.0,0.0,4.938271604938271,2.4691358024691357,4.938271604938271,86.41975308641975,27.160493827160494,14.814814814814815,130.8641975308642,0.5012987012987012,4.212987012987013,0.0,7.407407407407407,4.938271604938271,2.4691358024691357,39.50617283950617,2.4691358024691357,7.407407407407407,4.938271604938271,4.938271604938271,9.876543209876543,4.938271604938271,22.22222222222222,0.0,0.0,37.03703703703704,0.0,2.4691358024691357,0.0,2.4691358024691357,7.407407407407407,29.62962962962963,0.0,2.4691358024691357
S4TV,7.371007371007371,4.914004914004914,83.53808353808354,0.0,4.914004914004914,24.570024570024568,31.94103194103194,7.371007371007371,19.656019656019655,9.828009828009828,4.914004914004914,7.371007371007371,14.742014742014742,14.742014742014742,2.457002457002457,228.5012285012285,2.457002457002457,0.0,46.68304668304668,2.457002457002457,2.457002457002457,0.0,0.0,29.484029484029485,0.0,0.0,0.0,2.457002457002457,2.457002457002457,0.0,0.0,0.0,0.0,0.0,0.0,0.0,7.371007371007371,0.0,105.65110565110565,36.85503685503686,17.1990171990172,76.16707616707617,0.5549738219895288,4.667539267015707,7.371007371007371,0.0,0.0,2.457002457002457,17.1990171990172,0.0,4.914004914004914,19.656019656019655,0.0,0.0,2.457002457002457,17.1990171990172,0.0,0.0,31.94103194103194,0.0,2.457002457002457,2.457002457002457,7.371007371007371,19.656019656019655,7.371007371007371,0.0,12.285012285012284
S4VJ,27.43142144638404,14.962593516209475,102.24438902743142,2.493765586034913,4.987531172069826,79.80049875311721,17.456359102244388,2.493765586034913,37.406483790523694,4.987531172069826,2.493765586034913,0.0,12.468827930174564,7.481296758104738,4.987531172069826,157.10723192019952,0.0,0.0,77.3067331670823,0.0,0.0,0.0,7.481296758104738,22.443890274314214,0.0,0.0,0.0,0.0,0.0,0.0,0.0,0.0,0.0,0.0,0.0,7.481296758104738,7.481296758104738,2.493765586034913,77.3067331670823,24.93765586034913,19.950124688279303,109.72568578553616,0.5422343324250681,4.201634877384196,2.493765586034913,0.0,0.0,4.987531172069826,17.456359102244388,2.493765586034913,17.456359102244388,2.493765586034913,0.0,9.975062344139651,2.493765586034913,39.900249376558605,0.0,2.493765586034913,74.81296758104739,0.0,0.0,0.0,2.493765586034913,0.0,4.987531172069826,2.493765586034913,27.43142144638404
S4W8,14.457831325301205,12.048192771084338,67.46987951807229,0.0,4.819277108433735,62.65060240963856,21.686746987951807,16.867469879518072,14.457831325301205,26.50602409638554,2.4096385542168677,2.4096385542168677,12.048192771084338,2.4096385542168677,0.0,185.54216867469881,4.819277108433735,0.0,50.60240963855422,0.0,0.0,0.0,2.4096385542168677,19.27710843373494,7.228915662650603,0.0,0.0,0.0,0.0,0.0,0.0,0.0,0.0,0.0,0.0,0.0,2.4096385542168677,9.63855421686747,86.74698795180723,24.096385542168676,19.27710843373494,81.9277108433735,0.5279187817258884,4.104060913705584,4.819277108433735,0.0,4.819277108433735,2.4096385542168677,21.686746987951807,2.4096385542168677,7.228915662650603,9.63855421686747,2.4096385542168677,9.63855421686747,0.0,24.096385542168676,2.4096385542168677,0.0,48.19277108433735,0.0,2.4096385542168677,0.0,0.0,9.63855421686747,12.048192771084338,0.0,7.228915662650603
S4WJ,28.985507246376812,2.4154589371980677,84.54106280193237,0.0,9.66183574879227,60.386473429951685,24.154589371980677,21.73913043478261,28.985507246376812,4.830917874396135,9.66183574879227,9.66183574879227,14.492753623188406,4.830917874396135,9.66183574879227,137.68115942028984,9.66183574879227,0.0,53.14009661835749,0.0,2.4154589371980677,0.0,0.0,26.570048309178745,2.4154589371980677,0.0,0.0,0.0,2.4154589371980677,0.0,2.4154589371980677,0.0,2.4154589371980677,0.0,2.4154589371980677,0.0,2.4154589371980677,7.246376811594203,70.04830917874396,24.154589371980677,9.66183574879227,106.28019323671498,0.6096938775510204,4.288265306122449,2.4154589371980677,0.0,0.0,2.4154589371980677,26.570048309178745,0.0,7.246376811594203,19.32367149758454,4.830917874396135,4.830917874396135,12.077294685990339,33.81642512077295,4.830917874396135,0.0,50.72463768115942,0.0,0.0,2.4154589371980677,4.830917874396135,2.4154589371980677,16.908212560386474,0.0,14.492753623188406
S57G,46.34146341463415,12.195121951219512,56.09756097560976,0.0,4.878048780487805,26.829268292682926,2.4390243902439024,34.146341463414636,7.317073170731708,7.317073170731708,4.878048780487805,2.4390243902439024,12.195121951219512,14.634146341463415,2.4390243902439024,234.14634146341464,4.878048780487805,0.0,43.90243902439024,0.0,2.4390243902439024,0.0,0.0,17.073170731707318,2.4390243902439024,2.4390243902439024,0.0,0.0,0.0,0.0,2.4390243902439024,0.0,0.0,0.0,0.0,0.0,2.4390243902439024,4.878048780487805,80.48780487804878,31.70731707317073,12.195121951219512,80.48780487804878,0.5244215938303342,4.182519280205655,2.4390243902439024,0.0,2.4390243902439024,0.0,7.317073170731708,0.0,2.4390243902439024,4.878048780487805,4.878048780487805,4.878048780487805,0.0,19.51219512195122,2.4390243902439024,0.0,14.634146341463415,0.0,0.0,0.0,7.317073170731708,4.878048780487805,14.634146341463415,0.0,4.878048780487805
S5B4,39.31203931203931,7.371007371007371,78.62407862407862,0.0,0.0,58.96805896805897,19.656019656019655,4.914004914004914,39.31203931203931,9.828009828009828,4.914004914004914,2.457002457002457,24.570024570024568,27.027027027027028,4.914004914004914,144.96314496314497,2.457002457002457,2.457002457002457,39.31203931203931,4.914004914004914,2.457002457002457,0.0,4.914004914004914,22.11302211302211,2.457002457002457,0.0,2.457002457002457,0.0,0.0,0.0,0.0,0.0,0.0,0.0,2.457002457002457,0.0,2.457002457002457,7.371007371007371,78.62407862407862,49.140049140049136,7.371007371007371,120.39312039312038,0.6169665809768637,4.4652956298200515,2.457002457002457,4.914004914004914,2.457002457002457,12.285012285012284,9.828009828009828,2.457002457002457,14.742014742014742,9.828009828009828,2.457002457002457,4.914004914004914,2.457002457002457,19.656019656019655,2.457002457002457,0.0,41.76904176904177,0.0,0.0,0.0,2.457002457002457,12.285012285012284,17.1990171990172,0.0,12.285012285012284
S5P8,17.32673267326733,4.9504950495049505,118.8118811881188,0.0,2.4752475247524752,39.603960396039604,32.17821782178218,27.22772277227723,19.801980198019802,9.900990099009901,4.9504950495049505,2.4752475247524752,14.85148514851485,14.85148514851485,2.4752475247524752,217.82178217821783,0.0,0.0,37.12871287128713,0.0,2.4752475247524752,4.9504950495049505,0.0,9.900990099009901,0.0,0.0,2.4752475247524752,0.0,7.425742574257425,0.0,0.0,0.0,0.0,2.4752475247524752,0.0,0.0,7.425742574257425,4.9504950495049505,74.25742574257426,42.07920792079208,14.85148514851485,81.68316831683168,0.5661375661375662,4.317460317460317,2.4752475247524752,0.0,7.425742574257425,7.425742574257425,7.425742574257425,0.0,0.0,2.4752475247524752,0.0,0.0,2.4752475247524752,27.22772277227723,2.4752475247524752,9.900990099009901,32.17821782178218,4.9504950495049505,0.0,0.0,2.4752475247524752,9.900990099009901,22.277227722772277,0.0,9.900990099009901
S5QR,28.846153846153847,4.807692307692308,84.13461538461539,4.807692307692308,2.403846153846154,45.67307692307692,21.634615384615383,40.86538461538461,16.826923076923077,7.211538461538462,9.615384615384617,4.807692307692308,26.442307692307693,4.807692307692308,2.403846153846154,137.01923076923077,0.0,0.0,43.26923076923077,2.403846153846154,2.403846153846154,0.0,0.0,21.634615384615383,0.0,0.0,0.0,0.0,4.807692307692308,0.0,7.211538461538462,0.0,0.0,2.403846153846154,2.403846153846154,0.0,2.403846153846154,4.807692307692308,62.5,21.634615384615383,7.211538461538462,125.0,0.547979797979798,4.101010101010101,0.0,0.0,7.211538461538462,4.807692307692308,33.65384615384615,0.0,16.826923076923077,9.615384615384617,0.0,7.211538461538462,2.403846153846154,31.25,0.0,9.615384615384617,40.86538461538461,0.0,2.403846153846154,0.0,7.211538461538462,9.615384615384617,31.25,2.403846153846154,16.826923076923077
S5TE,32.786885245901644,14.05152224824356,84.30913348946136,0.0,0.0,32.786885245901644,14.05152224824356,14.05152224824356,37.47072599531616,11.7096018735363,2.34192037470726,11.7096018735363,18.73536299765808,11.7096018735363,2.34192037470726,196.72131147540983,2.34192037470726,0.0,53.86416861826697,7.02576112412178,0.0,0.0,0.0,18.73536299765808,0.0,0.0,0.0,2.34192037470726,0.0,0.0,4.68384074941452,0.0,0.0,0.0,0.0,0.0,4.68384074941452,0.0,88.99297423887587,44.49648711943794,2.34192037470726,91.33489461358315,0.5338345864661654,4.348370927318296,0.0,0.0,0.0,2.34192037470726,21.07728337236534,9.36768149882904,9.36768149882904,14.05152224824356,2.34192037470726,2.34192037470726,2.34192037470726,32.786885245901644,0.0,2.34192037470726,44.49648711943794,0.0,0.0,0.0,7.02576112412178,9.36768149882904,25.76112412177986,0.0,16.393442622950822
S5U8,9.7799511002445,4.88997555012225,100.24449877750611,0.0,0.0,9.7799511002445,14.669926650366747,29.339853300733495,29.339853300733495,14.669926650366747,19.559902200489,2.444987775061125,14.669926650366747,2.444987775061125,7.334963325183374,183.37408312958436,4.88997555012225,0.0,63.56968215158924,0.0,0.0,0.0,0.0,12.224938875305625,0.0,0.0,0.0,2.444987775061125,4.88997555012225,0.0,0.0,0.0,0.0,0.0,0.0,0.0,4.88997555012225,0.0,92.90953545232274,53.78973105134474,17.114914425427873,83.12958435207824,0.5244215938303342,4.5475578406169666,2.444987775061125,2.444987775061125,24.44987775061125,2.444987775061125,14.669926650366747,0.0,9.7799511002445,17.114914425427873,0.0,2.444987775061125,2.444987775061125,31.78484107579462,0.0,0.0,39.119804400978,0.0,0.0,0.0,4.88997555012225,7.334963325183374,12.224938875305625,0.0,9.7799511002445
S5XD,19.27710843373494,2.4096385542168677,106.02409638554217,4.819277108433735,2.4096385542168677,33.734939759036145,19.27710843373494,19.27710843373494,48.19277108433735,16.867469879518072,7.228915662650603,12.048192771084338,24.096385542168676,21.686746987951807,0.0,195.18072289156626,2.4096385542168677,0.0,50.60240963855422,0.0,0.0,2.4096385542168677,0.0,12.048192771084338,2.4096385542168677,0.0,2.4096385542168677,0.0,4.819277108433735,0.0,0.0,0.0,0.0,0.0,0.0,2.4096385542168677,7.228915662650603,0.0,81.9277108433735,36.144578313253014,14.457831325301205,79.51807228915662,0.6163682864450127,4.457800511508951,4.819277108433735,2.4096385542168677,2.4096385542168677,2.4096385542168677,24.096385542168676,0.0,7.228915662650603,7.228915662650603,0.0,7.228915662650603,0.0,9.63855421686747,0.0,4.819277108433735,53.01204819277108,0.0,0.0,0.0,2.4096385542168677,7.228915662650603,19.27710843373494,2.4096385542168677,4.819277108433735
S64H,44.554455445544555,17.32673267326733,99.00990099009901,2.4752475247524752,12.376237623762377,64.35643564356435,27.22772277227723,4.9504950495049505,27.22772277227723,9.900990099009901,12.376237623762377,7.425742574257425,17.32673267326733,2.4752475247524752,4.9504950495049505,173.26732673267327,0.0,0.0,47.02970297029703,2.4752475247524752,2.4752475247524752,0.0,2.4752475247524752,27.22772277227723,4.9504950495049505,0.0,0.0,2.4752475247524752,2.4752475247524752,0.0,0.0,0.0,0.0,0.0,0.0,2.4752475247524752,2.4752475247524752,2.4752475247524752,84.15841584158416,34.65346534653466,14.85148514851485,79.20792079207921,0.5573333333333333,4.12,0.0,0.0,0.0,2.4752475247524752,17.32673267326733,2.4752475247524752,12.376237623762377,2.4752475247524752,0.0,2.4752475247524752,0.0,24.752475247524753,0.0,2.4752475247524752,37.12871287128713,0.0,0.0,0.0,0.0,4.9504950495049505,24.752475247524753,2.4752475247524752,2.4752475247524752
S68E,19.607843137254903,17.156862745098042,98.0392156862745,0.0,4.901960784313726,53.92156862745098,9.803921568627452,19.607843137254903,17.156862745098042,9.803921568627452,19.607843137254903,4.901960784313726,22.058823529411764,12.254901960784313,0.0,196.078431372549,0.0,0.0,44.11764705882353,2.450980392156863,0.0,0.0,2.450980392156863,19.607843137254903,4.901960784313726,0.0,0.0,0.0,0.0,0.0,0.0,0.0,0.0,0.0,0.0,0.0,0.0,12.254901960784313,71.07843137254902,26.96078431372549,12.254901960784313,102.94117647058823,0.5792349726775956,4.278688524590164,2.450980392156863,2.450980392156863,0.0,0.0,26.96078431372549,0.0,4.901960784313726,9.803921568627452,0.0,2.450980392156863,2.450980392156863,19.607843137254903,2.450980392156863,4.901960784313726,61.27450980392157,2.450980392156863,2.450980392156863,0.0,2.450980392156863,0.0,19.607843137254903,0.0,9.803921568627452
S69V,7.228915662650603,4.819277108433735,79.51807228915662,2.4096385542168677,4.819277108433735,60.24096385542169,9.63855421686747,12.048192771084338,19.27710843373494,2.4096385542168677,0.0,4.819277108433735,19.27710843373494,19.27710843373494,4.819277108433735,166.26506024096386,7.228915662650603,0.0,33.734939759036145,2.4096385542168677,2.4096385542168677,0.0,2.4096385542168677,7.228915662650603,0.0,0.0,2.4096385542168677,2.4096385542168677,7.228915662650603,0.0,0.0,0.0,0.0,0.0,0.0,0.0,2.4096385542168677,9.63855421686747,93.97590361445783,57.83132530120482,7.228915662650603,118.0722891566265,0.5846153846153846,4.923076923076923,0.0,0.0,2.4096385542168677,7.228915662650603,24.096385542168676,0.0,21.686746987951807,16.867469879518072,4.819277108433735,7.228915662650603,12.048192771084338,21.686746987951807,7.228915662650603,2.4096385542168677,57.83132530120482,0.0,0.0,0.0,2.4096385542168677,9.63855421686747,14.457831325301205,0.0,21.686746987951807
S6EX,38.36930455635491,2.398081534772182,83.93285371702639,0.0,0.0,55.15587529976019,19.184652278177456,9.592326139088728,26.378896882494004,16.786570743405274,9.592326139088728,0.0,21.58273381294964,16.786570743405274,0.0,199.04076738609115,14.388489208633095,0.0,50.35971223021583,2.398081534772182,2.398081534772182,0.0,4.796163069544364,14.388489208633095,2.398081534772182,0.0,0.0,0.0,4.796163069544364,0.0,2.398081534772182,0.0,0.0,0.0,0.0,0.0,4.796163069544364,4.796163069544364,103.11750599520383,40.7673860911271,16.786570743405274,69.54436450839329,0.5673575129533679,4.339378238341969,2.398081534772182,0.0,0.0,2.398081534772182,19.184652278177456,2.398081534772182,11.990407673860911,14.388489208633095,2.398081534772182,2.398081534772182,0.0,33.57314148681055,0.0,2.398081534772182,43.16546762589928,0.0,2.398081534772182,0.0,7.194244604316547,4.796163069544364,14.388489208633095,0.0,14.388489208633095
S6GC,29.26829268292683,4.878048780487805,97.5609756097561,4.878048780487805,2.4390243902439024,53.65853658536585,31.70731707317073,26.829268292682926,21.95121951219512,9.75609756097561,0.0,0.0,26.829268292682926,0.0,4.878048780487805,148.78048780487805,0.0,0.0,56.09756097560976,4.878048780487805,0.0,0.0,2.4390243902439024,17.073170731707318,2.4390243902439024,0.0,0.0,0.0,0.0,0.0,2.4390243902439024,0.0,0.0,0.0,2.4390243902439024,0.0,7.317073170731708,2.4390243902439024,70.73170731707316,29.26829268292683,4.878048780487805,121.95121951219512,0.5520833333333334,4.145833333333333,2.4390243902439024,0.0,2.4390243902439024,7.317073170731708,19.51219512195122,2.4390243902439024,4.878048780487805,7.317073170731708,0.0,9.75609756097561,2.4390243902439024,34.146341463414636,2.4390243902439024,0.0,60.97560975609756,0.0,0.0,0.0,2.4390243902439024,9.75609756097561,31.70731707317073,4.878048780487805,24.390243902439025
S6Q6,24.509803921568626,9.803921568627452,83.33333333333333,0.0,0.0,56.372549019607845,12.254901960784313,2.450980392156863,41.666666666666664,7.352941176470588,12.254901960784313,0.0,7.352941176470588,7.352941176470588,0.0,178.921568627451,4.901960784313726,0.0,49.01960784313725,4.901960784313726,0.0,0.0,0.0,7.352941176470588,0.0,0.0,2.450980392156863,0.0,4.901960784313726,0.0,2.450980392156863,0.0,0.0,0.0,2.450980392156863,0.0,4.901960784313726,9.803921568627452,83.33333333333333,41.666666666666664,17.156862745098042,71.07843137254902,0.5684210526315789,4.223684210526316,7.352941176470588,0.0,2.450980392156863,12.254901960784313,26.96078431372549,0.0,12.254901960784313,9.803921568627452,2.450980392156863,4.901960784313726,4.901960784313726,24.509803921568626,4.901960784313726,0.0,56.372549019607845,0.0,2.450980392156863,0.0,9.803921568627452,14.705882352941176,17.156862745098042,0.0,9.803921568627452
S6R4,37.825059101654844,18.912529550827422,99.29078014184398,4.7281323877068555,7.092198581560283,85.1063829787234,21.27659574468085,4.7281323877068555,37.825059101654844,7.092198581560283,4.7281323877068555,4.7281323877068555,14.184397163120567,9.456264775413711,9.456264775413711,130.02364066193851,9.456264775413711,0.0,42.5531914893617,4.7281323877068555,2.3640661938534278,0.0,0.0,18.912529550827422,0.0,0.0,0.0,0.0,2.3640661938534278,0.0,0.0,0.0,0.0,0.0,0.0,4.7281323877068555,0.0,21.27659574468085,89.83451536643027,33.09692671394799,9.456264775413711,111.1111111111111,0.5651105651105651,4.250614250614251,0.0,0.0,2.3640661938534278,4.7281323877068555,18.912529550827422,2.3640661938534278,2.3640661938534278,4.7281323877068555,2.3640661938534278,0.0,4.7281323877068555,44.917257683215134,2.3640661938534278,0.0,37.825059101654844,4.7281323877068555,0.0,0.0,4.7281323877068555,0.0,11.82033096926714,0.0,7.092198581560283
S6UQ,14.285714285714285,2.3809523809523814,92.85714285714286,0.0,0.0,57.14285714285714,23.809523809523807,28.57142857142857,26.19047619047619,11.904761904761903,11.904761904761903,4.761904761904763,16.666666666666668,2.3809523809523814,0.0,214.28571428571428,2.3809523809523814,0.0,38.0952380952381,2.3809523809523814,0.0,0.0,4.761904761904763,21.428571428571427,0.0,0.0,0.0,2.3809523809523814,2.3809523809523814,0.0,0.0,0.0,0.0,0.0,0.0,0.0,7.142857142857142,4.761904761904763,57.14285714285714,30.952380952380953,4.761904761904763,78.57142857142857,0.5509138381201044,4.065274151436031,0.0,0.0,2.3809523809523814,2.3809523809523814,14.285714285714285,2.3809523809523814,9.523809523809526,14.285714285714285,0.0,11.904761904761903,7.142857142857142,35.714285714285715,0.0,0.0,45.238095238095234,0.0,0.0,0.0,4.761904761904763,7.142857142857142,21.428571428571427,0.0,9.523809523809526
S72E,34.313725490196084,9.803921568627452,90.68627450980392,7.352941176470588,7.352941176470588,56.372549019607845,29.41176470588235,22.058823529411764,31.862745098039213,14.705882352941176,12.254901960784313,0.0,17.156862745098042,0.0,0.0,154.41176470588235,2.450980392156863,0.0,56.372549019607845,0.0,0.0,0.0,2.450980392156863,19.607843137254903,0.0,0.0,0.0,0.0,0.0,0.0,0.0,0.0,0.0,0.0,0.0,0.0,0.0,4.901960784313726,88.23529411764706,29.41176470588235,19.607843137254903,115.19607843137254,0.5414507772020726,4.023316062176166,2.450980392156863,2.450980392156863,2.450980392156863,2.450980392156863,39.21568627450981,4.901960784313726,12.254901960784313,9.803921568627452,0.0,4.901960784313726,7.352941176470588,31.862745098039213,0.0,0.0,49.01960784313725,0.0,0.0,0.0,4.901960784313726,4.901960784313726,22.058823529411764,2.450980392156863,9.803921568627452
S776,41.16222760290557,0.0,60.53268765133172,7.263922518159807,9.685230024213075,41.16222760290557,12.106537530266344,21.791767554479417,21.791767554479417,19.37046004842615,14.527845036319613,0.0,9.685230024213075,4.842615012106537,2.4213075060532687,200.9685230024213,2.4213075060532687,0.0,48.426150121065376,2.4213075060532687,0.0,0.0,0.0,16.949152542372882,4.842615012106537,0.0,0.0,0.0,0.0,0.0,0.0,0.0,0.0,0.0,0.0,0.0,4.842615012106537,9.685230024213075,62.953995157384995,41.16222760290557,16.949152542372882,99.27360774818402,0.5319148936170213,4.162234042553192,2.4213075060532687,4.842615012106537,9.685230024213075,0.0,19.37046004842615,2.4213075060532687,4.842615012106537,14.527845036319613,2.4213075060532687,2.4213075060532687,7.263922518159807,14.527845036319613,7.263922518159807,4.842615012106537,43.583535108958834,0.0,0.0,0.0,4.842615012106537,2.4213075060532687,14.527845036319613,2.4213075060532687,9.685230024213075
S7JS,34.82587064676617,7.462686567164179,69.65174129353234,0.0,4.975124378109452,49.75124378109453,44.776119402985074,12.437810945273633,19.90049751243781,9.950248756218905,9.950248756218905,0.0,27.36318407960199,9.950248756218905,4.975124378109452,134.32835820895522,0.0,0.0,47.2636815920398,0.0,4.975124378109452,0.0,4.975124378109452,22.388059701492537,2.487562189054726,0.0,0.0,4.975124378109452,2.487562189054726,0.0,0.0,0.0,0.0,0.0,0.0,0.0,7.462686567164179,12.437810945273633,84.5771144278607,22.388059701492537,17.412935323383085,101.99004975124377,0.5360824742268041,4.479381443298969,0.0,0.0,0.0,2.487562189054726,12.437810945273633,0.0,12.437810945273633,12.437810945273633,0.0,17.412935323383085,4.975124378109452,59.701492537313435,4.975124378109452,0.0,27.36318407960199,2.487562189054726,0.0,2.487562189054726,9.950248756218905,14.925373134328359,17.412935323383085,0.0,7.462686567164179
S7KK,16.908212560386474,26.570048309178745,79.71014492753622,7.246376811594203,7.246376811594203,53.14009661835749,16.908212560386474,12.077294685990339,21.73913043478261,4.830917874396135,9.66183574879227,2.4154589371980677,16.908212560386474,14.492753623188406,0.0,224.63768115942028,7.246376811594203,0.0,24.154589371980677,0.0,0.0,0.0,0.0,7.246376811594203,9.66183574879227,0.0,0.0,0.0,0.0,0.0,2.4154589371980677,0.0,2.4154589371980677,2.4154589371980677,2.4154589371980677,0.0,0.0,0.0,103.86473429951691,60.386473429951685,4.830917874396135,99.03381642512076,0.6124031007751938,4.578811369509044,0.0,2.4154589371980677,0.0,2.4154589371980677,19.32367149758454,2.4154589371980677,4.830917874396135,7.246376811594203,2.4154589371980677,0.0,2.4154589371980677,9.66183574879227,4.830917874396135,0.0,36.231884057971016,0.0,2.4154589371980677,0.0,12.077294685990339,12.077294685990339,16.908212560386474,2.4154589371980677,7.246376811594203
S7RD,12.437810945273633,2.487562189054726,74.62686567164178,2.487562189054726,4.975124378109452,59.701492537313435,24.875621890547265,4.975124378109452,22.388059701492537,27.36318407960199,7.462686567164179,4.975124378109452,7.462686567164179,7.462686567164179,2.487562189054726,211.44278606965176,2.487562189054726,0.0,42.28855721393035,4.975124378109452,0.0,0.0,2.487562189054726,22.388059701492537,0.0,0.0,0.0,0.0,2.487562189054726,0.0,0.0,0.0,0.0,0.0,0.0,0.0,2.487562189054726,2.487562189054726,64.67661691542288,39.80099502487562,9.950248756218905,87.06467661691543,0.4772117962466488,4.040214477211796,9.950248756218905,2.487562189054726,17.412935323383085,7.462686567164179,14.925373134328359,0.0,9.950248756218905,32.33830845771144,0.0,4.975124378109452,4.975124378109452,19.90049751243781,0.0,0.0,24.875621890547265,2.487562189054726,0.0,0.0,0.0,4.975124378109452,19.90049751243781,2.487562189054726,2.487562189054726
S7WR,4.926108374384237,4.926108374384237,88.66995073891626,0.0,2.4630541871921183,29.556650246305416,29.556650246305416,4.926108374384237,24.630541871921185,17.241379310344826,2.4630541871921183,0.0,27.093596059113302,7.389162561576354,7.389162561576354,226.60098522167488,4.926108374384237,0.0,56.65024630541872,4.926108374384237,2.4630541871921183,0.0,4.926108374384237,17.241379310344826,0.0,0.0,0.0,0.0,0.0,2.4630541871921183,0.0,0.0,0.0,4.926108374384237,4.926108374384237,0.0,4.926108374384237,0.0,100.98522167487685,34.48275862068965,7.389162561576354,93.59605911330048,0.45135135135135135,4.205405405405405,2.4630541871921183,2.4630541871921183,0.0,2.4630541871921183,19.704433497536947,2.4630541871921183,0.0,22.167487684729064,2.4630541871921183,7.389162561576354,2.4630541871921183,17.241379310344826,0.0,0.0,44.33497536945813,2.4630541871921183,2.4630541871921183,0.0,4.926108374384237,22.167487684729064,22.167487684729064,2.4630541871921183,12.315270935960593
S7ZG,4.914004914004914,36.85503685503686,100.73710073710073,0.0,12.285012285012284,98.28009828009827,4.914004914004914,4.914004914004914,29.484029484029485,7.371007371007371,2.457002457002457,0.0,7.371007371007371,7.371007371007371,2.457002457002457,152.33415233415235,4.914004914004914,0.0,36.85503685503686,0.0,0.0,0.0,2.457002457002457,7.371007371007371,4.914004914004914,0.0,0.0,2.457002457002457,0.0,0.0,0.0,0.0,0.0,0.0,0.0,0.0,4.914004914004914,4.914004914004914,88.45208845208845,58.96805896805897,4.914004914004914,127.76412776412776,0.5763157894736842,4.623684210526315,4.914004914004914,0.0,0.0,2.457002457002457,24.570024570024568,2.457002457002457,2.457002457002457,14.742014742014742,0.0,0.0,2.457002457002457,29.484029484029485,0.0,7.371007371007371,63.88206388206388,0.0,2.457002457002457,0.0,17.1990171990172,7.371007371007371,17.1990171990172,2.457002457002457,7.371007371007371
S8CB,7.444168734491315,9.925558312655086,133.99503722084367,0.0,0.0,47.146401985111666,34.7394540942928,2.4813895781637716,62.03473945409429,12.40694789081886,9.925558312655086,12.40694789081886,14.88833746898263,4.962779156327543,0.0,148.8833746898263,12.40694789081886,0.0,69.4789081885856,9.925558312655086,0.0,0.0,0.0,24.81389578163772,0.0,0.0,0.0,2.4813895781637716,0.0,0.0,0.0,0.0,0.0,0.0,0.0,0.0,2.4813895781637716,4.962779156327543,54.59057071960298,17.3697270471464,17.3697270471464,111.66253101736973,0.48641304347826086,4.043478260869565,2.4813895781637716,0.0,0.0,0.0,24.81389578163772,2.4813895781637716,7.444168734491315,12.40694789081886,0.0,4.962779156327543,4.962779156327543,19.851116625310173,0.0,0.0,76.92307692307693,4.962779156327543,2.4813895781637716,2.4813895781637716,7.444168734491315,4.962779156327543,29.77667493796526,0.0,27.29528535980149
S95D,36.76470588235294,29.41176470588235,88.23529411764706,0.0,2.450980392156863,75.98039215686273,22.058823529411764,19.607843137254903,24.509803921568626,12.254901960784313,7.352941176470588,4.901960784313726,19.607843137254903,2.450980392156863,7.352941176470588,169.11764705882354,4.901960784313726,0.0,39.21568627450981,2.450980392156863,0.0,0.0,0.0,17.156862745098042,7.352941176470588,0.0,0.0,0.0,2.450980392156863,2.450980392156863,0.0,0.0,0.0,0.0,0.0,0.0,2.450980392156863,2.450980392156863,80.88235294117648,44.11764705882353,19.607843137254903,93.13725490196079,0.5894736842105263,4.368421052631579,0.0,0.0,2.450980392156863,4.901960784313726,17.156862745098042,2.450980392156863,4.901960784313726,4.901960784313726,0.0,7.352941176470588,7.352941176470588,22.058823529411764,0.0,0.0,68.62745098039217,0.0,0.0,0.0,14.705882352941176,7.352941176470588,19.607843137254903,0.0,19.607843137254903
S97Z,29.26829268292683,19.51219512195122,104.8780487804878,2.4390243902439024,14.634146341463415,68.29268292682927,41.463414634146346,0.0,21.95121951219512,14.634146341463415,2.4390243902439024,0.0,19.51219512195122,2.4390243902439024,0.0,175.60975609756096,17.073170731707318,2.4390243902439024,58.53658536585366,2.4390243902439024,0.0,0.0,2.4390243902439024,17.073170731707318,2.4390243902439024,0.0,0.0,0.0,0.0,0.0,2.4390243902439024,0.0,0.0,2.4390243902439024,0.0,0.0,2.4390243902439024,2.4390243902439024,82.92682926829269,41.463414634146346,19.51219512195122,95.1219512195122,0.58656330749354,4.41343669250646,4.878048780487805,0.0,0.0,4.878048780487805,19.51219512195122,0.0,9.75609756097561,4.878048780487805,0.0,2.4390243902439024,9.75609756097561,31.70731707317073,2.4390243902439024,2.4390243902439024,56.09756097560976,4.878048780487805,2.4390243902439024,0.0,4.878048780487805,9.75609756097561,14.634146341463415,0.0,2.4390243902439024
S99Z,33.81642512077295,2.4154589371980677,91.78743961352657,0.0,4.830917874396135,36.231884057971016,26.570048309178745,24.154589371980677,43.47826086956522,7.246376811594203,12.077294685990339,0.0,19.32367149758454,21.73913043478261,2.4154589371980677,154.58937198067633,21.73913043478261,0.0,50.72463768115942,2.4154589371980677,0.0,0.0,0.0,16.908212560386474,0.0,0.0,0.0,0.0,0.0,0.0,2.4154589371980677,0.0,0.0,0.0,0.0,0.0,4.830917874396135,2.4154589371980677,60.386473429951685,43.47826086956522,14.492753623188406,99.03381642512076,0.5846153846153846,4.325641025641025,2.4154589371980677,2.4154589371980677,2.4154589371980677,2.4154589371980677,24.154589371980677,0.0,4.830917874396135,16.908212560386474,0.0,0.0,0.0,28.985507246376812,2.4154589371980677,4.830917874396135,38.64734299516908,2.4154589371980677,0.0,0.0,2.4154589371980677,4.830917874396135,16.908212560386474,0.0,9.66183574879227
S9ER,37.03703703703704,14.814814814814815,120.98765432098766,2.4691358024691357,7.407407407407407,64.19753086419753,14.814814814814815,37.03703703703704,46.91358024691358,9.876543209876543,4.938271604938271,4.938271604938271,19.753086419753085,0.0,2.4691358024691357,128.39506172839506,17.28395061728395,0.0,69.1358024691358,0.0,0.0,0.0,0.0,17.28395061728395,2.4691358024691357,0.0,0.0,0.0,9.876543209876543,0.0,0.0,0.0,0.0,0.0,4.938271604938271,0.0,0.0,19.753086419753085,56.79012345679013,37.03703703703704,12.345679012345679,120.98765432098766,0.521505376344086,4.231182795698925,2.4691358024691357,2.4691358024691357,4.938271604938271,4.938271604938271,19.753086419753085,2.4691358024691357,7.407407407407407,7.407407407407407,0.0,0.0,2.4691358024691357,37.03703703703704,0.0,2.4691358024691357,79.01234567901234,0.0,2.4691358024691357,0.0,0.0,4.938271604938271,19.753086419753085,0.0,17.28395061728395
S9GP,14.423076923076923,4.807692307692308,96.15384615384616,4.807692307692308,4.807692307692308,57.69230769230769,26.442307692307693,9.615384615384617,28.846153846153847,7.211538461538462,7.211538461538462,4.807692307692308,19.230769230769234,12.01923076923077,2.403846153846154,156.25,4.807692307692308,0.0,64.90384615384616,0.0,0.0,0.0,2.403846153846154,21.634615384615383,2.403846153846154,0.0,0.0,0.0,0.0,0.0,0.0,0.0,0.0,0.0,0.0,0.0,0.0,9.615384615384617,96.15384615384616,31.25,9.615384615384617,110.57692307692307,0.5739348370927319,4.431077694235589,0.0,7.211538461538462,0.0,2.403846153846154,14.423076923076923,2.403846153846154,7.211538461538462,19.230769230769234,0.0,2.403846153846154,21.634615384615383,36.05769230769231,4.807692307692308,0.0,38.46153846153847,0.0,2.403846153846154,0.0,2.403846153846154,2.403846153846154,9.615384615384617,2.403846153846154,4.807692307692308
S9N4,21.897810218978105,9.732360097323602,80.2919708029197,4.866180048661801,2.4330900243309004,53.5279805352798,34.0632603406326,9.732360097323602,31.630170316301705,0.0,9.732360097323602,4.866180048661801,9.732360097323602,14.598540145985401,2.4330900243309004,158.1508515815085,14.598540145985401,0.0,55.961070559610704,0.0,0.0,0.0,0.0,21.897810218978105,2.4330900243309004,0.0,0.0,2.4330900243309004,2.4330900243309004,0.0,0.0,0.0,0.0,0.0,0.0,0.0,2.4330900243309004,7.299270072992701,90.02433090024331,41.3625304136253,9.732360097323602,111.92214111922141,0.5518134715025906,4.05440414507772,0.0,2.4330900243309004,7.299270072992701,4.866180048661801,29.197080291970803,2.4330900243309004,9.732360097323602,14.598540145985401,0.0,2.4330900243309004,7.299270072992701,29.197080291970803,0.0,0.0,58.394160583941606,0.0,0.0,2.4330900243309004,4.866180048661801,7.299270072992701,21.897810218978105,2.4330900243309004,7.299270072992701
SA6K,44.33497536945813,7.389162561576354,76.35467980295567,4.926108374384237,9.852216748768473,59.11330049261083,9.852216748768473,9.852216748768473,19.704433497536947,7.389162561576354,0.0,0.0,27.093596059113302,9.852216748768473,2.4630541871921183,209.35960591133005,7.389162561576354,0.0,41.87192118226601,2.4630541871921183,2.4630541871921183,0.0,2.4630541871921183,19.704433497536947,4.926108374384237,0.0,0.0,0.0,0.0,0.0,0.0,0.0,0.0,0.0,2.4630541871921183,2.4630541871921183,0.0,4.926108374384237,96.0591133004926,54.187192118226605,7.389162561576354,108.37438423645321,0.5974358974358974,4.812820512820513,2.4630541871921183,0.0,2.4630541871921183,4.926108374384237,36.94581280788178,2.4630541871921183,9.852216748768473,0.0,0.0,0.0,4.926108374384237,32.01970443349754,0.0,7.389162561576354,32.01970443349754,0.0,4.926108374384237,0.0,4.926108374384237,4.926108374384237,19.704433497536947,2.4630541871921183,9.852216748768473
SA9P,36.144578313253014,9.63855421686747,67.46987951807229,0.0,7.228915662650603,65.06024096385542,14.457831325301205,4.819277108433735,33.734939759036145,9.63855421686747,4.819277108433735,2.4096385542168677,16.867469879518072,12.048192771084338,7.228915662650603,187.95180722891567,2.4096385542168677,0.0,38.55421686746988,0.0,2.4096385542168677,0.0,7.228915662650603,19.27710843373494,2.4096385542168677,0.0,0.0,0.0,2.4096385542168677,0.0,0.0,0.0,0.0,2.4096385542168677,9.63855421686747,0.0,4.819277108433735,7.228915662650603,77.10843373493977,21.686746987951807,4.819277108433735,89.1566265060241,0.6,4.194871794871795,2.4096385542168677,4.819277108433735,2.4096385542168677,2.4096385542168677,16.867469879518072,0.0,2.4096385542168677,9.63855421686747,0.0,7.228915662650603,4.819277108433735,28.91566265060241,0.0,2.4096385542168677,36.144578313253014,0.0,0.0,2.4096385542168677,4.819277108433735,7.228915662650603,19.27710843373494,2.4096385542168677,14.457831325301205
SA9U,7.444168734491315,12.40694789081886,104.21836228287842,2.4813895781637716,4.962779156327543,62.03473945409429,17.3697270471464,7.444168734491315,52.10918114143921,17.3697270471464,2.4813895781637716,0.0,14.88833746898263,7.444168734491315,0.0,106.69975186104217,0.0,0.0,57.07196029776674,0.0,2.4813895781637716,0.0,0.0,29.77667493796526,2.4813895781637716,0.0,0.0,0.0,0.0,0.0,0.0,0.0,2.4813895781637716,0.0,2.4813895781637716,0.0,2.4813895781637716,0.0,81.88585607940446,34.7394540942928,19.851116625310173,158.80893300248138,0.5435356200527705,4.160949868073879,2.4813895781637716,0.0,2.4813895781637716,7.444168734491315,37.220843672456574,7.444168734491315,2.4813895781637716,4.962779156327543,4.962779156327543,9.925558312655086,4.962779156327543,32.25806451612903,4.962779156327543,12.40694789081886,59.55334987593052,0.0,0.0,4.962779156327543,12.40694789081886,4.962779156327543,7.444168734491315,0.0,9.925558312655086
SAA3,37.03703703703704,14.814814814814815,88.88888888888889,4.938271604938271,0.0,71.60493827160494,44.44444444444444,2.4691358024691357,34.5679012345679,12.345679012345679,2.4691358024691357,7.407407407407407,17.28395061728395,9.876543209876543,0.0,172.8395061728395,2.4691358024691357,0.0,46.91358024691358,0.0,2.4691358024691357,0.0,4.938271604938271,29.62962962962963,4.938271604938271,0.0,2.4691358024691357,4.938271604938271,0.0,0.0,0.0,0.0,0.0,0.0,0.0,0.0,4.938271604938271,2.4691358024691357,51.85185185185185,24.691358024691358,14.814814814814815,96.29629629629629,0.5394736842105263,3.9210526315789473,0.0,0.0,0.0,0.0,9.876543209876543,0.0,14.814814814814815,7.407407407407407,0.0,7.407407407407407,4.938271604938271,39.50617283950617,4.938271604938271,0.0,59.25925925925926,0.0,0.0,0.0,0.0,0.0,19.753086419753085,2.4691358024691357,22.22222222222222
SACQ,58.8235294117647,9.803921568627452,75.98039215686273,0.0,7.352941176470588,73.52941176470588,7.352941176470588,39.21568627450981,36.76470588235294,9.803921568627452,7.352941176470588,0.0,17.156862745098042,7.352941176470588,7.352941176470588,137.25490196078434,2.450980392156863,0.0,49.01960784313725,2.450980392156863,2.450980392156863,2.450980392156863,2.450980392156863,22.058823529411764,2.450980392156863,0.0,0.0,0.0,0.0,0.0,0.0,0.0,2.450980392156863,0.0,0.0,4.901960784313726,4.901960784313726,9.803921568627452,68.62745098039217,29.41176470588235,17.156862745098042,112.74509803921569,0.535064935064935,4.202597402597402,0.0,0.0,4.901960784313726,2.450980392156863,24.509803921568626,0.0,7.352941176470588,2.450980392156863,0.0,12.254901960784313,12.254901960784313,46.568627450980394,12.254901960784313,0.0,51.470588235294116,0.0,0.0,0.0,0.0,4.901960784313726,12.254901960784313,0.0,19.607843137254903
SAF8,37.406483790523694,14.962593516209475,82.29426433915212,0.0,0.0,44.88778054862843,17.456359102244388,34.912718204488776,24.93765586034913,19.950124688279303,0.0,2.493765586034913,19.950124688279303,7.481296758104738,2.493765586034913,204.48877805486285,0.0,0.0,29.92518703241895,0.0,0.0,0.0,2.493765586034913,7.481296758104738,2.493765586034913,0.0,0.0,0.0,2.493765586034913,0.0,0.0,0.0,0.0,0.0,0.0,2.493765586034913,2.493765586034913,2.493765586034913,87.28179551122194,47.38154613466334,9.975062344139651,102.24438902743142,0.5676392572944297,4.347480106100796,0.0,2.493765586034913,2.493765586034913,2.493765586034913,19.950124688279303,0.0,17.456359102244388,19.950124688279303,0.0,0.0,4.987531172069826,37.406483790523694,0.0,0.0,37.406483790523694,2.493765586034913,2.493765586034913,0.0,2.493765586034913,0.0,19.950124688279303,0.0,17.456359102244388
SAFZ,17.1990171990172,14.742014742014742,83.53808353808354,2.457002457002457,4.914004914004914,34.3980343980344,17.1990171990172,9.828009828009828,24.570024570024568,7.371007371007371,12.285012285012284,4.914004914004914,9.828009828009828,17.1990171990172,4.914004914004914,184.27518427518427,12.285012285012284,0.0,31.94103194103194,9.828009828009828,0.0,0.0,0.0,17.1990171990172,4.914004914004914,0.0,0.0,0.0,0.0,0.0,4.914004914004914,0.0,0.0,2.457002457002457,0.0,0.0,4.914004914004914,2.457002457002457,95.82309582309583,39.31203931203931,7.371007371007371,98.28009828009827,0.6051282051282051,4.582051282051282,2.457002457002457,2.457002457002457,2.457002457002457,4.914004914004914,22.11302211302211,2.457002457002457,12.285012285012284,9.828009828009828,4.914004914004914,0.0,0.0,22.11302211302211,2.457002457002457,0.0,36.85503685503686,0.0,2.457002457002457,0.0,2.457002457002457,12.285012285012284,29.484029484029485,0.0,7.371007371007371
SAHB,17.412935323383085,22.388059701492537,97.01492537313433,0.0,7.462686567164179,54.72636815920398,37.31343283582089,2.487562189054726,37.31343283582089,0.0,9.950248756218905,0.0,12.437810945273633,2.487562189054726,0.0,194.02985074626866,4.975124378109452,0.0,39.80099502487562,4.975124378109452,0.0,0.0,2.487562189054726,9.950248756218905,4.975124378109452,0.0,0.0,0.0,0.0,2.487562189054726,0.0,0.0,0.0,0.0,0.0,0.0,2.487562189054726,4.975124378109452,84.5771144278607,52.23880597014925,9.950248756218905,69.65174129353234,0.5842105263157895,4.226315789473684,0.0,0.0,0.0,7.462686567164179,12.437810945273633,2.487562189054726,7.462686567164179,0.0,0.0,4.975124378109452,2.487562189054726,42.28855721393035,4.975124378109452,0.0,49.75124378109453,2.487562189054726,0.0,0.0,0.0,4.975124378109452,9.950248756218905,0.0,7.462686567164179
SAVW,22.388059701492537,12.437810945273633,97.01492537313433,7.462686567164179,2.487562189054726,69.65174129353234,24.875621890547265,19.90049751243781,17.412935323383085,9.950248756218905,14.925373134328359,0.0,17.412935323383085,2.487562189054726,0.0,186.56716417910448,4.975124378109452,0.0,59.701492537313435,2.487562189054726,0.0,0.0,2.487562189054726,17.412935323383085,7.462686567164179,0.0,0.0,0.0,0.0,0.0,0.0,0.0,0.0,2.487562189054726,0.0,0.0,2.487562189054726,2.487562189054726,87.06467661691543,34.82587064676617,7.462686567164179,82.08955223880596,0.5488126649076517,4.261213720316623,2.487562189054726,0.0,2.487562189054726,4.975124378109452,14.925373134328359,0.0,9.950248756218905,17.412935323383085,2.487562189054726,7.462686567164179,4.975124378109452,39.80099502487562,4.975124378109452,0.0,54.72636815920398,0.0,0.0,0.0,7.462686567164179,0.0,19.90049751243781,0.0,4.975124378109452
SB5E,7.389162561576354,7.389162561576354,100.98522167487685,4.926108374384237,2.4630541871921183,76.35467980295567,19.704433497536947,9.852216748768473,14.778325123152708,4.926108374384237,0.0,0.0,17.241379310344826,2.4630541871921183,4.926108374384237,169.95073891625614,0.0,0.0,36.94581280788178,0.0,2.4630541871921183,0.0,4.926108374384237,17.241379310344826,0.0,0.0,0.0,0.0,2.4630541871921183,0.0,0.0,0.0,0.0,0.0,0.0,0.0,0.0,4.926108374384237,59.11330049261083,34.48275862068965,12.315270935960593,120.6896551724138,0.6,4.0285714285714285,0.0,4.926108374384237,2.4630541871921183,9.852216748768473,22.167487684729064,0.0,9.852216748768473,14.778325123152708,0.0,2.4630541871921183,7.389162561576354,19.704433497536947,4.926108374384237,0.0,36.94581280788178,0.0,2.4630541871921183,0.0,4.926108374384237,4.926108374384237,19.704433497536947,0.0,17.241379310344826
SB9K,29.12621359223301,4.854368932038835,70.3883495145631,2.4271844660194173,9.70873786407767,53.398058252427184,26.699029126213592,2.4271844660194173,21.844660194174757,12.135922330097086,4.854368932038835,0.0,21.844660194174757,2.4271844660194173,0.0,203.88349514563106,0.0,2.4271844660194173,41.2621359223301,0.0,0.0,0.0,0.0,24.271844660194173,2.4271844660194173,0.0,0.0,0.0,7.281553398058253,0.0,0.0,0.0,2.4271844660194173,0.0,2.4271844660194173,0.0,4.854368932038835,12.135922330097086,94.66019417475728,60.67961165048544,9.70873786407767,67.96116504854369,0.5609137055837563,4.368020304568528,7.281553398058253,0.0,2.4271844660194173,2.4271844660194173,7.281553398058253,2.4271844660194173,7.281553398058253,7.281553398058253,0.0,4.854368932038835,0.0,31.553398058252426,7.281553398058253,0.0,31.553398058252426,0.0,0.0,0.0,2.4271844660194173,0.0,9.70873786407767,2.4271844660194173,2.4271844660194173
SBDD,46.68304668304668,12.285012285012284,73.71007371007371,7.371007371007371,7.371007371007371,63.88206388206388,12.285012285012284,19.656019656019655,49.140049140049136,12.285012285012284,0.0,0.0,22.11302211302211,12.285012285012284,2.457002457002457,179.36117936117938,2.457002457002457,0.0,41.76904176904177,0.0,0.0,0.0,2.457002457002457,22.11302211302211,4.914004914004914,0.0,0.0,2.457002457002457,4.914004914004914,0.0,0.0,0.0,0.0,0.0,0.0,0.0,2.457002457002457,2.457002457002457,81.08108108108108,31.94103194103194,9.828009828009828,98.28009828009827,0.5824742268041238,4.438144329896907,2.457002457002457,0.0,2.457002457002457,9.828009828009828,22.11302211302211,2.457002457002457,14.742014742014742,7.371007371007371,2.457002457002457,4.914004914004914,4.914004914004914,36.85503685503686,4.914004914004914,0.0,34.3980343980344,0.0,0.0,0.0,0.0,7.371007371007371,19.656019656019655,0.0,9.828009828009828
SBJM,24.875621890547265,22.388059701492537,97.01492537313433,4.975124378109452,0.0,47.2636815920398,24.875621890547265,9.950248756218905,24.875621890547265,7.462686567164179,7.462686567164179,2.487562189054726,4.975124378109452,12.437810945273633,4.975124378109452,216.4179104477612,7.462686567164179,0.0,24.875621890547265,0.0,0.0,0.0,0.0,22.388059701492537,4.975124378109452,0.0,0.0,0.0,0.0,0.0,2.487562189054726,0.0,0.0,0.0,0.0,0.0,0.0,0.0,77.11442786069651,47.2636815920398,4.975124378109452,79.60199004975124,0.6181318681318682,4.293956043956044,0.0,0.0,0.0,2.487562189054726,29.850746268656717,0.0,7.462686567164179,7.462686567164179,0.0,4.975124378109452,2.487562189054726,29.850746268656717,0.0,0.0,52.23880597014925,2.487562189054726,0.0,2.487562189054726,17.412935323383085,0.0,12.437810945273633,0.0,4.975124378109452
SBKM,9.975062344139651,17.456359102244388,99.75062344139651,2.493765586034913,0.0,62.34413965087282,22.443890274314214,14.962593516209475,32.418952618453865,14.962593516209475,9.975062344139651,4.987531172069826,17.456359102244388,4.987531172069826,2.493765586034913,194.51371571072318,0.0,0.0,39.900249376558605,0.0,2.493765586034913,0.0,4.987531172069826,12.468827930174564,4.987531172069826,0.0,0.0,0.0,2.493765586034913,0.0,0.0,0.0,0.0,0.0,0.0,0.0,0.0,4.987531172069826,59.8503740648379,47.38154613466334,7.481296758104738,104.73815461346634,0.5449591280653951,4.138964577656676,4.987531172069826,0.0,7.481296758104738,4.987531172069826,24.93765586034913,2.493765586034913,12.468827930174564,12.468827930174564,4.987531172069826,4.987531172069826,2.493765586034913,22.443890274314214,2.493765586034913,0.0,44.88778054862843,0.0,0.0,0.0,7.481296758104738,4.987531172069826,17.456359102244388,0.0,4.987531172069826
SBNU,4.866180048661801,9.732360097323602,94.8905109489051,0.0,0.0,51.09489051094891,17.0316301703163,0.0,31.630170316301705,4.866180048661801,7.299270072992701,2.4330900243309004,26.7639902676399,7.299270072992701,0.0,187.34793187347933,7.299270072992701,0.0,38.929440389294406,4.866180048661801,0.0,0.0,4.866180048661801,17.0316301703163,0.0,0.0,2.4330900243309004,0.0,0.0,2.4330900243309004,0.0,0.0,0.0,0.0,0.0,0.0,0.0,2.4330900243309004,124.08759124087591,63.26034063260341,12.165450121654501,102.18978102189782,0.5552699228791774,4.791773778920309,4.866180048661801,2.4330900243309004,0.0,2.4330900243309004,17.0316301703163,0.0,4.866180048661801,9.732360097323602,0.0,0.0,0.0,26.7639902676399,2.4330900243309004,0.0,53.5279805352798,0.0,0.0,0.0,4.866180048661801,7.299270072992701,12.165450121654501,0.0,7.299270072992701
SC8H,21.897810218978105,9.732360097323602,97.32360097323601,0.0,2.4330900243309004,43.79562043795621,26.7639902676399,19.464720194647203,46.228710462287104,7.299270072992701,2.4330900243309004,4.866180048661801,14.598540145985401,17.0316301703163,4.866180048661801,155.71776155717762,2.4330900243309004,0.0,43.79562043795621,7.299270072992701,0.0,0.0,4.866180048661801,34.0632603406326,2.4330900243309004,0.0,2.4330900243309004,0.0,0.0,0.0,0.0,0.0,2.4330900243309004,0.0,2.4330900243309004,0.0,4.866180048661801,7.299270072992701,92.45742092457421,31.630170316301705,9.732360097323602,94.8905109489051,0.5364583333333334,4.3359375,2.4330900243309004,0.0,4.866180048661801,4.866180048661801,21.897810218978105,2.4330900243309004,7.299270072992701,2.4330900243309004,0.0,4.866180048661801,2.4330900243309004,34.0632603406326,0.0,2.4330900243309004,58.394160583941606,2.4330900243309004,2.4330900243309004,0.0,4.866180048661801,4.866180048661801,24.330900243309003,0.0,7.299270072992701
SCRM,19.37046004842615,7.263922518159807,70.2179176755448,2.4213075060532687,0.0,50.84745762711865,12.106537530266344,7.263922518159807,21.791767554479417,7.263922518159807,21.791767554479417,2.4213075060532687,14.527845036319613,9.685230024213075,2.4213075060532687,210.65375302663438,0.0,0.0,41.16222760290557,2.4213075060532687,0.0,0.0,2.4213075060532687,24.213075060532688,4.842615012106537,0.0,0.0,0.0,2.4213075060532687,0.0,2.4213075060532687,0.0,0.0,0.0,0.0,0.0,4.842615012106537,0.0,92.00968523002422,53.26876513317191,7.263922518159807,82.32445520581113,0.5921052631578947,4.405263157894737,0.0,0.0,2.4213075060532687,2.4213075060532687,12.106537530266344,0.0,9.685230024213075,16.949152542372882,0.0,7.263922518159807,0.0,21.791767554479417,2.4213075060532687,0.0,46.00484261501211,0.0,2.4213075060532687,0.0,7.263922518159807,9.685230024213075,14.527845036319613,0.0,7.263922518159807
SCWJ,17.073170731707318,2.4390243902439024,121.95121951219512,2.4390243902439024,2.4390243902439024,43.90243902439024,26.829268292682926,26.829268292682926,48.78048780487805,12.195121951219512,9.75609756097561,12.195121951219512,21.95121951219512,7.317073170731708,4.878048780487805,107.3170731707317,9.75609756097561,0.0,51.21951219512195,0.0,0.0,0.0,7.317073170731708,31.70731707317073,0.0,0.0,0.0,0.0,0.0,0.0,0.0,0.0,0.0,0.0,0.0,0.0,4.878048780487805,2.4390243902439024,73.17073170731707,36.58536585365854,21.95121951219512,109.7560975609756,0.5459317585301837,4.057742782152231,0.0,0.0,0.0,2.4390243902439024,34.146341463414636,0.0,2.4390243902439024,9.75609756097561,2.4390243902439024,2.4390243902439024,2.4390243902439024,36.58536585365854,4.878048780487805,0.0,68.29268292682927,0.0,2.4390243902439024,0.0,7.317073170731708,4.878048780487805,34.146341463414636,0.0,14.634146341463415
SCXG,42.28855721393035,17.412935323383085,64.67661691542288,0.0,2.487562189054726,69.65174129353234,34.82587064676617,2.487562189054726,37.31343283582089,7.462686567164179,0.0,2.487562189054726,7.462686567164179,2.487562189054726,0.0,159.20398009950247,2.487562189054726,0.0,39.80099502487562,2.487562189054726,0.0,0.0,0.0,29.850746268656717,0.0,0.0,0.0,2.487562189054726,2.487562189054726,0.0,0.0,0.0,0.0,0.0,0.0,2.487562189054726,7.462686567164179,2.487562189054726,62.18905472636816,54.72636815920398,12.437810945273633,69.65174129353234,0.5623342175066313,4.050397877984085,2.487562189054726,2.487562189054726,0.0,2.487562189054726,9.950248756218905,0.0,2.487562189054726,7.462686567164179,9.950248756218905,9.950248756218905,0.0,37.31343283582089,4.975124378109452,0.0,37.31343283582089,0.0,0.0,0.0,7.462686567164179,4.975124378109452,17.412935323383085,0.0,2.487562189054726
SCYD,12.254901960784313,9.803921568627452,75.98039215686273,2.450980392156863,4.901960784313726,78.43137254901961,14.705882352941176,0.0,7.352941176470588,14.705882352941176,9.803921568627452,2.450980392156863,14.705882352941176,4.901960784313726,2.450980392156863,188.72549019607843,0.0,0.0,14.705882352941176,0.0,0.0,0.0,4.901960784313726,12.254901960784313,0.0,2.450980392156863,0.0,0.0,4.901960784313726,0.0,0.0,0.0,0.0,0.0,0.0,0.0,9.803921568627452,14.705882352941176,68.62745098039217,49.01960784313725,2.450980392156863,95.58823529411764,0.5,4.043367346938775,12.254901960784313,0.0,17.156862745098042,2.450980392156863,2.450980392156863,2.450980392156863,4.901960784313726,19.607843137254903,2.450980392156863,4.901960784313726,2.450980392156863,31.862745098039213,2.450980392156863,0.0,29.41176470588235,2.450980392156863,2.450980392156863,0.0,7.352941176470588,17.156862745098042,19.607843137254903,0.0,7.352941176470588
SD3R,17.32673267326733,14.85148514851485,96.53465346534654,0.0,2.4752475247524752,56.93069306930693,27.22772277227723,12.376237623762377,29.7029702970297,12.376237623762377,9.900990099009901,4.9504950495049505,19.801980198019802,4.9504950495049505,2.4752475247524752,143.56435643564356,0.0,0.0,42.07920792079208,0.0,2.4752475247524752,0.0,4.9504950495049505,14.85148514851485,2.4752475247524752,0.0,0.0,0.0,0.0,0.0,0.0,0.0,0.0,2.4752475247524752,4.9504950495049505,2.4752475247524752,2.4752475247524752,7.425742574257425,69.30693069306932,19.801980198019802,7.425742574257425,113.86138613861387,0.5490716180371353,4.013262599469496,0.0,0.0,2.4752475247524752,4.9504950495049505,27.22772277227723,4.9504950495049505,9.900990099009901,12.376237623762377,2.4752475247524752,7.425742574257425,2.4752475247524752,32.17821782178218,9.900990099009901,0.0,61.88118811881188,0.0,0.0,0.0,14.85148514851485,4.9504950495049505,9.900990099009901,0.0,17.32673267326733
SDN3,22.004889975550125,12.224938875305625,85.57457212713938,0.0,4.88997555012225,34.229828850855746,34.229828850855746,14.669926650366747,19.559902200489,7.334963325183374,4.88997555012225,4.88997555012225,9.7799511002445,14.669926650366747,7.334963325183374,183.37408312958436,7.334963325183374,0.0,39.119804400978,0.0,0.0,0.0,0.0,24.44987775061125,2.444987775061125,0.0,0.0,0.0,0.0,0.0,2.444987775061125,0.0,2.444987775061125,2.444987775061125,0.0,0.0,7.334963325183374,2.444987775061125,80.68459657701712,36.674816625916876,7.334963325183374,90.46454767726162,0.5681233933161953,4.532133676092545,0.0,0.0,2.444987775061125,4.88997555012225,17.114914425427873,4.88997555012225,0.0,9.7799511002445,2.444987775061125,2.444987775061125,2.444987775061125,29.339853300733495,0.0,0.0,46.45476772616137,2.444987775061125,0.0,0.0,4.88997555012225,4.88997555012225,14.669926650366747,0.0,14.669926650366747
SDY6,19.753086419753085,4.938271604938271,81.4814814814815,2.4691358024691357,4.938271604938271,34.5679012345679,27.160493827160494,0.0,32.098765432098766,12.345679012345679,2.4691358024691357,2.4691358024691357,17.28395061728395,9.876543209876543,2.4691358024691357,162.962962962963,0.0,0.0,74.07407407407408,4.938271604938271,0.0,0.0,0.0,19.753086419753085,2.4691358024691357,0.0,0.0,2.4691358024691357,2.4691358024691357,0.0,2.4691358024691357,0.0,0.0,4.938271604938271,0.0,0.0,0.0,7.407407407407407,83.95061728395062,49.382716049382715,24.691358024691358,93.82716049382717,0.5104166666666666,4.263020833333333,0.0,0.0,0.0,7.407407407407407,17.28395061728395,2.4691358024691357,14.814814814814815,9.876543209876543,4.938271604938271,4.938271604938271,4.938271604938271,7.407407407407407,2.4691358024691357,0.0,46.91358024691358,0.0,0.0,0.0,0.0,17.28395061728395,24.691358024691358,0.0,12.345679012345679
SE3Y,14.814814814814815,7.407407407407407,83.95061728395062,2.4691358024691357,7.407407407407407,69.1358024691358,24.691358024691358,2.4691358024691357,17.28395061728395,4.938271604938271,2.4691358024691357,4.938271604938271,17.28395061728395,19.753086419753085,0.0,182.71604938271605,4.938271604938271,0.0,34.5679012345679,0.0,0.0,0.0,0.0,19.753086419753085,2.4691358024691357,0.0,0.0,0.0,0.0,0.0,2.4691358024691357,0.0,2.4691358024691357,0.0,0.0,0.0,4.938271604938271,4.938271604938271,86.41975308641975,32.098765432098766,7.407407407407407,128.39506172839506,0.5911458333333334,4.315104166666667,0.0,2.4691358024691357,7.407407407407407,0.0,27.160493827160494,7.407407407407407,14.814814814814815,9.876543209876543,2.4691358024691357,4.938271604938271,4.938271604938271,32.098765432098766,0.0,0.0,49.382716049382715,2.4691358024691357,4.938271604938271,0.0,2.4691358024691357,4.938271604938271,7.407407407407407,0.0,14.814814814814815
SE58,34.912718204488776,12.468827930174564,84.78802992518703,2.493765586034913,0.0,74.81296758104739,12.468827930174564,7.481296758104738,39.900249376558605,2.493765586034913,7.481296758104738,0.0,22.443890274314214,12.468827930174564,4.987531172069826,159.60099750623442,4.987531172069826,2.493765586034913,42.394014962593516,4.987531172069826,0.0,0.0,4.987531172069826,17.456359102244388,0.0,0.0,2.493765586034913,0.0,2.493765586034913,0.0,0.0,0.0,0.0,0.0,0.0,0.0,2.493765586034913,2.493765586034913,77.3067331670823,57.356608478803,14.962593516209475,102.24438902743142,0.5894736842105263,4.507894736842105,2.493765586034913,2.493765586034913,2.493765586034913,4.987531172069826,27.43142144638404,4.987531172069826,14.962593516209475,7.481296758104738,0.0,2.493765586034913,2.493765586034913,14.962593516209475,4.987531172069826,0.0,52.36907730673317,0.0,0.0,0.0,9.975062344139651,9.975062344139651,17.456359102244388,0.0,4.987531172069826
SE68,45.0,17.5,62.5,2.5,5.0,52.5,40.0,2.5,22.5,7.5,5.0,5.0,22.5,2.5,7.5,187.5,2.5,0.0,30.0,0.0,0.0,0.0,2.5,20.0,0.0,0.0,0.0,0.0,0.0,0.0,0.0,0.0,0.0,0.0,2.5,0.0,0.0,2.5,75.0,22.5,17.5,115.0,0.5679347826086957,4.244565217391305,5.0,2.5,2.5,2.5,27.5,5.0,10.0,7.5,0.0,7.5,7.5,30.0,0.0,0.0,45.0,0.0,2.5,0.0,7.5,12.5,17.5,0.0,10.0
SE7R,22.167487684729064,4.926108374384237,78.81773399014779,4.926108374384237,4.926108374384237,73.89162561576356,34.48275862068965,7.389162561576354,19.704433497536947,14.778325123152708,2.4630541871921183,9.852216748768473,14.778325123152708,2.4630541871921183,12.315270935960593,192.1182266009852,7.389162561576354,0.0,27.093596059113302,0.0,0.0,0.0,4.926108374384237,14.778325123152708,0.0,0.0,2.4630541871921183,0.0,2.4630541871921183,0.0,0.0,0.0,0.0,0.0,0.0,0.0,9.852216748768473,7.389162561576354,59.11330049261083,27.093596059113302,14.778325123152708,83.74384236453201,0.5546875,4.0703125,0.0,0.0,7.389162561576354,0.0,14.778325123152708,7.389162561576354,7.389162561576354,12.315270935960593,0.0,12.315270935960593,4.926108374384237,32.01970443349754,9.852216748768473,0.0,41.87192118226601,2.4630541871921183,0.0,0.0,7.389162561576354,2.4630541871921183,7.389162561576354,2.4630541871921183,9.852216748768473
SEFQ,12.376237623762377,7.425742574257425,111.38613861386139,2.4752475247524752,2.4752475247524752,54.45544554455446,24.752475247524753,4.9504950495049505,32.17821782178218,14.85148514851485,7.425742574257425,7.425742574257425,9.900990099009901,12.376237623762377,7.425742574257425,190.59405940594058,0.0,0.0,61.88118811881188,2.4752475247524752,2.4752475247524752,0.0,2.4752475247524752,9.900990099009901,0.0,0.0,0.0,0.0,0.0,0.0,0.0,0.0,0.0,0.0,0.0,0.0,0.0,4.9504950495049505,86.63366336633663,29.7029702970297,14.85148514851485,64.35643564356435,0.5278514588859416,4.2838196286472146,2.4752475247524752,0.0,2.4752475247524752,2.4752475247524752,9.900990099009901,4.9504950495049505,7.425742574257425,14.85148514851485,0.0,2.4752475247524752,0.0,27.22772277227723,0.0,0.0,64.35643564356435,0.0,7.425742574257425,0.0,2.4752475247524752,7.425742574257425,27.22772277227723,2.4752475247524752,9.900990099009901
SEKZ,27.027027027027028,7.371007371007371,95.82309582309583,0.0,4.914004914004914,46.68304668304668,27.027027027027028,22.11302211302211,19.656019656019655,14.742014742014742,9.828009828009828,0.0,27.027027027027028,7.371007371007371,2.457002457002457,149.87714987714986,9.828009828009828,0.0,61.42506142506143,2.457002457002457,2.457002457002457,0.0,2.457002457002457,17.1990171990172,7.371007371007371,0.0,0.0,0.0,2.457002457002457,0.0,0.0,0.0,2.457002457002457,0.0,0.0,0.0,0.0,7.371007371007371,83.53808353808354,41.76904176904177,17.1990171990172,110.56511056511056,0.5922077922077922,4.47012987012987,0.0,0.0,0.0,2.457002457002457,24.570024570024568,0.0,2.457002457002457,9.828009828009828,0.0,2.457002457002457,4.914004914004914,34.3980343980344,4.914004914004914,0.0,49.140049140049136,0.0,0.0,0.0,2.457002457002457,14.742014742014742,27.027027027027028,0.0,7.371007371007371
SEPP,2.444987775061125,7.334963325183374,63.56968215158924,0.0,7.334963325183374,51.344743276283616,17.114914425427873,0.0,22.004889975550125,12.224938875305625,9.7799511002445,4.88997555012225,22.004889975550125,9.7799511002445,2.444987775061125,190.70904645476773,4.88997555012225,0.0,26.89486552567237,0.0,0.0,0.0,0.0,14.669926650366747,0.0,0.0,2.444987775061125,0.0,0.0,0.0,2.444987775061125,0.0,0.0,0.0,0.0,2.444987775061125,2.444987775061125,12.224938875305625,97.799511002445,48.8997555012225,12.224938875305625,70.90464547677261,0.5329949238578681,4.2360406091370555,4.88997555012225,0.0,2.444987775061125,2.444987775061125,4.88997555012225,0.0,7.334963325183374,29.339853300733495,0.0,7.334963325183374,4.88997555012225,19.559902200489,4.88997555012225,0.0,29.339853300733495,0.0,0.0,0.0,4.88997555012225,0.0,12.224938875305625,0.0,0.0
SEPR,9.70873786407767,7.281553398058253,94.66019417475728,2.4271844660194173,2.4271844660194173,48.543689320388346,14.563106796116505,14.563106796116505,36.40776699029126,14.563106796116505,4.854368932038835,4.854368932038835,14.563106796116505,7.281553398058253,4.854368932038835,169.90291262135923,14.563106796116505,0.0,63.10679611650485,2.4271844660194173,0.0,0.0,2.4271844660194173,16.990291262135923,0.0,0.0,2.4271844660194173,2.4271844660194173,0.0,0.0,0.0,0.0,0.0,0.0,0.0,0.0,7.281553398058253,16.990291262135923,92.23300970873787,50.970873786407765,16.990291262135923,70.3883495145631,0.5421052631578948,4.110526315789474,2.4271844660194173,2.4271844660194173,7.281553398058253,4.854368932038835,19.41747572815534,0.0,2.4271844660194173,19.41747572815534,2.4271844660194173,7.281553398058253,2.4271844660194173,36.40776699029126,2.4271844660194173,2.4271844660194173,65.53398058252426,2.4271844660194173,0.0,0.0,7.281553398058253,0.0,19.41747572815534,0.0,12.135922330097086
SES2,14.598540145985401,4.866180048661801,63.26034063260341,0.0,0.0,68.1265206812652,26.7639902676399,7.299270072992701,19.464720194647203,14.598540145985401,4.866180048661801,2.4330900243309004,17.0316301703163,4.866180048661801,7.299270072992701,209.24574209245742,2.4330900243309004,0.0,31.630170316301705,0.0,0.0,0.0,2.4330900243309004,14.598540145985401,0.0,0.0,0.0,2.4330900243309004,4.866180048661801,0.0,0.0,0.0,0.0,0.0,9.732360097323602,0.0,2.4330900243309004,2.4330900243309004,77.85888077858881,41.3625304136253,12.165450121654501,55.961070559610704,0.4859335038363171,4.120204603580563,9.732360097323602,2.4330900243309004,12.165450121654501,7.299270072992701,14.598540145985401,2.4330900243309004,4.866180048661801,31.630170316301705,0.0,9.732360097323602,2.4330900243309004,19.464720194647203,0.0,0.0,38.929440389294406,0.0,2.4330900243309004,0.0,4.866180048661801,4.866180048661801,14.598540145985401,2.4330900243309004,7.299270072992701
SF2F,31.94103194103194,12.285012285012284,98.28009828009827,0.0,4.914004914004914,44.22604422604422,7.371007371007371,14.742014742014742,27.027027027027028,22.11302211302211,2.457002457002457,4.914004914004914,14.742014742014742,27.027027027027028,7.371007371007371,164.61916461916462,17.1990171990172,0.0,44.22604422604422,4.914004914004914,0.0,0.0,0.0,7.371007371007371,0.0,0.0,0.0,0.0,2.457002457002457,0.0,2.457002457002457,0.0,0.0,4.914004914004914,2.457002457002457,2.457002457002457,7.371007371007371,2.457002457002457,95.82309582309583,49.140049140049136,2.457002457002457,83.53808353808354,0.5769230769230769,4.461538461538462,2.457002457002457,4.914004914004914,0.0,2.457002457002457,7.371007371007371,2.457002457002457,22.11302211302211,7.371007371007371,0.0,2.457002457002457,4.914004914004914,34.3980343980344,0.0,4.914004914004914,39.31203931203931,0.0,0.0,0.0,7.371007371007371,4.914004914004914,12.285012285012284,0.0,12.285012285012284
SF2Q,31.70731707317073,17.073170731707318,68.29268292682927,2.4390243902439024,4.878048780487805,78.04878048780488,21.95121951219512,17.073170731707318,17.073170731707318,2.4390243902439024,2.4390243902439024,4.878048780487805,19.51219512195122,7.317073170731708,2.4390243902439024,165.85365853658539,0.0,0.0,26.829268292682926,0.0,0.0,0.0,4.878048780487805,21.95121951219512,2.4390243902439024,0.0,0.0,2.4390243902439024,0.0,0.0,0.0,0.0,0.0,0.0,0.0,0.0,0.0,4.878048780487805,65.85365853658537,24.390243902439025,4.878048780487805,136.58536585365854,0.58994708994709,4.283068783068783,2.4390243902439024,0.0,2.4390243902439024,2.4390243902439024,14.634146341463415,0.0,14.634146341463415,14.634146341463415,2.4390243902439024,2.4390243902439024,2.4390243902439024,21.95121951219512,0.0,2.4390243902439024,48.78048780487805,0.0,2.4390243902439024,0.0,12.195121951219512,9.75609756097561,12.195121951219512,0.0,21.95121951219512
SFB9,14.88833746898263,2.4813895781637716,91.81141439205956,2.4813895781637716,17.3697270471464,59.55334987593052,22.332506203473944,32.25806451612903,32.25806451612903,12.40694789081886,0.0,7.444168734491315,24.81389578163772,9.925558312655086,0.0,198.51116625310175,7.444168734491315,0.0,52.10918114143921,0.0,0.0,0.0,4.962779156327543,4.962779156327543,0.0,0.0,0.0,0.0,0.0,0.0,0.0,0.0,0.0,0.0,0.0,0.0,2.4813895781637716,4.962779156327543,64.51612903225806,17.3697270471464,12.40694789081886,129.03225806451613,0.5308988764044944,4.042134831460674,0.0,2.4813895781637716,7.444168734491315,0.0,4.962779156327543,2.4813895781637716,4.962779156327543,19.851116625310173,2.4813895781637716,12.40694789081886,2.4813895781637716,17.3697270471464,4.962779156327543,0.0,54.59057071960298,0.0,7.444168734491315,0.0,2.4813895781637716,2.4813895781637716,17.3697270471464,0.0,14.88833746898263
SFG3,19.464720194647203,26.7639902676399,102.18978102189782,4.866180048661801,7.299270072992701,68.1265206812652,19.464720194647203,0.0,55.961070559610704,9.732360097323602,7.299270072992701,4.866180048661801,17.0316301703163,4.866180048661801,4.866180048661801,136.2530413625304,7.299270072992701,0.0,63.26034063260341,0.0,0.0,0.0,0.0,9.732360097323602,0.0,0.0,0.0,0.0,0.0,0.0,2.4330900243309004,0.0,0.0,0.0,0.0,0.0,0.0,12.165450121654501,85.1581508515815,43.79562043795621,21.897810218978105,116.78832116788321,0.5140664961636828,4.122762148337596,0.0,2.4330900243309004,0.0,2.4330900243309004,24.330900243309003,2.4330900243309004,2.4330900243309004,17.0316301703163,0.0,2.4330900243309004,4.866180048661801,36.4963503649635,2.4330900243309004,0.0,46.228710462287104,4.866180048661801,0.0,0.0,2.4330900243309004,4.866180048661801,7.299270072992701,0.0,7.299270072992701
SFM7,11.961722488038278,14.354066985645934,98.08612440191388,2.3923444976076556,2.3923444976076556,43.0622009569378,21.5311004784689,4.784688995215311,28.70813397129187,14.354066985645934,2.3923444976076556,2.3923444976076556,19.138755980861244,23.923444976076556,2.3923444976076556,205.74162679425837,7.177033492822967,0.0,47.84688995215311,4.784688995215311,7.177033492822967,0.0,4.784688995215311,11.961722488038278,4.784688995215311,0.0,0.0,0.0,0.0,0.0,0.0,0.0,2.3923444976076556,0.0,0.0,0.0,0.0,0.0,81.33971291866028,83.73205741626795,2.3923444976076556,90.9090909090909,0.6060606060606061,4.883838383838384,2.3923444976076556,0.0,0.0,4.784688995215311,23.923444976076556,0.0,4.784688995215311,7.177033492822967,0.0,4.784688995215311,2.3923444976076556,47.84688995215311,0.0,0.0,47.84688995215311,0.0,0.0,0.0,4.784688995215311,11.961722488038278,11.961722488038278,0.0,7.177033492822967
SFRW,21.95121951219512,7.317073170731708,75.60975609756098,2.4390243902439024,4.878048780487805,51.21951219512195,19.51219512195122,9.75609756097561,31.70731707317073,7.317073170731708,0.0,2.4390243902439024,17.073170731707318,2.4390243902439024,0.0,204.8780487804878,0.0,0.0,36.58536585365854,2.4390243902439024,0.0,0.0,2.4390243902439024,17.073170731707318,2.4390243902439024,0.0,0.0,2.4390243902439024,0.0,0.0,0.0,0.0,4.878048780487805,2.4390243902439024,0.0,0.0,2.4390243902439024,7.317073170731708,58.53658536585366,34.146341463414636,12.195121951219512,114.63414634146342,0.5365853658536586,4.157181571815718,12.195121951219512,2.4390243902439024,7.317073170731708,4.878048780487805,12.195121951219512,4.878048780487805,0.0,17.073170731707318,0.0,12.195121951219512,7.317073170731708,31.70731707317073,4.878048780487805,0.0,46.34146341463415,2.4390243902439024,0.0,0.0,4.878048780487805,4.878048780487805,19.51219512195122,0.0,19.51219512195122
SFXE,9.433962264150942,9.433962264150942,82.54716981132076,2.3584905660377355,7.0754716981132075,58.9622641509434,7.0754716981132075,2.3584905660377355,7.0754716981132075,11.79245283018868,7.0754716981132075,4.716981132075471,14.150943396226415,16.50943396226415,0.0,226.41509433962264,0.0,0.0,28.30188679245283,2.3584905660377355,2.3584905660377355,0.0,4.716981132075471,11.79245283018868,2.3584905660377355,0.0,0.0,2.3584905660377355,2.3584905660377355,0.0,0.0,0.0,0.0,0.0,0.0,0.0,2.3584905660377355,0.0,91.98113207547169,42.45283018867924,7.0754716981132075,108.49056603773585,0.5955882352941176,4.848039215686274,7.0754716981132075,2.3584905660377355,0.0,9.433962264150942,14.150943396226415,7.0754716981132075,9.433962264150942,9.433962264150942,2.3584905660377355,4.716981132075471,4.716981132075471,25.943396226415096,0.0,0.0,35.37735849056604,0.0,0.0,0.0,2.3584905660377355,7.0754716981132075,21.22641509433962,0.0,7.0754716981132075
SFXF,19.607843137254903,17.156862745098042,95.58823529411764,4.901960784313726,2.450980392156863,44.11764705882353,12.254901960784313,2.450980392156863,34.313725490196084,9.803921568627452,4.901960784313726,2.450980392156863,9.803921568627452,9.803921568627452,4.901960784313726,205.88235294117646,4.901960784313726,0.0,61.27450980392157,2.450980392156863,0.0,0.0,2.450980392156863,22.058823529411764,2.450980392156863,0.0,0.0,0.0,0.0,0.0,0.0,0.0,0.0,2.450980392156863,0.0,0.0,2.450980392156863,2.450980392156863,73.52941176470588,58.8235294117647,17.156862745098042,88.23529411764706,0.5520833333333334,4.15625,0.0,0.0,2.450980392156863,2.450980392156863,24.509803921568626,0.0,7.352941176470588,2.450980392156863,2.450980392156863,4.901960784313726,0.0,31.862745098039213,2.450980392156863,0.0,56.372549019607845,2.450980392156863,0.0,0.0,0.0,4.901960784313726,22.058823529411764,0.0,9.803921568627452
SFZ9,20.0,12.5,92.5,0.0,15.0,47.5,25.0,7.5,27.5,12.5,10.0,2.5,20.0,10.0,2.5,182.5,0.0,0.0,30.0,2.5,2.5,0.0,0.0,7.5,2.5,0.0,0.0,2.5,5.0,0.0,0.0,0.0,0.0,0.0,0.0,2.5,0.0,2.5,70.0,32.5,12.5,90.0,0.5575916230366492,4.301047120418848,5.0,0.0,5.0,7.5,22.5,10.0,20.0,15.0,0.0,2.5,7.5,27.5,5.0,0.0,40.0,0.0,0.0,0.0,5.0,2.5,17.5,0.0,10.0
SG3Q,7.425742574257425,12.376237623762377,94.05940594059406,2.4752475247524752,0.0,66.83168316831683,9.900990099009901,4.9504950495049505,12.376237623762377,9.900990099009901,9.900990099009901,2.4752475247524752,19.801980198019802,7.425742574257425,2.4752475247524752,237.6237623762376,7.425742574257425,0.0,32.17821782178218,2.4752475247524752,0.0,0.0,4.9504950495049505,4.9504950495049505,4.9504950495049505,0.0,0.0,0.0,4.9504950495049505,0.0,0.0,0.0,2.4752475247524752,2.4752475247524752,0.0,2.4752475247524752,4.9504950495049505,12.376237623762377,106.43564356435644,27.22772277227723,9.900990099009901,54.45544554455446,0.5883977900552486,4.251381215469613,0.0,2.4752475247524752,4.9504950495049505,0.0,9.900990099009901,0.0,7.425742574257425,12.376237623762377,2.4752475247524752,7.425742574257425,2.4752475247524752,14.85148514851485,0.0,0.0,49.504950495049506,0.0,4.9504950495049505,0.0,12.376237623762377,0.0,14.85148514851485,0.0,0.0
SGMT,29.92518703241895,2.493765586034913,94.76309226932668,4.987531172069826,12.468827930174564,62.34413965087282,9.975062344139651,19.950124688279303,27.43142144638404,9.975062344139651,9.975062344139651,9.975062344139651,24.93765586034913,17.456359102244388,0.0,149.62593516209478,4.987531172069826,2.493765586034913,59.8503740648379,2.493765586034913,0.0,0.0,2.493765586034913,14.962593516209475,0.0,0.0,0.0,2.493765586034913,2.493765586034913,0.0,0.0,0.0,0.0,0.0,0.0,0.0,2.493765586034913,9.975062344139651,87.28179551122194,24.93765586034913,14.962593516209475,154.6134663341646,0.5849056603773585,4.099730458221024,2.493765586034913,2.493765586034913,0.0,2.493765586034913,29.92518703241895,4.987531172069826,7.481296758104738,7.481296758104738,0.0,0.0,2.493765586034913,17.456359102244388,2.493765586034913,4.987531172069826,59.8503740648379,0.0,0.0,0.0,2.493765586034913,4.987531172069826,19.950124688279303,4.987531172069826,29.92518703241895
SH4V,14.88833746898263,17.3697270471464,81.88585607940446,12.40694789081886,2.4813895781637716,96.77419354838709,32.25806451612903,2.4813895781637716,29.77667493796526,4.962779156327543,4.962779156327543,4.962779156327543,12.40694789081886,4.962779156327543,0.0,168.7344913151365,9.925558312655086,0.0,29.77667493796526,0.0,0.0,0.0,2.4813895781637716,19.851116625310173,4.962779156327543,0.0,0.0,0.0,4.962779156327543,0.0,0.0,0.0,0.0,0.0,0.0,0.0,4.962779156327543,7.444168734491315,91.81141439205956,19.851116625310173,4.962779156327543,62.03473945409429,0.56,3.888,0.0,2.4813895781637716,2.4813895781637716,0.0,17.3697270471464,0.0,14.88833746898263,27.29528535980149,4.962779156327543,7.444168734491315,0.0,24.81389578163772,0.0,0.0,54.59057071960298,0.0,0.0,0.0,7.444168734491315,2.4813895781637716,19.851116625310173,2.4813895781637716,7.444168734491315
SH9T,69.1358024691358,7.407407407407407,74.07407407407408,0.0,4.938271604938271,76.54320987654322,29.62962962962963,4.938271604938271,19.753086419753085,7.407407407407407,7.407407407407407,14.814814814814815,17.28395061728395,12.345679012345679,0.0,148.14814814814815,12.345679012345679,0.0,37.03703703703704,4.938271604938271,0.0,0.0,4.938271604938271,14.814814814814815,0.0,0.0,0.0,2.4691358024691357,0.0,0.0,2.4691358024691357,0.0,2.4691358024691357,0.0,2.4691358024691357,0.0,4.938271604938271,2.4691358024691357,64.19753086419753,24.691358024691358,9.876543209876543,101.23456790123457,0.6020671834625323,4.028423772609819,0.0,0.0,4.938271604938271,4.938271604938271,14.814814814814815,2.4691358024691357,4.938271604938271,7.407407407407407,0.0,9.876543209876543,2.4691358024691357,34.5679012345679,9.876543209876543,0.0,39.50617283950617,4.938271604938271,0.0,0.0,2.4691358024691357,2.4691358024691357,12.345679012345679,0.0,7.407407407407407
SHAZ,32.01970443349754,9.852216748768473,88.66995073891626,2.4630541871921183,0.0,49.26108374384237,22.167487684729064,27.093596059113302,34.48275862068965,9.852216748768473,4.926108374384237,4.926108374384237,19.704433497536947,7.389162561576354,0.0,174.8768472906404,7.389162561576354,0.0,46.79802955665024,0.0,0.0,0.0,2.4630541871921183,9.852216748768473,4.926108374384237,0.0,2.4630541871921183,0.0,0.0,0.0,0.0,0.0,0.0,0.0,0.0,0.0,0.0,7.389162561576354,91.13300492610837,22.167487684729064,4.926108374384237,108.37438423645321,0.5169712793733682,4.093994778067885,2.4630541871921183,0.0,0.0,7.389162561576354,34.48275862068965,2.4630541871921183,7.389162561576354,2.4630541871921183,2.4630541871921183,7.389162561576354,2.4630541871921183,12.315270935960593,2.4630541871921183,0.0,44.33497536945813,0.0,7.389162561576354,0.0,2.4630541871921183,7.389162561576354,19.704433497536947,0.0,4.926108374384237
SHC8,79.40446650124069,7.444168734491315,57.07196029776674,2.4813895781637716,2.4813895781637716,79.40446650124069,22.332506203473944,17.3697270471464,29.77667493796526,2.4813895781637716,2.4813895781637716,4.962779156327543,29.77667493796526,12.40694789081886,4.962779156327543,163.77171215880892,2.4813895781637716,0.0,39.702233250620345,2.4813895781637716,0.0,0.0,12.40694789081886,12.40694789081886,2.4813895781637716,0.0,0.0,0.0,0.0,0.0,0.0,0.0,0.0,0.0,0.0,0.0,0.0,4.962779156327543,99.25558312655087,27.29528535980149,4.962779156327543,119.10669975186104,0.575197889182058,4.137203166226913,2.4813895781637716,0.0,0.0,0.0,9.925558312655086,2.4813895781637716,7.444168734491315,2.4813895781637716,0.0,7.444168734491315,4.962779156327543,29.77667493796526,0.0,2.4813895781637716,42.183622828784124,0.0,7.444168734491315,2.4813895781637716,2.4813895781637716,7.444168734491315,27.29528535980149,0.0,17.3697270471464
SHHG,31.40096618357488,19.32367149758454,115.94202898550725,0.0,9.66183574879227,67.6328502415459,36.231884057971016,2.4154589371980677,36.231884057971016,12.077294685990339,4.830917874396135,4.830917874396135,7.246376811594203,7.246376811594203,0.0,154.58937198067633,7.246376811594203,0.0,62.80193236714976,0.0,0.0,0.0,0.0,19.32367149758454,2.4154589371980677,0.0,0.0,0.0,2.4154589371980677,0.0,0.0,0.0,0.0,0.0,0.0,0.0,2.4154589371980677,7.246376811594203,67.6328502415459,33.81642512077295,19.32367149758454,111.1111111111111,0.5515463917525774,3.9871134020618557,2.4154589371980677,0.0,9.66183574879227,2.4154589371980677,38.64734299516908,0.0,14.492753623188406,4.830917874396135,0.0,2.4154589371980677,0.0,38.64734299516908,4.830917874396135,0.0,62.80193236714976,0.0,0.0,0.0,2.4154589371980677,2.4154589371980677,14.492753623188406,0.0,2.4154589371980677
SHT2,2.4330900243309004,7.299270072992701,104.62287104622871,2.4330900243309004,7.299270072992701,9.732360097323602,21.897810218978105,9.732360097323602,14.598540145985401,12.165450121654501,7.299270072992701,2.4330900243309004,29.197080291970803,17.0316301703163,7.299270072992701,155.71776155717762,4.866180048661801,0.0,58.394160583941606,2.4330900243309004,0.0,0.0,0.0,17.0316301703163,0.0,0.0,0.0,0.0,4.866180048661801,0.0,2.4330900243309004,0.0,0.0,2.4330900243309004,2.4330900243309004,0.0,4.866180048661801,2.4330900243309004,48.661800486618006,48.661800486618006,24.330900243309003,124.08759124087591,0.5433673469387755,4.392857142857143,14.598540145985401,2.4330900243309004,0.0,0.0,17.0316301703163,4.866180048661801,2.4330900243309004,14.598540145985401,0.0,0.0,4.866180048661801,29.197080291970803,4.866180048661801,0.0,36.4963503649635,0.0,0.0,0.0,2.4330900243309004,9.732360097323602,17.0316301703163,0.0,9.732360097323602
SJDM,19.851116625310173,4.962779156327543,71.96029776674938,4.962779156327543,4.962779156327543,49.62779156327544,42.183622828784124,4.962779156327543,24.81389578163772,7.444168734491315,0.0,2.4813895781637716,22.332506203473944,12.40694789081886,7.444168734491315,218.36228287841192,2.4813895781637716,0.0,34.7394540942928,4.962779156327543,0.0,0.0,4.962779156327543,14.88833746898263,0.0,0.0,0.0,0.0,2.4813895781637716,0.0,0.0,0.0,2.4813895781637716,0.0,0.0,0.0,4.962779156327543,9.925558312655086,57.07196029776674,34.7394540942928,4.962779156327543,96.77419354838709,0.5447368421052632,4.189473684210526,0.0,0.0,2.4813895781637716,0.0,9.925558312655086,9.925558312655086,4.962779156327543,14.88833746898263,7.444168734491315,4.962779156327543,0.0,19.851116625310173,2.4813895781637716,0.0,49.62779156327544,0.0,0.0,0.0,4.962779156327543,2.4813895781637716,22.332506203473944,0.0,12.40694789081886
SJRX,43.90243902439024,7.317073170731708,73.17073170731707,0.0,4.878048780487805,63.41463414634146,29.26829268292683,7.317073170731708,19.51219512195122,12.195121951219512,4.878048780487805,2.4390243902439024,29.26829268292683,2.4390243902439024,0.0,195.1219512195122,7.317073170731708,0.0,39.02439024390244,2.4390243902439024,0.0,0.0,4.878048780487805,17.073170731707318,2.4390243902439024,0.0,0.0,0.0,2.4390243902439024,0.0,0.0,0.0,0.0,0.0,0.0,0.0,0.0,4.878048780487805,60.97560975609756,29.26829268292683,17.073170731707318,109.7560975609756,0.5447570332480819,4.0,2.4390243902439024,0.0,2.4390243902439024,2.4390243902439024,9.75609756097561,4.878048780487805,7.317073170731708,7.317073170731708,2.4390243902439024,9.75609756097561,0.0,17.073170731707318,7.317073170731708,2.4390243902439024,39.02439024390244,0.0,0.0,0.0,2.4390243902439024,0.0,26.829268292682926,0.0,12.195121951219512
SKBN,22.22222222222222,19.753086419753085,79.01234567901234,0.0,7.407407407407407,56.79012345679013,29.62962962962963,7.407407407407407,7.407407407407407,9.876543209876543,4.938271604938271,4.938271604938271,27.160493827160494,4.938271604938271,0.0,209.87654320987653,0.0,0.0,22.22222222222222,2.4691358024691357,0.0,0.0,7.407407407407407,14.814814814814815,2.4691358024691357,0.0,0.0,0.0,2.4691358024691357,0.0,0.0,0.0,2.4691358024691357,0.0,0.0,0.0,7.407407407407407,4.938271604938271,81.4814814814815,46.91358024691358,2.4691358024691357,118.51851851851852,0.5877659574468085,4.465425531914893,0.0,0.0,4.938271604938271,7.407407407407407,17.28395061728395,0.0,14.814814814814815,12.345679012345679,0.0,4.938271604938271,0.0,29.62962962962963,0.0,4.938271604938271,29.62962962962963,0.0,0.0,0.0,4.938271604938271,2.4691358024691357,9.876543209876543,0.0,7.407407407407407
SKCY,9.803921568627452,17.156862745098042,102.94117647058823,4.901960784313726,2.450980392156863,49.01960784313725,26.96078431372549,4.901960784313726,29.41176470588235,14.705882352941176,0.0,0.0,19.607843137254903,12.254901960784313,9.803921568627452,181.37254901960785,4.901960784313726,0.0,51.470588235294116,4.901960784313726,0.0,0.0,0.0,19.607843137254903,0.0,0.0,0.0,0.0,0.0,0.0,2.450980392156863,0.0,0.0,0.0,0.0,0.0,7.352941176470588,4.901960784313726,107.84313725490196,46.568627450980394,22.058823529411764,90.68627450980392,0.5106951871657754,4.229946524064171,2.450980392156863,0.0,4.901960784313726,7.352941176470588,17.156862745098042,2.450980392156863,4.901960784313726,7.352941176470588,0.0,2.450980392156863,2.450980392156863,39.21568627450981,4.901960784313726,0.0,61.27450980392157,0.0,0.0,0.0,2.450980392156863,7.352941176470588,26.96078431372549,0.0,17.156862745098042
SKDP,29.556650246305416,2.4630541871921183,64.03940886699507,0.0,9.852216748768473,36.94581280788178,12.315270935960593,9.852216748768473,27.093596059113302,7.389162561576354,7.389162561576354,2.4630541871921183,19.704433497536947,14.778325123152708,0.0,211.82266009852216,0.0,0.0,41.87192118226601,4.926108374384237,0.0,0.0,4.926108374384237,7.389162561576354,2.4630541871921183,0.0,0.0,0.0,2.4630541871921183,0.0,0.0,0.0,0.0,0.0,0.0,4.926108374384237,4.926108374384237,2.4630541871921183,113.30049261083744,76.35467980295567,4.926108374384237,68.9655172413793,0.5532994923857868,4.347715736040609,4.926108374384237,4.926108374384237,0.0,0.0,22.167487684729064,2.4630541871921183,19.704433497536947,12.315270935960593,0.0,0.0,0.0,27.093596059113302,0.0,0.0,24.630541871921185,0.0,4.926108374384237,0.0,2.4630541871921183,4.926108374384237,12.315270935960593,0.0,7.389162561576354
SKJH,36.674816625916876,7.334963325183374,73.34963325183375,4.88997555012225,4.88997555012225,66.01466992665037,12.224938875305625,19.559902200489,41.56479217603912,4.88997555012225,0.0,4.88997555012225,12.224938875305625,14.669926650366747,0.0,188.2640586797066,4.88997555012225,0.0,51.344743276283616,4.88997555012225,0.0,0.0,7.334963325183374,22.004889975550125,0.0,0.0,0.0,0.0,0.0,0.0,0.0,0.0,0.0,0.0,2.444987775061125,0.0,2.444987775061125,7.334963325183374,73.34963325183375,56.23471882640587,17.114914425427873,100.24449877750611,0.5590551181102362,4.076115485564304,2.444987775061125,2.444987775061125,0.0,4.88997555012225,26.89486552567237,0.0,7.334963325183374,7.334963325183374,0.0,4.88997555012225,2.444987775061125,29.339853300733495,2.444987775061125,2.444987775061125,48.8997555012225,0.0,0.0,0.0,7.334963325183374,7.334963325183374,17.114914425427873,0.0,17.114914425427873
SKL5,14.705882352941176,9.803921568627452,80.88235294117648,2.450980392156863,9.803921568627452,68.62745098039217,44.11764705882353,9.803921568627452,29.41176470588235,12.254901960784313,4.901960784313726,4.901960784313726,9.803921568627452,12.254901960784313,7.352941176470588,159.31372549019608,7.352941176470588,0.0,39.21568627450981,0.0,2.450980392156863,0.0,4.901960784313726,19.607843137254903,0.0,0.0,0.0,0.0,0.0,0.0,0.0,0.0,0.0,0.0,0.0,0.0,2.450980392156863,4.901960784313726,85.7843137254902,29.41176470588235,14.705882352941176,100.49019607843138,0.5231958762886598,4.115979381443299,2.450980392156863,2.450980392156863,7.352941176470588,0.0,17.156862745098042,0.0,4.901960784313726,29.41176470588235,0.0,0.0,0.0,29.41176470588235,2.450980392156863,0.0,41.666666666666664,0.0,0.0,0.0,7.352941176470588,2.450980392156863,26.96078431372549,0.0,4.901960784313726
SKRC,7.407407407407407,24.691358024691358,74.07407407407408,2.4691358024691357,0.0,66.66666666666667,22.22222222222222,14.814814814814815,27.160493827160494,14.814814814814815,2.4691358024691357,12.345679012345679,9.876543209876543,2.4691358024691357,0.0,195.06172839506172,2.4691358024691357,0.0,27.160493827160494,0.0,0.0,0.0,0.0,17.28395061728395,0.0,0.0,0.0,2.4691358024691357,2.4691358024691357,0.0,0.0,0.0,0.0,0.0,0.0,0.0,2.4691358024691357,9.876543209876543,66.66666666666667,44.44444444444444,14.814814814814815,66.66666666666667,0.5638297872340425,4.074468085106383,4.938271604938271,0.0,2.4691358024691357,0.0,14.814814814814815,4.938271604938271,14.814814814814815,19.753086419753085,2.4691358024691357,4.938271604938271,0.0,24.691358024691358,4.938271604938271,0.0,54.32098765432099,0.0,2.4691358024691357,0.0,9.876543209876543,12.345679012345679,19.753086419753085,0.0,12.345679012345679
SL8N,44.88778054862843,2.493765586034913,84.78802992518703,2.493765586034913,4.987531172069826,54.86284289276808,12.468827930174564,14.962593516209475,47.38154613466334,4.987531172069826,2.493765586034913,0.0,12.468827930174564,4.987531172069826,7.481296758104738,214.4638403990025,9.975062344139651,0.0,52.36907730673317,2.493765586034913,2.493765586034913,0.0,4.987531172069826,24.93765586034913,4.987531172069826,0.0,0.0,0.0,0.0,0.0,0.0,0.0,2.493765586034913,0.0,0.0,0.0,0.0,2.493765586034913,59.8503740648379,47.38154613466334,14.962593516209475,89.77556109725685,0.5546666666666666,4.1146666666666665,2.493765586034913,2.493765586034913,0.0,9.975062344139651,12.468827930174564,0.0,14.962593516209475,2.493765586034913,0.0,2.493765586034913,12.468827930174564,24.93765586034913,0.0,0.0,54.86284289276808,0.0,0.0,0.0,0.0,7.481296758104738,9.975062344139651,0.0,17.456359102244388
SL9D,25.12562814070352,7.537688442211055,77.88944723618091,0.0,2.512562814070352,35.175879396984925,15.07537688442211,37.688442211055275,20.100502512562816,2.512562814070352,7.537688442211055,2.512562814070352,27.638190954773872,15.07537688442211,2.512562814070352,188.4422110552764,10.050251256281408,0.0,32.663316582914575,2.512562814070352,0.0,0.0,7.537688442211055,20.100502512562816,5.025125628140704,0.0,0.0,0.0,5.025125628140704,0.0,0.0,0.0,0.0,0.0,2.512562814070352,0.0,10.050251256281408,5.025125628140704,100.50251256281408,40.20100502512563,7.537688442211055,85.42713567839195,0.5978835978835979,4.28042328042328,0.0,2.512562814070352,2.512562814070352,2.512562814070352,22.613065326633166,0.0,7.537688442211055,5.025125628140704,5.025125628140704,0.0,0.0,27.638190954773872,0.0,5.025125628140704,42.713567839195974,0.0,2.512562814070352,0.0,0.0,2.512562814070352,5.025125628140704,0.0,12.56281407035176
SLH6,7.425742574257425,7.425742574257425,118.8118811881188,0.0,0.0,42.07920792079208,22.277227722772277,17.32673267326733,54.45544554455446,4.9504950495049505,0.0,0.0,27.22772277227723,22.277227722772277,9.900990099009901,155.94059405940595,0.0,0.0,64.35643564356435,4.9504950495049505,0.0,0.0,0.0,9.900990099009901,2.4752475247524752,0.0,0.0,0.0,2.4752475247524752,0.0,2.4752475247524752,2.4752475247524752,0.0,0.0,0.0,0.0,4.9504950495049505,7.425742574257425,103.96039603960395,42.07920792079208,12.376237623762377,101.48514851485149,0.5815789473684211,4.823684210526316,4.9504950495049505,0.0,0.0,2.4752475247524752,29.7029702970297,0.0,7.425742574257425,0.0,2.4752475247524752,2.4752475247524752,7.425742574257425,19.801980198019802,2.4752475247524752,2.4752475247524752,56.93069306930693,2.4752475247524752,4.9504950495049505,2.4752475247524752,7.425742574257425,17.32673267326733,27.22772277227723,2.4752475247524752,7.425742574257425
SLSS,17.412935323383085,9.950248756218905,111.94029850746269,9.950248756218905,2.487562189054726,59.701492537313435,9.950248756218905,17.412935323383085,49.75124378109453,7.462686567164179,14.925373134328359,2.487562189054726,14.925373134328359,4.975124378109452,0.0,201.49253731343285,4.975124378109452,0.0,69.65174129353234,2.487562189054726,0.0,0.0,2.487562189054726,4.975124378109452,2.487562189054726,0.0,0.0,0.0,0.0,0.0,0.0,0.0,0.0,0.0,0.0,2.487562189054726,2.487562189054726,4.975124378109452,79.60199004975124,27.36318407960199,7.462686567164179,101.99004975124377,0.5789473684210527,4.204986149584488,2.487562189054726,2.487562189054726,2.487562189054726,4.975124378109452,22.388059701492537,4.975124378109452,2.487562189054726,2.487562189054726,0.0,2.487562189054726,12.437810945273633,29.850746268656717,0.0,0.0,69.65174129353234,0.0,2.487562189054726,0.0,9.950248756218905,7.462686567164179,17.412935323383085,0.0,14.925373134328359
SMEB,39.900249376558605,17.456359102244388,67.33167082294264,0.0,4.987531172069826,64.83790523690773,32.418952618453865,0.0,19.950124688279303,2.493765586034913,12.468827930174564,4.987531172069826,12.468827930174564,2.493765586034913,0.0,167.08229426433914,7.481296758104738,0.0,29.92518703241895,2.493765586034913,0.0,0.0,2.493765586034913,24.93765586034913,2.493765586034913,0.0,2.493765586034913,0.0,0.0,0.0,0.0,0.0,0.0,0.0,4.987531172069826,0.0,0.0,12.468827930174564,82.29426433915212,44.88778054862843,2.493765586034913,99.75062344139651,0.5796344647519582,4.456919060052219,2.493765586034913,4.987531172069826,2.493765586034913,4.987531172069826,22.443890274314214,4.987531172069826,0.0,2.493765586034913,0.0,4.987531172069826,7.481296758104738,32.418952618453865,2.493765586034913,0.0,44.88778054862843,0.0,2.493765586034913,2.493765586034913,7.481296758104738,2.493765586034913,19.950124688279303,0.0,7.481296758104738
SMF3,48.07692307692308,4.807692307692308,74.51923076923077,0.0,0.0,43.26923076923077,14.423076923076923,45.67307692307692,38.46153846153847,7.211538461538462,0.0,2.403846153846154,26.442307692307693,14.423076923076923,0.0,168.26923076923077,2.403846153846154,0.0,40.86538461538461,0.0,0.0,0.0,2.403846153846154,7.211538461538462,0.0,0.0,0.0,0.0,2.403846153846154,0.0,0.0,0.0,0.0,2.403846153846154,0.0,0.0,4.807692307692308,16.826923076923077,81.73076923076923,40.86538461538461,12.01923076923077,115.38461538461539,0.5839598997493735,4.355889724310777,0.0,0.0,0.0,0.0,14.423076923076923,2.403846153846154,7.211538461538462,4.807692307692308,4.807692307692308,4.807692307692308,9.615384615384617,19.230769230769234,2.403846153846154,0.0,33.65384615384615,0.0,2.403846153846154,0.0,2.403846153846154,12.01923076923077,21.634615384615383,0.0,14.423076923076923
SMK3,4.926108374384237,19.704433497536947,96.0591133004926,0.0,0.0,41.87192118226601,22.167487684729064,7.389162561576354,24.630541871921185,14.778325123152708,0.0,0.0,22.167487684729064,17.241379310344826,7.389162561576354,221.67487684729065,9.852216748768473,0.0,51.724137931034484,0.0,0.0,0.0,7.389162561576354,24.630541871921185,2.4630541871921183,0.0,0.0,0.0,2.4630541871921183,0.0,0.0,0.0,0.0,2.4630541871921183,0.0,0.0,0.0,4.926108374384237,81.2807881773399,44.33497536945813,22.167487684729064,61.576354679802954,0.5848563968668408,4.375979112271541,0.0,0.0,4.926108374384237,7.389162561576354,22.167487684729064,0.0,4.926108374384237,4.926108374384237,7.389162561576354,0.0,0.0,34.48275862068965,12.315270935960593,4.926108374384237,41.87192118226601,2.4630541871921183,0.0,2.4630541871921183,2.4630541871921183,12.315270935960593,12.315270935960593,0.0,0.0
SMKK,12.40694789081886,19.851116625310173,84.36724565756825,2.4813895781637716,2.4813895781637716,62.03473945409429,19.851116625310173,22.332506203473944,17.3697270471464,12.40694789081886,2.4813895781637716,0.0,17.3697270471464,4.962779156327543,14.88833746898263,133.99503722084367,4.962779156327543,0.0,42.183622828784124,0.0,0.0,0.0,0.0,24.81389578163772,7.444168734491315,0.0,0.0,0.0,0.0,0.0,0.0,0.0,0.0,0.0,0.0,0.0,0.0,9.925558312655086,76.92307692307693,17.3697270471464,17.3697270471464,141.43920595533498,0.5643044619422573,4.139107611548557,0.0,4.962779156327543,2.4813895781637716,2.4813895781637716,29.77667493796526,0.0,7.444168734491315,17.3697270471464,2.4813895781637716,4.962779156327543,2.4813895781637716,19.851116625310173,4.962779156327543,2.4813895781637716,39.702233250620345,0.0,2.4813895781637716,2.4813895781637716,4.962779156327543,4.962779156327543,19.851116625310173,0.0,9.925558312655086
SMMK,29.77667493796526,17.3697270471464,76.92307692307693,0.0,2.4813895781637716,64.51612903225806,27.29528535980149,9.925558312655086,27.29528535980149,4.962779156327543,2.4813895781637716,0.0,9.925558312655086,2.4813895781637716,2.4813895781637716,163.77171215880892,0.0,0.0,42.183622828784124,2.4813895781637716,0.0,0.0,2.4813895781637716,27.29528535980149,2.4813895781637716,0.0,0.0,0.0,0.0,0.0,0.0,0.0,4.962779156327543,0.0,0.0,0.0,7.444168734491315,4.962779156327543,84.36724565756825,32.25806451612903,9.925558312655086,84.36724565756825,0.5291005291005291,3.873015873015873,0.0,2.4813895781637716,2.4813895781637716,2.4813895781637716,14.88833746898263,2.4813895781637716,12.40694789081886,7.444168734491315,2.4813895781637716,9.925558312655086,12.40694789081886,27.29528535980149,0.0,0.0,54.59057071960298,0.0,0.0,2.4813895781637716,4.962779156327543,4.962779156327543,29.77667493796526,2.4813895781637716,19.851116625310173
SMNV,25.88235294117647,4.705882352941176,84.70588235294117,0.0,0.0,16.47058823529412,7.058823529411765,14.11764705882353,42.35294117647059,2.352941176470588,4.705882352941176,0.0,25.88235294117647,21.176470588235293,11.76470588235294,185.88235294117646,11.76470588235294,0.0,51.76470588235294,2.352941176470588,0.0,0.0,0.0,25.88235294117647,2.352941176470588,0.0,0.0,0.0,4.705882352941176,0.0,4.705882352941176,0.0,0.0,0.0,0.0,0.0,9.411764705882351,0.0,98.8235294117647,47.05882352941176,14.11764705882353,105.88235294117646,0.5577889447236181,4.542713567839196,0.0,2.352941176470588,4.705882352941176,7.058823529411765,14.11764705882353,0.0,16.47058823529412,11.76470588235294,2.352941176470588,2.352941176470588,4.705882352941176,28.23529411764706,0.0,7.058823529411765,35.294117647058826,0.0,2.352941176470588,0.0,9.411764705882351,9.411764705882351,14.11764705882353,0.0,16.47058823529412
SMRV,17.412935323383085,14.925373134328359,82.08955223880596,0.0,0.0,79.60199004975124,22.388059701492537,7.462686567164179,22.388059701492537,14.925373134328359,4.975124378109452,4.975124378109452,12.437810945273633,22.388059701492537,0.0,176.61691542288557,0.0,0.0,34.82587064676617,0.0,2.487562189054726,0.0,0.0,12.437810945273633,2.487562189054726,0.0,0.0,0.0,2.487562189054726,2.487562189054726,0.0,0.0,0.0,2.487562189054726,0.0,0.0,7.462686567164179,7.462686567164179,87.06467661691543,54.72636815920398,12.437810945273633,99.50248756218906,0.5587467362924282,4.443864229765013,7.462686567164179,0.0,7.462686567164179,7.462686567164179,14.925373134328359,0.0,9.950248756218905,29.850746268656717,0.0,2.487562189054726,0.0,34.82587064676617,0.0,0.0,44.776119402985074,0.0,2.487562189054726,0.0,4.975124378109452,12.437810945273633,22.388059701492537,0.0,4.975124378109452
SMSF,19.27710843373494,14.457831325301205,115.66265060240964,2.4096385542168677,4.819277108433735,69.87951807228916,24.096385542168676,2.4096385542168677,36.144578313253014,14.457831325301205,0.0,2.4096385542168677,26.50602409638554,12.048192771084338,0.0,146.98795180722894,9.63855421686747,0.0,55.42168674698795,0.0,4.819277108433735,0.0,0.0,9.63855421686747,0.0,0.0,0.0,0.0,2.4096385542168677,0.0,4.819277108433735,0.0,2.4096385542168677,2.4096385542168677,0.0,2.4096385542168677,2.4096385542168677,2.4096385542168677,60.24096385542169,43.373493975903614,16.867469879518072,130.12048192771084,0.5625,4.338541666666667,0.0,2.4096385542168677,2.4096385542168677,14.457831325301205,19.27710843373494,4.819277108433735,14.457831325301205,12.048192771084338,0.0,4.819277108433735,12.048192771084338,36.144578313253014,7.228915662650603,0.0,72.28915662650603,4.819277108433735,0.0,0.0,7.228915662650603,4.819277108433735,31.32530120481928,0.0,14.457831325301205
SMSW,31.94103194103194,0.0,85.995085995086,4.914004914004914,4.914004914004914,46.68304668304668,9.828009828009828,12.285012285012284,51.597051597051596,14.742014742014742,9.828009828009828,0.0,27.027027027027028,2.457002457002457,4.914004914004914,144.96314496314497,2.457002457002457,0.0,44.22604422604422,2.457002457002457,0.0,0.0,0.0,14.742014742014742,2.457002457002457,0.0,0.0,2.457002457002457,4.914004914004914,0.0,2.457002457002457,0.0,0.0,0.0,0.0,0.0,2.457002457002457,0.0,81.08108108108108,24.570024570024568,2.457002457002457,127.76412776412776,0.5435897435897435,4.2384615384615385,0.0,0.0,7.371007371007371,2.457002457002457,39.31203931203931,0.0,29.484029484029485,4.914004914004914,2.457002457002457,0.0,2.457002457002457,27.027027027027028,0.0,0.0,41.76904176904177,0.0,4.914004914004914,0.0,0.0,14.742014742014742,19.656019656019655,2.457002457002457,7.371007371007371
SN22,4.987531172069826,14.962593516209475,104.73815461346634,0.0,4.987531172069826,67.33167082294264,7.481296758104738,4.987531172069826,29.92518703241895,17.456359102244388,0.0,2.493765586034913,22.443890274314214,9.975062344139651,0.0,172.06982543640896,12.468827930174564,2.493765586034913,42.394014962593516,2.493765586034913,2.493765586034913,0.0,0.0,12.468827930174564,2.493765586034913,0.0,0.0,4.987531172069826,0.0,0.0,7.481296758104738,0.0,0.0,0.0,2.493765586034913,0.0,2.493765586034913,2.493765586034913,97.25685785536159,42.394014962593516,12.468827930174564,84.78802992518703,0.5418848167539267,4.2460732984293195,0.0,0.0,0.0,4.987531172069826,19.950124688279303,0.0,4.987531172069826,14.962593516209475,7.481296758104738,0.0,9.975062344139651,37.406483790523694,0.0,2.493765586034913,47.38154613466334,0.0,0.0,0.0,2.493765586034913,7.481296758104738,9.975062344139651,0.0,7.481296758104738
SN2R,29.62962962962963,4.938271604938271,83.95061728395062,2.4691358024691357,14.814814814814815,69.1358024691358,22.22222222222222,4.938271604938271,22.22222222222222,7.407407407407407,2.4691358024691357,2.4691358024691357,12.345679012345679,9.876543209876543,0.0,200.0,9.876543209876543,0.0,37.03703703703704,0.0,0.0,0.0,0.0,22.22222222222222,2.4691358024691357,0.0,0.0,0.0,0.0,0.0,0.0,0.0,2.4691358024691357,0.0,0.0,0.0,4.938271604938271,9.876543209876543,76.54320987654322,56.79012345679013,7.407407407407407,101.23456790123457,0.6195372750642674,4.413881748071979,0.0,2.4691358024691357,4.938271604938271,0.0,27.160493827160494,2.4691358024691357,7.407407407407407,7.407407407407407,7.407407407407407,4.938271604938271,4.938271604938271,29.62962962962963,2.4691358024691357,7.407407407407407,39.50617283950617,2.4691358024691357,0.0,0.0,7.407407407407407,0.0,19.753086419753085,0.0,12.345679012345679
SNBD,24.752475247524753,9.900990099009901,101.48514851485149,7.425742574257425,2.4752475247524752,37.12871287128713,24.752475247524753,7.425742574257425,47.02970297029703,4.9504950495049505,2.4752475247524752,4.9504950495049505,17.32673267326733,9.900990099009901,2.4752475247524752,188.11881188118812,4.9504950495049505,0.0,51.980198019801975,2.4752475247524752,0.0,0.0,4.9504950495049505,7.425742574257425,2.4752475247524752,0.0,0.0,0.0,2.4752475247524752,0.0,0.0,0.0,0.0,2.4752475247524752,2.4752475247524752,0.0,2.4752475247524752,9.900990099009901,86.63366336633663,39.603960396039604,7.425742574257425,113.86138613861387,0.5512465373961218,4.537396121883656,0.0,7.425742574257425,7.425742574257425,9.900990099009901,32.17821782178218,0.0,7.425742574257425,4.9504950495049505,0.0,12.376237623762377,0.0,39.603960396039604,2.4752475247524752,0.0,64.35643564356435,4.9504950495049505,0.0,0.0,9.900990099009901,12.376237623762377,19.801980198019802,0.0,9.900990099009901
SNCM,50.35971223021583,11.990407673860911,59.95203836930456,2.398081534772182,7.194244604316547,55.15587529976019,33.57314148681055,7.194244604316547,28.77697841726619,7.194244604316547,7.194244604316547,2.398081534772182,14.388489208633095,21.58273381294964,4.796163069544364,139.08872901678657,0.0,0.0,45.563549160671464,2.398081534772182,0.0,0.0,0.0,16.786570743405274,7.194244604316547,0.0,0.0,0.0,0.0,0.0,0.0,2.398081534772182,0.0,2.398081534772182,0.0,0.0,2.398081534772182,2.398081534772182,88.72901678657075,50.35971223021583,7.194244604316547,110.31175059952038,0.556390977443609,4.200501253132832,0.0,2.398081534772182,0.0,2.398081534772182,21.58273381294964,4.796163069544364,11.990407673860911,2.398081534772182,2.398081534772182,2.398081534772182,2.398081534772182,7.194244604316547,0.0,0.0,40.7673860911271,0.0,2.398081534772182,0.0,4.796163069544364,0.0,11.990407673860911,0.0,11.990407673860911
SNDW,12.106537530266344,4.842615012106537,94.43099273607749,7.263922518159807,4.842615012106537,31.476997578692497,9.685230024213075,48.426150121065376,19.37046004842615,9.685230024213075,7.263922518159807,4.842615012106537,14.527845036319613,19.37046004842615,4.842615012106537,169.4915254237288,4.842615012106537,0.0,43.583535108958834,0.0,0.0,0.0,0.0,19.37046004842615,2.4213075060532687,0.0,0.0,0.0,0.0,0.0,0.0,0.0,0.0,0.0,0.0,0.0,4.842615012106537,9.685230024213075,92.00968523002422,24.213075060532688,9.685230024213075,125.90799031476999,0.5880829015544041,4.533678756476684,2.4213075060532687,0.0,2.4213075060532687,4.842615012106537,19.37046004842615,2.4213075060532687,7.263922518159807,2.4213075060532687,0.0,4.842615012106537,4.842615012106537,31.476997578692497,2.4213075060532687,0.0,60.53268765133172,0.0,2.4213075060532687,0.0,4.842615012106537,12.106537530266344,14.527845036319613,0.0,12.106537530266344
SNMN,24.93765586034913,22.443890274314214,82.29426433915212,9.975062344139651,2.493765586034913,67.33167082294264,12.468827930174564,7.481296758104738,17.456359102244388,17.456359102244388,0.0,7.481296758104738,9.975062344139651,0.0,0.0,214.4638403990025,2.493765586034913,0.0,42.394014962593516,2.493765586034913,0.0,0.0,2.493765586034913,4.987531172069826,0.0,0.0,0.0,0.0,2.493765586034913,0.0,0.0,0.0,0.0,0.0,0.0,0.0,2.493765586034913,12.468827930174564,87.28179551122194,27.43142144638404,12.468827930174564,114.713216957606,0.5837837837837838,3.927027027027027,2.493765586034913,0.0,2.493765586034913,7.481296758104738,19.950124688279303,4.987531172069826,4.987531172069826,12.468827930174564,0.0,4.987531172069826,0.0,14.962593516209475,0.0,2.493765586034913,39.900249376558605,0.0,2.493765586034913,0.0,7.481296758104738,0.0,17.456359102244388,0.0,12.468827930174564
SNPA,14.778325123152708,12.315270935960593,73.89162561576356,2.4630541871921183,0.0,56.65024630541872,12.315270935960593,9.852216748768473,12.315270935960593,7.389162561576354,12.315270935960593,2.4630541871921183,14.778325123152708,0.0,2.4630541871921183,197.04433497536948,2.4630541871921183,0.0,36.94581280788178,2.4630541871921183,2.4630541871921183,0.0,2.4630541871921183,17.241379310344826,2.4630541871921183,0.0,0.0,0.0,2.4630541871921183,0.0,0.0,0.0,0.0,0.0,0.0,4.926108374384237,0.0,0.0,66.50246305418719,46.79802955665024,17.241379310344826,91.13300492610837,0.5544041450777202,4.243523316062176,2.4630541871921183,2.4630541871921183,2.4630541871921183,9.852216748768473,7.389162561576354,2.4630541871921183,4.926108374384237,14.778325123152708,2.4630541871921183,2.4630541871921183,2.4630541871921183,24.630541871921185,0.0,0.0,34.48275862068965,0.0,2.4630541871921183,0.0,9.852216748768473,7.389162561576354,9.852216748768473,0.0,7.389162561576354
SNRQ,12.315270935960593,19.704433497536947,81.2807881773399,0.0,0.0,56.65024630541872,24.630541871921185,2.4630541871921183,22.167487684729064,12.315270935960593,7.389162561576354,4.926108374384237,14.778325123152708,4.926108374384237,2.4630541871921183,187.19211822660097,0.0,0.0,49.26108374384237,4.926108374384237,0.0,0.0,2.4630541871921183,24.630541871921185,2.4630541871921183,0.0,0.0,2.4630541871921183,2.4630541871921183,0.0,0.0,0.0,0.0,0.0,0.0,0.0,7.389162561576354,2.4630541871921183,73.89162561576356,34.48275862068965,17.241379310344826,93.59605911330048,0.5718015665796344,4.436031331592689,2.4630541871921183,2.4630541871921183,9.852216748768473,4.926108374384237,9.852216748768473,2.4630541871921183,2.4630541871921183,17.241379310344826,0.0,7.389162561576354,0.0,41.87192118226601,0.0,2.4630541871921183,51.724137931034484,0.0,0.0,0.0,9.852216748768473,7.389162561576354,24.630541871921185,0.0,2.4630541871921183
SNXL,7.389162561576354,7.389162561576354,78.81773399014779,7.389162561576354,4.926108374384237,34.48275862068965,27.093596059113302,4.926108374384237,17.241379310344826,4.926108374384237,0.0,0.0,17.241379310344826,24.630541871921185,4.926108374384237,197.04433497536948,4.926108374384237,0.0,32.01970443349754,2.4630541871921183,0.0,0.0,2.4630541871921183,14.778325123152708,0.0,0.0,0.0,0.0,0.0,0.0,0.0,0.0,0.0,0.0,0.0,2.4630541871921183,0.0,7.389162561576354,86.20689655172414,54.187192118226605,7.389162561576354,120.6896551724138,0.6164021164021164,4.727513227513228,4.926108374384237,0.0,0.0,9.852216748768473,12.315270935960593,2.4630541871921183,19.704433497536947,9.852216748768473,4.926108374384237,0.0,0.0,24.630541871921185,4.926108374384237,0.0,46.79802955665024,0.0,2.4630541871921183,2.4630541871921183,7.389162561576354,2.4630541871921183,2.4630541871921183,2.4630541871921183,14.778325123152708
SP62,29.92518703241895,7.481296758104738,99.75062344139651,0.0,4.987531172069826,84.78802992518703,19.950124688279303,19.950124688279303,32.418952618453865,9.975062344139651,0.0,14.962593516209475,22.443890274314214,2.493765586034913,0.0,119.7007481296758,9.975062344139651,0.0,42.394014962593516,0.0,0.0,0.0,12.468827930174564,22.443890274314214,4.987531172069826,0.0,0.0,0.0,0.0,0.0,0.0,0.0,2.493765586034913,0.0,0.0,0.0,7.481296758104738,12.468827930174564,79.80049875311721,32.418952618453865,7.481296758104738,112.21945137157108,0.5351351351351351,3.9513513513513514,2.493765586034913,0.0,0.0,0.0,14.962593516209475,4.987531172069826,12.468827930174564,17.456359102244388,0.0,0.0,0.0,44.88778054862843,0.0,4.987531172069826,72.31920199501248,0.0,7.481296758104738,0.0,7.481296758104738,4.987531172069826,9.975062344139651,0.0,14.962593516209475
SP67,4.819277108433735,16.867469879518072,110.8433734939759,4.819277108433735,4.819277108433735,55.42168674698795,21.686746987951807,19.27710843373494,21.686746987951807,9.63855421686747,2.4096385542168677,0.0,19.27710843373494,0.0,0.0,202.40963855421688,9.63855421686747,0.0,50.60240963855422,4.819277108433735,0.0,0.0,0.0,4.819277108433735,2.4096385542168677,0.0,2.4096385542168677,0.0,0.0,0.0,0.0,0.0,0.0,4.819277108433735,0.0,2.4096385542168677,4.819277108433735,2.4096385542168677,103.61445783132531,26.50602409638554,19.27710843373494,93.97590361445783,0.5567010309278351,4.208762886597938,0.0,0.0,0.0,2.4096385542168677,26.50602409638554,2.4096385542168677,14.457831325301205,4.819277108433735,0.0,2.4096385542168677,7.228915662650603,31.32530120481928,4.819277108433735,0.0,53.01204819277108,0.0,0.0,0.0,9.63855421686747,2.4096385542168677,9.63855421686747,2.4096385542168677,4.819277108433735
SP6E,14.388489208633095,4.796163069544364,98.32134292565947,0.0,0.0,52.75779376498801,21.58273381294964,7.194244604316547,40.7673860911271,4.796163069544364,14.388489208633095,2.398081534772182,21.58273381294964,21.58273381294964,2.398081534772182,194.24460431654677,2.398081534772182,0.0,43.16546762589928,0.0,2.398081534772182,0.0,4.796163069544364,16.786570743405274,0.0,0.0,0.0,0.0,0.0,0.0,0.0,0.0,0.0,0.0,0.0,0.0,11.990407673860911,4.796163069544364,79.13669064748201,50.35971223021583,21.58273381294964,91.12709832134293,0.5739795918367347,4.64030612244898,7.194244604316547,0.0,2.398081534772182,0.0,7.194244604316547,2.398081534772182,9.592326139088728,19.184652278177456,2.398081534772182,4.796163069544364,4.796163069544364,28.77697841726619,0.0,0.0,47.961630695443645,0.0,2.398081534772182,0.0,4.796163069544364,11.990407673860911,26.378896882494004,0.0,16.786570743405274
SPHZ,14.814814814814815,14.814814814814815,69.1358024691358,9.876543209876543,2.4691358024691357,51.85185185185185,37.03703703703704,2.4691358024691357,19.753086419753085,7.407407407407407,2.4691358024691357,0.0,2.4691358024691357,9.876543209876543,2.4691358024691357,204.93827160493828,9.876543209876543,0.0,41.97530864197531,2.4691358024691357,2.4691358024691357,0.0,2.4691358024691357,14.814814814814815,0.0,2.4691358024691357,0.0,2.4691358024691357,0.0,0.0,0.0,0.0,0.0,0.0,0.0,0.0,2.4691358024691357,2.4691358024691357,103.7037037037037,44.44444444444444,4.938271604938271,91.35802469135803,0.6272965879265092,4.398950131233596,2.4691358024691357,2.4691358024691357,2.4691358024691357,4.938271604938271,12.345679012345679,2.4691358024691357,17.28395061728395,17.28395061728395,4.938271604938271,2.4691358024691357,2.4691358024691357,22.22222222222222,0.0,0.0,54.32098765432099,0.0,2.4691358024691357,0.0,7.407407407407407,2.4691358024691357,22.22222222222222,2.4691358024691357,9.876543209876543
SQ2D,17.412935323383085,9.950248756218905,104.4776119402985,0.0,7.462686567164179,44.776119402985074,12.437810945273633,17.412935323383085,32.33830845771144,4.975124378109452,4.975124378109452,4.975124378109452,4.975124378109452,9.950248756218905,4.975124378109452,184.07960199004975,4.975124378109452,0.0,47.2636815920398,2.487562189054726,0.0,0.0,2.487562189054726,9.950248756218905,7.462686567164179,0.0,0.0,0.0,0.0,0.0,0.0,0.0,0.0,2.487562189054726,0.0,0.0,7.462686567164179,7.462686567164179,87.06467661691543,47.2636815920398,7.462686567164179,104.4776119402985,0.6202185792349727,4.325136612021858,0.0,2.487562189054726,4.975124378109452,4.975124378109452,17.412935323383085,2.487562189054726,4.975124378109452,7.462686567164179,2.487562189054726,4.975124378109452,12.437810945273633,29.850746268656717,2.487562189054726,0.0,49.75124378109453,0.0,0.0,0.0,2.487562189054726,2.487562189054726,9.950248756218905,0.0,12.437810945273633
SQ6L,14.634146341463415,9.75609756097561,117.07317073170732,0.0,4.878048780487805,65.85365853658537,24.390243902439025,7.317073170731708,29.26829268292683,7.317073170731708,0.0,0.0,34.146341463414636,7.317073170731708,4.878048780487805,197.5609756097561,7.317073170731708,0.0,70.73170731707316,2.4390243902439024,2.4390243902439024,0.0,4.878048780487805,7.317073170731708,4.878048780487805,0.0,0.0,0.0,0.0,0.0,2.4390243902439024,0.0,0.0,4.878048780487805,0.0,0.0,2.4390243902439024,0.0,100.0,43.90243902439024,14.634146341463415,92.6829268292683,0.5837696335078534,4.366492146596858,0.0,0.0,0.0,7.317073170731708,19.51219512195122,2.4390243902439024,7.317073170731708,4.878048780487805,0.0,9.75609756097561,4.878048780487805,26.829268292682926,0.0,0.0,68.29268292682927,0.0,4.878048780487805,0.0,2.4390243902439024,7.317073170731708,9.75609756097561,0.0,2.4390243902439024
SQG4,34.5679012345679,7.407407407407407,93.82716049382717,0.0,7.407407407407407,61.72839506172839,14.814814814814815,27.160493827160494,34.5679012345679,2.4691358024691357,2.4691358024691357,4.938271604938271,22.22222222222222,7.407407407407407,9.876543209876543,138.2716049382716,7.407407407407407,0.0,44.44444444444444,2.4691358024691357,0.0,0.0,4.938271604938271,24.691358024691358,2.4691358024691357,0.0,0.0,2.4691358024691357,2.4691358024691357,0.0,0.0,0.0,0.0,2.4691358024691357,2.4691358024691357,0.0,7.407407407407407,7.407407407407407,74.07407407407408,41.97530864197531,22.22222222222222,101.23456790123457,0.5578947368421052,4.173684210526316,0.0,0.0,0.0,4.938271604938271,19.753086419753085,0.0,2.4691358024691357,9.876543209876543,2.4691358024691357,4.938271604938271,0.0,29.62962962962963,0.0,2.4691358024691357,54.32098765432099,2.4691358024691357,2.4691358024691357,0.0,2.4691358024691357,0.0,24.691358024691358,0.0,9.876543209876543
SQTU,7.228915662650603,4.819277108433735,79.51807228915662,0.0,2.4096385542168677,60.24096385542169,9.63855421686747,16.867469879518072,26.50602409638554,12.048192771084338,0.0,0.0,9.63855421686747,2.4096385542168677,0.0,204.81927710843374,2.4096385542168677,0.0,36.144578313253014,0.0,2.4096385542168677,0.0,4.819277108433735,19.27710843373494,2.4096385542168677,0.0,0.0,0.0,0.0,0.0,0.0,0.0,0.0,0.0,0.0,0.0,7.228915662650603,9.63855421686747,72.28915662650603,60.24096385542169,4.819277108433735,108.43373493975903,0.5608465608465608,4.211640211640212,2.4096385542168677,4.819277108433735,2.4096385542168677,4.819277108433735,14.457831325301205,0.0,2.4096385542168677,14.457831325301205,9.63855421686747,2.4096385542168677,2.4096385542168677,19.27710843373494,2.4096385542168677,0.0,40.96385542168675,0.0,0.0,0.0,9.63855421686747,7.228915662650603,12.048192771084338,2.4096385542168677,16.867469879518072
SR3P,48.19277108433735,0.0,86.74698795180723,0.0,7.228915662650603,55.42168674698795,21.686746987951807,33.734939759036145,28.91566265060241,9.63855421686747,0.0,0.0,21.686746987951807,16.867469879518072,4.819277108433735,180.72289156626505,2.4096385542168677,0.0,50.60240963855422,2.4096385542168677,0.0,0.0,9.63855421686747,14.457831325301205,2.4096385542168677,0.0,0.0,0.0,0.0,0.0,0.0,0.0,0.0,0.0,7.228915662650603,0.0,7.228915662650603,7.228915662650603,65.06024096385542,26.50602409638554,14.457831325301205,120.48192771084338,0.5404699738903395,4.180156657963447,0.0,2.4096385542168677,4.819277108433735,4.819277108433735,38.55421686746988,2.4096385542168677,4.819277108433735,14.457831325301205,0.0,0.0,2.4096385542168677,28.91566265060241,0.0,0.0,36.144578313253014,0.0,2.4096385542168677,0.0,7.228915662650603,7.228915662650603,21.686746987951807,2.4096385542168677,9.63855421686747
SR7C,7.389162561576354,7.389162561576354,51.724137931034484,2.4630541871921183,4.926108374384237,83.74384236453201,12.315270935960593,17.241379310344826,17.241379310344826,12.315270935960593,7.389162561576354,2.4630541871921183,0.0,12.315270935960593,7.389162561576354,211.82266009852216,2.4630541871921183,0.0,19.704433497536947,0.0,0.0,0.0,0.0,9.852216748768473,0.0,0.0,0.0,0.0,0.0,0.0,0.0,0.0,0.0,0.0,0.0,0.0,2.4630541871921183,14.778325123152708,73.89162561576356,32.01970443349754,9.852216748768473,81.2807881773399,0.5013054830287206,4.140992167101827,0.0,0.0,12.315270935960593,2.4630541871921183,12.315270935960593,0.0,9.852216748768473,27.093596059113302,2.4630541871921183,14.778325123152708,0.0,22.167487684729064,2.4630541871921183,0.0,22.167487684729064,0.0,0.0,0.0,2.4630541871921183,7.389162561576354,17.241379310344826,0.0,2.4630541871921183
SR8N,9.803921568627452,26.96078431372549,105.3921568627451,2.450980392156863,0.0,66.17647058823529,26.96078431372549,0.0,34.313725490196084,9.803921568627452,2.450980392156863,7.352941176470588,14.705882352941176,7.352941176470588,0.0,164.2156862745098,7.352941176470588,0.0,53.92156862745098,2.450980392156863,2.450980392156863,0.0,0.0,22.058823529411764,2.450980392156863,0.0,0.0,0.0,4.901960784313726,0.0,0.0,0.0,0.0,7.352941176470588,0.0,0.0,7.352941176470588,4.901960784313726,80.88235294117648,49.01960784313725,22.058823529411764,78.43137254901961,0.5415549597855228,4.2600536193029495,0.0,0.0,2.450980392156863,0.0,24.509803921568626,0.0,2.450980392156863,17.156862745098042,0.0,9.803921568627452,2.450980392156863,17.156862745098042,7.352941176470588,2.450980392156863,85.7843137254902,0.0,2.450980392156863,0.0,4.901960784313726,2.450980392156863,14.705882352941176,0.0,2.450980392156863
SR8V,29.62962962962963,22.22222222222222,98.76543209876543,0.0,14.814814814814815,54.32098765432099,14.814814814814815,9.876543209876543,29.62962962962963,2.4691358024691357,4.938271604938271,0.0,14.814814814814815,9.876543209876543,12.345679012345679,224.69135802469137,2.4691358024691357,0.0,34.5679012345679,7.407407407407407,4.938271604938271,0.0,4.938271604938271,17.28395061728395,4.938271604938271,0.0,0.0,0.0,0.0,0.0,0.0,0.0,0.0,0.0,0.0,0.0,0.0,2.4691358024691357,96.29629629629629,32.098765432098766,12.345679012345679,83.95061728395062,0.5957446808510638,4.651595744680851,0.0,2.4691358024691357,0.0,2.4691358024691357,22.22222222222222,2.4691358024691357,7.407407407407407,0.0,0.0,2.4691358024691357,2.4691358024691357,37.03703703703704,2.4691358024691357,2.4691358024691357,39.50617283950617,2.4691358024691357,0.0,0.0,4.938271604938271,9.876543209876543,24.691358024691358,7.407407407407407,7.407407407407407
SRBZ,42.959427207637226,9.546539379474941,100.23866348448688,2.3866348448687353,9.546539379474941,78.75894988066825,21.479713603818613,21.479713603818613,19.093078758949883,7.159904534606206,4.773269689737471,4.773269689737471,16.706443914081145,9.546539379474941,4.773269689737471,188.54415274463008,7.159904534606206,0.0,31.026252983293556,4.773269689737471,2.3866348448687353,0.0,0.0,16.706443914081145,0.0,0.0,0.0,0.0,4.773269689737471,0.0,4.773269689737471,0.0,0.0,0.0,0.0,0.0,7.159904534606206,7.159904534606206,71.59904534606206,54.89260143198091,0.0,69.21241050119332,0.6140350877192983,4.458646616541353,0.0,0.0,0.0,0.0,26.252983293556085,2.3866348448687353,9.546539379474941,11.933174224343675,2.3866348448687353,2.3866348448687353,0.0,38.186157517899765,11.933174224343675,0.0,42.959427207637226,7.159904534606206,0.0,0.0,7.159904534606206,4.773269689737471,9.546539379474941,0.0,7.159904534606206
SRCA,34.313725490196084,12.254901960784313,93.13725490196079,0.0,0.0,58.8235294117647,24.509803921568626,9.803921568627452,36.76470588235294,4.901960784313726,22.058823529411764,2.450980392156863,22.058823529411764,2.450980392156863,0.0,122.54901960784314,7.352941176470588,0.0,56.372549019607845,2.450980392156863,0.0,0.0,0.0,26.96078431372549,4.901960784313726,0.0,0.0,0.0,7.352941176470588,0.0,0.0,0.0,0.0,0.0,0.0,2.450980392156863,9.803921568627452,4.901960784313726,58.8235294117647,26.96078431372549,12.254901960784313,112.74509803921569,0.5535248041775457,4.177545691906006,0.0,0.0,9.803921568627452,0.0,31.862745098039213,0.0,17.156862745098042,4.901960784313726,2.450980392156863,2.450980392156863,4.901960784313726,39.21568627450981,0.0,0.0,53.92156862745098,0.0,4.901960784313726,0.0,0.0,2.450980392156863,17.156862745098042,0.0,12.254901960784313
SRCD,17.0316301703163,4.866180048661801,82.7250608272506,0.0,7.299270072992701,41.3625304136253,7.299270072992701,9.732360097323602,21.897810218978105,12.165450121654501,4.866180048661801,2.4330900243309004,19.464720194647203,4.866180048661801,2.4330900243309004,201.94647201946472,7.299270072992701,0.0,38.929440389294406,4.866180048661801,0.0,0.0,2.4330900243309004,7.299270072992701,0.0,0.0,0.0,0.0,0.0,0.0,0.0,0.0,0.0,0.0,0.0,4.866180048661801,0.0,4.866180048661801,90.02433090024331,36.4963503649635,9.732360097323602,121.65450121654501,0.6205128205128205,4.402564102564103,7.299270072992701,2.4330900243309004,4.866180048661801,2.4330900243309004,12.165450121654501,12.165450121654501,14.598540145985401,7.299270072992701,2.4330900243309004,7.299270072992701,7.299270072992701,17.0316301703163,0.0,0.0,48.661800486618006,2.4330900243309004,2.4330900243309004,0.0,0.0,4.866180048661801,2.4330900243309004,0.0,19.464720194647203
SRNC,17.456359102244388,7.481296758104738,82.29426433915212,4.987531172069826,7.481296758104738,57.356608478803,22.443890274314214,37.406483790523694,24.93765586034913,9.975062344139651,0.0,7.481296758104738,14.962593516209475,4.987531172069826,0.0,172.06982543640896,0.0,0.0,37.406483790523694,2.493765586034913,0.0,0.0,0.0,22.443890274314214,0.0,0.0,2.493765586034913,0.0,0.0,0.0,0.0,0.0,0.0,0.0,0.0,0.0,14.962593516209475,2.493765586034913,49.87531172069826,32.418952618453865,12.468827930174564,107.23192019950125,0.5157068062827225,4.010471204188482,0.0,2.493765586034913,2.493765586034913,2.493765586034913,9.975062344139651,0.0,7.481296758104738,22.443890274314214,2.493765586034913,2.493765586034913,2.493765586034913,24.93765586034913,0.0,0.0,37.406483790523694,2.493765586034913,0.0,0.0,9.975062344139651,2.493765586034913,37.406483790523694,7.481296758104738,9.975062344139651
SRVD,25.0,10.0,85.0,0.0,7.5,50.0,7.5,15.0,35.0,2.5,7.5,7.5,17.5,30.0,5.0,157.5,7.5,0.0,42.5,2.5,2.5,0.0,2.5,17.5,0.0,0.0,0.0,0.0,0.0,2.5,2.5,0.0,0.0,0.0,0.0,0.0,2.5,10.0,105.0,22.5,12.5,132.5,0.5755968169761273,4.625994694960212,2.5,0.0,5.0,2.5,10.0,2.5,7.5,12.5,2.5,2.5,7.5,27.5,2.5,5.0,52.5,2.5,2.5,2.5,7.5,12.5,12.5,0.0,22.5
SRVR,12.224938875305625,12.224938875305625,110.0244498777506,0.0,7.334963325183374,53.78973105134474,41.56479217603912,4.88997555012225,29.339853300733495,26.89486552567237,7.334963325183374,12.224938875305625,4.88997555012225,12.224938875305625,0.0,173.59413202933985,7.334963325183374,0.0,58.67970660146699,2.444987775061125,2.444987775061125,0.0,0.0,26.89486552567237,2.444987775061125,0.0,0.0,0.0,0.0,0.0,0.0,0.0,0.0,0.0,0.0,0.0,0.0,2.444987775061125,70.90464547677261,34.229828850855746,17.114914425427873,102.68948655256723,0.5611111111111111,4.338888888888889,0.0,7.334963325183374,0.0,2.444987775061125,26.89486552567237,2.444987775061125,22.004889975550125,4.88997555012225,0.0,14.669926650366747,0.0,24.44987775061125,0.0,2.444987775061125,83.12958435207824,2.444987775061125,0.0,0.0,4.88997555012225,4.88997555012225,14.669926650366747,0.0,14.669926650366747
ST39,19.184652278177456,14.388489208633095,93.52517985611512,7.194244604316547,0.0,47.961630695443645,26.378896882494004,2.398081534772182,40.7673860911271,9.592326139088728,7.194244604316547,7.194244604316547,21.58273381294964,14.388489208633095,4.796163069544364,143.88489208633092,2.398081534772182,0.0,38.36930455635491,4.796163069544364,2.398081534772182,0.0,7.194244604316547,26.378896882494004,2.398081534772182,0.0,0.0,0.0,2.398081534772182,0.0,0.0,0.0,0.0,0.0,0.0,0.0,0.0,11.990407673860911,105.51558752997602,26.378896882494004,14.388489208633095,105.51558752997602,0.5541237113402062,4.378865979381444,4.796163069544364,4.796163069544364,9.592326139088728,0.0,28.77697841726619,0.0,7.194244604316547,7.194244604316547,2.398081534772182,0.0,4.796163069544364,40.7673860911271,0.0,4.796163069544364,55.15587529976019,0.0,4.796163069544364,2.398081534772182,4.796163069544364,7.194244604316547,16.786570743405274,0.0,16.786570743405274
STA2,4.938271604938271,14.814814814814815,103.7037037037037,0.0,7.407407407407407,59.25925925925926,27.160493827160494,27.160493827160494,19.753086419753085,14.814814814814815,9.876543209876543,2.4691358024691357,9.876543209876543,2.4691358024691357,0.0,214.8148148148148,4.938271604938271,0.0,44.44444444444444,0.0,0.0,0.0,0.0,9.876543209876543,2.4691358024691357,0.0,0.0,0.0,2.4691358024691357,0.0,0.0,0.0,2.4691358024691357,2.4691358024691357,2.4691358024691357,0.0,4.938271604938271,7.407407407407407,61.72839506172839,34.5679012345679,2.4691358024691357,91.35802469135803,0.5714285714285714,4.065934065934066,2.4691358024691357,0.0,2.4691358024691357,0.0,24.691358024691358,2.4691358024691357,4.938271604938271,19.753086419753085,2.4691358024691357,4.938271604938271,0.0,14.814814814814815,0.0,2.4691358024691357,44.44444444444444,0.0,4.938271604938271,0.0,7.407407407407407,7.407407407407407,9.876543209876543,2.4691358024691357,4.938271604938271
STG7,46.68304668304668,2.457002457002457,76.16707616707617,2.457002457002457,9.828009828009828,34.3980343980344,22.11302211302211,73.71007371007371,14.742014742014742,0.0,12.285012285012284,2.457002457002457,19.656019656019655,9.828009828009828,2.457002457002457,135.13513513513513,0.0,0.0,39.31203931203931,2.457002457002457,2.457002457002457,0.0,2.457002457002457,12.285012285012284,2.457002457002457,0.0,0.0,0.0,0.0,0.0,2.457002457002457,0.0,0.0,0.0,7.371007371007371,2.457002457002457,2.457002457002457,12.285012285012284,73.71007371007371,22.11302211302211,17.1990171990172,117.93611793611794,0.582901554404145,4.360103626943006,4.914004914004914,0.0,2.457002457002457,4.914004914004914,22.11302211302211,2.457002457002457,12.285012285012284,9.828009828009828,4.914004914004914,4.914004914004914,7.371007371007371,41.76904176904177,0.0,0.0,44.22604422604422,0.0,2.457002457002457,0.0,9.828009828009828,7.371007371007371,22.11302211302211,2.457002457002457,9.828009828009828
STNE,76.16707616707617,2.457002457002457,56.511056511056516,0.0,2.457002457002457,49.140049140049136,46.68304668304668,17.1990171990172,31.94103194103194,2.457002457002457,9.828009828009828,4.914004914004914,12.285012285012284,2.457002457002457,0.0,179.36117936117938,4.914004914004914,2.457002457002457,49.140049140049136,0.0,0.0,0.0,2.457002457002457,14.742014742014742,2.457002457002457,0.0,0.0,0.0,0.0,0.0,0.0,0.0,2.457002457002457,0.0,0.0,0.0,0.0,9.828009828009828,63.88206388206388,29.484029484029485,9.828009828009828,103.19410319410319,0.521505376344086,3.879032258064516,0.0,4.914004914004914,4.914004914004914,0.0,24.570024570024568,4.914004914004914,7.371007371007371,7.371007371007371,4.914004914004914,0.0,2.457002457002457,41.76904176904177,0.0,0.0,51.597051597051596,2.457002457002457,0.0,0.0,2.457002457002457,2.457002457002457,19.656019656019655,2.457002457002457,24.570024570024568
STSS,33.49282296650718,4.784688995215311,90.9090909090909,0.0,9.569377990430622,83.73205741626795,14.354066985645934,0.0,21.5311004784689,11.961722488038278,4.784688995215311,4.784688995215311,19.138755980861244,11.961722488038278,0.0,208.13397129186603,7.177033492822967,0.0,43.0622009569378,0.0,2.3923444976076556,0.0,2.3923444976076556,26.31578947368421,9.569377990430622,0.0,0.0,0.0,0.0,0.0,0.0,0.0,2.3923444976076556,2.3923444976076556,0.0,0.0,2.3923444976076556,2.3923444976076556,81.33971291866028,47.84688995215311,19.138755980861244,88.51674641148325,0.5681818181818182,4.179292929292929,0.0,0.0,2.3923444976076556,2.3923444976076556,21.5311004784689,2.3923444976076556,4.784688995215311,2.3923444976076556,0.0,4.784688995215311,4.784688995215311,19.138755980861244,2.3923444976076556,2.3923444976076556,40.66985645933014,0.0,0.0,2.3923444976076556,7.177033492822967,7.177033492822967,23.923444976076556,0.0,4.784688995215311
STXT,4.987531172069826,12.468827930174564,119.7007481296758,2.493765586034913,2.493765586034913,87.28179551122194,12.468827930174564,4.987531172069826,32.418952618453865,7.481296758104738,12.468827930174564,2.493765586034913,7.481296758104738,4.987531172069826,2.493765586034913,187.03241895261846,2.493765586034913,0.0,39.900249376558605,7.481296758104738,0.0,0.0,0.0,17.456359102244388,7.481296758104738,0.0,0.0,0.0,0.0,0.0,2.493765586034913,0.0,0.0,0.0,0.0,2.493765586034913,2.493765586034913,2.493765586034913,64.83790523690773,22.443890274314214,9.975062344139651,89.77556109725685,0.5552486187845304,4.033149171270718,0.0,0.0,2.493765586034913,7.481296758104738,19.950124688279303,2.493765586034913,9.975062344139651,9.975062344139651,0.0,0.0,2.493765586034913,29.92518703241895,0.0,2.493765586034913,62.34413965087282,0.0,0.0,0.0,12.468827930174564,7.481296758104738,22.443890274314214,0.0,14.962593516209475
SUAB,47.02970297029703,7.425742574257425,54.45544554455446,0.0,4.9504950495049505,69.30693069306932,14.85148514851485,7.425742574257425,4.9504950495049505,0.0,0.0,2.4752475247524752,24.752475247524753,2.4752475247524752,0.0,190.59405940594058,4.9504950495049505,2.4752475247524752,22.277227722772277,0.0,0.0,0.0,0.0,24.752475247524753,0.0,0.0,0.0,2.4752475247524752,0.0,0.0,2.4752475247524752,0.0,0.0,0.0,2.4752475247524752,2.4752475247524752,7.425742574257425,7.425742574257425,96.53465346534654,27.22772277227723,12.376237623762377,113.86138613861387,0.6089238845144357,4.118110236220472,2.4752475247524752,0.0,4.9504950495049505,0.0,29.7029702970297,0.0,19.801980198019802,9.900990099009901,0.0,9.900990099009901,4.9504950495049505,24.752475247524753,0.0,0.0,32.17821782178218,0.0,2.4752475247524752,0.0,2.4752475247524752,4.9504950495049505,17.32673267326733,0.0,12.376237623762377
SUGV,21.27659574468085,2.3640661938534278,108.74704491725768,2.3640661938534278,2.3640661938534278,68.5579196217494,28.368794326241133,7.092198581560283,26.004728132387708,14.184397163120567,7.092198581560283,7.092198581560283,21.27659574468085,11.82033096926714,0.0,203.3096926713948,4.7281323877068555,0.0,47.28132387706856,0.0,4.7281323877068555,0.0,4.7281323877068555,7.092198581560283,0.0,0.0,0.0,0.0,4.7281323877068555,2.3640661938534278,0.0,0.0,0.0,0.0,2.3640661938534278,0.0,4.7281323877068555,4.7281323877068555,70.92198581560284,35.46099290780142,4.7281323877068555,82.74231678486997,0.4688279301745636,4.057356608478803,0.0,2.3640661938534278,0.0,4.7281323877068555,33.09692671394799,2.3640661938534278,4.7281323877068555,21.27659574468085,0.0,2.3640661938534278,4.7281323877068555,23.64066193853428,2.3640661938534278,0.0,37.825059101654844,0.0,4.7281323877068555,0.0,0.0,4.7281323877068555,30.73286052009456,0.0,14.184397163120567
SUH7,24.630541871921185,29.556650246305416,108.37438423645321,0.0,4.926108374384237,59.11330049261083,17.241379310344826,24.630541871921185,24.630541871921185,9.852216748768473,4.926108374384237,7.389162561576354,19.704433497536947,4.926108374384237,2.4630541871921183,177.3399014778325,7.389162561576354,0.0,36.94581280788178,4.926108374384237,0.0,0.0,0.0,7.389162561576354,0.0,0.0,0.0,0.0,7.389162561576354,0.0,0.0,0.0,0.0,0.0,0.0,0.0,2.4630541871921183,7.389162561576354,98.52216748768474,36.94581280788178,9.852216748768473,81.2807881773399,0.5476190476190477,4.14021164021164,0.0,2.4630541871921183,0.0,4.926108374384237,32.01970443349754,0.0,12.315270935960593,2.4630541871921183,0.0,0.0,0.0,34.48275862068965,0.0,0.0,59.11330049261083,4.926108374384237,0.0,0.0,4.926108374384237,7.389162561576354,17.241379310344826,0.0,14.778325123152708
SUU4,39.702233250620345,7.444168734491315,71.96029776674938,0.0,0.0,42.183622828784124,17.3697270471464,24.81389578163772,29.77667493796526,12.40694789081886,0.0,4.962779156327543,19.851116625310173,2.4813895781637716,2.4813895781637716,200.99255583126552,2.4813895781637716,0.0,37.220843672456574,2.4813895781637716,0.0,0.0,2.4813895781637716,19.851116625310173,2.4813895781637716,0.0,0.0,0.0,2.4813895781637716,0.0,2.4813895781637716,0.0,2.4813895781637716,0.0,0.0,0.0,0.0,7.444168734491315,76.92307692307693,39.702233250620345,12.40694789081886,94.29280397022333,0.6047120418848168,4.269633507853404,2.4813895781637716,0.0,0.0,4.962779156327543,14.88833746898263,2.4813895781637716,12.40694789081886,12.40694789081886,0.0,2.4813895781637716,7.444168734491315,37.220843672456574,2.4813895781637716,4.962779156327543,47.146401985111666,2.4813895781637716,0.0,0.0,7.444168734491315,4.962779156327543,7.444168734491315,2.4813895781637716,14.88833746898263
SUVS,46.68304668304668,12.285012285012284,51.597051597051596,0.0,14.742014742014742,49.140049140049136,19.656019656019655,4.914004914004914,31.94103194103194,7.371007371007371,12.285012285012284,0.0,17.1990171990172,19.656019656019655,7.371007371007371,154.79115479115478,2.457002457002457,0.0,34.3980343980344,0.0,0.0,0.0,0.0,22.11302211302211,0.0,0.0,2.457002457002457,0.0,0.0,0.0,0.0,0.0,0.0,0.0,0.0,0.0,0.0,7.371007371007371,90.9090909090909,36.85503685503686,12.285012285012284,108.10810810810811,0.5794871794871795,4.335897435897436,4.914004914004914,0.0,0.0,2.457002457002457,22.11302211302211,2.457002457002457,2.457002457002457,7.371007371007371,2.457002457002457,4.914004914004914,4.914004914004914,7.371007371007371,2.457002457002457,7.371007371007371,34.3980343980344,0.0,0.0,0.0,4.914004914004914,2.457002457002457,19.656019656019655,0.0,14.742014742014742
SV4W,22.11302211302211,24.570024570024568,90.9090909090909,2.457002457002457,2.457002457002457,68.7960687960688,36.85503685503686,22.11302211302211,19.656019656019655,12.285012285012284,12.285012285012284,0.0,12.285012285012284,4.914004914004914,4.914004914004914,117.93611793611794,7.371007371007371,0.0,31.94103194103194,0.0,2.457002457002457,0.0,2.457002457002457,19.656019656019655,4.914004914004914,0.0,0.0,0.0,0.0,0.0,0.0,0.0,0.0,0.0,0.0,0.0,2.457002457002457,4.914004914004914,66.33906633906633,36.85503685503686,14.742014742014742,144.96314496314497,0.58656330749354,4.162790697674419,2.457002457002457,0.0,2.457002457002457,4.914004914004914,17.1990171990172,2.457002457002457,4.914004914004914,4.914004914004914,4.914004914004914,4.914004914004914,2.457002457002457,39.31203931203931,2.457002457002457,0.0,44.22604422604422,2.457002457002457,0.0,0.0,4.914004914004914,0.0,12.285012285012284,0.0,9.828009828009828
SVBJ,35.37735849056604,16.50943396226415,106.13207547169812,2.3584905660377355,4.716981132075471,73.11320754716981,16.50943396226415,0.0,40.094339622641506,7.0754716981132075,0.0,4.716981132075471,23.58490566037736,11.79245283018868,4.716981132075471,174.52830188679243,4.716981132075471,0.0,47.16981132075472,2.3584905660377355,4.716981132075471,0.0,7.0754716981132075,16.50943396226415,0.0,0.0,0.0,0.0,2.3584905660377355,2.3584905660377355,0.0,0.0,0.0,0.0,0.0,2.3584905660377355,0.0,7.0754716981132075,68.39622641509433,49.528301886792455,7.0754716981132075,106.13207547169812,0.6055276381909548,4.349246231155779,4.716981132075471,0.0,7.0754716981132075,4.716981132075471,18.867924528301884,4.716981132075471,7.0754716981132075,4.716981132075471,0.0,0.0,2.3584905660377355,40.094339622641506,2.3584905660377355,2.3584905660377355,58.9622641509434,0.0,0.0,0.0,7.0754716981132075,7.0754716981132075,14.150943396226415,0.0,14.150943396226415
SVCT,45.023696682464454,2.3696682464454977,49.76303317535545,2.3696682464454977,2.3696682464454977,73.45971563981043,28.43601895734597,16.587677725118485,4.739336492890995,4.739336492890995,4.739336492890995,0.0,21.32701421800948,11.848341232227487,7.109004739336492,182.4644549763033,4.739336492890995,0.0,42.65402843601896,0.0,0.0,0.0,0.0,14.218009478672984,4.739336492890995,0.0,0.0,2.3696682464454977,2.3696682464454977,0.0,0.0,0.0,2.3696682464454977,2.3696682464454977,2.3696682464454977,2.3696682464454977,7.109004739336492,2.3696682464454977,87.67772511848341,42.65402843601896,11.848341232227487,90.04739336492891,0.59,4.4475,4.739336492890995,0.0,2.3696682464454977,2.3696682464454977,18.95734597156398,2.3696682464454977,11.848341232227487,9.47867298578199,0.0,16.587677725118485,7.109004739336492,37.91469194312796,2.3696682464454977,0.0,42.65402843601896,7.109004739336492,2.3696682464454977,0.0,4.739336492890995,9.47867298578199,16.587677725118485,0.0,11.848341232227487
SVKF,9.732360097323602,4.866180048661801,114.35523114355232,0.0,9.732360097323602,68.1265206812652,17.0316301703163,19.464720194647203,43.79562043795621,4.866180048661801,2.4330900243309004,4.866180048661801,12.165450121654501,9.732360097323602,2.4330900243309004,158.1508515815085,2.4330900243309004,0.0,48.661800486618006,2.4330900243309004,0.0,0.0,0.0,21.897810218978105,0.0,0.0,0.0,0.0,0.0,0.0,2.4330900243309004,0.0,0.0,4.866180048661801,2.4330900243309004,0.0,9.732360097323602,7.299270072992701,75.42579075425792,41.3625304136253,4.866180048661801,94.8905109489051,0.5798969072164949,4.121134020618556,4.866180048661801,7.299270072992701,0.0,0.0,26.7639902676399,0.0,9.732360097323602,9.732360097323602,2.4330900243309004,0.0,4.866180048661801,34.0632603406326,0.0,0.0,53.5279805352798,0.0,0.0,2.4330900243309004,4.866180048661801,0.0,9.732360097323602,2.4330900243309004,7.299270072992701
SVN6,24.509803921568626,7.352941176470588,105.3921568627451,0.0,0.0,46.568627450980394,9.803921568627452,17.156862745098042,39.21568627450981,7.352941176470588,2.450980392156863,7.352941176470588,14.705882352941176,12.254901960784313,9.803921568627452,203.4313725490196,2.450980392156863,0.0,56.372549019607845,2.450980392156863,0.0,0.0,0.0,14.705882352941176,4.901960784313726,0.0,0.0,0.0,0.0,0.0,4.901960784313726,0.0,0.0,0.0,0.0,0.0,0.0,9.803921568627452,93.13725490196079,44.11764705882353,17.156862745098042,78.43137254901961,0.578125,4.5625,0.0,2.450980392156863,0.0,7.352941176470588,12.254901960784313,2.450980392156863,12.254901960784313,2.450980392156863,0.0,0.0,0.0,24.509803921568626,0.0,2.450980392156863,56.372549019607845,0.0,0.0,0.0,2.450980392156863,7.352941176470588,2.450980392156863,0.0,12.254901960784313
SVNZ,23.752969121140143,9.501187648456057,102.1377672209026,0.0,4.750593824228028,40.38004750593824,26.128266033254157,2.375296912114014,45.13064133016627,4.750593824228028,4.750593824228028,4.750593824228028,26.128266033254157,2.375296912114014,2.375296912114014,152.0190023752969,4.750593824228028,0.0,59.38242280285035,2.375296912114014,0.0,0.0,2.375296912114014,21.377672209026127,0.0,0.0,0.0,0.0,2.375296912114014,0.0,2.375296912114014,0.0,0.0,0.0,0.0,0.0,0.0,9.501187648456057,92.63657957244656,33.2541567695962,4.750593824228028,142.51781472684087,0.5688775510204082,4.221938775510204,0.0,4.750593824228028,2.375296912114014,2.375296912114014,33.2541567695962,0.0,14.251781472684087,9.501187648456057,0.0,4.750593824228028,0.0,30.878859857482183,2.375296912114014,4.750593824228028,66.5083135391924,0.0,2.375296912114014,2.375296912114014,7.125890736342043,7.125890736342043,16.6270783847981,0.0,26.128266033254157
SVR6,17.28395061728395,9.876543209876543,116.04938271604938,9.876543209876543,2.4691358024691357,61.72839506172839,19.753086419753085,0.0,29.62962962962963,4.938271604938271,12.345679012345679,2.4691358024691357,22.22222222222222,4.938271604938271,0.0,180.2469135802469,7.407407407407407,0.0,56.79012345679013,4.938271604938271,2.4691358024691357,0.0,2.4691358024691357,14.814814814814815,0.0,0.0,0.0,0.0,2.4691358024691357,0.0,0.0,0.0,2.4691358024691357,0.0,0.0,9.876543209876543,0.0,9.876543209876543,56.79012345679013,34.5679012345679,19.753086419753085,143.20987654320987,0.5575916230366492,4.429319371727749,4.938271604938271,0.0,2.4691358024691357,2.4691358024691357,37.03703703703704,0.0,0.0,9.876543209876543,2.4691358024691357,2.4691358024691357,2.4691358024691357,34.5679012345679,7.407407407407407,2.4691358024691357,49.382716049382715,0.0,0.0,0.0,7.407407407407407,17.28395061728395,19.753086419753085,0.0,2.4691358024691357
SVUC,27.43142144638404,9.975062344139651,94.76309226932668,2.493765586034913,14.962593516209475,69.82543640897755,14.962593516209475,24.93765586034913,19.950124688279303,7.481296758104738,2.493765586034913,0.0,14.962593516209475,0.0,4.987531172069826,197.0074812967581,4.987531172069826,0.0,37.406483790523694,0.0,0.0,0.0,0.0,17.456359102244388,2.493765586034913,0.0,2.493765586034913,2.493765586034913,0.0,0.0,4.987531172069826,0.0,0.0,0.0,0.0,0.0,2.493765586034913,2.493765586034913,69.82543640897755,34.912718204488776,4.987531172069826,134.66334164588528,0.6,4.013698630136986,0.0,0.0,0.0,4.987531172069826,17.456359102244388,2.493765586034913,12.468827930174564,4.987531172069826,0.0,4.987531172069826,7.481296758104738,22.443890274314214,0.0,4.987531172069826,49.87531172069826,9.975062344139651,0.0,2.493765586034913,7.481296758104738,4.987531172069826,17.456359102244388,2.493765586034913,17.456359102244388
SVZE,2.4630541871921183,2.4630541871921183,105.91133004926108,0.0,4.926108374384237,61.576354679802954,7.389162561576354,17.241379310344826,14.778325123152708,17.241379310344826,4.926108374384237,2.4630541871921183,17.241379310344826,12.315270935960593,0.0,236.45320197044333,4.926108374384237,0.0,54.187192118226605,2.4630541871921183,0.0,0.0,0.0,7.389162561576354,0.0,0.0,0.0,0.0,0.0,0.0,0.0,0.0,0.0,0.0,0.0,0.0,2.4630541871921183,0.0,64.03940886699507,19.704433497536947,7.389162561576354,100.98522167487685,0.5202156334231806,4.086253369272237,2.4630541871921183,0.0,4.926108374384237,4.926108374384237,14.778325123152708,0.0,2.4630541871921183,17.241379310344826,0.0,2.4630541871921183,2.4630541871921183,22.167487684729064,4.926108374384237,0.0,36.94581280788178,0.0,0.0,0.0,4.926108374384237,2.4630541871921183,17.241379310344826,0.0,17.241379310344826
SVZH,17.1990171990172,7.371007371007371,100.73710073710073,7.371007371007371,7.371007371007371,46.68304668304668,14.742014742014742,12.285012285012284,51.597051597051596,9.828009828009828,4.914004914004914,0.0,22.11302211302211,12.285012285012284,2.457002457002457,184.27518427518427,2.457002457002457,0.0,41.76904176904177,0.0,0.0,0.0,4.914004914004914,4.914004914004914,4.914004914004914,0.0,2.457002457002457,0.0,0.0,0.0,0.0,0.0,0.0,0.0,2.457002457002457,0.0,4.914004914004914,12.285012285012284,93.36609336609337,34.3980343980344,14.742014742014742,125.30712530712532,0.5572916666666666,4.53125,0.0,4.914004914004914,2.457002457002457,2.457002457002457,9.828009828009828,0.0,7.371007371007371,22.11302211302211,0.0,4.914004914004914,4.914004914004914,31.94103194103194,12.285012285012284,2.457002457002457,46.68304668304668,0.0,2.457002457002457,0.0,7.371007371007371,12.285012285012284,31.94103194103194,0.0,14.742014742014742
SW4Z,9.615384615384617,9.615384615384617,84.13461538461539,0.0,0.0,40.86538461538461,9.615384615384617,24.03846153846154,36.05769230769231,7.211538461538462,0.0,0.0,24.03846153846154,28.846153846153847,2.403846153846154,151.44230769230768,24.03846153846154,0.0,31.25,0.0,0.0,0.0,0.0,21.634615384615383,4.807692307692308,0.0,0.0,0.0,2.403846153846154,0.0,4.807692307692308,0.0,0.0,0.0,0.0,0.0,4.807692307692308,4.807692307692308,69.71153846153847,45.67307692307692,14.423076923076923,98.5576923076923,0.520618556701031,4.484536082474227,0.0,4.807692307692308,7.211538461538462,0.0,28.846153846153847,0.0,2.403846153846154,21.634615384615383,4.807692307692308,7.211538461538462,12.01923076923077,24.03846153846154,2.403846153846154,0.0,60.09615384615385,2.403846153846154,2.403846153846154,0.0,12.01923076923077,14.423076923076923,24.03846153846154,0.0,12.01923076923077
SWBG,73.89162561576356,2.4630541871921183,41.87192118226601,0.0,4.926108374384237,41.87192118226601,14.778325123152708,9.852216748768473,39.40886699507389,9.852216748768473,17.241379310344826,4.926108374384237,7.389162561576354,7.389162561576354,12.315270935960593,172.41379310344828,4.926108374384237,2.4630541871921183,39.40886699507389,0.0,2.4630541871921183,0.0,2.4630541871921183,17.241379310344826,0.0,0.0,2.4630541871921183,0.0,2.4630541871921183,0.0,0.0,0.0,0.0,0.0,0.0,2.4630541871921183,2.4630541871921183,14.778325123152708,59.11330049261083,27.093596059113302,12.315270935960593,96.0591133004926,0.5535714285714286,4.24234693877551,0.0,2.4630541871921183,0.0,7.389162561576354,12.315270935960593,4.926108374384237,17.241379310344826,2.4630541871921183,2.4630541871921183,7.389162561576354,12.315270935960593,24.630541871921185,2.4630541871921183,7.389162561576354,29.556650246305416,0.0,0.0,2.4630541871921183,4.926108374384237,4.926108374384237,14.778325123152708,0.0,9.852216748768473
SWGV,12.437810945273633,7.462686567164179,89.55223880597015,0.0,0.0,77.11442786069651,24.875621890547265,7.462686567164179,22.388059701492537,14.925373134328359,2.487562189054726,0.0,9.950248756218905,7.462686567164179,0.0,199.00497512437812,4.975124378109452,0.0,44.776119402985074,4.975124378109452,0.0,0.0,0.0,17.412935323383085,0.0,0.0,2.487562189054726,0.0,0.0,0.0,2.487562189054726,0.0,0.0,0.0,0.0,0.0,7.462686567164179,14.925373134328359,54.72636815920398,24.875621890547265,4.975124378109452,109.45273631840796,0.5181058495821727,3.7910863509749304,2.487562189054726,0.0,7.462686567164179,0.0,9.950248756218905,0.0,7.462686567164179,19.90049751243781,2.487562189054726,4.975124378109452,12.437810945273633,17.412935323383085,4.975124378109452,0.0,62.18905472636816,2.487562189054726,0.0,0.0,2.487562189054726,2.487562189054726,9.950248756218905,0.0,22.388059701492537
SWGX,53.398058252427184,7.281553398058253,67.96116504854369,4.854368932038835,9.70873786407767,63.10679611650485,21.844660194174757,24.271844660194173,21.844660194174757,7.281553398058253,7.281553398058253,4.854368932038835,9.70873786407767,9.70873786407767,7.281553398058253,177.18446601941747,7.281553398058253,0.0,31.553398058252426,2.4271844660194173,0.0,0.0,0.0,19.41747572815534,4.854368932038835,0.0,0.0,0.0,0.0,0.0,0.0,0.0,2.4271844660194173,0.0,0.0,0.0,0.0,2.4271844660194173,77.66990291262135,43.689320388349515,2.4271844660194173,123.7864077669903,0.5764411027568922,4.416040100250626,0.0,0.0,2.4271844660194173,4.854368932038835,26.699029126213592,4.854368932038835,2.4271844660194173,2.4271844660194173,2.4271844660194173,0.0,0.0,19.41747572815534,4.854368932038835,0.0,29.12621359223301,2.4271844660194173,0.0,2.4271844660194173,4.854368932038835,2.4271844660194173,14.563106796116505,0.0,7.281553398058253
SWUT,24.390243902439025,7.317073170731708,100.0,2.4390243902439024,7.317073170731708,70.73170731707316,19.51219512195122,26.829268292682926,24.390243902439025,12.195121951219512,2.4390243902439024,2.4390243902439024,17.073170731707318,17.073170731707318,4.878048780487805,146.34146341463415,2.4390243902439024,0.0,29.26829268292683,2.4390243902439024,2.4390243902439024,0.0,4.878048780487805,21.95121951219512,4.878048780487805,0.0,0.0,0.0,0.0,0.0,0.0,0.0,4.878048780487805,0.0,0.0,0.0,14.634146341463415,9.75609756097561,73.17073170731707,36.58536585365854,7.317073170731708,104.8780487804878,0.5670103092783505,4.09020618556701,0.0,0.0,2.4390243902439024,0.0,14.634146341463415,2.4390243902439024,7.317073170731708,4.878048780487805,0.0,4.878048780487805,2.4390243902439024,41.463414634146346,14.634146341463415,0.0,51.21951219512195,2.4390243902439024,2.4390243902439024,0.0,2.4390243902439024,2.4390243902439024,12.195121951219512,0.0,14.634146341463415
SWVQ,67.96116504854369,2.4271844660194173,67.96116504854369,0.0,12.135922330097086,43.689320388349515,19.41747572815534,16.990291262135923,43.689320388349515,9.70873786407767,7.281553398058253,2.4271844660194173,12.135922330097086,2.4271844660194173,0.0,182.03883495145632,7.281553398058253,0.0,41.2621359223301,2.4271844660194173,4.854368932038835,0.0,2.4271844660194173,19.41747572815534,0.0,0.0,0.0,0.0,0.0,0.0,0.0,0.0,0.0,0.0,2.4271844660194173,0.0,9.70873786407767,7.281553398058253,46.116504854368934,33.980582524271846,7.281553398058253,116.50485436893204,0.5317460317460317,4.124338624338624,0.0,0.0,4.854368932038835,2.4271844660194173,14.563106796116505,2.4271844660194173,2.4271844660194173,7.281553398058253,2.4271844660194173,2.4271844660194173,4.854368932038835,14.563106796116505,2.4271844660194173,7.281553398058253,36.40776699029126,0.0,2.4271844660194173,0.0,2.4271844660194173,4.854368932038835,24.271844660194173,0.0,12.135922330097086
SX6D,39.50617283950617,14.814814814814815,71.60493827160494,2.4691358024691357,0.0,49.382716049382715,4.938271604938271,7.407407407407407,34.5679012345679,17.28395061728395,2.4691358024691357,2.4691358024691357,22.22222222222222,7.407407407407407,2.4691358024691357,158.02469135802468,14.814814814814815,0.0,29.62962962962963,9.876543209876543,0.0,0.0,2.4691358024691357,27.160493827160494,0.0,0.0,0.0,0.0,2.4691358024691357,0.0,0.0,0.0,0.0,2.4691358024691357,0.0,0.0,2.4691358024691357,9.876543209876543,96.29629629629629,49.382716049382715,4.938271604938271,111.1111111111111,0.5518134715025906,4.575129533678757,0.0,0.0,0.0,2.4691358024691357,27.160493827160494,2.4691358024691357,7.407407407407407,7.407407407407407,0.0,2.4691358024691357,0.0,24.691358024691358,7.407407407407407,0.0,41.97530864197531,0.0,0.0,0.0,7.407407407407407,2.4691358024691357,17.28395061728395,0.0,14.814814814814815
SXFD,19.464720194647203,9.732360097323602,87.59124087591242,2.4330900243309004,2.4330900243309004,60.82725060827251,14.598540145985401,12.165450121654501,19.464720194647203,7.299270072992701,17.0316301703163,14.598540145985401,12.165450121654501,9.732360097323602,7.299270072992701,165.4501216545012,4.866180048661801,0.0,41.3625304136253,0.0,0.0,0.0,4.866180048661801,14.598540145985401,0.0,0.0,0.0,0.0,2.4330900243309004,0.0,0.0,0.0,0.0,0.0,0.0,4.866180048661801,4.866180048661801,2.4330900243309004,90.02433090024331,26.7639902676399,17.0316301703163,104.62287104622871,0.5666666666666667,4.3307692307692305,0.0,0.0,7.299270072992701,14.598540145985401,21.897810218978105,0.0,14.598540145985401,9.732360097323602,0.0,2.4330900243309004,0.0,29.197080291970803,4.866180048661801,0.0,46.228710462287104,2.4330900243309004,0.0,0.0,2.4330900243309004,0.0,12.165450121654501,0.0,12.165450121654501
SXPW,7.444168734491315,2.4813895781637716,71.96029776674938,2.4813895781637716,0.0,54.59057071960298,2.4813895781637716,14.88833746898263,22.332506203473944,14.88833746898263,9.925558312655086,7.444168734491315,27.29528535980149,12.40694789081886,2.4813895781637716,238.2133995037221,0.0,0.0,32.25806451612903,0.0,2.4813895781637716,0.0,0.0,4.962779156327543,0.0,0.0,0.0,0.0,0.0,0.0,4.962779156327543,0.0,0.0,2.4813895781637716,2.4813895781637716,0.0,4.962779156327543,4.962779156327543,71.96029776674938,42.183622828784124,7.444168734491315,81.88585607940446,0.4986449864498645,4.249322493224932,4.962779156327543,0.0,9.925558312655086,4.962779156327543,9.925558312655086,2.4813895781637716,12.40694789081886,24.81389578163772,0.0,4.962779156327543,0.0,19.851116625310173,0.0,0.0,39.702233250620345,0.0,0.0,0.0,4.962779156327543,17.3697270471464,22.332506203473944,0.0,9.925558312655086
SXSM,44.00977995110025,7.334963325183374,92.90953545232274,0.0,4.88997555012225,85.57457212713938,31.78484107579462,17.114914425427873,41.56479217603912,9.7799511002445,0.0,7.334963325183374,24.44987775061125,0.0,0.0,149.1442542787286,0.0,0.0,63.56968215158924,4.88997555012225,0.0,0.0,7.334963325183374,7.334963325183374,4.88997555012225,0.0,0.0,0.0,0.0,0.0,0.0,0.0,2.444987775061125,4.88997555012225,0.0,0.0,9.7799511002445,2.444987775061125,73.34963325183375,26.89486552567237,7.334963325183374,122.24938875305622,0.5400516795865633,4.03359173126615,2.444987775061125,0.0,2.444987775061125,4.88997555012225,22.004889975550125,0.0,4.88997555012225,12.224938875305625,4.88997555012225,4.88997555012225,2.444987775061125,41.56479217603912,0.0,4.88997555012225,48.8997555012225,0.0,0.0,0.0,4.88997555012225,4.88997555012225,26.89486552567237,2.444987775061125,24.44987775061125
SXUQ,42.183622828784124,7.444168734491315,81.88585607940446,4.962779156327543,0.0,74.44168734491315,14.88833746898263,27.29528535980149,24.81389578163772,9.925558312655086,2.4813895781637716,4.962779156327543,27.29528535980149,0.0,4.962779156327543,166.2531017369727,9.925558312655086,0.0,54.59057071960298,0.0,2.4813895781637716,0.0,2.4813895781637716,17.3697270471464,7.444168734491315,0.0,0.0,0.0,0.0,0.0,0.0,0.0,0.0,2.4813895781637716,2.4813895781637716,0.0,2.4813895781637716,0.0,71.96029776674938,37.220843672456574,17.3697270471464,124.06947890818859,0.5277044854881267,4.04221635883905,4.962779156327543,2.4813895781637716,2.4813895781637716,4.962779156327543,14.88833746898263,2.4813895781637716,4.962779156327543,7.444168734491315,0.0,2.4813895781637716,0.0,27.29528535980149,0.0,0.0,42.183622828784124,0.0,0.0,0.0,2.4813895781637716,4.962779156327543,12.40694789081886,2.4813895781637716,7.444168734491315
SXVL,19.093078758949883,7.159904534606206,95.4653937947494,4.773269689737471,4.773269689737471,42.959427207637226,28.639618138424822,14.319809069212411,45.346062052505964,11.933174224343675,4.773269689737471,7.159904534606206,9.546539379474941,16.706443914081145,2.3866348448687353,145.58472553699283,2.3866348448687353,0.0,52.50596658711217,0.0,0.0,0.0,2.3866348448687353,9.546539379474941,0.0,0.0,0.0,0.0,0.0,0.0,0.0,0.0,0.0,0.0,4.773269689737471,4.773269689737471,7.159904534606206,14.319809069212411,73.98568019093078,71.59904534606206,11.933174224343675,71.59904534606206,0.5681233933161953,4.159383033419023,0.0,2.3866348448687353,4.773269689737471,2.3866348448687353,4.773269689737471,2.3866348448687353,14.319809069212411,11.933174224343675,2.3866348448687353,7.159904534606206,7.159904534606206,35.79952267303103,0.0,2.3866348448687353,69.21241050119332,0.0,4.773269689737471,0.0,4.773269689737471,2.3866348448687353,11.933174224343675,0.0,16.706443914081145
SXWH,24.752475247524753,9.900990099009901,86.63366336633663,4.9504950495049505,7.425742574257425,42.07920792079208,37.12871287128713,7.425742574257425,39.603960396039604,12.376237623762377,17.32673267326733,9.900990099009901,12.376237623762377,7.425742574257425,0.0,143.56435643564356,7.425742574257425,0.0,29.7029702970297,0.0,0.0,0.0,2.4752475247524752,19.801980198019802,2.4752475247524752,0.0,0.0,2.4752475247524752,0.0,2.4752475247524752,0.0,0.0,0.0,0.0,0.0,0.0,7.425742574257425,0.0,64.35643564356435,24.752475247524753,22.277227722772277,108.91089108910892,0.556135770234987,4.177545691906006,4.9504950495049505,0.0,2.4752475247524752,14.85148514851485,19.801980198019802,4.9504950495049505,9.900990099009901,22.277227722772277,0.0,7.425742574257425,2.4752475247524752,22.277227722772277,2.4752475247524752,0.0,49.504950495049506,0.0,2.4752475247524752,0.0,4.9504950495049505,4.9504950495049505,12.376237623762377,2.4752475247524752,14.85148514851485
SY5E,34.5679012345679,14.814814814814815,83.95061728395062,0.0,2.4691358024691357,76.54320987654322,27.160493827160494,4.938271604938271,29.62962962962963,2.4691358024691357,4.938271604938271,2.4691358024691357,34.5679012345679,9.876543209876543,4.938271604938271,153.08641975308643,12.345679012345679,0.0,37.03703703703704,4.938271604938271,0.0,0.0,7.407407407407407,34.5679012345679,2.4691358024691357,0.0,0.0,0.0,0.0,0.0,0.0,0.0,2.4691358024691357,0.0,0.0,0.0,4.938271604938271,9.876543209876543,74.07407407407408,12.345679012345679,12.345679012345679,113.58024691358025,0.5673575129533679,4.075129533678757,4.938271604938271,4.938271604938271,4.938271604938271,2.4691358024691357,22.22222222222222,2.4691358024691357,12.345679012345679,9.876543209876543,0.0,4.938271604938271,2.4691358024691357,34.5679012345679,0.0,4.938271604938271,46.91358024691358,0.0,0.0,0.0,4.938271604938271,9.876543209876543,14.814814814814815,0.0,4.938271604938271
SYA7,38.55421686746988,7.228915662650603,98.79518072289156,0.0,7.228915662650603,45.78313253012048,16.867469879518072,28.91566265060241,26.50602409638554,9.63855421686747,4.819277108433735,2.4096385542168677,24.096385542168676,4.819277108433735,2.4096385542168677,171.0843373493976,0.0,0.0,55.42168674698795,4.819277108433735,0.0,0.0,7.228915662650603,14.457831325301205,0.0,0.0,0.0,0.0,4.819277108433735,0.0,0.0,0.0,0.0,2.4096385542168677,4.819277108433735,0.0,4.819277108433735,9.63855421686747,48.19277108433735,43.373493975903614,14.457831325301205,113.25301204819277,0.5979643765903307,4.269720101781171,2.4096385542168677,0.0,2.4096385542168677,4.819277108433735,33.734939759036145,2.4096385542168677,2.4096385542168677,12.048192771084338,0.0,4.819277108433735,2.4096385542168677,43.373493975903614,2.4096385542168677,2.4096385542168677,50.60240963855422,2.4096385542168677,2.4096385542168677,0.0,0.0,4.819277108433735,24.096385542168676,0.0,14.457831325301205
SYFN,27.093596059113302,12.315270935960593,86.20689655172414,2.4630541871921183,4.926108374384237,76.35467980295567,17.241379310344826,0.0,24.630541871921185,17.241379310344826,4.926108374384237,0.0,17.241379310344826,9.852216748768473,7.389162561576354,177.3399014778325,2.4630541871921183,0.0,46.79802955665024,2.4630541871921183,0.0,0.0,2.4630541871921183,17.241379310344826,0.0,0.0,0.0,0.0,0.0,0.0,0.0,0.0,0.0,0.0,2.4630541871921183,2.4630541871921183,2.4630541871921183,9.852216748768473,78.81773399014779,24.630541871921185,7.389162561576354,96.0591133004926,0.5679347826086957,4.0,0.0,0.0,0.0,2.4630541871921183,19.704433497536947,0.0,9.852216748768473,9.852216748768473,4.926108374384237,2.4630541871921183,0.0,19.704433497536947,0.0,0.0,46.79802955665024,0.0,0.0,2.4630541871921183,7.389162561576354,2.4630541871921183,4.926108374384237,0.0,12.315270935960593
SYTD,39.50617283950617,14.814814814814815,71.60493827160494,0.0,2.4691358024691357,71.60493827160494,29.62962962962963,0.0,34.5679012345679,14.814814814814815,4.938271604938271,4.938271604938271,19.753086419753085,19.753086419753085,0.0,145.679012345679,4.938271604938271,0.0,54.32098765432099,2.4691358024691357,0.0,0.0,0.0,14.814814814814815,0.0,0.0,0.0,0.0,2.4691358024691357,0.0,2.4691358024691357,0.0,0.0,0.0,0.0,0.0,2.4691358024691357,9.876543209876543,91.35802469135803,29.62962962962963,14.814814814814815,116.04938271604938,0.56282722513089,4.329842931937173,2.4691358024691357,0.0,12.345679012345679,4.938271604938271,29.62962962962963,0.0,9.876543209876543,2.4691358024691357,2.4691358024691357,2.4691358024691357,0.0,27.160493827160494,4.938271604938271,0.0,46.91358024691358,0.0,2.4691358024691357,0.0,4.938271604938271,7.407407407407407,14.814814814814815,0.0,4.938271604938271
SYXU,32.418952618453865,9.975062344139651,79.80049875311721,2.493765586034913,2.493765586034913,72.31920199501248,17.456359102244388,37.406483790523694,19.950124688279303,4.987531172069826,2.493765586034913,2.493765586034913,12.468827930174564,2.493765586034913,2.493765586034913,189.52618453865335,4.987531172069826,0.0,24.93765586034913,4.987531172069826,0.0,0.0,0.0,14.962593516209475,0.0,0.0,0.0,0.0,4.987531172069826,0.0,0.0,0.0,0.0,0.0,0.0,0.0,2.493765586034913,12.468827930174564,77.3067331670823,62.34413965087282,9.975062344139651,94.76309226932668,0.566579634464752,4.180156657963447,0.0,0.0,7.481296758104738,2.493765586034913,24.93765586034913,2.493765586034913,14.962593516209475,12.468827930174564,0.0,2.493765586034913,0.0,27.43142144638404,2.493765586034913,0.0,44.88778054862843,2.493765586034913,4.987531172069826,0.0,7.481296758104738,2.493765586034913,14.962593516209475,0.0,4.987531172069826
SZ2V,24.44987775061125,14.669926650366747,110.0244498777506,2.444987775061125,7.334963325183374,70.90464547677261,22.004889975550125,9.7799511002445,36.674816625916876,12.224938875305625,2.444987775061125,4.88997555012225,17.114914425427873,9.7799511002445,7.334963325183374,161.36919315403424,2.444987775061125,0.0,41.56479217603912,0.0,2.444987775061125,0.0,0.0,19.559902200489,0.0,0.0,2.444987775061125,2.444987775061125,2.444987775061125,0.0,4.88997555012225,0.0,0.0,0.0,0.0,0.0,2.444987775061125,7.334963325183374,66.01466992665037,39.119804400978,14.669926650366747,90.46454767726162,0.5941644562334217,4.336870026525199,0.0,2.444987775061125,0.0,4.88997555012225,17.114914425427873,2.444987775061125,9.7799511002445,12.224938875305625,4.88997555012225,0.0,4.88997555012225,19.559902200489,2.444987775061125,0.0,44.00977995110025,0.0,0.0,0.0,9.7799511002445,7.334963325183374,17.114914425427873,0.0,4.88997555012225
SZ95,7.389162561576354,9.852216748768473,103.44827586206897,0.0,0.0,51.724137931034484,14.778325123152708,2.4630541871921183,27.093596059113302,4.926108374384237,2.4630541871921183,0.0,12.315270935960593,7.389162561576354,0.0,229.064039408867,14.778325123152708,0.0,44.33497536945813,7.389162561576354,0.0,0.0,0.0,12.315270935960593,0.0,0.0,0.0,2.4630541871921183,2.4630541871921183,0.0,0.0,0.0,0.0,0.0,0.0,2.4630541871921183,2.4630541871921183,9.852216748768473,91.13300492610837,29.556650246305416,7.389162561576354,93.59605911330048,0.6049046321525886,4.354223433242507,0.0,0.0,0.0,0.0,14.778325123152708,0.0,9.852216748768473,0.0,0.0,0.0,0.0,22.167487684729064,2.4630541871921183,0.0,59.11330049261083,2.4630541871921183,2.4630541871921183,0.0,7.389162561576354,7.389162561576354,17.241379310344826,2.4630541871921183,17.241379310344826
SZBV,50.35971223021583,11.990407673860911,59.95203836930456,2.398081534772182,7.194244604316547,55.15587529976019,33.57314148681055,7.194244604316547,28.77697841726619,7.194244604316547,7.194244604316547,2.398081534772182,14.388489208633095,21.58273381294964,4.796163069544364,139.08872901678657,0.0,0.0,45.563549160671464,2.398081534772182,0.0,0.0,0.0,16.786570743405274,7.194244604316547,0.0,0.0,0.0,0.0,0.0,0.0,2.398081534772182,0.0,2.398081534772182,0.0,0.0,2.398081534772182,2.398081534772182,88.72901678657075,50.35971223021583,7.194244604316547,110.31175059952038,0.556390977443609,4.200501253132832,0.0,2.398081534772182,0.0,2.398081534772182,21.58273381294964,4.796163069544364,11.990407673860911,2.398081534772182,2.398081534772182,2.398081534772182,2.398081534772182,7.194244604316547,0.0,0.0,40.7673860911271,0.0,2.398081534772182,0.0,4.796163069544364,0.0,11.990407673860911,0.0,11.990407673860911
SZKX,2.487562189054726,12.437810945273633,101.99004975124377,2.487562189054726,9.950248756218905,37.31343283582089,19.90049751243781,4.975124378109452,44.776119402985074,0.0,4.975124378109452,0.0,22.388059701492537,17.412935323383085,0.0,181.59203980099502,7.462686567164179,0.0,34.82587064676617,2.487562189054726,2.487562189054726,0.0,2.487562189054726,17.412935323383085,4.975124378109452,0.0,0.0,0.0,0.0,0.0,2.487562189054726,0.0,2.487562189054726,0.0,0.0,0.0,0.0,0.0,97.01492537313433,42.28855721393035,7.462686567164179,111.94029850746269,0.5958549222797928,4.525906735751295,2.487562189054726,2.487562189054726,0.0,9.950248756218905,24.875621890547265,2.487562189054726,7.462686567164179,7.462686567164179,4.975124378109452,2.487562189054726,2.487562189054726,37.31343283582089,4.975124378109452,2.487562189054726,34.82587064676617,0.0,0.0,0.0,4.975124378109452,14.925373134328359,9.950248756218905,0.0,4.975124378109452
SZME,4.938271604938271,4.938271604938271,128.39506172839506,4.938271604938271,4.938271604938271,81.4814814814815,29.62962962962963,9.876543209876543,29.62962962962963,12.345679012345679,7.407407407407407,7.407407407407407,19.753086419753085,4.938271604938271,4.938271604938271,120.98765432098766,4.938271604938271,0.0,54.32098765432099,2.4691358024691357,0.0,0.0,0.0,14.814814814814815,0.0,0.0,0.0,0.0,4.938271604938271,0.0,0.0,0.0,0.0,0.0,2.4691358024691357,2.4691358024691357,2.4691358024691357,17.28395061728395,93.82716049382717,22.22222222222222,9.876543209876543,128.39506172839506,0.5514511873350924,4.221635883905013,0.0,2.4691358024691357,7.407407407407407,0.0,22.22222222222222,2.4691358024691357,12.345679012345679,2.4691358024691357,4.938271604938271,2.4691358024691357,7.407407407407407,44.44444444444444,2.4691358024691357,2.4691358024691357,64.19753086419753,4.938271604938271,2.4691358024691357,0.0,4.938271604938271,7.407407407407407,19.753086419753085,0.0,22.22222222222222
SZNP,19.464720194647203,7.299270072992701,72.992700729927,2.4330900243309004,4.866180048661801,70.5596107055961,12.165450121654501,2.4330900243309004,21.897810218978105,24.330900243309003,2.4330900243309004,0.0,12.165450121654501,2.4330900243309004,7.299270072992701,192.21411192214111,2.4330900243309004,0.0,21.897810218978105,0.0,0.0,0.0,0.0,21.897810218978105,2.4330900243309004,0.0,0.0,0.0,2.4330900243309004,0.0,2.4330900243309004,0.0,0.0,0.0,0.0,0.0,9.732360097323602,4.866180048661801,82.7250608272506,34.0632603406326,0.0,94.8905109489051,0.5746835443037974,4.445569620253164,12.165450121654501,2.4330900243309004,7.299270072992701,7.299270072992701,14.598540145985401,0.0,12.165450121654501,19.464720194647203,0.0,7.299270072992701,7.299270072992701,21.897810218978105,2.4330900243309004,0.0,36.4963503649635,0.0,2.4330900243309004,0.0,7.299270072992701,4.866180048661801,9.732360097323602,0.0,4.866180048661801
S24D,4.938271604938271,9.876543209876543,103.7037037037037,4.938271604938271,0.0,64.19753086419753,7.407407407407407,19.753086419753085,27.160493827160494,4.938271604938271,7.407407407407407,7.407407407407407,9.876543209876543,7.407407407407407,4.938271604938271,222.2222222222222,0.0,0.0,41.97530864197531,4.938271604938271,0.0,4.938271604938271,7.407407407407407,14.814814814814815,0.0,0.0,2.4691358024691357,0.0,0.0,0.0,0.0,0.0,0.0,0.0,0.0,0.0,2.4691358024691357,7.407407407407407,66.66666666666667,34.5679012345679,9.876543209876543,71.60493827160494,0.48257372654155495,4.120643431635389,2.4691358024691357,0.0,4.938271604938271,0.0,24.691358024691358,0.0,14.814814814814815,14.814814814814815,0.0,0.0,2.4691358024691357,17.28395061728395,0.0,2.4691358024691357,49.382716049382715,0.0,0.0,0.0,4.938271604938271,12.345679012345679,27.160493827160494,0.0,12.345679012345679
S27D,22.443890274314214,19.950124688279303,104.73815461346634,0.0,0.0,74.81296758104739,9.975062344139651,4.987531172069826,29.92518703241895,2.493765586034913,2.493765586034913,2.493765586034913,7.481296758104738,17.456359102244388,4.987531172069826,169.57605985037407,7.481296758104738,0.0,54.86284289276808,7.481296758104738,2.493765586034913,0.0,4.987531172069826,29.92518703241895,2.493765586034913,0.0,0.0,0.0,2.493765586034913,0.0,0.0,0.0,0.0,0.0,0.0,2.493765586034913,0.0,2.493765586034913,72.31920199501248,69.82543640897755,17.456359102244388,62.34413965087282,0.6102150537634409,4.502688172043011,0.0,4.987531172069826,4.987531172069826,0.0,7.481296758104738,0.0,7.481296758104738,4.987531172069826,0.0,2.493765586034913,9.975062344139651,24.93765586034913,9.975062344139651,2.493765586034913,67.33167082294264,2.493765586034913,0.0,2.493765586034913,4.987531172069826,0.0,19.950124688279303,0.0,9.975062344139651
S2AJ,32.17821782178218,4.9504950495049505,66.83168316831683,4.9504950495049505,0.0,59.4059405940594,22.277227722772277,12.376237623762377,22.277227722772277,4.9504950495049505,9.900990099009901,7.425742574257425,24.752475247524753,2.4752475247524752,2.4752475247524752,195.54455445544556,4.9504950495049505,0.0,27.22772277227723,0.0,0.0,0.0,2.4752475247524752,14.85148514851485,2.4752475247524752,0.0,2.4752475247524752,0.0,2.4752475247524752,0.0,0.0,0.0,0.0,0.0,0.0,0.0,2.4752475247524752,9.900990099009901,76.73267326732673,44.554455445544555,9.900990099009901,96.53465346534654,0.5639686684073107,4.1566579634464755,4.9504950495049505,0.0,4.9504950495049505,0.0,12.376237623762377,2.4752475247524752,19.801980198019802,14.85148514851485,2.4752475247524752,7.425742574257425,7.425742574257425,32.17821782178218,0.0,0.0,44.554455445544555,0.0,9.900990099009901,0.0,4.9504950495049505,7.425742574257425,14.85148514851485,0.0,19.801980198019802
S2FT,17.3697270471464,7.444168734491315,109.18114143920596,9.925558312655086,2.4813895781637716,49.62779156327544,44.66501240694789,7.444168734491315,12.40694789081886,14.88833746898263,12.40694789081886,0.0,14.88833746898263,0.0,0.0,156.3275434243176,2.4813895781637716,0.0,66.99751861042184,7.444168734491315,0.0,0.0,0.0,14.88833746898263,4.962779156327543,0.0,0.0,0.0,2.4813895781637716,0.0,2.4813895781637716,0.0,0.0,0.0,0.0,4.962779156327543,4.962779156327543,2.4813895781637716,79.40446650124069,29.77667493796526,17.3697270471464,99.25558312655087,0.5789473684210527,4.257894736842105,2.4813895781637716,0.0,0.0,0.0,17.3697270471464,0.0,9.925558312655086,7.444168734491315,4.962779156327543,4.962779156327543,7.444168734491315,32.25806451612903,2.4813895781637716,0.0,49.62779156327544,0.0,0.0,0.0,4.962779156327543,4.962779156327543,27.29528535980149,4.962779156327543,9.925558312655086
S2GC,17.32673267326733,9.900990099009901,94.05940594059406,9.900990099009901,7.425742574257425,89.10891089108911,34.65346534653466,0.0,14.85148514851485,12.376237623762377,4.9504950495049505,2.4752475247524752,22.277227722772277,7.425742574257425,2.4752475247524752,155.94059405940595,4.9504950495049505,2.4752475247524752,49.504950495049506,4.9504950495049505,0.0,0.0,7.425742574257425,17.32673267326733,0.0,0.0,0.0,0.0,0.0,0.0,0.0,0.0,0.0,0.0,2.4752475247524752,0.0,0.0,7.425742574257425,69.30693069306932,59.4059405940594,14.85148514851485,136.13861386138615,0.5789473684210527,4.5394736842105265,7.425742574257425,2.4752475247524752,7.425742574257425,12.376237623762377,19.801980198019802,2.4752475247524752,0.0,12.376237623762377,7.425742574257425,4.9504950495049505,2.4752475247524752,37.12871287128713,14.85148514851485,0.0,59.4059405940594,0.0,0.0,0.0,7.425742574257425,2.4752475247524752,22.277227722772277,0.0,9.900990099009901
S2KP,22.332506203473944,17.3697270471464,84.36724565756825,4.962779156327543,9.925558312655086,57.07196029776674,9.925558312655086,14.88833746898263,17.3697270471464,22.332506203473944,9.925558312655086,2.4813895781637716,7.444168734491315,7.444168734491315,0.0,203.4739454094293,4.962779156327543,0.0,29.77667493796526,2.4813895781637716,7.444168734491315,0.0,2.4813895781637716,17.3697270471464,2.4813895781637716,0.0,0.0,0.0,2.4813895781637716,0.0,0.0,0.0,0.0,0.0,0.0,0.0,4.962779156327543,2.4813895781637716,76.92307692307693,22.332506203473944,2.4813895781637716,121.58808933002481,0.5596816976127321,4.212201591511937,0.0,2.4813895781637716,2.4813895781637716,0.0,14.88833746898263,2.4813895781637716,4.962779156327543,12.40694789081886,2.4813895781637716,4.962779156327543,12.40694789081886,19.851116625310173,0.0,0.0,52.10918114143921,0.0,0.0,0.0,4.962779156327543,2.4813895781637716,17.3697270471464,0.0,24.81389578163772
S2LD,34.7394540942928,9.925558312655086,86.848635235732,0.0,12.40694789081886,42.183622828784124,7.444168734491315,24.81389578163772,52.10918114143921,4.962779156327543,12.40694789081886,4.962779156327543,17.3697270471464,2.4813895781637716,0.0,176.17866004962778,2.4813895781637716,0.0,54.59057071960298,0.0,0.0,0.0,4.962779156327543,12.40694789081886,0.0,0.0,2.4813895781637716,0.0,0.0,0.0,0.0,0.0,0.0,0.0,0.0,4.962779156327543,2.4813895781637716,2.4813895781637716,91.81141439205956,32.25806451612903,17.3697270471464,106.69975186104217,0.5396825396825397,4.12962962962963,0.0,2.4813895781637716,0.0,2.4813895781637716,17.3697270471464,4.962779156327543,4.962779156327543,7.444168734491315,0.0,4.962779156327543,4.962779156327543,34.7394540942928,0.0,2.4813895781637716,49.62779156327544,0.0,0.0,0.0,0.0,0.0,19.851116625310173,0.0,24.81389578163772
S2XV,2.444987775061125,26.89486552567237,122.24938875305622,0.0,4.88997555012225,58.67970660146699,44.00977995110025,22.004889975550125,24.44987775061125,9.7799511002445,9.7799511002445,2.444987775061125,24.44987775061125,2.444987775061125,9.7799511002445,156.479217603912,2.444987775061125,0.0,39.119804400978,2.444987775061125,2.444987775061125,0.0,2.444987775061125,14.669926650366747,0.0,0.0,2.444987775061125,0.0,2.444987775061125,0.0,0.0,0.0,0.0,0.0,0.0,0.0,0.0,4.88997555012225,80.68459657701712,44.00977995110025,7.334963325183374,95.35452322738386,0.5497382198952879,4.363874345549738,0.0,0.0,4.88997555012225,4.88997555012225,29.339853300733495,2.444987775061125,7.334963325183374,0.0,0.0,4.88997555012225,4.88997555012225,34.229828850855746,4.88997555012225,4.88997555012225,66.01466992665037,0.0,0.0,0.0,4.88997555012225,4.88997555012225,24.44987775061125,0.0,4.88997555012225
S355,4.975124378109452,7.462686567164179,69.65174129353234,0.0,9.950248756218905,77.11442786069651,29.850746268656717,4.975124378109452,19.90049751243781,4.975124378109452,12.437810945273633,12.437810945273633,14.925373134328359,4.975124378109452,4.975124378109452,156.71641791044777,2.487562189054726,2.487562189054726,24.875621890547265,2.487562189054726,0.0,2.487562189054726,0.0,22.388059701492537,2.487562189054726,0.0,0.0,0.0,4.975124378109452,0.0,0.0,0.0,0.0,0.0,0.0,0.0,4.975124378109452,7.462686567164179,72.13930348258707,19.90049751243781,12.437810945273633,87.06467661691543,0.49066666666666664,3.933333333333333,0.0,0.0,4.975124378109452,0.0,9.950248756218905,2.487562189054726,7.462686567164179,19.90049751243781,0.0,19.90049751243781,0.0,9.950248756218905,7.462686567164179,0.0,47.2636815920398,0.0,0.0,0.0,2.487562189054726,2.487562189054726,17.412935323383085,0.0,24.875621890547265
S38F,39.31203931203931,9.828009828009828,71.25307125307125,2.457002457002457,4.914004914004914,58.96805896805897,22.11302211302211,4.914004914004914,27.027027027027028,22.11302211302211,12.285012285012284,4.914004914004914,19.656019656019655,14.742014742014742,4.914004914004914,137.5921375921376,0.0,0.0,51.597051597051596,0.0,0.0,0.0,2.457002457002457,9.828009828009828,4.914004914004914,0.0,0.0,0.0,7.371007371007371,0.0,0.0,0.0,2.457002457002457,0.0,2.457002457002457,2.457002457002457,0.0,2.457002457002457,66.33906633906633,51.597051597051596,19.656019656019655,103.19410319410319,0.532133676092545,4.290488431876606,4.914004914004914,0.0,12.285012285012284,4.914004914004914,22.11302211302211,4.914004914004914,14.742014742014742,17.1990171990172,0.0,9.828009828009828,0.0,34.3980343980344,0.0,0.0,39.31203931203931,0.0,0.0,0.0,12.285012285012284,9.828009828009828,22.11302211302211,0.0,14.742014742014742
S39D,19.851116625310173,7.444168734491315,54.59057071960298,2.4813895781637716,7.444168734491315,54.59057071960298,14.88833746898263,9.925558312655086,14.88833746898263,9.925558312655086,2.4813895781637716,12.40694789081886,9.925558312655086,4.962779156327543,9.925558312655086,245.6575682382134,9.925558312655086,0.0,24.81389578163772,0.0,0.0,0.0,4.962779156327543,24.81389578163772,2.4813895781637716,0.0,0.0,0.0,0.0,0.0,0.0,0.0,0.0,0.0,0.0,0.0,4.962779156327543,9.925558312655086,76.92307692307693,34.7394540942928,7.444168734491315,99.25558312655087,0.56,4.341333333333333,2.4813895781637716,2.4813895781637716,9.925558312655086,2.4813895781637716,7.444168734491315,2.4813895781637716,2.4813895781637716,14.88833746898263,2.4813895781637716,4.962779156327543,4.962779156327543,32.25806451612903,2.4813895781637716,0.0,19.851116625310173,2.4813895781637716,0.0,2.4813895781637716,0.0,7.444168734491315,7.444168734491315,0.0,14.88833746898263
S3S6,39.603960396039604,12.376237623762377,79.20792079207921,0.0,4.9504950495049505,69.30693069306932,29.7029702970297,12.376237623762377,29.7029702970297,7.425742574257425,12.376237623762377,2.4752475247524752,12.376237623762377,4.9504950495049505,4.9504950495049505,160.8910891089109,0.0,0.0,42.07920792079208,4.9504950495049505,0.0,0.0,0.0,4.9504950495049505,0.0,0.0,2.4752475247524752,0.0,2.4752475247524752,0.0,0.0,0.0,2.4752475247524752,2.4752475247524752,2.4752475247524752,0.0,4.9504950495049505,7.425742574257425,76.73267326732673,49.504950495049506,7.425742574257425,123.76237623762376,0.5974025974025974,4.187012987012987,0.0,2.4752475247524752,2.4752475247524752,2.4752475247524752,14.85148514851485,0.0,2.4752475247524752,12.376237623762377,4.9504950495049505,4.9504950495049505,7.425742574257425,14.85148514851485,4.9504950495049505,0.0,44.554455445544555,0.0,2.4752475247524752,0.0,4.9504950495049505,2.4752475247524752,19.801980198019802,0.0,17.32673267326733
S3SU,17.28395061728395,12.345679012345679,113.58024691358025,7.407407407407407,7.407407407407407,69.1358024691358,12.345679012345679,7.407407407407407,32.098765432098766,12.345679012345679,2.4691358024691357,0.0,27.160493827160494,7.407407407407407,7.407407407407407,204.93827160493828,0.0,0.0,49.382716049382715,4.938271604938271,0.0,0.0,0.0,17.28395061728395,4.938271604938271,0.0,0.0,0.0,4.938271604938271,0.0,7.407407407407407,0.0,0.0,0.0,0.0,0.0,2.4691358024691357,2.4691358024691357,76.54320987654322,34.5679012345679,9.876543209876543,96.29629629629629,0.5803814713896458,4.182561307901907,0.0,2.4691358024691357,4.938271604938271,0.0,14.814814814814815,4.938271604938271,22.22222222222222,4.938271604938271,0.0,0.0,7.407407407407407,19.753086419753085,2.4691358024691357,0.0,59.25925925925926,2.4691358024691357,0.0,0.0,4.938271604938271,2.4691358024691357,17.28395061728395,0.0,17.28395061728395
S3TZ,28.639618138424822,2.3866348448687353,95.4653937947494,2.3866348448687353,4.773269689737471,97.85202863961814,9.546539379474941,4.773269689737471,38.186157517899765,9.546539379474941,9.546539379474941,4.773269689737471,9.546539379474941,11.933174224343675,2.3866348448687353,167.06443914081146,2.3866348448687353,0.0,38.186157517899765,0.0,0.0,0.0,2.3866348448687353,16.706443914081145,2.3866348448687353,0.0,0.0,0.0,4.773269689737471,0.0,0.0,0.0,2.3866348448687353,0.0,0.0,0.0,0.0,7.159904534606206,88.3054892601432,45.346062052505964,9.546539379474941,107.39856801909308,0.5316455696202531,4.49620253164557,0.0,0.0,4.773269689737471,7.159904534606206,28.639618138424822,2.3866348448687353,2.3866348448687353,11.933174224343675,2.3866348448687353,0.0,0.0,23.86634844868735,2.3866348448687353,0.0,47.7326968973747,0.0,0.0,0.0,4.773269689737471,11.933174224343675,31.026252983293556,0.0,4.773269689737471
S3XC,61.88118811881188,0.0,66.83168316831683,2.4752475247524752,4.9504950495049505,79.20792079207921,12.376237623762377,12.376237623762377,32.17821782178218,12.376237623762377,4.9504950495049505,0.0,17.32673267326733,12.376237623762377,0.0,168.31683168316832,2.4752475247524752,0.0,56.93069306930693,4.9504950495049505,2.4752475247524752,0.0,7.425742574257425,17.32673267326733,0.0,0.0,0.0,0.0,7.425742574257425,0.0,0.0,0.0,0.0,2.4752475247524752,0.0,2.4752475247524752,4.9504950495049505,0.0,71.78217821782178,39.603960396039604,9.900990099009901,106.43564356435644,0.5721649484536082,4.304123711340206,0.0,0.0,2.4752475247524752,7.425742574257425,27.22772277227723,4.9504950495049505,12.376237623762377,7.425742574257425,2.4752475247524752,7.425742574257425,2.4752475247524752,34.65346534653466,2.4752475247524752,2.4752475247524752,39.603960396039604,0.0,0.0,0.0,9.900990099009901,9.900990099009901,22.277227722772277,0.0,17.32673267326733
S477,14.778325123152708,7.389162561576354,105.91133004926108,12.315270935960593,4.926108374384237,71.42857142857143,22.167487684729064,9.852216748768473,34.48275862068965,9.852216748768473,0.0,2.4630541871921183,14.778325123152708,0.0,4.926108374384237,221.67487684729065,4.926108374384237,0.0,49.26108374384237,0.0,0.0,0.0,2.4630541871921183,22.167487684729064,0.0,0.0,0.0,0.0,0.0,0.0,0.0,0.0,0.0,0.0,0.0,0.0,2.4630541871921183,4.926108374384237,88.66995073891626,32.01970443349754,7.389162561576354,113.30049261083744,0.5733333333333334,4.304,2.4630541871921183,2.4630541871921183,2.4630541871921183,2.4630541871921183,12.315270935960593,2.4630541871921183,9.852216748768473,2.4630541871921183,0.0,0.0,2.4630541871921183,29.556650246305416,0.0,0.0,44.33497536945813,0.0,0.0,0.0,2.4630541871921183,7.389162561576354,9.852216748768473,0.0,14.778325123152708
S4MF,7.281553398058253,14.563106796116505,77.66990291262135,2.4271844660194173,2.4271844660194173,53.398058252427184,7.281553398058253,12.135922330097086,36.40776699029126,7.281553398058253,0.0,0.0,14.563106796116505,77.66990291262135,4.854368932038835,150.48543689320388,7.281553398058253,0.0,26.699029126213592,0.0,0.0,0.0,2.4271844660194173,21.844660194174757,0.0,0.0,0.0,0.0,2.4271844660194173,0.0,0.0,0.0,0.0,2.4271844660194173,0.0,0.0,4.854368932038835,0.0,87.37864077669903,50.970873786407765,9.70873786407767,82.5242718446602,0.5355329949238579,5.043147208121828,2.4271844660194173,0.0,0.0,9.70873786407767,4.854368932038835,0.0,9.70873786407767,7.281553398058253,7.281553398058253,9.70873786407767,2.4271844660194173,31.553398058252426,0.0,0.0,38.83495145631068,0.0,0.0,0.0,7.281553398058253,9.70873786407767,36.40776699029126,0.0,7.281553398058253
S4PC,12.135922330097086,9.70873786407767,84.95145631067962,0.0,2.4271844660194173,16.990291262135923,38.83495145631068,16.990291262135923,38.83495145631068,14.563106796116505,4.854368932038835,2.4271844660194173,19.41747572815534,14.563106796116505,0.0,194.17475728155338,4.854368932038835,2.4271844660194173,33.980582524271846,7.281553398058253,0.0,0.0,4.854368932038835,19.41747572815534,0.0,0.0,0.0,2.4271844660194173,0.0,2.4271844660194173,0.0,0.0,0.0,0.0,2.4271844660194173,0.0,7.281553398058253,4.854368932038835,67.96116504854369,63.10679611650485,9.70873786407767,84.95145631067962,0.5529100529100529,4.304232804232805,9.70873786407767,0.0,2.4271844660194173,0.0,16.990291262135923,0.0,4.854368932038835,19.41747572815534,0.0,2.4271844660194173,4.854368932038835,19.41747572815534,2.4271844660194173,4.854368932038835,36.40776699029126,0.0,2.4271844660194173,0.0,7.281553398058253,4.854368932038835,14.563106796116505,0.0,12.135922330097086
S4QK,7.352941176470588,9.803921568627452,98.0392156862745,2.450980392156863,4.901960784313726,66.17647058823529,34.313725490196084,2.450980392156863,17.156862745098042,19.607843137254903,12.254901960784313,4.901960784313726,14.705882352941176,12.254901960784313,4.901960784313726,144.60784313725492,2.450980392156863,0.0,26.96078431372549,2.450980392156863,2.450980392156863,0.0,4.901960784313726,26.96078431372549,0.0,0.0,0.0,0.0,2.450980392156863,0.0,0.0,0.0,0.0,0.0,0.0,0.0,7.352941176470588,4.901960784313726,66.17647058823529,41.666666666666664,14.705882352941176,100.49019607843138,0.5710659898477157,4.276649746192893,7.352941176470588,2.450980392156863,0.0,7.352941176470588,29.41176470588235,0.0,7.352941176470588,24.509803921568626,0.0,2.450980392156863,0.0,24.509803921568626,2.450980392156863,0.0,34.313725490196084,0.0,2.450980392156863,2.450980392156863,4.901960784313726,9.803921568627452,24.509803921568626,0.0,4.901960784313726
S4YQ,27.43142144638404,7.481296758104738,94.76309226932668,2.493765586034913,2.493765586034913,32.418952618453865,19.950124688279303,14.962593516209475,57.356608478803,4.987531172069826,12.468827930174564,0.0,24.93765586034913,7.481296758104738,9.975062344139651,187.03241895261846,4.987531172069826,0.0,57.356608478803,0.0,2.493765586034913,0.0,2.493765586034913,9.975062344139651,4.987531172069826,2.493765586034913,0.0,0.0,4.987531172069826,0.0,0.0,0.0,0.0,0.0,0.0,0.0,4.987531172069826,7.481296758104738,79.80049875311721,39.900249376558605,17.456359102244388,67.33167082294264,0.5729442970822282,4.543766578249337,2.493765586034913,0.0,0.0,0.0,22.443890274314214,0.0,14.962593516209475,7.481296758104738,0.0,7.481296758104738,0.0,37.406483790523694,0.0,0.0,49.87531172069826,2.493765586034913,0.0,0.0,2.493765586034913,2.493765586034913,24.93765586034913,0.0,2.493765586034913
S55B,21.686746987951807,9.63855421686747,81.9277108433735,2.4096385542168677,4.819277108433735,43.373493975903614,36.144578313253014,14.457831325301205,43.373493975903614,4.819277108433735,4.819277108433735,12.048192771084338,14.457831325301205,4.819277108433735,9.63855421686747,163.855421686747,2.4096385542168677,0.0,28.91566265060241,0.0,2.4096385542168677,0.0,4.819277108433735,24.096385542168676,0.0,0.0,2.4096385542168677,0.0,0.0,0.0,0.0,0.0,2.4096385542168677,0.0,0.0,0.0,2.4096385542168677,7.228915662650603,86.74698795180723,38.55421686746988,12.048192771084338,101.20481927710844,0.5544303797468354,4.286075949367088,0.0,0.0,0.0,2.4096385542168677,21.686746987951807,4.819277108433735,14.457831325301205,4.819277108433735,0.0,9.63855421686747,0.0,40.96385542168675,2.4096385542168677,4.819277108433735,48.19277108433735,0.0,0.0,0.0,4.819277108433735,2.4096385542168677,14.457831325301205,0.0,12.048192771084338
S575,21.73913043478261,14.492753623188406,106.28019323671498,0.0,4.830917874396135,53.14009661835749,14.492753623188406,12.077294685990339,41.06280193236715,12.077294685990339,2.4154589371980677,0.0,24.154589371980677,12.077294685990339,7.246376811594203,169.08212560386474,12.077294685990339,0.0,48.309178743961354,0.0,0.0,0.0,0.0,12.077294685990339,0.0,0.0,0.0,0.0,0.0,0.0,2.4154589371980677,0.0,0.0,0.0,2.4154589371980677,0.0,4.830917874396135,12.077294685990339,67.6328502415459,36.231884057971016,7.246376811594203,108.69565217391305,0.5758354755784062,4.4113110539845755,2.4154589371980677,2.4154589371980677,0.0,2.4154589371980677,45.893719806763286,4.830917874396135,2.4154589371980677,4.830917874396135,0.0,2.4154589371980677,0.0,26.570048309178745,0.0,4.830917874396135,50.72463768115942,0.0,0.0,0.0,2.4154589371980677,12.077294685990339,21.73913043478261,0.0,9.66183574879227
S5JX,21.844660194174757,14.563106796116505,104.36893203883494,0.0,4.854368932038835,77.66990291262135,19.41747572815534,4.854368932038835,29.12621359223301,4.854368932038835,4.854368932038835,7.281553398058253,19.41747572815534,2.4271844660194173,9.70873786407767,162.62135922330097,2.4271844660194173,0.0,38.83495145631068,0.0,2.4271844660194173,0.0,2.4271844660194173,14.563106796116505,9.70873786407767,0.0,0.0,0.0,0.0,0.0,0.0,0.0,4.854368932038835,0.0,0.0,0.0,2.4271844660194173,4.854368932038835,80.09708737864078,46.116504854368934,12.135922330097086,99.51456310679612,0.5841836734693877,4.137755102040816,0.0,2.4271844660194173,4.854368932038835,0.0,14.563106796116505,2.4271844660194173,14.563106796116505,4.854368932038835,4.854368932038835,4.854368932038835,9.70873786407767,36.40776699029126,2.4271844660194173,0.0,41.2621359223301,0.0,0.0,0.0,2.4271844660194173,14.563106796116505,19.41747572815534,0.0,7.281553398058253
S5LP,12.437810945273633,14.925373134328359,109.45273631840796,0.0,12.437810945273633,49.75124378109453,44.776119402985074,7.462686567164179,29.850746268656717,12.437810945273633,22.388059701492537,4.975124378109452,34.82587064676617,4.975124378109452,4.975124378109452,149.25373134328356,0.0,0.0,52.23880597014925,4.975124378109452,0.0,0.0,4.975124378109452,14.925373134328359,2.487562189054726,0.0,0.0,0.0,4.975124378109452,0.0,0.0,0.0,0.0,0.0,0.0,0.0,2.487562189054726,7.462686567164179,62.18905472636816,22.388059701492537,19.90049751243781,124.37810945273633,0.5678670360110804,4.360110803324099,0.0,0.0,2.487562189054726,0.0,27.36318407960199,0.0,7.462686567164179,17.412935323383085,0.0,0.0,4.975124378109452,34.82587064676617,4.975124378109452,2.487562189054726,74.62686567164178,0.0,2.487562189054726,2.487562189054726,4.975124378109452,4.975124378109452,24.875621890547265,4.975124378109452,19.90049751243781
S5PF,22.443890274314214,9.975062344139651,89.77556109725685,0.0,14.962593516209475,57.356608478803,17.456359102244388,14.962593516209475,37.406483790523694,7.481296758104738,2.493765586034913,0.0,12.468827930174564,9.975062344139651,9.975062344139651,172.06982543640896,4.987531172069826,0.0,52.36907730673317,0.0,0.0,0.0,0.0,14.962593516209475,2.493765586034913,0.0,2.493765586034913,0.0,0.0,0.0,2.493765586034913,0.0,0.0,2.493765586034913,0.0,2.493765586034913,0.0,4.987531172069826,77.3067331670823,44.88778054862843,14.962593516209475,109.72568578553616,0.5896739130434783,4.358695652173913,0.0,0.0,2.493765586034913,4.987531172069826,27.43142144638404,2.493765586034913,7.481296758104738,12.468827930174564,0.0,2.493765586034913,2.493765586034913,34.912718204488776,0.0,2.493765586034913,54.86284289276808,0.0,0.0,0.0,7.481296758104738,4.987531172069826,19.950124688279303,0.0,7.481296758104738
S5RP,32.098765432098766,12.345679012345679,69.1358024691358,2.4691358024691357,7.407407407407407,44.44444444444444,9.876543209876543,24.691358024691358,27.160493827160494,12.345679012345679,2.4691358024691357,4.938271604938271,14.814814814814815,7.407407407407407,2.4691358024691357,185.18518518518516,2.4691358024691357,0.0,39.50617283950617,0.0,2.4691358024691357,0.0,0.0,14.814814814814815,4.938271604938271,0.0,0.0,2.4691358024691357,0.0,0.0,2.4691358024691357,0.0,0.0,2.4691358024691357,0.0,0.0,2.4691358024691357,2.4691358024691357,93.82716049382717,54.32098765432099,7.407407407407407,81.4814814814815,0.5623409669211196,4.338422391857506,2.4691358024691357,0.0,4.938271604938271,2.4691358024691357,22.22222222222222,4.938271604938271,14.814814814814815,9.876543209876543,2.4691358024691357,4.938271604938271,4.938271604938271,32.098765432098766,4.938271604938271,2.4691358024691357,29.62962962962963,0.0,0.0,0.0,2.4691358024691357,7.407407407407407,14.814814814814815,0.0,2.4691358024691357
S5YY,2.4630541871921183,4.926108374384237,98.52216748768474,0.0,2.4630541871921183,59.11330049261083,9.852216748768473,7.389162561576354,46.79802955665024,12.315270935960593,2.4630541871921183,4.926108374384237,22.167487684729064,7.389162561576354,0.0,194.58128078817734,4.926108374384237,0.0,59.11330049261083,0.0,0.0,0.0,0.0,32.01970443349754,0.0,0.0,0.0,0.0,0.0,0.0,2.4630541871921183,0.0,0.0,2.4630541871921183,0.0,0.0,9.852216748768473,9.852216748768473,93.59605911330048,27.093596059113302,24.630541871921185,76.35467980295567,0.5552486187845304,4.1878453038674035,0.0,0.0,2.4630541871921183,0.0,19.704433497536947,0.0,12.315270935960593,12.315270935960593,7.389162561576354,7.389162561576354,0.0,19.704433497536947,0.0,4.926108374384237,73.89162561576356,0.0,0.0,0.0,4.926108374384237,7.389162561576354,22.167487684729064,0.0,7.389162561576354
S66E,12.285012285012284,4.914004914004914,122.85012285012286,4.914004914004914,2.457002457002457,61.42506142506143,39.31203931203931,12.285012285012284,58.96805896805897,9.828009828009828,7.371007371007371,4.914004914004914,14.742014742014742,2.457002457002457,0.0,108.10810810810811,4.914004914004914,2.457002457002457,46.68304668304668,0.0,0.0,0.0,2.457002457002457,14.742014742014742,2.457002457002457,0.0,0.0,0.0,0.0,0.0,0.0,0.0,0.0,0.0,2.457002457002457,0.0,7.371007371007371,14.742014742014742,85.995085995086,31.94103194103194,12.285012285012284,132.67813267813267,0.5013192612137203,4.16622691292876,0.0,0.0,0.0,7.371007371007371,54.054054054054056,0.0,12.285012285012284,7.371007371007371,0.0,0.0,9.828009828009828,39.31203931203931,2.457002457002457,0.0,66.33906633906633,0.0,4.914004914004914,0.0,4.914004914004914,0.0,27.027027027027028,0.0,31.94103194103194
S6AK,36.40776699029126,9.70873786407767,75.24271844660194,7.281553398058253,12.135922330097086,60.67961165048544,16.990291262135923,7.281553398058253,33.980582524271846,4.854368932038835,4.854368932038835,7.281553398058253,14.563106796116505,4.854368932038835,4.854368932038835,182.03883495145632,2.4271844660194173,0.0,38.83495145631068,7.281553398058253,0.0,0.0,4.854368932038835,21.844660194174757,12.135922330097086,0.0,0.0,0.0,0.0,0.0,0.0,0.0,2.4271844660194173,0.0,0.0,2.4271844660194173,2.4271844660194173,9.70873786407767,87.37864077669903,55.8252427184466,4.854368932038835,106.79611650485437,0.595360824742268,4.399484536082475,0.0,2.4271844660194173,0.0,2.4271844660194173,31.553398058252426,4.854368932038835,7.281553398058253,9.70873786407767,0.0,7.281553398058253,4.854368932038835,46.116504854368934,0.0,0.0,43.689320388349515,0.0,2.4271844660194173,0.0,4.854368932038835,4.854368932038835,12.135922330097086,0.0,7.281553398058253
S6AP,12.345679012345679,17.28395061728395,88.88888888888889,2.4691358024691357,4.938271604938271,37.03703703703704,19.753086419753085,22.22222222222222,39.50617283950617,4.938271604938271,2.4691358024691357,7.407407407407407,14.814814814814815,7.407407407407407,0.0,155.55555555555557,7.407407407407407,0.0,61.72839506172839,2.4691358024691357,0.0,0.0,4.938271604938271,14.814814814814815,0.0,0.0,0.0,2.4691358024691357,0.0,0.0,0.0,0.0,0.0,0.0,0.0,0.0,2.4691358024691357,9.876543209876543,64.19753086419753,56.79012345679013,17.28395061728395,128.39506172839506,0.5634920634920635,4.1878306878306875,4.938271604938271,0.0,4.938271604938271,7.407407407407407,17.28395061728395,4.938271604938271,0.0,17.28395061728395,2.4691358024691357,7.407407407407407,2.4691358024691357,22.22222222222222,7.407407407407407,0.0,66.66666666666667,0.0,0.0,0.0,2.4691358024691357,0.0,22.22222222222222,0.0,14.814814814814815
S6BR,9.66183574879227,12.077294685990339,115.94202898550725,2.4154589371980677,7.246376811594203,62.80193236714976,9.66183574879227,4.830917874396135,36.231884057971016,14.492753623188406,2.4154589371980677,2.4154589371980677,24.154589371980677,21.73913043478261,2.4154589371980677,181.15942028985506,2.4154589371980677,0.0,53.14009661835749,0.0,2.4154589371980677,0.0,7.246376811594203,9.66183574879227,0.0,0.0,0.0,0.0,0.0,2.4154589371980677,0.0,0.0,0.0,0.0,0.0,0.0,2.4154589371980677,2.4154589371980677,79.71014492753622,33.81642512077295,7.246376811594203,118.35748792270532,0.5597964376590331,4.473282442748092,2.4154589371980677,2.4154589371980677,2.4154589371980677,2.4154589371980677,33.81642512077295,4.830917874396135,14.492753623188406,2.4154589371980677,0.0,2.4154589371980677,2.4154589371980677,21.73913043478261,0.0,2.4154589371980677,50.72463768115942,0.0,0.0,2.4154589371980677,7.246376811594203,12.077294685990339,16.908212560386474,2.4154589371980677,9.66183574879227
S6H4,4.975124378109452,2.487562189054726,84.5771144278607,0.0,4.975124378109452,39.80099502487562,24.875621890547265,9.950248756218905,24.875621890547265,9.950248756218905,9.950248756218905,7.462686567164179,17.412935323383085,7.462686567164179,0.0,164.17910447761193,2.487562189054726,0.0,34.82587064676617,0.0,0.0,0.0,2.487562189054726,22.388059701492537,0.0,0.0,0.0,2.487562189054726,0.0,0.0,0.0,0.0,0.0,0.0,0.0,0.0,7.462686567164179,9.950248756218905,72.13930348258707,54.72636815920398,17.412935323383085,114.42786069651741,0.574025974025974,4.2,2.487562189054726,0.0,4.975124378109452,2.487562189054726,12.437810945273633,2.487562189054726,12.437810945273633,2.487562189054726,4.975124378109452,4.975124378109452,4.975124378109452,19.90049751243781,0.0,4.975124378109452,34.82587064676617,0.0,0.0,2.487562189054726,4.975124378109452,9.950248756218905,7.462686567164179,2.487562189054726,14.925373134328359
S6PD,17.456359102244388,0.0,84.78802992518703,2.493765586034913,2.493765586034913,64.83790523690773,27.43142144638404,17.456359102244388,12.468827930174564,19.950124688279303,0.0,0.0,37.406483790523694,12.468827930174564,0.0,199.50124688279303,0.0,0.0,34.912718204488776,0.0,0.0,0.0,4.987531172069826,24.93765586034913,0.0,0.0,0.0,0.0,0.0,0.0,4.987531172069826,0.0,0.0,4.987531172069826,0.0,0.0,4.987531172069826,2.493765586034913,54.86284289276808,34.912718204488776,7.481296758104738,112.21945137157108,0.5289256198347108,4.1597796143250685,2.493765586034913,0.0,7.481296758104738,2.493765586034913,22.443890274314214,2.493765586034913,4.987531172069826,32.418952618453865,2.493765586034913,4.987531172069826,2.493765586034913,14.962593516209475,2.493765586034913,0.0,42.394014962593516,0.0,0.0,2.493765586034913,7.481296758104738,4.987531172069826,17.456359102244388,0.0,27.43142144638404
S72Q,12.165450121654501,9.732360097323602,97.32360097323601,0.0,7.299270072992701,60.82725060827251,31.630170316301705,0.0,29.197080291970803,7.299270072992701,12.165450121654501,4.866180048661801,9.732360097323602,9.732360097323602,7.299270072992701,180.04866180048663,0.0,0.0,43.79562043795621,2.4330900243309004,0.0,0.0,2.4330900243309004,17.0316301703163,2.4330900243309004,0.0,0.0,2.4330900243309004,0.0,0.0,0.0,0.0,0.0,0.0,2.4330900243309004,0.0,9.732360097323602,2.4330900243309004,99.7566909975669,43.79562043795621,17.0316301703163,90.02433090024331,0.5461538461538461,4.235897435897436,0.0,0.0,4.866180048661801,0.0,14.598540145985401,4.866180048661801,9.732360097323602,9.732360097323602,0.0,4.866180048661801,2.4330900243309004,26.7639902676399,2.4330900243309004,0.0,51.09489051094891,2.4330900243309004,4.866180048661801,0.0,0.0,2.4330900243309004,14.598540145985401,0.0,19.464720194647203
S7HR,17.241379310344826,17.241379310344826,113.30049261083744,2.4630541871921183,4.926108374384237,39.40886699507389,27.093596059113302,12.315270935960593,49.26108374384237,7.389162561576354,4.926108374384237,9.852216748768473,22.167487684729064,2.4630541871921183,2.4630541871921183,142.85714285714286,4.926108374384237,0.0,34.48275862068965,2.4630541871921183,2.4630541871921183,0.0,4.926108374384237,9.852216748768473,4.926108374384237,0.0,0.0,0.0,4.926108374384237,0.0,0.0,0.0,2.4630541871921183,0.0,0.0,2.4630541871921183,0.0,4.926108374384237,78.81773399014779,36.94581280788178,17.241379310344826,125.61576354679804,0.5952380952380952,4.256613756613756,0.0,0.0,4.926108374384237,4.926108374384237,32.01970443349754,4.926108374384237,14.778325123152708,4.926108374384237,2.4630541871921183,0.0,0.0,32.01970443349754,2.4630541871921183,2.4630541871921183,61.576354679802954,0.0,0.0,0.0,0.0,9.852216748768473,12.315270935960593,0.0,14.778325123152708
S7JF,37.03703703703704,7.407407407407407,71.60493827160494,0.0,4.938271604938271,54.32098765432099,27.160493827160494,7.407407407407407,27.160493827160494,4.938271604938271,4.938271604938271,12.345679012345679,9.876543209876543,7.407407407407407,0.0,187.65432098765433,0.0,0.0,34.5679012345679,0.0,0.0,0.0,2.4691358024691357,32.098765432098766,2.4691358024691357,0.0,0.0,0.0,0.0,0.0,0.0,0.0,0.0,0.0,0.0,0.0,2.4691358024691357,2.4691358024691357,79.01234567901234,29.62962962962963,14.814814814814815,118.51851851851852,0.5314136125654451,4.005235602094241,2.4691358024691357,0.0,9.876543209876543,2.4691358024691357,12.345679012345679,0.0,2.4691358024691357,4.938271604938271,0.0,2.4691358024691357,2.4691358024691357,37.03703703703704,0.0,0.0,34.5679012345679,2.4691358024691357,0.0,0.0,4.938271604938271,7.407407407407407,27.160493827160494,0.0,7.407407407407407
S7NV,0.0,0.0,129.41176470588238,0.0,0.0,82.3529411764706,11.76470588235294,2.352941176470588,16.47058823529412,21.176470588235293,7.058823529411765,0.0,32.94117647058824,16.47058823529412,0.0,145.88235294117646,14.11764705882353,0.0,44.70588235294118,2.352941176470588,2.352941176470588,0.0,0.0,16.47058823529412,0.0,0.0,2.352941176470588,0.0,2.352941176470588,0.0,0.0,0.0,0.0,0.0,4.705882352941176,0.0,4.705882352941176,11.76470588235294,77.64705882352942,21.176470588235293,11.76470588235294,103.52941176470588,0.5061425061425061,4.194103194103194,0.0,4.705882352941176,4.705882352941176,0.0,25.88235294117647,0.0,9.411764705882351,11.76470588235294,4.705882352941176,0.0,7.058823529411765,40.0,9.411764705882351,0.0,40.0,0.0,4.705882352941176,0.0,4.705882352941176,11.76470588235294,18.823529411764703,0.0,11.76470588235294
S839,52.36907730673317,2.493765586034913,77.3067331670823,0.0,4.987531172069826,49.87531172069826,9.975062344139651,44.88778054862843,29.92518703241895,9.975062344139651,14.962593516209475,7.481296758104738,19.950124688279303,4.987531172069826,0.0,172.06982543640896,12.468827930174564,0.0,44.88778054862843,9.975062344139651,4.987531172069826,0.0,0.0,14.962593516209475,2.493765586034913,0.0,2.493765586034913,2.493765586034913,2.493765586034913,0.0,2.493765586034913,0.0,0.0,0.0,0.0,0.0,4.987531172069826,7.481296758104738,64.83790523690773,34.912718204488776,7.481296758104738,87.28179551122194,0.5593667546174143,4.16622691292876,4.987531172069826,0.0,9.975062344139651,4.987531172069826,14.962593516209475,2.493765586034913,2.493765586034913,14.962593516209475,2.493765586034913,0.0,9.975062344139651,39.900249376558605,9.975062344139651,4.987531172069826,42.394014962593516,0.0,0.0,0.0,4.987531172069826,4.987531172069826,17.456359102244388,0.0,9.975062344139651
S8G6,27.29528535980149,12.40694789081886,91.81141439205956,0.0,4.962779156327543,47.146401985111666,32.25806451612903,22.332506203473944,29.77667493796526,7.444168734491315,9.925558312655086,4.962779156327543,19.851116625310173,4.962779156327543,4.962779156327543,153.84615384615387,4.962779156327543,0.0,44.66501240694789,2.4813895781637716,0.0,0.0,0.0,14.88833746898263,4.962779156327543,0.0,0.0,0.0,2.4813895781637716,0.0,0.0,0.0,0.0,0.0,0.0,7.444168734491315,4.962779156327543,7.444168734491315,124.06947890818859,47.146401985111666,4.962779156327543,94.29280397022333,0.5587467362924282,4.114882506527415,0.0,0.0,7.444168734491315,0.0,14.88833746898263,7.444168734491315,9.925558312655086,2.4813895781637716,0.0,0.0,4.962779156327543,17.3697270471464,4.962779156327543,0.0,44.66501240694789,0.0,4.962779156327543,0.0,0.0,0.0,7.444168734491315,0.0,19.851116625310173
S8PW,22.058823529411764,19.607843137254903,80.88235294117648,7.352941176470588,0.0,66.17647058823529,19.607843137254903,17.156862745098042,34.313725490196084,9.803921568627452,2.450980392156863,0.0,4.901960784313726,4.901960784313726,4.901960784313726,186.27450980392157,4.901960784313726,0.0,39.21568627450981,2.450980392156863,2.450980392156863,0.0,0.0,12.254901960784313,2.450980392156863,0.0,0.0,2.450980392156863,0.0,0.0,2.450980392156863,0.0,0.0,0.0,0.0,0.0,0.0,4.901960784313726,93.13725490196079,46.568627450980394,17.156862745098042,68.62745098039217,0.5691906005221932,4.214099216710183,0.0,0.0,4.901960784313726,2.450980392156863,17.156862745098042,0.0,12.254901960784313,4.901960784313726,4.901960784313726,2.450980392156863,4.901960784313726,26.96078431372549,2.450980392156863,2.450980392156863,51.470588235294116,4.901960784313726,0.0,0.0,4.901960784313726,4.901960784313726,17.156862745098042,0.0,2.450980392156863
S8RC,44.66501240694789,14.88833746898263,79.40446650124069,4.962779156327543,0.0,81.88585607940446,27.29528535980149,2.4813895781637716,22.332506203473944,9.925558312655086,0.0,0.0,14.88833746898263,2.4813895781637716,4.962779156327543,181.14143920595532,4.962779156327543,0.0,49.62779156327544,2.4813895781637716,0.0,0.0,2.4813895781637716,14.88833746898263,0.0,0.0,0.0,0.0,0.0,0.0,0.0,0.0,0.0,0.0,0.0,0.0,2.4813895781637716,4.962779156327543,64.51612903225806,39.702233250620345,22.332506203473944,89.33002481389578,0.526595744680851,3.898936170212766,2.4813895781637716,0.0,2.4813895781637716,4.962779156327543,22.332506203473944,2.4813895781637716,12.40694789081886,14.88833746898263,2.4813895781637716,4.962779156327543,4.962779156327543,27.29528535980149,9.925558312655086,0.0,42.183622828784124,0.0,0.0,0.0,9.925558312655086,0.0,9.925558312655086,0.0,14.88833746898263
S8U5,26.829268292682926,12.195121951219512,121.95121951219512,4.878048780487805,0.0,58.53658536585366,36.58536585365854,26.829268292682926,19.51219512195122,7.317073170731708,0.0,2.4390243902439024,14.634146341463415,9.75609756097561,0.0,153.65853658536585,7.317073170731708,0.0,48.78048780487805,0.0,0.0,2.4390243902439024,0.0,12.195121951219512,2.4390243902439024,0.0,0.0,0.0,0.0,0.0,4.878048780487805,0.0,2.4390243902439024,2.4390243902439024,7.317073170731708,0.0,4.878048780487805,4.878048780487805,80.48780487804878,24.390243902439025,12.195121951219512,82.92682926829269,0.5604113110539846,4.149100257069409,0.0,4.878048780487805,2.4390243902439024,2.4390243902439024,24.390243902439025,0.0,21.95121951219512,7.317073170731708,0.0,7.317073170731708,4.878048780487805,41.463414634146346,0.0,2.4390243902439024,48.78048780487805,2.4390243902439024,2.4390243902439024,0.0,4.878048780487805,7.317073170731708,26.829268292682926,2.4390243902439024,12.195121951219512
S8WS,19.801980198019802,4.9504950495049505,86.63366336633663,0.0,4.9504950495049505,44.554455445544555,19.801980198019802,17.32673267326733,24.752475247524753,9.900990099009901,4.9504950495049505,2.4752475247524752,19.801980198019802,19.801980198019802,0.0,158.41584158415841,9.900990099009901,2.4752475247524752,39.603960396039604,2.4752475247524752,2.4752475247524752,0.0,2.4752475247524752,12.376237623762377,0.0,0.0,0.0,2.4752475247524752,0.0,2.4752475247524752,0.0,0.0,0.0,0.0,0.0,0.0,0.0,4.9504950495049505,96.53465346534654,51.980198019801975,7.425742574257425,111.38613861386139,0.5345744680851063,4.13563829787234,0.0,0.0,4.9504950495049505,0.0,14.85148514851485,2.4752475247524752,12.376237623762377,9.900990099009901,4.9504950495049505,4.9504950495049505,2.4752475247524752,17.32673267326733,2.4752475247524752,0.0,64.35643564356435,0.0,7.425742574257425,0.0,2.4752475247524752,2.4752475247524752,12.376237623762377,0.0,32.17821782178218
S985,17.3697270471464,12.40694789081886,81.88585607940446,0.0,2.4813895781637716,86.848635235732,27.29528535980149,9.925558312655086,22.332506203473944,12.40694789081886,7.444168734491315,2.4813895781637716,14.88833746898263,9.925558312655086,2.4813895781637716,146.40198511166253,2.4813895781637716,0.0,34.7394540942928,2.4813895781637716,0.0,0.0,0.0,14.88833746898263,0.0,0.0,0.0,0.0,0.0,0.0,0.0,0.0,0.0,0.0,0.0,0.0,0.0,2.4813895781637716,57.07196029776674,17.3697270471464,22.332506203473944,84.36724565756825,0.4948186528497409,3.9507772020725387,4.962779156327543,0.0,2.4813895781637716,2.4813895781637716,12.40694789081886,4.962779156327543,4.962779156327543,17.3697270471464,2.4813895781637716,12.40694789081886,9.925558312655086,27.29528535980149,9.925558312655086,2.4813895781637716,39.702233250620345,4.962779156327543,0.0,0.0,4.962779156327543,4.962779156327543,14.88833746898263,0.0,7.444168734491315
S9D7,26.96078431372549,4.901960784313726,78.43137254901961,4.901960784313726,7.352941176470588,58.8235294117647,7.352941176470588,22.058823529411764,36.76470588235294,4.901960784313726,4.901960784313726,4.901960784313726,17.156862745098042,4.901960784313726,2.450980392156863,200.98039215686276,0.0,0.0,39.21568627450981,0.0,0.0,0.0,0.0,26.96078431372549,0.0,0.0,0.0,0.0,0.0,0.0,0.0,0.0,0.0,2.450980392156863,0.0,2.450980392156863,0.0,4.901960784313726,102.94117647058823,22.058823529411764,17.156862745098042,107.84313725490196,0.546875,3.9895833333333335,0.0,0.0,2.450980392156863,2.450980392156863,12.254901960784313,0.0,7.352941176470588,2.450980392156863,4.901960784313726,4.901960784313726,0.0,19.607843137254903,2.450980392156863,4.901960784313726,46.568627450980394,0.0,0.0,0.0,4.901960784313726,4.901960784313726,17.156862745098042,0.0,19.607843137254903
S9EP,29.77667493796526,9.925558312655086,96.77419354838709,0.0,12.40694789081886,54.59057071960298,27.29528535980149,4.962779156327543,37.220843672456574,12.40694789081886,0.0,7.444168734491315,19.851116625310173,19.851116625310173,0.0,171.21588089330027,7.444168734491315,2.4813895781637716,54.59057071960298,2.4813895781637716,0.0,0.0,2.4813895781637716,19.851116625310173,2.4813895781637716,0.0,0.0,0.0,0.0,0.0,0.0,0.0,0.0,0.0,0.0,2.4813895781637716,2.4813895781637716,2.4813895781637716,69.4789081885856,42.183622828784124,17.3697270471464,91.81141439205956,0.5953002610966057,4.2323759791122715,2.4813895781637716,0.0,2.4813895781637716,2.4813895781637716,19.851116625310173,4.962779156327543,9.925558312655086,9.925558312655086,2.4813895781637716,4.962779156327543,12.40694789081886,37.220843672456574,9.925558312655086,2.4813895781637716,47.146401985111666,2.4813895781637716,0.0,0.0,2.4813895781637716,9.925558312655086,17.3697270471464,0.0,9.925558312655086
S9P6,56.23471882640587,9.7799511002445,80.68459657701712,0.0,7.334963325183374,80.68459657701712,17.114914425427873,9.7799511002445,46.45476772616137,4.88997555012225,0.0,2.444987775061125,24.44987775061125,12.224938875305625,4.88997555012225,166.25916870415648,2.444987775061125,0.0,46.45476772616137,2.444987775061125,0.0,0.0,9.7799511002445,12.224938875305625,2.444987775061125,0.0,0.0,0.0,2.444987775061125,0.0,0.0,0.0,0.0,0.0,0.0,4.88997555012225,9.7799511002445,7.334963325183374,68.45965770171149,53.78973105134474,9.7799511002445,105.13447432762835,0.5558375634517766,4.3604060913705585,0.0,2.444987775061125,2.444987775061125,7.334963325183374,17.114914425427873,7.334963325183374,9.7799511002445,7.334963325183374,2.444987775061125,4.88997555012225,4.88997555012225,26.89486552567237,4.88997555012225,7.334963325183374,36.674816625916876,2.444987775061125,4.88997555012225,0.0,4.88997555012225,9.7799511002445,19.559902200489,0.0,7.334963325183374
S9WP,34.65346534653466,4.9504950495049505,99.00990099009901,0.0,4.9504950495049505,51.980198019801975,4.9504950495049505,34.65346534653466,34.65346534653466,14.85148514851485,9.900990099009901,14.85148514851485,27.22772277227723,7.425742574257425,4.9504950495049505,133.66336633663366,4.9504950495049505,0.0,54.45544554455446,2.4752475247524752,0.0,0.0,4.9504950495049505,27.22772277227723,2.4752475247524752,0.0,0.0,0.0,2.4752475247524752,0.0,0.0,0.0,0.0,0.0,2.4752475247524752,0.0,7.425742574257425,12.376237623762377,61.88118811881188,34.65346534653466,14.85148514851485,108.91089108910892,0.5514511873350924,4.142480211081794,0.0,0.0,0.0,4.9504950495049505,42.07920792079208,2.4752475247524752,9.900990099009901,7.425742574257425,0.0,9.900990099009901,7.425742574257425,37.12871287128713,2.4752475247524752,2.4752475247524752,61.88118811881188,4.9504950495049505,0.0,0.0,7.425742574257425,0.0,14.85148514851485,0.0,19.801980198019802
S9YG,16.990291262135923,9.70873786407767,116.50485436893204,4.854368932038835,2.4271844660194173,65.53398058252426,19.41747572815534,2.4271844660194173,38.83495145631068,9.70873786407767,7.281553398058253,0.0,9.70873786407767,14.563106796116505,2.4271844660194173,157.76699029126215,7.281553398058253,0.0,67.96116504854369,4.854368932038835,0.0,0.0,2.4271844660194173,12.135922330097086,0.0,0.0,0.0,2.4271844660194173,0.0,0.0,0.0,0.0,0.0,0.0,0.0,0.0,0.0,9.70873786407767,60.67961165048544,38.83495145631068,21.844660194174757,99.51456310679612,0.5430809399477807,4.161879895561357,0.0,0.0,0.0,0.0,14.563106796116505,0.0,7.281553398058253,9.70873786407767,0.0,0.0,2.4271844660194173,33.980582524271846,4.854368932038835,0.0,67.96116504854369,0.0,0.0,0.0,4.854368932038835,7.281553398058253,24.271844660194173,2.4271844660194173,19.41747572815534
S9ZU,14.742014742014742,2.457002457002457,78.62407862407862,4.914004914004914,0.0,41.76904176904177,9.828009828009828,31.94103194103194,36.85503685503686,17.1990171990172,12.285012285012284,2.457002457002457,12.285012285012284,12.285012285012284,2.457002457002457,199.01719901719903,0.0,0.0,56.511056511056516,0.0,2.457002457002457,0.0,2.457002457002457,12.285012285012284,0.0,0.0,0.0,0.0,0.0,0.0,0.0,0.0,0.0,0.0,2.457002457002457,2.457002457002457,9.828009828009828,9.828009828009828,85.995085995086,24.570024570024568,12.285012285012284,78.62407862407862,0.5662983425414365,4.074585635359116,2.457002457002457,0.0,12.285012285012284,0.0,19.656019656019655,0.0,2.457002457002457,12.285012285012284,2.457002457002457,9.828009828009828,2.457002457002457,24.570024570024568,0.0,4.914004914004914,49.140049140049136,0.0,0.0,0.0,0.0,7.371007371007371,22.11302211302211,0.0,12.285012285012284
SAAB,31.862745098039213,2.450980392156863,71.07843137254902,4.901960784313726,9.803921568627452,68.62745098039217,24.509803921568626,0.0,19.607843137254903,4.901960784313726,4.901960784313726,4.901960784313726,17.156862745098042,7.352941176470588,9.803921568627452,218.13725490196077,0.0,0.0,34.313725490196084,0.0,0.0,0.0,0.0,14.705882352941176,2.450980392156863,0.0,0.0,0.0,0.0,0.0,2.450980392156863,0.0,0.0,0.0,2.450980392156863,0.0,0.0,2.450980392156863,110.29411764705883,41.666666666666664,2.450980392156863,90.68627450980392,0.558974358974359,4.271794871794872,0.0,2.450980392156863,2.450980392156863,7.352941176470588,24.509803921568626,2.450980392156863,9.803921568627452,2.450980392156863,0.0,4.901960784313726,0.0,31.862745098039213,0.0,4.901960784313726,34.313725490196084,0.0,0.0,0.0,4.901960784313726,12.254901960784313,26.96078431372549,0.0,9.803921568627452
SAAF,53.01204819277108,2.4096385542168677,50.60240963855422,2.4096385542168677,0.0,26.50602409638554,4.819277108433735,28.91566265060241,21.686746987951807,4.819277108433735,2.4096385542168677,2.4096385542168677,26.50602409638554,9.63855421686747,0.0,221.6867469879518,4.819277108433735,0.0,60.24096385542169,7.228915662650603,2.4096385542168677,0.0,0.0,19.27710843373494,0.0,0.0,0.0,4.819277108433735,9.63855421686747,0.0,2.4096385542168677,0.0,0.0,0.0,0.0,0.0,4.819277108433735,2.4096385542168677,103.61445783132531,45.78313253012048,9.63855421686747,69.87951807228916,0.49122807017543857,4.353383458646617,0.0,0.0,2.4096385542168677,0.0,19.27710843373494,2.4096385542168677,4.819277108433735,2.4096385542168677,4.819277108433735,0.0,0.0,14.457831325301205,0.0,0.0,33.734939759036145,0.0,4.819277108433735,0.0,0.0,9.63855421686747,14.457831325301205,0.0,7.228915662650603
SAG4,19.656019656019655,14.742014742014742,110.56511056511056,2.457002457002457,4.914004914004914,73.71007371007371,24.570024570024568,0.0,44.22604422604422,9.828009828009828,0.0,0.0,14.742014742014742,17.1990171990172,2.457002457002457,164.61916461916462,0.0,0.0,54.054054054054056,4.914004914004914,0.0,0.0,2.457002457002457,27.027027027027028,2.457002457002457,0.0,0.0,0.0,2.457002457002457,0.0,0.0,0.0,0.0,4.914004914004914,0.0,0.0,2.457002457002457,7.371007371007371,68.7960687960688,22.11302211302211,22.11302211302211,81.08108108108108,0.5596816976127321,4.225464190981432,0.0,0.0,4.914004914004914,0.0,27.027027027027028,0.0,17.1990171990172,9.828009828009828,2.457002457002457,2.457002457002457,0.0,41.76904176904177,0.0,0.0,68.7960687960688,2.457002457002457,4.914004914004914,0.0,4.914004914004914,4.914004914004914,17.1990171990172,7.371007371007371,7.371007371007371
SAR5,31.630170316301705,12.165450121654501,104.62287104622871,0.0,2.4330900243309004,63.26034063260341,19.464720194647203,19.464720194647203,38.929440389294406,24.330900243309003,12.165450121654501,4.866180048661801,17.0316301703163,4.866180048661801,2.4330900243309004,133.81995133819953,0.0,0.0,65.69343065693431,4.866180048661801,0.0,0.0,0.0,12.165450121654501,2.4330900243309004,0.0,0.0,0.0,0.0,0.0,0.0,0.0,0.0,2.4330900243309004,2.4330900243309004,0.0,4.866180048661801,9.732360097323602,46.228710462287104,34.0632603406326,9.732360097323602,158.1508515815085,0.5669291338582677,4.026246719160105,0.0,2.4330900243309004,12.165450121654501,4.866180048661801,43.79562043795621,0.0,9.732360097323602,9.732360097323602,2.4330900243309004,4.866180048661801,7.299270072992701,9.732360097323602,7.299270072992701,4.866180048661801,60.82725060827251,0.0,0.0,0.0,0.0,4.866180048661801,29.197080291970803,0.0,19.464720194647203
SAUJ,2.4096385542168677,4.819277108433735,108.43373493975903,2.4096385542168677,2.4096385542168677,67.46987951807229,2.4096385542168677,0.0,36.144578313253014,4.819277108433735,4.819277108433735,7.228915662650603,26.50602409638554,19.27710843373494,2.4096385542168677,149.3975903614458,2.4096385542168677,0.0,60.24096385542169,2.4096385542168677,0.0,0.0,9.63855421686747,24.096385542168676,4.819277108433735,0.0,0.0,2.4096385542168677,2.4096385542168677,0.0,0.0,0.0,0.0,0.0,0.0,2.4096385542168677,2.4096385542168677,7.228915662650603,81.9277108433735,48.19277108433735,24.096385542168676,101.20481927710844,0.5886889460154242,4.385604113110539,0.0,2.4096385542168677,4.819277108433735,4.819277108433735,19.27710843373494,2.4096385542168677,14.457831325301205,12.048192771084338,0.0,2.4096385542168677,2.4096385542168677,31.32530120481928,0.0,0.0,57.83132530120482,0.0,4.819277108433735,0.0,4.819277108433735,9.63855421686747,28.91566265060241,2.4096385542168677,12.048192771084338
SB32,67.16417910447761,9.950248756218905,67.16417910447761,7.462686567164179,4.975124378109452,82.08955223880596,19.90049751243781,7.462686567164179,37.31343283582089,12.437810945273633,2.487562189054726,17.412935323383085,17.412935323383085,0.0,9.950248756218905,154.22885572139302,7.462686567164179,0.0,52.23880597014925,2.487562189054726,0.0,0.0,4.975124378109452,24.875621890547265,2.487562189054726,0.0,0.0,0.0,0.0,0.0,0.0,0.0,0.0,2.487562189054726,0.0,2.487562189054726,2.487562189054726,7.462686567164179,64.67661691542288,42.28855721393035,17.412935323383085,94.5273631840796,0.5552631578947368,3.805263157894737,2.487562189054726,2.487562189054726,4.975124378109452,2.487562189054726,12.437810945273633,2.487562189054726,2.487562189054726,12.437810945273633,2.487562189054726,4.975124378109452,12.437810945273633,19.90049751243781,2.487562189054726,0.0,44.776119402985074,0.0,2.487562189054726,0.0,4.975124378109452,0.0,22.388059701492537,0.0,12.437810945273633
SBCZ,36.76470588235294,4.901960784313726,73.52941176470588,2.450980392156863,2.450980392156863,71.07843137254902,29.41176470588235,14.705882352941176,29.41176470588235,7.352941176470588,7.352941176470588,14.705882352941176,14.705882352941176,7.352941176470588,0.0,213.23529411764704,2.450980392156863,0.0,24.509803921568626,0.0,2.450980392156863,0.0,2.450980392156863,24.509803921568626,7.352941176470588,0.0,0.0,0.0,0.0,0.0,2.450980392156863,0.0,2.450980392156863,0.0,0.0,0.0,0.0,2.450980392156863,66.17647058823529,29.41176470588235,9.803921568627452,83.33333333333333,0.5631578947368421,4.063157894736842,2.450980392156863,0.0,0.0,0.0,17.156862745098042,2.450980392156863,17.156862745098042,2.450980392156863,2.450980392156863,2.450980392156863,7.352941176470588,36.76470588235294,0.0,0.0,31.862745098039213,2.450980392156863,0.0,0.0,0.0,2.450980392156863,17.156862745098042,0.0,9.803921568627452
SBFN,94.5273631840796,2.487562189054726,19.90049751243781,7.462686567164179,7.462686567164179,77.11442786069651,19.90049751243781,12.437810945273633,24.875621890547265,2.487562189054726,7.462686567164179,0.0,19.90049751243781,9.950248756218905,0.0,194.02985074626866,2.487562189054726,0.0,39.80099502487562,0.0,2.487562189054726,0.0,0.0,2.487562189054726,7.462686567164179,0.0,0.0,0.0,2.487562189054726,0.0,0.0,0.0,0.0,2.487562189054726,2.487562189054726,0.0,0.0,2.487562189054726,116.91542288557214,47.2636815920398,7.462686567164179,67.16417910447761,0.5230769230769231,4.287179487179487,2.487562189054726,0.0,0.0,0.0,4.975124378109452,0.0,7.462686567164179,4.975124378109452,0.0,2.487562189054726,2.487562189054726,24.875621890547265,12.437810945273633,0.0,9.950248756218905,0.0,0.0,0.0,0.0,0.0,12.437810945273633,0.0,2.487562189054726
SBG4,27.29528535980149,2.4813895781637716,66.99751861042184,4.962779156327543,2.4813895781637716,59.55334987593052,7.444168734491315,4.962779156327543,37.220843672456574,2.4813895781637716,4.962779156327543,4.962779156327543,24.81389578163772,7.444168734491315,7.444168734491315,213.39950372208435,4.962779156327543,0.0,27.29528535980149,0.0,0.0,0.0,2.4813895781637716,7.444168734491315,0.0,0.0,0.0,0.0,2.4813895781637716,0.0,0.0,0.0,0.0,0.0,0.0,2.4813895781637716,4.962779156327543,4.962779156327543,94.29280397022333,59.55334987593052,9.925558312655086,99.25558312655087,0.5841836734693877,4.579081632653061,0.0,2.4813895781637716,0.0,4.962779156327543,24.81389578163772,0.0,14.88833746898263,14.88833746898263,2.4813895781637716,2.4813895781637716,2.4813895781637716,14.88833746898263,2.4813895781637716,2.4813895781637716,17.3697270471464,0.0,2.4813895781637716,2.4813895781637716,2.4813895781637716,4.962779156327543,22.332506203473944,0.0,7.444168734491315
SBM6,14.598540145985401,17.0316301703163,104.62287104622871,0.0,4.866180048661801,75.42579075425792,31.630170316301705,0.0,26.7639902676399,14.598540145985401,4.866180048661801,0.0,24.330900243309003,2.4330900243309004,0.0,192.21411192214111,7.299270072992701,0.0,41.3625304136253,4.866180048661801,0.0,0.0,0.0,14.598540145985401,0.0,0.0,0.0,0.0,4.866180048661801,0.0,2.4330900243309004,0.0,0.0,0.0,0.0,0.0,0.0,7.299270072992701,80.2919708029197,38.929440389294406,12.165450121654501,102.18978102189782,0.5978835978835979,4.373015873015873,2.4330900243309004,2.4330900243309004,4.866180048661801,7.299270072992701,17.0316301703163,2.4330900243309004,7.299270072992701,7.299270072992701,0.0,4.866180048661801,0.0,34.0632603406326,2.4330900243309004,0.0,68.1265206812652,0.0,2.4330900243309004,0.0,2.4330900243309004,0.0,12.165450121654501,2.4330900243309004,2.4330900243309004
SBZ7,43.689320388349515,0.0,87.37864077669903,4.854368932038835,4.854368932038835,60.67961165048544,26.699029126213592,21.844660194174757,33.980582524271846,2.4271844660194173,12.135922330097086,0.0,36.40776699029126,4.854368932038835,2.4271844660194173,162.62135922330097,4.854368932038835,0.0,41.2621359223301,2.4271844660194173,0.0,0.0,0.0,9.70873786407767,2.4271844660194173,0.0,0.0,0.0,0.0,0.0,9.70873786407767,0.0,0.0,0.0,0.0,2.4271844660194173,2.4271844660194173,4.854368932038835,65.53398058252426,31.553398058252426,14.563106796116505,126.2135922330097,0.5567010309278351,4.193298969072165,0.0,2.4271844660194173,0.0,4.854368932038835,24.271844660194173,2.4271844660194173,2.4271844660194173,4.854368932038835,0.0,12.135922330097086,4.854368932038835,33.980582524271846,4.854368932038835,0.0,38.83495145631068,0.0,2.4271844660194173,0.0,7.281553398058253,14.563106796116505,29.12621359223301,0.0,4.854368932038835
SC67,24.691358024691358,2.4691358024691357,69.1358024691358,4.938271604938271,4.938271604938271,46.91358024691358,14.814814814814815,12.345679012345679,39.50617283950617,7.407407407407407,17.28395061728395,4.938271604938271,7.407407407407407,9.876543209876543,2.4691358024691357,180.2469135802469,2.4691358024691357,0.0,54.32098765432099,2.4691358024691357,0.0,2.4691358024691357,0.0,14.814814814814815,0.0,0.0,0.0,2.4691358024691357,0.0,0.0,0.0,0.0,2.4691358024691357,0.0,0.0,0.0,4.938271604938271,2.4691358024691357,86.41975308641975,44.44444444444444,12.345679012345679,83.95061728395062,0.5788113695090439,4.359173126614987,2.4691358024691357,0.0,9.876543209876543,4.938271604938271,17.28395061728395,0.0,7.407407407407407,19.753086419753085,2.4691358024691357,9.876543209876543,9.876543209876543,27.160493827160494,2.4691358024691357,0.0,41.97530864197531,0.0,4.938271604938271,0.0,2.4691358024691357,7.407407407407407,12.345679012345679,0.0,14.814814814814815
SCG9,12.285012285012284,12.285012285012284,76.16707616707617,0.0,0.0,81.08108108108108,12.285012285012284,27.027027027027028,12.285012285012284,9.828009828009828,7.371007371007371,4.914004914004914,22.11302211302211,4.914004914004914,0.0,199.01719901719903,0.0,0.0,39.31203931203931,4.914004914004914,0.0,0.0,4.914004914004914,17.1990171990172,0.0,0.0,2.457002457002457,0.0,4.914004914004914,2.457002457002457,2.457002457002457,0.0,0.0,0.0,0.0,0.0,14.742014742014742,2.457002457002457,58.96805896805897,34.3980343980344,9.828009828009828,68.7960687960688,0.5038759689922481,4.072351421188631,9.828009828009828,0.0,0.0,2.457002457002457,7.371007371007371,0.0,14.742014742014742,29.484029484029485,0.0,14.742014742014742,7.371007371007371,39.31203931203931,2.457002457002457,0.0,41.76904176904177,2.457002457002457,4.914004914004914,0.0,9.828009828009828,0.0,19.656019656019655,2.457002457002457,4.914004914004914
SCJL,22.277227722772277,12.376237623762377,66.83168316831683,2.4752475247524752,0.0,61.88118811881188,12.376237623762377,4.9504950495049505,24.752475247524753,4.9504950495049505,4.9504950495049505,2.4752475247524752,14.85148514851485,12.376237623762377,4.9504950495049505,207.9207920792079,2.4752475247524752,0.0,22.277227722772277,2.4752475247524752,0.0,0.0,2.4752475247524752,14.85148514851485,2.4752475247524752,0.0,0.0,2.4752475247524752,2.4752475247524752,0.0,0.0,0.0,0.0,0.0,0.0,2.4752475247524752,4.9504950495049505,2.4752475247524752,133.66336633663366,51.980198019801975,2.4752475247524752,74.25742574257426,0.5931758530183727,4.6745406824146984,0.0,0.0,9.900990099009901,4.9504950495049505,14.85148514851485,0.0,17.32673267326733,9.900990099009901,0.0,2.4752475247524752,9.900990099009901,24.752475247524753,0.0,0.0,39.603960396039604,2.4752475247524752,0.0,0.0,0.0,14.85148514851485,9.900990099009901,0.0,0.0
SCNN,24.570024570024568,9.828009828009828,81.08108108108108,2.457002457002457,0.0,36.85503685503686,0.0,29.484029484029485,17.1990171990172,9.828009828009828,4.914004914004914,0.0,12.285012285012284,7.371007371007371,4.914004914004914,226.04422604422606,4.914004914004914,0.0,61.42506142506143,12.285012285012284,0.0,0.0,0.0,4.914004914004914,0.0,0.0,0.0,4.914004914004914,2.457002457002457,0.0,0.0,0.0,0.0,0.0,0.0,7.371007371007371,2.457002457002457,4.914004914004914,73.71007371007371,39.31203931203931,24.570024570024568,90.9090909090909,0.5945205479452055,4.353424657534247,2.457002457002457,0.0,2.457002457002457,2.457002457002457,31.94103194103194,0.0,9.828009828009828,24.570024570024568,0.0,0.0,4.914004914004914,17.1990171990172,0.0,4.914004914004914,46.68304668304668,0.0,0.0,0.0,4.914004914004914,7.371007371007371,14.742014742014742,0.0,12.285012285012284
SCWW,17.5,25.0,105.0,2.5,15.0,57.5,17.5,7.5,30.0,7.5,0.0,10.0,20.0,10.0,15.0,185.0,2.5,0.0,67.5,5.0,0.0,0.0,5.0,15.0,2.5,0.0,0.0,0.0,0.0,0.0,0.0,0.0,2.5,0.0,0.0,2.5,0.0,2.5,75.0,55.0,17.5,105.0,0.5647382920110193,4.349862258953168,5.0,2.5,7.5,2.5,25.0,0.0,2.5,10.0,2.5,2.5,0.0,17.5,2.5,0.0,60.0,0.0,0.0,0.0,2.5,5.0,20.0,0.0,17.5
SCYY,36.674816625916876,14.669926650366747,83.12958435207824,2.444987775061125,2.444987775061125,75.79462102689487,19.559902200489,19.559902200489,12.224938875305625,7.334963325183374,4.88997555012225,2.444987775061125,9.7799511002445,2.444987775061125,2.444987775061125,198.0440097799511,2.444987775061125,0.0,41.56479217603912,2.444987775061125,0.0,0.0,2.444987775061125,14.669926650366747,4.88997555012225,0.0,0.0,0.0,0.0,0.0,0.0,0.0,0.0,0.0,0.0,0.0,0.0,0.0,85.57457212713938,36.674816625916876,17.114914425427873,85.57457212713938,0.5473145780051151,4.219948849104859,2.444987775061125,0.0,0.0,4.88997555012225,26.89486552567237,0.0,9.7799511002445,9.7799511002445,0.0,2.444987775061125,4.88997555012225,34.229828850855746,7.334963325183374,2.444987775061125,39.119804400978,2.444987775061125,2.444987775061125,0.0,2.444987775061125,4.88997555012225,19.559902200489,2.444987775061125,12.224938875305625
SD9H,14.85148514851485,4.9504950495049505,86.63366336633663,0.0,2.4752475247524752,61.88118811881188,19.801980198019802,19.801980198019802,17.32673267326733,17.32673267326733,4.9504950495049505,4.9504950495049505,19.801980198019802,12.376237623762377,4.9504950495049505,180.69306930693068,2.4752475247524752,0.0,44.554455445544555,2.4752475247524752,2.4752475247524752,0.0,4.9504950495049505,19.801980198019802,0.0,0.0,0.0,0.0,0.0,0.0,0.0,0.0,0.0,2.4752475247524752,0.0,0.0,4.9504950495049505,9.900990099009901,64.35643564356435,49.504950495049506,12.376237623762377,118.8118811881188,0.5863874345549738,4.345549738219895,2.4752475247524752,2.4752475247524752,7.425742574257425,0.0,14.85148514851485,0.0,12.376237623762377,14.85148514851485,2.4752475247524752,2.4752475247524752,4.9504950495049505,14.85148514851485,4.9504950495049505,0.0,39.603960396039604,2.4752475247524752,0.0,0.0,4.9504950495049505,4.9504950495049505,17.32673267326733,2.4752475247524752,12.376237623762377
SDA8,42.959427207637226,4.773269689737471,73.98568019093078,0.0,0.0,57.279236276849645,9.546539379474941,14.319809069212411,35.79952267303103,4.773269689737471,7.159904534606206,0.0,33.41288782816229,19.093078758949883,0.0,181.38424821002386,4.773269689737471,0.0,50.11933174224344,2.3866348448687353,0.0,0.0,2.3866348448687353,9.546539379474941,4.773269689737471,0.0,0.0,2.3866348448687353,2.3866348448687353,2.3866348448687353,0.0,2.3866348448687353,2.3866348448687353,0.0,4.773269689737471,0.0,0.0,2.3866348448687353,93.07875894988067,50.11933174224344,16.706443914081145,97.85202863961814,0.5864661654135338,4.754385964912281,2.3866348448687353,2.3866348448687353,0.0,4.773269689737471,11.933174224343675,0.0,11.933174224343675,9.546539379474941,2.3866348448687353,2.3866348448687353,2.3866348448687353,35.79952267303103,0.0,0.0,38.186157517899765,2.3866348448687353,2.3866348448687353,0.0,4.773269689737471,16.706443914081145,19.093078758949883,0.0,14.319809069212411
SDAB,14.634146341463415,0.0,90.24390243902438,2.4390243902439024,4.878048780487805,36.58536585365854,9.75609756097561,17.073170731707318,48.78048780487805,9.75609756097561,2.4390243902439024,0.0,19.51219512195122,4.878048780487805,0.0,248.78048780487805,9.75609756097561,0.0,41.463414634146346,0.0,0.0,0.0,0.0,19.51219512195122,0.0,0.0,0.0,0.0,0.0,0.0,0.0,0.0,0.0,0.0,7.317073170731708,0.0,0.0,4.878048780487805,78.04878048780488,39.02439024390244,14.634146341463415,80.48780487804878,0.48533333333333334,4.08,2.4390243902439024,0.0,4.878048780487805,0.0,21.95121951219512,0.0,7.317073170731708,14.634146341463415,0.0,2.4390243902439024,0.0,34.146341463414636,0.0,0.0,39.02439024390244,7.317073170731708,4.878048780487805,0.0,0.0,7.317073170731708,24.390243902439025,0.0,9.75609756097561
SDAJ,28.503562945368174,9.501187648456057,92.63657957244656,0.0,4.750593824228028,85.5106888361045,23.752969121140143,11.876484560570072,30.878859857482183,9.501187648456057,7.125890736342043,2.375296912114014,19.002375296912113,2.375296912114014,11.876484560570072,154.39429928741092,7.125890736342043,0.0,26.128266033254157,2.375296912114014,0.0,0.0,4.750593824228028,7.125890736342043,2.375296912114014,0.0,4.750593824228028,0.0,2.375296912114014,0.0,0.0,0.0,0.0,0.0,0.0,2.375296912114014,2.375296912114014,9.501187648456057,83.1353919239905,42.75534441805225,4.750593824228028,99.7624703087886,0.565,4.2125,7.125890736342043,4.750593824228028,4.750593824228028,2.375296912114014,19.002375296912113,0.0,21.377672209026127,11.876484560570072,0.0,11.876484560570072,2.375296912114014,30.878859857482183,9.501187648456057,0.0,47.50593824228029,0.0,4.750593824228028,2.375296912114014,9.501187648456057,2.375296912114014,16.6270783847981,4.750593824228028,9.501187648456057
SDJL,43.373493975903614,14.457831325301205,74.6987951807229,0.0,4.819277108433735,62.65060240963856,19.27710843373494,14.457831325301205,38.55421686746988,4.819277108433735,7.228915662650603,4.819277108433735,16.867469879518072,9.63855421686747,2.4096385542168677,190.36144578313252,2.4096385542168677,0.0,53.01204819277108,7.228915662650603,0.0,0.0,2.4096385542168677,9.63855421686747,4.819277108433735,0.0,0.0,0.0,0.0,0.0,0.0,0.0,0.0,0.0,2.4096385542168677,0.0,2.4096385542168677,2.4096385542168677,89.1566265060241,43.373493975903614,7.228915662650603,103.61445783132531,0.5653266331658291,4.236180904522613,2.4096385542168677,0.0,2.4096385542168677,4.819277108433735,19.27710843373494,2.4096385542168677,4.819277108433735,4.819277108433735,0.0,0.0,2.4096385542168677,26.50602409638554,4.819277108433735,0.0,40.96385542168675,0.0,2.4096385542168677,0.0,4.819277108433735,0.0,16.867469879518072,0.0,7.228915662650603
SDMJ,31.630170316301705,7.299270072992701,80.2919708029197,2.4330900243309004,0.0,70.5596107055961,4.866180048661801,19.464720194647203,31.630170316301705,4.866180048661801,2.4330900243309004,2.4330900243309004,9.732360097323602,26.7639902676399,0.0,182.4817518248175,0.0,0.0,46.228710462287104,4.866180048661801,0.0,0.0,2.4330900243309004,21.897810218978105,0.0,0.0,0.0,2.4330900243309004,0.0,0.0,2.4330900243309004,0.0,0.0,0.0,0.0,0.0,0.0,7.299270072992701,92.45742092457421,38.929440389294406,19.464720194647203,80.2919708029197,0.5581395348837209,4.467700258397933,0.0,0.0,0.0,2.4330900243309004,17.0316301703163,0.0,9.732360097323602,12.165450121654501,2.4330900243309004,4.866180048661801,14.598540145985401,17.0316301703163,0.0,4.866180048661801,48.661800486618006,2.4330900243309004,0.0,0.0,4.866180048661801,4.866180048661801,21.897810218978105,0.0,9.732360097323602
SDQ8,19.093078758949883,9.546539379474941,90.69212410501193,0.0,2.3866348448687353,64.43914081145586,21.479713603818613,9.546539379474941,21.479713603818613,16.706443914081145,2.3866348448687353,2.3866348448687353,21.479713603818613,7.159904534606206,2.3866348448687353,212.41050119331743,2.3866348448687353,0.0,47.7326968973747,4.773269689737471,0.0,0.0,4.773269689737471,19.093078758949883,0.0,0.0,0.0,0.0,4.773269689737471,0.0,0.0,0.0,0.0,0.0,0.0,0.0,7.159904534606206,0.0,76.37231503579953,31.026252983293556,4.773269689737471,90.69212410501193,0.5168831168831168,3.981818181818182,0.0,0.0,2.3866348448687353,2.3866348448687353,21.479713603818613,0.0,9.546539379474941,11.933174224343675,2.3866348448687353,9.546539379474941,4.773269689737471,35.79952267303103,4.773269689737471,0.0,38.186157517899765,0.0,4.773269689737471,0.0,2.3866348448687353,4.773269689737471,23.86634844868735,2.3866348448687353,16.706443914081145
SDS7,72.31920199501248,4.987531172069826,62.34413965087282,7.481296758104738,2.493765586034913,59.8503740648379,29.92518703241895,9.975062344139651,19.950124688279303,12.468827930174564,2.493765586034913,0.0,24.93765586034913,0.0,4.987531172069826,167.08229426433914,0.0,0.0,52.36907730673317,4.987531172069826,0.0,0.0,2.493765586034913,19.950124688279303,2.493765586034913,0.0,2.493765586034913,2.493765586034913,7.481296758104738,0.0,0.0,0.0,0.0,4.987531172069826,0.0,0.0,2.493765586034913,4.987531172069826,69.82543640897755,49.87531172069826,17.456359102244388,99.75062344139651,0.5717948717948718,4.217948717948718,2.493765586034913,0.0,2.493765586034913,7.481296758104738,24.93765586034913,0.0,17.456359102244388,9.975062344139651,0.0,0.0,4.987531172069826,17.456359102244388,4.987531172069826,0.0,22.443890274314214,2.493765586034913,0.0,0.0,7.481296758104738,7.481296758104738,9.975062344139651,0.0,9.975062344139651
SDXW,24.630541871921185,9.852216748768473,76.35467980295567,2.4630541871921183,7.389162561576354,44.33497536945813,32.01970443349754,4.926108374384237,27.093596059113302,7.389162561576354,2.4630541871921183,9.852216748768473,27.093596059113302,7.389162561576354,0.0,150.24630541871923,7.389162561576354,0.0,59.11330049261083,12.315270935960593,0.0,0.0,0.0,29.556650246305416,4.926108374384237,0.0,0.0,0.0,2.4630541871921183,0.0,2.4630541871921183,0.0,2.4630541871921183,0.0,0.0,0.0,7.389162561576354,4.926108374384237,96.0591133004926,34.48275862068965,17.241379310344826,110.83743842364532,0.5428571428571428,4.275324675324676,0.0,0.0,0.0,2.4630541871921183,14.778325123152708,4.926108374384237,14.778325123152708,19.704433497536947,0.0,7.389162561576354,2.4630541871921183,36.94581280788178,0.0,0.0,44.33497536945813,0.0,2.4630541871921183,0.0,4.926108374384237,7.389162561576354,14.778325123152708,2.4630541871921183,14.778325123152708
SEDD,58.53658536585366,0.0,85.3658536585366,0.0,4.878048780487805,90.24390243902438,12.195121951219512,7.317073170731708,36.58536585365854,19.51219512195122,4.878048780487805,0.0,19.51219512195122,9.75609756097561,0.0,143.90243902439022,4.878048780487805,0.0,43.90243902439024,4.878048780487805,0.0,0.0,7.317073170731708,24.390243902439025,0.0,0.0,2.4390243902439024,0.0,0.0,2.4390243902439024,0.0,0.0,0.0,0.0,0.0,0.0,4.878048780487805,7.317073170731708,56.09756097560976,24.390243902439025,4.878048780487805,109.7560975609756,0.5319693094629157,3.9437340153452687,0.0,2.4390243902439024,7.317073170731708,2.4390243902439024,31.70731707317073,0.0,9.75609756097561,4.878048780487805,2.4390243902439024,4.878048780487805,0.0,53.65853658536585,2.4390243902439024,2.4390243902439024,43.90243902439024,7.317073170731708,0.0,0.0,4.878048780487805,2.4390243902439024,24.390243902439025,2.4390243902439024,7.317073170731708
SEKX,7.281553398058253,4.854368932038835,101.94174757281553,12.135922330097086,0.0,65.53398058252426,12.135922330097086,0.0,21.844660194174757,9.70873786407767,12.135922330097086,4.854368932038835,16.990291262135923,0.0,0.0,145.63106796116503,2.4271844660194173,0.0,43.689320388349515,12.135922330097086,0.0,0.0,0.0,21.844660194174757,0.0,0.0,0.0,0.0,4.854368932038835,2.4271844660194173,0.0,0.0,0.0,0.0,0.0,0.0,9.70873786407767,14.563106796116505,84.95145631067962,48.543689320388346,14.563106796116505,109.22330097087378,0.5253807106598984,4.071065989847716,2.4271844660194173,0.0,7.281553398058253,2.4271844660194173,16.990291262135923,4.854368932038835,7.281553398058253,9.70873786407767,4.854368932038835,7.281553398058253,2.4271844660194173,38.83495145631068,4.854368932038835,2.4271844660194173,43.689320388349515,0.0,0.0,0.0,9.70873786407767,16.990291262135923,19.41747572815534,0.0,9.70873786407767
SEVC,34.146341463414636,2.4390243902439024,80.48780487804878,2.4390243902439024,7.317073170731708,80.48780487804878,17.073170731707318,7.317073170731708,17.073170731707318,21.95121951219512,2.4390243902439024,0.0,9.75609756097561,4.878048780487805,2.4390243902439024,239.02439024390242,2.4390243902439024,0.0,21.95121951219512,2.4390243902439024,0.0,0.0,0.0,21.95121951219512,4.878048780487805,0.0,0.0,0.0,4.878048780487805,0.0,0.0,0.0,0.0,2.4390243902439024,0.0,0.0,4.878048780487805,2.4390243902439024,68.29268292682927,41.463414634146346,7.317073170731708,75.60975609756098,0.5649867374005305,4.1697612732095495,0.0,0.0,0.0,0.0,17.073170731707318,0.0,14.634146341463415,7.317073170731708,0.0,4.878048780487805,2.4390243902439024,34.146341463414636,0.0,2.4390243902439024,26.829268292682926,4.878048780487805,0.0,2.4390243902439024,2.4390243902439024,7.317073170731708,17.073170731707318,0.0,9.75609756097561
SEYD,29.92518703241895,9.975062344139651,67.33167082294264,2.493765586034913,0.0,57.356608478803,9.975062344139651,17.456359102244388,22.443890274314214,9.975062344139651,2.493765586034913,2.493765586034913,12.468827930174564,0.0,0.0,236.9077306733167,0.0,0.0,37.406483790523694,0.0,2.493765586034913,0.0,0.0,12.468827930174564,0.0,0.0,2.493765586034913,4.987531172069826,4.987531172069826,0.0,0.0,0.0,0.0,0.0,0.0,2.493765586034913,0.0,4.987531172069826,84.78802992518703,47.38154613466334,4.987531172069826,87.28179551122194,0.5866666666666667,4.229333333333333,0.0,0.0,4.987531172069826,0.0,17.456359102244388,0.0,19.950124688279303,9.975062344139651,0.0,4.987531172069826,2.493765586034913,19.950124688279303,2.493765586034913,0.0,34.912718204488776,0.0,0.0,2.493765586034913,7.481296758104738,2.493765586034913,14.962593516209475,0.0,2.493765586034913
SFC2,9.803921568627452,9.803921568627452,110.29411764705883,0.0,0.0,51.470588235294116,12.254901960784313,7.352941176470588,41.666666666666664,7.352941176470588,7.352941176470588,2.450980392156863,22.058823529411764,19.607843137254903,12.254901960784313,169.11764705882354,4.901960784313726,0.0,49.01960784313725,0.0,0.0,0.0,0.0,19.607843137254903,2.450980392156863,0.0,0.0,0.0,2.450980392156863,2.450980392156863,2.450980392156863,0.0,2.450980392156863,2.450980392156863,2.450980392156863,0.0,4.901960784313726,2.450980392156863,83.33333333333333,44.11764705882353,12.254901960784313,85.7843137254902,0.5143603133159269,4.284595300261096,2.450980392156863,0.0,2.450980392156863,2.450980392156863,34.313725490196084,0.0,7.352941176470588,14.705882352941176,0.0,0.0,4.901960784313726,26.96078431372549,4.901960784313726,0.0,53.92156862745098,0.0,0.0,0.0,2.450980392156863,0.0,14.705882352941176,0.0,22.058823529411764
SFER,21.844660194174757,9.70873786407767,84.95145631067962,0.0,2.4271844660194173,48.543689320388346,29.12621359223301,2.4271844660194173,26.699029126213592,12.135922330097086,7.281553398058253,0.0,24.271844660194173,12.135922330097086,2.4271844660194173,172.33009708737865,9.70873786407767,0.0,36.40776699029126,2.4271844660194173,0.0,0.0,0.0,14.563106796116505,2.4271844660194173,0.0,0.0,0.0,0.0,0.0,4.854368932038835,0.0,0.0,0.0,0.0,0.0,4.854368932038835,2.4271844660194173,104.36893203883494,33.980582524271846,2.4271844660194173,77.66990291262135,0.5466321243523317,4.204663212435233,2.4271844660194173,2.4271844660194173,4.854368932038835,0.0,12.135922330097086,2.4271844660194173,9.70873786407767,4.854368932038835,0.0,2.4271844660194173,2.4271844660194173,26.699029126213592,0.0,2.4271844660194173,43.689320388349515,2.4271844660194173,2.4271844660194173,0.0,0.0,0.0,16.990291262135923,9.70873786407767,9.70873786407767
SFET,33.898305084745765,14.527845036319613,53.26876513317191,7.263922518159807,2.4213075060532687,36.31961259079903,12.106537530266344,29.055690072639226,14.527845036319613,9.685230024213075,9.685230024213075,2.4213075060532687,14.527845036319613,4.842615012106537,0.0,174.33414043583534,12.106537530266344,0.0,43.583535108958834,2.4213075060532687,0.0,0.0,0.0,16.949152542372882,0.0,0.0,0.0,0.0,0.0,0.0,0.0,0.0,0.0,0.0,0.0,0.0,2.4213075060532687,4.842615012106537,99.27360774818402,31.476997578692497,2.4213075060532687,118.64406779661017,0.5647668393782384,4.064766839378239,0.0,4.842615012106537,7.263922518159807,0.0,26.634382566585955,0.0,14.527845036319613,9.685230024213075,2.4213075060532687,12.106537530266344,2.4213075060532687,24.213075060532688,0.0,0.0,48.426150121065376,0.0,2.4213075060532687,0.0,4.842615012106537,2.4213075060532687,9.685230024213075,2.4213075060532687,19.37046004842615
SFJ2,16.74641148325359,11.961722488038278,93.30143540669856,2.3923444976076556,2.3923444976076556,74.16267942583733,14.354066985645934,21.5311004784689,19.138755980861244,0.0,9.569377990430622,7.177033492822967,19.138755980861244,7.177033492822967,2.3923444976076556,160.28708133971293,4.784688995215311,2.3923444976076556,33.49282296650718,2.3923444976076556,0.0,2.3923444976076556,7.177033492822967,7.177033492822967,2.3923444976076556,0.0,0.0,0.0,0.0,0.0,0.0,0.0,2.3923444976076556,0.0,7.177033492822967,2.3923444976076556,4.784688995215311,9.569377990430622,88.51674641148325,40.66985645933014,16.74641148325359,105.26315789473684,0.5985037406483791,4.389027431421447,7.177033492822967,2.3923444976076556,7.177033492822967,4.784688995215311,19.138755980861244,0.0,9.569377990430622,9.569377990430622,2.3923444976076556,4.784688995215311,2.3923444976076556,33.49282296650718,2.3923444976076556,0.0,40.66985645933014,2.3923444976076556,0.0,0.0,7.177033492822967,7.177033492822967,14.354066985645934,0.0,7.177033492822967
SFNQ,39.900249376558605,12.468827930174564,57.356608478803,0.0,4.987531172069826,59.8503740648379,24.93765586034913,0.0,17.456359102244388,9.975062344139651,4.987531172069826,2.493765586034913,14.962593516209475,4.987531172069826,2.493765586034913,204.48877805486285,9.975062344139651,0.0,32.418952618453865,0.0,0.0,0.0,4.987531172069826,9.975062344139651,2.493765586034913,0.0,0.0,0.0,2.493765586034913,0.0,0.0,0.0,2.493765586034913,0.0,2.493765586034913,0.0,0.0,4.987531172069826,107.23192019950125,62.34413965087282,9.975062344139651,99.75062344139651,0.5762273901808785,4.651162790697675,0.0,0.0,0.0,2.493765586034913,24.93765586034913,0.0,9.975062344139651,7.481296758104738,0.0,2.493765586034913,0.0,24.93765586034913,2.493765586034913,2.493765586034913,34.912718204488776,0.0,0.0,0.0,12.468827930174564,12.468827930174564,17.456359102244388,0.0,2.493765586034913
SFYP,24.93765586034913,9.975062344139651,94.76309226932668,7.481296758104738,0.0,59.8503740648379,7.481296758104738,19.950124688279303,34.912718204488776,9.975062344139651,0.0,0.0,29.92518703241895,19.950124688279303,7.481296758104738,179.5511221945137,2.493765586034913,2.493765586034913,44.88778054862843,2.493765586034913,0.0,0.0,7.481296758104738,9.975062344139651,0.0,0.0,2.493765586034913,0.0,2.493765586034913,0.0,0.0,0.0,0.0,2.493765586034913,2.493765586034913,0.0,0.0,2.493765586034913,112.21945137157108,49.87531172069826,9.975062344139651,104.73815461346634,0.6041666666666666,4.825520833333333,7.481296758104738,4.987531172069826,2.493765586034913,4.987531172069826,19.950124688279303,2.493765586034913,12.468827930174564,7.481296758104738,0.0,2.493765586034913,4.987531172069826,39.900249376558605,4.987531172069826,2.493765586034913,39.900249376558605,2.493765586034913,2.493765586034913,0.0,4.987531172069826,7.481296758104738,7.481296758104738,0.0,4.987531172069826
SFYX,36.94581280788178,19.704433497536947,88.66995073891626,2.4630541871921183,9.852216748768473,73.89162561576356,34.48275862068965,2.4630541871921183,49.26108374384237,7.389162561576354,0.0,0.0,22.167487684729064,12.315270935960593,0.0,160.0985221674877,7.389162561576354,4.926108374384237,54.187192118226605,0.0,0.0,0.0,4.926108374384237,24.630541871921185,2.4630541871921183,0.0,0.0,0.0,0.0,0.0,0.0,0.0,0.0,0.0,0.0,0.0,2.4630541871921183,2.4630541871921183,73.89162561576356,34.48275862068965,17.241379310344826,125.61576354679804,0.5596816976127321,4.19893899204244,0.0,0.0,4.926108374384237,2.4630541871921183,34.48275862068965,0.0,4.926108374384237,2.4630541871921183,4.926108374384237,4.926108374384237,2.4630541871921183,29.556650246305416,0.0,0.0,41.87192118226601,0.0,2.4630541871921183,4.926108374384237,17.241379310344826,7.389162561576354,17.241379310344826,0.0,7.389162561576354
SGCA,14.705882352941176,12.254901960784313,83.33333333333333,9.803921568627452,2.450980392156863,73.52941176470588,14.705882352941176,4.901960784313726,19.607843137254903,17.156862745098042,4.901960784313726,2.450980392156863,7.352941176470588,2.450980392156863,7.352941176470588,178.921568627451,4.901960784313726,0.0,31.862745098039213,2.450980392156863,0.0,0.0,2.450980392156863,19.607843137254903,2.450980392156863,0.0,0.0,0.0,2.450980392156863,0.0,0.0,0.0,0.0,0.0,0.0,0.0,7.352941176470588,2.450980392156863,61.27450980392157,41.666666666666664,19.607843137254903,78.43137254901961,0.5235602094240838,4.013089005235602,4.901960784313726,0.0,7.352941176470588,0.0,17.156862745098042,0.0,7.352941176470588,24.509803921568626,7.352941176470588,7.352941176470588,2.450980392156863,29.41176470588235,0.0,0.0,51.470588235294116,2.450980392156863,0.0,0.0,4.901960784313726,2.450980392156863,22.058823529411764,0.0,7.352941176470588
SGYW,27.093596059113302,12.315270935960593,96.0591133004926,0.0,7.389162561576354,61.576354679802954,19.704433497536947,9.852216748768473,49.26108374384237,4.926108374384237,2.4630541871921183,9.852216748768473,24.630541871921185,12.315270935960593,12.315270935960593,145.32019704433498,7.389162561576354,2.4630541871921183,32.01970443349754,0.0,0.0,2.4630541871921183,0.0,14.778325123152708,2.4630541871921183,0.0,0.0,0.0,4.926108374384237,0.0,2.4630541871921183,0.0,2.4630541871921183,0.0,0.0,0.0,2.4630541871921183,14.778325123152708,83.74384236453201,34.48275862068965,2.4630541871921183,115.76354679802955,0.5837696335078534,4.356020942408377,2.4630541871921183,0.0,2.4630541871921183,7.389162561576354,36.94581280788178,0.0,7.389162561576354,4.926108374384237,0.0,7.389162561576354,2.4630541871921183,32.01970443349754,4.926108374384237,2.4630541871921183,59.11330049261083,0.0,0.0,0.0,4.926108374384237,4.926108374384237,27.093596059113302,0.0,4.926108374384237
SH6W,13.856812933025404,11.547344110854503,110.85450346420323,4.618937644341801,9.237875288683602,30.023094688221708,20.785219399538104,27.71362586605081,30.023094688221708,6.928406466512702,4.618937644341801,0.0,32.33256351039261,9.237875288683602,0.0,193.99538106235568,0.0,0.0,48.49884526558892,0.0,0.0,2.3094688221709005,11.547344110854503,23.094688221709006,2.3094688221709005,0.0,0.0,0.0,0.0,0.0,2.3094688221709005,0.0,2.3094688221709005,0.0,0.0,2.3094688221709005,2.3094688221709005,2.3094688221709005,85.45034642032333,41.57043879907621,9.237875288683602,129.33025404157044,0.5530864197530864,4.488888888888889,0.0,0.0,0.0,4.618937644341801,23.094688221709006,0.0,11.547344110854503,6.928406466512702,0.0,2.3094688221709005,2.3094688221709005,39.260969976905315,0.0,0.0,48.49884526558892,0.0,4.618937644341801,0.0,4.618937644341801,4.618937644341801,13.856812933025404,0.0,6.928406466512702
SH8K,24.509803921568626,17.156862745098042,85.7843137254902,0.0,0.0,44.11764705882353,9.803921568627452,9.803921568627452,17.156862745098042,7.352941176470588,0.0,4.901960784313726,31.862745098039213,7.352941176470588,0.0,213.23529411764704,4.901960784313726,0.0,56.372549019607845,4.901960784313726,0.0,0.0,7.352941176470588,17.156862745098042,0.0,0.0,0.0,0.0,7.352941176470588,0.0,0.0,0.0,2.450980392156863,2.450980392156863,0.0,0.0,0.0,2.450980392156863,73.52941176470588,39.21568627450981,19.607843137254903,107.84313725490196,0.5376344086021505,4.037634408602151,2.450980392156863,0.0,4.901960784313726,0.0,19.607843137254903,2.450980392156863,17.156862745098042,17.156862745098042,2.450980392156863,4.901960784313726,2.450980392156863,22.058823529411764,2.450980392156863,2.450980392156863,51.470588235294116,0.0,4.901960784313726,0.0,2.450980392156863,4.901960784313726,22.058823529411764,0.0,7.352941176470588
SHP3,29.62962962962963,2.4691358024691357,69.1358024691358,2.4691358024691357,4.938271604938271,49.382716049382715,37.03703703703704,14.814814814814815,27.160493827160494,9.876543209876543,4.938271604938271,0.0,14.814814814814815,0.0,2.4691358024691357,162.962962962963,0.0,0.0,46.91358024691358,0.0,0.0,0.0,0.0,9.876543209876543,0.0,0.0,0.0,0.0,0.0,0.0,0.0,0.0,0.0,0.0,0.0,0.0,12.345679012345679,12.345679012345679,59.25925925925926,34.5679012345679,14.814814814814815,106.17283950617285,0.5269922879177378,3.9023136246786634,0.0,0.0,2.4691358024691357,2.4691358024691357,24.691358024691358,7.407407407407407,14.814814814814815,24.691358024691358,2.4691358024691357,9.876543209876543,2.4691358024691357,17.28395061728395,0.0,0.0,32.098765432098766,0.0,0.0,2.4691358024691357,0.0,7.407407407407407,29.62962962962963,0.0,9.876543209876543
SHVF,2.450980392156863,4.901960784313726,71.07843137254902,2.450980392156863,4.901960784313726,39.21568627450981,19.607843137254903,31.862745098039213,4.901960784313726,7.352941176470588,7.352941176470588,4.901960784313726,19.607843137254903,2.450980392156863,2.450980392156863,242.64705882352942,2.450980392156863,0.0,26.96078431372549,4.901960784313726,0.0,0.0,7.352941176470588,4.901960784313726,2.450980392156863,0.0,0.0,0.0,0.0,0.0,0.0,0.0,0.0,0.0,0.0,0.0,2.450980392156863,4.901960784313726,95.58823529411764,29.41176470588235,9.803921568627452,85.7843137254902,0.5604113110539846,4.239074550128534,2.450980392156863,0.0,12.254901960784313,2.450980392156863,7.352941176470588,2.450980392156863,9.803921568627452,31.862745098039213,2.450980392156863,4.901960784313726,0.0,24.509803921568626,12.254901960784313,0.0,29.41176470588235,0.0,0.0,0.0,9.803921568627452,0.0,4.901960784313726,0.0,7.352941176470588
SHXX,49.62779156327544,4.962779156327543,76.92307692307693,0.0,2.4813895781637716,39.702233250620345,22.332506203473944,27.29528535980149,29.77667493796526,12.40694789081886,7.444168734491315,2.4813895781637716,14.88833746898263,7.444168734491315,4.962779156327543,158.80893300248138,9.925558312655086,0.0,39.702233250620345,0.0,0.0,0.0,2.4813895781637716,24.81389578163772,7.444168734491315,0.0,2.4813895781637716,0.0,0.0,0.0,0.0,0.0,2.4813895781637716,0.0,0.0,0.0,0.0,2.4813895781637716,91.81141439205956,32.25806451612903,14.88833746898263,91.81141439205956,0.5984251968503937,4.136482939632546,0.0,0.0,0.0,4.962779156327543,14.88833746898263,0.0,22.332506203473944,4.962779156327543,0.0,0.0,7.444168734491315,34.7394540942928,4.962779156327543,2.4813895781637716,49.62779156327544,7.444168734491315,2.4813895781637716,0.0,9.925558312655086,4.962779156327543,12.40694789081886,0.0,7.444168734491315
SJ6L,17.412935323383085,9.950248756218905,94.5273631840796,2.487562189054726,2.487562189054726,39.80099502487562,14.925373134328359,19.90049751243781,27.36318407960199,12.437810945273633,0.0,0.0,19.90049751243781,22.388059701492537,0.0,179.1044776119403,9.950248756218905,2.487562189054726,47.2636815920398,9.950248756218905,4.975124378109452,0.0,2.487562189054726,7.462686567164179,2.487562189054726,0.0,0.0,2.487562189054726,2.487562189054726,2.487562189054726,0.0,0.0,2.487562189054726,0.0,0.0,4.975124378109452,2.487562189054726,14.925373134328359,84.5771144278607,52.23880597014925,7.462686567164179,104.4776119402985,0.5885416666666666,4.533854166666667,2.487562189054726,4.975124378109452,0.0,4.975124378109452,14.925373134328359,0.0,9.950248756218905,17.412935323383085,0.0,0.0,2.487562189054726,32.33830845771144,4.975124378109452,4.975124378109452,42.28855721393035,2.487562189054726,0.0,0.0,2.487562189054726,7.462686567164179,7.462686567164179,0.0,9.950248756218905
SJ7N,29.41176470588235,14.705882352941176,88.23529411764706,4.901960784313726,2.450980392156863,44.11764705882353,22.058823529411764,14.705882352941176,34.313725490196084,9.803921568627452,2.450980392156863,0.0,22.058823529411764,0.0,0.0,232.84313725490196,9.803921568627452,0.0,39.21568627450981,2.450980392156863,0.0,0.0,0.0,9.803921568627452,2.450980392156863,0.0,0.0,0.0,7.352941176470588,0.0,0.0,0.0,0.0,0.0,0.0,0.0,0.0,2.450980392156863,75.98039215686273,31.862745098039213,12.254901960784313,93.13725490196079,0.5828729281767956,3.9226519337016574,2.450980392156863,0.0,2.450980392156863,2.450980392156863,7.352941176470588,4.901960784313726,17.156862745098042,14.705882352941176,0.0,2.450980392156863,4.901960784313726,19.607843137254903,0.0,0.0,51.470588235294116,0.0,4.901960784313726,0.0,0.0,4.901960784313726,9.803921568627452,2.450980392156863,9.803921568627452
SJB4,28.70813397129187,19.138755980861244,93.30143540669856,2.3923444976076556,7.177033492822967,40.66985645933014,33.49282296650718,4.784688995215311,16.74641148325359,9.569377990430622,0.0,4.784688995215311,16.74641148325359,14.354066985645934,0.0,181.8181818181818,4.784688995215311,4.784688995215311,43.0622009569378,2.3923444976076556,2.3923444976076556,0.0,0.0,14.354066985645934,2.3923444976076556,0.0,0.0,0.0,2.3923444976076556,0.0,0.0,0.0,0.0,0.0,0.0,0.0,7.177033492822967,2.3923444976076556,88.51674641148325,26.31578947368421,9.569377990430622,105.26315789473684,0.5514511873350924,4.266490765171504,2.3923444976076556,2.3923444976076556,0.0,4.784688995215311,31.10047846889952,4.784688995215311,16.74641148325359,4.784688995215311,0.0,0.0,4.784688995215311,28.70813397129187,2.3923444976076556,0.0,64.5933014354067,0.0,0.0,0.0,4.784688995215311,11.961722488038278,23.923444976076556,0.0,7.177033492822967
SJE3,24.630541871921185,19.704433497536947,83.74384236453201,0.0,7.389162561576354,76.35467980295567,34.48275862068965,9.852216748768473,32.01970443349754,14.778325123152708,2.4630541871921183,9.852216748768473,9.852216748768473,0.0,2.4630541871921183,157.63546798029557,9.852216748768473,0.0,36.94581280788178,0.0,0.0,0.0,0.0,19.704433497536947,2.4630541871921183,0.0,0.0,0.0,0.0,0.0,0.0,0.0,0.0,0.0,0.0,0.0,0.0,12.315270935960593,66.50246305418719,14.778325123152708,17.241379310344826,100.98522167487685,0.5274151436031331,4.054830287206267,2.4630541871921183,2.4630541871921183,4.926108374384237,0.0,19.704433497536947,0.0,4.926108374384237,14.778325123152708,0.0,14.778325123152708,2.4630541871921183,32.01970443349754,7.389162561576354,0.0,49.26108374384237,0.0,0.0,2.4630541871921183,9.852216748768473,0.0,19.704433497536947,0.0,2.4630541871921183
SJHL,22.443890274314214,9.975062344139651,79.80049875311721,0.0,0.0,17.456359102244388,9.975062344139651,12.468827930174564,32.418952618453865,9.975062344139651,4.987531172069826,2.493765586034913,14.962593516209475,12.468827930174564,7.481296758104738,251.8703241895262,7.481296758104738,0.0,49.87531172069826,4.987531172069826,0.0,0.0,0.0,17.456359102244388,2.493765586034913,0.0,2.493765586034913,0.0,0.0,0.0,2.493765586034913,0.0,0.0,0.0,0.0,0.0,0.0,2.493765586034913,84.78802992518703,59.8503740648379,17.456359102244388,47.38154613466334,0.5651041666666666,4.705729166666667,0.0,2.493765586034913,0.0,4.987531172069826,14.962593516209475,2.493765586034913,4.987531172069826,7.481296758104738,0.0,0.0,4.987531172069826,12.468827930174564,2.493765586034913,2.493765586034913,32.418952618453865,0.0,0.0,0.0,2.493765586034913,24.93765586034913,17.456359102244388,0.0,2.493765586034913
SJLP,19.801980198019802,4.9504950495049505,91.58415841584159,0.0,9.900990099009901,66.83168316831683,42.07920792079208,7.425742574257425,14.85148514851485,7.425742574257425,7.425742574257425,7.425742574257425,29.7029702970297,0.0,0.0,163.36633663366337,0.0,0.0,37.12871287128713,0.0,0.0,0.0,2.4752475247524752,19.801980198019802,2.4752475247524752,0.0,0.0,2.4752475247524752,4.9504950495049505,0.0,0.0,0.0,0.0,0.0,2.4752475247524752,4.9504950495049505,4.9504950495049505,12.376237623762377,74.25742574257426,39.603960396039604,7.425742574257425,126.23762376237624,0.587012987012987,4.01038961038961,2.4752475247524752,0.0,0.0,2.4752475247524752,22.277227722772277,4.9504950495049505,12.376237623762377,9.900990099009901,2.4752475247524752,7.425742574257425,4.9504950495049505,19.801980198019802,2.4752475247524752,2.4752475247524752,44.554455445544555,2.4752475247524752,2.4752475247524752,2.4752475247524752,4.9504950495049505,0.0,14.85148514851485,0.0,22.277227722772277
SJLT,22.443890274314214,17.456359102244388,107.23192019950125,0.0,4.987531172069826,49.87531172069826,17.456359102244388,52.36907730673317,27.43142144638404,4.987531172069826,7.481296758104738,4.987531172069826,19.950124688279303,2.493765586034913,17.456359102244388,162.09476309226935,9.975062344139651,0.0,42.394014962593516,0.0,2.493765586034913,0.0,2.493765586034913,17.456359102244388,2.493765586034913,0.0,0.0,0.0,0.0,0.0,0.0,0.0,0.0,2.493765586034913,0.0,0.0,0.0,4.987531172069826,89.77556109725685,29.92518703241895,12.468827930174564,94.76309226932668,0.5786666666666667,4.357333333333333,0.0,0.0,0.0,2.493765586034913,17.456359102244388,4.987531172069826,14.962593516209475,0.0,0.0,0.0,4.987531172069826,19.950124688279303,0.0,0.0,59.8503740648379,0.0,0.0,0.0,4.987531172069826,14.962593516209475,9.975062344139651,2.493765586034913,7.481296758104738
SJRQ,29.77667493796526,7.444168734491315,76.92307692307693,4.962779156327543,4.962779156327543,76.92307692307693,14.88833746898263,7.444168734491315,44.66501240694789,22.332506203473944,4.962779156327543,0.0,17.3697270471464,7.444168734491315,2.4813895781637716,183.62282878411912,4.962779156327543,2.4813895781637716,39.702233250620345,2.4813895781637716,0.0,0.0,2.4813895781637716,9.925558312655086,0.0,0.0,0.0,0.0,0.0,0.0,0.0,0.0,0.0,0.0,0.0,0.0,2.4813895781637716,2.4813895781637716,86.848635235732,44.66501240694789,2.4813895781637716,81.88585607940446,0.5430809399477807,4.227154046997389,4.962779156327543,0.0,4.962779156327543,2.4813895781637716,14.88833746898263,2.4813895781637716,9.925558312655086,17.3697270471464,0.0,7.444168734491315,7.444168734491315,24.81389578163772,0.0,0.0,34.7394540942928,0.0,0.0,0.0,4.962779156327543,14.88833746898263,22.332506203473944,0.0,4.962779156327543
SJWU,27.36318407960199,17.412935323383085,116.91542288557214,4.975124378109452,0.0,62.18905472636816,27.36318407960199,19.90049751243781,34.82587064676617,4.975124378109452,2.487562189054726,14.925373134328359,19.90049751243781,12.437810945273633,4.975124378109452,141.7910447761194,12.437810945273633,0.0,42.28855721393035,2.487562189054726,0.0,0.0,2.487562189054726,29.850746268656717,0.0,2.487562189054726,0.0,0.0,0.0,0.0,0.0,0.0,0.0,0.0,0.0,0.0,0.0,9.950248756218905,57.21393034825871,39.80099502487562,14.925373134328359,126.86567164179105,0.5643044619422573,4.251968503937008,0.0,2.487562189054726,2.487562189054726,2.487562189054726,22.388059701492537,2.487562189054726,19.90049751243781,9.950248756218905,0.0,2.487562189054726,0.0,32.33830845771144,14.925373134328359,4.975124378109452,52.23880597014925,0.0,0.0,0.0,4.975124378109452,4.975124378109452,19.90049751243781,0.0,19.90049751243781
SK3P,28.77697841726619,2.398081534772182,81.5347721822542,0.0,7.194244604316547,59.95203836930456,4.796163069544364,16.786570743405274,33.57314148681055,4.796163069544364,2.398081534772182,0.0,21.58273381294964,7.194244604316547,0.0,182.25419664268586,7.194244604316547,0.0,52.75779376498801,0.0,4.796163069544364,2.398081534772182,0.0,31.17505995203837,0.0,0.0,0.0,0.0,0.0,0.0,4.796163069544364,0.0,0.0,0.0,4.796163069544364,0.0,16.786570743405274,2.398081534772182,81.5347721822542,33.57314148681055,4.796163069544364,91.12709832134293,0.49122807017543857,4.0852130325814535,4.796163069544364,2.398081534772182,9.592326139088728,0.0,16.786570743405274,0.0,16.786570743405274,4.796163069544364,0.0,11.990407673860911,4.796163069544364,50.35971223021583,0.0,0.0,33.57314148681055,2.398081534772182,0.0,0.0,7.194244604316547,11.990407673860911,11.990407673860911,0.0,11.990407673860911
SK3S,14.634146341463415,17.073170731707318,112.19512195121952,0.0,2.4390243902439024,80.48780487804878,14.634146341463415,0.0,41.463414634146346,4.878048780487805,4.878048780487805,4.878048780487805,21.95121951219512,7.317073170731708,7.317073170731708,195.1219512195122,9.75609756097561,0.0,48.78048780487805,2.4390243902439024,0.0,0.0,4.878048780487805,14.634146341463415,0.0,0.0,0.0,0.0,0.0,0.0,0.0,0.0,0.0,2.4390243902439024,0.0,2.4390243902439024,0.0,4.878048780487805,73.17073170731707,14.634146341463415,12.195121951219512,85.3658536585366,0.5361111111111111,3.941666666666667,0.0,4.878048780487805,0.0,0.0,19.51219512195122,0.0,9.75609756097561,7.317073170731708,2.4390243902439024,2.4390243902439024,4.878048780487805,29.26829268292683,2.4390243902439024,0.0,65.85365853658537,0.0,4.878048780487805,0.0,7.317073170731708,2.4390243902439024,17.073170731707318,0.0,12.195121951219512
SK8N,2.4813895781637716,4.962779156327543,89.33002481389578,2.4813895781637716,2.4813895781637716,27.29528535980149,34.7394540942928,4.962779156327543,19.851116625310173,7.444168734491315,0.0,0.0,17.3697270471464,0.0,2.4813895781637716,225.80645161290323,4.962779156327543,0.0,42.183622828784124,4.962779156327543,0.0,0.0,0.0,32.25806451612903,0.0,0.0,0.0,0.0,2.4813895781637716,0.0,0.0,0.0,0.0,2.4813895781637716,2.4813895781637716,0.0,7.444168734491315,2.4813895781637716,64.51612903225806,39.702233250620345,4.962779156327543,76.92307692307693,0.5184210526315789,4.010526315789473,0.0,0.0,0.0,7.444168734491315,12.40694789081886,2.4813895781637716,7.444168734491315,12.40694789081886,0.0,2.4813895781637716,2.4813895781637716,22.332506203473944,0.0,2.4813895781637716,44.66501240694789,0.0,2.4813895781637716,0.0,4.962779156327543,7.444168734491315,12.40694789081886,2.4813895781637716,4.962779156327543
SKGU,34.313725490196084,7.352941176470588,85.7843137254902,4.901960784313726,7.352941176470588,73.52941176470588,44.11764705882353,2.450980392156863,17.156862745098042,17.156862745098042,17.156862745098042,4.901960784313726,4.901960784313726,9.803921568627452,0.0,151.96078431372547,4.901960784313726,0.0,53.92156862745098,0.0,2.450980392156863,0.0,0.0,14.705882352941176,0.0,0.0,0.0,0.0,0.0,0.0,0.0,0.0,0.0,0.0,0.0,0.0,4.901960784313726,14.705882352941176,51.470588235294116,44.11764705882353,17.156862745098042,107.84313725490196,0.5652173913043478,4.071611253196931,4.901960784313726,0.0,4.901960784313726,2.450980392156863,26.96078431372549,4.901960784313726,9.803921568627452,14.705882352941176,2.450980392156863,7.352941176470588,7.352941176470588,36.76470588235294,2.450980392156863,0.0,39.21568627450981,2.450980392156863,0.0,0.0,2.450980392156863,4.901960784313726,26.96078431372549,0.0,9.803921568627452
SKJ6,12.254901960784313,17.156862745098042,100.49019607843138,0.0,0.0,53.92156862745098,56.372549019607845,7.352941176470588,31.862745098039213,22.058823529411764,4.901960784313726,9.803921568627452,14.705882352941176,7.352941176470588,4.901960784313726,137.25490196078434,2.450980392156863,0.0,39.21568627450981,0.0,0.0,0.0,4.901960784313726,14.705882352941176,2.450980392156863,0.0,0.0,0.0,0.0,0.0,0.0,0.0,2.450980392156863,0.0,0.0,0.0,2.450980392156863,2.450980392156863,80.88235294117648,29.41176470588235,22.058823529411764,88.23529411764706,0.544973544973545,4.1798941798941796,2.450980392156863,0.0,4.901960784313726,7.352941176470588,24.509803921568626,2.450980392156863,14.705882352941176,7.352941176470588,7.352941176470588,24.509803921568626,2.450980392156863,36.76470588235294,0.0,2.450980392156863,71.07843137254902,2.450980392156863,4.901960784313726,2.450980392156863,17.156862745098042,0.0,14.705882352941176,0.0,9.803921568627452
SKPB,14.85148514851485,14.85148514851485,111.38613861386139,2.4752475247524752,4.9504950495049505,54.45544554455446,19.801980198019802,24.752475247524753,32.17821782178218,4.9504950495049505,0.0,2.4752475247524752,14.85148514851485,2.4752475247524752,2.4752475247524752,163.36633663366337,2.4752475247524752,0.0,54.45544554455446,0.0,0.0,2.4752475247524752,0.0,19.801980198019802,2.4752475247524752,0.0,2.4752475247524752,0.0,0.0,0.0,0.0,2.4752475247524752,0.0,0.0,0.0,0.0,2.4752475247524752,2.4752475247524752,64.35643564356435,56.93069306930693,12.376237623762377,103.96039603960395,0.5736842105263158,4.252631578947368,2.4752475247524752,0.0,4.9504950495049505,2.4752475247524752,24.752475247524753,2.4752475247524752,12.376237623762377,9.900990099009901,2.4752475247524752,4.9504950495049505,4.9504950495049505,32.17821782178218,0.0,0.0,54.45544554455446,0.0,4.9504950495049505,0.0,2.4752475247524752,9.900990099009901,22.277227722772277,0.0,12.376237623762377
SKY7,0.0,7.371007371007371,61.42506142506143,2.457002457002457,12.285012285012284,63.88206388206388,12.285012285012284,9.828009828009828,17.1990171990172,12.285012285012284,2.457002457002457,7.371007371007371,7.371007371007371,2.457002457002457,0.0,226.04422604422606,2.457002457002457,0.0,19.656019656019655,0.0,0.0,0.0,0.0,17.1990171990172,0.0,0.0,0.0,2.457002457002457,0.0,0.0,0.0,0.0,0.0,0.0,2.457002457002457,2.457002457002457,9.828009828009828,2.457002457002457,63.88206388206388,24.570024570024568,2.457002457002457,88.45208845208845,0.5442708333333334,4.052083333333333,4.914004914004914,2.457002457002457,12.285012285012284,2.457002457002457,7.371007371007371,0.0,4.914004914004914,39.31203931203931,2.457002457002457,4.914004914004914,2.457002457002457,19.656019656019655,7.371007371007371,0.0,24.570024570024568,0.0,0.0,0.0,2.457002457002457,4.914004914004914,17.1990171990172,2.457002457002457,7.371007371007371
SLDB,12.468827930174564,9.975062344139651,84.78802992518703,2.493765586034913,4.987531172069826,62.34413965087282,19.950124688279303,4.987531172069826,32.418952618453865,9.975062344139651,7.481296758104738,4.987531172069826,19.950124688279303,9.975062344139651,4.987531172069826,152.11970074812967,4.987531172069826,0.0,54.86284289276808,2.493765586034913,0.0,0.0,0.0,27.43142144638404,2.493765586034913,0.0,2.493765586034913,0.0,4.987531172069826,0.0,2.493765586034913,0.0,0.0,0.0,0.0,2.493765586034913,0.0,4.987531172069826,82.29426433915212,32.418952618453865,17.456359102244388,117.20698254364089,0.5882352941176471,4.05614973262032,0.0,4.987531172069826,2.493765586034913,2.493765586034913,14.962593516209475,0.0,4.987531172069826,7.481296758104738,2.493765586034913,4.987531172069826,4.987531172069826,17.456359102244388,0.0,0.0,67.33167082294264,0.0,0.0,0.0,9.975062344139651,7.481296758104738,14.962593516209475,2.493765586034913,17.456359102244388
SLNV,27.29528535980149,19.851116625310173,79.40446650124069,9.925558312655086,2.4813895781637716,66.99751861042184,14.88833746898263,4.962779156327543,29.77667493796526,7.444168734491315,2.4813895781637716,4.962779156327543,12.40694789081886,14.88833746898263,9.925558312655086,173.697270471464,2.4813895781637716,0.0,27.29528535980149,0.0,0.0,2.4813895781637716,0.0,4.962779156327543,2.4813895781637716,0.0,0.0,2.4813895781637716,0.0,0.0,4.962779156327543,0.0,0.0,0.0,2.4813895781637716,0.0,0.0,12.40694789081886,89.33002481389578,29.77667493796526,4.962779156327543,111.66253101736973,0.5744125326370757,4.276762402088773,9.925558312655086,0.0,9.925558312655086,0.0,37.220843672456574,2.4813895781637716,4.962779156327543,12.40694789081886,0.0,4.962779156327543,4.962779156327543,32.25806451612903,0.0,2.4813895781637716,49.62779156327544,0.0,2.4813895781637716,0.0,7.444168734491315,2.4813895781637716,19.851116625310173,2.4813895781637716,17.3697270471464
SLT4,31.70731707317073,2.4390243902439024,75.60975609756098,0.0,7.317073170731708,80.48780487804878,7.317073170731708,7.317073170731708,21.95121951219512,19.51219512195122,12.195121951219512,4.878048780487805,24.390243902439025,2.4390243902439024,2.4390243902439024,156.09756097560975,4.878048780487805,0.0,39.02439024390244,2.4390243902439024,0.0,0.0,9.75609756097561,21.95121951219512,0.0,0.0,0.0,0.0,0.0,0.0,0.0,0.0,0.0,0.0,0.0,0.0,7.317073170731708,9.75609756097561,48.78048780487805,26.829268292682926,9.75609756097561,75.60975609756098,0.5269922879177378,4.043701799485861,2.4390243902439024,0.0,7.317073170731708,2.4390243902439024,17.073170731707318,4.878048780487805,0.0,26.829268292682926,0.0,9.75609756097561,4.878048780487805,31.70731707317073,7.317073170731708,0.0,36.58536585365854,0.0,0.0,0.0,4.878048780487805,9.75609756097561,21.95121951219512,0.0,2.4390243902439024
SM88,48.309178743961354,4.830917874396135,62.80193236714976,2.4154589371980677,4.830917874396135,60.386473429951685,19.32367149758454,19.32367149758454,14.492753623188406,4.830917874396135,4.830917874396135,4.830917874396135,24.154589371980677,7.246376811594203,2.4154589371980677,198.06763285024152,2.4154589371980677,0.0,45.893719806763286,2.4154589371980677,0.0,0.0,4.830917874396135,12.077294685990339,2.4154589371980677,0.0,0.0,0.0,2.4154589371980677,0.0,0.0,0.0,2.4154589371980677,0.0,0.0,4.830917874396135,7.246376811594203,7.246376811594203,91.78743961352657,31.40096618357488,14.492753623188406,103.86473429951691,0.5859375,4.111979166666667,0.0,4.830917874396135,0.0,2.4154589371980677,19.32367149758454,4.830917874396135,9.66183574879227,7.246376811594203,0.0,12.077294685990339,2.4154589371980677,31.40096618357488,0.0,4.830917874396135,43.47826086956522,2.4154589371980677,0.0,0.0,2.4154589371980677,0.0,9.66183574879227,0.0,14.492753623188406
SM8P,53.65853658536585,7.317073170731708,53.65853658536585,0.0,4.878048780487805,56.09756097560976,21.95121951219512,14.634146341463415,26.829268292682926,4.878048780487805,0.0,2.4390243902439024,17.073170731707318,12.195121951219512,2.4390243902439024,243.90243902439025,0.0,0.0,51.21951219512195,0.0,0.0,0.0,2.4390243902439024,7.317073170731708,7.317073170731708,0.0,0.0,0.0,2.4390243902439024,0.0,0.0,0.0,2.4390243902439024,0.0,0.0,0.0,2.4390243902439024,7.317073170731708,85.3658536585366,34.146341463414636,17.073170731707318,78.04878048780488,0.5948051948051948,4.477922077922078,0.0,0.0,0.0,0.0,12.195121951219512,2.4390243902439024,12.195121951219512,2.4390243902439024,2.4390243902439024,4.878048780487805,2.4390243902439024,17.073170731707318,2.4390243902439024,0.0,21.95121951219512,0.0,2.4390243902439024,0.0,0.0,4.878048780487805,17.073170731707318,0.0,14.634146341463415
SM99,32.25806451612903,9.925558312655086,66.99751861042184,2.4813895781637716,12.40694789081886,64.51612903225806,14.88833746898263,12.40694789081886,14.88833746898263,17.3697270471464,14.88833746898263,4.962779156327543,17.3697270471464,7.444168734491315,2.4813895781637716,178.66004962779155,0.0,0.0,37.220843672456574,2.4813895781637716,0.0,0.0,4.962779156327543,12.40694789081886,0.0,0.0,0.0,0.0,2.4813895781637716,0.0,0.0,0.0,0.0,0.0,2.4813895781637716,0.0,0.0,7.444168734491315,62.03473945409429,39.702233250620345,4.962779156327543,111.66253101736973,0.6091644204851752,4.283018867924528,4.962779156327543,4.962779156327543,7.444168734491315,2.4813895781637716,24.81389578163772,2.4813895781637716,22.332506203473944,14.88833746898263,4.962779156327543,4.962779156327543,7.444168734491315,34.7394540942928,4.962779156327543,0.0,37.220843672456574,0.0,2.4813895781637716,4.962779156327543,9.925558312655086,4.962779156327543,24.81389578163772,0.0,9.925558312655086
SMC2,7.371007371007371,7.371007371007371,127.76412776412776,0.0,2.457002457002457,51.597051597051596,19.656019656019655,29.484029484029485,39.31203931203931,9.828009828009828,4.914004914004914,0.0,36.85503685503686,9.828009828009828,2.457002457002457,157.24815724815724,2.457002457002457,0.0,51.597051597051596,0.0,0.0,0.0,7.371007371007371,4.914004914004914,0.0,0.0,2.457002457002457,0.0,0.0,0.0,0.0,0.0,0.0,0.0,0.0,0.0,4.914004914004914,7.371007371007371,85.995085995086,29.484029484029485,9.828009828009828,113.02211302211303,0.553763440860215,4.129032258064516,0.0,0.0,2.457002457002457,4.914004914004914,24.570024570024568,0.0,12.285012285012284,9.828009828009828,0.0,7.371007371007371,17.1990171990172,29.484029484029485,4.914004914004914,2.457002457002457,68.7960687960688,0.0,4.914004914004914,0.0,4.914004914004914,0.0,31.94103194103194,0.0,19.656019656019655
SMPU,14.457831325301205,4.819277108433735,86.74698795180723,7.228915662650603,0.0,62.65060240963856,16.867469879518072,2.4096385542168677,43.373493975903614,19.27710843373494,4.819277108433735,7.228915662650603,16.867469879518072,4.819277108433735,4.819277108433735,144.57831325301206,4.819277108433735,0.0,45.78313253012048,2.4096385542168677,0.0,0.0,4.819277108433735,19.27710843373494,0.0,0.0,0.0,0.0,4.819277108433735,0.0,0.0,0.0,0.0,2.4096385542168677,0.0,0.0,4.819277108433735,0.0,69.87951807228916,38.55421686746988,19.27710843373494,110.8433734939759,0.5126903553299492,4.091370558375634,4.819277108433735,0.0,4.819277108433735,7.228915662650603,16.867469879518072,2.4096385542168677,14.457831325301205,16.867469879518072,4.819277108433735,12.048192771084338,4.819277108433735,31.32530120481928,12.048192771084338,0.0,43.373493975903614,2.4096385542168677,0.0,2.4096385542168677,7.228915662650603,2.4096385542168677,16.867469879518072,0.0,12.048192771084338
SMYJ,24.875621890547265,4.975124378109452,106.96517412935323,2.487562189054726,2.487562189054726,42.28855721393035,54.72636815920398,2.487562189054726,42.28855721393035,9.950248756218905,0.0,7.462686567164179,19.90049751243781,4.975124378109452,0.0,154.22885572139302,4.975124378109452,0.0,67.16417910447761,0.0,2.487562189054726,0.0,7.462686567164179,32.33830845771144,0.0,0.0,0.0,0.0,0.0,0.0,0.0,0.0,0.0,0.0,0.0,0.0,7.462686567164179,7.462686567164179,74.62686567164178,27.36318407960199,27.36318407960199,101.99004975124377,0.5197889182058048,4.211081794195251,2.487562189054726,2.487562189054726,0.0,4.975124378109452,14.925373134328359,0.0,4.975124378109452,7.462686567164179,0.0,2.487562189054726,0.0,32.33830845771144,4.975124378109452,0.0,52.23880597014925,2.487562189054726,4.975124378109452,0.0,0.0,4.975124378109452,22.388059701492537,0.0,14.925373134328359
SMZV,17.412935323383085,4.975124378109452,49.75124378109453,2.487562189054726,2.487562189054726,64.67661691542288,7.462686567164179,2.487562189054726,17.412935323383085,12.437810945273633,14.925373134328359,12.437810945273633,17.412935323383085,12.437810945273633,2.487562189054726,261.19402985074623,2.487562189054726,0.0,24.875621890547265,7.462686567164179,0.0,0.0,2.487562189054726,14.925373134328359,0.0,0.0,0.0,0.0,2.487562189054726,2.487562189054726,0.0,0.0,0.0,0.0,0.0,0.0,0.0,0.0,54.72636815920398,42.28855721393035,9.950248756218905,74.62686567164178,0.5602240896358543,4.162464985994398,9.950248756218905,0.0,2.487562189054726,2.487562189054726,17.412935323383085,0.0,7.462686567164179,24.875621890547265,9.950248756218905,7.462686567164179,2.487562189054726,27.36318407960199,17.412935323383085,0.0,32.33830845771144,2.487562189054726,0.0,0.0,14.925373134328359,7.462686567164179,17.412935323383085,0.0,7.462686567164179
SN2C,44.88778054862843,2.493765586034913,57.356608478803,4.987531172069826,7.481296758104738,87.28179551122194,22.443890274314214,4.987531172069826,19.950124688279303,14.962593516209475,17.456359102244388,0.0,24.93765586034913,2.493765586034913,0.0,179.5511221945137,0.0,0.0,47.38154613466334,2.493765586034913,0.0,0.0,2.493765586034913,22.443890274314214,4.987531172069826,0.0,0.0,0.0,2.493765586034913,2.493765586034913,0.0,0.0,0.0,0.0,2.493765586034913,0.0,0.0,7.481296758104738,69.82543640897755,14.962593516209475,12.468827930174564,99.75062344139651,0.5616797900262467,3.931758530183727,0.0,0.0,4.987531172069826,0.0,14.962593516209475,0.0,12.468827930174564,17.456359102244388,0.0,12.468827930174564,2.493765586034913,17.456359102244388,2.493765586034913,0.0,29.92518703241895,0.0,4.987531172069826,0.0,2.493765586034913,4.987531172069826,12.468827930174564,4.987531172069826,9.975062344139651
SNAQ,24.691358024691358,9.876543209876543,51.85185185185185,0.0,2.4691358024691357,69.1358024691358,9.876543209876543,4.938271604938271,24.691358024691358,12.345679012345679,24.691358024691358,2.4691358024691357,9.876543209876543,7.407407407407407,4.938271604938271,197.53086419753086,4.938271604938271,0.0,14.814814814814815,0.0,0.0,0.0,4.938271604938271,9.876543209876543,4.938271604938271,0.0,4.938271604938271,0.0,0.0,0.0,0.0,0.0,0.0,0.0,2.4691358024691357,0.0,4.938271604938271,12.345679012345679,91.35802469135803,41.97530864197531,9.876543209876543,74.07407407407408,0.577023498694517,4.503916449086162,4.938271604938271,0.0,4.938271604938271,0.0,7.407407407407407,0.0,4.938271604938271,12.345679012345679,7.407407407407407,4.938271604938271,0.0,12.345679012345679,7.407407407407407,0.0,27.160493827160494,0.0,2.4691358024691357,0.0,4.938271604938271,14.814814814814815,9.876543209876543,0.0,7.407407407407407
SNCR,7.371007371007371,7.371007371007371,61.42506142506143,2.457002457002457,4.914004914004914,41.76904176904177,17.1990171990172,24.570024570024568,22.11302211302211,9.828009828009828,2.457002457002457,0.0,14.742014742014742,14.742014742014742,0.0,203.93120393120392,0.0,0.0,34.3980343980344,0.0,0.0,0.0,0.0,14.742014742014742,0.0,0.0,0.0,0.0,0.0,0.0,0.0,0.0,0.0,0.0,0.0,2.457002457002457,2.457002457002457,2.457002457002457,73.71007371007371,51.597051597051596,12.285012285012284,95.82309582309583,0.5672043010752689,4.096774193548387,2.457002457002457,0.0,2.457002457002457,0.0,12.285012285012284,2.457002457002457,14.742014742014742,17.1990171990172,2.457002457002457,7.371007371007371,7.371007371007371,22.11302211302211,0.0,2.457002457002457,36.85503685503686,0.0,0.0,0.0,9.828009828009828,4.914004914004914,14.742014742014742,0.0,12.285012285012284
SNG4,36.94581280788178,7.389162561576354,78.81773399014779,2.4630541871921183,2.4630541871921183,88.66995073891626,4.926108374384237,12.315270935960593,17.241379310344826,12.315270935960593,4.926108374384237,2.4630541871921183,22.167487684729064,4.926108374384237,7.389162561576354,201.9704433497537,4.926108374384237,0.0,36.94581280788178,2.4630541871921183,0.0,0.0,4.926108374384237,12.315270935960593,0.0,0.0,0.0,0.0,0.0,0.0,0.0,0.0,0.0,0.0,0.0,0.0,2.4630541871921183,14.778325123152708,88.66995073891626,44.33497536945813,9.852216748768473,78.81773399014779,0.5459317585301837,4.131233595800525,2.4630541871921183,0.0,7.389162561576354,2.4630541871921183,14.778325123152708,0.0,4.926108374384237,9.852216748768473,4.926108374384237,4.926108374384237,4.926108374384237,36.94581280788178,4.926108374384237,0.0,39.40886699507389,2.4630541871921183,2.4630541871921183,0.0,7.389162561576354,7.389162561576354,17.241379310344826,0.0,7.389162561576354
SNXG,49.140049140049136,7.371007371007371,71.25307125307125,0.0,2.457002457002457,61.42506142506143,19.656019656019655,7.371007371007371,29.484029484029485,4.914004914004914,4.914004914004914,7.371007371007371,12.285012285012284,0.0,0.0,152.33415233415235,7.371007371007371,0.0,46.68304668304668,2.457002457002457,2.457002457002457,0.0,0.0,9.828009828009828,4.914004914004914,0.0,2.457002457002457,0.0,0.0,0.0,4.914004914004914,0.0,0.0,0.0,2.457002457002457,0.0,0.0,7.371007371007371,100.73710073710073,39.31203931203931,14.742014742014742,110.56511056511056,0.5728900255754475,4.0,0.0,7.371007371007371,7.371007371007371,2.457002457002457,27.027027027027028,0.0,24.570024570024568,2.457002457002457,2.457002457002457,0.0,2.457002457002457,19.656019656019655,0.0,0.0,31.94103194103194,0.0,0.0,0.0,2.457002457002457,4.914004914004914,19.656019656019655,0.0,4.914004914004914
SNZS,42.28855721393035,0.0,84.5771144278607,2.487562189054726,2.487562189054726,37.31343283582089,2.487562189054726,34.82587064676617,29.850746268656717,14.925373134328359,2.487562189054726,0.0,17.412935323383085,12.437810945273633,2.487562189054726,256.21890547263683,2.487562189054726,2.487562189054726,44.776119402985074,4.975124378109452,0.0,0.0,2.487562189054726,9.950248756218905,0.0,0.0,0.0,2.487562189054726,0.0,0.0,2.487562189054726,0.0,0.0,0.0,2.487562189054726,0.0,0.0,2.487562189054726,69.65174129353234,39.80099502487562,4.975124378109452,84.5771144278607,0.5363881401617251,4.342318059299191,0.0,0.0,0.0,7.462686567164179,29.850746268656717,2.487562189054726,4.975124378109452,7.462686567164179,0.0,0.0,2.487562189054726,22.388059701492537,0.0,0.0,34.82587064676617,0.0,2.487562189054726,0.0,0.0,17.412935323383085,7.462686567164179,0.0,9.950248756218905
SP2Y,0.0,7.281553398058253,65.53398058252426,0.0,4.854368932038835,60.67961165048544,12.135922330097086,7.281553398058253,19.41747572815534,9.70873786407767,2.4271844660194173,0.0,26.699029126213592,21.844660194174757,0.0,172.33009708737865,7.281553398058253,0.0,16.990291262135923,0.0,2.4271844660194173,0.0,0.0,21.844660194174757,2.4271844660194173,0.0,2.4271844660194173,0.0,4.854368932038835,0.0,7.281553398058253,0.0,0.0,0.0,0.0,0.0,7.281553398058253,7.281553398058253,77.66990291262135,43.689320388349515,9.70873786407767,82.5242718446602,0.5338345864661654,4.756892230576441,2.4271844660194173,0.0,2.4271844660194173,4.854368932038835,4.854368932038835,2.4271844660194173,4.854368932038835,29.12621359223301,4.854368932038835,16.990291262135923,9.70873786407767,16.990291262135923,19.41747572815534,0.0,12.135922330097086,2.4271844660194173,0.0,0.0,9.70873786407767,14.563106796116505,21.844660194174757,0.0,4.854368932038835
SP3F,28.91566265060241,2.4096385542168677,91.56626506024097,0.0,4.819277108433735,26.50602409638554,21.686746987951807,4.819277108433735,40.96385542168675,14.457831325301205,0.0,0.0,31.32530120481928,4.819277108433735,4.819277108433735,200.0,4.819277108433735,0.0,57.83132530120482,4.819277108433735,2.4096385542168677,0.0,0.0,19.27710843373494,4.819277108433735,0.0,0.0,0.0,0.0,0.0,2.4096385542168677,0.0,2.4096385542168677,0.0,0.0,0.0,2.4096385542168677,2.4096385542168677,77.10843373493977,36.144578313253014,14.457831325301205,79.51807228915662,0.5416666666666666,4.291666666666667,0.0,0.0,0.0,4.819277108433735,19.27710843373494,2.4096385542168677,12.048192771084338,9.63855421686747,0.0,2.4096385542168677,2.4096385542168677,31.32530120481928,2.4096385542168677,2.4096385542168677,40.96385542168675,0.0,0.0,4.819277108433735,4.819277108433735,14.457831325301205,14.457831325301205,0.0,14.457831325301205
SP7F,21.377672209026127,4.750593824228028,99.7624703087886,0.0,0.0,42.75534441805225,28.503562945368174,7.125890736342043,49.8812351543943,7.125890736342043,14.251781472684087,7.125890736342043,19.002375296912113,14.251781472684087,2.375296912114014,137.76722090261282,19.002375296912113,0.0,61.75771971496437,4.750593824228028,2.375296912114014,0.0,4.750593824228028,30.878859857482183,2.375296912114014,0.0,0.0,0.0,2.375296912114014,0.0,0.0,0.0,0.0,0.0,2.375296912114014,0.0,0.0,7.125890736342043,83.1353919239905,23.752969121140143,16.6270783847981,85.5106888361045,0.5378787878787878,4.33080808080808,0.0,0.0,0.0,4.750593824228028,26.128266033254157,2.375296912114014,7.125890736342043,4.750593824228028,2.375296912114014,7.125890736342043,7.125890736342043,30.878859857482183,4.750593824228028,0.0,59.38242280285035,0.0,0.0,0.0,2.375296912114014,7.125890736342043,19.002375296912113,0.0,4.750593824228028
SP84,38.83495145631068,19.41747572815534,80.09708737864078,2.4271844660194173,2.4271844660194173,55.8252427184466,24.271844660194173,9.70873786407767,38.83495145631068,7.281553398058253,2.4271844660194173,0.0,19.41747572815534,12.135922330097086,0.0,182.03883495145632,2.4271844660194173,0.0,53.398058252427184,2.4271844660194173,2.4271844660194173,0.0,7.281553398058253,19.41747572815534,4.854368932038835,0.0,0.0,0.0,0.0,2.4271844660194173,0.0,0.0,0.0,0.0,0.0,0.0,0.0,2.4271844660194173,92.23300970873787,53.398058252427184,16.990291262135923,109.22330097087378,0.5367088607594936,4.60506329113924,0.0,0.0,0.0,4.854368932038835,31.553398058252426,0.0,4.854368932038835,2.4271844660194173,2.4271844660194173,7.281553398058253,2.4271844660194173,26.699029126213592,0.0,0.0,41.2621359223301,0.0,2.4271844660194173,0.0,2.4271844660194173,7.281553398058253,24.271844660194173,0.0,7.281553398058253
SPC7,32.33830845771144,7.462686567164179,67.16417910447761,9.950248756218905,2.487562189054726,64.67661691542288,4.975124378109452,27.36318407960199,27.36318407960199,12.437810945273633,2.487562189054726,2.487562189054726,12.437810945273633,7.462686567164179,0.0,201.49253731343285,2.487562189054726,0.0,42.28855721393035,0.0,0.0,0.0,2.487562189054726,22.388059701492537,4.975124378109452,0.0,0.0,0.0,2.487562189054726,0.0,0.0,0.0,0.0,0.0,0.0,0.0,0.0,4.975124378109452,64.67661691542288,44.776119402985074,17.412935323383085,104.4776119402985,0.5660377358490566,4.185983827493262,0.0,2.487562189054726,7.462686567164179,0.0,9.950248756218905,0.0,12.437810945273633,12.437810945273633,4.975124378109452,9.950248756218905,7.462686567164179,22.388059701492537,2.487562189054726,0.0,37.31343283582089,0.0,0.0,0.0,4.975124378109452,4.975124378109452,17.412935323383085,2.487562189054726,7.462686567164179
SPHU,59.55334987593052,7.444168734491315,94.29280397022333,0.0,2.4813895781637716,74.44168734491315,7.444168734491315,39.702233250620345,22.332506203473944,9.925558312655086,9.925558312655086,4.962779156327543,4.962779156327543,2.4813895781637716,0.0,230.76923076923077,4.962779156327543,0.0,39.702233250620345,2.4813895781637716,4.962779156327543,0.0,0.0,9.925558312655086,7.444168734491315,0.0,0.0,0.0,0.0,0.0,2.4813895781637716,2.4813895781637716,0.0,0.0,2.4813895781637716,0.0,7.444168734491315,4.962779156327543,59.55334987593052,47.146401985111666,9.925558312655086,62.03473945409429,0.5837837837837838,4.045945945945946,2.4813895781637716,0.0,2.4813895781637716,0.0,22.332506203473944,2.4813895781637716,4.962779156327543,9.925558312655086,0.0,0.0,9.925558312655086,44.66501240694789,7.444168734491315,0.0,42.183622828784124,4.962779156327543,0.0,0.0,4.962779156327543,2.4813895781637716,12.40694789081886,2.4813895781637716,0.0
SPLU,46.568627450980394,4.901960784313726,100.49019607843138,2.450980392156863,2.450980392156863,63.725490196078425,29.41176470588235,14.705882352941176,31.862745098039213,12.254901960784313,7.352941176470588,14.705882352941176,34.313725490196084,7.352941176470588,4.901960784313726,137.25490196078434,14.705882352941176,0.0,41.666666666666664,4.901960784313726,0.0,0.0,7.352941176470588,7.352941176470588,2.450980392156863,0.0,0.0,0.0,7.352941176470588,0.0,0.0,0.0,2.450980392156863,0.0,0.0,0.0,2.450980392156863,2.450980392156863,58.8235294117647,46.568627450980394,17.156862745098042,102.94117647058823,0.5824742268041238,4.327319587628866,0.0,0.0,4.901960784313726,2.450980392156863,14.705882352941176,4.901960784313726,22.058823529411764,7.352941176470588,4.901960784313726,0.0,0.0,31.862745098039213,2.450980392156863,2.450980392156863,41.666666666666664,4.901960784313726,0.0,0.0,4.901960784313726,2.450980392156863,9.803921568627452,0.0,14.705882352941176
SPML,48.543689320388346,7.281553398058253,43.689320388349515,0.0,4.854368932038835,63.10679611650485,2.4271844660194173,2.4271844660194173,41.2621359223301,9.70873786407767,12.135922330097086,2.4271844660194173,12.135922330097086,2.4271844660194173,2.4271844660194173,233.0097087378641,2.4271844660194173,0.0,43.689320388349515,0.0,0.0,0.0,0.0,14.563106796116505,2.4271844660194173,0.0,0.0,0.0,0.0,0.0,0.0,0.0,0.0,0.0,0.0,2.4271844660194173,0.0,4.854368932038835,48.543689320388346,65.53398058252426,9.70873786407767,104.36893203883494,0.5802139037433155,4.454545454545454,4.854368932038835,2.4271844660194173,0.0,4.854368932038835,33.980582524271846,0.0,7.281553398058253,9.70873786407767,2.4271844660194173,9.70873786407767,2.4271844660194173,19.41747572815534,0.0,0.0,46.116504854368934,0.0,0.0,0.0,2.4271844660194173,7.281553398058253,14.563106796116505,2.4271844660194173,12.135922330097086
SPTA,14.705882352941176,19.607843137254903,102.94117647058823,0.0,7.352941176470588,44.11764705882353,41.666666666666664,0.0,44.11764705882353,4.901960784313726,7.352941176470588,4.901960784313726,19.607843137254903,7.352941176470588,2.450980392156863,174.01960784313724,9.803921568627452,0.0,41.666666666666664,0.0,0.0,0.0,0.0,14.705882352941176,4.901960784313726,0.0,0.0,0.0,4.901960784313726,0.0,0.0,0.0,4.901960784313726,0.0,0.0,0.0,0.0,2.450980392156863,78.43137254901961,39.21568627450981,7.352941176470588,115.19607843137254,0.5172413793103449,4.068965517241379,2.450980392156863,0.0,4.901960784313726,4.901960784313726,22.058823529411764,2.450980392156863,17.156862745098042,2.450980392156863,0.0,7.352941176470588,7.352941176470588,24.509803921568626,0.0,0.0,66.17647058823529,0.0,4.901960784313726,0.0,4.901960784313726,4.901960784313726,14.705882352941176,0.0,12.254901960784313
SPTQ,19.37046004842615,19.37046004842615,77.4818401937046,0.0,4.842615012106537,65.37530266343826,24.213075060532688,21.791767554479417,14.527845036319613,2.4213075060532687,0.0,12.106537530266344,9.685230024213075,14.527845036319613,2.4213075060532687,171.91283292978207,12.106537530266344,2.4213075060532687,29.055690072639226,0.0,2.4213075060532687,0.0,0.0,19.37046004842615,2.4213075060532687,0.0,0.0,2.4213075060532687,0.0,0.0,0.0,0.0,0.0,0.0,0.0,0.0,4.842615012106537,2.4213075060532687,89.58837772397095,53.26876513317191,9.685230024213075,77.4818401937046,0.5656565656565656,4.234848484848484,4.842615012106537,0.0,0.0,0.0,19.37046004842615,0.0,14.527845036319613,9.685230024213075,4.842615012106537,2.4213075060532687,7.263922518159807,19.37046004842615,4.842615012106537,2.4213075060532687,41.16222760290557,0.0,0.0,0.0,9.685230024213075,2.4213075060532687,12.106537530266344,0.0,0.0
SPXX,14.669926650366747,17.114914425427873,97.799511002445,2.444987775061125,0.0,58.67970660146699,22.004889975550125,12.224938875305625,19.559902200489,12.224938875305625,2.444987775061125,2.444987775061125,17.114914425427873,12.224938875305625,9.7799511002445,195.59902200489,7.334963325183374,0.0,36.674816625916876,0.0,0.0,0.0,2.444987775061125,19.559902200489,2.444987775061125,0.0,0.0,0.0,4.88997555012225,0.0,0.0,0.0,0.0,0.0,0.0,0.0,0.0,2.444987775061125,90.46454767726162,56.23471882640587,9.7799511002445,97.799511002445,0.5974025974025974,4.488311688311688,2.444987775061125,0.0,0.0,9.7799511002445,24.44987775061125,2.444987775061125,12.224938875305625,4.88997555012225,0.0,9.7799511002445,7.334963325183374,26.89486552567237,4.88997555012225,0.0,53.78973105134474,2.444987775061125,2.444987775061125,0.0,14.669926650366747,7.334963325183374,22.004889975550125,2.444987775061125,7.334963325183374
SPYH,41.97530864197531,12.345679012345679,66.66666666666667,0.0,7.407407407407407,64.19753086419753,34.5679012345679,7.407407407407407,14.814814814814815,7.407407407407407,4.938271604938271,0.0,22.22222222222222,4.938271604938271,7.407407407407407,222.2222222222222,4.938271604938271,0.0,32.098765432098766,2.4691358024691357,0.0,0.0,0.0,14.814814814814815,7.407407407407407,0.0,0.0,0.0,0.0,0.0,2.4691358024691357,0.0,0.0,2.4691358024691357,0.0,2.4691358024691357,2.4691358024691357,12.345679012345679,88.88888888888889,37.03703703703704,4.938271604938271,76.54320987654322,0.5677749360613811,4.181585677749361,2.4691358024691357,0.0,2.4691358024691357,2.4691358024691357,12.345679012345679,0.0,9.876543209876543,9.876543209876543,0.0,2.4691358024691357,2.4691358024691357,27.160493827160494,0.0,2.4691358024691357,19.753086419753085,0.0,0.0,0.0,2.4691358024691357,2.4691358024691357,7.407407407407407,0.0,7.407407407407407
SQ36,19.230769230769234,12.01923076923077,79.32692307692307,0.0,9.615384615384617,57.69230769230769,28.846153846153847,0.0,38.46153846153847,7.211538461538462,7.211538461538462,9.615384615384617,16.826923076923077,2.403846153846154,0.0,187.5,12.01923076923077,0.0,60.09615384615385,2.403846153846154,0.0,0.0,7.211538461538462,21.634615384615383,0.0,0.0,0.0,0.0,2.403846153846154,0.0,0.0,0.0,0.0,0.0,0.0,0.0,0.0,2.403846153846154,76.92307692307693,33.65384615384615,14.423076923076923,112.98076923076923,0.5541237113402062,4.005154639175258,4.807692307692308,0.0,7.211538461538462,4.807692307692308,26.442307692307693,0.0,4.807692307692308,19.230769230769234,2.403846153846154,7.211538461538462,0.0,12.01923076923077,2.403846153846154,0.0,62.5,0.0,0.0,0.0,4.807692307692308,4.807692307692308,19.230769230769234,4.807692307692308,12.01923076923077
SQ55,31.40096618357488,28.985507246376812,96.61835748792271,0.0,2.4154589371980677,57.971014492753625,43.47826086956522,7.246376811594203,41.06280193236715,4.830917874396135,9.66183574879227,7.246376811594203,19.32367149758454,2.4154589371980677,4.830917874396135,135.2657004830918,0.0,0.0,50.72463768115942,2.4154589371980677,0.0,0.0,0.0,26.570048309178745,0.0,0.0,0.0,0.0,4.830917874396135,0.0,0.0,0.0,0.0,2.4154589371980677,0.0,0.0,4.830917874396135,0.0,67.6328502415459,31.40096618357488,24.154589371980677,99.03381642512076,0.5231958762886598,3.8762886597938144,0.0,0.0,0.0,4.830917874396135,24.154589371980677,4.830917874396135,2.4154589371980677,16.908212560386474,0.0,2.4154589371980677,0.0,38.64734299516908,4.830917874396135,2.4154589371980677,60.386473429951685,0.0,2.4154589371980677,2.4154589371980677,9.66183574879227,2.4154589371980677,41.06280193236715,0.0,14.492753623188406
SQP2,12.077294685990339,14.492753623188406,108.69565217391305,2.4154589371980677,7.246376811594203,62.80193236714976,36.231884057971016,4.830917874396135,26.570048309178745,12.077294685990339,2.4154589371980677,2.4154589371980677,21.73913043478261,19.32367149758454,4.830917874396135,181.15942028985506,2.4154589371980677,0.0,43.47826086956522,0.0,0.0,0.0,2.4154589371980677,7.246376811594203,0.0,0.0,0.0,0.0,0.0,2.4154589371980677,0.0,0.0,0.0,4.830917874396135,2.4154589371980677,2.4154589371980677,2.4154589371980677,0.0,50.72463768115942,48.309178743961354,7.246376811594203,123.18840579710145,0.5454545454545454,4.205194805194806,0.0,2.4154589371980677,9.66183574879227,2.4154589371980677,33.81642512077295,0.0,0.0,16.908212560386474,0.0,2.4154589371980677,4.830917874396135,31.40096618357488,7.246376811594203,0.0,55.55555555555555,2.4154589371980677,0.0,0.0,0.0,4.830917874396135,31.40096618357488,2.4154589371980677,14.492753623188406
SQPN,14.778325123152708,4.926108374384237,105.91133004926108,0.0,2.4630541871921183,51.724137931034484,27.093596059113302,14.778325123152708,36.94581280788178,7.389162561576354,4.926108374384237,2.4630541871921183,17.241379310344826,4.926108374384237,7.389162561576354,172.41379310344828,4.926108374384237,0.0,51.724137931034484,0.0,0.0,0.0,0.0,19.704433497536947,0.0,0.0,0.0,0.0,0.0,0.0,2.4630541871921183,0.0,0.0,0.0,2.4630541871921183,0.0,0.0,12.315270935960593,68.9655172413793,41.87192118226601,17.241379310344826,118.22660098522167,0.5691906005221932,4.206266318537859,2.4630541871921183,0.0,2.4630541871921183,4.926108374384237,34.48275862068965,4.926108374384237,2.4630541871921183,2.4630541871921183,0.0,4.926108374384237,4.926108374384237,19.704433497536947,4.926108374384237,4.926108374384237,46.79802955665024,0.0,0.0,0.0,2.4630541871921183,4.926108374384237,19.704433497536947,2.4630541871921183,9.852216748768473
SQWC,9.592326139088728,2.398081534772182,107.91366906474819,0.0,7.194244604316547,45.563549160671464,35.97122302158273,19.184652278177456,35.97122302158273,11.990407673860911,7.194244604316547,4.796163069544364,31.17505995203837,7.194244604316547,2.398081534772182,163.0695443645084,7.194244604316547,0.0,47.961630695443645,4.796163069544364,0.0,0.0,4.796163069544364,23.980815347721823,0.0,0.0,0.0,0.0,0.0,0.0,0.0,0.0,0.0,0.0,0.0,0.0,0.0,9.592326139088728,76.73860911270982,14.388489208633095,14.388489208633095,122.3021582733813,0.5271317829457365,4.198966408268734,0.0,0.0,0.0,2.398081534772182,31.17505995203837,0.0,4.796163069544364,4.796163069544364,0.0,0.0,4.796163069544364,28.77697841726619,4.796163069544364,2.398081534772182,57.55395683453238,2.398081534772182,0.0,0.0,0.0,4.796163069544364,21.58273381294964,0.0,11.990407673860911
SR82,27.22772277227723,7.425742574257425,94.05940594059406,0.0,2.4752475247524752,39.603960396039604,29.7029702970297,49.504950495049506,17.32673267326733,7.425742574257425,2.4752475247524752,0.0,14.85148514851485,4.9504950495049505,4.9504950495049505,160.8910891089109,2.4752475247524752,2.4752475247524752,49.504950495049506,0.0,0.0,0.0,0.0,19.801980198019802,0.0,0.0,0.0,0.0,0.0,0.0,2.4752475247524752,0.0,0.0,0.0,0.0,0.0,7.425742574257425,4.9504950495049505,66.83168316831683,32.17821782178218,9.900990099009901,94.05940594059406,0.5435356200527705,4.055408970976253,0.0,0.0,2.4752475247524752,7.425742574257425,27.22772277227723,2.4752475247524752,0.0,12.376237623762377,0.0,7.425742574257425,0.0,34.65346534653466,4.9504950495049505,0.0,42.07920792079208,0.0,0.0,0.0,4.9504950495049505,14.85148514851485,22.277227722772277,0.0,9.900990099009901
SRD5,32.418952618453865,9.975062344139651,89.77556109725685,0.0,4.987531172069826,62.34413965087282,27.43142144638404,9.975062344139651,32.418952618453865,14.962593516209475,12.468827930174564,2.493765586034913,9.975062344139651,14.962593516209475,4.987531172069826,124.68827930174564,2.493765586034913,0.0,67.33167082294264,2.493765586034913,0.0,0.0,0.0,22.443890274314214,0.0,0.0,0.0,0.0,0.0,2.493765586034913,2.493765586034913,0.0,0.0,0.0,0.0,0.0,2.493765586034913,2.493765586034913,62.34413965087282,42.394014962593516,24.93765586034913,99.75062344139651,0.5587467362924282,4.33420365535248,0.0,2.493765586034913,2.493765586034913,4.987531172069826,27.43142144638404,4.987531172069826,4.987531172069826,9.975062344139651,0.0,9.975062344139651,0.0,27.43142144638404,4.987531172069826,0.0,42.394014962593516,0.0,0.0,0.0,2.493765586034913,7.481296758104738,17.456359102244388,0.0,12.468827930174564
SRFV,37.47072599531616,14.05152224824356,74.94145199063232,9.36768149882904,4.68384074941452,49.18032786885246,16.393442622950822,25.76112412177986,37.47072599531616,7.02576112412178,0.0,0.0,14.05152224824356,7.02576112412178,2.34192037470726,192.03747072599532,2.34192037470726,0.0,44.49648711943794,2.34192037470726,0.0,0.0,0.0,21.07728337236534,2.34192037470726,0.0,0.0,0.0,0.0,2.34192037470726,2.34192037470726,0.0,0.0,0.0,0.0,0.0,0.0,11.7096018735363,74.94145199063232,60.88992974238876,7.02576112412178,103.04449648711945,0.5728395061728395,4.2592592592592595,0.0,2.34192037470726,0.0,2.34192037470726,14.05152224824356,2.34192037470726,9.36768149882904,7.02576112412178,2.34192037470726,4.68384074941452,4.68384074941452,28.10304449648712,0.0,0.0,51.52224824355972,0.0,2.34192037470726,0.0,2.34192037470726,7.02576112412178,16.393442622950822,0.0,11.7096018735363
SRG8,31.553398058252426,4.854368932038835,99.51456310679612,0.0,0.0,80.09708737864078,16.990291262135923,9.70873786407767,26.699029126213592,0.0,0.0,4.854368932038835,24.271844660194173,21.844660194174757,0.0,157.76699029126215,2.4271844660194173,0.0,48.543689320388346,0.0,0.0,4.854368932038835,4.854368932038835,16.990291262135923,0.0,2.4271844660194173,0.0,0.0,2.4271844660194173,0.0,2.4271844660194173,0.0,0.0,0.0,0.0,0.0,9.70873786407767,12.135922330097086,70.3883495145631,48.543689320388346,21.844660194174757,121.35922330097088,0.5699745547073791,4.511450381679389,0.0,2.4271844660194173,2.4271844660194173,2.4271844660194173,12.135922330097086,0.0,4.854368932038835,2.4271844660194173,0.0,0.0,4.854368932038835,21.844660194174757,2.4271844660194173,0.0,43.689320388349515,0.0,0.0,0.0,0.0,14.563106796116505,16.990291262135923,0.0,14.563106796116505
SRKV,24.81389578163772,24.81389578163772,96.77419354838709,2.4813895781637716,4.962779156327543,59.55334987593052,27.29528535980149,17.3697270471464,24.81389578163772,12.40694789081886,2.4813895781637716,2.4813895781637716,14.88833746898263,7.444168734491315,0.0,141.43920595533498,2.4813895781637716,0.0,42.183622828784124,0.0,0.0,2.4813895781637716,0.0,22.332506203473944,0.0,0.0,0.0,0.0,2.4813895781637716,0.0,2.4813895781637716,0.0,0.0,0.0,2.4813895781637716,0.0,2.4813895781637716,9.925558312655086,69.4789081885856,49.62779156327544,14.88833746898263,86.848635235732,0.6057441253263708,4.287206266318538,0.0,0.0,7.444168734491315,4.962779156327543,9.925558312655086,0.0,12.40694789081886,9.925558312655086,0.0,9.925558312655086,2.4813895781637716,39.702233250620345,4.962779156327543,0.0,49.62779156327544,0.0,4.962779156327543,0.0,2.4813895781637716,2.4813895781637716,19.851116625310173,7.444168734491315,17.3697270471464
SRL9,27.160493827160494,7.407407407407407,83.95061728395062,0.0,4.938271604938271,74.07407407407408,12.345679012345679,7.407407407407407,49.382716049382715,12.345679012345679,0.0,4.938271604938271,12.345679012345679,12.345679012345679,7.407407407407407,160.49382716049382,4.938271604938271,0.0,54.32098765432099,4.938271604938271,2.4691358024691357,0.0,0.0,12.345679012345679,7.407407407407407,0.0,0.0,0.0,2.4691358024691357,0.0,4.938271604938271,0.0,0.0,0.0,0.0,2.4691358024691357,2.4691358024691357,2.4691358024691357,103.7037037037037,34.5679012345679,12.345679012345679,93.82716049382717,0.577023498694517,4.349869451697128,0.0,4.938271604938271,0.0,2.4691358024691357,29.62962962962963,2.4691358024691357,14.814814814814815,14.814814814814815,7.407407407407407,4.938271604938271,9.876543209876543,24.691358024691358,4.938271604938271,2.4691358024691357,54.32098765432099,0.0,0.0,0.0,2.4691358024691357,7.407407407407407,4.938271604938271,0.0,17.28395061728395
SRX4,58.8235294117647,7.352941176470588,63.725490196078425,9.803921568627452,2.450980392156863,58.8235294117647,14.705882352941176,9.803921568627452,19.607843137254903,17.156862745098042,0.0,2.450980392156863,12.254901960784313,2.450980392156863,0.0,237.74509803921566,2.450980392156863,0.0,44.11764705882353,2.450980392156863,0.0,0.0,0.0,9.803921568627452,0.0,0.0,0.0,0.0,0.0,0.0,0.0,0.0,0.0,0.0,2.450980392156863,2.450980392156863,2.450980392156863,4.901960784313726,71.07843137254902,31.862745098039213,9.803921568627452,105.3921568627451,0.5833333333333334,4.260752688172043,0.0,0.0,2.450980392156863,0.0,19.607843137254903,0.0,12.254901960784313,4.901960784313726,0.0,0.0,12.254901960784313,14.705882352941176,0.0,0.0,34.313725490196084,0.0,0.0,2.450980392156863,4.901960784313726,2.450980392156863,19.607843137254903,2.450980392156863,9.803921568627452
SRZT,41.463414634146346,7.317073170731708,68.29268292682927,0.0,4.878048780487805,65.85365853658537,21.95121951219512,0.0,21.95121951219512,14.634146341463415,7.317073170731708,2.4390243902439024,24.390243902439025,2.4390243902439024,2.4390243902439024,163.41463414634146,4.878048780487805,0.0,41.463414634146346,0.0,0.0,0.0,9.75609756097561,29.26829268292683,0.0,0.0,0.0,0.0,0.0,0.0,0.0,0.0,0.0,0.0,2.4390243902439024,0.0,2.4390243902439024,0.0,82.92682926829269,24.390243902439025,17.073170731707318,117.07317073170732,0.5125,4.0575,0.0,0.0,7.317073170731708,2.4390243902439024,29.26829268292683,0.0,14.634146341463415,2.4390243902439024,4.878048780487805,4.878048780487805,2.4390243902439024,36.58536585365854,2.4390243902439024,0.0,24.390243902439025,0.0,0.0,0.0,4.878048780487805,7.317073170731708,19.51219512195122,0.0,2.4390243902439024
ST82,19.51219512195122,9.75609756097561,82.92682926829269,7.317073170731708,4.878048780487805,82.92682926829269,9.75609756097561,0.0,24.390243902439025,7.317073170731708,7.317073170731708,2.4390243902439024,21.95121951219512,4.878048780487805,4.878048780487805,190.2439024390244,7.317073170731708,0.0,26.829268292682926,2.4390243902439024,0.0,0.0,7.317073170731708,7.317073170731708,0.0,0.0,0.0,2.4390243902439024,0.0,0.0,0.0,0.0,0.0,0.0,0.0,2.4390243902439024,14.634146341463415,2.4390243902439024,80.48780487804878,24.390243902439025,4.878048780487805,107.3170731707317,0.5429292929292929,4.22979797979798,0.0,0.0,9.75609756097561,2.4390243902439024,14.634146341463415,4.878048780487805,12.195121951219512,17.073170731707318,4.878048780487805,7.317073170731708,2.4390243902439024,26.829268292682926,0.0,0.0,31.70731707317073,4.878048780487805,0.0,0.0,12.195121951219512,9.75609756097561,9.75609756097561,0.0,4.878048780487805
ST8H,52.88461538461539,14.423076923076923,55.28846153846153,2.403846153846154,4.807692307692308,60.09615384615385,9.615384615384617,36.05769230769231,26.442307692307693,7.211538461538462,7.211538461538462,4.807692307692308,14.423076923076923,4.807692307692308,2.403846153846154,177.8846153846154,4.807692307692308,0.0,50.48076923076923,0.0,0.0,0.0,4.807692307692308,12.01923076923077,0.0,0.0,0.0,0.0,0.0,0.0,2.403846153846154,0.0,0.0,2.403846153846154,2.403846153846154,4.807692307692308,4.807692307692308,4.807692307692308,67.3076923076923,33.65384615384615,12.01923076923077,98.5576923076923,0.5564304461942258,4.0236220472440944,0.0,0.0,0.0,2.403846153846154,7.211538461538462,7.211538461538462,12.01923076923077,9.615384615384617,9.615384615384617,9.615384615384617,12.01923076923077,26.442307692307693,4.807692307692308,0.0,50.48076923076923,2.403846153846154,2.403846153846154,0.0,0.0,7.211538461538462,9.615384615384617,0.0,26.442307692307693
STDN,9.63855421686747,14.457831325301205,89.1566265060241,4.819277108433735,2.4096385542168677,43.373493975903614,16.867469879518072,40.96385542168675,21.686746987951807,7.228915662650603,14.457831325301205,7.228915662650603,14.457831325301205,7.228915662650603,2.4096385542168677,161.4457831325301,9.63855421686747,0.0,45.78313253012048,2.4096385542168677,0.0,0.0,2.4096385542168677,12.048192771084338,0.0,0.0,0.0,0.0,0.0,0.0,0.0,0.0,0.0,0.0,0.0,0.0,2.4096385542168677,14.457831325301205,89.1566265060241,24.096385542168676,9.63855421686747,86.74698795180723,0.5721649484536082,4.422680412371134,0.0,0.0,2.4096385542168677,9.63855421686747,14.457831325301205,0.0,0.0,14.457831325301205,7.228915662650603,12.048192771084338,4.819277108433735,21.686746987951807,2.4096385542168677,2.4096385542168677,60.24096385542169,0.0,2.4096385542168677,0.0,7.228915662650603,7.228915662650603,12.048192771084338,0.0,4.819277108433735
STKW,53.92156862745098,0.0,73.52941176470588,2.450980392156863,2.450980392156863,39.21568627450981,12.254901960784313,17.156862745098042,39.21568627450981,7.352941176470588,9.803921568627452,0.0,19.607843137254903,7.352941176470588,0.0,193.62745098039215,7.352941176470588,0.0,31.862745098039213,2.450980392156863,2.450980392156863,0.0,0.0,14.705882352941176,4.901960784313726,0.0,0.0,0.0,0.0,0.0,2.450980392156863,0.0,0.0,0.0,7.352941176470588,0.0,2.450980392156863,7.352941176470588,88.23529411764706,36.76470588235294,12.254901960784313,71.07843137254902,0.5380710659898477,4.362944162436548,0.0,0.0,2.450980392156863,4.901960784313726,7.352941176470588,2.450980392156863,7.352941176470588,4.901960784313726,0.0,2.450980392156863,2.450980392156863,34.313725490196084,0.0,4.901960784313726,34.313725490196084,4.901960784313726,2.450980392156863,0.0,2.450980392156863,4.901960784313726,12.254901960784313,2.450980392156863,9.803921568627452
STMM,21.634615384615383,9.615384615384617,108.17307692307693,0.0,2.403846153846154,60.09615384615385,40.86538461538461,12.01923076923077,31.25,12.01923076923077,21.634615384615383,9.615384615384617,16.826923076923077,7.211538461538462,0.0,110.57692307692307,2.403846153846154,0.0,45.67307692307692,2.403846153846154,0.0,0.0,2.403846153846154,12.01923076923077,0.0,0.0,0.0,0.0,0.0,0.0,2.403846153846154,0.0,0.0,0.0,0.0,0.0,9.615384615384617,4.807692307692308,60.09615384615385,28.846153846153847,12.01923076923077,146.6346153846154,0.5338541666666666,4.03125,2.403846153846154,0.0,7.211538461538462,4.807692307692308,31.25,2.403846153846154,2.403846153846154,4.807692307692308,4.807692307692308,12.01923076923077,2.403846153846154,50.48076923076923,2.403846153846154,0.0,69.71153846153847,0.0,2.403846153846154,0.0,7.211538461538462,2.403846153846154,26.442307692307693,0.0,28.846153846153847
STRH,17.114914425427873,17.114914425427873,119.8044009779951,2.444987775061125,2.444987775061125,39.119804400978,22.004889975550125,22.004889975550125,36.674816625916876,9.7799511002445,9.7799511002445,7.334963325183374,26.89486552567237,4.88997555012225,4.88997555012225,173.59413202933985,4.88997555012225,0.0,58.67970660146699,7.334963325183374,0.0,0.0,2.444987775061125,4.88997555012225,2.444987775061125,0.0,0.0,2.444987775061125,9.7799511002445,0.0,0.0,0.0,0.0,0.0,0.0,2.444987775061125,7.334963325183374,2.444987775061125,78.239608801956,46.45476772616137,19.559902200489,88.0195599022005,0.5538057742782152,4.304461942257218,4.88997555012225,2.444987775061125,9.7799511002445,9.7799511002445,9.7799511002445,4.88997555012225,9.7799511002445,2.444987775061125,0.0,4.88997555012225,0.0,39.119804400978,2.444987775061125,0.0,61.12469437652811,2.444987775061125,2.444987775061125,0.0,2.444987775061125,9.7799511002445,22.004889975550125,0.0,9.7799511002445
STUM,40.66985645933014,4.784688995215311,110.04784688995215,0.0,7.177033492822967,93.30143540669856,11.961722488038278,47.84688995215311,31.10047846889952,9.569377990430622,4.784688995215311,2.3923444976076556,9.569377990430622,2.3923444976076556,2.3923444976076556,129.1866028708134,0.0,0.0,52.63157894736842,0.0,4.784688995215311,0.0,0.0,31.10047846889952,0.0,0.0,0.0,0.0,0.0,0.0,2.3923444976076556,0.0,0.0,0.0,2.3923444976076556,0.0,0.0,11.961722488038278,55.02392344497608,23.923444976076556,11.961722488038278,136.36363636363635,0.5368956743002544,4.078880407124682,0.0,0.0,4.784688995215311,7.177033492822967,40.66985645933014,0.0,2.3923444976076556,11.961722488038278,0.0,2.3923444976076556,14.354066985645934,55.02392344497608,2.3923444976076556,2.3923444976076556,43.0622009569378,2.3923444976076556,0.0,0.0,4.784688995215311,2.3923444976076556,23.923444976076556,0.0,14.354066985645934
STV6,44.66501240694789,12.40694789081886,66.99751861042184,0.0,9.925558312655086,81.88585607940446,14.88833746898263,0.0,22.332506203473944,12.40694789081886,0.0,7.444168734491315,29.77667493796526,2.4813895781637716,2.4813895781637716,223.32506203473946,7.444168734491315,0.0,27.29528535980149,0.0,0.0,0.0,12.40694789081886,14.88833746898263,2.4813895781637716,0.0,0.0,2.4813895781637716,2.4813895781637716,0.0,0.0,0.0,0.0,0.0,0.0,0.0,0.0,2.4813895781637716,69.4789081885856,34.7394540942928,2.4813895781637716,129.03225806451613,0.5877659574468085,4.308510638297872,7.444168734491315,0.0,7.444168734491315,4.962779156327543,14.88833746898263,0.0,14.88833746898263,4.962779156327543,4.962779156327543,2.4813895781637716,4.962779156327543,34.7394540942928,2.4813895781637716,2.4813895781637716,19.851116625310173,0.0,4.962779156327543,2.4813895781637716,12.40694789081886,9.925558312655086,17.3697270471464,0.0,2.4813895781637716
STVQ,9.950248756218905,12.437810945273633,94.5273631840796,0.0,0.0,69.65174129353234,22.388059701492537,4.975124378109452,24.875621890547265,4.975124378109452,4.975124378109452,0.0,19.90049751243781,9.950248756218905,0.0,146.76616915422886,4.975124378109452,0.0,42.28855721393035,9.950248756218905,0.0,0.0,4.975124378109452,7.462686567164179,0.0,0.0,0.0,0.0,2.487562189054726,0.0,0.0,0.0,0.0,0.0,0.0,0.0,7.462686567164179,2.487562189054726,84.5771144278607,29.850746268656717,14.925373134328359,116.91542288557214,0.5287958115183246,4.170157068062827,4.975124378109452,0.0,2.487562189054726,2.487562189054726,39.80099502487562,2.487562189054726,2.487562189054726,7.462686567164179,7.462686567164179,9.950248756218905,2.487562189054726,42.28855721393035,9.950248756218905,0.0,47.2636815920398,2.487562189054726,0.0,0.0,7.462686567164179,2.487562189054726,24.875621890547265,0.0,9.950248756218905
SU82,9.876543209876543,9.876543209876543,106.17283950617285,4.938271604938271,2.4691358024691357,44.44444444444444,29.62962962962963,4.938271604938271,24.691358024691358,14.814814814814815,7.407407407407407,0.0,14.814814814814815,7.407407407407407,0.0,145.679012345679,2.4691358024691357,0.0,44.44444444444444,2.4691358024691357,0.0,0.0,4.938271604938271,39.50617283950617,0.0,0.0,0.0,2.4691358024691357,2.4691358024691357,0.0,0.0,0.0,0.0,2.4691358024691357,0.0,0.0,12.345679012345679,4.938271604938271,66.66666666666667,29.62962962962963,9.876543209876543,103.7037037037037,0.5272727272727272,4.127272727272727,0.0,0.0,0.0,4.938271604938271,14.814814814814815,2.4691358024691357,0.0,12.345679012345679,0.0,2.4691358024691357,2.4691358024691357,14.814814814814815,2.4691358024691357,0.0,49.382716049382715,0.0,4.938271604938271,0.0,4.938271604938271,4.938271604938271,24.691358024691358,0.0,7.407407407407407
SU8C,7.389162561576354,19.704433497536947,108.37438423645321,0.0,7.389162561576354,61.576354679802954,4.926108374384237,22.167487684729064,29.556650246305416,2.4630541871921183,0.0,0.0,17.241379310344826,7.389162561576354,2.4630541871921183,184.72906403940885,7.389162561576354,0.0,34.48275862068965,2.4630541871921183,0.0,0.0,2.4630541871921183,22.167487684729064,2.4630541871921183,0.0,0.0,2.4630541871921183,4.926108374384237,0.0,0.0,0.0,0.0,0.0,0.0,0.0,4.926108374384237,14.778325123152708,86.20689655172414,19.704433497536947,0.0,120.6896551724138,0.5171503957783641,4.137203166226913,2.4630541871921183,0.0,4.926108374384237,7.389162561576354,32.01970443349754,2.4630541871921183,12.315270935960593,0.0,4.926108374384237,2.4630541871921183,0.0,17.241379310344826,0.0,4.926108374384237,59.11330049261083,0.0,7.389162561576354,0.0,7.389162561576354,9.852216748768473,27.093596059113302,2.4630541871921183,24.630541871921185
SUVT,19.656019656019655,4.914004914004914,83.53808353808354,4.914004914004914,0.0,61.42506142506143,7.371007371007371,2.457002457002457,36.85503685503686,4.914004914004914,9.828009828009828,7.371007371007371,4.914004914004914,2.457002457002457,2.457002457002457,240.78624078624077,2.457002457002457,0.0,46.68304668304668,0.0,0.0,0.0,0.0,9.828009828009828,2.457002457002457,0.0,0.0,0.0,0.0,0.0,0.0,0.0,0.0,0.0,0.0,2.457002457002457,2.457002457002457,2.457002457002457,95.82309582309583,44.22604422604422,19.656019656019655,90.9090909090909,0.5471204188481675,4.471204188481676,0.0,0.0,7.371007371007371,4.914004914004914,19.656019656019655,0.0,0.0,4.914004914004914,0.0,7.371007371007371,4.914004914004914,22.11302211302211,2.457002457002457,0.0,31.94103194103194,2.457002457002457,0.0,0.0,2.457002457002457,9.828009828009828,17.1990171990172,0.0,7.371007371007371
SV28,12.285012285012284,2.457002457002457,63.88206388206388,2.457002457002457,0.0,61.42506142506143,17.1990171990172,2.457002457002457,22.11302211302211,19.656019656019655,9.828009828009828,12.285012285012284,19.656019656019655,4.914004914004914,4.914004914004914,162.16216216216216,4.914004914004914,0.0,36.85503685503686,4.914004914004914,0.0,0.0,2.457002457002457,12.285012285012284,4.914004914004914,0.0,2.457002457002457,2.457002457002457,0.0,0.0,0.0,0.0,2.457002457002457,0.0,0.0,2.457002457002457,2.457002457002457,4.914004914004914,78.62407862407862,41.76904176904177,12.285012285012284,100.73710073710073,0.5581395348837209,4.118863049095607,2.457002457002457,0.0,7.371007371007371,4.914004914004914,7.371007371007371,0.0,9.828009828009828,14.742014742014742,9.828009828009828,9.828009828009828,2.457002457002457,31.94103194103194,2.457002457002457,0.0,46.68304668304668,2.457002457002457,0.0,0.0,2.457002457002457,4.914004914004914,7.371007371007371,2.457002457002457,14.742014742014742
SVCW,37.406483790523694,4.987531172069826,59.8503740648379,9.975062344139651,2.493765586034913,32.418952618453865,24.93765586034913,4.987531172069826,9.975062344139651,12.468827930174564,7.481296758104738,2.493765586034913,24.93765586034913,2.493765586034913,2.493765586034913,177.05735660847878,7.481296758104738,0.0,34.912718204488776,2.493765586034913,0.0,0.0,7.481296758104738,19.950124688279303,2.493765586034913,0.0,0.0,0.0,2.493765586034913,2.493765586034913,0.0,0.0,2.493765586034913,0.0,0.0,0.0,2.493765586034913,4.987531172069826,94.76309226932668,52.36907730673317,4.987531172069826,114.713216957606,0.5732323232323232,4.292929292929293,2.493765586034913,2.493765586034913,7.481296758104738,4.987531172069826,17.456359102244388,0.0,14.962593516209475,7.481296758104738,0.0,4.987531172069826,2.493765586034913,29.92518703241895,2.493765586034913,4.987531172069826,12.468827930174564,2.493765586034913,0.0,0.0,4.987531172069826,4.987531172069826,9.975062344139651,0.0,0.0
SVET,54.054054054054056,7.371007371007371,44.22604422604422,2.457002457002457,2.457002457002457,41.76904176904177,7.371007371007371,4.914004914004914,31.94103194103194,12.285012285012284,12.285012285012284,0.0,12.285012285012284,7.371007371007371,9.828009828009828,184.27518427518427,2.457002457002457,0.0,51.597051597051596,4.914004914004914,0.0,2.457002457002457,2.457002457002457,12.285012285012284,4.914004914004914,0.0,2.457002457002457,0.0,2.457002457002457,0.0,0.0,0.0,0.0,2.457002457002457,2.457002457002457,4.914004914004914,7.371007371007371,4.914004914004914,78.62407862407862,44.22604422604422,14.742014742014742,85.995085995086,0.5754475703324808,4.373401534526854,2.457002457002457,0.0,9.828009828009828,4.914004914004914,14.742014742014742,0.0,22.11302211302211,9.828009828009828,2.457002457002457,0.0,7.371007371007371,22.11302211302211,4.914004914004914,2.457002457002457,31.94103194103194,0.0,0.0,0.0,4.914004914004914,7.371007371007371,29.484029484029485,0.0,9.828009828009828
SVFD,17.32673267326733,0.0,133.66336633663366,0.0,4.9504950495049505,49.504950495049506,37.12871287128713,42.07920792079208,37.12871287128713,19.801980198019802,2.4752475247524752,0.0,19.801980198019802,4.9504950495049505,4.9504950495049505,143.56435643564356,4.9504950495049505,0.0,69.30693069306932,2.4752475247524752,0.0,0.0,0.0,19.801980198019802,0.0,0.0,0.0,0.0,0.0,0.0,0.0,0.0,0.0,0.0,0.0,0.0,4.9504950495049505,12.376237623762377,59.4059405940594,29.7029702970297,17.32673267326733,103.96039603960395,0.5080645161290323,4.048387096774194,0.0,2.4752475247524752,2.4752475247524752,4.9504950495049505,24.752475247524753,0.0,7.425742574257425,0.0,0.0,2.4752475247524752,2.4752475247524752,37.12871287128713,0.0,0.0,69.30693069306932,0.0,0.0,0.0,0.0,7.425742574257425,27.22772277227723,0.0,14.85148514851485
SVFH,29.41176470588235,14.705882352941176,80.88235294117648,4.901960784313726,4.901960784313726,66.17647058823529,26.96078431372549,2.450980392156863,46.568627450980394,4.901960784313726,7.352941176470588,0.0,17.156862745098042,7.352941176470588,7.352941176470588,149.50980392156862,4.901960784313726,2.450980392156863,49.01960784313725,2.450980392156863,2.450980392156863,0.0,2.450980392156863,14.705882352941176,2.450980392156863,0.0,0.0,4.901960784313726,2.450980392156863,0.0,0.0,0.0,0.0,0.0,0.0,0.0,7.352941176470588,2.450980392156863,68.62745098039217,22.058823529411764,22.058823529411764,107.84313725490196,0.5748663101604278,4.347593582887701,2.450980392156863,0.0,9.803921568627452,7.352941176470588,14.705882352941176,2.450980392156863,12.254901960784313,17.156862745098042,4.901960784313726,7.352941176470588,2.450980392156863,31.862745098039213,0.0,0.0,58.8235294117647,0.0,2.450980392156863,0.0,2.450980392156863,0.0,29.41176470588235,0.0,4.901960784313726
SVKH,36.58536585365854,12.195121951219512,82.92682926829269,2.4390243902439024,0.0,80.48780487804878,17.073170731707318,9.75609756097561,21.95121951219512,7.317073170731708,4.878048780487805,0.0,26.829268292682926,14.634146341463415,0.0,212.1951219512195,4.878048780487805,0.0,26.829268292682926,2.4390243902439024,2.4390243902439024,0.0,4.878048780487805,9.75609756097561,7.317073170731708,0.0,0.0,0.0,7.317073170731708,0.0,0.0,0.0,2.4390243902439024,0.0,0.0,2.4390243902439024,0.0,4.878048780487805,97.5609756097561,29.26829268292683,9.75609756097561,97.5609756097561,0.583554376657825,4.43501326259947,0.0,2.4390243902439024,2.4390243902439024,0.0,14.634146341463415,0.0,24.390243902439025,12.195121951219512,2.4390243902439024,0.0,4.878048780487805,34.146341463414636,0.0,4.878048780487805,51.21951219512195,0.0,0.0,0.0,14.634146341463415,7.317073170731708,4.878048780487805,0.0,12.195121951219512
SVLH,49.62779156327544,4.962779156327543,71.96029776674938,0.0,4.962779156327543,34.7394540942928,14.88833746898263,42.183622828784124,14.88833746898263,14.88833746898263,9.925558312655086,4.962779156327543,29.77667493796526,12.40694789081886,4.962779156327543,161.29032258064515,2.4813895781637716,0.0,44.66501240694789,0.0,0.0,0.0,0.0,12.40694789081886,0.0,0.0,0.0,0.0,4.962779156327543,0.0,7.444168734491315,0.0,2.4813895781637716,4.962779156327543,2.4813895781637716,0.0,0.0,0.0,84.36724565756825,64.51612903225806,12.40694789081886,84.36724565756825,0.5813953488372093,4.503875968992248,2.4813895781637716,0.0,0.0,2.4813895781637716,9.925558312655086,7.444168734491315,9.925558312655086,4.962779156327543,2.4813895781637716,7.444168734491315,7.444168734491315,24.81389578163772,4.962779156327543,2.4813895781637716,24.81389578163772,0.0,2.4813895781637716,0.0,2.4813895781637716,0.0,27.29528535980149,0.0,4.962779156327543
SVLZ,19.464720194647203,0.0,92.45742092457421,2.4330900243309004,4.866180048661801,53.5279805352798,4.866180048661801,9.732360097323602,24.330900243309003,4.866180048661801,0.0,0.0,34.0632603406326,24.330900243309003,0.0,194.64720194647202,4.866180048661801,0.0,31.630170316301705,0.0,0.0,0.0,4.866180048661801,14.598540145985401,0.0,0.0,2.4330900243309004,0.0,7.299270072992701,2.4330900243309004,0.0,0.0,2.4330900243309004,0.0,2.4330900243309004,0.0,2.4330900243309004,4.866180048661801,90.02433090024331,70.5596107055961,7.299270072992701,109.48905109489051,0.5662337662337662,4.542857142857143,0.0,2.4330900243309004,2.4330900243309004,2.4330900243309004,41.3625304136253,2.4330900243309004,4.866180048661801,4.866180048661801,2.4330900243309004,0.0,2.4330900243309004,36.4963503649635,9.732360097323602,4.866180048661801,34.0632603406326,0.0,2.4330900243309004,0.0,4.866180048661801,17.0316301703163,4.866180048661801,0.0,9.732360097323602
SVVK,42.183622828784124,17.3697270471464,54.59057071960298,2.4813895781637716,0.0,57.07196029776674,14.88833746898263,27.29528535980149,37.220843672456574,7.444168734491315,7.444168734491315,2.4813895781637716,17.3697270471464,14.88833746898263,4.962779156327543,151.3647642679901,0.0,0.0,32.25806451612903,0.0,7.444168734491315,0.0,2.4813895781637716,14.88833746898263,0.0,0.0,2.4813895781637716,0.0,2.4813895781637716,0.0,0.0,0.0,0.0,0.0,0.0,0.0,4.962779156327543,2.4813895781637716,89.33002481389578,44.66501240694789,9.925558312655086,101.73697270471465,0.578005115089514,4.728900255754476,2.4813895781637716,0.0,2.4813895781637716,7.444168734491315,27.29528535980149,2.4813895781637716,4.962779156327543,29.77667493796526,0.0,4.962779156327543,4.962779156327543,34.7394540942928,2.4813895781637716,2.4813895781637716,27.29528535980149,0.0,0.0,0.0,7.444168734491315,9.925558312655086,22.332506203473944,0.0,7.444168734491315
SVX4,14.962593516209475,17.456359102244388,72.31920199501248,7.481296758104738,2.493765586034913,44.88778054862843,22.443890274314214,7.481296758104738,24.93765586034913,0.0,7.481296758104738,4.987531172069826,14.962593516209475,14.962593516209475,2.493765586034913,204.48877805486285,7.481296758104738,0.0,27.43142144638404,2.493765586034913,0.0,0.0,0.0,19.950124688279303,2.493765586034913,0.0,0.0,2.493765586034913,0.0,0.0,0.0,0.0,0.0,0.0,0.0,0.0,7.481296758104738,7.481296758104738,107.23192019950125,47.38154613466334,7.481296758104738,87.28179551122194,0.6306068601583114,4.277044854881266,0.0,0.0,0.0,0.0,9.975062344139651,2.493765586034913,7.481296758104738,9.975062344139651,2.493765586034913,4.987531172069826,7.481296758104738,19.950124688279303,0.0,0.0,39.900249376558605,2.493765586034913,4.987531172069826,0.0,2.493765586034913,4.987531172069826,7.481296758104738,0.0,9.975062344139651
SWF6,24.03846153846154,19.230769230769234,91.34615384615384,4.807692307692308,4.807692307692308,81.73076923076923,16.826923076923077,7.211538461538462,16.826923076923077,12.01923076923077,0.0,4.807692307692308,19.230769230769234,2.403846153846154,2.403846153846154,187.5,0.0,0.0,45.67307692307692,4.807692307692308,0.0,0.0,0.0,16.826923076923077,2.403846153846154,0.0,0.0,2.403846153846154,2.403846153846154,0.0,2.403846153846154,0.0,2.403846153846154,2.403846153846154,2.403846153846154,2.403846153846154,0.0,2.403846153846154,76.92307692307693,43.26923076923077,9.615384615384617,93.75,0.5656565656565656,4.19949494949495,0.0,0.0,2.403846153846154,2.403846153846154,26.442307692307693,0.0,2.403846153846154,9.615384615384617,0.0,2.403846153846154,2.403846153846154,36.05769230769231,2.403846153846154,0.0,45.67307692307692,0.0,4.807692307692308,0.0,7.211538461538462,9.615384615384617,9.615384615384617,0.0,9.615384615384617
SWFJ,33.980582524271846,14.563106796116505,89.80582524271844,0.0,4.854368932038835,48.543689320388346,12.135922330097086,7.281553398058253,31.553398058252426,7.281553398058253,7.281553398058253,2.4271844660194173,26.699029126213592,12.135922330097086,0.0,191.74757281553397,7.281553398058253,2.4271844660194173,55.8252427184466,7.281553398058253,4.854368932038835,0.0,0.0,4.854368932038835,2.4271844660194173,0.0,0.0,2.4271844660194173,7.281553398058253,0.0,2.4271844660194173,0.0,0.0,0.0,0.0,0.0,2.4271844660194173,4.854368932038835,101.94174757281553,72.81553398058252,12.135922330097086,84.95145631067962,0.5848563968668408,4.422976501305483,0.0,2.4271844660194173,0.0,2.4271844660194173,21.844660194174757,0.0,2.4271844660194173,2.4271844660194173,0.0,2.4271844660194173,4.854368932038835,33.980582524271846,0.0,0.0,55.8252427184466,0.0,0.0,0.0,9.70873786407767,12.135922330097086,16.990291262135923,0.0,9.70873786407767
SWPV,32.25806451612903,4.962779156327543,66.99751861042184,0.0,9.925558312655086,81.88585607940446,27.29528535980149,9.925558312655086,9.925558312655086,17.3697270471464,19.851116625310173,7.444168734491315,17.3697270471464,7.444168734491315,7.444168734491315,163.77171215880892,0.0,0.0,37.220843672456574,4.962779156327543,0.0,2.4813895781637716,4.962779156327543,27.29528535980149,2.4813895781637716,0.0,0.0,0.0,0.0,0.0,0.0,0.0,2.4813895781637716,0.0,0.0,0.0,7.444168734491315,4.962779156327543,81.88585607940446,24.81389578163772,9.925558312655086,66.99751861042184,0.5208333333333334,4.091145833333333,0.0,0.0,14.88833746898263,2.4813895781637716,4.962779156327543,2.4813895781637716,4.962779156327543,12.40694789081886,0.0,19.851116625310173,0.0,22.332506203473944,4.962779156327543,0.0,34.7394540942928,0.0,2.4813895781637716,0.0,4.962779156327543,9.925558312655086,12.40694789081886,0.0,9.925558312655086
SWWZ,19.950124688279303,14.962593516209475,77.3067331670823,0.0,2.493765586034913,59.8503740648379,24.93765586034913,4.987531172069826,12.468827930174564,9.975062344139651,7.481296758104738,4.987531172069826,12.468827930174564,9.975062344139651,4.987531172069826,184.53865336658353,4.987531172069826,0.0,27.43142144638404,0.0,0.0,0.0,4.987531172069826,17.456359102244388,0.0,0.0,0.0,0.0,0.0,0.0,0.0,0.0,0.0,0.0,0.0,0.0,4.987531172069826,9.975062344139651,77.3067331670823,34.912718204488776,14.962593516209475,77.3067331670823,0.6049046321525886,4.220708446866485,2.493765586034913,2.493765586034913,4.987531172069826,2.493765586034913,7.481296758104738,0.0,9.975062344139651,9.975062344139651,2.493765586034913,7.481296758104738,2.493765586034913,29.92518703241895,4.987531172069826,2.493765586034913,52.36907730673317,0.0,0.0,2.493765586034913,2.493765586034913,4.987531172069826,24.93765586034913,0.0,14.962593516209475
SXAQ,9.685230024213075,4.842615012106537,82.32445520581113,0.0,0.0,33.898305084745765,9.685230024213075,29.055690072639226,29.055690072639226,16.949152542372882,0.0,4.842615012106537,16.949152542372882,21.791767554479417,0.0,179.1767554479419,2.4213075060532687,0.0,38.7409200968523,2.4213075060532687,0.0,0.0,0.0,19.37046004842615,0.0,0.0,0.0,0.0,0.0,0.0,2.4213075060532687,0.0,0.0,0.0,0.0,0.0,4.842615012106537,7.263922518159807,72.63922518159806,50.84745762711865,7.263922518159807,65.37530266343826,0.5289672544080605,4.430730478589421,2.4213075060532687,0.0,2.4213075060532687,2.4213075060532687,4.842615012106537,7.263922518159807,0.0,19.37046004842615,2.4213075060532687,19.37046004842615,2.4213075060532687,43.583535108958834,9.685230024213075,2.4213075060532687,38.7409200968523,2.4213075060532687,0.0,0.0,0.0,12.106537530266344,19.37046004842615,0.0,9.685230024213075
SXCU,21.686746987951807,12.048192771084338,108.43373493975903,0.0,2.4096385542168677,55.42168674698795,28.91566265060241,4.819277108433735,36.144578313253014,14.457831325301205,9.63855421686747,7.228915662650603,9.63855421686747,4.819277108433735,2.4096385542168677,161.4457831325301,0.0,0.0,53.01204819277108,0.0,0.0,0.0,2.4096385542168677,21.686746987951807,2.4096385542168677,0.0,0.0,0.0,0.0,0.0,0.0,0.0,0.0,2.4096385542168677,0.0,4.819277108433735,4.819277108433735,2.4096385542168677,62.65060240963856,24.096385542168676,12.048192771084338,132.53012048192772,0.5447570332480819,4.1994884910485935,2.4096385542168677,0.0,2.4096385542168677,0.0,31.32530120481928,0.0,2.4096385542168677,4.819277108433735,0.0,4.819277108433735,2.4096385542168677,26.50602409638554,2.4096385542168677,0.0,57.83132530120482,4.819277108433735,0.0,2.4096385542168677,7.228915662650603,2.4096385542168677,16.867469879518072,2.4096385542168677,7.228915662650603
SXGX,14.88833746898263,7.444168734491315,94.29280397022333,0.0,7.444168734491315,79.40446650124069,7.444168734491315,7.444168734491315,27.29528535980149,4.962779156327543,2.4813895781637716,2.4813895781637716,9.925558312655086,9.925558312655086,2.4813895781637716,181.14143920595532,2.4813895781637716,0.0,27.29528535980149,0.0,0.0,0.0,2.4813895781637716,14.88833746898263,0.0,0.0,0.0,2.4813895781637716,2.4813895781637716,0.0,0.0,0.0,0.0,0.0,0.0,0.0,4.962779156327543,7.444168734491315,91.81141439205956,47.146401985111666,7.444168734491315,106.69975186104217,0.5974025974025974,4.420779220779221,0.0,2.4813895781637716,0.0,0.0,37.220843672456574,4.962779156327543,19.851116625310173,12.40694789081886,0.0,2.4813895781637716,2.4813895781637716,29.77667493796526,2.4813895781637716,2.4813895781637716,44.66501240694789,2.4813895781637716,2.4813895781637716,0.0,2.4813895781637716,12.40694789081886,24.81389578163772,0.0,17.3697270471464
SXK2,32.17821782178218,9.900990099009901,79.20792079207921,2.4752475247524752,7.425742574257425,47.02970297029703,27.22772277227723,14.85148514851485,32.17821782178218,9.900990099009901,7.425742574257425,2.4752475247524752,9.900990099009901,0.0,0.0,242.57425742574256,2.4752475247524752,0.0,37.12871287128713,2.4752475247524752,0.0,0.0,0.0,22.277227722772277,0.0,0.0,0.0,0.0,0.0,0.0,0.0,0.0,0.0,0.0,0.0,0.0,4.9504950495049505,4.9504950495049505,51.980198019801975,24.752475247524753,4.9504950495049505,106.43564356435644,0.5966386554621849,4.092436974789916,0.0,2.4752475247524752,0.0,0.0,14.85148514851485,7.425742574257425,14.85148514851485,7.425742574257425,2.4752475247524752,2.4752475247524752,9.900990099009901,17.32673267326733,2.4752475247524752,0.0,56.93069306930693,2.4752475247524752,0.0,0.0,2.4752475247524752,0.0,14.85148514851485,2.4752475247524752,14.85148514851485
SXK5,19.184652278177456,9.592326139088728,79.13669064748201,2.398081534772182,4.796163069544364,55.15587529976019,23.980815347721823,2.398081534772182,16.786570743405274,14.388489208633095,2.398081534772182,0.0,23.980815347721823,9.592326139088728,9.592326139088728,167.86570743405278,4.796163069544364,0.0,43.16546762589928,2.398081534772182,0.0,0.0,0.0,16.786570743405274,2.398081534772182,0.0,0.0,0.0,4.796163069544364,0.0,2.398081534772182,0.0,0.0,0.0,0.0,2.398081534772182,4.796163069544364,2.398081534772182,69.54436450839329,35.97122302158273,21.58273381294964,136.6906474820144,0.5566750629722922,4.335012594458438,0.0,0.0,9.592326139088728,7.194244604316547,11.990407673860911,0.0,9.592326139088728,11.990407673860911,2.398081534772182,4.796163069544364,4.796163069544364,26.378896882494004,2.398081534772182,2.398081534772182,45.563549160671464,2.398081534772182,0.0,0.0,7.194244604316547,7.194244604316547,14.388489208633095,2.398081534772182,9.592326139088728
SXLD,29.7029702970297,4.9504950495049505,101.48514851485149,0.0,4.9504950495049505,37.12871287128713,22.277227722772277,22.277227722772277,34.65346534653466,14.85148514851485,9.900990099009901,7.425742574257425,24.752475247524753,19.801980198019802,0.0,170.7920792079208,4.9504950495049505,2.4752475247524752,39.603960396039604,0.0,2.4752475247524752,0.0,9.900990099009901,12.376237623762377,0.0,0.0,0.0,0.0,2.4752475247524752,0.0,0.0,0.0,0.0,0.0,2.4752475247524752,0.0,2.4752475247524752,14.85148514851485,71.78217821782178,29.7029702970297,2.4752475247524752,108.91089108910892,0.5277044854881267,4.361477572559367,4.9504950495049505,0.0,0.0,7.425742574257425,17.32673267326733,2.4752475247524752,9.900990099009901,7.425742574257425,4.9504950495049505,0.0,4.9504950495049505,47.02970297029703,2.4752475247524752,7.425742574257425,54.45544554455446,0.0,2.4752475247524752,0.0,4.9504950495049505,2.4752475247524752,12.376237623762377,0.0,27.22772277227723
SXNE,36.76470588235294,14.705882352941176,75.98039215686273,2.450980392156863,7.352941176470588,63.725490196078425,26.96078431372549,0.0,39.21568627450981,9.803921568627452,4.901960784313726,4.901960784313726,24.509803921568626,4.901960784313726,2.450980392156863,225.49019607843138,7.352941176470588,0.0,46.568627450980394,0.0,0.0,0.0,2.450980392156863,4.901960784313726,2.450980392156863,0.0,0.0,0.0,4.901960784313726,0.0,0.0,0.0,0.0,0.0,0.0,0.0,2.450980392156863,0.0,90.68627450980392,29.41176470588235,12.254901960784313,83.33333333333333,0.5609756097560976,4.170731707317073,0.0,0.0,2.450980392156863,4.901960784313726,17.156862745098042,0.0,7.352941176470588,12.254901960784313,4.901960784313726,4.901960784313726,2.450980392156863,31.862745098039213,0.0,2.450980392156863,49.01960784313725,0.0,0.0,0.0,4.901960784313726,2.450980392156863,17.156862745098042,0.0,7.352941176470588
SXPD,7.177033492822967,7.177033492822967,129.1866028708134,2.3923444976076556,4.784688995215311,45.45454545454545,16.74641148325359,14.354066985645934,47.84688995215311,14.354066985645934,4.784688995215311,7.177033492822967,19.138755980861244,16.74641148325359,0.0,162.67942583732057,0.0,0.0,55.02392344497608,4.784688995215311,0.0,0.0,7.177033492822967,4.784688995215311,0.0,0.0,0.0,0.0,2.3923444976076556,0.0,0.0,0.0,0.0,0.0,0.0,2.3923444976076556,4.784688995215311,7.177033492822967,74.16267942583733,55.02392344497608,14.354066985645934,117.22488038277513,0.5322997416020672,4.30749354005168,0.0,2.3923444976076556,4.784688995215311,0.0,43.0622009569378,0.0,2.3923444976076556,11.961722488038278,0.0,0.0,4.784688995215311,35.88516746411483,4.784688995215311,2.3923444976076556,69.377990430622,0.0,0.0,0.0,2.3923444976076556,2.3923444976076556,26.31578947368421,0.0,16.74641148325359
SXRR,17.0316301703163,4.866180048661801,99.7566909975669,0.0,4.866180048661801,70.5596107055961,19.464720194647203,4.866180048661801,21.897810218978105,7.299270072992701,2.4330900243309004,7.299270072992701,19.464720194647203,9.732360097323602,0.0,194.64720194647202,9.732360097323602,0.0,53.5279805352798,4.866180048661801,0.0,0.0,4.866180048661801,17.0316301703163,0.0,0.0,0.0,0.0,0.0,0.0,2.4330900243309004,0.0,0.0,0.0,2.4330900243309004,0.0,2.4330900243309004,4.866180048661801,58.394160583941606,38.929440389294406,21.897810218978105,116.78832116788321,0.5786666666666667,4.125333333333334,2.4330900243309004,0.0,0.0,2.4330900243309004,21.897810218978105,0.0,9.732360097323602,14.598540145985401,2.4330900243309004,0.0,7.299270072992701,19.464720194647203,2.4330900243309004,0.0,55.961070559610704,0.0,0.0,0.0,2.4330900243309004,4.866180048661801,14.598540145985401,2.4330900243309004,24.330900243309003
SY4A,4.878048780487805,14.634146341463415,131.70731707317074,12.195121951219512,4.878048780487805,51.21951219512195,19.51219512195122,0.0,36.58536585365854,9.75609756097561,17.073170731707318,7.317073170731708,17.073170731707318,9.75609756097561,7.317073170731708,173.17073170731706,9.75609756097561,0.0,63.41463414634146,7.317073170731708,0.0,0.0,2.4390243902439024,14.634146341463415,0.0,0.0,0.0,2.4390243902439024,7.317073170731708,0.0,0.0,0.0,0.0,0.0,0.0,2.4390243902439024,2.4390243902439024,2.4390243902439024,78.04878048780488,36.58536585365854,12.195121951219512,87.80487804878048,0.5405405405405406,4.2405405405405405,0.0,0.0,0.0,0.0,24.390243902439025,4.878048780487805,7.317073170731708,9.75609756097561,0.0,0.0,2.4390243902439024,21.95121951219512,0.0,7.317073170731708,75.60975609756098,0.0,0.0,0.0,4.878048780487805,7.317073170731708,24.390243902439025,2.4390243902439024,14.634146341463415
SYEF,12.40694789081886,4.962779156327543,76.92307692307693,2.4813895781637716,0.0,52.10918114143921,24.81389578163772,24.81389578163772,32.25806451612903,7.444168734491315,4.962779156327543,7.444168734491315,14.88833746898263,12.40694789081886,2.4813895781637716,153.84615384615387,0.0,0.0,42.183622828784124,0.0,0.0,0.0,0.0,14.88833746898263,0.0,0.0,2.4813895781637716,0.0,0.0,0.0,0.0,0.0,0.0,0.0,0.0,0.0,0.0,2.4813895781637716,84.36724565756825,44.66501240694789,19.851116625310173,94.29280397022333,0.5804749340369393,4.158311345646438,2.4813895781637716,0.0,2.4813895781637716,4.962779156327543,14.88833746898263,0.0,4.962779156327543,9.925558312655086,7.444168734491315,17.3697270471464,2.4813895781637716,32.25806451612903,2.4813895781637716,0.0,47.146401985111666,2.4813895781637716,0.0,0.0,7.444168734491315,4.962779156327543,24.81389578163772,0.0,7.444168734491315
SYU7,22.11302211302211,9.828009828009828,71.25307125307125,7.371007371007371,2.457002457002457,56.511056511056516,9.828009828009828,12.285012285012284,34.3980343980344,14.742014742014742,2.457002457002457,4.914004914004914,12.285012285012284,4.914004914004914,0.0,174.44717444717443,12.285012285012284,0.0,44.22604422604422,0.0,2.457002457002457,0.0,0.0,29.484029484029485,0.0,0.0,0.0,0.0,2.457002457002457,0.0,0.0,0.0,0.0,0.0,0.0,0.0,2.457002457002457,7.371007371007371,85.995085995086,34.3980343980344,12.285012285012284,95.82309582309583,0.5452196382428941,4.27906976744186,2.457002457002457,0.0,12.285012285012284,9.828009828009828,22.11302211302211,2.457002457002457,9.828009828009828,7.371007371007371,4.914004914004914,2.457002457002457,0.0,34.3980343980344,2.457002457002457,0.0,44.22604422604422,2.457002457002457,0.0,0.0,2.457002457002457,2.457002457002457,14.742014742014742,0.0,4.914004914004914
SYWB,19.90049751243781,2.487562189054726,64.67661691542288,4.975124378109452,0.0,44.776119402985074,37.31343283582089,0.0,24.875621890547265,14.925373134328359,14.925373134328359,4.975124378109452,14.925373134328359,7.462686567164179,2.487562189054726,191.5422885572139,0.0,0.0,39.80099502487562,4.975124378109452,0.0,0.0,2.487562189054726,14.925373134328359,0.0,0.0,0.0,0.0,0.0,0.0,0.0,0.0,0.0,0.0,2.487562189054726,0.0,2.487562189054726,4.975124378109452,74.62686567164178,29.850746268656717,9.950248756218905,89.55223880597015,0.5052631578947369,4.255263157894737,7.462686567164179,0.0,12.437810945273633,4.975124378109452,9.950248756218905,2.487562189054726,7.462686567164179,22.388059701492537,0.0,7.462686567164179,2.487562189054726,22.388059701492537,2.487562189054726,0.0,44.776119402985074,2.487562189054726,0.0,0.0,7.462686567164179,14.925373134328359,12.437810945273633,0.0,17.412935323383085
SYWF,14.423076923076923,12.01923076923077,86.53846153846153,4.807692307692308,4.807692307692308,57.69230769230769,9.615384615384617,38.46153846153847,36.05769230769231,7.211538461538462,9.615384615384617,4.807692307692308,7.211538461538462,4.807692307692308,2.403846153846154,129.80769230769232,9.615384615384617,0.0,48.07692307692308,0.0,0.0,2.403846153846154,0.0,26.442307692307693,2.403846153846154,0.0,2.403846153846154,0.0,2.403846153846154,0.0,0.0,0.0,0.0,0.0,0.0,2.403846153846154,4.807692307692308,4.807692307692308,64.90384615384616,33.65384615384615,19.230769230769234,115.38461538461539,0.5431472081218274,4.088832487309645,0.0,4.807692307692308,2.403846153846154,4.807692307692308,33.65384615384615,0.0,7.211538461538462,16.826923076923077,2.403846153846154,9.615384615384617,7.211538461538462,31.25,2.403846153846154,0.0,52.88461538461539,0.0,0.0,2.403846153846154,7.211538461538462,2.403846153846154,21.634615384615383,0.0,14.423076923076923
SZ6C,7.462686567164179,4.975124378109452,62.18905472636816,0.0,4.975124378109452,64.67661691542288,2.487562189054726,17.412935323383085,9.950248756218905,9.950248756218905,7.462686567164179,0.0,7.462686567164179,9.950248756218905,0.0,273.6318407960199,0.0,0.0,22.388059701492537,2.487562189054726,0.0,0.0,2.487562189054726,12.437810945273633,2.487562189054726,0.0,2.487562189054726,0.0,0.0,0.0,0.0,0.0,0.0,0.0,0.0,0.0,2.487562189054726,14.925373134328359,47.2636815920398,19.90049751243781,9.950248756218905,74.62686567164178,0.5444743935309974,4.204851752021563,4.975124378109452,2.487562189054726,12.437810945273633,4.975124378109452,4.975124378109452,4.975124378109452,9.950248756218905,29.850746268656717,2.487562189054726,9.950248756218905,2.487562189054726,19.90049751243781,0.0,2.487562189054726,9.950248756218905,4.975124378109452,0.0,0.0,7.462686567164179,7.462686567164179,4.975124378109452,0.0,0.0
SZ7Y,32.01970443349754,7.389162561576354,81.2807881773399,0.0,2.4630541871921183,49.26108374384237,19.704433497536947,0.0,44.33497536945813,7.389162561576354,7.389162561576354,4.926108374384237,17.241379310344826,7.389162561576354,2.4630541871921183,160.0985221674877,9.852216748768473,0.0,44.33497536945813,0.0,0.0,0.0,0.0,19.704433497536947,2.4630541871921183,0.0,2.4630541871921183,0.0,2.4630541871921183,0.0,4.926108374384237,0.0,0.0,2.4630541871921183,0.0,0.0,0.0,0.0,83.74384236453201,19.704433497536947,9.852216748768473,98.52216748768474,0.5463917525773195,4.13659793814433,0.0,2.4630541871921183,19.704433497536947,12.315270935960593,12.315270935960593,2.4630541871921183,24.630541871921185,7.389162561576354,2.4630541871921183,0.0,0.0,32.01970443349754,0.0,0.0,41.87192118226601,0.0,7.389162561576354,0.0,2.4630541871921183,7.389162561576354,17.241379310344826,0.0,7.389162561576354
SZ8H,32.33830845771144,9.950248756218905,74.62686567164178,0.0,4.975124378109452,52.23880597014925,32.33830845771144,42.28855721393035,14.925373134328359,4.975124378109452,14.925373134328359,2.487562189054726,22.388059701492537,7.462686567164179,0.0,159.20398009950247,0.0,0.0,34.82587064676617,2.487562189054726,0.0,0.0,4.975124378109452,12.437810945273633,2.487562189054726,0.0,0.0,0.0,0.0,0.0,2.487562189054726,0.0,0.0,0.0,0.0,2.487562189054726,2.487562189054726,0.0,82.08955223880596,49.75124378109453,19.90049751243781,97.01492537313433,0.5459317585301837,4.532808398950131,0.0,4.975124378109452,7.462686567164179,0.0,14.925373134328359,0.0,14.925373134328359,24.875621890547265,2.487562189054726,4.975124378109452,7.462686567164179,34.82587064676617,2.487562189054726,7.462686567164179,39.80099502487562,0.0,0.0,0.0,12.437810945273633,17.412935323383085,17.412935323383085,2.487562189054726,7.462686567164179
SZ98,62.18905472636816,12.437810945273633,64.67661691542288,4.975124378109452,2.487562189054726,59.701492537313435,34.82587064676617,29.850746268656717,17.412935323383085,7.462686567164179,0.0,0.0,22.388059701492537,12.437810945273633,2.487562189054726,126.86567164179105,7.462686567164179,0.0,54.72636815920398,2.487562189054726,0.0,0.0,0.0,22.388059701492537,2.487562189054726,0.0,0.0,0.0,2.487562189054726,2.487562189054726,0.0,0.0,0.0,0.0,0.0,0.0,0.0,4.975124378109452,64.67661691542288,42.28855721393035,7.462686567164179,116.91542288557214,0.5602094240837696,4.041884816753926,2.487562189054726,2.487562189054726,4.975124378109452,9.950248756218905,19.90049751243781,2.487562189054726,12.437810945273633,12.437810945273633,0.0,2.487562189054726,9.950248756218905,12.437810945273633,4.975124378109452,0.0,47.2636815920398,2.487562189054726,0.0,0.0,7.462686567164179,2.487562189054726,12.437810945273633,0.0,7.462686567164179
SZBR,18.69158878504673,4.672897196261682,98.13084112149532,0.0,2.336448598130841,70.09345794392523,28.037383177570092,23.36448598130841,32.71028037383177,2.336448598130841,2.336448598130841,4.672897196261682,14.018691588785046,14.018691588785046,2.336448598130841,177.57009345794393,11.682242990654204,0.0,53.73831775700935,0.0,0.0,0.0,2.336448598130841,14.018691588785046,2.336448598130841,0.0,0.0,0.0,2.336448598130841,0.0,0.0,0.0,0.0,0.0,0.0,4.672897196261682,4.672897196261682,9.345794392523365,74.76635514018692,39.719626168224295,14.018691588785046,84.11214953271028,0.5525,4.0675,2.336448598130841,0.0,4.672897196261682,0.0,23.36448598130841,0.0,2.336448598130841,14.018691588785046,0.0,2.336448598130841,7.009345794392523,30.373831775700936,0.0,2.336448598130841,53.73831775700935,0.0,0.0,0.0,2.336448598130841,2.336448598130841,21.02803738317757,2.336448598130841,11.682242990654204
SZDA,49.504950495049506,4.9504950495049505,59.4059405940594,4.9504950495049505,2.4752475247524752,59.4059405940594,22.277227722772277,42.07920792079208,22.277227722772277,4.9504950495049505,2.4752475247524752,0.0,7.425742574257425,2.4752475247524752,0.0,188.11881188118812,7.425742574257425,0.0,32.17821782178218,0.0,0.0,0.0,0.0,12.376237623762377,4.9504950495049505,0.0,0.0,0.0,0.0,0.0,0.0,0.0,0.0,0.0,0.0,0.0,4.9504950495049505,4.9504950495049505,84.15841584158416,42.07920792079208,9.900990099009901,86.63366336633663,0.5968992248062015,4.160206718346253,0.0,2.4752475247524752,2.4752475247524752,2.4752475247524752,19.801980198019802,2.4752475247524752,4.9504950495049505,9.900990099009901,2.4752475247524752,4.9504950495049505,7.425742574257425,39.603960396039604,0.0,0.0,24.752475247524753,0.0,2.4752475247524752,0.0,2.4752475247524752,2.4752475247524752,12.376237623762377,0.0,9.900990099009901
SZJ7,26.89486552567237,12.224938875305625,97.799511002445,0.0,9.7799511002445,48.8997555012225,24.44987775061125,31.78484107579462,31.78484107579462,9.7799511002445,2.444987775061125,7.334963325183374,24.44987775061125,9.7799511002445,4.88997555012225,183.37408312958436,12.224938875305625,0.0,44.00977995110025,0.0,0.0,0.0,2.444987775061125,7.334963325183374,4.88997555012225,0.0,0.0,2.444987775061125,2.444987775061125,0.0,0.0,0.0,2.444987775061125,0.0,0.0,0.0,2.444987775061125,7.334963325183374,90.46454767726162,29.339853300733495,4.88997555012225,80.68459657701712,0.572972972972973,4.191891891891892,0.0,2.444987775061125,0.0,4.88997555012225,14.669926650366747,7.334963325183374,9.7799511002445,4.88997555012225,2.444987775061125,9.7799511002445,2.444987775061125,34.229828850855746,0.0,0.0,73.34963325183375,4.88997555012225,4.88997555012225,0.0,4.88997555012225,4.88997555012225,14.669926650366747,0.0,14.669926650366747
SZQX,33.65384615384615,12.01923076923077,108.17307692307693,0.0,12.01923076923077,103.36538461538461,24.03846153846154,0.0,24.03846153846154,7.211538461538462,7.211538461538462,2.403846153846154,19.230769230769234,7.211538461538462,2.403846153846154,153.84615384615387,7.211538461538462,0.0,43.26923076923077,2.403846153846154,0.0,0.0,0.0,12.01923076923077,0.0,0.0,0.0,0.0,0.0,0.0,0.0,0.0,0.0,0.0,0.0,0.0,2.403846153846154,12.01923076923077,52.88461538461539,26.442307692307693,7.211538461538462,134.6153846153846,0.5631313131313131,4.068181818181818,0.0,0.0,4.807692307692308,4.807692307692308,40.86538461538461,7.211538461538462,7.211538461538462,7.211538461538462,2.403846153846154,2.403846153846154,0.0,28.846153846153847,2.403846153846154,0.0,43.26923076923077,2.403846153846154,2.403846153846154,0.0,7.211538461538462,4.807692307692308,31.25,2.403846153846154,4.807692307692308
SZT4,34.313725490196084,12.254901960784313,98.0392156862745,0.0,9.803921568627452,29.41176470588235,17.156862745098042,24.509803921568626,36.76470588235294,12.254901960784313,7.352941176470588,2.450980392156863,14.705882352941176,17.156862745098042,7.352941176470588,171.5686274509804,17.156862745098042,0.0,46.568627450980394,2.450980392156863,4.901960784313726,0.0,0.0,7.352941176470588,0.0,0.0,0.0,0.0,7.352941176470588,0.0,0.0,0.0,0.0,0.0,0.0,4.901960784313726,2.450980392156863,14.705882352941176,95.58823529411764,39.21568627450981,4.901960784313726,100.49019607843138,0.5497382198952879,4.392670157068062,0.0,4.901960784313726,2.450980392156863,4.901960784313726,31.862745098039213,2.450980392156863,12.254901960784313,4.901960784313726,2.450980392156863,2.450980392156863,7.352941176470588,34.313725490196084,0.0,2.450980392156863,56.372549019607845,0.0,2.450980392156863,0.0,2.450980392156863,0.0,9.803921568627452,0.0,12.254901960784313
