doc_id,f_01_past_tense,f_02_perfect_aspect,f_03_present_tense,f_04_place_adverbials,f_05_time_adverbials,f_06_first_person_pronouns,f_07_second_person_pronouns,f_08_third_person_pronouns,f_09_pronoun_it,f_10_demonstrative_pronoun,f_11_indefinite_pronouns,f_12_proverb_do,f_13_wh_question,f_14_nominalizations,f_15_gerunds,f_16_other_nouns,f_17_agentless_passives,f_18_by_passives,f_19_be_main_verb,f_20_existential_there,f_21_that_verb_comp,f_22_that_adj_comp,f_23_wh_clause,f_24_infinitives,f_25_present_participle,f_26_past_participle,f_27_past_participle_whiz,f_28_present_participle_whiz,f_29_that_subj,f_30_that_obj,f_31_wh_subj,f_32_wh_obj,f_33_pied_piping,f_34_sentence_relatives,f_35_because,f_36_though,f_37_if,f_38_other_adv_sub,f_39_prepositions,f_40_adj_attr,f_41_adj_pred,f_42_adverbs,f_43_type_token,f_44_mean_word_length,f_45_conjuncts,f_46_downtoners,f_47_hedges,f_48_amplifiers,f_49_emphatics,f_50_discourse_particles,f_51_demonstratives,f_52_modal_possibility,f_53_modal_necessity,f_54_modal_predictive,f_55_verb_public,f_56_verb_private,f_57_verb_suasive,f_58_verb_seem,f_59_contractions,f_60_that_deletion,f_61_stranded_preposition,f_62_split_infinitive,f_63_split_auxiliary,f_64_phrasal_coordination,f_65_clausal_coordination,f_66_neg_synthetic,f_67_neg_analytic
S26N,75.0,5.0,32.5,5.0,5.0,62.5,25.0,12.5,22.5,10.0,2.5,2.5,10.0,5.0,7.5,192.5,7.5,0.0,27.5,0.0,0.0,0.0,0.0,5.0,0.0,2.5,0.0,0.0,0.0,0.0,0.0,0.0,0.0,0.0,0.0,0.0,0.0,0.0,92.5,45.0,7.5,92.5,0.5766233766233766,4.090909090909091,0.0,2.5,7.5,2.5,25.0,10.0,5.0,2.5,0.0,5.0,5.0,32.5,2.5,0.0,32.5,0.0,5.0,0.0,2.5,7.5,12.5,2.5,12.5
S29Q,52.10918114143921,7.444168734491315,54.59057071960298,2.4813895781637716,4.962779156327543,81.88585607940446,7.444168734491315,9.925558312655086,19.851116625310173,7.444168734491315,7.444168734491315,0.0,17.3697270471464,2.4813895781637716,0.0,245.6575682382134,0.0,0.0,27.29528535980149,0.0,0.0,0.0,4.962779156327543,9.925558312655086,0.0,0.0,7.444168734491315,2.4813895781637716,0.0,0.0,0.0,0.0,0.0,0.0,0.0,0.0,2.4813895781637716,0.0,74.44168734491315,52.10918114143921,7.444168734491315,99.25558312655087,0.6391752577319587,4.234536082474227,0.0,2.4813895781637716,2.4813895781637716,0.0,17.3697270471464,0.0,9.925558312655086,12.40694789081886,0.0,2.4813895781637716,4.962779156327543,22.332506203473944,2.4813895781637716,0.0,27.29528535980149,0.0,0.0,0.0,2.4813895781637716,2.4813895781637716,14.88833746898263,2.4813895781637716,14.88833746898263
S2FQ,46.91358024691358,9.876543209876543,49.382716049382715,2.4691358024691357,4.938271604938271,54.32098765432099,17.28395061728395,4.938271604938271,22.22222222222222,12.345679012345679,0.0,2.4691358024691357,9.876543209876543,22.22222222222222,4.938271604938271,202.46913580246914,7.407407407407407,0.0,22.22222222222222,0.0,0.0,0.0,2.4691358024691357,12.345679012345679,0.0,0.0,0.0,0.0,2.4691358024691357,0.0,0.0,0.0,0.0,0.0,0.0,0.0,4.938271604938271,7.407407407407407,103.7037037037037,37.03703703703704,4.938271604938271,88.88888888888889,0.5846153846153846,4.5948717948717945,0.0,2.4691358024691357,4.938271604938271,0.0,12.345679012345679,0.0,12.345679012345679,17.28395061728395,0.0,4.938271604938271,2.4691358024691357,34.5679012345679,0.0,0.0,34.5679012345679,0.0,0.0,0.0,12.345679012345679,4.938271604938271,7.407407407407407,0.0,12.345679012345679
S2LC,12.468827930174564,0.0,69.82543640897755,2.493765586034913,2.493765586034913,54.86284289276808,22.443890274314214,9.975062344139651,24.93765586034913,4.987531172069826,0.0,0.0,9.975062344139651,7.481296758104738,2.493765586034913,234.41396508728178,2.493765586034913,2.493765586034913,24.93765586034913,0.0,0.0,0.0,2.493765586034913,0.0,0.0,0.0,0.0,2.493765586034913,0.0,0.0,0.0,0.0,0.0,0.0,0.0,0.0,4.987531172069826,7.481296758104738,79.80049875311721,42.394014962593516,7.481296758104738,77.3067331670823,0.6312997347480106,4.259946949602122,2.493765586034913,0.0,4.987531172069826,0.0,4.987531172069826,0.0,0.0,7.481296758104738,2.493765586034913,9.975062344139651,12.468827930174564,24.93765586034913,4.987531172069826,0.0,42.394014962593516,0.0,4.987531172069826,0.0,2.493765586034913,2.493765586034913,14.962593516209475,0.0,4.987531172069826
S2PS,43.90243902439024,9.75609756097561,68.29268292682927,2.4390243902439024,9.75609756097561,58.53658536585366,17.073170731707318,21.95121951219512,24.390243902439025,4.878048780487805,0.0,0.0,17.073170731707318,12.195121951219512,9.75609756097561,195.1219512195122,4.878048780487805,0.0,17.073170731707318,0.0,0.0,0.0,2.4390243902439024,17.073170731707318,0.0,0.0,0.0,2.4390243902439024,0.0,0.0,0.0,0.0,0.0,0.0,0.0,0.0,9.75609756097561,7.317073170731708,97.5609756097561,41.463414634146346,2.4390243902439024,97.5609756097561,0.5954198473282443,4.450381679389313,0.0,4.878048780487805,2.4390243902439024,2.4390243902439024,17.073170731707318,0.0,2.4390243902439024,7.317073170731708,0.0,12.195121951219512,17.073170731707318,24.390243902439025,14.634146341463415,0.0,36.58536585365854,0.0,2.4390243902439024,2.4390243902439024,9.75609756097561,4.878048780487805,12.195121951219512,0.0,7.317073170731708
S2T6,41.76904176904177,12.285012285012284,73.71007371007371,2.457002457002457,9.828009828009828,66.33906633906633,7.371007371007371,7.371007371007371,39.31203931203931,2.457002457002457,7.371007371007371,4.914004914004914,29.484029484029485,9.828009828009828,0.0,167.07616707616708,19.656019656019655,0.0,24.570024570024568,0.0,0.0,0.0,7.371007371007371,19.656019656019655,2.457002457002457,0.0,0.0,0.0,4.914004914004914,0.0,0.0,0.0,0.0,0.0,2.457002457002457,0.0,4.914004914004914,9.828009828009828,68.7960687960688,36.85503685503686,2.457002457002457,100.73710073710073,0.5777202072538861,3.9792746113989637,4.914004914004914,2.457002457002457,0.0,0.0,7.371007371007371,2.457002457002457,12.285012285012284,9.828009828009828,2.457002457002457,7.371007371007371,2.457002457002457,29.484029484029485,2.457002457002457,0.0,51.597051597051596,0.0,0.0,0.0,7.371007371007371,7.371007371007371,27.027027027027028,2.457002457002457,17.1990171990172
S2TP,34.7394540942928,12.40694789081886,96.77419354838709,0.0,7.444168734491315,62.03473945409429,34.7394540942928,22.332506203473944,24.81389578163772,14.88833746898263,7.444168734491315,2.4813895781637716,14.88833746898263,17.3697270471464,2.4813895781637716,156.3275434243176,2.4813895781637716,0.0,34.7394540942928,0.0,0.0,0.0,2.4813895781637716,19.851116625310173,2.4813895781637716,0.0,0.0,2.4813895781637716,0.0,0.0,2.4813895781637716,0.0,0.0,0.0,0.0,0.0,9.925558312655086,0.0,74.44168734491315,39.702233250620345,4.962779156327543,79.40446650124069,0.5552699228791774,4.043701799485861,2.4813895781637716,2.4813895781637716,0.0,0.0,12.40694789081886,4.962779156327543,2.4813895781637716,9.925558312655086,0.0,7.444168734491315,9.925558312655086,37.220843672456574,0.0,2.4813895781637716,34.7394540942928,0.0,0.0,0.0,4.962779156327543,7.444168734491315,12.40694789081886,0.0,2.4813895781637716
S2W4,44.70588235294118,9.411764705882351,82.3529411764706,2.352941176470588,2.352941176470588,89.41176470588236,18.823529411764703,11.76470588235294,14.11764705882353,11.76470588235294,2.352941176470588,7.058823529411765,11.76470588235294,2.352941176470588,2.352941176470588,190.58823529411765,2.352941176470588,0.0,18.823529411764703,2.352941176470588,0.0,0.0,4.705882352941176,25.88235294117647,0.0,0.0,0.0,0.0,0.0,0.0,0.0,0.0,0.0,0.0,2.352941176470588,4.705882352941176,2.352941176470588,9.411764705882351,89.41176470588236,35.294117647058826,9.411764705882351,75.29411764705881,0.5558252427184466,3.8592233009708736,0.0,2.352941176470588,0.0,2.352941176470588,7.058823529411765,0.0,11.76470588235294,4.705882352941176,0.0,0.0,7.058823529411765,18.823529411764703,2.352941176470588,0.0,23.52941176470588,0.0,0.0,0.0,2.352941176470588,4.705882352941176,23.52941176470588,0.0,9.411764705882351
S32W,19.801980198019802,9.900990099009901,99.00990099009901,2.4752475247524752,7.425742574257425,59.4059405940594,27.22772277227723,12.376237623762377,22.277227722772277,4.9504950495049505,0.0,0.0,29.7029702970297,12.376237623762377,7.425742574257425,160.8910891089109,7.425742574257425,0.0,32.17821782178218,2.4752475247524752,2.4752475247524752,0.0,2.4752475247524752,32.17821782178218,2.4752475247524752,0.0,2.4752475247524752,0.0,4.9504950495049505,0.0,2.4752475247524752,0.0,0.0,0.0,2.4752475247524752,0.0,2.4752475247524752,4.9504950495049505,66.83168316831683,47.02970297029703,14.85148514851485,91.58415841584159,0.6005154639175257,4.211340206185567,0.0,4.9504950495049505,0.0,2.4752475247524752,19.801980198019802,2.4752475247524752,4.9504950495049505,12.376237623762377,2.4752475247524752,9.900990099009901,2.4752475247524752,24.752475247524753,0.0,0.0,39.603960396039604,2.4752475247524752,0.0,0.0,2.4752475247524752,4.9504950495049505,9.900990099009901,0.0,12.376237623762377
S37K,27.22772277227723,14.85148514851485,86.63366336633663,2.4752475247524752,4.9504950495049505,47.02970297029703,22.277227722772277,12.376237623762377,19.801980198019802,9.900990099009901,12.376237623762377,2.4752475247524752,12.376237623762377,0.0,0.0,188.11881188118812,9.900990099009901,0.0,47.02970297029703,0.0,2.4752475247524752,0.0,0.0,14.85148514851485,4.9504950495049505,0.0,0.0,0.0,0.0,0.0,0.0,0.0,0.0,0.0,0.0,0.0,4.9504950495049505,2.4752475247524752,84.15841584158416,39.603960396039604,7.425742574257425,126.23762376237624,0.6084656084656085,3.925925925925926,2.4752475247524752,4.9504950495049505,4.9504950495049505,2.4752475247524752,9.900990099009901,2.4752475247524752,2.4752475247524752,0.0,0.0,7.425742574257425,0.0,19.801980198019802,2.4752475247524752,0.0,56.93069306930693,0.0,2.4752475247524752,0.0,2.4752475247524752,4.9504950495049505,12.376237623762377,2.4752475247524752,24.752475247524753
S382,19.90049751243781,7.462686567164179,89.55223880597015,0.0,2.487562189054726,74.62686567164178,49.75124378109453,2.487562189054726,9.950248756218905,7.462686567164179,9.950248756218905,0.0,9.950248756218905,2.487562189054726,2.487562189054726,194.02985074626866,2.487562189054726,0.0,37.31343283582089,0.0,0.0,0.0,4.975124378109452,17.412935323383085,4.975124378109452,0.0,4.975124378109452,0.0,0.0,0.0,0.0,0.0,0.0,0.0,2.487562189054726,0.0,4.975124378109452,4.975124378109452,74.62686567164178,29.850746268656717,14.925373134328359,99.50248756218906,0.5848563968668408,4.206266318537859,0.0,4.975124378109452,12.437810945273633,4.975124378109452,14.925373134328359,2.487562189054726,7.462686567164179,9.950248756218905,0.0,9.950248756218905,0.0,34.82587064676617,2.487562189054726,0.0,42.28855721393035,2.487562189054726,0.0,0.0,9.950248756218905,2.487562189054726,2.487562189054726,0.0,12.437810945273633
S38P,34.313725490196084,14.705882352941176,68.62745098039217,0.0,2.450980392156863,49.01960784313725,31.862745098039213,19.607843137254903,17.156862745098042,4.901960784313726,4.901960784313726,9.803921568627452,14.705882352941176,4.901960784313726,7.352941176470588,174.01960784313724,14.705882352941176,0.0,24.509803921568626,0.0,0.0,0.0,2.450980392156863,17.156862745098042,2.450980392156863,2.450980392156863,0.0,0.0,0.0,0.0,0.0,0.0,0.0,0.0,0.0,2.450980392156863,2.450980392156863,4.901960784313726,88.23529411764706,34.313725490196084,0.0,98.0392156862745,0.5590551181102362,3.8897637795275593,2.450980392156863,4.901960784313726,0.0,0.0,19.607843137254903,2.450980392156863,12.254901960784313,4.901960784313726,0.0,4.901960784313726,2.450980392156863,19.607843137254903,0.0,0.0,61.27450980392157,0.0,0.0,0.0,7.352941176470588,2.450980392156863,22.058823529411764,0.0,24.509803921568626
S3AV,24.330900243309003,9.732360097323602,70.5596107055961,2.4330900243309004,2.4330900243309004,58.394160583941606,26.7639902676399,14.598540145985401,21.897810218978105,14.598540145985401,7.299270072992701,7.299270072992701,9.732360097323602,4.866180048661801,2.4330900243309004,172.74939172749393,7.299270072992701,0.0,29.197080291970803,2.4330900243309004,0.0,0.0,7.299270072992701,7.299270072992701,0.0,0.0,0.0,4.866180048661801,0.0,0.0,0.0,0.0,0.0,0.0,0.0,0.0,4.866180048661801,2.4330900243309004,82.7250608272506,38.929440389294406,9.732360097323602,87.59124087591242,0.6145833333333334,4.315104166666667,0.0,0.0,2.4330900243309004,0.0,14.598540145985401,2.4330900243309004,4.866180048661801,7.299270072992701,2.4330900243309004,26.7639902676399,4.866180048661801,26.7639902676399,0.0,2.4330900243309004,60.82725060827251,0.0,0.0,0.0,4.866180048661801,4.866180048661801,9.732360097323602,2.4330900243309004,14.598540145985401
S3C6,14.962593516209475,9.975062344139651,87.28179551122194,2.493765586034913,4.987531172069826,67.33167082294264,14.962593516209475,4.987531172069826,22.443890274314214,2.493765586034913,7.481296758104738,0.0,17.456359102244388,2.493765586034913,4.987531172069826,194.51371571072318,7.481296758104738,0.0,29.92518703241895,2.493765586034913,0.0,0.0,4.987531172069826,17.456359102244388,0.0,0.0,0.0,0.0,2.493765586034913,0.0,0.0,0.0,0.0,0.0,0.0,0.0,4.987531172069826,4.987531172069826,99.75062344139651,44.88778054862843,0.0,117.20698254364089,0.6052631578947368,4.292105263157895,2.493765586034913,4.987531172069826,4.987531172069826,4.987531172069826,17.456359102244388,2.493765586034913,7.481296758104738,9.975062344139651,7.481296758104738,7.481296758104738,4.987531172069826,34.912718204488776,2.493765586034913,0.0,49.87531172069826,2.493765586034913,0.0,0.0,2.493765586034913,0.0,7.481296758104738,2.493765586034913,27.43142144638404
S3CP,32.7455919395466,7.556675062972292,83.1234256926952,0.0,2.5188916876574305,83.1234256926952,30.226700251889167,2.5188916876574305,32.7455919395466,0.0,2.5188916876574305,2.5188916876574305,10.075566750629722,5.037783375314861,0.0,153.6523929471033,7.556675062972292,0.0,27.707808564231737,2.5188916876574305,0.0,0.0,2.5188916876574305,12.594458438287154,2.5188916876574305,0.0,0.0,0.0,2.5188916876574305,0.0,0.0,0.0,0.0,0.0,0.0,5.037783375314861,20.151133501259444,12.594458438287154,70.52896725440806,30.226700251889167,15.113350125944583,75.56675062972293,0.6122994652406417,3.8181818181818183,0.0,0.0,0.0,0.0,10.075566750629722,7.556675062972292,5.037783375314861,10.075566750629722,2.5188916876574305,2.5188916876574305,5.037783375314861,25.188916876574307,0.0,2.5188916876574305,65.4911838790932,0.0,0.0,0.0,2.5188916876574305,2.5188916876574305,5.037783375314861,0.0,17.632241813602015
S3GS,12.224938875305625,7.334963325183374,112.46943765281173,2.444987775061125,4.88997555012225,63.56968215158924,24.44987775061125,4.88997555012225,44.00977995110025,7.334963325183374,9.7799511002445,0.0,14.669926650366747,4.88997555012225,2.444987775061125,156.479217603912,4.88997555012225,0.0,44.00977995110025,0.0,0.0,0.0,2.444987775061125,14.669926650366747,2.444987775061125,0.0,2.444987775061125,0.0,4.88997555012225,0.0,0.0,0.0,0.0,0.0,0.0,0.0,7.334963325183374,2.444987775061125,58.67970660146699,26.89486552567237,19.559902200489,124.69437652811736,0.5345744680851063,4.156914893617022,0.0,0.0,4.88997555012225,0.0,19.559902200489,2.444987775061125,0.0,4.88997555012225,0.0,9.7799511002445,2.444987775061125,41.56479217603912,0.0,0.0,75.79462102689487,0.0,2.444987775061125,0.0,4.88997555012225,0.0,19.559902200489,0.0,39.119804400978
S3RL,66.83168316831683,4.9504950495049505,54.45544554455446,4.9504950495049505,2.4752475247524752,61.88118811881188,29.7029702970297,12.376237623762377,19.801980198019802,7.425742574257425,9.900990099009901,0.0,14.85148514851485,0.0,2.4752475247524752,207.9207920792079,0.0,0.0,37.12871287128713,0.0,0.0,0.0,0.0,9.900990099009901,2.4752475247524752,0.0,0.0,0.0,0.0,0.0,2.4752475247524752,0.0,0.0,2.4752475247524752,0.0,0.0,4.9504950495049505,9.900990099009901,99.00990099009901,49.504950495049506,9.900990099009901,74.25742574257426,0.6096938775510204,4.316326530612245,0.0,0.0,0.0,0.0,9.900990099009901,0.0,12.376237623762377,4.9504950495049505,0.0,2.4752475247524752,7.425742574257425,24.752475247524753,7.425742574257425,0.0,27.22772277227723,2.4752475247524752,0.0,0.0,2.4752475247524752,2.4752475247524752,14.85148514851485,2.4752475247524752,9.900990099009901
S452,17.32673267326733,14.85148514851485,81.68316831683168,0.0,9.900990099009901,59.4059405940594,7.425742574257425,9.900990099009901,29.7029702970297,4.9504950495049505,4.9504950495049505,12.376237623762377,12.376237623762377,2.4752475247524752,2.4752475247524752,195.54455445544556,9.900990099009901,0.0,44.554455445544555,0.0,0.0,0.0,4.9504950495049505,24.752475247524753,0.0,0.0,0.0,2.4752475247524752,0.0,0.0,0.0,0.0,0.0,0.0,0.0,2.4752475247524752,4.9504950495049505,7.425742574257425,66.83168316831683,37.12871287128713,14.85148514851485,69.30693069306932,0.6199460916442049,3.9326145552560647,4.9504950495049505,0.0,2.4752475247524752,0.0,17.32673267326733,4.9504950495049505,4.9504950495049505,4.9504950495049505,0.0,7.425742574257425,7.425742574257425,7.425742574257425,2.4752475247524752,0.0,64.35643564356435,0.0,0.0,2.4752475247524752,7.425742574257425,2.4752475247524752,12.376237623762377,2.4752475247524752,2.4752475247524752
S46Q,42.821158690176325,10.075566750629722,62.97229219143577,2.5188916876574305,7.556675062972292,42.821158690176325,17.632241813602015,7.556675062972292,20.151133501259444,10.075566750629722,17.632241813602015,5.037783375314861,15.113350125944583,5.037783375314861,2.5188916876574305,209.06801007556675,0.0,2.5188916876574305,32.7455919395466,0.0,0.0,0.0,2.5188916876574305,7.556675062972292,2.5188916876574305,0.0,0.0,0.0,7.556675062972292,0.0,0.0,0.0,0.0,2.5188916876574305,0.0,0.0,0.0,5.037783375314861,103.27455919395466,35.26448362720403,5.037783375314861,110.83123425692695,0.6157894736842106,4.2894736842105265,5.037783375314861,2.5188916876574305,0.0,5.037783375314861,12.594458438287154,0.0,7.556675062972292,7.556675062972292,0.0,5.037783375314861,2.5188916876574305,22.670025188916874,0.0,0.0,32.7455919395466,5.037783375314861,0.0,0.0,5.037783375314861,7.556675062972292,2.5188916876574305,0.0,22.670025188916874
S4C2,40.0,7.5,90.0,5.0,5.0,57.5,5.0,45.0,20.0,0.0,7.5,7.5,17.5,5.0,2.5,192.5,2.5,0.0,57.5,0.0,0.0,0.0,2.5,15.0,0.0,0.0,0.0,0.0,0.0,0.0,5.0,0.0,0.0,0.0,5.0,0.0,0.0,7.5,72.5,27.5,10.0,120.0,0.6036745406824147,4.296587926509186,0.0,0.0,2.5,0.0,20.0,2.5,10.0,12.5,0.0,5.0,2.5,32.5,2.5,0.0,40.0,0.0,0.0,0.0,7.5,2.5,5.0,2.5,15.0
S4CU,47.61904761904761,2.506265664160401,52.63157894736842,5.012531328320802,12.531328320802004,62.65664160401002,12.531328320802004,2.506265664160401,17.543859649122805,12.531328320802004,7.518796992481203,2.506265664160401,15.037593984962406,2.506265664160401,2.506265664160401,208.02005012531328,5.012531328320802,2.506265664160401,37.59398496240601,0.0,0.0,0.0,2.506265664160401,17.543859649122805,5.012531328320802,0.0,0.0,0.0,0.0,0.0,0.0,0.0,0.0,0.0,0.0,0.0,0.0,5.012531328320802,120.30075187969925,40.100250626566414,2.506265664160401,100.25062656641603,0.595360824742268,4.126288659793815,0.0,0.0,0.0,5.012531328320802,15.037593984962406,2.506265664160401,17.543859649122805,0.0,0.0,0.0,2.506265664160401,15.037593984962406,10.025062656641603,0.0,22.55639097744361,0.0,2.506265664160401,0.0,2.506265664160401,5.012531328320802,10.025062656641603,0.0,10.025062656641603
S4PF,36.58536585365854,14.634146341463415,87.80487804878048,0.0,4.878048780487805,80.48780487804878,29.26829268292683,7.317073170731708,14.634146341463415,7.317073170731708,7.317073170731708,9.75609756097561,17.073170731707318,2.4390243902439024,9.75609756097561,207.3170731707317,2.4390243902439024,0.0,26.829268292682926,0.0,0.0,0.0,9.75609756097561,17.073170731707318,0.0,0.0,0.0,0.0,0.0,2.4390243902439024,0.0,0.0,0.0,0.0,0.0,2.4390243902439024,0.0,12.195121951219512,68.29268292682927,29.26829268292683,7.317073170731708,112.19512195121952,0.6139896373056994,4.274611398963731,0.0,0.0,12.195121951219512,4.878048780487805,12.195121951219512,2.4390243902439024,7.317073170731708,7.317073170731708,2.4390243902439024,7.317073170731708,7.317073170731708,48.78048780487805,2.4390243902439024,0.0,51.21951219512195,2.4390243902439024,0.0,0.0,7.317073170731708,7.317073170731708,17.073170731707318,0.0,14.634146341463415
S4QF,37.03703703703704,12.345679012345679,59.25925925925926,2.4691358024691357,9.876543209876543,71.60493827160494,19.753086419753085,2.4691358024691357,17.28395061728395,7.407407407407407,2.4691358024691357,0.0,14.814814814814815,0.0,0.0,180.2469135802469,9.876543209876543,0.0,34.5679012345679,2.4691358024691357,0.0,0.0,2.4691358024691357,14.814814814814815,2.4691358024691357,0.0,2.4691358024691357,0.0,4.938271604938271,0.0,0.0,0.0,0.0,0.0,0.0,2.4691358024691357,7.407407407407407,9.876543209876543,76.54320987654322,32.098765432098766,9.876543209876543,111.1111111111111,0.5793650793650794,3.67989417989418,0.0,0.0,2.4691358024691357,0.0,19.753086419753085,2.4691358024691357,9.876543209876543,7.407407407407407,0.0,12.345679012345679,4.938271604938271,24.691358024691358,2.4691358024691357,0.0,76.54320987654322,0.0,2.4691358024691357,0.0,4.938271604938271,0.0,9.876543209876543,2.4691358024691357,14.814814814814815
S4RF,25.252525252525253,10.101010101010102,93.43434343434343,0.0,5.050505050505051,45.45454545454545,42.92929292929293,15.151515151515152,22.727272727272727,15.151515151515152,7.575757575757576,7.575757575757576,30.303030303030305,22.727272727272727,5.050505050505051,176.76767676767676,0.0,0.0,27.777777777777775,0.0,0.0,0.0,0.0,7.575757575757576,0.0,0.0,0.0,0.0,7.575757575757576,0.0,5.050505050505051,0.0,0.0,0.0,0.0,0.0,2.5252525252525255,0.0,88.38383838383838,53.03030303030303,5.050505050505051,78.28282828282829,0.6005291005291006,4.701058201058201,0.0,0.0,7.575757575757576,2.5252525252525255,7.575757575757576,5.050505050505051,7.575757575757576,12.626262626262626,0.0,2.5252525252525255,7.575757575757576,7.575757575757576,0.0,0.0,42.92929292929293,0.0,2.5252525252525255,0.0,5.050505050505051,10.101010101010102,20.202020202020204,0.0,15.151515151515152
S4ZA,35.37735849056604,11.79245283018868,61.320754716981135,0.0,9.433962264150942,89.62264150943396,37.73584905660377,2.3584905660377355,28.30188679245283,4.716981132075471,18.867924528301884,4.716981132075471,9.433962264150942,0.0,2.3584905660377355,165.0943396226415,2.3584905660377355,0.0,30.660377358490567,0.0,0.0,0.0,4.716981132075471,16.50943396226415,4.716981132075471,0.0,0.0,0.0,0.0,0.0,0.0,0.0,0.0,0.0,2.3584905660377355,0.0,7.0754716981132075,4.716981132075471,101.41509433962264,40.094339622641506,4.716981132075471,106.13207547169812,0.5785536159600998,4.0448877805486285,2.3584905660377355,4.716981132075471,0.0,0.0,25.943396226415096,0.0,18.867924528301884,11.79245283018868,0.0,11.79245283018868,4.716981132075471,23.58490566037736,0.0,0.0,51.88679245283019,0.0,4.716981132075471,0.0,9.433962264150942,4.716981132075471,11.79245283018868,4.716981132075471,16.50943396226415
S57J,41.87192118226601,7.389162561576354,78.81773399014779,0.0,9.852216748768473,78.81773399014779,41.87192118226601,24.630541871921185,14.778325123152708,12.315270935960593,9.852216748768473,12.315270935960593,14.778325123152708,4.926108374384237,0.0,187.19211822660097,2.4630541871921183,2.4630541871921183,46.79802955665024,0.0,0.0,0.0,0.0,19.704433497536947,0.0,0.0,0.0,0.0,0.0,0.0,2.4630541871921183,0.0,0.0,0.0,0.0,0.0,7.389162561576354,0.0,71.42857142857143,34.48275862068965,9.852216748768473,88.66995073891626,0.5602094240837696,4.112565445026178,0.0,0.0,4.926108374384237,0.0,24.630541871921185,4.926108374384237,0.0,9.852216748768473,0.0,9.852216748768473,7.389162561576354,19.704433497536947,0.0,2.4630541871921183,56.65024630541872,0.0,2.4630541871921183,0.0,0.0,0.0,12.315270935960593,0.0,4.926108374384237
S59W,49.62779156327544,4.962779156327543,57.07196029776674,2.4813895781637716,9.925558312655086,66.99751861042184,12.40694789081886,24.81389578163772,24.81389578163772,12.40694789081886,4.962779156327543,2.4813895781637716,7.444168734491315,2.4813895781637716,0.0,196.02977667493795,2.4813895781637716,0.0,37.220843672456574,0.0,0.0,0.0,2.4813895781637716,12.40694789081886,0.0,0.0,0.0,0.0,2.4813895781637716,0.0,0.0,0.0,0.0,0.0,2.4813895781637716,0.0,7.444168734491315,2.4813895781637716,74.44168734491315,37.220843672456574,4.962779156327543,91.81141439205956,0.5857519788918206,3.970976253298153,0.0,2.4813895781637716,0.0,0.0,7.444168734491315,0.0,22.332506203473944,2.4813895781637716,2.4813895781637716,9.925558312655086,12.40694789081886,24.81389578163772,4.962779156327543,0.0,52.10918114143921,0.0,2.4813895781637716,0.0,0.0,0.0,14.88833746898263,7.444168734491315,27.29528535980149
S5ER,18.95734597156398,7.109004739336492,78.19905213270142,7.109004739336492,4.739336492890995,63.98104265402843,28.43601895734597,49.76303317535545,18.95734597156398,16.587677725118485,4.739336492890995,2.3696682464454977,16.587677725118485,7.109004739336492,0.0,144.54976303317534,0.0,0.0,33.17535545023697,0.0,0.0,0.0,2.3696682464454977,28.43601895734597,9.47867298578199,0.0,0.0,0.0,0.0,0.0,0.0,0.0,0.0,0.0,0.0,0.0,0.0,14.218009478672984,97.1563981042654,23.696682464454973,7.109004739336492,73.45971563981043,0.5221674876847291,3.9753694581280787,4.739336492890995,0.0,0.0,0.0,11.848341232227487,0.0,2.3696682464454977,11.848341232227487,2.3696682464454977,11.848341232227487,4.739336492890995,33.17535545023697,2.3696682464454977,0.0,37.91469194312796,7.109004739336492,2.3696682464454977,0.0,2.3696682464454977,7.109004739336492,11.848341232227487,2.3696682464454977,4.739336492890995
S5J8,62.03473945409429,4.962779156327543,49.62779156327544,4.962779156327543,22.332506203473944,66.99751861042184,24.81389578163772,7.444168734491315,19.851116625310173,9.925558312655086,0.0,2.4813895781637716,22.332506203473944,2.4813895781637716,2.4813895781637716,186.1042183622829,2.4813895781637716,2.4813895781637716,27.29528535980149,0.0,0.0,0.0,2.4813895781637716,9.925558312655086,0.0,0.0,0.0,0.0,0.0,0.0,2.4813895781637716,0.0,0.0,0.0,0.0,0.0,2.4813895781637716,7.444168734491315,74.44168734491315,52.10918114143921,0.0,106.69975186104217,0.561038961038961,3.890909090909091,2.4813895781637716,7.444168734491315,2.4813895781637716,0.0,4.962779156327543,4.962779156327543,2.4813895781637716,9.925558312655086,2.4813895781637716,2.4813895781637716,2.4813895781637716,17.3697270471464,0.0,0.0,34.7394540942928,0.0,0.0,0.0,7.444168734491315,0.0,17.3697270471464,0.0,17.3697270471464
S5PW,64.83790523690773,7.481296758104738,62.34413965087282,7.481296758104738,2.493765586034913,94.76309226932668,17.456359102244388,9.975062344139651,14.962593516209475,4.987531172069826,7.481296758104738,2.493765586034913,29.92518703241895,0.0,4.987531172069826,182.04488778054863,2.493765586034913,0.0,29.92518703241895,4.987531172069826,0.0,0.0,7.481296758104738,24.93765586034913,2.493765586034913,0.0,0.0,0.0,2.493765586034913,0.0,4.987531172069826,0.0,0.0,0.0,0.0,2.493765586034913,0.0,2.493765586034913,74.81296758104739,34.912718204488776,2.493765586034913,89.77556109725685,0.5879265091863517,3.9396325459317585,0.0,2.493765586034913,0.0,2.493765586034913,12.468827930174564,0.0,9.975062344139651,9.975062344139651,2.493765586034913,2.493765586034913,14.962593516209475,17.456359102244388,2.493765586034913,0.0,44.88778054862843,0.0,0.0,0.0,4.987531172069826,7.481296758104738,9.975062344139651,2.493765586034913,19.950124688279303
S5QP,36.58536585365854,9.75609756097561,58.53658536585366,2.4390243902439024,9.75609756097561,46.34146341463415,36.58536585365854,4.878048780487805,9.75609756097561,4.878048780487805,4.878048780487805,2.4390243902439024,19.51219512195122,0.0,0.0,197.5609756097561,4.878048780487805,0.0,21.95121951219512,0.0,0.0,0.0,0.0,17.073170731707318,2.4390243902439024,0.0,0.0,0.0,0.0,0.0,2.4390243902439024,0.0,0.0,0.0,0.0,0.0,7.317073170731708,2.4390243902439024,68.29268292682927,31.70731707317073,0.0,102.4390243902439,0.6102564102564103,3.928205128205128,0.0,0.0,0.0,0.0,4.878048780487805,0.0,14.634146341463415,7.317073170731708,0.0,9.75609756097561,12.195121951219512,12.195121951219512,0.0,0.0,51.21951219512195,0.0,0.0,0.0,2.4390243902439024,4.878048780487805,19.51219512195122,0.0,17.073170731707318
S63L,7.407407407407407,24.691358024691358,111.1111111111111,0.0,2.4691358024691357,69.1358024691358,54.32098765432099,2.4691358024691357,17.28395061728395,17.28395061728395,4.938271604938271,4.938271604938271,22.22222222222222,2.4691358024691357,2.4691358024691357,148.14814814814815,0.0,0.0,34.5679012345679,2.4691358024691357,0.0,2.4691358024691357,0.0,34.5679012345679,0.0,0.0,0.0,0.0,7.407407407407407,0.0,2.4691358024691357,0.0,0.0,0.0,0.0,0.0,4.938271604938271,2.4691358024691357,76.54320987654322,49.382716049382715,14.814814814814815,59.25925925925926,0.484375,4.330729166666667,2.4691358024691357,0.0,2.4691358024691357,2.4691358024691357,19.753086419753085,0.0,7.407407407407407,9.876543209876543,0.0,12.345679012345679,4.938271604938271,32.098765432098766,0.0,0.0,51.85185185185185,0.0,2.4691358024691357,0.0,4.938271604938271,24.691358024691358,19.753086419753085,0.0,4.938271604938271
S66F,27.160493827160494,7.407407407407407,81.4814814814815,0.0,2.4691358024691357,71.60493827160494,22.22222222222222,4.938271604938271,24.691358024691358,14.814814814814815,7.407407407407407,9.876543209876543,19.753086419753085,0.0,0.0,185.18518518518516,2.4691358024691357,0.0,34.5679012345679,0.0,0.0,0.0,2.4691358024691357,12.345679012345679,0.0,0.0,0.0,0.0,0.0,0.0,0.0,0.0,0.0,0.0,0.0,0.0,14.814814814814815,9.876543209876543,66.66666666666667,49.382716049382715,12.345679012345679,79.01234567901234,0.5796344647519582,3.838120104438642,0.0,0.0,0.0,0.0,14.814814814814815,2.4691358024691357,2.4691358024691357,4.938271604938271,2.4691358024691357,9.876543209876543,12.345679012345679,12.345679012345679,0.0,0.0,54.32098765432099,0.0,2.4691358024691357,0.0,4.938271604938271,7.407407407407407,22.22222222222222,4.938271604938271,12.345679012345679
S6A7,70.17543859649122,5.012531328320802,57.64411027568922,0.0,5.012531328320802,77.69423558897243,35.08771929824561,15.037593984962406,22.55639097744361,5.012531328320802,5.012531328320802,7.518796992481203,15.037593984962406,7.518796992481203,5.012531328320802,137.84461152882204,7.518796992481203,0.0,32.581453634085214,0.0,0.0,0.0,5.012531328320802,20.050125313283207,0.0,0.0,0.0,0.0,5.012531328320802,0.0,0.0,0.0,0.0,0.0,2.506265664160401,0.0,0.0,7.518796992481203,72.68170426065163,27.56892230576441,10.025062656641603,100.25062656641603,0.5492227979274611,3.981865284974093,5.012531328320802,0.0,7.518796992481203,0.0,25.062656641604008,2.506265664160401,17.543859649122805,15.037593984962406,7.518796992481203,2.506265664160401,5.012531328320802,32.581453634085214,5.012531328320802,2.506265664160401,27.56892230576441,7.518796992481203,5.012531328320802,0.0,10.025062656641603,2.506265664160401,7.518796992481203,0.0,12.531328320802004
S6TR,16.908212560386474,2.4154589371980677,132.85024154589374,0.0,0.0,115.94202898550725,14.492753623188406,7.246376811594203,36.231884057971016,12.077294685990339,0.0,2.4154589371980677,9.66183574879227,4.830917874396135,2.4154589371980677,108.69565217391305,2.4154589371980677,0.0,55.55555555555555,0.0,0.0,2.4154589371980677,0.0,16.908212560386474,0.0,0.0,0.0,0.0,0.0,0.0,2.4154589371980677,0.0,0.0,0.0,2.4154589371980677,0.0,9.66183574879227,7.246376811594203,57.971014492753625,7.246376811594203,4.830917874396135,103.86473429951691,0.4839572192513369,3.267379679144385,0.0,2.4154589371980677,7.246376811594203,0.0,9.66183574879227,0.0,4.830917874396135,2.4154589371980677,2.4154589371980677,12.077294685990339,2.4154589371980677,28.985507246376812,0.0,0.0,94.20289855072464,0.0,0.0,0.0,4.830917874396135,0.0,33.81642512077295,4.830917874396135,19.32367149758454
S6YA,45.11278195488722,2.506265664160401,62.65664160401002,5.012531328320802,5.012531328320802,80.20050125313283,12.531328320802004,0.0,30.075187969924812,0.0,2.506265664160401,2.506265664160401,17.543859649122805,5.012531328320802,0.0,205.51378446115288,2.506265664160401,0.0,35.08771929824561,0.0,0.0,0.0,2.506265664160401,10.025062656641603,5.012531328320802,0.0,0.0,2.506265664160401,0.0,0.0,0.0,0.0,2.506265664160401,0.0,0.0,5.012531328320802,2.506265664160401,7.518796992481203,90.22556390977444,27.56892230576441,5.012531328320802,87.71929824561403,0.5905511811023622,3.8346456692913384,0.0,2.506265664160401,0.0,0.0,22.55639097744361,0.0,10.025062656641603,5.012531328320802,0.0,2.506265664160401,2.506265664160401,27.56892230576441,2.506265664160401,0.0,30.075187969924812,0.0,2.506265664160401,0.0,5.012531328320802,2.506265664160401,20.050125313283207,5.012531328320802,10.025062656641603
S6ZU,34.48275862068965,4.926108374384237,88.66995073891626,2.4630541871921183,9.852216748768473,39.40886699507389,34.48275862068965,14.778325123152708,51.724137931034484,4.926108374384237,4.926108374384237,2.4630541871921183,14.778325123152708,7.389162561576354,0.0,147.78325123152712,7.389162561576354,0.0,61.576354679802954,4.926108374384237,0.0,0.0,7.389162561576354,19.704433497536947,0.0,0.0,0.0,2.4630541871921183,0.0,0.0,0.0,0.0,0.0,0.0,0.0,0.0,4.926108374384237,12.315270935960593,88.66995073891626,12.315270935960593,12.315270935960593,91.13300492610837,0.5459317585301837,3.942257217847769,2.4630541871921183,2.4630541871921183,2.4630541871921183,0.0,17.241379310344826,0.0,7.389162561576354,4.926108374384237,0.0,9.852216748768473,7.389162561576354,27.093596059113302,0.0,0.0,51.724137931034484,0.0,0.0,0.0,4.926108374384237,2.4630541871921183,22.167487684729064,7.389162561576354,17.241379310344826
S74A,2.487562189054726,2.487562189054726,27.36318407960199,4.975124378109452,2.487562189054726,22.388059701492537,32.33830845771144,4.975124378109452,0.0,4.975124378109452,0.0,2.487562189054726,14.925373134328359,39.80099502487562,7.462686567164179,228.85572139303483,0.0,0.0,17.412935323383085,2.487562189054726,0.0,0.0,4.975124378109452,24.875621890547265,0.0,0.0,4.975124378109452,2.487562189054726,2.487562189054726,0.0,0.0,0.0,0.0,0.0,0.0,0.0,4.975124378109452,4.975124378109452,92.03980099502488,67.16417910447761,9.950248756218905,44.776119402985074,0.5153846153846153,4.971794871794872,0.0,2.487562189054726,0.0,0.0,2.487562189054726,0.0,7.462686567164179,7.462686567164179,0.0,24.875621890547265,4.975124378109452,7.462686567164179,7.462686567164179,0.0,17.412935323383085,0.0,0.0,0.0,0.0,4.975124378109452,4.975124378109452,0.0,2.487562189054726
S784,39.31203931203931,2.457002457002457,95.82309582309583,2.457002457002457,4.914004914004914,41.76904176904177,14.742014742014742,29.484029484029485,46.68304668304668,12.285012285012284,7.371007371007371,0.0,27.027027027027028,9.828009828009828,2.457002457002457,152.33415233415235,12.285012285012284,0.0,39.31203931203931,0.0,0.0,0.0,4.914004914004914,14.742014742014742,0.0,0.0,0.0,0.0,2.457002457002457,0.0,0.0,0.0,0.0,0.0,9.828009828009828,0.0,9.828009828009828,9.828009828009828,76.16707616707617,17.1990171990172,14.742014742014742,113.02211302211303,0.5636363636363636,4.3090909090909095,7.371007371007371,4.914004914004914,0.0,0.0,19.656019656019655,0.0,4.914004914004914,7.371007371007371,0.0,2.457002457002457,14.742014742014742,36.85503685503686,2.457002457002457,0.0,51.597051597051596,2.457002457002457,0.0,0.0,4.914004914004914,4.914004914004914,22.11302211302211,0.0,22.11302211302211
S78E,29.850746268656717,4.975124378109452,84.5771144278607,0.0,0.0,42.28855721393035,4.975124378109452,17.412935323383085,37.31343283582089,7.462686567164179,4.975124378109452,4.975124378109452,9.950248756218905,12.437810945273633,7.462686567164179,176.61691542288557,7.462686567164179,0.0,44.776119402985074,4.975124378109452,0.0,0.0,0.0,27.36318407960199,0.0,0.0,0.0,0.0,0.0,0.0,4.975124378109452,0.0,0.0,0.0,2.487562189054726,0.0,7.462686567164179,9.950248756218905,87.06467661691543,59.701492537313435,7.462686567164179,94.5273631840796,0.5873015873015873,4.203703703703703,0.0,0.0,0.0,0.0,24.875621890547265,0.0,4.975124378109452,7.462686567164179,2.487562189054726,7.462686567164179,2.487562189054726,22.388059701492537,7.462686567164179,2.487562189054726,52.23880597014925,2.487562189054726,2.487562189054726,0.0,2.487562189054726,4.975124378109452,7.462686567164179,2.487562189054726,19.90049751243781
S78H,17.073170731707318,7.317073170731708,95.1219512195122,7.317073170731708,2.4390243902439024,53.65853658536585,24.390243902439025,0.0,36.58536585365854,12.195121951219512,7.317073170731708,2.4390243902439024,14.634146341463415,4.878048780487805,2.4390243902439024,170.7317073170732,4.878048780487805,0.0,48.78048780487805,2.4390243902439024,2.4390243902439024,0.0,0.0,17.073170731707318,0.0,4.878048780487805,2.4390243902439024,0.0,2.4390243902439024,0.0,2.4390243902439024,0.0,0.0,0.0,0.0,2.4390243902439024,0.0,2.4390243902439024,90.24390243902438,53.65853658536585,19.51219512195122,82.92682926829269,0.5739795918367347,4.198979591836735,2.4390243902439024,0.0,2.4390243902439024,2.4390243902439024,21.95121951219512,2.4390243902439024,9.75609756097561,7.317073170731708,0.0,14.634146341463415,0.0,29.26829268292683,2.4390243902439024,2.4390243902439024,43.90243902439024,2.4390243902439024,0.0,0.0,9.75609756097561,2.4390243902439024,29.26829268292683,2.4390243902439024,14.634146341463415
S7MU,42.07920792079208,7.425742574257425,69.30693069306932,4.9504950495049505,0.0,34.65346534653466,17.32673267326733,4.9504950495049505,49.504950495049506,0.0,4.9504950495049505,4.9504950495049505,12.376237623762377,7.425742574257425,4.9504950495049505,193.06930693069307,12.376237623762377,0.0,34.65346534653466,0.0,2.4752475247524752,0.0,0.0,12.376237623762377,0.0,0.0,0.0,4.9504950495049505,4.9504950495049505,0.0,0.0,0.0,0.0,0.0,0.0,0.0,7.425742574257425,7.425742574257425,91.58415841584159,79.20792079207921,2.4752475247524752,61.88118811881188,0.6067708333333334,4.3125,0.0,2.4752475247524752,2.4752475247524752,0.0,9.900990099009901,0.0,19.801980198019802,0.0,2.4752475247524752,12.376237623762377,12.376237623762377,22.277227722772277,2.4752475247524752,0.0,47.02970297029703,0.0,0.0,0.0,2.4752475247524752,4.9504950495049505,7.425742574257425,0.0,12.376237623762377
S7NH,20.0,7.5,92.5,0.0,0.0,75.0,42.5,0.0,17.5,12.5,5.0,5.0,10.0,2.5,0.0,165.0,5.0,0.0,55.0,5.0,0.0,0.0,2.5,17.5,0.0,0.0,0.0,0.0,0.0,0.0,0.0,0.0,0.0,0.0,0.0,0.0,0.0,7.5,85.0,52.5,17.5,75.0,0.5782493368700266,4.018567639257294,0.0,0.0,2.5,0.0,25.0,0.0,10.0,15.0,2.5,7.5,5.0,20.0,0.0,2.5,50.0,0.0,2.5,0.0,5.0,2.5,5.0,2.5,10.0
S7QE,43.90243902439024,4.878048780487805,56.09756097560976,0.0,7.317073170731708,68.29268292682927,7.317073170731708,9.75609756097561,12.195121951219512,4.878048780487805,4.878048780487805,0.0,9.75609756097561,2.4390243902439024,0.0,221.95121951219514,7.317073170731708,0.0,24.390243902439025,0.0,0.0,0.0,2.4390243902439024,14.634146341463415,2.4390243902439024,0.0,0.0,0.0,0.0,0.0,0.0,0.0,0.0,0.0,2.4390243902439024,2.4390243902439024,0.0,7.317073170731708,75.60975609756098,48.78048780487805,2.4390243902439024,104.8780487804878,0.6379746835443038,4.0430379746835445,0.0,4.878048780487805,0.0,0.0,7.317073170731708,0.0,12.195121951219512,4.878048780487805,0.0,7.317073170731708,2.4390243902439024,26.829268292682926,2.4390243902439024,0.0,39.02439024390244,2.4390243902439024,0.0,0.0,7.317073170731708,4.878048780487805,7.317073170731708,0.0,12.195121951219512
S7SU,50.125313283208015,10.025062656641603,45.11278195488722,0.0,2.506265664160401,62.65664160401002,22.55639097744361,17.543859649122805,15.037593984962406,7.518796992481203,0.0,5.012531328320802,17.543859649122805,2.506265664160401,0.0,170.42606516290726,2.506265664160401,0.0,25.062656641604008,0.0,0.0,0.0,0.0,12.531328320802004,0.0,0.0,0.0,0.0,2.506265664160401,0.0,0.0,2.506265664160401,0.0,0.0,2.506265664160401,0.0,0.0,5.012531328320802,82.70676691729322,47.61904761904761,10.025062656641603,77.69423558897243,0.6213333333333333,4.1546666666666665,0.0,2.506265664160401,5.012531328320802,0.0,15.037593984962406,2.506265664160401,2.506265664160401,7.518796992481203,5.012531328320802,10.025062656641603,7.518796992481203,20.050125313283207,0.0,0.0,40.100250626566414,2.506265664160401,2.506265664160401,0.0,2.506265664160401,5.012531328320802,7.518796992481203,0.0,15.037593984962406
S7SZ,47.146401985111666,7.444168734491315,99.25558312655087,0.0,4.962779156327543,79.40446650124069,37.220843672456574,12.40694789081886,32.25806451612903,2.4813895781637716,4.962779156327543,7.444168734491315,27.29528535980149,4.962779156327543,0.0,158.80893300248138,2.4813895781637716,0.0,66.99751861042184,0.0,0.0,0.0,9.925558312655086,22.332506203473944,2.4813895781637716,0.0,0.0,0.0,0.0,0.0,0.0,0.0,0.0,2.4813895781637716,0.0,4.962779156327543,2.4813895781637716,4.962779156327543,71.96029776674938,22.332506203473944,17.3697270471464,116.62531017369727,0.5677083333333334,3.9375,0.0,2.4813895781637716,2.4813895781637716,4.962779156327543,19.851116625310173,0.0,14.88833746898263,0.0,2.4813895781637716,0.0,7.444168734491315,42.183622828784124,0.0,0.0,44.66501240694789,0.0,0.0,0.0,7.444168734491315,2.4813895781637716,22.332506203473944,0.0,17.3697270471464
S85D,43.26923076923077,4.807692307692308,72.11538461538461,0.0,7.211538461538462,88.9423076923077,12.01923076923077,9.615384615384617,24.03846153846154,7.211538461538462,12.01923076923077,7.211538461538462,12.01923076923077,0.0,2.403846153846154,141.82692307692307,0.0,0.0,38.46153846153847,0.0,0.0,0.0,4.807692307692308,19.230769230769234,0.0,0.0,0.0,0.0,0.0,0.0,0.0,0.0,0.0,0.0,0.0,0.0,2.403846153846154,2.403846153846154,88.9423076923077,33.65384615384615,19.230769230769234,122.59615384615384,0.5989974937343359,4.032581453634085,0.0,7.211538461538462,2.403846153846154,0.0,24.03846153846154,2.403846153846154,9.615384615384617,9.615384615384617,2.403846153846154,4.807692307692308,4.807692307692308,16.826923076923077,2.403846153846154,0.0,33.65384615384615,4.807692307692308,2.403846153846154,0.0,7.211538461538462,2.403846153846154,9.615384615384617,0.0,12.01923076923077
S87R,34.82587064676617,9.950248756218905,82.08955223880596,0.0,17.412935323383085,79.60199004975124,22.388059701492537,29.850746268656717,14.925373134328359,22.388059701492537,7.462686567164179,7.462686567164179,27.36318407960199,2.487562189054726,2.487562189054726,136.81592039800995,2.487562189054726,0.0,37.31343283582089,0.0,0.0,0.0,4.975124378109452,17.412935323383085,0.0,0.0,0.0,0.0,0.0,0.0,2.487562189054726,0.0,0.0,2.487562189054726,0.0,0.0,2.487562189054726,7.462686567164179,79.60199004975124,22.388059701492537,4.975124378109452,121.8905472636816,0.5452127659574468,3.904255319148936,0.0,0.0,0.0,0.0,34.82587064676617,0.0,0.0,4.975124378109452,2.487562189054726,7.462686567164179,7.462686567164179,29.850746268656717,2.487562189054726,0.0,62.18905472636816,0.0,2.487562189054726,0.0,4.975124378109452,0.0,22.388059701492537,0.0,19.90049751243781
S8BQ,35.88516746411483,4.784688995215311,93.30143540669856,0.0,0.0,45.45454545454545,28.70813397129187,40.66985645933014,33.49282296650718,9.569377990430622,4.784688995215311,11.961722488038278,33.49282296650718,7.177033492822967,0.0,181.8181818181818,4.784688995215311,0.0,45.45454545454545,2.3923444976076556,2.3923444976076556,0.0,11.961722488038278,23.923444976076556,0.0,0.0,0.0,0.0,0.0,0.0,2.3923444976076556,0.0,0.0,0.0,0.0,0.0,2.3923444976076556,11.961722488038278,81.33971291866028,26.31578947368421,4.784688995215311,76.55502392344498,0.5025641025641026,3.9076923076923076,2.3923444976076556,0.0,2.3923444976076556,0.0,14.354066985645934,7.177033492822967,2.3923444976076556,4.784688995215311,0.0,9.569377990430622,14.354066985645934,33.49282296650718,4.784688995215311,0.0,64.5933014354067,2.3923444976076556,0.0,0.0,0.0,2.3923444976076556,11.961722488038278,0.0,19.138755980861244
S8CV,49.382716049382715,9.876543209876543,41.97530864197531,4.938271604938271,9.876543209876543,61.72839506172839,19.753086419753085,24.691358024691358,24.691358024691358,4.938271604938271,7.407407407407407,17.28395061728395,2.4691358024691357,4.938271604938271,2.4691358024691357,192.59259259259258,0.0,0.0,9.876543209876543,0.0,0.0,0.0,2.4691358024691357,22.22222222222222,0.0,0.0,2.4691358024691357,0.0,0.0,0.0,0.0,0.0,0.0,0.0,0.0,0.0,4.938271604938271,9.876543209876543,108.64197530864197,22.22222222222222,2.4691358024691357,79.01234567901234,0.5948717948717949,4.030769230769231,0.0,2.4691358024691357,2.4691358024691357,0.0,7.407407407407407,0.0,9.876543209876543,7.407407407407407,4.938271604938271,12.345679012345679,7.407407407407407,37.03703703703704,0.0,0.0,32.098765432098766,2.4691358024691357,2.4691358024691357,0.0,4.938271604938271,2.4691358024691357,14.814814814814815,0.0,14.814814814814815
S8JW,21.897810218978105,14.598540145985401,87.59124087591242,2.4330900243309004,2.4330900243309004,68.1265206812652,14.598540145985401,4.866180048661801,26.7639902676399,7.299270072992701,9.732360097323602,0.0,14.598540145985401,2.4330900243309004,4.866180048661801,187.34793187347933,7.299270072992701,0.0,24.330900243309003,0.0,0.0,0.0,4.866180048661801,24.330900243309003,0.0,0.0,0.0,0.0,2.4330900243309004,0.0,0.0,0.0,0.0,2.4330900243309004,0.0,0.0,4.866180048661801,4.866180048661801,72.992700729927,41.3625304136253,12.165450121654501,70.5596107055961,0.6208651399491094,4.129770992366412,0.0,0.0,0.0,0.0,7.299270072992701,2.4330900243309004,7.299270072992701,7.299270072992701,2.4330900243309004,12.165450121654501,0.0,19.464720194647203,0.0,4.866180048661801,41.3625304136253,0.0,0.0,0.0,2.4330900243309004,4.866180048661801,14.598540145985401,0.0,12.165450121654501
S8LG,39.40886699507389,7.389162561576354,73.89162561576356,4.926108374384237,4.926108374384237,34.48275862068965,27.093596059113302,12.315270935960593,22.167487684729064,7.389162561576354,12.315270935960593,7.389162561576354,27.093596059113302,9.852216748768473,2.4630541871921183,187.19211822660097,4.926108374384237,0.0,56.65024630541872,2.4630541871921183,0.0,0.0,0.0,14.778325123152708,0.0,0.0,2.4630541871921183,0.0,0.0,0.0,2.4630541871921183,0.0,0.0,0.0,0.0,0.0,2.4630541871921183,9.852216748768473,73.89162561576356,27.093596059113302,9.852216748768473,118.22660098522167,0.5755208333333334,4.177083333333333,0.0,4.926108374384237,0.0,7.389162561576354,14.778325123152708,2.4630541871921183,2.4630541871921183,9.852216748768473,2.4630541871921183,12.315270935960593,0.0,14.778325123152708,2.4630541871921183,0.0,39.40886699507389,0.0,2.4630541871921183,0.0,0.0,4.926108374384237,19.704433497536947,0.0,7.389162561576354
S8PT,42.45283018867924,4.716981132075471,73.11320754716981,0.0,9.433962264150942,77.83018867924528,9.433962264150942,14.150943396226415,11.79245283018868,18.867924528301884,2.3584905660377355,9.433962264150942,16.50943396226415,0.0,0.0,153.30188679245282,2.3584905660377355,0.0,44.81132075471698,0.0,0.0,0.0,2.3584905660377355,11.79245283018868,2.3584905660377355,0.0,0.0,0.0,0.0,0.0,0.0,0.0,0.0,0.0,0.0,0.0,2.3584905660377355,9.433962264150942,75.47169811320754,25.943396226415096,7.0754716981132075,136.79245283018867,0.5380710659898477,3.66497461928934,0.0,7.0754716981132075,0.0,2.3584905660377355,16.50943396226415,4.716981132075471,0.0,2.3584905660377355,0.0,4.716981132075471,4.716981132075471,18.867924528301884,0.0,0.0,75.47169811320754,0.0,0.0,0.0,4.716981132075471,2.3584905660377355,16.50943396226415,2.3584905660377355,25.943396226415096
S8Q3,50.377833753148614,10.075566750629722,90.6801007556675,0.0,0.0,40.30226700251889,32.7455919395466,40.30226700251889,20.151133501259444,12.594458438287154,2.5188916876574305,0.0,25.188916876574307,0.0,2.5188916876574305,176.32241813602016,2.5188916876574305,0.0,60.45340050377833,5.037783375314861,0.0,0.0,2.5188916876574305,10.075566750629722,0.0,0.0,0.0,0.0,2.5188916876574305,0.0,2.5188916876574305,0.0,0.0,0.0,5.037783375314861,0.0,15.113350125944583,0.0,62.97229219143577,17.632241813602015,20.151133501259444,98.2367758186398,0.5306666666666666,4.0906666666666665,0.0,0.0,10.075566750629722,0.0,17.632241813602015,5.037783375314861,0.0,5.037783375314861,0.0,5.037783375314861,7.556675062972292,42.821158690176325,0.0,0.0,47.858942065491185,5.037783375314861,0.0,0.0,2.5188916876574305,0.0,20.151133501259444,5.037783375314861,12.594458438287154
S8XE,54.72636815920398,7.462686567164179,72.13930348258707,2.487562189054726,4.975124378109452,82.08955223880596,22.388059701492537,12.437810945273633,54.72636815920398,14.925373134328359,4.975124378109452,0.0,9.950248756218905,0.0,0.0,154.22885572139302,7.462686567164179,0.0,34.82587064676617,0.0,0.0,0.0,0.0,17.412935323383085,0.0,0.0,0.0,0.0,0.0,0.0,0.0,0.0,0.0,2.487562189054726,2.487562189054726,2.487562189054726,4.975124378109452,4.975124378109452,59.701492537313435,27.36318407960199,9.950248756218905,106.96517412935323,0.5767195767195767,3.8492063492063493,0.0,0.0,7.462686567164179,0.0,22.388059701492537,0.0,0.0,9.950248756218905,2.487562189054726,7.462686567164179,4.975124378109452,22.388059701492537,2.487562189054726,0.0,52.23880597014925,0.0,0.0,0.0,2.487562189054726,2.487562189054726,27.36318407960199,4.975124378109452,12.437810945273633
S8YL,24.752475247524753,7.425742574257425,59.4059405940594,0.0,2.4752475247524752,69.30693069306932,19.801980198019802,4.9504950495049505,12.376237623762377,12.376237623762377,0.0,2.4752475247524752,19.801980198019802,2.4752475247524752,7.425742574257425,212.87128712871288,2.4752475247524752,0.0,27.22772277227723,2.4752475247524752,0.0,0.0,0.0,17.32673267326733,2.4752475247524752,0.0,0.0,2.4752475247524752,2.4752475247524752,0.0,0.0,0.0,0.0,0.0,2.4752475247524752,0.0,2.4752475247524752,2.4752475247524752,89.10891089108911,32.17821782178218,2.4752475247524752,89.10891089108911,0.625,4.2421875,0.0,4.9504950495049505,4.9504950495049505,2.4752475247524752,19.801980198019802,4.9504950495049505,12.376237623762377,12.376237623762377,4.9504950495049505,2.4752475247524752,7.425742574257425,32.17821782178218,0.0,0.0,39.603960396039604,0.0,0.0,0.0,9.900990099009901,2.4752475247524752,12.376237623762377,0.0,17.32673267326733
S9CH,5.0,7.5,115.0,7.5,12.5,72.5,27.5,2.5,20.0,2.5,2.5,2.5,22.5,10.0,0.0,212.5,0.0,0.0,37.5,2.5,0.0,0.0,0.0,10.0,0.0,0.0,0.0,0.0,7.5,0.0,2.5,0.0,0.0,0.0,0.0,0.0,2.5,7.5,75.0,42.5,2.5,87.5,0.5877659574468085,4.079787234042553,0.0,0.0,0.0,0.0,2.5,5.0,20.0,5.0,2.5,10.0,2.5,22.5,2.5,0.0,57.5,0.0,0.0,0.0,5.0,12.5,20.0,0.0,10.0
S9E6,25.0,15.0,85.0,2.5,2.5,62.5,35.0,5.0,7.5,10.0,5.0,5.0,15.0,0.0,0.0,205.0,12.5,0.0,25.0,0.0,0.0,0.0,5.0,15.0,0.0,0.0,0.0,0.0,0.0,0.0,0.0,0.0,0.0,0.0,0.0,0.0,0.0,2.5,92.5,35.0,10.0,97.5,0.6021220159151194,4.1458885941644565,0.0,0.0,2.5,0.0,17.5,0.0,12.5,2.5,2.5,7.5,5.0,12.5,5.0,0.0,55.0,0.0,0.0,0.0,7.5,0.0,12.5,2.5,12.5
S9MK,31.94103194103194,9.828009828009828,93.36609336609337,2.457002457002457,7.371007371007371,73.71007371007371,17.1990171990172,4.914004914004914,24.570024570024568,9.828009828009828,7.371007371007371,9.828009828009828,17.1990171990172,9.828009828009828,7.371007371007371,152.33415233415235,2.457002457002457,2.457002457002457,39.31203931203931,0.0,2.457002457002457,0.0,0.0,19.656019656019655,2.457002457002457,0.0,0.0,0.0,0.0,0.0,2.457002457002457,0.0,2.457002457002457,0.0,2.457002457002457,0.0,4.914004914004914,7.371007371007371,83.53808353808354,24.570024570024568,2.457002457002457,117.93611793611794,0.6036269430051814,4.253886010362694,0.0,0.0,2.457002457002457,7.371007371007371,7.371007371007371,2.457002457002457,12.285012285012284,4.914004914004914,0.0,9.828009828009828,2.457002457002457,24.570024570024568,0.0,0.0,46.68304668304668,0.0,0.0,0.0,7.371007371007371,2.457002457002457,12.285012285012284,0.0,9.828009828009828
S9RV,80.20050125313283,5.012531328320802,32.581453634085214,2.506265664160401,10.025062656641603,80.20050125313283,12.531328320802004,17.543859649122805,5.012531328320802,7.518796992481203,0.0,0.0,22.55639097744361,7.518796992481203,2.506265664160401,195.48872180451127,10.025062656641603,2.506265664160401,20.050125313283207,0.0,5.012531328320802,0.0,0.0,15.037593984962406,0.0,0.0,0.0,0.0,2.506265664160401,0.0,5.012531328320802,0.0,0.0,0.0,0.0,0.0,0.0,2.506265664160401,100.25062656641603,50.125313283208015,0.0,92.73182957393483,0.5376884422110553,4.203517587939698,2.506265664160401,2.506265664160401,0.0,5.012531328320802,12.531328320802004,0.0,5.012531328320802,5.012531328320802,0.0,2.506265664160401,2.506265664160401,32.581453634085214,0.0,2.506265664160401,2.506265664160401,0.0,0.0,0.0,2.506265664160401,5.012531328320802,7.518796992481203,0.0,5.012531328320802
S9UA,54.72636815920398,4.975124378109452,67.16417910447761,2.487562189054726,12.437810945273633,79.60199004975124,24.875621890547265,62.18905472636816,19.90049751243781,2.487562189054726,4.975124378109452,12.437810945273633,12.437810945273633,0.0,2.487562189054726,171.6417910447761,7.462686567164179,0.0,29.850746268656717,0.0,0.0,0.0,7.462686567164179,4.975124378109452,0.0,0.0,0.0,0.0,4.975124378109452,0.0,0.0,0.0,0.0,0.0,2.487562189054726,0.0,2.487562189054726,7.462686567164179,72.13930348258707,32.33830845771144,2.487562189054726,77.11442786069651,0.515625,3.875,2.487562189054726,2.487562189054726,2.487562189054726,4.975124378109452,2.487562189054726,4.975124378109452,7.462686567164179,17.412935323383085,0.0,7.462686567164179,7.462686567164179,34.82587064676617,0.0,0.0,22.388059701492537,2.487562189054726,2.487562189054726,0.0,4.975124378109452,2.487562189054726,17.412935323383085,0.0,7.462686567164179
S9WB,52.23880597014925,2.487562189054726,59.701492537313435,4.975124378109452,0.0,67.16417910447761,4.975124378109452,27.36318407960199,27.36318407960199,7.462686567164179,4.975124378109452,2.487562189054726,7.462686567164179,2.487562189054726,2.487562189054726,201.49253731343285,9.950248756218905,0.0,22.388059701492537,0.0,0.0,0.0,0.0,17.412935323383085,2.487562189054726,0.0,0.0,0.0,0.0,0.0,0.0,0.0,0.0,0.0,0.0,0.0,0.0,0.0,92.03980099502488,64.67661691542288,2.487562189054726,74.62686567164178,0.5846560846560847,4.082010582010582,2.487562189054726,0.0,0.0,2.487562189054726,14.925373134328359,0.0,14.925373134328359,4.975124378109452,0.0,7.462686567164179,9.950248756218905,12.437810945273633,4.975124378109452,2.487562189054726,47.2636815920398,2.487562189054726,7.462686567164179,0.0,0.0,0.0,4.975124378109452,0.0,12.437810945273633
SA69,62.03473945409429,4.962779156327543,59.55334987593052,4.962779156327543,7.444168734491315,81.88585607940446,24.81389578163772,19.851116625310173,42.183622828784124,4.962779156327543,4.962779156327543,4.962779156327543,14.88833746898263,0.0,2.4813895781637716,163.77171215880892,7.444168734491315,0.0,24.81389578163772,0.0,0.0,0.0,4.962779156327543,12.40694789081886,0.0,0.0,0.0,0.0,2.4813895781637716,0.0,0.0,0.0,0.0,0.0,0.0,0.0,4.962779156327543,7.444168734491315,91.81141439205956,32.25806451612903,9.925558312655086,101.73697270471465,0.5743589743589743,3.982051282051282,0.0,2.4813895781637716,4.962779156327543,2.4813895781637716,19.851116625310173,0.0,4.962779156327543,9.925558312655086,0.0,4.962779156327543,2.4813895781637716,32.25806451612903,2.4813895781637716,0.0,29.77667493796526,2.4813895781637716,0.0,0.0,14.88833746898263,4.962779156327543,17.3697270471464,0.0,7.444168734491315
SA6W,29.7029702970297,9.900990099009901,79.20792079207921,0.0,7.425742574257425,76.73267326732673,24.752475247524753,9.900990099009901,17.32673267326733,4.9504950495049505,4.9504950495049505,0.0,7.425742574257425,12.376237623762377,2.4752475247524752,215.34653465346534,4.9504950495049505,0.0,19.801980198019802,2.4752475247524752,0.0,0.0,2.4752475247524752,12.376237623762377,2.4752475247524752,0.0,0.0,0.0,2.4752475247524752,0.0,0.0,0.0,0.0,0.0,0.0,0.0,0.0,4.9504950495049505,103.96039603960395,34.65346534653466,2.4752475247524752,64.35643564356435,0.6,4.007894736842105,2.4752475247524752,2.4752475247524752,0.0,0.0,27.22772277227723,2.4752475247524752,19.801980198019802,7.425742574257425,0.0,7.425742574257425,2.4752475247524752,14.85148514851485,0.0,0.0,51.980198019801975,0.0,4.9504950495049505,0.0,12.376237623762377,2.4752475247524752,22.277227722772277,0.0,7.425742574257425
SADE,42.394014962593516,0.0,39.900249376558605,2.493765586034913,7.481296758104738,49.87531172069826,19.950124688279303,14.962593516209475,32.418952618453865,12.468827930174564,7.481296758104738,0.0,19.950124688279303,4.987531172069826,0.0,211.9700748129676,2.493765586034913,0.0,32.418952618453865,0.0,0.0,0.0,0.0,9.975062344139651,0.0,0.0,0.0,0.0,2.493765586034913,0.0,4.987531172069826,0.0,0.0,0.0,0.0,0.0,2.493765586034913,4.987531172069826,77.3067331670823,42.394014962593516,9.975062344139651,89.77556109725685,0.5636363636363636,4.202597402597402,0.0,0.0,12.468827930174564,7.481296758104738,19.950124688279303,4.987531172069826,9.975062344139651,17.456359102244388,0.0,9.975062344139651,2.493765586034913,27.43142144638404,0.0,0.0,32.418952618453865,2.493765586034913,0.0,0.0,2.493765586034913,7.481296758104738,9.975062344139651,0.0,4.987531172069826
SAQD,53.92156862745098,14.705882352941176,63.725490196078425,4.901960784313726,12.254901960784313,83.33333333333333,14.705882352941176,22.058823529411764,26.96078431372549,4.901960784313726,4.901960784313726,7.352941176470588,19.607843137254903,2.450980392156863,4.901960784313726,178.921568627451,4.901960784313726,0.0,36.76470588235294,2.450980392156863,0.0,0.0,2.450980392156863,17.156862745098042,2.450980392156863,0.0,0.0,0.0,0.0,0.0,2.450980392156863,0.0,0.0,0.0,0.0,0.0,4.901960784313726,4.901960784313726,71.07843137254902,31.862745098039213,9.803921568627452,100.49019607843138,0.566579634464752,3.9033942558746735,2.450980392156863,2.450980392156863,0.0,0.0,7.352941176470588,0.0,4.901960784313726,7.352941176470588,2.450980392156863,9.803921568627452,4.901960784313726,19.607843137254903,0.0,0.0,51.470588235294116,0.0,0.0,0.0,2.450980392156863,14.705882352941176,17.156862745098042,4.901960784313726,17.156862745098042
SAZY,40.96385542168675,4.819277108433735,53.01204819277108,2.4096385542168677,7.228915662650603,53.01204819277108,14.457831325301205,12.048192771084338,19.27710843373494,7.228915662650603,0.0,4.819277108433735,12.048192771084338,2.4096385542168677,2.4096385542168677,250.60240963855424,2.4096385542168677,0.0,33.734939759036145,2.4096385542168677,0.0,0.0,0.0,4.819277108433735,0.0,0.0,2.4096385542168677,4.819277108433735,0.0,0.0,0.0,0.0,0.0,0.0,0.0,4.819277108433735,4.819277108433735,4.819277108433735,103.61445783132531,40.96385542168675,7.228915662650603,69.87951807228916,0.6157760814249363,4.241730279898219,0.0,2.4096385542168677,0.0,2.4096385542168677,21.686746987951807,2.4096385542168677,9.63855421686747,0.0,7.228915662650603,2.4096385542168677,7.228915662650603,14.457831325301205,0.0,0.0,38.55421686746988,2.4096385542168677,0.0,0.0,0.0,2.4096385542168677,4.819277108433735,0.0,9.63855421686747
SB7R,31.630170316301705,7.299270072992701,60.82725060827251,0.0,2.4330900243309004,51.09489051094891,21.897810218978105,19.464720194647203,26.7639902676399,14.598540145985401,7.299270072992701,7.299270072992701,12.165450121654501,2.4330900243309004,0.0,165.4501216545012,4.866180048661801,0.0,31.630170316301705,0.0,0.0,0.0,2.4330900243309004,21.897810218978105,4.866180048661801,0.0,0.0,0.0,0.0,0.0,0.0,0.0,0.0,0.0,0.0,0.0,9.732360097323602,0.0,99.7566909975669,43.79562043795621,9.732360097323602,85.1581508515815,0.5717948717948718,3.9871794871794872,2.4330900243309004,0.0,4.866180048661801,2.4330900243309004,9.732360097323602,0.0,24.330900243309003,17.0316301703163,0.0,9.732360097323602,4.866180048661801,17.0316301703163,4.866180048661801,2.4330900243309004,48.661800486618006,0.0,0.0,0.0,2.4330900243309004,7.299270072992701,9.732360097323602,0.0,19.464720194647203
SBBP,53.03030303030303,15.151515151515152,45.45454545454545,2.5252525252525255,2.5252525252525255,65.65656565656566,10.101010101010102,12.626262626262626,22.727272727272727,0.0,2.5252525252525255,2.5252525252525255,12.626262626262626,5.050505050505051,0.0,194.44444444444446,2.5252525252525255,0.0,32.82828282828283,0.0,2.5252525252525255,0.0,5.050505050505051,17.676767676767675,0.0,0.0,0.0,0.0,0.0,0.0,0.0,0.0,0.0,0.0,0.0,7.575757575757576,2.5252525252525255,5.050505050505051,103.53535353535354,27.777777777777775,7.575757575757576,101.01010101010101,0.5885416666666666,4.221354166666667,0.0,5.050505050505051,0.0,0.0,17.676767676767675,0.0,5.050505050505051,12.626262626262626,2.5252525252525255,2.5252525252525255,5.050505050505051,25.252525252525253,5.050505050505051,2.5252525252525255,20.202020202020204,0.0,2.5252525252525255,0.0,5.050505050505051,0.0,12.626262626262626,0.0,7.575757575757576
SBCL,31.17505995203837,14.388489208633095,79.13669064748201,4.796163069544364,4.796163069544364,47.961630695443645,14.388489208633095,4.796163069544364,33.57314148681055,11.990407673860911,7.194244604316547,7.194244604316547,26.378896882494004,14.388489208633095,4.796163069544364,191.84652278177458,7.194244604316547,0.0,38.36930455635491,0.0,4.796163069544364,0.0,2.398081534772182,11.990407673860911,4.796163069544364,0.0,0.0,2.398081534772182,4.796163069544364,0.0,2.398081534772182,0.0,0.0,0.0,0.0,0.0,0.0,2.398081534772182,112.70983213429255,64.74820143884892,9.592326139088728,76.73860911270982,0.6275,4.5975,2.398081534772182,2.398081534772182,0.0,4.796163069544364,9.592326139088728,0.0,4.796163069544364,7.194244604316547,0.0,0.0,0.0,31.17505995203837,2.398081534772182,2.398081534772182,38.36930455635491,0.0,0.0,0.0,0.0,2.398081534772182,4.796163069544364,0.0,0.0
SBSJ,58.96805896805897,9.828009828009828,71.25307125307125,4.914004914004914,4.914004914004914,98.28009828009827,29.484029484029485,24.570024570024568,46.68304668304668,17.1990171990172,7.371007371007371,7.371007371007371,9.828009828009828,0.0,2.457002457002457,137.5921375921376,2.457002457002457,0.0,31.94103194103194,0.0,2.457002457002457,0.0,0.0,9.828009828009828,0.0,0.0,2.457002457002457,0.0,0.0,0.0,0.0,0.0,0.0,0.0,0.0,0.0,9.828009828009828,12.285012285012284,76.16707616707617,22.11302211302211,2.457002457002457,110.56511056511056,0.5195822454308094,3.7049608355091386,0.0,4.914004914004914,4.914004914004914,0.0,12.285012285012284,0.0,2.457002457002457,7.371007371007371,2.457002457002457,17.1990171990172,4.914004914004914,29.484029484029485,2.457002457002457,0.0,56.511056511056516,0.0,0.0,0.0,7.371007371007371,0.0,9.828009828009828,0.0,19.656019656019655
SBVQ,7.594936708860759,7.594936708860759,40.50632911392405,2.5316455696202533,2.5316455696202533,40.50632911392405,32.911392405063296,2.5316455696202533,20.253164556962027,15.189873417721518,5.063291139240507,7.594936708860759,5.063291139240507,27.848101265822784,0.0,207.59493670886076,0.0,0.0,17.721518987341774,0.0,0.0,0.0,2.5316455696202533,5.063291139240507,0.0,0.0,5.063291139240507,2.5316455696202533,0.0,0.0,0.0,0.0,0.0,0.0,0.0,0.0,2.5316455696202533,5.063291139240507,78.48101265822785,65.82278481012659,5.063291139240507,83.54430379746836,0.5957446808510638,4.664893617021277,5.063291139240507,0.0,5.063291139240507,0.0,20.253164556962027,2.5316455696202533,7.594936708860759,17.721518987341774,0.0,20.253164556962027,5.063291139240507,20.253164556962027,0.0,0.0,32.911392405063296,0.0,0.0,0.0,5.063291139240507,20.253164556962027,12.658227848101266,0.0,0.0
SBX7,24.570024570024568,9.828009828009828,103.19410319410319,0.0,2.457002457002457,56.511056511056516,36.85503685503686,14.742014742014742,29.484029484029485,17.1990171990172,12.285012285012284,4.914004914004914,14.742014742014742,17.1990171990172,2.457002457002457,171.990171990172,4.914004914004914,0.0,51.597051597051596,0.0,0.0,0.0,0.0,17.1990171990172,0.0,0.0,2.457002457002457,0.0,2.457002457002457,0.0,0.0,0.0,0.0,2.457002457002457,0.0,0.0,7.371007371007371,7.371007371007371,78.62407862407862,39.31203931203931,14.742014742014742,73.71007371007371,0.5590551181102362,4.202099737532809,0.0,2.457002457002457,4.914004914004914,4.914004914004914,19.656019656019655,0.0,2.457002457002457,4.914004914004914,0.0,12.285012285012284,2.457002457002457,24.570024570024568,2.457002457002457,0.0,61.42506142506143,0.0,4.914004914004914,0.0,2.457002457002457,2.457002457002457,14.742014742014742,0.0,7.371007371007371
SC7H,29.92518703241895,4.987531172069826,82.29426433915212,0.0,12.468827930174564,67.33167082294264,22.443890274314214,7.481296758104738,27.43142144638404,9.975062344139651,12.468827930174564,0.0,7.481296758104738,7.481296758104738,0.0,199.50124688279303,4.987531172069826,0.0,42.394014962593516,0.0,0.0,0.0,0.0,9.975062344139651,0.0,0.0,0.0,0.0,0.0,0.0,0.0,0.0,0.0,0.0,0.0,0.0,4.987531172069826,4.987531172069826,89.77556109725685,37.406483790523694,12.468827930174564,102.24438902743142,0.5952380952380952,4.060846560846561,2.493765586034913,2.493765586034913,2.493765586034913,0.0,19.950124688279303,0.0,4.987531172069826,4.987531172069826,4.987531172069826,7.481296758104738,0.0,12.468827930174564,4.987531172069826,2.493765586034913,54.86284289276808,0.0,4.987531172069826,0.0,0.0,9.975062344139651,9.975062344139651,2.493765586034913,14.962593516209475
SCG7,33.17535545023697,9.47867298578199,68.72037914691943,0.0,2.3696682464454977,66.35071090047394,23.696682464454973,18.95734597156398,21.32701421800948,7.109004739336492,2.3696682464454977,0.0,14.218009478672984,2.3696682464454977,2.3696682464454977,220.3791469194313,0.0,0.0,23.696682464454973,0.0,2.3696682464454977,0.0,9.47867298578199,21.32701421800948,2.3696682464454977,0.0,2.3696682464454977,4.739336492890995,0.0,0.0,0.0,0.0,0.0,0.0,2.3696682464454977,0.0,4.739336492890995,4.739336492890995,109.00473933649289,40.28436018957346,2.3696682464454977,78.19905213270142,0.5930521091811415,4.012406947890819,2.3696682464454977,2.3696682464454977,2.3696682464454977,0.0,4.739336492890995,2.3696682464454977,2.3696682464454977,4.739336492890995,0.0,9.47867298578199,11.848341232227487,26.066350710900473,2.3696682464454977,0.0,45.023696682464454,2.3696682464454977,2.3696682464454977,2.3696682464454977,4.739336492890995,4.739336492890995,18.95734597156398,0.0,21.32701421800948
SCKW,46.948356807511736,11.737089201877934,77.46478873239435,0.0,4.694835680751174,70.42253521126761,11.737089201877934,35.21126760563381,9.389671361502348,7.042253521126761,7.042253521126761,0.0,16.431924882629108,2.347417840375587,2.347417840375587,220.65727699530515,4.694835680751174,2.347417840375587,30.516431924882628,2.347417840375587,0.0,0.0,0.0,7.042253521126761,0.0,0.0,2.347417840375587,0.0,4.694835680751174,0.0,4.694835680751174,0.0,0.0,0.0,0.0,0.0,0.0,0.0,84.50704225352112,39.906103286384976,7.042253521126761,93.89671361502347,0.6059113300492611,4.307881773399015,2.347417840375587,4.694835680751174,4.694835680751174,7.042253521126761,9.389671361502348,0.0,11.737089201877934,2.347417840375587,2.347417840375587,2.347417840375587,9.389671361502348,25.821596244131456,0.0,0.0,42.25352112676056,4.694835680751174,0.0,0.0,2.347417840375587,2.347417840375587,14.084507042253522,2.347417840375587,16.431924882629108
SCPR,38.64734299516908,14.492753623188406,82.1256038647343,4.830917874396135,4.830917874396135,53.14009661835749,28.985507246376812,16.908212560386474,12.077294685990339,4.830917874396135,2.4154589371980677,2.4154589371980677,19.32367149758454,2.4154589371980677,0.0,207.72946859903382,7.246376811594203,0.0,28.985507246376812,0.0,0.0,0.0,7.246376811594203,16.908212560386474,0.0,0.0,0.0,0.0,0.0,0.0,0.0,0.0,0.0,0.0,0.0,4.830917874396135,2.4154589371980677,2.4154589371980677,84.54106280193237,41.06280193236715,9.66183574879227,84.54106280193237,0.6256281407035176,4.090452261306533,9.66183574879227,2.4154589371980677,0.0,0.0,9.66183574879227,4.830917874396135,2.4154589371980677,2.4154589371980677,2.4154589371980677,2.4154589371980677,12.077294685990339,21.73913043478261,2.4154589371980677,0.0,36.231884057971016,2.4154589371980677,0.0,0.0,2.4154589371980677,2.4154589371980677,14.492753623188406,2.4154589371980677,16.908212560386474
SCQC,16.393442622950822,9.36768149882904,53.86416861826697,2.34192037470726,11.7096018735363,49.18032786885246,37.47072599531616,11.7096018735363,11.7096018735363,9.36768149882904,9.36768149882904,2.34192037470726,0.0,11.7096018735363,4.68384074941452,194.37939110070258,9.36768149882904,0.0,23.4192037470726,0.0,0.0,0.0,0.0,16.393442622950822,0.0,0.0,0.0,0.0,0.0,0.0,0.0,0.0,0.0,0.0,0.0,0.0,7.02576112412178,0.0,124.12177985948477,39.81264637002342,4.68384074941452,70.25761124121779,0.5641646489104116,4.121065375302663,0.0,2.34192037470726,0.0,2.34192037470726,11.7096018735363,4.68384074941452,16.393442622950822,7.02576112412178,4.68384074941452,2.34192037470726,4.68384074941452,14.05152224824356,0.0,0.0,23.4192037470726,0.0,2.34192037470726,0.0,4.68384074941452,2.34192037470726,11.7096018735363,2.34192037470726,7.02576112412178
SCXU,14.85148514851485,9.900990099009901,108.91089108910892,2.4752475247524752,7.425742574257425,66.83168316831683,27.22772277227723,0.0,37.12871287128713,4.9504950495049505,2.4752475247524752,9.900990099009901,9.900990099009901,0.0,2.4752475247524752,193.06930693069307,4.9504950495049505,0.0,37.12871287128713,0.0,0.0,0.0,0.0,9.900990099009901,0.0,0.0,0.0,0.0,0.0,0.0,0.0,0.0,0.0,0.0,0.0,2.4752475247524752,4.9504950495049505,14.85148514851485,74.25742574257426,32.17821782178218,7.425742574257425,74.25742574257426,0.6147540983606558,4.024590163934426,0.0,0.0,2.4752475247524752,0.0,17.32673267326733,4.9504950495049505,12.376237623762377,7.425742574257425,0.0,7.425742574257425,4.9504950495049505,22.277227722772277,0.0,0.0,79.20792079207921,2.4752475247524752,0.0,0.0,4.9504950495049505,2.4752475247524752,19.801980198019802,0.0,19.801980198019802
SD2R,66.99751861042184,4.962779156327543,62.03473945409429,2.4813895781637716,7.444168734491315,62.03473945409429,22.332506203473944,24.81389578163772,14.88833746898263,9.925558312655086,4.962779156327543,2.4813895781637716,12.40694789081886,2.4813895781637716,7.444168734491315,196.02977667493795,0.0,0.0,44.66501240694789,2.4813895781637716,0.0,0.0,0.0,22.332506203473944,0.0,0.0,0.0,0.0,0.0,0.0,4.962779156327543,0.0,0.0,0.0,2.4813895781637716,7.444168734491315,9.925558312655086,2.4813895781637716,74.44168734491315,32.25806451612903,12.40694789081886,86.848635235732,0.5636363636363636,3.8805194805194807,0.0,2.4813895781637716,4.962779156327543,0.0,14.88833746898263,0.0,9.925558312655086,2.4813895781637716,2.4813895781637716,4.962779156327543,12.40694789081886,27.29528535980149,0.0,0.0,39.702233250620345,0.0,2.4813895781637716,0.0,2.4813895781637716,2.4813895781637716,12.40694789081886,0.0,22.332506203473944
SDHB,60.45340050377833,2.5188916876574305,52.896725440806044,5.037783375314861,15.113350125944583,57.93450881612091,12.594458438287154,20.151133501259444,17.632241813602015,12.594458438287154,15.113350125944583,2.5188916876574305,15.113350125944583,2.5188916876574305,7.556675062972292,181.360201511335,7.556675062972292,0.0,35.26448362720403,5.037783375314861,0.0,0.0,0.0,7.556675062972292,0.0,0.0,0.0,0.0,2.5188916876574305,0.0,5.037783375314861,0.0,0.0,0.0,0.0,0.0,2.5188916876574305,2.5188916876574305,105.79345088161209,22.670025188916874,5.037783375314861,90.6801007556675,0.5853658536585366,3.899728997289973,0.0,5.037783375314861,2.5188916876574305,2.5188916876574305,10.075566750629722,12.594458438287154,7.556675062972292,2.5188916876574305,2.5188916876574305,2.5188916876574305,7.556675062972292,20.151133501259444,5.037783375314861,0.0,37.783375314861466,0.0,2.5188916876574305,0.0,0.0,5.037783375314861,20.151133501259444,2.5188916876574305,20.151133501259444
SDHU,17.3697270471464,7.444168734491315,64.51612903225806,7.444168734491315,9.925558312655086,49.62779156327544,27.29528535980149,7.444168734491315,24.81389578163772,2.4813895781637716,2.4813895781637716,4.962779156327543,14.88833746898263,7.444168734491315,0.0,193.54838709677418,4.962779156327543,0.0,32.25806451612903,0.0,0.0,2.4813895781637716,0.0,19.851116625310173,2.4813895781637716,0.0,0.0,2.4813895781637716,2.4813895781637716,2.4813895781637716,2.4813895781637716,2.4813895781637716,0.0,0.0,2.4813895781637716,4.962779156327543,2.4813895781637716,2.4813895781637716,104.21836228287842,57.07196029776674,4.962779156327543,84.36724565756825,0.6145833333333334,4.263020833333333,0.0,2.4813895781637716,0.0,0.0,9.925558312655086,2.4813895781637716,4.962779156327543,4.962779156327543,2.4813895781637716,12.40694789081886,4.962779156327543,19.851116625310173,4.962779156327543,0.0,44.66501240694789,0.0,4.962779156327543,0.0,0.0,7.444168734491315,9.925558312655086,2.4813895781637716,19.851116625310173
SDJ9,27.906976744186046,11.627906976744185,88.37209302325581,0.0,2.3255813953488373,62.79069767441861,32.55813953488372,11.627906976744185,32.55813953488372,2.3255813953488373,4.651162790697675,6.976744186046512,23.25581395348837,6.976744186046512,2.3255813953488373,146.51162790697674,11.627906976744185,0.0,27.906976744186046,0.0,0.0,0.0,0.0,27.906976744186046,0.0,0.0,0.0,0.0,0.0,0.0,4.651162790697675,0.0,0.0,0.0,0.0,0.0,2.3255813953488373,6.976744186046512,86.04651162790698,32.55813953488372,9.30232558139535,113.95348837209303,0.571078431372549,4.0931372549019605,0.0,0.0,2.3255813953488373,2.3255813953488373,11.627906976744185,0.0,11.627906976744185,2.3255813953488373,0.0,13.953488372093023,2.3255813953488373,34.883720930232556,2.3255813953488373,0.0,51.16279069767442,4.651162790697675,0.0,0.0,2.3255813953488373,4.651162790697675,16.27906976744186,0.0,18.6046511627907
SDQG,36.674816625916876,7.334963325183374,70.90464547677261,2.444987775061125,9.7799511002445,53.78973105134474,56.23471882640587,12.224938875305625,29.339853300733495,14.669926650366747,2.444987775061125,0.0,4.88997555012225,4.88997555012225,2.444987775061125,180.92909535452324,0.0,0.0,31.78484107579462,0.0,2.444987775061125,0.0,0.0,14.669926650366747,0.0,0.0,2.444987775061125,0.0,0.0,0.0,0.0,0.0,0.0,0.0,0.0,2.444987775061125,9.7799511002445,9.7799511002445,83.12958435207824,48.8997555012225,4.88997555012225,90.46454767726162,0.6061381074168798,4.117647058823529,0.0,4.88997555012225,4.88997555012225,2.444987775061125,12.224938875305625,2.444987775061125,14.669926650366747,7.334963325183374,2.444987775061125,7.334963325183374,12.224938875305625,14.669926650366747,0.0,0.0,36.674816625916876,2.444987775061125,0.0,0.0,2.444987775061125,4.88997555012225,17.114914425427873,2.444987775061125,12.224938875305625
SDTD,72.68170426065163,5.012531328320802,37.59398496240601,5.012531328320802,5.012531328320802,67.66917293233082,12.531328320802004,25.062656641604008,27.56892230576441,20.050125313283207,2.506265664160401,2.506265664160401,12.531328320802004,5.012531328320802,0.0,208.02005012531328,5.012531328320802,0.0,30.075187969924812,0.0,0.0,0.0,0.0,5.012531328320802,0.0,0.0,5.012531328320802,0.0,0.0,0.0,2.506265664160401,0.0,0.0,0.0,0.0,2.506265664160401,2.506265664160401,0.0,85.21303258145363,30.075187969924812,7.518796992481203,82.70676691729322,0.6246648793565683,3.9463806970509383,0.0,2.506265664160401,0.0,0.0,5.012531328320802,0.0,10.025062656641603,7.518796992481203,0.0,7.518796992481203,5.012531328320802,27.56892230576441,7.518796992481203,0.0,45.11278195488722,2.506265664160401,0.0,0.0,0.0,2.506265664160401,10.025062656641603,0.0,15.037593984962406
SE4X,31.78484107579462,9.7799511002445,66.01466992665037,0.0,4.88997555012225,66.01466992665037,17.114914425427873,12.224938875305625,26.89486552567237,9.7799511002445,2.444987775061125,2.444987775061125,9.7799511002445,4.88997555012225,0.0,185.81907090464549,2.444987775061125,0.0,51.344743276283616,0.0,0.0,0.0,0.0,12.224938875305625,0.0,2.444987775061125,0.0,0.0,0.0,0.0,0.0,2.444987775061125,0.0,0.0,0.0,0.0,0.0,2.444987775061125,88.0195599022005,29.339853300733495,4.88997555012225,102.68948655256723,0.6056701030927835,4.141752577319588,2.444987775061125,7.334963325183374,0.0,0.0,9.7799511002445,0.0,7.334963325183374,7.334963325183374,7.334963325183374,2.444987775061125,7.334963325183374,17.114914425427873,0.0,0.0,51.344743276283616,2.444987775061125,0.0,0.0,4.88997555012225,2.444987775061125,17.114914425427873,2.444987775061125,12.224938875305625
SEJK,15.0,17.5,97.5,2.5,2.5,65.0,20.0,7.5,35.0,15.0,5.0,0.0,15.0,7.5,0.0,162.5,0.0,0.0,45.0,0.0,2.5,0.0,0.0,25.0,2.5,0.0,0.0,0.0,0.0,0.0,2.5,0.0,2.5,0.0,0.0,2.5,2.5,5.0,87.5,47.5,15.0,92.5,0.5946666666666667,4.2,0.0,0.0,5.0,7.5,15.0,5.0,5.0,15.0,2.5,12.5,5.0,27.5,5.0,0.0,60.0,0.0,0.0,0.0,2.5,2.5,7.5,0.0,12.5
SETW,24.630541871921185,9.852216748768473,103.44827586206897,4.926108374384237,0.0,59.11330049261083,12.315270935960593,12.315270935960593,41.87192118226601,2.4630541871921183,0.0,0.0,29.556650246305416,0.0,0.0,184.72906403940885,2.4630541871921183,2.4630541871921183,34.48275862068965,0.0,0.0,0.0,4.926108374384237,12.315270935960593,0.0,0.0,0.0,0.0,0.0,0.0,0.0,0.0,0.0,2.4630541871921183,0.0,0.0,7.389162561576354,4.926108374384237,78.81773399014779,32.01970443349754,7.389162561576354,91.13300492610837,0.6058981233243967,3.777479892761394,2.4630541871921183,0.0,2.4630541871921183,0.0,17.241379310344826,2.4630541871921183,7.389162561576354,2.4630541871921183,4.926108374384237,2.4630541871921183,2.4630541871921183,24.630541871921185,0.0,0.0,76.35467980295567,0.0,2.4630541871921183,0.0,9.852216748768473,7.389162561576354,19.704433497536947,4.926108374384237,14.778325123152708
SEV9,46.116504854368934,0.0,77.66990291262135,0.0,12.135922330097086,80.09708737864078,24.271844660194173,9.70873786407767,36.40776699029126,4.854368932038835,2.4271844660194173,0.0,12.135922330097086,2.4271844660194173,7.281553398058253,213.59223300970874,0.0,0.0,63.10679611650485,0.0,0.0,0.0,0.0,9.70873786407767,0.0,0.0,2.4271844660194173,4.854368932038835,0.0,0.0,2.4271844660194173,0.0,0.0,0.0,0.0,12.135922330097086,0.0,4.854368932038835,89.80582524271844,36.40776699029126,9.70873786407767,92.23300970873787,0.5651041666666666,3.8776041666666665,0.0,0.0,0.0,0.0,12.135922330097086,0.0,7.281553398058253,2.4271844660194173,0.0,4.854368932038835,4.854368932038835,14.563106796116505,2.4271844660194173,0.0,48.543689320388346,0.0,2.4271844660194173,0.0,2.4271844660194173,4.854368932038835,24.271844660194173,2.4271844660194173,9.70873786407767
SF2C,55.13784461152882,5.012531328320802,62.65664160401002,2.506265664160401,5.012531328320802,105.26315789473684,2.506265664160401,10.025062656641603,17.543859649122805,5.012531328320802,0.0,5.012531328320802,10.025062656641603,0.0,2.506265664160401,225.56390977443607,5.012531328320802,0.0,30.075187969924812,0.0,0.0,0.0,2.506265664160401,12.531328320802004,2.506265664160401,0.0,0.0,0.0,0.0,0.0,0.0,0.0,0.0,0.0,0.0,0.0,0.0,2.506265664160401,87.71929824561403,45.11278195488722,7.518796992481203,87.71929824561403,0.6507936507936508,3.9656084656084656,0.0,0.0,0.0,2.506265664160401,5.012531328320802,2.506265664160401,7.518796992481203,2.506265664160401,0.0,12.531328320802004,12.531328320802004,15.037593984962406,2.506265664160401,0.0,42.606516290726816,0.0,7.518796992481203,0.0,2.506265664160401,2.506265664160401,10.025062656641603,0.0,10.025062656641603
SFLB,26.829268292682926,7.317073170731708,97.5609756097561,0.0,4.878048780487805,90.24390243902438,24.390243902439025,12.195121951219512,29.26829268292683,9.75609756097561,4.878048780487805,7.317073170731708,19.51219512195122,4.878048780487805,2.4390243902439024,146.34146341463415,14.634146341463415,0.0,36.58536585365854,0.0,0.0,0.0,0.0,17.073170731707318,2.4390243902439024,0.0,0.0,0.0,0.0,0.0,4.878048780487805,0.0,0.0,0.0,0.0,2.4390243902439024,7.317073170731708,9.75609756097561,63.41463414634146,36.58536585365854,7.317073170731708,112.19512195121952,0.5658914728682171,4.0,0.0,2.4390243902439024,0.0,9.75609756097561,14.634146341463415,0.0,4.878048780487805,7.317073170731708,2.4390243902439024,9.75609756097561,9.75609756097561,41.463414634146346,2.4390243902439024,0.0,56.09756097560976,2.4390243902439024,4.878048780487805,2.4390243902439024,12.195121951219512,2.4390243902439024,24.390243902439025,0.0,12.195121951219512
SFT2,29.556650246305416,7.389162561576354,76.35467980295567,0.0,12.315270935960593,76.35467980295567,12.315270935960593,7.389162561576354,27.093596059113302,4.926108374384237,0.0,7.389162561576354,9.852216748768473,4.926108374384237,2.4630541871921183,206.89655172413794,4.926108374384237,0.0,59.11330049261083,0.0,0.0,0.0,0.0,27.093596059113302,2.4630541871921183,0.0,2.4630541871921183,2.4630541871921183,0.0,0.0,0.0,0.0,0.0,0.0,0.0,0.0,0.0,0.0,78.81773399014779,32.01970443349754,14.778325123152708,83.74384236453201,0.58311345646438,3.841688654353562,0.0,0.0,0.0,0.0,12.315270935960593,2.4630541871921183,12.315270935960593,2.4630541871921183,2.4630541871921183,9.852216748768473,4.926108374384237,32.01970443349754,0.0,0.0,56.65024630541872,0.0,0.0,0.0,2.4630541871921183,2.4630541871921183,12.315270935960593,2.4630541871921183,9.852216748768473
SG3P,9.925558312655086,17.3697270471464,111.66253101736973,2.4813895781637716,2.4813895781637716,47.146401985111666,22.332506203473944,2.4813895781637716,24.81389578163772,14.88833746898263,7.444168734491315,0.0,27.29528535980149,9.925558312655086,7.444168734491315,171.21588089330027,4.962779156327543,2.4813895781637716,44.66501240694789,0.0,0.0,0.0,0.0,14.88833746898263,0.0,0.0,0.0,2.4813895781637716,0.0,0.0,12.40694789081886,0.0,0.0,0.0,0.0,2.4813895781637716,4.962779156327543,7.444168734491315,86.848635235732,27.29528535980149,7.444168734491315,101.73697270471465,0.6058981233243967,4.193029490616622,0.0,2.4813895781637716,0.0,2.4813895781637716,7.444168734491315,2.4813895781637716,4.962779156327543,9.925558312655086,0.0,0.0,4.962779156327543,12.40694789081886,2.4813895781637716,2.4813895781637716,69.4789081885856,0.0,0.0,0.0,2.4813895781637716,2.4813895781637716,14.88833746898263,7.444168734491315,24.81389578163772
SG4J,12.224938875305625,4.88997555012225,105.13447432762835,9.7799511002445,2.444987775061125,83.12958435207824,12.224938875305625,22.004889975550125,19.559902200489,9.7799511002445,0.0,7.334963325183374,9.7799511002445,2.444987775061125,4.88997555012225,156.479217603912,0.0,0.0,48.8997555012225,0.0,2.444987775061125,0.0,2.444987775061125,9.7799511002445,0.0,0.0,0.0,0.0,0.0,0.0,0.0,0.0,0.0,0.0,0.0,7.334963325183374,7.334963325183374,0.0,80.68459657701712,17.114914425427873,19.559902200489,132.02933985330074,0.5744125326370757,3.9921671018276763,2.444987775061125,0.0,2.444987775061125,7.334963325183374,19.559902200489,0.0,19.559902200489,12.224938875305625,0.0,17.114914425427873,4.88997555012225,36.674816625916876,2.444987775061125,0.0,58.67970660146699,2.444987775061125,0.0,0.0,2.444987775061125,0.0,9.7799511002445,0.0,22.004889975550125
SG78,25.0,17.5,97.5,0.0,5.0,72.5,22.5,22.5,17.5,5.0,12.5,7.5,17.5,5.0,10.0,162.5,0.0,0.0,42.5,0.0,0.0,0.0,7.5,25.0,0.0,0.0,0.0,2.5,2.5,0.0,0.0,0.0,2.5,0.0,0.0,0.0,2.5,5.0,77.5,25.0,7.5,105.0,0.6016042780748663,4.032085561497326,0.0,2.5,0.0,0.0,7.5,2.5,5.0,10.0,0.0,10.0,5.0,30.0,5.0,2.5,52.5,2.5,0.0,0.0,0.0,5.0,10.0,2.5,15.0
SG7X,38.0952380952381,4.761904761904763,59.52380952380952,0.0,4.761904761904763,83.33333333333333,21.428571428571427,0.0,21.428571428571427,7.142857142857142,0.0,0.0,11.904761904761903,7.142857142857142,0.0,190.47619047619045,14.285714285714285,0.0,33.333333333333336,0.0,0.0,0.0,2.3809523809523814,16.666666666666668,0.0,0.0,0.0,0.0,0.0,0.0,0.0,0.0,0.0,0.0,0.0,2.3809523809523814,2.3809523809523814,4.761904761904763,78.57142857142857,54.76190476190476,11.904761904761903,92.85714285714286,0.5541871921182266,4.12807881773399,0.0,0.0,4.761904761904763,2.3809523809523814,14.285714285714285,2.3809523809523814,16.666666666666668,9.523809523809526,4.761904761904763,4.761904761904763,7.142857142857142,33.333333333333336,4.761904761904763,0.0,26.19047619047619,2.3809523809523814,0.0,0.0,4.761904761904763,0.0,11.904761904761903,0.0,9.523809523809526
SGHZ,12.195121951219512,2.4390243902439024,97.5609756097561,2.4390243902439024,2.4390243902439024,56.09756097560976,29.26829268292683,29.26829268292683,24.390243902439025,4.878048780487805,2.4390243902439024,4.878048780487805,17.073170731707318,0.0,2.4390243902439024,182.9268292682927,9.75609756097561,0.0,46.34146341463415,0.0,0.0,0.0,4.878048780487805,9.75609756097561,4.878048780487805,0.0,0.0,0.0,4.878048780487805,0.0,0.0,0.0,2.4390243902439024,0.0,0.0,0.0,7.317073170731708,12.195121951219512,82.92682926829269,29.26829268292683,19.51219512195122,87.80487804878048,0.5793650793650794,3.8095238095238093,4.878048780487805,0.0,2.4390243902439024,0.0,12.195121951219512,0.0,12.195121951219512,2.4390243902439024,0.0,19.51219512195122,2.4390243902439024,31.70731707317073,2.4390243902439024,0.0,75.60975609756098,0.0,2.4390243902439024,0.0,2.4390243902439024,4.878048780487805,7.317073170731708,2.4390243902439024,14.634146341463415
SGSY,2.3640661938534278,4.7281323877068555,56.737588652482266,2.3640661938534278,2.3640661938534278,59.1016548463357,9.456264775413711,7.092198581560283,16.548463356973993,9.456264775413711,7.092198581560283,0.0,21.27659574468085,23.64066193853428,7.092198581560283,200.9456264775414,0.0,0.0,16.548463356973993,2.3640661938534278,0.0,0.0,2.3640661938534278,4.7281323877068555,0.0,0.0,0.0,2.3640661938534278,0.0,0.0,4.7281323877068555,0.0,0.0,0.0,0.0,0.0,14.184397163120567,4.7281323877068555,99.29078014184398,52.009456264775416,4.7281323877068555,85.1063829787234,0.5869565217391305,4.871980676328502,2.3640661938534278,0.0,9.456264775413711,4.7281323877068555,21.27659574468085,0.0,9.456264775413711,33.09692671394799,0.0,16.548463356973993,4.7281323877068555,35.46099290780142,4.7281323877068555,0.0,16.548463356973993,0.0,0.0,0.0,11.82033096926714,9.456264775413711,16.548463356973993,0.0,4.7281323877068555
SH2A,32.94117647058824,11.76470588235294,77.64705882352942,0.0,7.058823529411765,75.29411764705881,18.823529411764703,18.823529411764703,7.058823529411765,9.411764705882351,2.352941176470588,0.0,16.47058823529412,11.76470588235294,2.352941176470588,200.0,9.411764705882351,2.352941176470588,18.823529411764703,2.352941176470588,0.0,0.0,4.705882352941176,9.411764705882351,0.0,0.0,0.0,2.352941176470588,0.0,0.0,2.352941176470588,0.0,0.0,0.0,0.0,0.0,2.352941176470588,9.411764705882351,108.23529411764706,32.94117647058824,9.411764705882351,84.70588235294117,0.5591133004926109,4.219211822660099,0.0,2.352941176470588,2.352941176470588,0.0,21.176470588235293,0.0,14.11764705882353,2.352941176470588,2.352941176470588,11.76470588235294,16.47058823529412,44.70588235294118,9.411764705882351,2.352941176470588,42.35294117647059,0.0,2.352941176470588,0.0,2.352941176470588,7.058823529411765,4.705882352941176,0.0,14.11764705882353
SH2P,31.94103194103194,12.285012285012284,73.71007371007371,4.914004914004914,2.457002457002457,58.96805896805897,27.027027027027028,2.457002457002457,22.11302211302211,7.371007371007371,2.457002457002457,9.828009828009828,7.371007371007371,2.457002457002457,2.457002457002457,208.84520884520884,4.914004914004914,0.0,24.570024570024568,0.0,0.0,0.0,2.457002457002457,12.285012285012284,0.0,0.0,0.0,0.0,0.0,0.0,0.0,0.0,0.0,0.0,0.0,2.457002457002457,7.371007371007371,4.914004914004914,88.45208845208845,31.94103194103194,4.914004914004914,95.82309582309583,0.5984455958549223,4.046632124352332,0.0,0.0,2.457002457002457,0.0,22.11302211302211,0.0,7.371007371007371,2.457002457002457,0.0,9.828009828009828,14.742014742014742,22.11302211302211,0.0,0.0,46.68304668304668,2.457002457002457,0.0,0.0,2.457002457002457,2.457002457002457,4.914004914004914,0.0,12.285012285012284
SH5J,40.20100502512563,15.07537688442211,75.37688442211055,5.025125628140704,12.56281407035176,72.8643216080402,12.56281407035176,25.12562814070352,12.56281407035176,7.537688442211055,2.512562814070352,7.537688442211055,2.512562814070352,2.512562814070352,5.025125628140704,206.03015075376885,2.512562814070352,0.0,32.663316582914575,0.0,0.0,0.0,0.0,17.587939698492463,0.0,0.0,0.0,0.0,2.512562814070352,0.0,0.0,0.0,0.0,0.0,2.512562814070352,0.0,5.025125628140704,7.537688442211055,77.88944723618091,37.688442211055275,5.025125628140704,75.37688442211055,0.5936675461741425,4.047493403693931,2.512562814070352,5.025125628140704,2.512562814070352,0.0,12.56281407035176,2.512562814070352,15.07537688442211,2.512562814070352,0.0,22.613065326633166,7.537688442211055,32.663316582914575,7.537688442211055,0.0,42.713567839195974,5.025125628140704,0.0,0.0,12.56281407035176,2.512562814070352,17.587939698492463,0.0,5.025125628140704
SHC3,12.468827930174564,0.0,44.88778054862843,0.0,0.0,42.394014962593516,19.950124688279303,0.0,17.456359102244388,14.962593516209475,2.493765586034913,0.0,12.468827930174564,2.493765586034913,0.0,269.32668329177056,2.493765586034913,0.0,14.962593516209475,0.0,0.0,0.0,0.0,9.975062344139651,0.0,0.0,4.987531172069826,2.493765586034913,2.493765586034913,0.0,0.0,0.0,0.0,0.0,2.493765586034913,0.0,2.493765586034913,2.493765586034913,102.24438902743142,44.88778054862843,2.493765586034913,59.8503740648379,0.4884910485933504,4.283887468030691,0.0,2.493765586034913,7.481296758104738,0.0,12.468827930174564,0.0,0.0,17.456359102244388,0.0,9.975062344139651,9.975062344139651,9.975062344139651,2.493765586034913,0.0,14.962593516209475,0.0,0.0,0.0,2.493765586034913,7.481296758104738,9.975062344139651,0.0,0.0
SHJH,46.34146341463415,17.073170731707318,56.09756097560976,4.878048780487805,4.878048780487805,87.80487804878048,4.878048780487805,7.317073170731708,29.26829268292683,9.75609756097561,2.4390243902439024,2.4390243902439024,17.073170731707318,2.4390243902439024,2.4390243902439024,168.2926829268293,2.4390243902439024,0.0,26.829268292682926,0.0,0.0,0.0,2.4390243902439024,14.634146341463415,0.0,0.0,0.0,0.0,0.0,0.0,0.0,0.0,0.0,0.0,0.0,2.4390243902439024,2.4390243902439024,0.0,97.5609756097561,36.58536585365854,7.317073170731708,85.3658536585366,0.5384615384615384,3.9564102564102566,0.0,0.0,4.878048780487805,0.0,12.195121951219512,0.0,0.0,9.75609756097561,0.0,12.195121951219512,4.878048780487805,24.390243902439025,4.878048780487805,0.0,41.463414634146346,0.0,4.878048780487805,0.0,7.317073170731708,4.878048780487805,14.634146341463415,4.878048780487805,9.75609756097561
SHK7,22.11302211302211,9.828009828009828,90.9090909090909,9.828009828009828,0.0,49.140049140049136,29.484029484029485,39.31203931203931,24.570024570024568,9.828009828009828,2.457002457002457,4.914004914004914,9.828009828009828,7.371007371007371,2.457002457002457,184.27518427518427,4.914004914004914,0.0,34.3980343980344,0.0,0.0,0.0,4.914004914004914,9.828009828009828,4.914004914004914,0.0,0.0,0.0,2.457002457002457,0.0,0.0,0.0,0.0,0.0,0.0,0.0,7.371007371007371,9.828009828009828,83.53808353808354,44.22604422604422,7.371007371007371,81.08108108108108,0.5833333333333334,4.116161616161616,0.0,2.457002457002457,7.371007371007371,4.914004914004914,17.1990171990172,0.0,2.457002457002457,9.828009828009828,0.0,2.457002457002457,4.914004914004914,24.570024570024568,0.0,0.0,27.027027027027028,2.457002457002457,2.457002457002457,0.0,7.371007371007371,7.371007371007371,12.285012285012284,0.0,2.457002457002457
SHTW,37.406483790523694,7.481296758104738,72.31920199501248,7.481296758104738,0.0,89.77556109725685,42.394014962593516,7.481296758104738,14.962593516209475,4.987531172069826,0.0,2.493765586034913,12.468827930174564,0.0,9.975062344139651,189.52618453865335,4.987531172069826,0.0,12.468827930174564,0.0,0.0,0.0,7.481296758104738,29.92518703241895,2.493765586034913,0.0,0.0,0.0,2.493765586034913,0.0,0.0,0.0,2.493765586034913,0.0,0.0,4.987531172069826,12.468827930174564,7.481296758104738,82.29426433915212,29.92518703241895,7.481296758104738,54.86284289276808,0.5684754521963824,3.7338501291989665,2.493765586034913,2.493765586034913,0.0,0.0,7.481296758104738,2.493765586034913,7.481296758104738,7.481296758104738,7.481296758104738,7.481296758104738,9.975062344139651,37.406483790523694,9.975062344139651,0.0,29.92518703241895,4.987531172069826,0.0,0.0,2.493765586034913,2.493765586034913,12.468827930174564,2.493765586034913,4.987531172069826
SHX8,35.62340966921119,2.544529262086514,83.96946564885496,0.0,12.72264631043257,48.346055979643765,30.534351145038165,10.178117048346056,17.811704834605596,15.267175572519083,15.267175572519083,10.178117048346056,22.900763358778626,2.544529262086514,0.0,223.91857506361325,0.0,0.0,40.712468193384225,0.0,0.0,0.0,7.633587786259541,15.267175572519083,5.089058524173028,0.0,0.0,0.0,2.544529262086514,0.0,0.0,0.0,0.0,0.0,2.544529262086514,0.0,2.544529262086514,2.544529262086514,76.33587786259542,20.356234096692113,12.72264631043257,94.14758269720102,0.58994708994709,4.21957671957672,0.0,0.0,5.089058524173028,2.544529262086514,10.178117048346056,0.0,15.267175572519083,7.633587786259541,2.544529262086514,0.0,5.089058524173028,33.07888040712468,0.0,0.0,27.989821882951656,2.544529262086514,2.544529262086514,2.544529262086514,5.089058524173028,0.0,5.089058524173028,0.0,20.356234096692113
SHXF,21.791767554479417,14.527845036319613,92.00968523002422,4.842615012106537,2.4213075060532687,67.79661016949153,24.213075060532688,4.842615012106537,29.055690072639226,12.106537530266344,2.4213075060532687,2.4213075060532687,12.106537530266344,9.685230024213075,4.842615012106537,150.12106537530266,7.263922518159807,0.0,46.00484261501211,0.0,0.0,0.0,2.4213075060532687,24.213075060532688,2.4213075060532687,0.0,2.4213075060532687,0.0,0.0,0.0,2.4213075060532687,0.0,0.0,0.0,0.0,0.0,7.263922518159807,4.842615012106537,70.2179176755448,48.426150121065376,16.949152542372882,99.27360774818402,0.6066838046272494,4.32133676092545,2.4213075060532687,0.0,2.4213075060532687,4.842615012106537,4.842615012106537,0.0,4.842615012106537,12.106537530266344,2.4213075060532687,9.685230024213075,7.263922518159807,38.7409200968523,4.842615012106537,0.0,55.69007263922518,2.4213075060532687,2.4213075060532687,0.0,12.106537530266344,7.263922518159807,12.106537530266344,0.0,16.949152542372882
SJ5D,28.846153846153847,2.403846153846154,72.11538461538461,0.0,7.211538461538462,52.88461538461539,33.65384615384615,9.615384615384617,14.423076923076923,9.615384615384617,0.0,0.0,12.01923076923077,2.403846153846154,4.807692307692308,187.5,7.211538461538462,0.0,40.86538461538461,2.403846153846154,0.0,2.403846153846154,4.807692307692308,21.634615384615383,2.403846153846154,0.0,0.0,2.403846153846154,0.0,2.403846153846154,0.0,0.0,0.0,0.0,0.0,0.0,4.807692307692308,2.403846153846154,74.51923076923077,36.05769230769231,7.211538461538462,108.17307692307693,0.6015037593984962,4.080200501253133,0.0,0.0,2.403846153846154,7.211538461538462,7.211538461538462,0.0,16.826923076923077,9.615384615384617,2.403846153846154,4.807692307692308,12.01923076923077,19.230769230769234,9.615384615384617,0.0,36.05769230769231,2.403846153846154,2.403846153846154,0.0,7.211538461538462,2.403846153846154,4.807692307692308,2.403846153846154,19.230769230769234
SJFG,54.054054054054056,7.371007371007371,63.88206388206388,4.914004914004914,2.457002457002457,78.62407862407862,27.027027027027028,19.656019656019655,4.914004914004914,22.11302211302211,4.914004914004914,4.914004914004914,7.371007371007371,7.371007371007371,2.457002457002457,186.73218673218673,2.457002457002457,0.0,44.22604422604422,0.0,2.457002457002457,0.0,0.0,17.1990171990172,7.371007371007371,0.0,0.0,0.0,0.0,0.0,0.0,0.0,4.914004914004914,0.0,0.0,0.0,4.914004914004914,0.0,108.10810810810811,24.570024570024568,12.285012285012284,100.73710073710073,0.5475578406169666,3.822622107969152,4.914004914004914,4.914004914004914,0.0,2.457002457002457,17.1990171990172,0.0,14.742014742014742,2.457002457002457,2.457002457002457,4.914004914004914,4.914004914004914,24.570024570024568,0.0,0.0,34.3980343980344,2.457002457002457,0.0,0.0,7.371007371007371,2.457002457002457,4.914004914004914,2.457002457002457,4.914004914004914
SJJK,33.898305084745765,4.842615012106537,104.11622276029055,2.4213075060532687,0.0,75.06053268765133,24.213075060532688,12.106537530266344,36.31961259079903,14.527845036319613,12.106537530266344,4.842615012106537,12.106537530266344,4.842615012106537,4.842615012106537,130.75060532687652,0.0,4.842615012106537,46.00484261501211,2.4213075060532687,0.0,0.0,4.842615012106537,16.949152542372882,0.0,0.0,0.0,0.0,0.0,0.0,0.0,0.0,0.0,0.0,7.263922518159807,2.4213075060532687,2.4213075060532687,9.685230024213075,82.32445520581113,36.31961259079903,12.106537530266344,108.95883777239709,0.5063938618925832,3.969309462915601,0.0,0.0,9.685230024213075,0.0,24.213075060532688,0.0,7.263922518159807,7.263922518159807,0.0,7.263922518159807,4.842615012106537,58.11138014527845,0.0,0.0,53.26876513317191,2.4213075060532687,0.0,0.0,0.0,0.0,12.106537530266344,0.0,21.791767554479417
SKDX,57.93450881612091,12.594458438287154,62.97229219143577,5.037783375314861,5.037783375314861,78.08564231738035,15.113350125944583,37.783375314861466,17.632241813602015,15.113350125944583,7.556675062972292,0.0,12.594458438287154,10.075566750629722,2.5188916876574305,186.39798488664988,0.0,0.0,45.34005037783375,0.0,2.5188916876574305,0.0,0.0,17.632241813602015,0.0,0.0,0.0,0.0,0.0,0.0,2.5188916876574305,0.0,0.0,0.0,0.0,0.0,2.5188916876574305,5.037783375314861,118.38790931989925,52.896725440806044,17.632241813602015,80.60453400503778,0.5924932975871313,4.501340482573727,0.0,0.0,0.0,0.0,10.075566750629722,0.0,2.5188916876574305,7.556675062972292,0.0,2.5188916876574305,0.0,25.188916876574307,0.0,2.5188916876574305,42.821158690176325,2.5188916876574305,0.0,0.0,5.037783375314861,5.037783375314861,12.594458438287154,0.0,5.037783375314861
SKEQ,37.406483790523694,7.481296758104738,82.29426433915212,4.987531172069826,4.987531172069826,62.34413965087282,19.950124688279303,29.92518703241895,17.456359102244388,17.456359102244388,7.481296758104738,0.0,19.950124688279303,7.481296758104738,2.493765586034913,211.9700748129676,0.0,0.0,32.418952618453865,0.0,0.0,2.493765586034913,0.0,12.468827930174564,0.0,0.0,0.0,2.493765586034913,2.493765586034913,0.0,4.987531172069826,0.0,0.0,0.0,0.0,4.987531172069826,4.987531172069826,9.975062344139651,74.81296758104739,29.92518703241895,0.0,82.29426433915212,0.633245382585752,4.116094986807388,0.0,0.0,2.493765586034913,0.0,12.468827930174564,2.493765586034913,7.481296758104738,4.987531172069826,2.493765586034913,7.481296758104738,14.962593516209475,27.43142144638404,2.493765586034913,0.0,49.87531172069826,7.481296758104738,0.0,0.0,0.0,0.0,2.493765586034913,0.0,17.456359102244388
SKJQ,40.96385542168675,16.867469879518072,62.65060240963856,4.819277108433735,2.4096385542168677,57.83132530120482,38.55421686746988,16.867469879518072,7.228915662650603,12.048192771084338,4.819277108433735,2.4096385542168677,16.867469879518072,2.4096385542168677,0.0,192.7710843373494,12.048192771084338,0.0,24.096385542168676,2.4096385542168677,0.0,0.0,2.4096385542168677,26.50602409638554,0.0,0.0,0.0,2.4096385542168677,0.0,0.0,0.0,0.0,0.0,0.0,0.0,0.0,4.819277108433735,7.228915662650603,84.33734939759036,28.91566265060241,16.867469879518072,93.97590361445783,0.5923076923076923,3.848717948717949,0.0,2.4096385542168677,4.819277108433735,2.4096385542168677,19.27710843373494,0.0,12.048192771084338,9.63855421686747,0.0,7.228915662650603,7.228915662650603,16.867469879518072,4.819277108433735,0.0,48.19277108433735,0.0,2.4096385542168677,0.0,2.4096385542168677,0.0,2.4096385542168677,0.0,21.686746987951807
SKKB,39.02439024390244,7.317073170731708,78.04878048780488,2.4390243902439024,4.878048780487805,65.85365853658537,19.51219512195122,12.195121951219512,24.390243902439025,2.4390243902439024,4.878048780487805,0.0,7.317073170731708,2.4390243902439024,0.0,209.7560975609756,2.4390243902439024,2.4390243902439024,24.390243902439025,0.0,0.0,0.0,0.0,12.195121951219512,0.0,0.0,0.0,0.0,0.0,0.0,2.4390243902439024,0.0,0.0,0.0,0.0,0.0,4.878048780487805,4.878048780487805,73.17073170731707,43.90243902439024,2.4390243902439024,117.07317073170732,0.6437659033078881,4.213740458015267,0.0,4.878048780487805,4.878048780487805,7.317073170731708,19.51219512195122,2.4390243902439024,2.4390243902439024,2.4390243902439024,2.4390243902439024,0.0,4.878048780487805,21.95121951219512,4.878048780487805,0.0,31.70731707317073,0.0,0.0,0.0,4.878048780487805,2.4390243902439024,9.75609756097561,0.0,17.073170731707318
SKL3,22.167487684729064,0.0,91.13300492610837,2.4630541871921183,4.926108374384237,46.79802955665024,14.778325123152708,4.926108374384237,27.093596059113302,7.389162561576354,7.389162561576354,0.0,14.778325123152708,9.852216748768473,4.926108374384237,253.6945812807882,2.4630541871921183,0.0,54.187192118226605,2.4630541871921183,2.4630541871921183,0.0,4.926108374384237,2.4630541871921183,2.4630541871921183,0.0,0.0,0.0,0.0,2.4630541871921183,0.0,0.0,0.0,0.0,0.0,0.0,4.926108374384237,4.926108374384237,100.98522167487685,27.093596059113302,12.315270935960593,88.66995073891626,0.5948051948051948,4.158441558441559,0.0,0.0,4.926108374384237,0.0,14.778325123152708,2.4630541871921183,14.778325123152708,4.926108374384237,0.0,2.4630541871921183,2.4630541871921183,24.630541871921185,0.0,0.0,46.79802955665024,0.0,0.0,0.0,2.4630541871921183,9.852216748768473,17.241379310344826,0.0,14.778325123152708
SKPX,14.962593516209475,9.975062344139651,77.3067331670823,0.0,7.481296758104738,29.92518703241895,9.975062344139651,32.418952618453865,42.394014962593516,0.0,2.493765586034913,4.987531172069826,12.468827930174564,0.0,0.0,221.94513715710724,2.493765586034913,0.0,39.900249376558605,0.0,0.0,0.0,0.0,14.962593516209475,2.493765586034913,0.0,0.0,2.493765586034913,0.0,0.0,0.0,0.0,0.0,0.0,0.0,0.0,2.493765586034913,4.987531172069826,94.76309226932668,37.406483790523694,9.975062344139651,62.34413965087282,0.555858310626703,3.9591280653950953,0.0,2.493765586034913,0.0,0.0,9.975062344139651,4.987531172069826,14.962593516209475,4.987531172069826,0.0,7.481296758104738,0.0,24.93765586034913,0.0,0.0,67.33167082294264,0.0,2.493765586034913,0.0,9.975062344139651,2.493765586034913,12.468827930174564,0.0,12.468827930174564
SKRZ,29.77667493796526,7.444168734491315,52.10918114143921,2.4813895781637716,9.925558312655086,57.07196029776674,22.332506203473944,4.962779156327543,14.88833746898263,4.962779156327543,4.962779156327543,2.4813895781637716,9.925558312655086,7.444168734491315,0.0,208.43672456575683,0.0,0.0,14.88833746898263,2.4813895781637716,0.0,0.0,0.0,7.444168734491315,0.0,0.0,4.962779156327543,0.0,4.962779156327543,0.0,0.0,0.0,0.0,0.0,0.0,0.0,4.962779156327543,2.4813895781637716,86.848635235732,32.25806451612903,7.444168734491315,91.81141439205956,0.5651041666666666,3.8645833333333335,0.0,0.0,2.4813895781637716,2.4813895781637716,12.40694789081886,2.4813895781637716,14.88833746898263,14.88833746898263,4.962779156327543,14.88833746898263,9.925558312655086,22.332506203473944,0.0,0.0,39.702233250620345,2.4813895781637716,0.0,0.0,9.925558312655086,7.444168734491315,12.40694789081886,2.4813895781637716,9.925558312655086
SL3R,4.938271604938271,7.407407407407407,125.92592592592591,0.0,7.407407407407407,81.4814814814815,24.691358024691358,22.22222222222222,12.345679012345679,2.4691358024691357,4.938271604938271,12.345679012345679,17.28395061728395,2.4691358024691357,2.4691358024691357,190.12345679012347,2.4691358024691357,0.0,59.25925925925926,2.4691358024691357,0.0,0.0,4.938271604938271,22.22222222222222,0.0,0.0,0.0,0.0,0.0,0.0,0.0,0.0,0.0,0.0,0.0,4.938271604938271,2.4691358024691357,2.4691358024691357,49.382716049382715,32.098765432098766,19.753086419753085,106.17283950617285,0.6094986807387863,4.002638522427441,0.0,2.4691358024691357,2.4691358024691357,2.4691358024691357,19.753086419753085,0.0,12.345679012345679,4.938271604938271,2.4691358024691357,7.407407407407407,2.4691358024691357,32.098765432098766,4.938271604938271,0.0,51.85185185185185,0.0,0.0,0.0,2.4691358024691357,7.407407407407407,12.345679012345679,0.0,17.28395061728395
SLDD,68.1265206812652,7.299270072992701,43.79562043795621,0.0,2.4330900243309004,90.02433090024331,31.630170316301705,7.299270072992701,7.299270072992701,4.866180048661801,4.866180048661801,2.4330900243309004,12.165450121654501,2.4330900243309004,2.4330900243309004,209.24574209245742,2.4330900243309004,0.0,19.464720194647203,0.0,0.0,0.0,0.0,9.732360097323602,0.0,2.4330900243309004,0.0,0.0,0.0,0.0,0.0,0.0,0.0,0.0,0.0,0.0,4.866180048661801,0.0,99.7566909975669,36.4963503649635,0.0,92.45742092457421,0.5948717948717949,4.212820512820513,0.0,0.0,0.0,7.299270072992701,21.897810218978105,4.866180048661801,7.299270072992701,4.866180048661801,0.0,7.299270072992701,7.299270072992701,26.7639902676399,2.4330900243309004,0.0,43.79562043795621,2.4330900243309004,0.0,2.4330900243309004,12.165450121654501,4.866180048661801,7.299270072992701,2.4330900243309004,14.598540145985401
SLRY,26.89486552567237,9.7799511002445,83.12958435207824,7.334963325183374,7.334963325183374,102.68948655256723,19.559902200489,17.114914425427873,17.114914425427873,7.334963325183374,9.7799511002445,4.88997555012225,12.224938875305625,2.444987775061125,4.88997555012225,171.14914425427875,0.0,2.444987775061125,34.229828850855746,0.0,0.0,0.0,2.444987775061125,7.334963325183374,0.0,0.0,0.0,0.0,0.0,0.0,0.0,0.0,0.0,0.0,0.0,0.0,0.0,4.88997555012225,100.24449877750611,26.89486552567237,0.0,124.69437652811736,0.5839793281653747,4.054263565891473,0.0,2.444987775061125,9.7799511002445,2.444987775061125,19.559902200489,2.444987775061125,2.444987775061125,7.334963325183374,0.0,7.334963325183374,9.7799511002445,24.44987775061125,0.0,0.0,48.8997555012225,2.444987775061125,0.0,0.0,9.7799511002445,2.444987775061125,19.559902200489,0.0,22.004889975550125
SM6Y,17.1990171990172,9.828009828009828,81.08108108108108,2.457002457002457,7.371007371007371,68.7960687960688,12.285012285012284,29.484029484029485,27.027027027027028,7.371007371007371,9.828009828009828,0.0,2.457002457002457,0.0,2.457002457002457,174.44717444717443,4.914004914004914,0.0,36.85503685503686,0.0,0.0,0.0,0.0,14.742014742014742,0.0,0.0,0.0,0.0,0.0,0.0,0.0,0.0,0.0,0.0,0.0,2.457002457002457,12.285012285012284,7.371007371007371,73.71007371007371,34.3980343980344,12.285012285012284,117.93611793611794,0.5669291338582677,3.8372703412073492,0.0,2.457002457002457,4.914004914004914,0.0,17.1990171990172,7.371007371007371,2.457002457002457,17.1990171990172,0.0,14.742014742014742,7.371007371007371,27.027027027027028,4.914004914004914,0.0,56.511056511056516,2.457002457002457,2.457002457002457,0.0,9.828009828009828,2.457002457002457,12.285012285012284,0.0,31.94103194103194
SMHY,19.32367149758454,9.66183574879227,55.55555555555555,2.4154589371980677,2.4154589371980677,55.55555555555555,9.66183574879227,21.73913043478261,12.077294685990339,2.4154589371980677,2.4154589371980677,14.492753623188406,4.830917874396135,0.0,2.4154589371980677,243.96135265700482,2.4154589371980677,2.4154589371980677,14.492753623188406,0.0,0.0,0.0,0.0,19.32367149758454,2.4154589371980677,0.0,0.0,2.4154589371980677,0.0,0.0,0.0,0.0,0.0,0.0,0.0,0.0,9.66183574879227,4.830917874396135,89.37198067632849,31.40096618357488,9.66183574879227,48.309178743961354,0.6086956521739131,3.969309462915601,2.4154589371980677,2.4154589371980677,0.0,0.0,7.246376811594203,0.0,12.077294685990339,7.246376811594203,2.4154589371980677,12.077294685990339,12.077294685990339,19.32367149758454,2.4154589371980677,0.0,38.64734299516908,0.0,2.4154589371980677,0.0,2.4154589371980677,7.246376811594203,12.077294685990339,4.830917874396135,14.492753623188406
SMK7,31.10047846889952,4.784688995215311,64.5933014354067,0.0,2.3923444976076556,78.94736842105263,21.5311004784689,21.5311004784689,16.74641148325359,0.0,16.74641148325359,11.961722488038278,7.177033492822967,0.0,0.0,203.34928229665073,4.784688995215311,0.0,19.138755980861244,0.0,0.0,0.0,2.3923444976076556,16.74641148325359,2.3923444976076556,0.0,0.0,0.0,0.0,0.0,0.0,0.0,0.0,0.0,0.0,0.0,4.784688995215311,4.784688995215311,66.98564593301435,35.88516746411483,9.569377990430622,86.1244019138756,0.5239294710327456,3.8916876574307304,0.0,0.0,11.961722488038278,0.0,9.569377990430622,0.0,7.177033492822967,14.354066985645934,0.0,7.177033492822967,9.569377990430622,26.31578947368421,0.0,0.0,35.88516746411483,7.177033492822967,2.3923444976076556,0.0,2.3923444976076556,9.569377990430622,21.5311004784689,0.0,19.138755980861244
SMVW,24.390243902439025,14.634146341463415,82.92682926829269,0.0,2.4390243902439024,65.85365853658537,17.073170731707318,14.634146341463415,24.390243902439025,2.4390243902439024,7.317073170731708,0.0,4.878048780487805,7.317073170731708,9.75609756097561,195.1219512195122,0.0,0.0,36.58536585365854,0.0,0.0,0.0,0.0,17.073170731707318,0.0,0.0,0.0,0.0,2.4390243902439024,0.0,0.0,0.0,0.0,0.0,0.0,7.317073170731708,2.4390243902439024,9.75609756097561,80.48780487804878,39.02439024390244,9.75609756097561,73.17073170731707,0.6041666666666666,4.2265625,2.4390243902439024,0.0,2.4390243902439024,0.0,12.195121951219512,4.878048780487805,9.75609756097561,4.878048780487805,2.4390243902439024,4.878048780487805,4.878048780487805,26.829268292682926,2.4390243902439024,0.0,48.78048780487805,2.4390243902439024,0.0,0.0,4.878048780487805,4.878048780487805,7.317073170731708,2.4390243902439024,19.51219512195122
SN26,4.9504950495049505,7.425742574257425,54.45544554455446,2.4752475247524752,0.0,22.277227722772277,2.4752475247524752,14.85148514851485,19.801980198019802,0.0,0.0,0.0,17.32673267326733,27.22772277227723,7.425742574257425,240.0990099009901,7.425742574257425,4.9504950495049505,17.32673267326733,0.0,2.4752475247524752,0.0,0.0,4.9504950495049505,2.4752475247524752,2.4752475247524752,0.0,0.0,2.4752475247524752,2.4752475247524752,0.0,0.0,2.4752475247524752,0.0,0.0,0.0,0.0,9.900990099009901,113.86138613861387,81.68316831683168,4.9504950495049505,54.45544554455446,0.6395939086294417,4.880710659898477,2.4752475247524752,2.4752475247524752,0.0,0.0,2.4752475247524752,0.0,7.425742574257425,2.4752475247524752,2.4752475247524752,7.425742574257425,2.4752475247524752,12.376237623762377,2.4752475247524752,0.0,19.801980198019802,0.0,0.0,0.0,4.9504950495049505,19.801980198019802,7.425742574257425,0.0,7.425742574257425
SN27,58.96805896805897,4.914004914004914,63.88206388206388,4.914004914004914,12.285012285012284,76.16707616707617,29.484029484029485,14.742014742014742,9.828009828009828,2.457002457002457,0.0,9.828009828009828,12.285012285012284,4.914004914004914,0.0,221.13022113022112,4.914004914004914,0.0,27.027027027027028,2.457002457002457,0.0,0.0,7.371007371007371,17.1990171990172,0.0,0.0,0.0,0.0,0.0,0.0,0.0,0.0,0.0,0.0,0.0,0.0,7.371007371007371,0.0,76.16707616707617,31.94103194103194,4.914004914004914,83.53808353808354,0.5788113695090439,3.7751937984496124,0.0,7.371007371007371,0.0,0.0,4.914004914004914,0.0,9.828009828009828,2.457002457002457,2.457002457002457,4.914004914004914,9.828009828009828,31.94103194103194,2.457002457002457,0.0,34.3980343980344,0.0,0.0,0.0,0.0,2.457002457002457,17.1990171990172,9.828009828009828,4.914004914004914
SN33,45.893719806763286,7.246376811594203,70.04830917874396,2.4154589371980677,7.246376811594203,55.55555555555555,31.40096618357488,14.492753623188406,21.73913043478261,4.830917874396135,7.246376811594203,9.66183574879227,14.492753623188406,2.4154589371980677,9.66183574879227,166.66666666666666,0.0,0.0,53.14009661835749,2.4154589371980677,0.0,0.0,0.0,19.32367149758454,0.0,0.0,0.0,0.0,0.0,0.0,2.4154589371980677,0.0,0.0,0.0,2.4154589371980677,0.0,2.4154589371980677,14.492753623188406,84.54106280193237,48.309178743961354,7.246376811594203,103.86473429951691,0.6030534351145038,3.94147582697201,0.0,0.0,0.0,2.4154589371980677,24.154589371980677,0.0,12.077294685990339,4.830917874396135,2.4154589371980677,7.246376811594203,7.246376811594203,19.32367149758454,0.0,4.830917874396135,45.893719806763286,2.4154589371980677,0.0,0.0,2.4154589371980677,4.830917874396135,24.154589371980677,2.4154589371980677,14.492753623188406
SN3D,19.656019656019655,12.285012285012284,81.08108108108108,7.371007371007371,0.0,46.68304668304668,24.570024570024568,2.457002457002457,24.570024570024568,12.285012285012284,7.371007371007371,9.828009828009828,12.285012285012284,0.0,9.828009828009828,206.38820638820638,2.457002457002457,0.0,36.85503685503686,2.457002457002457,0.0,0.0,0.0,19.656019656019655,0.0,0.0,2.457002457002457,0.0,0.0,0.0,0.0,0.0,0.0,0.0,2.457002457002457,0.0,2.457002457002457,4.914004914004914,103.19410319410319,34.3980343980344,7.371007371007371,81.08108108108108,0.5759162303664922,4.031413612565445,2.457002457002457,0.0,4.914004914004914,2.457002457002457,22.11302211302211,0.0,14.742014742014742,2.457002457002457,0.0,9.828009828009828,9.828009828009828,22.11302211302211,0.0,0.0,54.054054054054056,2.457002457002457,2.457002457002457,0.0,0.0,2.457002457002457,14.742014742014742,2.457002457002457,9.828009828009828
SNAC,29.92518703241895,12.468827930174564,62.34413965087282,4.987531172069826,9.975062344139651,64.83790523690773,42.394014962593516,0.0,34.912718204488776,4.987531172069826,4.987531172069826,2.493765586034913,4.987531172069826,2.493765586034913,0.0,187.03241895261846,4.987531172069826,0.0,22.443890274314214,2.493765586034913,0.0,0.0,0.0,19.950124688279303,2.493765586034913,0.0,0.0,0.0,0.0,0.0,0.0,0.0,0.0,0.0,0.0,0.0,4.987531172069826,7.481296758104738,72.31920199501248,27.43142144638404,4.987531172069826,87.28179551122194,0.6325459317585301,3.9658792650918637,2.493765586034913,2.493765586034913,0.0,0.0,12.468827930174564,0.0,12.468827930174564,4.987531172069826,4.987531172069826,12.468827930174564,2.493765586034913,17.456359102244388,2.493765586034913,0.0,39.900249376558605,0.0,0.0,0.0,2.493765586034913,2.493765586034913,12.468827930174564,0.0,9.975062344139651
SNCL,14.742014742014742,14.742014742014742,110.56511056511056,2.457002457002457,2.457002457002457,81.08108108108108,27.027027027027028,0.0,34.3980343980344,9.828009828009828,7.371007371007371,2.457002457002457,17.1990171990172,0.0,4.914004914004914,137.5921375921376,4.914004914004914,0.0,44.22604422604422,2.457002457002457,0.0,0.0,4.914004914004914,22.11302211302211,0.0,0.0,0.0,0.0,4.914004914004914,0.0,0.0,0.0,0.0,0.0,0.0,0.0,2.457002457002457,7.371007371007371,73.71007371007371,34.3980343980344,12.285012285012284,120.39312039312038,0.5893333333333334,4.045333333333334,2.457002457002457,4.914004914004914,9.828009828009828,0.0,12.285012285012284,0.0,9.828009828009828,12.285012285012284,2.457002457002457,2.457002457002457,4.914004914004914,24.570024570024568,4.914004914004914,0.0,73.71007371007371,0.0,0.0,0.0,7.371007371007371,2.457002457002457,14.742014742014742,0.0,19.656019656019655
SNLY,45.11278195488722,7.518796992481203,72.68170426065163,0.0,12.531328320802004,72.68170426065163,40.100250626566414,12.531328320802004,12.531328320802004,5.012531328320802,7.518796992481203,5.012531328320802,12.531328320802004,5.012531328320802,2.506265664160401,180.45112781954887,0.0,0.0,35.08771929824561,2.506265664160401,0.0,0.0,2.506265664160401,17.543859649122805,0.0,0.0,0.0,0.0,2.506265664160401,0.0,2.506265664160401,0.0,0.0,0.0,0.0,0.0,7.518796992481203,2.506265664160401,65.16290726817043,32.581453634085214,5.012531328320802,92.73182957393483,0.601063829787234,4.0611702127659575,2.506265664160401,2.506265664160401,7.518796992481203,0.0,10.025062656641603,12.531328320802004,17.543859649122805,10.025062656641603,0.0,12.531328320802004,5.012531328320802,27.56892230576441,7.518796992481203,0.0,47.61904761904761,0.0,0.0,0.0,7.518796992481203,0.0,7.518796992481203,0.0,12.531328320802004
SNNJ,51.597051597051596,7.371007371007371,54.054054054054056,4.914004914004914,7.371007371007371,76.16707616707617,17.1990171990172,14.742014742014742,27.027027027027028,4.914004914004914,7.371007371007371,14.742014742014742,17.1990171990172,4.914004914004914,2.457002457002457,191.64619164619165,2.457002457002457,0.0,36.85503685503686,0.0,0.0,0.0,2.457002457002457,19.656019656019655,0.0,0.0,0.0,0.0,0.0,0.0,2.457002457002457,0.0,0.0,0.0,0.0,2.457002457002457,9.828009828009828,12.285012285012284,73.71007371007371,31.94103194103194,9.828009828009828,90.9090909090909,0.6078947368421053,3.942105263157895,0.0,0.0,2.457002457002457,0.0,14.742014742014742,2.457002457002457,12.285012285012284,4.914004914004914,2.457002457002457,12.285012285012284,4.914004914004914,19.656019656019655,0.0,0.0,44.22604422604422,0.0,2.457002457002457,0.0,7.371007371007371,0.0,9.828009828009828,4.914004914004914,9.828009828009828
SNPP,50.25125628140704,0.0,90.45226130653266,2.512562814070352,2.512562814070352,47.73869346733668,45.22613065326633,25.12562814070352,40.20100502512563,10.050251256281408,10.050251256281408,0.0,30.15075376884422,5.025125628140704,5.025125628140704,193.4673366834171,0.0,0.0,37.688442211055275,0.0,0.0,0.0,0.0,12.56281407035176,0.0,0.0,2.512562814070352,0.0,2.512562814070352,0.0,5.025125628140704,0.0,0.0,0.0,5.025125628140704,0.0,5.025125628140704,5.025125628140704,77.88944723618091,22.613065326633166,12.56281407035176,80.40201005025126,0.5194805194805194,4.054545454545455,0.0,2.512562814070352,0.0,0.0,12.56281407035176,2.512562814070352,2.512562814070352,10.050251256281408,0.0,5.025125628140704,2.512562814070352,35.175879396984925,0.0,0.0,25.12562814070352,5.025125628140704,0.0,0.0,0.0,2.512562814070352,17.587939698492463,0.0,17.587939698492463
SNYG,46.228710462287104,2.4330900243309004,77.85888077858881,2.4330900243309004,9.732360097323602,48.661800486618006,21.897810218978105,12.165450121654501,26.7639902676399,7.299270072992701,2.4330900243309004,2.4330900243309004,14.598540145985401,2.4330900243309004,4.866180048661801,172.74939172749393,14.598540145985401,0.0,51.09489051094891,2.4330900243309004,0.0,0.0,4.866180048661801,26.7639902676399,0.0,0.0,0.0,0.0,2.4330900243309004,2.4330900243309004,0.0,0.0,0.0,0.0,0.0,2.4330900243309004,12.165450121654501,9.732360097323602,63.26034063260341,38.929440389294406,4.866180048661801,109.48905109489051,0.5636363636363636,3.851948051948052,0.0,9.732360097323602,0.0,2.4330900243309004,12.165450121654501,2.4330900243309004,24.330900243309003,7.299270072992701,0.0,7.299270072992701,9.732360097323602,24.330900243309003,0.0,0.0,60.82725060827251,2.4330900243309004,2.4330900243309004,0.0,2.4330900243309004,2.4330900243309004,4.866180048661801,2.4330900243309004,31.630170316301705
SP5U,41.56479217603912,0.0,63.56968215158924,2.444987775061125,0.0,51.344743276283616,31.78484107579462,19.559902200489,12.224938875305625,9.7799511002445,4.88997555012225,0.0,12.224938875305625,0.0,2.444987775061125,178.4841075794621,2.444987775061125,0.0,14.669926650366747,0.0,0.0,0.0,2.444987775061125,9.7799511002445,0.0,0.0,2.444987775061125,0.0,0.0,0.0,0.0,0.0,0.0,0.0,0.0,0.0,12.224938875305625,7.334963325183374,100.24449877750611,36.674816625916876,4.88997555012225,112.46943765281173,0.5205128205128206,3.617948717948718,0.0,0.0,0.0,0.0,9.7799511002445,2.444987775061125,14.669926650366747,7.334963325183374,0.0,7.334963325183374,4.88997555012225,17.114914425427873,2.444987775061125,0.0,41.56479217603912,2.444987775061125,0.0,0.0,2.444987775061125,4.88997555012225,9.7799511002445,0.0,26.89486552567237
SPC3,20.050125313283207,5.012531328320802,110.27568922305764,0.0,10.025062656641603,52.63157894736842,22.55639097744361,20.050125313283207,30.075187969924812,5.012531328320802,7.518796992481203,7.518796992481203,2.506265664160401,2.506265664160401,2.506265664160401,167.91979949874687,5.012531328320802,0.0,45.11278195488722,2.506265664160401,0.0,0.0,2.506265664160401,5.012531328320802,0.0,0.0,0.0,0.0,0.0,0.0,0.0,0.0,0.0,0.0,2.506265664160401,2.506265664160401,5.012531328320802,12.531328320802004,75.18796992481202,40.100250626566414,10.025062656641603,87.71929824561403,0.6106666666666667,3.962666666666667,2.506265664160401,0.0,0.0,2.506265664160401,12.531328320802004,2.506265664160401,7.518796992481203,15.037593984962406,5.012531328320802,5.012531328320802,7.518796992481203,20.050125313283207,10.025062656641603,0.0,52.63157894736842,0.0,0.0,0.0,0.0,12.531328320802004,10.025062656641603,2.506265664160401,22.55639097744361
SPVY,39.50617283950617,4.938271604938271,86.41975308641975,9.876543209876543,4.938271604938271,64.19753086419753,17.28395061728395,19.753086419753085,34.5679012345679,12.345679012345679,7.407407407407407,7.407407407407407,22.22222222222222,4.938271604938271,2.4691358024691357,143.20987654320987,2.4691358024691357,2.4691358024691357,49.382716049382715,2.4691358024691357,0.0,0.0,2.4691358024691357,24.691358024691358,7.407407407407407,0.0,0.0,0.0,2.4691358024691357,0.0,0.0,0.0,4.938271604938271,0.0,0.0,2.4691358024691357,4.938271604938271,7.407407407407407,74.07407407407408,44.44444444444444,9.876543209876543,91.35802469135803,0.648578811369509,4.198966408268734,0.0,0.0,2.4691358024691357,0.0,12.345679012345679,0.0,2.4691358024691357,4.938271604938271,0.0,9.876543209876543,9.876543209876543,34.5679012345679,4.938271604938271,0.0,44.44444444444444,2.4691358024691357,0.0,0.0,2.4691358024691357,4.938271604938271,14.814814814814815,2.4691358024691357,14.814814814814815
SQ2L,47.02970297029703,4.9504950495049505,61.88118811881188,0.0,14.85148514851485,59.4059405940594,42.07920792079208,29.7029702970297,24.752475247524753,7.425742574257425,14.85148514851485,9.900990099009901,19.801980198019802,9.900990099009901,2.4752475247524752,170.7920792079208,2.4752475247524752,0.0,32.17821782178218,0.0,0.0,0.0,7.425742574257425,7.425742574257425,0.0,0.0,2.4752475247524752,0.0,0.0,0.0,0.0,0.0,0.0,0.0,0.0,2.4752475247524752,2.4752475247524752,4.9504950495049505,103.96039603960395,22.277227722772277,12.376237623762377,99.00990099009901,0.5620052770448549,4.118733509234828,0.0,0.0,4.9504950495049505,4.9504950495049505,4.9504950495049505,7.425742574257425,22.277227722772277,12.376237623762377,0.0,9.900990099009901,7.425742574257425,27.22772277227723,4.9504950495049505,0.0,59.4059405940594,0.0,0.0,0.0,2.4752475247524752,4.9504950495049505,4.9504950495049505,0.0,27.22772277227723
SQ37,30.075187969924812,5.012531328320802,60.150375939849624,0.0,2.506265664160401,50.125313283208015,27.56892230576441,20.050125313283207,15.037593984962406,0.0,5.012531328320802,7.518796992481203,17.543859649122805,10.025062656641603,2.506265664160401,248.12030075187968,7.518796992481203,0.0,15.037593984962406,2.506265664160401,0.0,0.0,5.012531328320802,10.025062656641603,0.0,2.506265664160401,0.0,2.506265664160401,2.506265664160401,0.0,0.0,0.0,0.0,0.0,0.0,0.0,0.0,7.518796992481203,110.27568922305764,50.125313283208015,5.012531328320802,70.17543859649122,0.6481481481481481,4.634920634920635,0.0,5.012531328320802,2.506265664160401,0.0,17.543859649122805,0.0,12.531328320802004,12.531328320802004,0.0,5.012531328320802,7.518796992481203,27.56892230576441,0.0,0.0,40.100250626566414,0.0,0.0,0.0,5.012531328320802,2.506265664160401,5.012531328320802,2.506265664160401,12.531328320802004
SQ63,83.33333333333333,4.901960784313726,39.21568627450981,4.901960784313726,2.450980392156863,73.52941176470588,31.862745098039213,17.156862745098042,22.058823529411764,7.352941176470588,4.901960784313726,4.901960784313726,14.705882352941176,4.901960784313726,0.0,181.37254901960785,4.901960784313726,0.0,36.76470588235294,0.0,0.0,0.0,0.0,4.901960784313726,0.0,0.0,0.0,2.450980392156863,0.0,0.0,2.450980392156863,0.0,0.0,0.0,0.0,0.0,7.352941176470588,7.352941176470588,71.07843137254902,26.96078431372549,0.0,78.43137254901961,0.5572519083969466,4.076335877862595,0.0,0.0,0.0,4.901960784313726,19.607843137254903,9.803921568627452,9.803921568627452,7.352941176470588,0.0,7.352941176470588,9.803921568627452,24.509803921568626,0.0,0.0,29.41176470588235,4.901960784313726,0.0,0.0,4.901960784313726,2.450980392156863,14.705882352941176,2.450980392156863,22.058823529411764
SQ6T,67.8391959798995,5.025125628140704,65.32663316582915,7.537688442211055,7.537688442211055,65.32663316582915,10.050251256281408,7.537688442211055,25.12562814070352,2.512562814070352,10.050251256281408,2.512562814070352,22.613065326633166,5.025125628140704,2.512562814070352,173.36683417085428,12.56281407035176,0.0,35.175879396984925,0.0,0.0,0.0,0.0,32.663316582914575,0.0,0.0,0.0,2.512562814070352,5.025125628140704,0.0,2.512562814070352,0.0,0.0,2.512562814070352,2.512562814070352,0.0,5.025125628140704,7.537688442211055,67.8391959798995,42.713567839195974,2.512562814070352,100.50251256281408,0.6047120418848168,4.157068062827225,7.537688442211055,0.0,2.512562814070352,2.512562814070352,12.56281407035176,7.537688442211055,5.025125628140704,0.0,0.0,10.050251256281408,10.050251256281408,30.15075376884422,12.56281407035176,0.0,37.688442211055275,2.512562814070352,5.025125628140704,0.0,12.56281407035176,5.025125628140704,12.56281407035176,2.512562814070352,7.537688442211055
SQ6Z,34.65346534653466,14.85148514851485,89.10891089108911,7.425742574257425,9.900990099009901,66.83168316831683,29.7029702970297,7.425742574257425,7.425742574257425,4.9504950495049505,4.9504950495049505,2.4752475247524752,17.32673267326733,2.4752475247524752,2.4752475247524752,225.24752475247524,0.0,0.0,32.17821782178218,0.0,0.0,0.0,4.9504950495049505,19.801980198019802,2.4752475247524752,0.0,0.0,0.0,2.4752475247524752,0.0,0.0,0.0,0.0,0.0,0.0,0.0,9.900990099009901,2.4752475247524752,81.68316831683168,24.752475247524753,7.425742574257425,94.05940594059406,0.6047120418848168,4.146596858638744,2.4752475247524752,0.0,2.4752475247524752,0.0,7.425742574257425,0.0,7.425742574257425,7.425742574257425,0.0,2.4752475247524752,2.4752475247524752,9.900990099009901,0.0,2.4752475247524752,44.554455445544555,0.0,0.0,0.0,2.4752475247524752,17.32673267326733,22.277227722772277,0.0,9.900990099009901
SQE6,61.88118811881188,4.9504950495049505,47.02970297029703,2.4752475247524752,2.4752475247524752,59.4059405940594,12.376237623762377,19.801980198019802,37.12871287128713,2.4752475247524752,0.0,4.9504950495049505,12.376237623762377,4.9504950495049505,0.0,200.49504950495052,7.425742574257425,0.0,27.22772277227723,0.0,2.4752475247524752,0.0,2.4752475247524752,4.9504950495049505,2.4752475247524752,0.0,0.0,0.0,0.0,0.0,0.0,2.4752475247524752,0.0,0.0,0.0,0.0,2.4752475247524752,17.32673267326733,86.63366336633663,34.65346534653466,4.9504950495049505,64.35643564356435,0.5902061855670103,3.7396907216494846,2.4752475247524752,2.4752475247524752,2.4752475247524752,0.0,7.425742574257425,0.0,19.801980198019802,9.900990099009901,0.0,4.9504950495049505,9.900990099009901,24.752475247524753,2.4752475247524752,0.0,39.603960396039604,4.9504950495049505,0.0,0.0,0.0,7.425742574257425,24.752475247524753,7.425742574257425,4.9504950495049505
SQEF,24.875621890547265,14.925373134328359,79.60199004975124,2.487562189054726,9.950248756218905,62.18905472636816,22.388059701492537,7.462686567164179,24.875621890547265,4.975124378109452,4.975124378109452,4.975124378109452,19.90049751243781,2.487562189054726,2.487562189054726,179.1044776119403,7.462686567164179,0.0,34.82587064676617,0.0,0.0,0.0,0.0,22.388059701492537,0.0,0.0,0.0,0.0,2.487562189054726,0.0,4.975124378109452,0.0,0.0,0.0,0.0,2.487562189054726,4.975124378109452,4.975124378109452,72.13930348258707,37.31343283582089,0.0,89.55223880597015,0.6230366492146597,3.9764397905759163,2.487562189054726,0.0,0.0,0.0,12.437810945273633,0.0,7.462686567164179,12.437810945273633,0.0,14.925373134328359,4.975124378109452,22.388059701492537,4.975124378109452,0.0,49.75124378109453,2.487562189054726,0.0,0.0,2.487562189054726,4.975124378109452,14.925373134328359,0.0,4.975124378109452
SQRA,21.58273381294964,7.194244604316547,79.13669064748201,2.398081534772182,4.796163069544364,88.72901678657075,28.77697841726619,0.0,26.378896882494004,11.990407673860911,11.990407673860911,2.398081534772182,7.194244604316547,0.0,0.0,163.0695443645084,7.194244604316547,0.0,31.17505995203837,0.0,2.398081534772182,0.0,0.0,11.990407673860911,2.398081534772182,0.0,0.0,0.0,0.0,0.0,0.0,0.0,0.0,0.0,0.0,0.0,2.398081534772182,4.796163069544364,98.32134292565947,38.36930455635491,7.194244604316547,115.10791366906476,0.5289672544080605,3.972292191435768,4.796163069544364,0.0,9.592326139088728,4.796163069544364,19.184652278177456,0.0,9.592326139088728,9.592326139088728,0.0,4.796163069544364,2.398081534772182,19.184652278177456,0.0,2.398081534772182,40.7673860911271,0.0,2.398081534772182,2.398081534772182,4.796163069544364,2.398081534772182,7.194244604316547,0.0,16.786570743405274
SQU6,14.88833746898263,4.962779156327543,69.4789081885856,0.0,4.962779156327543,74.44168734491315,27.29528535980149,19.851116625310173,17.3697270471464,7.444168734491315,2.4813895781637716,7.444168734491315,9.925558312655086,7.444168734491315,2.4813895781637716,228.28784119106697,2.4813895781637716,0.0,29.77667493796526,0.0,2.4813895781637716,0.0,0.0,17.3697270471464,0.0,0.0,0.0,0.0,0.0,0.0,0.0,0.0,0.0,0.0,0.0,0.0,12.40694789081886,4.962779156327543,96.77419354838709,12.40694789081886,7.444168734491315,81.88585607940446,0.5470737913486005,4.0508905852417305,0.0,2.4813895781637716,0.0,0.0,4.962779156327543,0.0,9.925558312655086,32.25806451612903,0.0,9.925558312655086,12.40694789081886,9.925558312655086,0.0,0.0,24.81389578163772,0.0,0.0,0.0,7.444168734491315,0.0,19.851116625310173,0.0,9.925558312655086
SQX2,47.2636815920398,4.975124378109452,72.13930348258707,2.487562189054726,2.487562189054726,59.701492537313435,17.412935323383085,34.82587064676617,22.388059701492537,7.462686567164179,4.975124378109452,0.0,14.925373134328359,0.0,0.0,191.5422885572139,4.975124378109452,0.0,37.31343283582089,2.487562189054726,0.0,0.0,0.0,12.437810945273633,2.487562189054726,0.0,0.0,2.487562189054726,0.0,0.0,0.0,0.0,0.0,0.0,0.0,2.487562189054726,2.487562189054726,2.487562189054726,74.62686567164178,44.776119402985074,2.487562189054726,87.06467661691543,0.5984251968503937,3.905511811023622,0.0,0.0,2.487562189054726,2.487562189054726,14.925373134328359,0.0,14.925373134328359,7.462686567164179,0.0,2.487562189054726,7.462686567164179,29.850746268656717,0.0,0.0,44.776119402985074,2.487562189054726,0.0,0.0,0.0,2.487562189054726,12.437810945273633,0.0,19.90049751243781
SRDJ,41.3625304136253,7.299270072992701,68.1265206812652,0.0,4.866180048661801,68.1265206812652,2.4330900243309004,19.464720194647203,24.330900243309003,4.866180048661801,4.866180048661801,2.4330900243309004,17.0316301703163,2.4330900243309004,4.866180048661801,216.54501216545015,2.4330900243309004,0.0,21.897810218978105,0.0,0.0,0.0,2.4330900243309004,9.732360097323602,2.4330900243309004,0.0,0.0,0.0,2.4330900243309004,0.0,0.0,0.0,0.0,2.4330900243309004,0.0,0.0,7.299270072992701,7.299270072992701,94.8905109489051,36.4963503649635,2.4330900243309004,75.42579075425792,0.5939086294416244,4.159898477157361,0.0,0.0,2.4330900243309004,2.4330900243309004,21.897810218978105,0.0,21.897810218978105,2.4330900243309004,0.0,4.866180048661801,4.866180048661801,24.330900243309003,0.0,0.0,38.929440389294406,0.0,2.4330900243309004,0.0,0.0,9.732360097323602,12.165450121654501,4.866180048661801,4.866180048661801
SRF6,22.613065326633166,5.025125628140704,82.91457286432161,2.512562814070352,10.050251256281408,90.45226130653266,12.56281407035176,0.0,27.638190954773872,2.512562814070352,5.025125628140704,7.537688442211055,10.050251256281408,2.512562814070352,2.512562814070352,175.87939698492463,0.0,0.0,27.638190954773872,0.0,0.0,0.0,2.512562814070352,22.613065326633166,0.0,0.0,0.0,0.0,2.512562814070352,0.0,0.0,0.0,0.0,0.0,2.512562814070352,2.512562814070352,5.025125628140704,7.537688442211055,65.32663316582915,45.22613065326633,0.0,120.60301507537687,0.5718085106382979,4.0186170212765955,5.025125628140704,10.050251256281408,0.0,5.025125628140704,30.15075376884422,0.0,10.050251256281408,12.56281407035176,0.0,15.07537688442211,0.0,37.688442211055275,0.0,0.0,55.276381909547744,0.0,0.0,0.0,5.025125628140704,2.512562814070352,10.050251256281408,2.512562814070352,20.100502512562816
SRHV,49.01960784313725,9.803921568627452,102.94117647058823,9.803921568627452,4.901960784313726,75.98039215686273,22.058823529411764,22.058823529411764,26.96078431372549,4.901960784313726,2.450980392156863,7.352941176470588,14.705882352941176,0.0,0.0,174.01960784313724,7.352941176470588,0.0,46.568627450980394,0.0,0.0,0.0,0.0,22.058823529411764,2.450980392156863,0.0,0.0,0.0,0.0,0.0,2.450980392156863,0.0,0.0,0.0,0.0,0.0,2.450980392156863,14.705882352941176,63.725490196078425,24.509803921568626,17.156862745098042,88.23529411764706,0.5714285714285714,3.812169312169312,2.450980392156863,2.450980392156863,0.0,0.0,9.803921568627452,0.0,14.705882352941176,4.901960784313726,0.0,4.901960784313726,4.901960784313726,19.607843137254903,2.450980392156863,0.0,68.62745098039217,0.0,0.0,0.0,2.450980392156863,0.0,34.313725490196084,0.0,19.607843137254903
SRNT,5.037783375314861,12.594458438287154,115.86901763224182,2.5188916876574305,7.556675062972292,65.4911838790932,22.670025188916874,25.188916876574307,17.632241813602015,10.075566750629722,5.037783375314861,15.113350125944583,17.632241813602015,5.037783375314861,0.0,163.72795969773298,2.5188916876574305,0.0,42.821158690176325,0.0,0.0,0.0,0.0,22.670025188916874,0.0,0.0,0.0,5.037783375314861,0.0,0.0,2.5188916876574305,0.0,0.0,0.0,0.0,2.5188916876574305,5.037783375314861,5.037783375314861,78.08564231738035,35.26448362720403,15.113350125944583,100.75566750629723,0.6027027027027027,4.251351351351351,2.5188916876574305,2.5188916876574305,0.0,0.0,12.594458438287154,0.0,0.0,7.556675062972292,0.0,12.594458438287154,7.556675062972292,35.26448362720403,2.5188916876574305,0.0,65.4911838790932,2.5188916876574305,2.5188916876574305,0.0,7.556675062972292,5.037783375314861,5.037783375314861,2.5188916876574305,12.594458438287154
SRU7,19.607843137254903,0.0,83.33333333333333,0.0,4.901960784313726,88.23529411764706,12.254901960784313,0.0,31.862745098039213,14.705882352941176,9.803921568627452,0.0,12.254901960784313,14.705882352941176,7.352941176470588,149.50980392156862,12.254901960784313,0.0,34.313725490196084,0.0,0.0,0.0,4.901960784313726,17.156862745098042,0.0,0.0,0.0,0.0,2.450980392156863,0.0,0.0,0.0,0.0,0.0,0.0,0.0,9.803921568627452,0.0,85.7843137254902,51.470588235294116,14.705882352941176,95.58823529411764,0.583547557840617,3.93573264781491,4.901960784313726,0.0,4.901960784313726,0.0,26.96078431372549,2.450980392156863,2.450980392156863,12.254901960784313,0.0,12.254901960784313,7.352941176470588,26.96078431372549,2.450980392156863,0.0,44.11764705882353,2.450980392156863,2.450980392156863,0.0,2.450980392156863,0.0,17.156862745098042,0.0,19.607843137254903
SRW5,27.160493827160494,4.938271604938271,71.60493827160494,2.4691358024691357,4.938271604938271,69.1358024691358,29.62962962962963,0.0,19.753086419753085,4.938271604938271,12.345679012345679,0.0,17.28395061728395,0.0,7.407407407407407,182.71604938271605,7.407407407407407,0.0,37.03703703703704,2.4691358024691357,2.4691358024691357,0.0,2.4691358024691357,9.876543209876543,0.0,0.0,0.0,0.0,7.407407407407407,0.0,0.0,0.0,0.0,0.0,0.0,2.4691358024691357,2.4691358024691357,7.407407407407407,98.76543209876543,54.32098765432099,2.4691358024691357,91.35802469135803,0.5902061855670103,4.193298969072165,2.4691358024691357,0.0,2.4691358024691357,0.0,14.814814814814815,0.0,2.4691358024691357,4.938271604938271,0.0,12.345679012345679,12.345679012345679,39.50617283950617,7.407407407407407,0.0,39.50617283950617,2.4691358024691357,2.4691358024691357,0.0,4.938271604938271,4.938271604938271,17.28395061728395,0.0,14.814814814814815
ST62,63.56968215158924,2.444987775061125,46.45476772616137,0.0,2.444987775061125,66.01466992665037,26.89486552567237,4.88997555012225,12.224938875305625,7.334963325183374,2.444987775061125,0.0,14.669926650366747,9.7799511002445,0.0,205.37897310513446,2.444987775061125,2.444987775061125,29.339853300733495,0.0,0.0,0.0,7.334963325183374,19.559902200489,0.0,0.0,2.444987775061125,2.444987775061125,0.0,0.0,0.0,0.0,0.0,0.0,2.444987775061125,0.0,4.88997555012225,4.88997555012225,105.13447432762835,34.229828850855746,4.88997555012225,78.239608801956,0.5298507462686567,4.286069651741293,0.0,7.334963325183374,0.0,2.444987775061125,4.88997555012225,0.0,19.559902200489,9.7799511002445,0.0,2.444987775061125,9.7799511002445,39.119804400978,7.334963325183374,0.0,17.114914425427873,7.334963325183374,0.0,0.0,4.88997555012225,2.444987775061125,9.7799511002445,2.444987775061125,7.334963325183374
STAQ,27.160493827160494,4.938271604938271,98.76543209876543,2.4691358024691357,2.4691358024691357,76.54320987654322,41.97530864197531,17.28395061728395,17.28395061728395,2.4691358024691357,9.876543209876543,4.938271604938271,29.62962962962963,2.4691358024691357,2.4691358024691357,195.06172839506172,2.4691358024691357,0.0,41.97530864197531,0.0,0.0,0.0,0.0,7.407407407407407,0.0,0.0,0.0,0.0,2.4691358024691357,0.0,7.407407407407407,0.0,0.0,0.0,0.0,0.0,2.4691358024691357,2.4691358024691357,91.35802469135803,34.5679012345679,4.938271604938271,64.19753086419753,0.5868421052631579,3.7605263157894737,0.0,2.4691358024691357,0.0,0.0,7.407407407407407,2.4691358024691357,12.345679012345679,2.4691358024691357,0.0,9.876543209876543,9.876543209876543,27.160493827160494,0.0,0.0,61.72839506172839,0.0,2.4691358024691357,0.0,0.0,2.4691358024691357,12.345679012345679,4.938271604938271,12.345679012345679
STJD,19.138755980861244,14.354066985645934,93.30143540669856,4.784688995215311,7.177033492822967,88.51674641148325,7.177033492822967,9.569377990430622,14.354066985645934,2.3923444976076556,9.569377990430622,4.784688995215311,16.74641148325359,4.784688995215311,0.0,220.0956937799043,4.784688995215311,2.3923444976076556,26.31578947368421,0.0,0.0,0.0,2.3923444976076556,14.354066985645934,2.3923444976076556,0.0,0.0,0.0,0.0,0.0,2.3923444976076556,0.0,0.0,0.0,0.0,2.3923444976076556,4.784688995215311,4.784688995215311,64.5933014354067,45.45454545454545,9.569377990430622,90.9090909090909,0.6666666666666666,4.286821705426356,0.0,0.0,2.3923444976076556,7.177033492822967,14.354066985645934,0.0,9.569377990430622,11.961722488038278,0.0,11.961722488038278,7.177033492822967,26.31578947368421,4.784688995215311,2.3923444976076556,57.41626794258374,0.0,2.3923444976076556,0.0,4.784688995215311,4.784688995215311,4.784688995215311,0.0,11.961722488038278
STKH,48.309178743961354,7.246376811594203,57.971014492753625,2.4154589371980677,9.66183574879227,89.37198067632849,14.492753623188406,19.32367149758454,21.73913043478261,4.830917874396135,9.66183574879227,7.246376811594203,14.492753623188406,2.4154589371980677,0.0,169.08212560386474,7.246376811594203,0.0,28.985507246376812,0.0,0.0,0.0,0.0,31.40096618357488,4.830917874396135,0.0,0.0,0.0,0.0,0.0,0.0,0.0,0.0,0.0,2.4154589371980677,2.4154589371980677,2.4154589371980677,0.0,77.29468599033817,33.81642512077295,16.908212560386474,94.20289855072464,0.5778894472361809,3.969849246231156,0.0,4.830917874396135,4.830917874396135,0.0,9.66183574879227,0.0,9.66183574879227,4.830917874396135,2.4154589371980677,4.830917874396135,9.66183574879227,24.154589371980677,4.830917874396135,0.0,33.81642512077295,4.830917874396135,4.830917874396135,0.0,7.246376811594203,2.4154589371980677,19.32367149758454,2.4154589371980677,4.830917874396135
STNX,31.70731707317073,12.195121951219512,92.6829268292683,0.0,4.878048780487805,56.09756097560976,14.634146341463415,26.829268292682926,21.95121951219512,9.75609756097561,2.4390243902439024,4.878048780487805,12.195121951219512,12.195121951219512,4.878048780487805,202.43902439024393,4.878048780487805,0.0,41.463414634146346,0.0,0.0,0.0,0.0,19.51219512195122,2.4390243902439024,2.4390243902439024,0.0,4.878048780487805,0.0,0.0,2.4390243902439024,0.0,0.0,2.4390243902439024,2.4390243902439024,0.0,0.0,7.317073170731708,73.17073170731707,34.146341463414636,14.634146341463415,100.0,0.6377551020408163,4.446428571428571,2.4390243902439024,2.4390243902439024,0.0,2.4390243902439024,9.75609756097561,0.0,12.195121951219512,0.0,0.0,4.878048780487805,2.4390243902439024,29.26829268292683,0.0,2.4390243902439024,36.58536585365854,2.4390243902439024,0.0,2.4390243902439024,4.878048780487805,7.317073170731708,12.195121951219512,0.0,9.75609756097561
STRW,32.33830845771144,17.412935323383085,69.65174129353234,0.0,4.975124378109452,62.18905472636816,17.412935323383085,9.950248756218905,29.850746268656717,2.487562189054726,0.0,4.975124378109452,7.462686567164179,7.462686567164179,0.0,203.98009950248755,0.0,0.0,29.850746268656717,2.487562189054726,0.0,0.0,2.487562189054726,14.925373134328359,0.0,0.0,0.0,0.0,0.0,0.0,0.0,0.0,0.0,0.0,0.0,9.950248756218905,7.462686567164179,2.487562189054726,74.62686567164178,59.701492537313435,7.462686567164179,97.01492537313433,0.5748031496062992,3.9396325459317585,0.0,0.0,4.975124378109452,4.975124378109452,29.850746268656717,0.0,17.412935323383085,0.0,2.487562189054726,17.412935323383085,9.950248756218905,19.90049751243781,2.487562189054726,0.0,47.2636815920398,0.0,0.0,2.487562189054726,4.975124378109452,0.0,7.462686567164179,4.975124378109452,19.90049751243781
STW7,31.94103194103194,9.828009828009828,63.88206388206388,2.457002457002457,9.828009828009828,49.140049140049136,17.1990171990172,14.742014742014742,17.1990171990172,17.1990171990172,0.0,7.371007371007371,19.656019656019655,2.457002457002457,2.457002457002457,203.93120393120392,0.0,0.0,31.94103194103194,0.0,0.0,0.0,7.371007371007371,17.1990171990172,2.457002457002457,0.0,0.0,2.457002457002457,2.457002457002457,0.0,0.0,0.0,2.457002457002457,0.0,0.0,0.0,4.914004914004914,7.371007371007371,100.73710073710073,44.22604422604422,7.371007371007371,63.88206388206388,0.6122448979591837,4.0229591836734695,7.371007371007371,2.457002457002457,0.0,2.457002457002457,0.0,4.914004914004914,19.656019656019655,2.457002457002457,0.0,12.285012285012284,9.828009828009828,29.484029484029485,2.457002457002457,0.0,34.3980343980344,2.457002457002457,0.0,0.0,0.0,2.457002457002457,4.914004914004914,2.457002457002457,2.457002457002457
SU6W,17.28395061728395,17.28395061728395,93.82716049382717,2.4691358024691357,4.938271604938271,74.07407407407408,27.160493827160494,7.407407407407407,24.691358024691358,7.407407407407407,19.753086419753085,2.4691358024691357,17.28395061728395,4.938271604938271,2.4691358024691357,130.8641975308642,7.407407407407407,0.0,32.098765432098766,4.938271604938271,0.0,0.0,2.4691358024691357,9.876543209876543,7.407407407407407,0.0,0.0,0.0,0.0,2.4691358024691357,0.0,0.0,0.0,2.4691358024691357,0.0,0.0,4.938271604938271,14.814814814814815,86.41975308641975,44.44444444444444,2.4691358024691357,96.29629629629629,0.5892857142857143,4.5,9.876543209876543,2.4691358024691357,0.0,2.4691358024691357,4.938271604938271,0.0,0.0,17.28395061728395,0.0,9.876543209876543,2.4691358024691357,71.60493827160494,0.0,0.0,29.62962962962963,0.0,2.4691358024691357,0.0,4.938271604938271,9.876543209876543,9.876543209876543,0.0,7.407407407407407
SUGJ,9.828009828009828,12.285012285012284,68.7960687960688,0.0,4.914004914004914,49.140049140049136,4.914004914004914,4.914004914004914,9.828009828009828,9.828009828009828,4.914004914004914,4.914004914004914,14.742014742014742,7.371007371007371,7.371007371007371,213.75921375921376,4.914004914004914,0.0,24.570024570024568,0.0,0.0,0.0,4.914004914004914,22.11302211302211,0.0,0.0,2.457002457002457,2.457002457002457,2.457002457002457,0.0,0.0,0.0,0.0,0.0,0.0,0.0,4.914004914004914,4.914004914004914,100.73710073710073,54.054054054054056,4.914004914004914,81.08108108108108,0.5959079283887468,4.268542199488491,2.457002457002457,2.457002457002457,4.914004914004914,2.457002457002457,19.656019656019655,2.457002457002457,9.828009828009828,14.742014742014742,0.0,4.914004914004914,9.828009828009828,19.656019656019655,4.914004914004914,0.0,39.31203931203931,0.0,2.457002457002457,0.0,9.828009828009828,4.914004914004914,9.828009828009828,0.0,12.285012285012284
SUNM,24.691358024691358,27.160493827160494,76.54320987654322,2.4691358024691357,7.407407407407407,61.72839506172839,19.753086419753085,27.160493827160494,12.345679012345679,2.4691358024691357,0.0,7.407407407407407,7.407407407407407,2.4691358024691357,2.4691358024691357,185.18518518518516,2.4691358024691357,0.0,34.5679012345679,0.0,0.0,0.0,4.938271604938271,34.5679012345679,0.0,0.0,0.0,0.0,0.0,0.0,0.0,0.0,0.0,0.0,0.0,0.0,0.0,2.4691358024691357,86.41975308641975,46.91358024691358,12.345679012345679,98.76543209876543,0.6138107416879796,3.8925831202046037,2.4691358024691357,2.4691358024691357,2.4691358024691357,0.0,22.22222222222222,0.0,4.938271604938271,0.0,0.0,9.876543209876543,0.0,32.098765432098766,0.0,0.0,29.62962962962963,2.4691358024691357,4.938271604938271,2.4691358024691357,4.938271604938271,2.4691358024691357,12.345679012345679,0.0,7.407407407407407
SUTB,59.12596401028278,5.141388174807197,61.696658097686374,5.141388174807197,7.712082262210797,74.55012853470437,12.853470437017995,7.712082262210797,28.27763496143959,2.5706940874035986,10.282776349614394,0.0,12.853470437017995,0.0,2.5706940874035986,203.08483290488434,0.0,0.0,51.41388174807198,0.0,0.0,0.0,0.0,15.424164524421593,0.0,0.0,0.0,2.5706940874035986,0.0,0.0,0.0,0.0,0.0,0.0,0.0,0.0,7.712082262210797,5.141388174807197,89.97429305912597,56.55526992287918,15.424164524421593,87.40359897172237,0.6205962059620597,4.276422764227642,0.0,0.0,2.5706940874035986,2.5706940874035986,15.424164524421593,5.141388174807197,7.712082262210797,5.141388174807197,2.5706940874035986,5.141388174807197,2.5706940874035986,15.424164524421593,2.5706940874035986,0.0,38.56041131105398,0.0,7.712082262210797,0.0,0.0,0.0,20.56555269922879,0.0,7.712082262210797
SUUE,32.48259860788863,2.320185614849188,85.84686774941996,0.0,4.640371229698376,74.24593967517401,30.162412993039442,9.280742459396752,11.600928074245939,9.280742459396752,9.280742459396752,4.640371229698376,18.561484918793504,4.640371229698376,4.640371229698376,183.29466357308584,0.0,0.0,46.403712296983755,2.320185614849188,0.0,0.0,0.0,16.241299303944317,0.0,0.0,0.0,0.0,0.0,0.0,0.0,0.0,0.0,0.0,2.320185614849188,6.960556844547564,6.960556844547564,2.320185614849188,74.24593967517401,23.201856148491878,13.921113689095128,109.04872389791183,0.5942028985507246,4.243961352657005,2.320185614849188,0.0,4.640371229698376,4.640371229698376,13.921113689095128,0.0,6.960556844547564,9.280742459396752,4.640371229698376,4.640371229698376,9.280742459396752,23.201856148491878,2.320185614849188,0.0,37.12296983758701,0.0,0.0,0.0,2.320185614849188,9.280742459396752,20.88167053364269,2.320185614849188,18.561484918793504
SUWQ,37.87878787878788,12.626262626262626,53.03030303030303,0.0,5.050505050505051,73.23232323232324,20.202020202020204,0.0,20.202020202020204,0.0,2.5252525252525255,0.0,12.626262626262626,5.050505050505051,0.0,222.2222222222222,5.050505050505051,0.0,32.82828282828283,0.0,0.0,0.0,2.5252525252525255,12.626262626262626,0.0,0.0,5.050505050505051,0.0,2.5252525252525255,0.0,0.0,0.0,0.0,0.0,2.5252525252525255,0.0,5.050505050505051,5.050505050505051,98.48484848484848,42.92929292929293,10.101010101010102,90.9090909090909,0.6253298153034301,4.2321899736147754,2.5252525252525255,2.5252525252525255,0.0,0.0,7.575757575757576,0.0,10.101010101010102,7.575757575757576,2.5252525252525255,10.101010101010102,2.5252525252525255,20.202020202020204,2.5252525252525255,0.0,32.82828282828283,0.0,0.0,0.0,0.0,0.0,12.626262626262626,0.0,20.202020202020204
SV3M,19.801980198019802,9.900990099009901,76.73267326732673,2.4752475247524752,7.425742574257425,54.45544554455446,24.752475247524753,0.0,32.17821782178218,0.0,7.425742574257425,0.0,12.376237623762377,7.425742574257425,2.4752475247524752,202.97029702970298,2.4752475247524752,0.0,29.7029702970297,7.425742574257425,0.0,0.0,2.4752475247524752,12.376237623762377,0.0,0.0,2.4752475247524752,2.4752475247524752,2.4752475247524752,0.0,0.0,0.0,0.0,0.0,0.0,2.4752475247524752,2.4752475247524752,0.0,99.00990099009901,39.603960396039604,7.425742574257425,89.10891089108911,0.5744125326370757,4.198433420365535,0.0,0.0,2.4752475247524752,0.0,9.900990099009901,4.9504950495049505,14.85148514851485,9.900990099009901,0.0,7.425742574257425,9.900990099009901,27.22772277227723,2.4752475247524752,0.0,47.02970297029703,0.0,0.0,0.0,2.4752475247524752,7.425742574257425,14.85148514851485,0.0,22.277227722772277
SVBB,26.7639902676399,7.299270072992701,60.82725060827251,2.4330900243309004,0.0,77.85888077858881,7.299270072992701,0.0,26.7639902676399,12.165450121654501,2.4330900243309004,0.0,9.732360097323602,14.598540145985401,2.4330900243309004,182.4817518248175,0.0,0.0,38.929440389294406,0.0,2.4330900243309004,0.0,2.4330900243309004,24.330900243309003,0.0,0.0,0.0,0.0,0.0,0.0,0.0,0.0,0.0,0.0,0.0,0.0,0.0,7.299270072992701,94.8905109489051,53.5279805352798,0.0,102.18978102189782,0.5618811881188119,4.247524752475248,4.866180048661801,0.0,4.866180048661801,4.866180048661801,19.464720194647203,0.0,9.732360097323602,26.7639902676399,0.0,0.0,4.866180048661801,31.630170316301705,2.4330900243309004,2.4330900243309004,12.165450121654501,0.0,0.0,0.0,4.866180048661801,14.598540145985401,4.866180048661801,0.0,7.299270072992701
SVD4,42.183622828784124,7.444168734491315,76.92307692307693,7.444168734491315,4.962779156327543,64.51612903225806,24.81389578163772,0.0,17.3697270471464,9.925558312655086,0.0,4.962779156327543,9.925558312655086,2.4813895781637716,0.0,210.91811414392058,0.0,0.0,54.59057071960298,2.4813895781637716,0.0,0.0,0.0,17.3697270471464,0.0,0.0,0.0,0.0,2.4813895781637716,0.0,0.0,0.0,0.0,0.0,0.0,0.0,4.962779156327543,2.4813895781637716,71.96029776674938,29.77667493796526,9.925558312655086,111.66253101736973,0.6272965879265092,3.8976377952755907,2.4813895781637716,4.962779156327543,2.4813895781637716,0.0,9.925558312655086,2.4813895781637716,2.4813895781637716,4.962779156327543,0.0,4.962779156327543,9.925558312655086,12.40694789081886,2.4813895781637716,0.0,54.59057071960298,0.0,0.0,0.0,0.0,0.0,7.444168734491315,2.4813895781637716,22.332506203473944
SVH7,32.911392405063296,17.721518987341774,75.9493670886076,0.0,2.5316455696202533,63.29113924050633,12.658227848101266,12.658227848101266,17.721518987341774,15.189873417721518,5.063291139240507,7.594936708860759,17.721518987341774,2.5316455696202533,5.063291139240507,210.126582278481,2.5316455696202533,2.5316455696202533,17.721518987341774,0.0,2.5316455696202533,0.0,0.0,5.063291139240507,2.5316455696202533,0.0,2.5316455696202533,0.0,0.0,0.0,5.063291139240507,0.0,0.0,2.5316455696202533,0.0,2.5316455696202533,2.5316455696202533,5.063291139240507,113.92405063291139,32.911392405063296,2.5316455696202533,81.0126582278481,0.6784741144414169,4.201634877384196,5.063291139240507,2.5316455696202533,2.5316455696202533,0.0,15.189873417721518,2.5316455696202533,7.594936708860759,5.063291139240507,2.5316455696202533,5.063291139240507,2.5316455696202533,32.911392405063296,0.0,0.0,48.10126582278481,2.5316455696202533,0.0,0.0,7.594936708860759,5.063291139240507,7.594936708860759,2.5316455696202533,12.658227848101266
SVNL,31.553398058252426,12.135922330097086,75.24271844660194,0.0,9.70873786407767,53.398058252427184,29.12621359223301,12.135922330097086,24.271844660194173,7.281553398058253,9.70873786407767,7.281553398058253,21.844660194174757,2.4271844660194173,0.0,206.31067961165047,7.281553398058253,0.0,33.980582524271846,2.4271844660194173,0.0,0.0,0.0,14.563106796116505,2.4271844660194173,0.0,0.0,0.0,0.0,0.0,2.4271844660194173,0.0,0.0,0.0,0.0,0.0,4.854368932038835,4.854368932038835,104.36893203883494,21.844660194174757,7.281553398058253,63.10679611650485,0.5729166666666666,3.921875,0.0,2.4271844660194173,2.4271844660194173,0.0,2.4271844660194173,0.0,4.854368932038835,14.563106796116505,0.0,9.70873786407767,12.135922330097086,21.844660194174757,2.4271844660194173,0.0,60.67961165048544,0.0,4.854368932038835,0.0,2.4271844660194173,0.0,14.563106796116505,0.0,12.135922330097086
SVT6,35.26448362720403,7.556675062972292,70.52896725440806,0.0,7.556675062972292,62.97229219143577,25.188916876574307,0.0,27.707808564231737,2.5188916876574305,5.037783375314861,2.5188916876574305,7.556675062972292,5.037783375314861,2.5188916876574305,176.32241813602016,0.0,0.0,47.858942065491185,2.5188916876574305,0.0,0.0,0.0,12.594458438287154,2.5188916876574305,0.0,0.0,0.0,0.0,0.0,0.0,0.0,0.0,0.0,0.0,0.0,2.5188916876574305,5.037783375314861,100.75566750629723,37.783375314861466,10.075566750629722,110.83123425692695,0.566579634464752,4.052219321148825,0.0,2.5188916876574305,5.037783375314861,0.0,17.632241813602015,2.5188916876574305,12.594458438287154,2.5188916876574305,0.0,0.0,0.0,17.632241813602015,0.0,2.5188916876574305,35.26448362720403,0.0,2.5188916876574305,0.0,0.0,15.113350125944583,25.188916876574307,0.0,20.151133501259444
SW55,29.92518703241895,17.456359102244388,77.3067331670823,4.987531172069826,2.493765586034913,67.33167082294264,39.900249376558605,17.456359102244388,19.950124688279303,12.468827930174564,0.0,4.987531172069826,24.93765586034913,2.493765586034913,7.481296758104738,182.04488778054863,4.987531172069826,0.0,37.406483790523694,2.493765586034913,0.0,0.0,2.493765586034913,19.950124688279303,2.493765586034913,0.0,0.0,0.0,0.0,0.0,0.0,0.0,0.0,0.0,0.0,0.0,4.987531172069826,2.493765586034913,92.26932668329177,27.43142144638404,9.975062344139651,87.28179551122194,0.596816976127321,4.270557029177719,2.493765586034913,2.493765586034913,7.481296758104738,0.0,4.987531172069826,0.0,12.468827930174564,14.962593516209475,0.0,7.481296758104738,4.987531172069826,17.456359102244388,0.0,0.0,54.86284289276808,0.0,2.493765586034913,0.0,2.493765586034913,9.975062344139651,9.975062344139651,0.0,14.962593516209475
SWLR,26.378896882494004,7.194244604316547,59.95203836930456,4.796163069544364,7.194244604316547,57.55395683453238,11.990407673860911,9.592326139088728,14.388489208633095,0.0,7.194244604316547,2.398081534772182,19.184652278177456,0.0,2.398081534772182,203.8369304556355,11.990407673860911,4.796163069544364,26.378896882494004,0.0,0.0,0.0,2.398081534772182,11.990407673860911,2.398081534772182,0.0,0.0,2.398081534772182,2.398081534772182,0.0,2.398081534772182,0.0,0.0,0.0,0.0,2.398081534772182,9.592326139088728,14.388489208633095,105.51558752997602,31.17505995203837,7.194244604316547,71.94244604316546,0.6091370558375635,3.685279187817259,0.0,0.0,0.0,0.0,4.796163069544364,0.0,16.786570743405274,9.592326139088728,2.398081534772182,7.194244604316547,2.398081534772182,21.58273381294964,0.0,0.0,59.95203836930456,4.796163069544364,0.0,0.0,4.796163069544364,0.0,7.194244604316547,0.0,16.786570743405274
SWU3,19.801980198019802,14.85148514851485,121.28712871287128,0.0,17.32673267326733,106.43564356435644,17.32673267326733,29.7029702970297,19.801980198019802,12.376237623762377,7.425742574257425,2.4752475247524752,24.752475247524753,2.4752475247524752,2.4752475247524752,146.03960396039602,2.4752475247524752,0.0,49.504950495049506,0.0,2.4752475247524752,2.4752475247524752,7.425742574257425,2.4752475247524752,0.0,2.4752475247524752,0.0,0.0,0.0,0.0,2.4752475247524752,0.0,0.0,0.0,0.0,0.0,4.9504950495049505,0.0,66.83168316831683,29.7029702970297,2.4752475247524752,128.7128712871287,0.5634920634920635,4.142857142857143,4.9504950495049505,7.425742574257425,0.0,0.0,19.801980198019802,2.4752475247524752,7.425742574257425,4.9504950495049505,2.4752475247524752,12.376237623762377,17.32673267326733,32.17821782178218,12.376237623762377,0.0,61.88118811881188,0.0,0.0,0.0,7.425742574257425,2.4752475247524752,17.32673267326733,0.0,17.32673267326733
SWU6,76.73267326732673,4.9504950495049505,44.554455445544555,4.9504950495049505,0.0,89.10891089108911,9.900990099009901,27.22772277227723,24.752475247524753,2.4752475247524752,0.0,4.9504950495049505,9.900990099009901,4.9504950495049505,0.0,225.24752475247524,2.4752475247524752,0.0,29.7029702970297,2.4752475247524752,0.0,0.0,0.0,7.425742574257425,0.0,0.0,0.0,0.0,0.0,0.0,2.4752475247524752,0.0,0.0,0.0,0.0,0.0,0.0,0.0,76.73267326732673,42.07920792079208,2.4752475247524752,64.35643564356435,0.5891472868217055,3.9405684754521966,2.4752475247524752,0.0,2.4752475247524752,0.0,7.425742574257425,2.4752475247524752,12.376237623762377,0.0,2.4752475247524752,12.376237623762377,7.425742574257425,17.32673267326733,0.0,0.0,47.02970297029703,2.4752475247524752,0.0,0.0,0.0,0.0,19.801980198019802,4.9504950495049505,12.376237623762377
SWW8,40.66985645933014,7.177033492822967,81.33971291866028,0.0,9.569377990430622,59.80861244019139,14.354066985645934,31.10047846889952,14.354066985645934,7.177033492822967,0.0,0.0,9.569377990430622,2.3923444976076556,2.3923444976076556,227.27272727272725,4.784688995215311,0.0,26.31578947368421,0.0,0.0,0.0,0.0,16.74641148325359,0.0,2.3923444976076556,0.0,0.0,0.0,0.0,7.177033492822967,0.0,0.0,0.0,0.0,2.3923444976076556,2.3923444976076556,0.0,88.51674641148325,47.84688995215311,9.569377990430622,76.55502392344498,0.6246851385390428,4.1914357682619645,0.0,2.3923444976076556,0.0,0.0,11.961722488038278,0.0,4.784688995215311,0.0,0.0,2.3923444976076556,11.961722488038278,40.66985645933014,7.177033492822967,2.3923444976076556,38.27751196172249,0.0,0.0,0.0,0.0,4.784688995215311,4.784688995215311,2.3923444976076556,16.74641148325359
SWYP,47.61904761904761,7.142857142857142,47.61904761904761,2.3809523809523814,2.3809523809523814,64.28571428571428,16.666666666666668,14.285714285714285,14.285714285714285,0.0,0.0,7.142857142857142,9.523809523809526,2.3809523809523814,2.3809523809523814,209.52380952380952,4.761904761904763,0.0,21.428571428571427,0.0,0.0,0.0,4.761904761904763,11.904761904761903,0.0,0.0,0.0,0.0,0.0,0.0,0.0,0.0,0.0,0.0,0.0,0.0,4.761904761904763,9.523809523809526,116.66666666666667,42.857142857142854,4.761904761904763,69.04761904761905,0.6130653266331658,3.871859296482412,0.0,2.3809523809523814,2.3809523809523814,0.0,4.761904761904763,0.0,21.428571428571427,4.761904761904763,0.0,9.523809523809526,4.761904761904763,23.809523809523807,2.3809523809523814,0.0,61.904761904761905,0.0,4.761904761904763,0.0,0.0,2.3809523809523814,7.142857142857142,2.3809523809523814,14.285714285714285
SWZA,35.08771929824561,12.531328320802004,90.22556390977444,5.012531328320802,7.518796992481203,60.150375939849624,15.037593984962406,15.037593984962406,27.56892230576441,7.518796992481203,5.012531328320802,5.012531328320802,7.518796992481203,5.012531328320802,0.0,197.99498746867167,7.518796992481203,0.0,42.606516290726816,0.0,0.0,0.0,0.0,17.543859649122805,0.0,0.0,0.0,0.0,0.0,0.0,0.0,0.0,0.0,2.506265664160401,0.0,0.0,7.518796992481203,2.506265664160401,75.18796992481202,35.08771929824561,12.531328320802004,92.73182957393483,0.5733333333333334,3.981333333333333,0.0,0.0,0.0,0.0,7.518796992481203,5.012531328320802,10.025062656641603,2.506265664160401,0.0,5.012531328320802,5.012531328320802,35.08771929824561,2.506265664160401,0.0,57.64411027568922,2.506265664160401,0.0,0.0,0.0,12.531328320802004,17.543859649122805,0.0,20.050125313283207
SX2V,52.76381909547739,0.0,87.93969849246231,5.025125628140704,15.07537688442211,70.35175879396985,20.100502512562816,37.688442211055275,25.12562814070352,0.0,2.512562814070352,0.0,25.12562814070352,0.0,0.0,193.4673366834171,2.512562814070352,0.0,45.22613065326633,0.0,0.0,0.0,10.050251256281408,15.07537688442211,0.0,0.0,0.0,0.0,0.0,0.0,0.0,0.0,0.0,0.0,5.025125628140704,0.0,5.025125628140704,10.050251256281408,65.32663316582915,37.688442211055275,2.512562814070352,115.57788944723619,0.579088471849866,3.9195710455764075,0.0,2.512562814070352,0.0,0.0,10.050251256281408,10.050251256281408,5.025125628140704,0.0,5.025125628140704,5.025125628140704,15.07537688442211,20.100502512562816,0.0,0.0,52.76381909547739,2.512562814070352,0.0,0.0,2.512562814070352,0.0,10.050251256281408,2.512562814070352,22.613065326633166
SX3B,24.752475247524753,7.425742574257425,84.15841584158416,0.0,7.425742574257425,39.603960396039604,29.7029702970297,12.376237623762377,39.603960396039604,9.900990099009901,2.4752475247524752,2.4752475247524752,9.900990099009901,7.425742574257425,4.9504950495049505,160.8910891089109,2.4752475247524752,0.0,51.980198019801975,2.4752475247524752,0.0,0.0,0.0,22.277227722772277,0.0,0.0,0.0,0.0,0.0,0.0,0.0,0.0,0.0,0.0,0.0,4.9504950495049505,4.9504950495049505,14.85148514851485,94.05940594059406,32.17821782178218,17.32673267326733,113.86138613861387,0.5905511811023622,3.9973753280839897,2.4752475247524752,4.9504950495049505,2.4752475247524752,2.4752475247524752,24.752475247524753,4.9504950495049505,19.801980198019802,9.900990099009901,2.4752475247524752,4.9504950495049505,9.900990099009901,12.376237623762377,2.4752475247524752,0.0,42.07920792079208,2.4752475247524752,0.0,0.0,7.425742574257425,0.0,12.376237623762377,9.900990099009901,12.376237623762377
SXBE,4.830917874396135,9.66183574879227,79.71014492753622,7.246376811594203,4.830917874396135,86.95652173913044,19.32367149758454,2.4154589371980677,24.154589371980677,9.66183574879227,4.830917874396135,4.830917874396135,14.492753623188406,7.246376811594203,4.830917874396135,159.42028985507244,7.246376811594203,0.0,31.40096618357488,0.0,0.0,0.0,2.4154589371980677,16.908212560386474,2.4154589371980677,0.0,0.0,0.0,0.0,0.0,0.0,0.0,2.4154589371980677,0.0,0.0,0.0,14.492753623188406,2.4154589371980677,94.20289855072464,43.47826086956522,14.492753623188406,82.1256038647343,0.5793450881612091,4.151133501259446,7.246376811594203,0.0,7.246376811594203,0.0,4.830917874396135,4.830917874396135,12.077294685990339,21.73913043478261,0.0,9.66183574879227,7.246376811594203,45.893719806763286,4.830917874396135,0.0,38.64734299516908,4.830917874396135,0.0,0.0,2.4154589371980677,0.0,14.492753623188406,2.4154589371980677,12.077294685990339
SXDQ,41.2621359223301,7.281553398058253,87.37864077669903,0.0,7.281553398058253,50.970873786407765,31.553398058252426,4.854368932038835,29.12621359223301,12.135922330097086,2.4271844660194173,7.281553398058253,9.70873786407767,4.854368932038835,0.0,223.3009708737864,7.281553398058253,0.0,38.83495145631068,0.0,0.0,0.0,0.0,7.281553398058253,2.4271844660194173,0.0,0.0,0.0,0.0,0.0,2.4271844660194173,0.0,0.0,0.0,0.0,2.4271844660194173,0.0,7.281553398058253,82.5242718446602,33.980582524271846,9.70873786407767,70.3883495145631,0.5916230366492147,3.730366492146597,0.0,0.0,0.0,0.0,4.854368932038835,0.0,12.135922330097086,4.854368932038835,2.4271844660194173,12.135922330097086,7.281553398058253,21.844660194174757,0.0,0.0,80.09708737864078,0.0,0.0,0.0,2.4271844660194173,2.4271844660194173,2.4271844660194173,2.4271844660194173,4.854368932038835
SXKQ,12.56281407035176,10.050251256281408,108.04020100502512,2.512562814070352,5.025125628140704,65.32663316582915,45.22613065326633,10.050251256281408,37.688442211055275,5.025125628140704,2.512562814070352,10.050251256281408,17.587939698492463,2.512562814070352,0.0,163.31658291457288,0.0,0.0,32.663316582914575,0.0,0.0,0.0,7.537688442211055,17.587939698492463,0.0,0.0,0.0,0.0,2.512562814070352,0.0,0.0,0.0,0.0,0.0,0.0,0.0,7.537688442211055,10.050251256281408,60.30150753768844,32.663316582914575,7.537688442211055,85.42713567839195,0.5397260273972603,3.789041095890411,0.0,0.0,0.0,0.0,20.100502512562816,2.512562814070352,12.56281407035176,5.025125628140704,0.0,15.07537688442211,15.07537688442211,32.663316582914575,2.512562814070352,0.0,85.42713567839195,2.512562814070352,0.0,0.0,2.512562814070352,2.512562814070352,17.587939698492463,5.025125628140704,15.07537688442211
SXQ6,2.4813895781637716,4.962779156327543,91.81141439205956,2.4813895781637716,12.40694789081886,76.92307692307693,34.7394540942928,0.0,22.332506203473944,0.0,12.40694789081886,2.4813895781637716,27.29528535980149,2.4813895781637716,2.4813895781637716,198.51116625310175,4.962779156327543,0.0,19.851116625310173,0.0,0.0,0.0,0.0,12.40694789081886,0.0,0.0,0.0,0.0,0.0,0.0,4.962779156327543,0.0,0.0,0.0,0.0,0.0,14.88833746898263,7.444168734491315,64.51612903225806,14.88833746898263,2.4813895781637716,116.62531017369727,0.48586118251928023,3.966580976863753,0.0,4.962779156327543,2.4813895781637716,2.4813895781637716,12.40694789081886,12.40694789081886,2.4813895781637716,14.88833746898263,2.4813895781637716,17.3697270471464,2.4813895781637716,4.962779156327543,2.4813895781637716,0.0,24.81389578163772,2.4813895781637716,2.4813895781637716,0.0,0.0,9.925558312655086,14.88833746898263,2.4813895781637716,9.925558312655086
SY2F,29.7029702970297,12.376237623762377,84.15841584158416,0.0,12.376237623762377,59.4059405940594,22.277227722772277,27.22772277227723,27.22772277227723,7.425742574257425,4.9504950495049505,4.9504950495049505,14.85148514851485,4.9504950495049505,7.425742574257425,173.26732673267327,14.85148514851485,0.0,29.7029702970297,0.0,0.0,0.0,2.4752475247524752,7.425742574257425,2.4752475247524752,0.0,0.0,0.0,2.4752475247524752,0.0,0.0,0.0,2.4752475247524752,0.0,2.4752475247524752,0.0,9.900990099009901,4.9504950495049505,74.25742574257426,42.07920792079208,2.4752475247524752,111.38613861386139,0.5909090909090909,4.280748663101604,0.0,4.9504950495049505,2.4752475247524752,0.0,9.900990099009901,0.0,9.900990099009901,2.4752475247524752,2.4752475247524752,12.376237623762377,7.425742574257425,22.277227722772277,0.0,0.0,71.78217821782178,0.0,0.0,0.0,12.376237623762377,2.4752475247524752,9.900990099009901,0.0,17.32673267326733
SY5K,0.0,2.3696682464454977,85.30805687203792,0.0,7.109004739336492,47.393364928909946,4.739336492890995,2.3696682464454977,18.95734597156398,16.587677725118485,16.587677725118485,0.0,33.17535545023697,28.43601895734597,4.739336492890995,158.76777251184834,7.109004739336492,0.0,35.54502369668246,2.3696682464454977,2.3696682464454977,2.3696682464454977,7.109004739336492,28.43601895734597,0.0,0.0,0.0,2.3696682464454977,9.47867298578199,0.0,2.3696682464454977,0.0,0.0,2.3696682464454977,0.0,0.0,7.109004739336492,7.109004739336492,85.30805687203792,49.76303317535545,2.3696682464454977,73.45971563981043,0.5788177339901478,4.711822660098522,2.3696682464454977,0.0,2.3696682464454977,0.0,4.739336492890995,0.0,2.3696682464454977,4.739336492890995,2.3696682464454977,26.066350710900473,2.3696682464454977,18.95734597156398,7.109004739336492,0.0,37.91469194312796,0.0,0.0,0.0,4.739336492890995,9.47867298578199,9.47867298578199,0.0,11.848341232227487
SY8B,29.850746268656717,29.850746268656717,89.55223880597015,0.0,2.487562189054726,77.11442786069651,17.412935323383085,7.462686567164179,24.875621890547265,4.975124378109452,4.975124378109452,0.0,7.462686567164179,0.0,4.975124378109452,201.49253731343285,0.0,0.0,22.388059701492537,0.0,0.0,0.0,0.0,14.925373134328359,2.487562189054726,0.0,0.0,0.0,0.0,0.0,0.0,0.0,0.0,0.0,0.0,0.0,2.487562189054726,0.0,64.67661691542288,42.28855721393035,7.462686567164179,79.60199004975124,0.6047745358090185,4.151193633952254,0.0,0.0,2.487562189054726,0.0,19.90049751243781,2.487562189054726,19.90049751243781,12.437810945273633,0.0,0.0,2.487562189054726,34.82587064676617,2.487562189054726,0.0,49.75124378109453,0.0,2.487562189054726,0.0,9.950248756218905,7.462686567164179,14.925373134328359,2.487562189054726,19.90049751243781
SYED,39.119804400978,9.7799511002445,58.67970660146699,2.444987775061125,7.334963325183374,66.01466992665037,22.004889975550125,4.88997555012225,22.004889975550125,14.669926650366747,4.88997555012225,7.334963325183374,12.224938875305625,0.0,0.0,161.36919315403424,4.88997555012225,0.0,36.674816625916876,0.0,0.0,2.444987775061125,0.0,12.224938875305625,0.0,0.0,2.444987775061125,0.0,0.0,0.0,0.0,0.0,0.0,0.0,0.0,0.0,4.88997555012225,4.88997555012225,100.24449877750611,39.119804400978,4.88997555012225,129.5843520782396,0.5743589743589743,4.015384615384615,0.0,2.444987775061125,0.0,2.444987775061125,12.224938875305625,2.444987775061125,12.224938875305625,7.334963325183374,0.0,4.88997555012225,2.444987775061125,9.7799511002445,2.444987775061125,0.0,41.56479217603912,0.0,0.0,0.0,2.444987775061125,2.444987775061125,4.88997555012225,0.0,19.559902200489
SYG9,42.5,10.0,70.0,0.0,20.0,85.0,5.0,17.5,35.0,7.5,2.5,2.5,7.5,0.0,0.0,195.0,2.5,0.0,40.0,0.0,2.5,0.0,2.5,17.5,2.5,0.0,0.0,0.0,0.0,0.0,0.0,0.0,0.0,0.0,0.0,0.0,2.5,12.5,102.5,32.5,12.5,97.5,0.601078167115903,4.153638814016173,2.5,2.5,2.5,0.0,10.0,5.0,0.0,5.0,2.5,10.0,0.0,35.0,0.0,0.0,62.5,0.0,0.0,2.5,5.0,0.0,25.0,2.5,12.5
SYJK,24.509803921568626,12.254901960784313,85.7843137254902,0.0,4.901960784313726,98.0392156862745,34.313725490196084,7.352941176470588,22.058823529411764,9.803921568627452,2.450980392156863,4.901960784313726,29.41176470588235,0.0,2.450980392156863,161.76470588235296,0.0,0.0,36.76470588235294,0.0,0.0,0.0,2.450980392156863,19.607843137254903,0.0,0.0,0.0,0.0,0.0,2.450980392156863,0.0,0.0,0.0,0.0,0.0,0.0,0.0,7.352941176470588,63.725490196078425,46.568627450980394,7.352941176470588,78.43137254901961,0.5414507772020726,3.766839378238342,0.0,2.450980392156863,0.0,0.0,7.352941176470588,9.803921568627452,7.352941176470588,9.803921568627452,0.0,17.156862745098042,7.352941176470588,26.96078431372549,0.0,0.0,51.470588235294116,2.450980392156863,2.450980392156863,0.0,0.0,7.352941176470588,12.254901960784313,0.0,17.156862745098042
SZB2,17.456359102244388,9.975062344139651,79.80049875311721,0.0,4.987531172069826,47.38154613466334,14.962593516209475,22.443890274314214,17.456359102244388,12.468827930174564,2.493765586034913,2.493765586034913,14.962593516209475,9.975062344139651,4.987531172069826,199.50124688279303,2.493765586034913,0.0,39.900249376558605,2.493765586034913,2.493765586034913,0.0,0.0,29.92518703241895,2.493765586034913,0.0,0.0,2.493765586034913,0.0,0.0,2.493765586034913,0.0,0.0,0.0,0.0,4.987531172069826,0.0,2.493765586034913,109.72568578553616,37.406483790523694,4.987531172069826,57.356608478803,0.58311345646438,3.9973614775725594,0.0,4.987531172069826,0.0,4.987531172069826,9.975062344139651,4.987531172069826,2.493765586034913,9.975062344139651,0.0,9.975062344139651,14.962593516209475,19.950124688279303,7.481296758104738,0.0,52.36907730673317,0.0,0.0,0.0,2.493765586034913,0.0,9.975062344139651,0.0,7.481296758104738
SZCM,34.65346534653466,12.376237623762377,89.10891089108911,2.4752475247524752,12.376237623762377,101.48514851485149,12.376237623762377,14.85148514851485,24.752475247524753,7.425742574257425,7.425742574257425,4.9504950495049505,14.85148514851485,0.0,2.4752475247524752,170.7920792079208,7.425742574257425,0.0,17.32673267326733,0.0,0.0,0.0,12.376237623762377,7.425742574257425,0.0,0.0,0.0,0.0,0.0,0.0,0.0,0.0,0.0,0.0,2.4752475247524752,0.0,7.425742574257425,12.376237623762377,66.83168316831683,17.32673267326733,2.4752475247524752,96.53465346534654,0.6021220159151194,3.7188328912466844,0.0,0.0,0.0,0.0,17.32673267326733,0.0,4.9504950495049505,12.376237623762377,0.0,9.900990099009901,0.0,39.603960396039604,0.0,0.0,54.45544554455446,2.4752475247524752,0.0,0.0,9.900990099009901,9.900990099009901,19.801980198019802,0.0,24.752475247524753
SZJ3,55.94405594405595,6.993006993006993,46.62004662004662,2.331002331002331,2.331002331002331,67.5990675990676,13.986013986013987,20.97902097902098,20.97902097902098,9.324009324009324,6.993006993006993,9.324009324009324,18.64801864801865,6.993006993006993,9.324009324009324,200.4662004662005,4.662004662004662,0.0,18.64801864801865,0.0,0.0,0.0,0.0,13.986013986013987,0.0,0.0,0.0,0.0,0.0,0.0,4.662004662004662,0.0,0.0,0.0,0.0,0.0,4.662004662004662,4.662004662004662,109.55710955710956,41.95804195804196,0.0,76.92307692307693,0.5813397129186603,3.9952153110047846,0.0,4.662004662004662,0.0,2.331002331002331,13.986013986013987,0.0,4.662004662004662,6.993006993006993,0.0,9.324009324009324,9.324009324009324,20.97902097902098,9.324009324009324,0.0,18.64801864801865,2.331002331002331,0.0,0.0,6.993006993006993,2.331002331002331,20.97902097902098,2.331002331002331,2.331002331002331
SZKE,31.78484107579462,14.669926650366747,68.45965770171149,2.444987775061125,7.334963325183374,58.67970660146699,19.559902200489,29.339853300733495,12.224938875305625,0.0,4.88997555012225,0.0,19.559902200489,9.7799511002445,4.88997555012225,229.8288508557457,7.334963325183374,0.0,26.89486552567237,2.444987775061125,2.444987775061125,0.0,0.0,14.669926650366747,0.0,0.0,0.0,0.0,2.444987775061125,0.0,7.334963325183374,0.0,0.0,0.0,2.444987775061125,0.0,0.0,9.7799511002445,97.799511002445,24.44987775061125,0.0,83.12958435207824,0.610126582278481,4.3544303797468356,2.444987775061125,2.444987775061125,4.88997555012225,2.444987775061125,9.7799511002445,0.0,14.669926650366747,4.88997555012225,0.0,4.88997555012225,4.88997555012225,19.559902200489,2.444987775061125,0.0,34.229828850855746,0.0,0.0,0.0,7.334963325183374,9.7799511002445,4.88997555012225,4.88997555012225,9.7799511002445
SZP6,19.559902200489,0.0,90.46454767726162,4.88997555012225,2.444987775061125,63.56968215158924,19.559902200489,12.224938875305625,19.559902200489,12.224938875305625,9.7799511002445,0.0,17.114914425427873,9.7799511002445,4.88997555012225,171.14914425427875,9.7799511002445,0.0,31.78484107579462,0.0,4.88997555012225,0.0,0.0,14.669926650366747,0.0,0.0,0.0,0.0,0.0,0.0,0.0,2.444987775061125,0.0,2.444987775061125,0.0,0.0,12.224938875305625,2.444987775061125,100.24449877750611,19.559902200489,12.224938875305625,105.13447432762835,0.5618556701030928,4.015463917525773,0.0,4.88997555012225,0.0,0.0,31.78484107579462,2.444987775061125,9.7799511002445,7.334963325183374,0.0,17.114914425427873,4.88997555012225,29.339853300733495,2.444987775061125,2.444987775061125,46.45476772616137,0.0,0.0,0.0,0.0,2.444987775061125,14.669926650366747,2.444987775061125,26.89486552567237
SZPS,14.814814814814815,4.938271604938271,66.66666666666667,0.0,4.938271604938271,79.01234567901234,14.814814814814815,4.938271604938271,9.876543209876543,9.876543209876543,0.0,2.4691358024691357,7.407407407407407,0.0,0.0,200.0,2.4691358024691357,0.0,27.160493827160494,0.0,0.0,0.0,0.0,9.876543209876543,2.4691358024691357,0.0,0.0,0.0,0.0,0.0,0.0,0.0,0.0,0.0,0.0,4.938271604938271,0.0,9.876543209876543,93.82716049382717,17.28395061728395,12.345679012345679,83.95061728395062,0.5851063829787234,3.9893617021276597,2.4691358024691357,0.0,0.0,0.0,24.691358024691358,2.4691358024691357,4.938271604938271,12.345679012345679,0.0,14.814814814814815,4.938271604938271,17.28395061728395,0.0,0.0,81.4814814814815,2.4691358024691357,0.0,0.0,4.938271604938271,2.4691358024691357,14.814814814814815,0.0,4.938271604938271
SZQ9,33.734939759036145,9.63855421686747,84.33734939759036,2.4096385542168677,4.819277108433735,53.01204819277108,48.19277108433735,7.228915662650603,16.867469879518072,12.048192771084338,2.4096385542168677,7.228915662650603,14.457831325301205,0.0,0.0,173.49397590361446,7.228915662650603,0.0,38.55421686746988,0.0,0.0,0.0,0.0,24.096385542168676,2.4096385542168677,0.0,0.0,0.0,0.0,0.0,2.4096385542168677,0.0,0.0,0.0,0.0,2.4096385542168677,9.63855421686747,12.048192771084338,79.51807228915662,26.50602409638554,4.819277108433735,101.20481927710844,0.5852417302798982,3.6972010178117047,2.4096385542168677,7.228915662650603,0.0,0.0,7.228915662650603,2.4096385542168677,9.63855421686747,9.63855421686747,0.0,4.819277108433735,4.819277108433735,21.686746987951807,2.4096385542168677,0.0,48.19277108433735,0.0,2.4096385542168677,0.0,2.4096385542168677,4.819277108433735,7.228915662650603,2.4096385542168677,24.096385542168676
SZR7,27.093596059113302,4.926108374384237,73.89162561576356,12.315270935960593,9.852216748768473,78.81773399014779,32.01970443349754,7.389162561576354,22.167487684729064,12.315270935960593,7.389162561576354,2.4630541871921183,12.315270935960593,0.0,0.0,160.0985221674877,4.926108374384237,0.0,27.093596059113302,2.4630541871921183,0.0,0.0,2.4630541871921183,17.241379310344826,0.0,0.0,0.0,0.0,0.0,0.0,0.0,0.0,0.0,0.0,0.0,0.0,0.0,12.315270935960593,66.50246305418719,27.093596059113302,14.778325123152708,123.15270935960591,0.5848563968668408,4.099216710182768,0.0,4.926108374384237,4.926108374384237,9.852216748768473,24.630541871921185,2.4630541871921183,12.315270935960593,7.389162561576354,4.926108374384237,17.241379310344826,2.4630541871921183,22.167487684729064,2.4630541871921183,0.0,54.187192118226605,0.0,0.0,0.0,7.389162561576354,0.0,12.315270935960593,0.0,9.852216748768473
SZYV,30.0,10.0,77.5,5.0,5.0,60.0,32.5,30.0,27.5,2.5,5.0,0.0,15.0,12.5,2.5,160.0,5.0,0.0,35.0,0.0,2.5,0.0,2.5,20.0,2.5,0.0,0.0,2.5,0.0,0.0,0.0,0.0,0.0,0.0,0.0,0.0,5.0,7.5,100.0,35.0,5.0,125.0,0.5930851063829787,4.095744680851064,0.0,10.0,0.0,2.5,22.5,0.0,2.5,5.0,0.0,10.0,7.5,27.5,10.0,2.5,52.5,2.5,5.0,0.0,7.5,0.0,20.0,2.5,25.0
S2A5,49.01960784313725,4.901960784313726,71.07843137254902,4.901960784313726,12.254901960784313,73.52941176470588,14.705882352941176,26.96078431372549,24.509803921568626,4.901960784313726,4.901960784313726,4.901960784313726,19.607843137254903,2.450980392156863,7.352941176470588,174.01960784313724,7.352941176470588,0.0,31.862745098039213,2.450980392156863,0.0,0.0,4.901960784313726,17.156862745098042,4.901960784313726,0.0,0.0,0.0,0.0,0.0,0.0,0.0,2.450980392156863,0.0,0.0,2.450980392156863,9.803921568627452,4.901960784313726,80.88235294117648,36.76470588235294,7.352941176470588,115.19607843137254,0.5943152454780362,4.155038759689923,0.0,7.352941176470588,2.450980392156863,0.0,9.803921568627452,0.0,12.254901960784313,2.450980392156863,4.901960784313726,7.352941176470588,0.0,31.862745098039213,0.0,0.0,49.01960784313725,2.450980392156863,0.0,0.0,7.352941176470588,7.352941176470588,7.352941176470588,0.0,17.156862745098042
S2DD,4.796163069544364,4.796163069544364,38.36930455635491,2.398081534772182,0.0,16.786570743405274,7.194244604316547,11.990407673860911,11.990407673860911,2.398081534772182,4.796163069544364,2.398081534772182,11.990407673860911,21.58273381294964,2.398081534772182,235.01199040767386,2.398081534772182,0.0,21.58273381294964,2.398081534772182,0.0,0.0,4.796163069544364,7.194244604316547,4.796163069544364,0.0,0.0,0.0,2.398081534772182,0.0,0.0,0.0,2.398081534772182,0.0,0.0,0.0,7.194244604316547,9.592326139088728,117.50599520383693,47.961630695443645,9.592326139088728,50.35971223021583,0.5864661654135338,4.616541353383458,2.398081534772182,0.0,7.194244604316547,2.398081534772182,4.796163069544364,0.0,7.194244604316547,33.57314148681055,0.0,19.184652278177456,16.786570743405274,9.592326139088728,7.194244604316547,0.0,14.388489208633095,0.0,4.796163069544364,0.0,0.0,11.990407673860911,19.184652278177456,0.0,2.398081534772182
S2EF,34.5679012345679,4.938271604938271,56.79012345679013,0.0,2.4691358024691357,64.19753086419753,4.938271604938271,12.345679012345679,4.938271604938271,2.4691358024691357,4.938271604938271,0.0,17.28395061728395,7.407407407407407,9.876543209876543,269.1358024691358,4.938271604938271,0.0,32.098765432098766,0.0,0.0,0.0,0.0,2.4691358024691357,0.0,0.0,0.0,2.4691358024691357,0.0,0.0,2.4691358024691357,0.0,0.0,0.0,2.4691358024691357,0.0,0.0,12.345679012345679,103.7037037037037,59.25925925925926,9.876543209876543,64.19753086419753,0.6719160104986877,4.5223097112860895,2.4691358024691357,0.0,0.0,2.4691358024691357,4.938271604938271,0.0,4.938271604938271,4.938271604938271,2.4691358024691357,7.407407407407407,2.4691358024691357,14.814814814814815,2.4691358024691357,0.0,44.44444444444444,0.0,0.0,0.0,2.4691358024691357,0.0,9.876543209876543,0.0,7.407407407407407
S2JK,63.88206388206388,7.371007371007371,58.96805896805897,0.0,12.285012285012284,71.25307125307125,17.1990171990172,29.484029484029485,24.570024570024568,14.742014742014742,4.914004914004914,9.828009828009828,9.828009828009828,2.457002457002457,2.457002457002457,196.56019656019654,0.0,0.0,29.484029484029485,0.0,0.0,0.0,2.457002457002457,7.371007371007371,0.0,2.457002457002457,0.0,0.0,2.457002457002457,0.0,0.0,0.0,0.0,2.457002457002457,4.914004914004914,0.0,2.457002457002457,2.457002457002457,73.71007371007371,31.94103194103194,14.742014742014742,78.62407862407862,0.5324675324675324,3.942857142857143,2.457002457002457,0.0,4.914004914004914,2.457002457002457,12.285012285012284,4.914004914004914,0.0,19.656019656019655,0.0,7.371007371007371,14.742014742014742,34.3980343980344,7.371007371007371,0.0,41.76904176904177,2.457002457002457,0.0,0.0,4.914004914004914,12.285012285012284,31.94103194103194,0.0,17.1990171990172
S2NQ,59.55334987593052,4.962779156327543,74.44168734491315,4.962779156327543,4.962779156327543,71.96029776674938,7.444168734491315,24.81389578163772,27.29528535980149,2.4813895781637716,7.444168734491315,7.444168734491315,19.851116625310173,12.40694789081886,2.4813895781637716,191.0669975186104,4.962779156327543,0.0,32.25806451612903,0.0,0.0,0.0,7.444168734491315,14.88833746898263,0.0,0.0,0.0,0.0,2.4813895781637716,0.0,0.0,0.0,0.0,0.0,0.0,0.0,4.962779156327543,2.4813895781637716,71.96029776674938,24.81389578163772,4.962779156327543,96.77419354838709,0.5695876288659794,3.904639175257732,0.0,4.962779156327543,2.4813895781637716,0.0,14.88833746898263,2.4813895781637716,22.332506203473944,7.444168734491315,0.0,7.444168734491315,4.962779156327543,27.29528535980149,0.0,0.0,37.220843672456574,4.962779156327543,0.0,0.0,0.0,2.4813895781637716,9.925558312655086,2.4813895781637716,19.851116625310173
S2UJ,41.463414634146346,4.878048780487805,56.09756097560976,0.0,4.878048780487805,53.65853658536585,43.90243902439024,7.317073170731708,14.634146341463415,4.878048780487805,4.878048780487805,7.317073170731708,7.317073170731708,0.0,2.4390243902439024,236.58536585365852,4.878048780487805,0.0,26.829268292682926,0.0,0.0,0.0,2.4390243902439024,7.317073170731708,2.4390243902439024,0.0,0.0,0.0,2.4390243902439024,0.0,0.0,0.0,0.0,0.0,0.0,4.878048780487805,7.317073170731708,0.0,73.17073170731707,51.21951219512195,7.317073170731708,80.48780487804878,0.6077922077922078,4.35064935064935,2.4390243902439024,2.4390243902439024,0.0,0.0,14.634146341463415,0.0,12.195121951219512,0.0,4.878048780487805,17.073170731707318,4.878048780487805,12.195121951219512,2.4390243902439024,0.0,53.65853658536585,0.0,2.4390243902439024,0.0,2.4390243902439024,4.878048780487805,4.878048780487805,0.0,19.51219512195122
S2UT,42.5,20.0,70.0,0.0,2.5,70.0,10.0,10.0,22.5,2.5,0.0,5.0,12.5,0.0,0.0,180.0,7.5,0.0,17.5,2.5,0.0,0.0,2.5,15.0,0.0,0.0,0.0,0.0,5.0,0.0,0.0,0.0,0.0,0.0,0.0,2.5,0.0,10.0,95.0,42.5,0.0,90.0,0.6102150537634409,3.935483870967742,2.5,2.5,0.0,0.0,20.0,0.0,25.0,5.0,2.5,7.5,10.0,25.0,5.0,0.0,60.0,0.0,0.0,0.0,5.0,2.5,5.0,0.0,12.5
S2YK,47.02970297029703,4.9504950495049505,51.980198019801975,2.4752475247524752,7.425742574257425,79.20792079207921,32.17821782178218,7.425742574257425,9.900990099009901,7.425742574257425,14.85148514851485,7.425742574257425,9.900990099009901,0.0,2.4752475247524752,207.9207920792079,2.4752475247524752,0.0,32.17821782178218,0.0,0.0,0.0,0.0,4.9504950495049505,2.4752475247524752,0.0,0.0,0.0,0.0,0.0,0.0,0.0,0.0,0.0,0.0,0.0,2.4752475247524752,9.900990099009901,118.8118811881188,39.603960396039604,2.4752475247524752,81.68316831683168,0.5473145780051151,3.8900255754475705,0.0,0.0,4.9504950495049505,2.4752475247524752,9.900990099009901,0.0,9.900990099009901,9.900990099009901,2.4752475247524752,4.9504950495049505,2.4752475247524752,22.277227722772277,2.4752475247524752,0.0,27.22772277227723,0.0,2.4752475247524752,0.0,2.4752475247524752,2.4752475247524752,24.752475247524753,0.0,7.425742574257425
S323,57.41626794258374,2.3923444976076556,55.02392344497608,0.0,2.3923444976076556,55.02392344497608,33.49282296650718,14.354066985645934,33.49282296650718,4.784688995215311,7.177033492822967,0.0,19.138755980861244,2.3923444976076556,2.3923444976076556,181.8181818181818,4.784688995215311,2.3923444976076556,43.0622009569378,0.0,2.3923444976076556,0.0,2.3923444976076556,21.5311004784689,0.0,0.0,0.0,0.0,0.0,0.0,2.3923444976076556,0.0,0.0,0.0,0.0,2.3923444976076556,2.3923444976076556,2.3923444976076556,78.94736842105263,23.923444976076556,9.569377990430622,110.04784688995215,0.5869017632241813,3.9496221662468516,0.0,2.3923444976076556,4.784688995215311,0.0,23.923444976076556,0.0,11.961722488038278,7.177033492822967,0.0,4.784688995215311,2.3923444976076556,23.923444976076556,2.3923444976076556,0.0,47.84688995215311,0.0,0.0,0.0,2.3923444976076556,0.0,9.569377990430622,0.0,31.10047846889952
S33B,34.48275862068965,14.778325123152708,83.74384236453201,0.0,12.315270935960593,68.9655172413793,24.630541871921185,9.852216748768473,24.630541871921185,7.389162561576354,7.389162561576354,2.4630541871921183,24.630541871921185,2.4630541871921183,7.389162561576354,157.63546798029557,9.852216748768473,4.926108374384237,41.87192118226601,0.0,0.0,0.0,2.4630541871921183,24.630541871921185,4.926108374384237,0.0,0.0,2.4630541871921183,2.4630541871921183,0.0,2.4630541871921183,0.0,0.0,0.0,0.0,0.0,4.926108374384237,4.926108374384237,93.59605911330048,27.093596059113302,2.4630541871921183,105.91133004926108,0.5699208443271768,4.171503957783641,0.0,0.0,0.0,2.4630541871921183,12.315270935960593,0.0,2.4630541871921183,0.0,2.4630541871921183,4.926108374384237,9.852216748768473,24.630541871921185,2.4630541871921183,0.0,61.576354679802954,0.0,2.4630541871921183,0.0,0.0,7.389162561576354,12.315270935960593,0.0,12.315270935960593
S33N,12.437810945273633,4.975124378109452,101.99004975124377,9.950248756218905,2.487562189054726,44.776119402985074,32.33830845771144,12.437810945273633,32.33830845771144,14.925373134328359,2.487562189054726,9.950248756218905,12.437810945273633,22.388059701492537,0.0,186.56716417910448,0.0,0.0,34.82587064676617,7.462686567164179,0.0,2.487562189054726,2.487562189054726,4.975124378109452,4.975124378109452,0.0,4.975124378109452,0.0,2.487562189054726,2.487562189054726,0.0,0.0,0.0,0.0,0.0,2.487562189054726,7.462686567164179,4.975124378109452,101.99004975124377,22.388059701492537,7.462686567164179,97.01492537313433,0.5621761658031088,4.362694300518135,2.487562189054726,2.487562189054726,0.0,7.462686567164179,9.950248756218905,2.487562189054726,14.925373134328359,9.950248756218905,0.0,2.487562189054726,2.487562189054726,27.36318407960199,4.975124378109452,0.0,37.31343283582089,0.0,0.0,0.0,4.975124378109452,12.437810945273633,24.875621890547265,2.487562189054726,14.925373134328359
S35K,37.03703703703704,14.814814814814815,86.41975308641975,4.938271604938271,2.4691358024691357,71.60493827160494,27.160493827160494,9.876543209876543,29.62962962962963,7.407407407407407,0.0,4.938271604938271,19.753086419753085,4.938271604938271,0.0,150.6172839506173,9.876543209876543,0.0,46.91358024691358,0.0,0.0,0.0,0.0,19.753086419753085,2.4691358024691357,0.0,0.0,2.4691358024691357,0.0,0.0,2.4691358024691357,0.0,0.0,4.938271604938271,0.0,0.0,2.4691358024691357,2.4691358024691357,71.60493827160494,29.62962962962963,4.938271604938271,111.1111111111111,0.5979381443298969,4.020618556701031,0.0,4.938271604938271,2.4691358024691357,2.4691358024691357,17.28395061728395,0.0,4.938271604938271,4.938271604938271,2.4691358024691357,7.407407407407407,2.4691358024691357,27.160493827160494,2.4691358024691357,2.4691358024691357,39.50617283950617,0.0,2.4691358024691357,0.0,2.4691358024691357,7.407407407407407,24.691358024691358,0.0,14.814814814814815
S3A9,28.30188679245283,4.716981132075471,35.37735849056604,2.3584905660377355,9.433962264150942,63.679245283018865,16.50943396226415,9.433962264150942,11.79245283018868,14.150943396226415,9.433962264150942,4.716981132075471,9.433962264150942,2.3584905660377355,4.716981132075471,245.28301886792454,2.3584905660377355,0.0,33.0188679245283,0.0,0.0,0.0,2.3584905660377355,11.79245283018868,0.0,0.0,0.0,0.0,2.3584905660377355,0.0,0.0,0.0,0.0,0.0,0.0,2.3584905660377355,2.3584905660377355,0.0,80.18867924528301,37.73584905660377,4.716981132075471,58.9622641509434,0.5594059405940595,4.0816831683168315,2.3584905660377355,2.3584905660377355,2.3584905660377355,2.3584905660377355,4.716981132075471,4.716981132075471,4.716981132075471,23.58490566037736,2.3584905660377355,11.79245283018868,2.3584905660377355,14.150943396226415,0.0,0.0,30.660377358490567,2.3584905660377355,0.0,0.0,2.3584905660377355,2.3584905660377355,7.0754716981132075,2.3584905660377355,11.79245283018868
S3AC,48.309178743961354,0.0,62.80193236714976,2.4154589371980677,9.66183574879227,50.72463768115942,24.154589371980677,16.908212560386474,21.73913043478261,14.492753623188406,0.0,0.0,14.492753623188406,0.0,0.0,227.05314009661836,7.246376811594203,0.0,31.40096618357488,0.0,0.0,0.0,4.830917874396135,14.492753623188406,0.0,0.0,0.0,0.0,0.0,0.0,2.4154589371980677,0.0,0.0,0.0,0.0,4.830917874396135,4.830917874396135,9.66183574879227,91.78743961352657,24.154589371980677,7.246376811594203,65.21739130434783,0.5660847880299252,3.9276807980049875,2.4154589371980677,0.0,0.0,0.0,4.830917874396135,4.830917874396135,7.246376811594203,9.66183574879227,0.0,2.4154589371980677,4.830917874396135,26.570048309178745,2.4154589371980677,0.0,26.570048309178745,0.0,0.0,0.0,0.0,12.077294685990339,21.73913043478261,0.0,12.077294685990339
S3LE,49.26108374384237,4.926108374384237,64.03940886699507,4.926108374384237,4.926108374384237,78.81773399014779,14.778325123152708,7.389162561576354,29.556650246305416,4.926108374384237,7.389162561576354,2.4630541871921183,9.852216748768473,7.389162561576354,4.926108374384237,192.1182266009852,2.4630541871921183,0.0,27.093596059113302,0.0,0.0,0.0,2.4630541871921183,14.778325123152708,0.0,0.0,0.0,0.0,0.0,0.0,0.0,0.0,0.0,0.0,0.0,0.0,2.4630541871921183,4.926108374384237,96.0591133004926,32.01970443349754,4.926108374384237,115.76354679802955,0.6091370558375635,3.9416243654822334,0.0,2.4630541871921183,0.0,0.0,24.630541871921185,2.4630541871921183,12.315270935960593,12.315270935960593,0.0,0.0,4.926108374384237,29.556650246305416,9.852216748768473,0.0,24.630541871921185,4.926108374384237,0.0,0.0,2.4630541871921183,0.0,9.852216748768473,2.4630541871921183,9.852216748768473
S3M4,17.412935323383085,12.437810945273633,67.16417910447761,2.487562189054726,2.487562189054726,69.65174129353234,17.412935323383085,19.90049751243781,19.90049751243781,4.975124378109452,2.487562189054726,0.0,12.437810945273633,2.487562189054726,2.487562189054726,171.6417910447761,2.487562189054726,0.0,32.33830845771144,0.0,0.0,0.0,0.0,24.875621890547265,0.0,0.0,0.0,0.0,2.487562189054726,0.0,4.975124378109452,0.0,0.0,0.0,0.0,0.0,7.462686567164179,9.950248756218905,82.08955223880596,37.31343283582089,12.437810945273633,54.72636815920398,0.5775401069518716,3.9919786096256686,4.975124378109452,2.487562189054726,4.975124378109452,0.0,14.925373134328359,0.0,12.437810945273633,9.950248756218905,4.975124378109452,22.388059701492537,4.975124378109452,24.875621890547265,4.975124378109452,2.487562189054726,57.21393034825871,0.0,0.0,0.0,4.975124378109452,2.487562189054726,2.487562189054726,0.0,9.950248756218905
S3RZ,12.468827930174564,12.468827930174564,109.72568578553616,4.987531172069826,4.987531172069826,59.8503740648379,32.418952618453865,4.987531172069826,34.912718204488776,7.481296758104738,2.493765586034913,2.493765586034913,27.43142144638404,12.468827930174564,2.493765586034913,204.48877805486285,7.481296758104738,2.493765586034913,22.443890274314214,2.493765586034913,0.0,0.0,4.987531172069826,17.456359102244388,0.0,0.0,0.0,0.0,0.0,0.0,2.493765586034913,0.0,0.0,0.0,0.0,4.987531172069826,2.493765586034913,0.0,107.23192019950125,52.36907730673317,4.987531172069826,87.28179551122194,0.6072351421188631,4.635658914728682,0.0,2.493765586034913,0.0,2.493765586034913,7.481296758104738,0.0,12.468827930174564,4.987531172069826,0.0,0.0,4.987531172069826,24.93765586034913,2.493765586034913,0.0,32.418952618453865,2.493765586034913,0.0,0.0,0.0,7.481296758104738,7.481296758104738,0.0,2.493765586034913
S432,19.801980198019802,9.900990099009901,76.73267326732673,2.4752475247524752,4.9504950495049505,59.4059405940594,27.22772277227723,9.900990099009901,22.277227722772277,7.425742574257425,7.425742574257425,7.425742574257425,12.376237623762377,2.4752475247524752,2.4752475247524752,185.64356435643563,7.425742574257425,0.0,27.22772277227723,0.0,0.0,0.0,0.0,12.376237623762377,0.0,0.0,0.0,0.0,0.0,0.0,0.0,2.4752475247524752,0.0,0.0,0.0,2.4752475247524752,2.4752475247524752,2.4752475247524752,79.20792079207921,37.12871287128713,17.32673267326733,91.58415841584159,0.6127320954907162,4.045092838196286,0.0,2.4752475247524752,0.0,2.4752475247524752,9.900990099009901,2.4752475247524752,9.900990099009901,2.4752475247524752,7.425742574257425,24.752475247524753,7.425742574257425,29.7029702970297,4.9504950495049505,0.0,64.35643564356435,2.4752475247524752,0.0,0.0,0.0,4.9504950495049505,12.376237623762377,0.0,19.801980198019802
S43S,24.390243902439025,9.75609756097561,65.85365853658537,0.0,7.317073170731708,65.85365853658537,17.073170731707318,7.317073170731708,26.829268292682926,7.317073170731708,2.4390243902439024,2.4390243902439024,4.878048780487805,7.317073170731708,4.878048780487805,182.9268292682927,0.0,0.0,36.58536585365854,2.4390243902439024,0.0,0.0,2.4390243902439024,19.51219512195122,2.4390243902439024,0.0,0.0,0.0,0.0,0.0,0.0,0.0,0.0,0.0,0.0,0.0,9.75609756097561,2.4390243902439024,92.6829268292683,46.34146341463415,17.073170731707318,60.97560975609756,0.5762273901808785,3.96640826873385,2.4390243902439024,0.0,2.4390243902439024,0.0,4.878048780487805,2.4390243902439024,17.073170731707318,9.75609756097561,0.0,9.75609756097561,4.878048780487805,14.634146341463415,2.4390243902439024,0.0,43.90243902439024,0.0,4.878048780487805,0.0,2.4390243902439024,4.878048780487805,9.75609756097561,2.4390243902439024,9.75609756097561
S4K7,20.050125313283207,2.506265664160401,65.16290726817043,0.0,5.012531328320802,60.150375939849624,12.531328320802004,60.150375939849624,15.037593984962406,12.531328320802004,7.518796992481203,7.518796992481203,12.531328320802004,5.012531328320802,2.506265664160401,175.43859649122805,0.0,0.0,37.59398496240601,2.506265664160401,0.0,0.0,0.0,12.531328320802004,0.0,0.0,0.0,0.0,0.0,0.0,2.506265664160401,0.0,0.0,0.0,2.506265664160401,0.0,10.025062656641603,0.0,90.22556390977444,27.56892230576441,5.012531328320802,80.20050125313283,0.5733333333333334,3.970666666666667,2.506265664160401,0.0,5.012531328320802,5.012531328320802,7.518796992481203,2.506265664160401,5.012531328320802,20.050125313283207,5.012531328320802,22.55639097744361,0.0,22.55639097744361,5.012531328320802,0.0,50.125313283208015,2.506265664160401,0.0,0.0,2.506265664160401,5.012531328320802,12.531328320802004,2.506265664160401,17.543859649122805
S4KW,51.21951219512195,9.75609756097561,56.09756097560976,7.317073170731708,2.4390243902439024,58.53658536585366,14.634146341463415,17.073170731707318,19.51219512195122,12.195121951219512,9.75609756097561,2.4390243902439024,14.634146341463415,0.0,2.4390243902439024,185.3658536585366,4.878048780487805,2.4390243902439024,39.02439024390244,0.0,0.0,0.0,0.0,29.26829268292683,0.0,0.0,0.0,0.0,0.0,0.0,7.317073170731708,0.0,0.0,0.0,0.0,2.4390243902439024,4.878048780487805,9.75609756097561,92.6829268292683,31.70731707317073,0.0,112.19512195121952,0.5809768637532133,3.8637532133676094,0.0,4.878048780487805,2.4390243902439024,0.0,14.634146341463415,0.0,2.4390243902439024,4.878048780487805,0.0,9.75609756097561,4.878048780487805,12.195121951219512,0.0,0.0,46.34146341463415,0.0,2.4390243902439024,0.0,4.878048780487805,2.4390243902439024,17.073170731707318,4.878048780487805,17.073170731707318
S4L9,19.90049751243781,4.975124378109452,72.13930348258707,2.487562189054726,4.975124378109452,62.18905472636816,29.850746268656717,4.975124378109452,34.82587064676617,14.925373134328359,4.975124378109452,7.462686567164179,14.925373134328359,4.975124378109452,0.0,176.61691542288557,4.975124378109452,0.0,37.31343283582089,2.487562189054726,0.0,0.0,7.462686567164179,12.437810945273633,0.0,0.0,0.0,0.0,2.487562189054726,0.0,0.0,0.0,0.0,0.0,0.0,0.0,7.462686567164179,7.462686567164179,72.13930348258707,32.33830845771144,2.487562189054726,84.5771144278607,0.5826558265582655,4.146341463414634,0.0,0.0,9.950248756218905,0.0,14.925373134328359,4.975124378109452,4.975124378109452,19.90049751243781,0.0,9.950248756218905,2.487562189054726,19.90049751243781,2.487562189054726,0.0,77.11442786069651,0.0,0.0,0.0,2.487562189054726,0.0,7.462686567164179,0.0,27.36318407960199
S4MV,30.805687203791468,4.739336492890995,111.37440758293839,2.3696682464454977,2.3696682464454977,61.611374407582936,54.502369668246445,16.587677725118485,23.696682464454973,14.218009478672984,11.848341232227487,7.109004739336492,30.805687203791468,14.218009478672984,4.739336492890995,87.67772511848341,4.739336492890995,0.0,40.28436018957346,0.0,4.739336492890995,2.3696682464454977,7.109004739336492,30.805687203791468,0.0,0.0,0.0,0.0,0.0,0.0,0.0,0.0,0.0,0.0,2.3696682464454977,2.3696682464454977,4.739336492890995,4.739336492890995,73.45971563981043,18.95734597156398,16.587677725118485,139.81042654028437,0.5386533665835411,4.0997506234413965,0.0,0.0,2.3696682464454977,4.739336492890995,18.95734597156398,2.3696682464454977,4.739336492890995,9.47867298578199,0.0,0.0,7.109004739336492,52.132701421800945,7.109004739336492,0.0,47.393364928909946,4.739336492890995,0.0,0.0,2.3696682464454977,4.739336492890995,14.218009478672984,0.0,37.91469194312796
S4NB,41.56479217603912,4.88997555012225,78.239608801956,9.7799511002445,2.444987775061125,97.799511002445,7.334963325183374,0.0,14.669926650366747,4.88997555012225,2.444987775061125,0.0,29.339853300733495,2.444987775061125,4.88997555012225,193.15403422982885,9.7799511002445,0.0,44.00977995110025,2.444987775061125,2.444987775061125,0.0,2.444987775061125,9.7799511002445,0.0,0.0,2.444987775061125,0.0,7.334963325183374,2.444987775061125,0.0,0.0,0.0,0.0,0.0,0.0,0.0,2.444987775061125,105.13447432762835,36.674816625916876,17.114914425427873,85.57457212713938,0.5413533834586466,4.042606516290727,2.444987775061125,0.0,0.0,9.7799511002445,19.559902200489,0.0,4.88997555012225,7.334963325183374,0.0,4.88997555012225,2.444987775061125,26.89486552567237,4.88997555012225,0.0,22.004889975550125,0.0,0.0,0.0,4.88997555012225,7.334963325183374,22.004889975550125,4.88997555012225,4.88997555012225
S4S5,19.093078758949883,2.3866348448687353,69.21241050119332,2.3866348448687353,11.933174224343675,42.959427207637226,23.86634844868735,16.706443914081145,16.706443914081145,7.159904534606206,7.159904534606206,0.0,16.706443914081145,2.3866348448687353,2.3866348448687353,200.47732696897376,9.546539379474941,0.0,45.346062052505964,2.3866348448687353,0.0,0.0,2.3866348448687353,11.933174224343675,0.0,0.0,0.0,0.0,2.3866348448687353,0.0,0.0,0.0,0.0,0.0,0.0,7.159904534606206,4.773269689737471,7.159904534606206,126.49164677804295,38.186157517899765,11.933174224343675,93.07875894988067,0.6019900497512438,4.323383084577115,7.159904534606206,9.546539379474941,0.0,4.773269689737471,9.546539379474941,2.3866348448687353,7.159904534606206,7.159904534606206,0.0,4.773269689737471,7.159904534606206,21.479713603818613,2.3866348448687353,0.0,38.186157517899765,0.0,2.3866348448687353,0.0,7.159904534606206,4.773269689737471,9.546539379474941,0.0,14.319809069212411
S4TV,30.15075376884422,7.537688442211055,70.35175879396985,10.050251256281408,2.512562814070352,70.35175879396985,12.56281407035176,17.587939698492463,12.56281407035176,5.025125628140704,12.56281407035176,2.512562814070352,22.613065326633166,12.56281407035176,10.050251256281408,193.4673366834171,7.537688442211055,0.0,22.613065326633166,2.512562814070352,0.0,0.0,2.512562814070352,15.07537688442211,0.0,0.0,0.0,0.0,2.512562814070352,0.0,5.025125628140704,0.0,0.0,0.0,2.512562814070352,0.0,7.537688442211055,5.025125628140704,100.50251256281408,17.587939698492463,5.025125628140704,85.42713567839195,0.6074270557029178,4.376657824933687,0.0,0.0,7.537688442211055,2.512562814070352,10.050251256281408,0.0,5.025125628140704,12.56281407035176,2.512562814070352,10.050251256281408,2.512562814070352,20.100502512562816,5.025125628140704,2.512562814070352,42.713567839195974,0.0,0.0,0.0,7.537688442211055,15.07537688442211,22.613065326633166,0.0,10.050251256281408
S4VJ,24.154589371980677,4.830917874396135,89.37198067632849,12.077294685990339,9.66183574879227,84.54106280193237,14.492753623188406,7.246376811594203,16.908212560386474,2.4154589371980677,2.4154589371980677,0.0,4.830917874396135,0.0,2.4154589371980677,205.31400966183574,4.830917874396135,0.0,28.985507246376812,4.830917874396135,0.0,0.0,0.0,7.246376811594203,0.0,0.0,0.0,4.830917874396135,0.0,0.0,0.0,0.0,0.0,0.0,0.0,0.0,9.66183574879227,14.492753623188406,82.1256038647343,28.985507246376812,2.4154589371980677,72.46376811594203,0.5774278215223098,3.7401574803149606,2.4154589371980677,4.830917874396135,2.4154589371980677,0.0,12.077294685990339,4.830917874396135,9.66183574879227,4.830917874396135,2.4154589371980677,12.077294685990339,2.4154589371980677,36.231884057971016,2.4154589371980677,0.0,72.46376811594203,4.830917874396135,0.0,0.0,7.246376811594203,0.0,9.66183574879227,2.4154589371980677,7.246376811594203
S4W8,36.674816625916876,7.334963325183374,61.12469437652811,2.444987775061125,7.334963325183374,73.34963325183375,19.559902200489,24.44987775061125,17.114914425427873,2.444987775061125,0.0,7.334963325183374,7.334963325183374,9.7799511002445,4.88997555012225,200.48899755501222,2.444987775061125,0.0,29.339853300733495,0.0,2.444987775061125,0.0,2.444987775061125,12.224938875305625,2.444987775061125,0.0,0.0,0.0,0.0,0.0,0.0,0.0,2.444987775061125,0.0,2.444987775061125,2.444987775061125,0.0,14.669926650366747,100.24449877750611,36.674816625916876,2.444987775061125,97.799511002445,0.6108247422680413,4.268041237113402,2.444987775061125,2.444987775061125,2.444987775061125,0.0,14.669926650366747,0.0,4.88997555012225,4.88997555012225,0.0,7.334963325183374,12.224938875305625,14.669926650366747,2.444987775061125,0.0,46.45476772616137,0.0,2.444987775061125,2.444987775061125,2.444987775061125,2.444987775061125,17.114914425427873,0.0,19.559902200489
S4WJ,52.10918114143921,4.962779156327543,76.92307692307693,0.0,2.4813895781637716,84.36724565756825,24.81389578163772,32.25806451612903,27.29528535980149,2.4813895781637716,7.444168734491315,2.4813895781637716,24.81389578163772,7.444168734491315,2.4813895781637716,168.7344913151365,2.4813895781637716,0.0,44.66501240694789,0.0,0.0,0.0,0.0,14.88833746898263,0.0,0.0,2.4813895781637716,0.0,0.0,0.0,4.962779156327543,0.0,0.0,0.0,0.0,0.0,2.4813895781637716,12.40694789081886,81.88585607940446,19.851116625310173,7.444168734491315,89.33002481389578,0.5649867374005305,3.986737400530504,0.0,0.0,0.0,0.0,7.444168734491315,0.0,2.4813895781637716,2.4813895781637716,2.4813895781637716,7.444168734491315,9.925558312655086,24.81389578163772,4.962779156327543,0.0,42.183622828784124,4.962779156327543,2.4813895781637716,0.0,2.4813895781637716,2.4813895781637716,27.29528535980149,0.0,19.851116625310173
S57G,56.372549019607845,4.901960784313726,58.8235294117647,4.901960784313726,12.254901960784313,68.62745098039217,49.01960784313725,9.803921568627452,17.156862745098042,4.901960784313726,2.450980392156863,7.352941176470588,12.254901960784313,2.450980392156863,7.352941176470588,164.2156862745098,4.901960784313726,0.0,58.8235294117647,7.352941176470588,0.0,0.0,2.450980392156863,22.058823529411764,0.0,0.0,0.0,0.0,0.0,0.0,2.450980392156863,0.0,0.0,2.450980392156863,2.450980392156863,2.450980392156863,12.254901960784313,4.901960784313726,63.725490196078425,12.254901960784313,26.96078431372549,83.33333333333333,0.5319693094629157,3.9104859335038364,0.0,4.901960784313726,2.450980392156863,7.352941176470588,2.450980392156863,9.803921568627452,2.450980392156863,19.607843137254903,2.450980392156863,12.254901960784313,4.901960784313726,26.96078431372549,0.0,0.0,36.76470588235294,2.450980392156863,2.450980392156863,0.0,4.901960784313726,4.901960784313726,22.058823529411764,0.0,17.156862745098042
S5B4,37.59398496240601,7.518796992481203,57.64411027568922,0.0,0.0,62.65664160401002,37.59398496240601,5.012531328320802,25.062656641604008,15.037593984962406,5.012531328320802,0.0,7.518796992481203,7.518796992481203,5.012531328320802,180.45112781954887,2.506265664160401,0.0,27.56892230576441,0.0,0.0,0.0,0.0,22.55639097744361,0.0,0.0,0.0,5.012531328320802,0.0,0.0,2.506265664160401,0.0,0.0,0.0,2.506265664160401,2.506265664160401,12.531328320802004,10.025062656641603,82.70676691729322,22.55639097744361,5.012531328320802,95.23809523809523,0.5922077922077922,4.238961038961039,2.506265664160401,10.025062656641603,10.025062656641603,2.506265664160401,15.037593984962406,2.506265664160401,7.518796992481203,12.531328320802004,0.0,10.025062656641603,2.506265664160401,17.543859649122805,5.012531328320802,0.0,30.075187969924812,2.506265664160401,0.0,0.0,10.025062656641603,2.506265664160401,12.531328320802004,0.0,15.037593984962406
S5P8,25.0,15.0,77.5,2.5,2.5,65.0,12.5,17.5,30.0,15.0,7.5,2.5,15.0,5.0,5.0,182.5,5.0,0.0,35.0,0.0,0.0,0.0,7.5,12.5,0.0,0.0,0.0,0.0,0.0,0.0,0.0,0.0,0.0,0.0,0.0,2.5,2.5,5.0,100.0,50.0,7.5,80.0,0.5800524934383202,4.131233595800525,2.5,0.0,12.5,2.5,12.5,0.0,5.0,10.0,0.0,15.0,15.0,25.0,2.5,0.0,45.0,0.0,0.0,0.0,15.0,7.5,10.0,0.0,5.0
S5QR,34.3980343980344,7.371007371007371,61.42506142506143,2.457002457002457,4.914004914004914,90.9090909090909,14.742014742014742,17.1990171990172,29.484029484029485,7.371007371007371,7.371007371007371,9.828009828009828,9.828009828009828,7.371007371007371,2.457002457002457,179.36117936117938,0.0,0.0,29.484029484029485,0.0,0.0,0.0,2.457002457002457,14.742014742014742,0.0,0.0,0.0,0.0,0.0,0.0,0.0,0.0,0.0,0.0,0.0,0.0,7.371007371007371,4.914004914004914,93.36609336609337,24.570024570024568,7.371007371007371,93.36609336609337,0.5906735751295337,4.186528497409326,0.0,0.0,0.0,4.914004914004914,14.742014742014742,0.0,4.914004914004914,19.656019656019655,0.0,4.914004914004914,9.828009828009828,27.027027027027028,0.0,0.0,39.31203931203931,0.0,2.457002457002457,0.0,9.828009828009828,2.457002457002457,12.285012285012284,2.457002457002457,9.828009828009828
S5TE,38.64734299516908,7.246376811594203,74.8792270531401,2.4154589371980677,2.4154589371980677,36.231884057971016,31.40096618357488,2.4154589371980677,24.154589371980677,12.077294685990339,4.830917874396135,0.0,24.154589371980677,9.66183574879227,2.4154589371980677,190.82125603864733,7.246376811594203,0.0,38.64734299516908,2.4154589371980677,0.0,0.0,9.66183574879227,16.908212560386474,0.0,0.0,2.4154589371980677,4.830917874396135,2.4154589371980677,0.0,0.0,0.0,0.0,0.0,0.0,0.0,2.4154589371980677,7.246376811594203,77.29468599033817,50.72463768115942,4.830917874396135,108.69565217391305,0.6147959183673469,4.219387755102041,2.4154589371980677,0.0,0.0,2.4154589371980677,21.73913043478261,0.0,24.154589371980677,7.246376811594203,0.0,0.0,0.0,24.154589371980677,2.4154589371980677,0.0,41.06280193236715,0.0,0.0,0.0,4.830917874396135,12.077294685990339,12.077294685990339,0.0,19.32367149758454
S5U8,32.418952618453865,0.0,77.3067331670823,0.0,9.975062344139651,59.8503740648379,22.443890274314214,29.92518703241895,12.468827930174564,19.950124688279303,2.493765586034913,0.0,24.93765586034913,2.493765586034913,0.0,189.52618453865335,0.0,0.0,34.912718204488776,0.0,0.0,0.0,2.493765586034913,22.443890274314214,0.0,0.0,2.493765586034913,0.0,2.493765586034913,0.0,0.0,0.0,0.0,0.0,0.0,0.0,2.493765586034913,2.493765586034913,114.713216957606,34.912718204488776,12.468827930174564,84.78802992518703,0.5141388174807198,4.038560411311054,0.0,0.0,7.481296758104738,2.493765586034913,14.962593516209475,7.481296758104738,12.468827930174564,4.987531172069826,0.0,9.975062344139651,4.987531172069826,22.443890274314214,0.0,0.0,27.43142144638404,0.0,0.0,0.0,0.0,9.975062344139651,9.975062344139651,0.0,9.975062344139651
S5XD,45.346062052505964,2.3866348448687353,71.59904534606206,0.0,11.933174224343675,52.50596658711217,28.639618138424822,14.319809069212411,23.86634844868735,0.0,2.3866348448687353,16.706443914081145,16.706443914081145,14.319809069212411,2.3866348448687353,190.9307875894988,7.159904534606206,2.3866348448687353,33.41288782816229,0.0,0.0,0.0,2.3866348448687353,19.093078758949883,7.159904534606206,0.0,0.0,2.3866348448687353,0.0,0.0,2.3866348448687353,0.0,0.0,0.0,0.0,0.0,4.773269689737471,9.546539379474941,64.43914081145586,33.41288782816229,9.546539379474941,128.87828162291171,0.6290726817042607,4.31328320802005,0.0,4.773269689737471,2.3866348448687353,0.0,21.479713603818613,4.773269689737471,7.159904534606206,0.0,2.3866348448687353,4.773269689737471,0.0,26.252983293556085,7.159904534606206,0.0,40.572792362768496,0.0,0.0,0.0,4.773269689737471,4.773269689737471,11.933174224343675,0.0,9.546539379474941
S64H,50.377833753148614,7.556675062972292,68.01007556675063,7.556675062972292,10.075566750629722,68.01007556675063,32.7455919395466,10.075566750629722,15.113350125944583,7.556675062972292,2.5188916876574305,2.5188916876574305,17.632241813602015,0.0,15.113350125944583,219.14357682619647,10.075566750629722,0.0,27.707808564231737,2.5188916876574305,0.0,0.0,2.5188916876574305,10.075566750629722,0.0,0.0,5.037783375314861,0.0,2.5188916876574305,0.0,0.0,0.0,0.0,0.0,0.0,2.5188916876574305,2.5188916876574305,10.075566750629722,93.19899244332494,35.26448362720403,2.5188916876574305,93.19899244332494,0.6167979002624672,4.078740157480315,0.0,2.5188916876574305,0.0,0.0,15.113350125944583,5.037783375314861,17.632241813602015,0.0,2.5188916876574305,2.5188916876574305,0.0,32.7455919395466,2.5188916876574305,0.0,32.7455919395466,0.0,0.0,0.0,2.5188916876574305,0.0,5.037783375314861,0.0,7.556675062972292
S68E,32.581453634085214,5.012531328320802,97.74436090225564,5.012531328320802,10.025062656641603,77.69423558897243,5.012531328320802,12.531328320802004,15.037593984962406,7.518796992481203,7.518796992481203,2.506265664160401,15.037593984962406,2.506265664160401,0.0,210.52631578947367,7.518796992481203,0.0,42.606516290726816,2.506265664160401,0.0,0.0,5.012531328320802,27.56892230576441,0.0,0.0,0.0,0.0,0.0,0.0,0.0,0.0,0.0,0.0,0.0,2.506265664160401,0.0,5.012531328320802,85.21303258145363,32.581453634085214,10.025062656641603,82.70676691729322,0.550531914893617,3.877659574468085,0.0,5.012531328320802,5.012531328320802,0.0,15.037593984962406,0.0,15.037593984962406,2.506265664160401,0.0,0.0,5.012531328320802,22.55639097744361,2.506265664160401,5.012531328320802,47.61904761904761,0.0,2.506265664160401,0.0,2.506265664160401,2.506265664160401,25.062656641604008,0.0,7.518796992481203
S69V,9.828009828009828,7.371007371007371,95.82309582309583,7.371007371007371,0.0,34.3980343980344,14.742014742014742,36.85503685503686,29.484029484029485,7.371007371007371,2.457002457002457,4.914004914004914,14.742014742014742,7.371007371007371,4.914004914004914,159.7051597051597,7.371007371007371,0.0,36.85503685503686,0.0,2.457002457002457,0.0,0.0,19.656019656019655,0.0,0.0,0.0,0.0,2.457002457002457,0.0,0.0,0.0,0.0,0.0,4.914004914004914,0.0,7.371007371007371,0.0,68.7960687960688,66.33906633906633,2.457002457002457,108.10810810810811,0.546875,4.473958333333333,0.0,0.0,2.457002457002457,2.457002457002457,22.11302211302211,0.0,7.371007371007371,17.1990171990172,0.0,7.371007371007371,12.285012285012284,27.027027027027028,0.0,7.371007371007371,54.054054054054056,4.914004914004914,0.0,0.0,4.914004914004914,0.0,19.656019656019655,0.0,29.484029484029485
S6EX,47.2636815920398,7.462686567164179,84.5771144278607,2.487562189054726,2.487562189054726,79.60199004975124,14.925373134328359,4.975124378109452,27.36318407960199,4.975124378109452,12.437810945273633,0.0,12.437810945273633,9.950248756218905,0.0,176.61691542288557,4.975124378109452,0.0,37.31343283582089,4.975124378109452,0.0,0.0,2.487562189054726,24.875621890547265,4.975124378109452,0.0,0.0,0.0,0.0,0.0,0.0,0.0,0.0,0.0,0.0,2.487562189054726,2.487562189054726,4.975124378109452,87.06467661691543,27.36318407960199,4.975124378109452,101.99004975124377,0.577023498694517,4.099216710182768,0.0,0.0,0.0,0.0,12.437810945273633,2.487562189054726,12.437810945273633,4.975124378109452,0.0,0.0,7.462686567164179,47.2636815920398,2.487562189054726,0.0,42.28855721393035,7.462686567164179,4.975124378109452,0.0,4.975124378109452,4.975124378109452,12.437810945273633,7.462686567164179,19.90049751243781
S6GC,4.962779156327543,7.444168734491315,84.36724565756825,9.925558312655086,0.0,71.96029776674938,24.81389578163772,0.0,37.220843672456574,9.925558312655086,2.4813895781637716,4.962779156327543,4.962779156327543,7.444168734491315,14.88833746898263,166.2531017369727,2.4813895781637716,0.0,44.66501240694789,2.4813895781637716,0.0,0.0,0.0,19.851116625310173,0.0,0.0,0.0,0.0,0.0,0.0,0.0,0.0,0.0,0.0,0.0,0.0,9.925558312655086,7.444168734491315,114.14392059553349,19.851116625310173,14.88833746898263,101.73697270471465,0.5680628272251309,3.897905759162304,0.0,0.0,7.444168734491315,0.0,27.29528535980149,4.962779156327543,2.4813895781637716,12.40694789081886,2.4813895781637716,4.962779156327543,4.962779156327543,12.40694789081886,7.444168734491315,0.0,49.62779156327544,0.0,0.0,2.4813895781637716,4.962779156327543,4.962779156327543,7.444168734491315,4.962779156327543,14.88833746898263
S6Q6,34.7394540942928,17.3697270471464,101.73697270471465,0.0,2.4813895781637716,89.33002481389578,17.3697270471464,27.29528535980149,29.77667493796526,4.962779156327543,7.444168734491315,7.444168734491315,9.925558312655086,0.0,2.4813895781637716,171.21588089330027,4.962779156327543,2.4813895781637716,32.25806451612903,0.0,0.0,0.0,2.4813895781637716,22.332506203473944,0.0,0.0,0.0,0.0,2.4813895781637716,0.0,0.0,0.0,0.0,0.0,4.962779156327543,0.0,2.4813895781637716,2.4813895781637716,71.96029776674938,24.81389578163772,17.3697270471464,94.29280397022333,0.5941644562334217,4.090185676392573,2.4813895781637716,0.0,2.4813895781637716,2.4813895781637716,12.40694789081886,0.0,2.4813895781637716,2.4813895781637716,2.4813895781637716,2.4813895781637716,2.4813895781637716,22.332506203473944,0.0,0.0,59.55334987593052,2.4813895781637716,4.962779156327543,0.0,19.851116625310173,0.0,17.3697270471464,4.962779156327543,9.925558312655086
S6R4,24.81389578163772,12.40694789081886,91.81141439205956,2.4813895781637716,0.0,62.03473945409429,22.332506203473944,14.88833746898263,19.851116625310173,12.40694789081886,2.4813895781637716,4.962779156327543,7.444168734491315,14.88833746898263,0.0,193.54838709677418,2.4813895781637716,0.0,57.07196029776674,0.0,0.0,0.0,4.962779156327543,29.77667493796526,2.4813895781637716,0.0,0.0,0.0,0.0,0.0,0.0,0.0,0.0,0.0,0.0,0.0,4.962779156327543,2.4813895781637716,99.25558312655087,34.7394540942928,17.3697270471464,76.92307692307693,0.5879265091863517,4.217847769028872,0.0,0.0,0.0,0.0,17.3697270471464,0.0,4.962779156327543,7.444168734491315,2.4813895781637716,4.962779156327543,2.4813895781637716,29.77667493796526,2.4813895781637716,0.0,52.10918114143921,2.4813895781637716,2.4813895781637716,0.0,2.4813895781637716,0.0,12.40694789081886,0.0,14.88833746898263
S6UQ,0.0,2.5641025641025643,53.84615384615385,2.5641025641025643,2.5641025641025643,58.97435897435897,51.28205128205128,2.5641025641025643,10.256410256410257,2.5641025641025643,2.5641025641025643,2.5641025641025643,23.076923076923077,33.333333333333336,2.5641025641025643,158.97435897435898,0.0,0.0,28.205128205128204,0.0,0.0,0.0,17.94871794871795,30.76923076923077,0.0,0.0,0.0,2.5641025641025643,5.128205128205129,0.0,0.0,0.0,0.0,0.0,0.0,0.0,7.6923076923076925,7.6923076923076925,89.74358974358974,20.512820512820515,10.256410256410257,58.97435897435897,0.5190217391304348,4.418478260869565,0.0,0.0,0.0,2.5641025641025643,5.128205128205129,0.0,15.384615384615385,10.256410256410257,2.5641025641025643,12.82051282051282,2.5641025641025643,30.76923076923077,12.82051282051282,0.0,43.589743589743584,0.0,0.0,0.0,0.0,7.6923076923076925,7.6923076923076925,0.0,2.5641025641025643
S72E,57.356608478803,0.0,64.83790523690773,0.0,9.975062344139651,64.83790523690773,57.356608478803,2.493765586034913,47.38154613466334,7.481296758104738,7.481296758104738,0.0,17.456359102244388,2.493765586034913,2.493765586034913,159.60099750623442,0.0,0.0,42.394014962593516,0.0,0.0,0.0,0.0,17.456359102244388,0.0,0.0,0.0,0.0,0.0,0.0,0.0,0.0,0.0,0.0,0.0,0.0,2.493765586034913,12.468827930174564,62.34413965087282,14.962593516209475,7.481296758104738,122.19451371571071,0.5520833333333334,4.0234375,0.0,4.987531172069826,0.0,0.0,14.962593516209475,2.493765586034913,2.493765586034913,4.987531172069826,2.493765586034913,2.493765586034913,2.493765586034913,19.950124688279303,0.0,0.0,37.406483790523694,0.0,0.0,0.0,4.987531172069826,7.481296758104738,17.456359102244388,0.0,7.481296758104738
S776,49.26108374384237,4.926108374384237,71.42857142857143,0.0,14.778325123152708,73.89162561576356,19.704433497536947,22.167487684729064,22.167487684729064,7.389162561576354,4.926108374384237,7.389162561576354,14.778325123152708,0.0,0.0,150.24630541871923,12.315270935960593,0.0,29.556650246305416,2.4630541871921183,0.0,0.0,2.4630541871921183,14.778325123152708,0.0,0.0,0.0,0.0,0.0,0.0,0.0,0.0,0.0,0.0,0.0,2.4630541871921183,14.778325123152708,9.852216748768473,41.87192118226601,27.093596059113302,9.852216748768473,118.22660098522167,0.5695538057742782,3.7007874015748032,0.0,4.926108374384237,2.4630541871921183,0.0,19.704433497536947,2.4630541871921183,12.315270935960593,12.315270935960593,0.0,17.241379310344826,9.852216748768473,24.630541871921185,4.926108374384237,0.0,54.187192118226605,0.0,0.0,0.0,12.315270935960593,2.4630541871921183,12.315270935960593,4.926108374384237,19.704433497536947
S7JS,45.893719806763286,4.830917874396135,70.04830917874396,2.4154589371980677,4.830917874396135,74.8792270531401,28.985507246376812,31.40096618357488,7.246376811594203,7.246376811594203,4.830917874396135,0.0,19.32367149758454,4.830917874396135,7.246376811594203,188.40579710144928,4.830917874396135,0.0,53.14009661835749,0.0,0.0,0.0,2.4154589371980677,12.077294685990339,0.0,0.0,0.0,0.0,0.0,0.0,0.0,0.0,0.0,0.0,0.0,0.0,2.4154589371980677,14.492753623188406,84.54106280193237,41.06280193236715,12.077294685990339,118.35748792270532,0.585,4.1875,4.830917874396135,0.0,4.830917874396135,0.0,7.246376811594203,0.0,14.492753623188406,9.66183574879227,2.4154589371980677,4.830917874396135,9.66183574879227,19.32367149758454,0.0,0.0,33.81642512077295,2.4154589371980677,2.4154589371980677,2.4154589371980677,2.4154589371980677,4.830917874396135,14.492753623188406,2.4154589371980677,14.492753623188406
S7KK,35.175879396984925,12.56281407035176,70.35175879396985,5.025125628140704,7.537688442211055,65.32663316582915,15.07537688442211,20.100502512562816,7.537688442211055,10.050251256281408,5.025125628140704,2.512562814070352,12.56281407035176,2.512562814070352,2.512562814070352,251.25628140703515,0.0,0.0,42.713567839195974,0.0,0.0,0.0,5.025125628140704,7.537688442211055,5.025125628140704,2.512562814070352,0.0,0.0,0.0,0.0,0.0,0.0,0.0,0.0,0.0,5.025125628140704,7.537688442211055,7.537688442211055,95.47738693467336,35.175879396984925,10.050251256281408,67.8391959798995,0.6240208877284595,4.5013054830287205,2.512562814070352,0.0,0.0,0.0,12.56281407035176,7.537688442211055,5.025125628140704,2.512562814070352,2.512562814070352,15.07537688442211,2.512562814070352,15.07537688442211,2.512562814070352,0.0,35.175879396984925,0.0,0.0,0.0,0.0,10.050251256281408,12.56281407035176,0.0,12.56281407035176
S7RD,24.154589371980677,0.0,89.37198067632849,0.0,4.830917874396135,65.21739130434783,31.40096618357488,12.077294685990339,33.81642512077295,12.077294685990339,4.830917874396135,0.0,14.492753623188406,0.0,7.246376811594203,210.14492753623188,0.0,0.0,45.893719806763286,0.0,0.0,0.0,0.0,7.246376811594203,0.0,0.0,0.0,0.0,0.0,0.0,2.4154589371980677,0.0,0.0,0.0,4.830917874396135,0.0,2.4154589371980677,7.246376811594203,77.29468599033817,14.492753623188406,7.246376811594203,60.386473429951685,0.5116883116883116,3.916883116883117,0.0,2.4154589371980677,2.4154589371980677,0.0,9.66183574879227,2.4154589371980677,7.246376811594203,12.077294685990339,0.0,19.32367149758454,7.246376811594203,21.73913043478261,0.0,0.0,60.386473429951685,2.4154589371980677,0.0,0.0,4.830917874396135,7.246376811594203,12.077294685990339,0.0,12.077294685990339
S7WR,27.36318407960199,2.487562189054726,84.5771144278607,0.0,2.487562189054726,52.23880597014925,29.850746268656717,4.975124378109452,34.82587064676617,7.462686567164179,0.0,4.975124378109452,14.925373134328359,0.0,0.0,273.6318407960199,2.487562189054726,0.0,52.23880597014925,4.975124378109452,0.0,0.0,4.975124378109452,7.462686567164179,0.0,0.0,0.0,0.0,2.487562189054726,0.0,0.0,0.0,0.0,0.0,0.0,0.0,2.487562189054726,7.462686567164179,97.01492537313433,52.23880597014925,4.975124378109452,49.75124378109453,0.5688775510204082,4.204081632653061,2.487562189054726,4.975124378109452,7.462686567164179,2.487562189054726,4.975124378109452,0.0,4.975124378109452,9.950248756218905,0.0,2.487562189054726,0.0,24.875621890547265,0.0,0.0,19.90049751243781,0.0,0.0,0.0,0.0,19.90049751243781,12.437810945273633,0.0,0.0
S7ZG,4.842615012106537,9.685230024213075,101.6949152542373,2.4213075060532687,2.4213075060532687,87.16707021791767,21.791767554479417,2.4213075060532687,26.634382566585955,4.842615012106537,7.263922518159807,2.4213075060532687,21.791767554479417,7.263922518159807,7.263922518159807,138.01452784503633,4.842615012106537,0.0,31.476997578692497,2.4213075060532687,2.4213075060532687,0.0,0.0,31.476997578692497,2.4213075060532687,0.0,0.0,0.0,2.4213075060532687,0.0,2.4213075060532687,0.0,0.0,0.0,0.0,0.0,0.0,2.4213075060532687,82.32445520581113,50.84745762711865,9.685230024213075,94.43099273607749,0.5586734693877551,4.260204081632653,0.0,4.842615012106537,7.263922518159807,2.4213075060532687,19.37046004842615,0.0,9.685230024213075,7.263922518159807,0.0,9.685230024213075,0.0,43.583535108958834,2.4213075060532687,2.4213075060532687,50.84745762711865,0.0,2.4213075060532687,0.0,4.842615012106537,2.4213075060532687,19.37046004842615,0.0,4.842615012106537
S8CB,12.40694789081886,14.88833746898263,71.96029776674938,2.4813895781637716,4.962779156327543,57.07196029776674,54.59057071960298,0.0,22.332506203473944,4.962779156327543,14.88833746898263,7.444168734491315,14.88833746898263,4.962779156327543,2.4813895781637716,173.697270471464,12.40694789081886,0.0,29.77667493796526,0.0,0.0,0.0,7.444168734491315,27.29528535980149,2.4813895781637716,0.0,0.0,0.0,0.0,0.0,0.0,0.0,0.0,0.0,0.0,2.4813895781637716,4.962779156327543,7.444168734491315,101.73697270471465,24.81389578163772,17.3697270471464,91.81141439205956,0.5646437994722955,3.965699208443272,2.4813895781637716,0.0,12.40694789081886,0.0,19.851116625310173,4.962779156327543,17.3697270471464,9.925558312655086,2.4813895781637716,12.40694789081886,9.925558312655086,19.851116625310173,0.0,0.0,57.07196029776674,0.0,0.0,0.0,4.962779156327543,0.0,12.40694789081886,2.4813895781637716,9.925558312655086
S95D,10.0,2.5,50.0,0.0,7.5,17.5,17.5,37.5,7.5,5.0,0.0,0.0,15.0,22.5,2.5,232.5,5.0,0.0,12.5,0.0,0.0,0.0,2.5,20.0,5.0,0.0,0.0,0.0,0.0,0.0,0.0,0.0,0.0,0.0,0.0,0.0,2.5,12.5,85.0,52.5,2.5,57.5,0.5581395348837209,4.612403100775194,2.5,0.0,2.5,2.5,5.0,0.0,2.5,27.5,0.0,15.0,10.0,17.5,15.0,0.0,20.0,0.0,0.0,0.0,5.0,15.0,2.5,0.0,5.0
S97Z,34.65346534653466,14.85148514851485,69.30693069306932,0.0,7.425742574257425,89.10891089108911,19.801980198019802,7.425742574257425,29.7029702970297,2.4752475247524752,4.9504950495049505,4.9504950495049505,9.900990099009901,4.9504950495049505,4.9504950495049505,195.54455445544556,0.0,0.0,32.17821782178218,0.0,0.0,0.0,7.425742574257425,17.32673267326733,4.9504950495049505,0.0,0.0,2.4752475247524752,2.4752475247524752,0.0,0.0,0.0,0.0,0.0,0.0,0.0,7.425742574257425,7.425742574257425,101.48514851485149,39.603960396039604,4.9504950495049505,96.53465346534654,0.5854922279792746,4.134715025906735,0.0,0.0,2.4752475247524752,0.0,19.801980198019802,2.4752475247524752,7.425742574257425,9.900990099009901,0.0,4.9504950495049505,7.425742574257425,27.22772277227723,2.4752475247524752,0.0,44.554455445544555,0.0,2.4752475247524752,0.0,7.425742574257425,2.4752475247524752,4.9504950495049505,0.0,9.900990099009901
S99Z,50.125313283208015,7.518796992481203,67.66917293233082,7.518796992481203,7.518796992481203,35.08771929824561,7.518796992481203,30.075187969924812,15.037593984962406,2.506265664160401,7.518796992481203,0.0,17.543859649122805,5.012531328320802,2.506265664160401,205.51378446115288,12.531328320802004,0.0,30.075187969924812,0.0,0.0,0.0,0.0,12.531328320802004,0.0,0.0,5.012531328320802,5.012531328320802,2.506265664160401,0.0,2.506265664160401,0.0,0.0,0.0,0.0,0.0,5.012531328320802,5.012531328320802,90.22556390977444,65.16290726817043,2.506265664160401,82.70676691729322,0.6229946524064172,3.9171122994652405,0.0,0.0,0.0,0.0,15.037593984962406,2.506265664160401,2.506265664160401,0.0,0.0,5.012531328320802,7.518796992481203,20.050125313283207,2.506265664160401,0.0,52.63157894736842,0.0,0.0,0.0,2.506265664160401,0.0,12.531328320802004,2.506265664160401,20.050125313283207
S9ER,26.699029126213592,24.271844660194173,128.64077669902912,2.4271844660194173,9.70873786407767,70.3883495145631,24.271844660194173,7.281553398058253,36.40776699029126,19.41747572815534,9.70873786407767,7.281553398058253,19.41747572815534,0.0,0.0,155.3398058252427,12.135922330097086,0.0,48.543689320388346,0.0,0.0,0.0,0.0,14.563106796116505,0.0,0.0,0.0,0.0,2.4271844660194173,0.0,0.0,0.0,0.0,7.281553398058253,0.0,0.0,2.4271844660194173,9.70873786407767,82.5242718446602,21.844660194174757,21.844660194174757,72.81553398058252,0.5692307692307692,3.98974358974359,0.0,0.0,0.0,4.854368932038835,26.699029126213592,0.0,0.0,9.70873786407767,2.4271844660194173,0.0,4.854368932038835,21.844660194174757,2.4271844660194173,0.0,53.398058252427184,0.0,0.0,0.0,0.0,0.0,12.135922330097086,2.4271844660194173,2.4271844660194173
S9GP,48.78048780487805,9.75609756097561,87.80487804878048,0.0,7.317073170731708,92.6829268292683,39.02439024390244,12.195121951219512,31.70731707317073,9.75609756097561,9.75609756097561,2.4390243902439024,21.95121951219512,7.317073170731708,2.4390243902439024,151.21951219512195,4.878048780487805,0.0,48.78048780487805,2.4390243902439024,0.0,0.0,4.878048780487805,17.073170731707318,2.4390243902439024,0.0,0.0,2.4390243902439024,0.0,0.0,0.0,0.0,0.0,0.0,0.0,2.4390243902439024,2.4390243902439024,4.878048780487805,70.73170731707316,39.02439024390244,9.75609756097561,104.8780487804878,0.5907928388746803,4.2225063938618925,2.4390243902439024,0.0,2.4390243902439024,2.4390243902439024,17.073170731707318,0.0,7.317073170731708,4.878048780487805,2.4390243902439024,14.634146341463415,7.317073170731708,43.90243902439024,7.317073170731708,0.0,41.463414634146346,4.878048780487805,0.0,0.0,4.878048780487805,4.878048780487805,12.195121951219512,2.4390243902439024,14.634146341463415
S9N4,34.912718204488776,14.962593516209475,104.73815461346634,0.0,7.481296758104738,69.82543640897755,44.88778054862843,4.987531172069826,32.418952618453865,14.962593516209475,17.456359102244388,4.987531172069826,9.975062344139651,2.493765586034913,2.493765586034913,129.67581047381546,12.468827930174564,0.0,44.88778054862843,0.0,2.493765586034913,0.0,2.493765586034913,22.443890274314214,0.0,0.0,0.0,0.0,0.0,0.0,0.0,0.0,0.0,0.0,0.0,2.493765586034913,7.481296758104738,7.481296758104738,84.78802992518703,32.418952618453865,12.468827930174564,89.77556109725685,0.53315649867374,3.8408488063660475,0.0,0.0,2.493765586034913,0.0,9.975062344139651,0.0,9.975062344139651,7.481296758104738,0.0,9.975062344139651,2.493765586034913,32.418952618453865,2.493765586034913,0.0,59.8503740648379,4.987531172069826,2.493765586034913,0.0,2.493765586034913,2.493765586034913,22.443890274314214,2.493765586034913,27.43142144638404
SA6K,35.08771929824561,5.012531328320802,80.20050125313283,2.506265664160401,5.012531328320802,67.66917293233082,10.025062656641603,17.543859649122805,15.037593984962406,10.025062656641603,0.0,7.518796992481203,22.55639097744361,17.543859649122805,5.012531328320802,182.95739348370927,7.518796992481203,0.0,35.08771929824561,0.0,0.0,0.0,0.0,20.050125313283207,5.012531328320802,0.0,0.0,0.0,0.0,0.0,5.012531328320802,0.0,0.0,0.0,0.0,0.0,7.518796992481203,5.012531328320802,102.75689223057644,52.63157894736842,5.012531328320802,95.23809523809523,0.5854922279792746,4.637305699481865,0.0,0.0,2.506265664160401,7.518796992481203,15.037593984962406,0.0,7.518796992481203,5.012531328320802,7.518796992481203,5.012531328320802,0.0,27.56892230576441,2.506265664160401,0.0,32.581453634085214,0.0,2.506265664160401,0.0,5.012531328320802,5.012531328320802,12.531328320802004,0.0,15.037593984962406
SA9P,63.88206388206388,7.371007371007371,71.25307125307125,4.914004914004914,14.742014742014742,73.71007371007371,14.742014742014742,7.371007371007371,19.656019656019655,12.285012285012284,2.457002457002457,0.0,17.1990171990172,7.371007371007371,7.371007371007371,186.73218673218673,9.828009828009828,0.0,36.85503685503686,0.0,0.0,0.0,2.457002457002457,19.656019656019655,2.457002457002457,0.0,0.0,0.0,0.0,0.0,2.457002457002457,0.0,0.0,0.0,2.457002457002457,0.0,0.0,2.457002457002457,88.45208845208845,22.11302211302211,9.828009828009828,108.10810810810811,0.5818639798488665,4.148614609571789,0.0,2.457002457002457,4.914004914004914,2.457002457002457,12.285012285012284,0.0,4.914004914004914,0.0,2.457002457002457,2.457002457002457,7.371007371007371,54.054054054054056,4.914004914004914,0.0,24.570024570024568,2.457002457002457,0.0,0.0,2.457002457002457,2.457002457002457,19.656019656019655,0.0,12.285012285012284
SA9U,19.138755980861244,11.961722488038278,81.33971291866028,9.569377990430622,2.3923444976076556,66.98564593301435,7.177033492822967,9.569377990430622,19.138755980861244,2.3923444976076556,2.3923444976076556,2.3923444976076556,7.177033492822967,21.5311004784689,2.3923444976076556,172.2488038277512,7.177033492822967,0.0,31.10047846889952,0.0,2.3923444976076556,0.0,4.784688995215311,16.74641148325359,0.0,0.0,0.0,0.0,0.0,0.0,0.0,0.0,0.0,2.3923444976076556,0.0,0.0,2.3923444976076556,4.784688995215311,81.33971291866028,43.0622009569378,14.354066985645934,81.33971291866028,0.5864661654135338,4.325814536340852,0.0,2.3923444976076556,0.0,2.3923444976076556,9.569377990430622,0.0,7.177033492822967,7.177033492822967,0.0,9.569377990430622,2.3923444976076556,38.27751196172249,0.0,0.0,40.66985645933014,2.3923444976076556,0.0,0.0,4.784688995215311,0.0,11.961722488038278,2.3923444976076556,7.177033492822967
SAA3,27.56892230576441,17.543859649122805,95.23809523809523,0.0,7.518796992481203,72.68170426065163,50.125313283208015,7.518796992481203,27.56892230576441,12.531328320802004,7.518796992481203,7.518796992481203,5.012531328320802,2.506265664160401,5.012531328320802,162.90726817042605,2.506265664160401,0.0,42.606516290726816,2.506265664160401,0.0,0.0,2.506265664160401,17.543859649122805,0.0,0.0,0.0,0.0,0.0,0.0,0.0,0.0,0.0,0.0,0.0,0.0,5.012531328320802,5.012531328320802,57.64411027568922,12.531328320802004,20.050125313283207,122.80701754385964,0.5698924731182796,3.943548387096774,0.0,0.0,0.0,2.506265664160401,15.037593984962406,5.012531328320802,7.518796992481203,7.518796992481203,2.506265664160401,10.025062656641603,5.012531328320802,45.11278195488722,2.506265664160401,0.0,62.65664160401002,2.506265664160401,0.0,0.0,5.012531328320802,2.506265664160401,10.025062656641603,2.506265664160401,15.037593984962406
SACQ,47.02970297029703,14.85148514851485,69.30693069306932,4.9504950495049505,4.9504950495049505,76.73267326732673,22.277227722772277,17.32673267326733,19.801980198019802,4.9504950495049505,2.4752475247524752,2.4752475247524752,17.32673267326733,7.425742574257425,0.0,183.16831683168317,9.900990099009901,2.4752475247524752,24.752475247524753,0.0,0.0,0.0,2.4752475247524752,19.801980198019802,2.4752475247524752,0.0,4.9504950495049505,2.4752475247524752,4.9504950495049505,0.0,2.4752475247524752,0.0,0.0,0.0,0.0,0.0,7.425742574257425,4.9504950495049505,103.96039603960395,34.65346534653466,7.425742574257425,79.20792079207921,0.6246719160104987,4.188976377952756,0.0,0.0,2.4752475247524752,0.0,14.85148514851485,0.0,12.376237623762377,2.4752475247524752,2.4752475247524752,9.900990099009901,7.425742574257425,24.752475247524753,7.425742574257425,0.0,54.45544554455446,0.0,2.4752475247524752,0.0,4.9504950495049505,2.4752475247524752,17.32673267326733,0.0,12.376237623762377
SAF8,41.97530864197531,2.4691358024691357,108.64197530864197,0.0,7.407407407407407,69.1358024691358,12.345679012345679,19.753086419753085,39.50617283950617,2.4691358024691357,4.938271604938271,7.407407407407407,27.160493827160494,0.0,0.0,158.02469135802468,7.407407407407407,0.0,44.44444444444444,0.0,0.0,0.0,4.938271604938271,7.407407407407407,0.0,0.0,0.0,0.0,0.0,0.0,0.0,0.0,0.0,0.0,0.0,0.0,2.4691358024691357,4.938271604938271,69.1358024691358,14.814814814814815,4.938271604938271,101.23456790123457,0.5757575757575758,3.4765840220385673,0.0,0.0,0.0,0.0,9.876543209876543,0.0,2.4691358024691357,0.0,2.4691358024691357,0.0,7.407407407407407,17.28395061728395,0.0,0.0,93.82716049382717,0.0,0.0,0.0,0.0,0.0,9.876543209876543,0.0,29.62962962962963
SAFZ,24.390243902439025,7.317073170731708,80.48780487804878,2.4390243902439024,2.4390243902439024,46.34146341463415,21.95121951219512,17.073170731707318,17.073170731707318,12.195121951219512,14.634146341463415,4.878048780487805,19.51219512195122,12.195121951219512,2.4390243902439024,182.9268292682927,7.317073170731708,0.0,26.829268292682926,4.878048780487805,0.0,0.0,0.0,9.75609756097561,0.0,0.0,2.4390243902439024,2.4390243902439024,4.878048780487805,0.0,2.4390243902439024,0.0,0.0,0.0,0.0,0.0,4.878048780487805,7.317073170731708,100.0,56.09756097560976,9.75609756097561,85.3658536585366,0.5631313131313131,4.454545454545454,9.75609756097561,0.0,14.634146341463415,2.4390243902439024,17.073170731707318,0.0,0.0,12.195121951219512,0.0,4.878048780487805,0.0,39.02439024390244,0.0,0.0,26.829268292682926,2.4390243902439024,2.4390243902439024,0.0,9.75609756097561,2.4390243902439024,12.195121951219512,0.0,9.75609756097561
SAHB,42.5531914893617,4.7281323877068555,63.82978723404255,4.7281323877068555,4.7281323877068555,37.825059101654844,26.004728132387708,14.184397163120567,11.82033096926714,4.7281323877068555,7.092198581560283,4.7281323877068555,16.548463356973993,2.3640661938534278,0.0,271.8676122931442,4.7281323877068555,0.0,23.64066193853428,0.0,0.0,0.0,2.3640661938534278,11.82033096926714,4.7281323877068555,0.0,2.3640661938534278,0.0,0.0,0.0,2.3640661938534278,0.0,2.3640661938534278,2.3640661938534278,0.0,0.0,0.0,0.0,111.1111111111111,59.1016548463357,4.7281323877068555,78.01418439716312,0.6078431372549019,4.28921568627451,0.0,0.0,0.0,0.0,7.092198581560283,4.7281323877068555,14.184397163120567,2.3640661938534278,0.0,4.7281323877068555,7.092198581560283,26.004728132387708,2.3640661938534278,0.0,33.09692671394799,0.0,2.3640661938534278,0.0,2.3640661938534278,11.82033096926714,2.3640661938534278,0.0,21.27659574468085
SAVW,27.29528535980149,4.962779156327543,81.88585607940446,4.962779156327543,4.962779156327543,76.92307692307693,12.40694789081886,9.925558312655086,9.925558312655086,4.962779156327543,2.4813895781637716,7.444168734491315,12.40694789081886,0.0,2.4813895781637716,235.73200992555832,0.0,0.0,29.77667493796526,0.0,0.0,0.0,4.962779156327543,17.3697270471464,0.0,0.0,0.0,0.0,0.0,0.0,0.0,0.0,0.0,0.0,0.0,2.4813895781637716,2.4813895781637716,2.4813895781637716,79.40446650124069,47.146401985111666,2.4813895781637716,74.44168734491315,0.6392572944297082,3.989389920424403,2.4813895781637716,0.0,2.4813895781637716,0.0,4.962779156327543,0.0,24.81389578163772,7.444168734491315,2.4813895781637716,7.444168734491315,4.962779156327543,22.332506203473944,4.962779156327543,0.0,42.183622828784124,0.0,0.0,0.0,2.4813895781637716,2.4813895781637716,9.925558312655086,0.0,17.3697270471464
SB5E,27.160493827160494,12.345679012345679,101.23456790123457,0.0,0.0,64.19753086419753,12.345679012345679,29.62962962962963,19.753086419753085,0.0,4.938271604938271,2.4691358024691357,7.407407407407407,2.4691358024691357,0.0,227.1604938271605,4.938271604938271,0.0,32.098765432098766,2.4691358024691357,0.0,0.0,0.0,17.28395061728395,0.0,0.0,0.0,0.0,0.0,0.0,4.938271604938271,0.0,0.0,0.0,4.938271604938271,0.0,2.4691358024691357,4.938271604938271,74.07407407407408,44.44444444444444,2.4691358024691357,81.4814814814815,0.6109660574412533,4.005221932114883,0.0,9.876543209876543,0.0,0.0,17.28395061728395,0.0,9.876543209876543,0.0,0.0,2.4691358024691357,7.407407407407407,29.62962962962963,0.0,0.0,51.85185185185185,0.0,0.0,0.0,2.4691358024691357,0.0,19.753086419753085,4.938271604938271,12.345679012345679
SB9K,22.22222222222222,9.876543209876543,71.60493827160494,2.4691358024691357,0.0,81.4814814814815,27.160493827160494,14.814814814814815,4.938271604938271,14.814814814814815,0.0,2.4691358024691357,19.753086419753085,22.22222222222222,2.4691358024691357,207.4074074074074,0.0,0.0,29.62962962962963,2.4691358024691357,0.0,0.0,2.4691358024691357,19.753086419753085,0.0,0.0,0.0,0.0,0.0,0.0,2.4691358024691357,0.0,0.0,2.4691358024691357,0.0,0.0,4.938271604938271,0.0,123.45679012345678,54.32098765432099,12.345679012345679,49.382716049382715,0.5794871794871795,4.47948717948718,2.4691358024691357,0.0,2.4691358024691357,0.0,9.876543209876543,0.0,0.0,19.753086419753085,2.4691358024691357,2.4691358024691357,0.0,32.098765432098766,0.0,0.0,32.098765432098766,0.0,2.4691358024691357,0.0,0.0,9.876543209876543,9.876543209876543,0.0,2.4691358024691357
SBDD,44.33497536945813,2.4630541871921183,81.2807881773399,0.0,9.852216748768473,66.50246305418719,19.704433497536947,17.241379310344826,19.704433497536947,9.852216748768473,0.0,19.704433497536947,19.704433497536947,2.4630541871921183,0.0,184.72906403940885,4.926108374384237,0.0,36.94581280788178,0.0,0.0,0.0,2.4630541871921183,12.315270935960593,0.0,0.0,0.0,2.4630541871921183,4.926108374384237,0.0,0.0,2.4630541871921183,0.0,0.0,0.0,0.0,0.0,7.389162561576354,81.2807881773399,49.26108374384237,14.778325123152708,54.187192118226605,0.6170212765957447,3.8643617021276597,4.926108374384237,2.4630541871921183,2.4630541871921183,0.0,9.852216748768473,2.4630541871921183,12.315270935960593,4.926108374384237,2.4630541871921183,7.389162561576354,7.389162561576354,22.167487684729064,0.0,0.0,66.50246305418719,4.926108374384237,0.0,0.0,0.0,2.4630541871921183,9.852216748768473,2.4630541871921183,12.315270935960593
SBJM,51.21951219512195,9.75609756097561,95.1219512195122,2.4390243902439024,2.4390243902439024,100.0,43.90243902439024,14.634146341463415,19.51219512195122,12.195121951219512,0.0,7.317073170731708,24.390243902439025,2.4390243902439024,0.0,158.53658536585365,12.195121951219512,0.0,60.97560975609756,0.0,0.0,0.0,7.317073170731708,17.073170731707318,0.0,0.0,0.0,0.0,0.0,0.0,0.0,0.0,0.0,0.0,0.0,0.0,2.4390243902439024,2.4390243902439024,58.53658536585366,34.146341463414636,14.634146341463415,109.7560975609756,0.5514511873350924,3.8944591029023745,0.0,0.0,2.4390243902439024,0.0,21.95121951219512,4.878048780487805,0.0,9.75609756097561,2.4390243902439024,4.878048780487805,4.878048780487805,17.073170731707318,2.4390243902439024,0.0,73.17073170731707,0.0,0.0,0.0,14.634146341463415,0.0,19.51219512195122,4.878048780487805,19.51219512195122
SBKM,15.037593984962406,7.518796992481203,75.18796992481202,0.0,5.012531328320802,40.100250626566414,12.531328320802004,7.518796992481203,7.518796992481203,15.037593984962406,5.012531328320802,5.012531328320802,10.025062656641603,2.506265664160401,2.506265664160401,215.53884711779446,0.0,0.0,32.581453634085214,7.518796992481203,0.0,0.0,0.0,25.062656641604008,0.0,0.0,0.0,2.506265664160401,2.506265664160401,0.0,0.0,0.0,0.0,0.0,0.0,0.0,7.518796992481203,15.037593984962406,82.70676691729322,52.63157894736842,15.037593984962406,90.22556390977444,0.6175710594315246,4.191214470284238,7.518796992481203,5.012531328320802,7.518796992481203,2.506265664160401,15.037593984962406,2.506265664160401,10.025062656641603,10.025062656641603,2.506265664160401,5.012531328320802,0.0,15.037593984962406,2.506265664160401,0.0,25.062656641604008,0.0,0.0,0.0,10.025062656641603,5.012531328320802,0.0,0.0,7.518796992481203
SBNU,14.962593516209475,12.468827930174564,92.26932668329177,2.493765586034913,2.493765586034913,37.406483790523694,12.468827930174564,4.987531172069826,42.394014962593516,7.481296758104738,7.481296758104738,0.0,14.962593516209475,0.0,2.493765586034913,167.08229426433914,12.468827930174564,0.0,47.38154613466334,2.493765586034913,0.0,0.0,0.0,19.950124688279303,7.481296758104738,0.0,0.0,0.0,7.481296758104738,0.0,0.0,0.0,0.0,0.0,0.0,0.0,7.481296758104738,7.481296758104738,104.73815461346634,42.394014962593516,9.975062344139651,119.7007481296758,0.6137566137566137,4.41005291005291,0.0,2.493765586034913,0.0,0.0,32.418952618453865,4.987531172069826,9.975062344139651,2.493765586034913,0.0,4.987531172069826,2.493765586034913,22.443890274314214,2.493765586034913,0.0,54.86284289276808,0.0,0.0,2.493765586034913,14.962593516209475,2.493765586034913,9.975062344139651,0.0,12.468827930174564
SC8H,57.788944723618094,7.537688442211055,52.76381909547739,2.512562814070352,0.0,52.76381909547739,27.638190954773872,15.07537688442211,30.15075376884422,12.56281407035176,5.025125628140704,5.025125628140704,10.050251256281408,2.512562814070352,2.512562814070352,178.39195979899498,0.0,0.0,35.175879396984925,0.0,0.0,0.0,0.0,20.100502512562816,0.0,0.0,0.0,2.512562814070352,0.0,0.0,2.512562814070352,0.0,0.0,0.0,2.512562814070352,0.0,7.537688442211055,7.537688442211055,85.42713567839195,27.638190954773872,15.07537688442211,70.35175879396985,0.6048387096774194,3.8736559139784945,2.512562814070352,2.512562814070352,2.512562814070352,0.0,7.537688442211055,2.512562814070352,5.025125628140704,7.537688442211055,0.0,10.050251256281408,2.512562814070352,22.613065326633166,0.0,0.0,65.32663316582915,2.512562814070352,0.0,0.0,10.050251256281408,5.025125628140704,15.07537688442211,2.512562814070352,25.12562814070352
SCRM,22.5,15.0,87.5,2.5,5.0,67.5,27.5,5.0,17.5,5.0,10.0,0.0,10.0,10.0,2.5,157.5,10.0,0.0,37.5,0.0,0.0,0.0,2.5,32.5,0.0,0.0,0.0,2.5,0.0,0.0,0.0,0.0,0.0,0.0,0.0,0.0,7.5,5.0,62.5,22.5,5.0,137.5,0.5639686684073107,4.122715404699739,0.0,5.0,12.5,0.0,17.5,0.0,5.0,2.5,10.0,5.0,7.5,20.0,5.0,0.0,40.0,0.0,0.0,0.0,5.0,2.5,20.0,2.5,12.5
SCWJ,37.03703703703704,7.407407407407407,118.51851851851852,4.938271604938271,7.407407407407407,66.66666666666667,9.876543209876543,27.160493827160494,56.79012345679013,9.876543209876543,4.938271604938271,7.407407407407407,12.345679012345679,7.407407407407407,2.4691358024691357,123.45679012345678,9.876543209876543,0.0,71.60493827160494,2.4691358024691357,0.0,0.0,2.4691358024691357,12.345679012345679,0.0,0.0,0.0,0.0,0.0,0.0,0.0,0.0,0.0,2.4691358024691357,0.0,0.0,7.407407407407407,12.345679012345679,83.95061728395062,24.691358024691358,27.160493827160494,118.51851851851852,0.5596816976127321,3.8885941644562334,0.0,2.4691358024691357,0.0,4.938271604938271,17.28395061728395,0.0,4.938271604938271,4.938271604938271,0.0,0.0,0.0,37.03703703703704,2.4691358024691357,0.0,69.1358024691358,0.0,0.0,0.0,2.4691358024691357,2.4691358024691357,24.691358024691358,0.0,19.753086419753085
SCXG,36.4963503649635,12.165450121654501,53.5279805352798,4.866180048661801,0.0,58.394160583941606,14.598540145985401,21.897810218978105,24.330900243309003,4.866180048661801,2.4330900243309004,4.866180048661801,9.732360097323602,2.4330900243309004,7.299270072992701,199.5133819951338,12.165450121654501,0.0,48.661800486618006,7.299270072992701,0.0,0.0,0.0,17.0316301703163,4.866180048661801,0.0,0.0,0.0,0.0,0.0,2.4330900243309004,0.0,0.0,0.0,0.0,0.0,4.866180048661801,2.4330900243309004,104.62287104622871,46.228710462287104,4.866180048661801,68.1265206812652,0.5538847117794486,4.0,0.0,0.0,0.0,0.0,12.165450121654501,2.4330900243309004,9.732360097323602,9.732360097323602,2.4330900243309004,9.732360097323602,4.866180048661801,14.598540145985401,4.866180048661801,0.0,29.197080291970803,0.0,4.866180048661801,0.0,0.0,9.732360097323602,4.866180048661801,0.0,2.4330900243309004
SCYD,37.406483790523694,7.481296758104738,62.34413965087282,0.0,12.468827930174564,64.83790523690773,22.443890274314214,4.987531172069826,34.912718204488776,4.987531172069826,7.481296758104738,7.481296758104738,14.962593516209475,0.0,4.987531172069826,182.04488778054863,0.0,0.0,34.912718204488776,2.493765586034913,0.0,0.0,2.493765586034913,12.468827930174564,4.987531172069826,0.0,0.0,0.0,0.0,0.0,0.0,0.0,0.0,0.0,0.0,0.0,7.481296758104738,2.493765586034913,84.78802992518703,59.8503740648379,4.987531172069826,77.3067331670823,0.5921052631578947,4.126315789473685,2.493765586034913,0.0,0.0,0.0,2.493765586034913,2.493765586034913,22.443890274314214,9.975062344139651,0.0,17.456359102244388,4.987531172069826,22.443890274314214,4.987531172069826,0.0,39.900249376558605,2.493765586034913,2.493765586034913,0.0,2.493765586034913,2.493765586034913,7.481296758104738,0.0,12.468827930174564
SD3R,26.7639902676399,12.165450121654501,102.18978102189782,0.0,4.866180048661801,75.42579075425792,19.464720194647203,12.165450121654501,19.464720194647203,7.299270072992701,14.598540145985401,2.4330900243309004,21.897810218978105,0.0,0.0,172.74939172749393,2.4330900243309004,0.0,51.09489051094891,0.0,0.0,0.0,4.866180048661801,7.299270072992701,4.866180048661801,0.0,0.0,2.4330900243309004,0.0,0.0,2.4330900243309004,0.0,0.0,0.0,4.866180048661801,0.0,12.165450121654501,4.866180048661801,75.42579075425792,17.0316301703163,14.598540145985401,111.92214111922141,0.5774278215223098,3.994750656167979,2.4330900243309004,0.0,0.0,2.4330900243309004,12.165450121654501,0.0,7.299270072992701,7.299270072992701,0.0,7.299270072992701,7.299270072992701,34.0632603406326,12.165450121654501,0.0,63.26034063260341,0.0,2.4330900243309004,0.0,2.4330900243309004,2.4330900243309004,4.866180048661801,0.0,29.197080291970803
SDN3,19.851116625310173,14.88833746898263,84.36724565756825,4.962779156327543,2.4813895781637716,49.62779156327544,12.40694789081886,4.962779156327543,24.81389578163772,7.444168734491315,7.444168734491315,9.925558312655086,9.925558312655086,7.444168734491315,4.962779156327543,203.4739454094293,0.0,0.0,37.220843672456574,2.4813895781637716,0.0,0.0,4.962779156327543,14.88833746898263,0.0,0.0,0.0,0.0,0.0,0.0,0.0,0.0,0.0,0.0,2.4813895781637716,2.4813895781637716,4.962779156327543,0.0,94.29280397022333,34.7394540942928,12.40694789081886,119.10669975186104,0.6036745406824147,4.409448818897638,0.0,2.4813895781637716,7.444168734491315,4.962779156327543,9.925558312655086,0.0,4.962779156327543,2.4813895781637716,0.0,4.962779156327543,7.444168734491315,24.81389578163772,2.4813895781637716,0.0,49.62779156327544,0.0,2.4813895781637716,0.0,0.0,7.444168734491315,7.444168734491315,0.0,7.444168734491315
SDY6,42.5,12.5,85.0,5.0,5.0,85.0,52.5,2.5,15.0,10.0,2.5,2.5,17.5,0.0,2.5,150.0,0.0,0.0,32.5,2.5,0.0,0.0,7.5,17.5,0.0,0.0,0.0,2.5,0.0,0.0,0.0,0.0,0.0,0.0,0.0,0.0,0.0,17.5,70.0,37.5,7.5,102.5,0.5672043010752689,3.8118279569892475,2.5,0.0,0.0,0.0,12.5,5.0,12.5,5.0,2.5,10.0,2.5,27.5,0.0,0.0,67.5,0.0,0.0,0.0,2.5,2.5,10.0,2.5,15.0
SE3Y,35.175879396984925,15.07537688442211,67.8391959798995,7.537688442211055,2.512562814070352,62.81407035175879,35.175879396984925,15.07537688442211,27.638190954773872,2.512562814070352,2.512562814070352,0.0,17.587939698492463,0.0,5.025125628140704,180.90452261306532,7.537688442211055,0.0,32.663316582914575,0.0,0.0,0.0,5.025125628140704,27.638190954773872,2.512562814070352,0.0,0.0,2.512562814070352,0.0,0.0,2.512562814070352,0.0,0.0,0.0,0.0,2.512562814070352,5.025125628140704,7.537688442211055,82.91457286432161,27.638190954773872,12.56281407035176,55.276381909547744,0.6143617021276596,4.132978723404255,0.0,0.0,0.0,2.512562814070352,10.050251256281408,0.0,10.050251256281408,5.025125628140704,0.0,17.587939698492463,2.512562814070352,37.688442211055275,12.56281407035176,0.0,55.276381909547744,2.512562814070352,0.0,0.0,2.512562814070352,0.0,17.587939698492463,0.0,7.537688442211055
SE58,36.94581280788178,9.852216748768473,66.50246305418719,4.926108374384237,4.926108374384237,76.35467980295567,27.093596059113302,4.926108374384237,22.167487684729064,7.389162561576354,2.4630541871921183,4.926108374384237,19.704433497536947,12.315270935960593,2.4630541871921183,197.04433497536948,0.0,0.0,39.40886699507389,2.4630541871921183,0.0,0.0,2.4630541871921183,27.093596059113302,2.4630541871921183,0.0,0.0,0.0,0.0,0.0,0.0,0.0,0.0,0.0,0.0,0.0,2.4630541871921183,9.852216748768473,81.2807881773399,36.94581280788178,14.778325123152708,96.0591133004926,0.6020408163265306,4.262755102040816,2.4630541871921183,2.4630541871921183,2.4630541871921183,0.0,22.167487684729064,4.926108374384237,7.389162561576354,2.4630541871921183,0.0,14.778325123152708,7.389162561576354,22.167487684729064,14.778325123152708,0.0,32.01970443349754,0.0,0.0,0.0,4.926108374384237,7.389162561576354,4.926108374384237,0.0,4.926108374384237
SE68,32.5,12.5,95.0,5.0,7.5,62.5,10.0,12.5,35.0,10.0,15.0,0.0,20.0,0.0,0.0,172.5,5.0,0.0,55.0,5.0,2.5,0.0,5.0,10.0,0.0,0.0,0.0,0.0,0.0,0.0,2.5,0.0,0.0,0.0,0.0,0.0,2.5,5.0,77.5,35.0,10.0,122.5,0.5989304812834224,4.0588235294117645,0.0,2.5,2.5,5.0,17.5,0.0,5.0,12.5,2.5,0.0,7.5,25.0,0.0,2.5,57.5,2.5,0.0,0.0,0.0,2.5,7.5,0.0,20.0
SE7R,32.418952618453865,19.950124688279303,84.78802992518703,4.987531172069826,4.987531172069826,67.33167082294264,32.418952618453865,14.962593516209475,17.456359102244388,4.987531172069826,2.493765586034913,2.493765586034913,9.975062344139651,4.987531172069826,7.481296758104738,169.57605985037407,0.0,0.0,22.443890274314214,2.493765586034913,0.0,0.0,2.493765586034913,14.962593516209475,0.0,0.0,0.0,0.0,2.493765586034913,0.0,0.0,0.0,0.0,0.0,0.0,2.493765586034913,9.975062344139651,7.481296758104738,84.78802992518703,32.418952618453865,14.962593516209475,99.75062344139651,0.6097560975609756,3.994579945799458,0.0,0.0,0.0,0.0,22.443890274314214,0.0,14.962593516209475,4.987531172069826,0.0,9.975062344139651,9.975062344139651,32.418952618453865,4.987531172069826,2.493765586034913,79.80049875311721,2.493765586034913,0.0,0.0,7.481296758104738,2.493765586034913,4.987531172069826,2.493765586034913,24.93765586034913
SEFQ,17.721518987341774,0.0,63.29113924050633,0.0,0.0,65.82278481012659,25.31645569620253,17.721518987341774,20.253164556962027,5.063291139240507,7.594936708860759,0.0,15.189873417721518,20.253164556962027,0.0,167.08860759493672,2.5316455696202533,0.0,20.253164556962027,0.0,5.063291139240507,0.0,5.063291139240507,20.253164556962027,7.594936708860759,0.0,2.5316455696202533,0.0,0.0,0.0,0.0,0.0,0.0,2.5316455696202533,0.0,0.0,10.126582278481013,10.126582278481013,106.32911392405063,45.56962025316456,5.063291139240507,68.35443037974684,0.6010362694300518,4.6139896373057,2.5316455696202533,0.0,0.0,2.5316455696202533,7.594936708860759,0.0,5.063291139240507,5.063291139240507,0.0,12.658227848101266,7.594936708860759,22.78481012658228,7.594936708860759,0.0,17.721518987341774,0.0,0.0,0.0,0.0,5.063291139240507,5.063291139240507,0.0,0.0
SEKZ,61.88118811881188,7.425742574257425,59.4059405940594,0.0,7.425742574257425,51.980198019801975,12.376237623762377,32.17821782178218,29.7029702970297,7.425742574257425,12.376237623762377,7.425742574257425,7.425742574257425,4.9504950495049505,2.4752475247524752,207.9207920792079,0.0,0.0,29.7029702970297,0.0,0.0,0.0,0.0,19.801980198019802,0.0,0.0,0.0,0.0,0.0,0.0,4.9504950495049505,0.0,0.0,0.0,0.0,0.0,0.0,7.425742574257425,96.53465346534654,32.17821782178218,7.425742574257425,69.30693069306932,0.5721649484536082,3.9896907216494846,0.0,4.9504950495049505,0.0,0.0,9.900990099009901,0.0,4.9504950495049505,2.4752475247524752,0.0,9.900990099009901,4.9504950495049505,34.65346534653466,2.4752475247524752,0.0,24.752475247524753,4.9504950495049505,4.9504950495049505,0.0,0.0,4.9504950495049505,14.85148514851485,2.4752475247524752,4.9504950495049505
SEPP,34.3980343980344,7.371007371007371,49.140049140049136,4.914004914004914,7.371007371007371,46.68304668304668,17.1990171990172,14.742014742014742,19.656019656019655,2.457002457002457,4.914004914004914,2.457002457002457,4.914004914004914,7.371007371007371,2.457002457002457,226.04422604422606,0.0,0.0,27.027027027027028,0.0,0.0,0.0,2.457002457002457,17.1990171990172,0.0,0.0,0.0,2.457002457002457,0.0,0.0,0.0,0.0,0.0,0.0,2.457002457002457,2.457002457002457,2.457002457002457,2.457002457002457,105.65110565110565,27.027027027027028,7.371007371007371,78.62407862407862,0.6082474226804123,4.231958762886598,0.0,0.0,2.457002457002457,0.0,4.914004914004914,4.914004914004914,12.285012285012284,2.457002457002457,0.0,7.371007371007371,2.457002457002457,22.11302211302211,2.457002457002457,0.0,39.31203931203931,0.0,0.0,0.0,2.457002457002457,4.914004914004914,12.285012285012284,2.457002457002457,17.1990171990172
SEPR,29.92518703241895,7.481296758104738,67.33167082294264,4.987531172069826,4.987531172069826,62.34413965087282,19.950124688279303,17.456359102244388,39.900249376558605,7.481296758104738,9.975062344139651,4.987531172069826,9.975062344139651,7.481296758104738,0.0,154.6134663341646,0.0,0.0,39.900249376558605,0.0,0.0,0.0,0.0,27.43142144638404,0.0,0.0,0.0,2.493765586034913,0.0,0.0,4.987531172069826,0.0,0.0,0.0,0.0,0.0,2.493765586034913,2.493765586034913,84.78802992518703,27.43142144638404,19.950124688279303,79.80049875311721,0.5729442970822282,3.946949602122016,0.0,2.493765586034913,0.0,0.0,9.975062344139651,0.0,7.481296758104738,17.456359102244388,0.0,17.456359102244388,2.493765586034913,34.912718204488776,4.987531172069826,0.0,49.87531172069826,2.493765586034913,0.0,0.0,4.987531172069826,2.493765586034913,22.443890274314214,0.0,9.975062344139651
SES2,45.11278195488722,5.012531328320802,62.65664160401002,0.0,5.012531328320802,95.23809523809523,32.581453634085214,15.037593984962406,27.56892230576441,10.025062656641603,5.012531328320802,7.518796992481203,5.012531328320802,0.0,7.518796992481203,167.91979949874687,0.0,0.0,27.56892230576441,0.0,0.0,0.0,0.0,17.543859649122805,0.0,0.0,0.0,0.0,0.0,0.0,2.506265664160401,0.0,0.0,0.0,7.518796992481203,0.0,5.012531328320802,5.012531328320802,75.18796992481202,27.56892230576441,7.518796992481203,80.20050125313283,0.4880636604774536,3.8408488063660475,2.506265664160401,2.506265664160401,0.0,7.518796992481203,7.518796992481203,2.506265664160401,0.0,22.55639097744361,0.0,15.037593984962406,7.518796992481203,15.037593984962406,2.506265664160401,0.0,50.125313283208015,2.506265664160401,0.0,0.0,2.506265664160401,0.0,25.062656641604008,0.0,27.56892230576441
SF2F,22.058823529411764,12.254901960784313,93.13725490196079,0.0,7.352941176470588,49.01960784313725,19.607843137254903,14.705882352941176,41.666666666666664,7.352941176470588,4.901960784313726,9.803921568627452,9.803921568627452,4.901960784313726,2.450980392156863,181.37254901960785,2.450980392156863,0.0,34.313725490196084,0.0,0.0,0.0,4.901960784313726,19.607843137254903,2.450980392156863,0.0,2.450980392156863,0.0,2.450980392156863,0.0,0.0,0.0,0.0,0.0,0.0,0.0,4.901960784313726,14.705882352941176,80.88235294117648,31.862745098039213,7.352941176470588,110.29411764705883,0.6052631578947368,3.968421052631579,2.450980392156863,2.450980392156863,0.0,0.0,26.96078431372549,0.0,7.352941176470588,4.901960784313726,0.0,4.901960784313726,9.803921568627452,24.509803921568626,4.901960784313726,7.352941176470588,71.07843137254902,2.450980392156863,0.0,0.0,4.901960784313726,0.0,7.352941176470588,0.0,14.705882352941176
SF2Q,39.80099502487562,9.950248756218905,79.60199004975124,4.975124378109452,9.950248756218905,77.11442786069651,14.925373134328359,22.388059701492537,24.875621890547265,4.975124378109452,7.462686567164179,2.487562189054726,14.925373134328359,7.462686567164179,2.487562189054726,161.69154228855723,7.462686567164179,0.0,22.388059701492537,0.0,0.0,0.0,2.487562189054726,19.90049751243781,0.0,0.0,0.0,0.0,0.0,0.0,0.0,0.0,0.0,0.0,0.0,0.0,4.975124378109452,7.462686567164179,82.08955223880596,44.776119402985074,4.975124378109452,101.99004975124377,0.5813953488372093,3.945736434108527,0.0,2.487562189054726,0.0,0.0,7.462686567164179,0.0,14.925373134328359,4.975124378109452,2.487562189054726,4.975124378109452,9.950248756218905,22.388059701492537,7.462686567164179,2.487562189054726,34.82587064676617,0.0,2.487562189054726,0.0,9.950248756218905,4.975124378109452,14.925373134328359,0.0,9.950248756218905
SFB9,78.04878048780488,0.0,43.90243902439024,0.0,0.0,78.04878048780488,39.02439024390244,9.75609756097561,21.95121951219512,9.75609756097561,2.4390243902439024,0.0,12.195121951219512,2.4390243902439024,0.0,226.82926829268294,4.878048780487805,0.0,31.70731707317073,0.0,0.0,0.0,2.4390243902439024,9.75609756097561,0.0,0.0,2.4390243902439024,2.4390243902439024,2.4390243902439024,0.0,0.0,0.0,0.0,0.0,0.0,2.4390243902439024,2.4390243902439024,2.4390243902439024,104.8780487804878,36.58536585365854,9.75609756097561,41.463414634146346,0.5285359801488834,3.823821339950372,0.0,2.4390243902439024,0.0,0.0,2.4390243902439024,0.0,12.195121951219512,4.878048780487805,0.0,0.0,2.4390243902439024,24.390243902439025,0.0,0.0,14.634146341463415,7.317073170731708,0.0,0.0,2.4390243902439024,7.317073170731708,17.073170731707318,2.4390243902439024,9.75609756097561
SFG3,44.33497536945813,7.389162561576354,61.576354679802954,2.4630541871921183,0.0,86.20689655172414,24.630541871921185,4.926108374384237,36.94581280788178,7.389162561576354,9.852216748768473,0.0,19.704433497536947,4.926108374384237,2.4630541871921183,177.3399014778325,2.4630541871921183,0.0,39.40886699507389,0.0,0.0,0.0,0.0,12.315270935960593,2.4630541871921183,0.0,0.0,2.4630541871921183,0.0,0.0,0.0,0.0,0.0,0.0,2.4630541871921183,0.0,4.926108374384237,9.852216748768473,81.2807881773399,54.187192118226605,4.926108374384237,103.44827586206897,0.5807291666666666,3.9973958333333335,2.4630541871921183,4.926108374384237,2.4630541871921183,0.0,14.778325123152708,2.4630541871921183,7.389162561576354,2.4630541871921183,2.4630541871921183,14.778325123152708,22.167487684729064,19.704433497536947,9.852216748768473,0.0,54.187192118226605,2.4630541871921183,0.0,0.0,2.4630541871921183,2.4630541871921183,14.778325123152708,0.0,19.704433497536947
SFM7,27.43142144638404,9.975062344139651,89.77556109725685,0.0,2.493765586034913,69.82543640897755,7.481296758104738,12.468827930174564,39.900249376558605,4.987531172069826,7.481296758104738,4.987531172069826,17.456359102244388,0.0,2.493765586034913,229.426433915212,4.987531172069826,0.0,39.900249376558605,0.0,0.0,0.0,4.987531172069826,14.962593516209475,0.0,2.493765586034913,0.0,2.493765586034913,0.0,0.0,0.0,0.0,0.0,0.0,0.0,2.493765586034913,0.0,0.0,109.72568578553616,29.92518703241895,7.481296758104738,64.83790523690773,0.5866666666666667,3.752,2.493765586034913,0.0,0.0,0.0,7.481296758104738,0.0,7.481296758104738,4.987531172069826,2.493765586034913,4.987531172069826,12.468827930174564,22.443890274314214,4.987531172069826,0.0,57.356608478803,0.0,0.0,0.0,0.0,7.481296758104738,14.962593516209475,12.468827930174564,12.468827930174564
SFRW,12.315270935960593,7.389162561576354,96.0591133004926,0.0,4.926108374384237,64.03940886699507,39.40886699507389,22.167487684729064,12.315270935960593,2.4630541871921183,0.0,4.926108374384237,12.315270935960593,0.0,7.389162561576354,189.65517241379308,7.389162561576354,0.0,29.556650246305416,0.0,0.0,0.0,2.4630541871921183,27.093596059113302,0.0,0.0,0.0,0.0,0.0,0.0,2.4630541871921183,0.0,0.0,0.0,2.4630541871921183,0.0,9.852216748768473,7.389162561576354,66.50246305418719,34.48275862068965,2.4630541871921183,76.35467980295567,0.5688311688311688,3.812987012987013,0.0,2.4630541871921183,4.926108374384237,0.0,2.4630541871921183,4.926108374384237,0.0,9.852216748768473,0.0,7.389162561576354,7.389162561576354,27.093596059113302,7.389162561576354,0.0,49.26108374384237,0.0,0.0,0.0,2.4630541871921183,9.852216748768473,17.241379310344826,0.0,22.167487684729064
SFXE,42.183622828784124,19.851116625310173,62.03473945409429,4.962779156327543,7.444168734491315,59.55334987593052,12.40694789081886,7.444168734491315,27.29528535980149,2.4813895781637716,2.4813895781637716,0.0,17.3697270471464,4.962779156327543,0.0,218.36228287841192,0.0,2.4813895781637716,39.702233250620345,0.0,0.0,0.0,0.0,17.3697270471464,2.4813895781637716,0.0,0.0,0.0,0.0,0.0,4.962779156327543,0.0,0.0,0.0,2.4813895781637716,2.4813895781637716,2.4813895781637716,2.4813895781637716,104.21836228287842,39.702233250620345,4.962779156327543,116.62531017369727,0.5943877551020408,4.573979591836735,4.962779156327543,0.0,0.0,4.962779156327543,9.925558312655086,0.0,0.0,2.4813895781637716,2.4813895781637716,0.0,0.0,12.40694789081886,2.4813895781637716,2.4813895781637716,27.29528535980149,0.0,2.4813895781637716,0.0,4.962779156327543,2.4813895781637716,9.925558312655086,2.4813895781637716,4.962779156327543
SFXF,61.42506142506143,0.0,49.140049140049136,0.0,0.0,56.511056511056516,22.11302211302211,17.1990171990172,22.11302211302211,9.828009828009828,12.285012285012284,0.0,17.1990171990172,0.0,0.0,181.8181818181818,2.457002457002457,2.457002457002457,41.76904176904177,0.0,4.914004914004914,0.0,0.0,19.656019656019655,0.0,0.0,0.0,2.457002457002457,2.457002457002457,0.0,2.457002457002457,0.0,0.0,2.457002457002457,0.0,0.0,2.457002457002457,7.371007371007371,93.36609336609337,31.94103194103194,4.914004914004914,93.36609336609337,0.5648854961832062,4.178117048346056,0.0,0.0,9.828009828009828,9.828009828009828,19.656019656019655,0.0,27.027027027027028,2.457002457002457,2.457002457002457,9.828009828009828,4.914004914004914,31.94103194103194,7.371007371007371,0.0,17.1990171990172,4.914004914004914,0.0,0.0,4.914004914004914,4.914004914004914,19.656019656019655,0.0,14.742014742014742
SFZ9,19.607843137254903,9.803921568627452,80.88235294117648,0.0,7.352941176470588,66.17647058823529,34.313725490196084,4.901960784313726,17.156862745098042,7.352941176470588,0.0,0.0,17.156862745098042,0.0,0.0,215.68627450980392,4.901960784313726,0.0,31.862745098039213,2.450980392156863,0.0,0.0,2.450980392156863,7.352941176470588,0.0,0.0,0.0,0.0,4.901960784313726,0.0,2.450980392156863,0.0,0.0,0.0,0.0,2.450980392156863,4.901960784313726,4.901960784313726,95.58823529411764,41.666666666666664,4.901960784313726,73.52941176470588,0.5916230366492147,3.9554973821989527,2.450980392156863,2.450980392156863,0.0,0.0,12.254901960784313,4.901960784313726,17.156862745098042,7.352941176470588,0.0,9.803921568627452,4.901960784313726,24.509803921568626,0.0,0.0,49.01960784313725,0.0,0.0,0.0,2.450980392156863,0.0,7.352941176470588,0.0,14.705882352941176
SG3Q,27.5,12.5,67.5,0.0,5.0,50.0,15.0,2.5,37.5,7.5,2.5,0.0,12.5,5.0,0.0,225.0,5.0,0.0,32.5,0.0,2.5,0.0,0.0,10.0,2.5,0.0,2.5,2.5,0.0,0.0,0.0,0.0,0.0,0.0,0.0,0.0,7.5,5.0,102.5,57.5,7.5,67.5,0.5846560846560847,4.058201058201059,0.0,2.5,0.0,0.0,10.0,2.5,12.5,0.0,2.5,10.0,0.0,20.0,5.0,0.0,52.5,5.0,0.0,0.0,2.5,5.0,20.0,0.0,2.5
SGMT,24.752475247524753,4.9504950495049505,91.58415841584159,2.4752475247524752,2.4752475247524752,66.83168316831683,22.277227722772277,4.9504950495049505,19.801980198019802,7.425742574257425,7.425742574257425,4.9504950495049505,7.425742574257425,9.900990099009901,2.4752475247524752,158.41584158415841,17.32673267326733,0.0,51.980198019801975,4.9504950495049505,0.0,0.0,2.4752475247524752,17.32673267326733,4.9504950495049505,2.4752475247524752,0.0,0.0,0.0,0.0,0.0,0.0,0.0,0.0,2.4752475247524752,0.0,4.9504950495049505,4.9504950495049505,79.20792079207921,49.504950495049506,14.85148514851485,99.00990099009901,0.5691906005221932,3.93733681462141,2.4752475247524752,2.4752475247524752,0.0,0.0,19.801980198019802,0.0,4.9504950495049505,2.4752475247524752,2.4752475247524752,7.425742574257425,4.9504950495049505,17.32673267326733,0.0,0.0,51.980198019801975,0.0,0.0,0.0,2.4752475247524752,2.4752475247524752,9.900990099009901,0.0,19.801980198019802
SH4V,48.426150121065376,7.263922518159807,33.898305084745765,0.0,12.106537530266344,48.426150121065376,4.842615012106537,16.949152542372882,24.213075060532688,7.263922518159807,7.263922518159807,2.4213075060532687,16.949152542372882,12.106537530266344,0.0,210.65375302663438,4.842615012106537,0.0,19.37046004842615,2.4213075060532687,0.0,0.0,2.4213075060532687,14.527845036319613,0.0,0.0,0.0,0.0,2.4213075060532687,2.4213075060532687,0.0,0.0,0.0,0.0,0.0,0.0,2.4213075060532687,4.842615012106537,111.38014527845036,48.426150121065376,0.0,75.06053268765133,0.5866336633663366,4.22029702970297,2.4213075060532687,0.0,4.842615012106537,0.0,7.263922518159807,4.842615012106537,29.055690072639226,9.685230024213075,0.0,9.685230024213075,2.4213075060532687,21.791767554479417,0.0,2.4213075060532687,19.37046004842615,0.0,2.4213075060532687,0.0,2.4213075060532687,0.0,7.263922518159807,0.0,12.106537530266344
SH9T,86.33093525179856,4.796163069544364,50.35971223021583,0.0,2.398081534772182,79.13669064748201,43.16546762589928,4.796163069544364,16.786570743405274,9.592326139088728,9.592326139088728,11.990407673860911,23.980815347721823,7.194244604316547,0.0,167.86570743405278,4.796163069544364,0.0,33.57314148681055,0.0,0.0,0.0,0.0,19.184652278177456,0.0,0.0,0.0,2.398081534772182,0.0,0.0,2.398081534772182,2.398081534772182,0.0,2.398081534772182,7.194244604316547,0.0,2.398081534772182,14.388489208633095,67.1462829736211,33.57314148681055,9.592326139088728,93.52517985611512,0.5829145728643216,3.9246231155778895,0.0,2.398081534772182,0.0,2.398081534772182,2.398081534772182,4.796163069544364,4.796163069544364,4.796163069544364,0.0,0.0,4.796163069544364,16.786570743405274,0.0,0.0,35.97122302158273,2.398081534772182,2.398081534772182,0.0,0.0,2.398081534772182,11.990407673860911,2.398081534772182,21.58273381294964
SHAZ,52.63157894736842,5.012531328320802,35.08771929824561,2.506265664160401,12.531328320802004,50.125313283208015,27.56892230576441,10.025062656641603,15.037593984962406,17.543859649122805,17.543859649122805,5.012531328320802,7.518796992481203,2.506265664160401,7.518796992481203,192.98245614035088,2.506265664160401,0.0,35.08771929824561,0.0,0.0,0.0,0.0,15.037593984962406,2.506265664160401,0.0,0.0,0.0,0.0,0.0,0.0,0.0,0.0,0.0,0.0,0.0,10.025062656641603,5.012531328320802,95.23809523809523,30.075187969924812,5.012531328320802,95.23809523809523,0.5672823218997362,3.9234828496042216,0.0,2.506265664160401,7.518796992481203,0.0,12.531328320802004,2.506265664160401,2.506265664160401,5.012531328320802,7.518796992481203,15.037593984962406,0.0,20.050125313283207,0.0,0.0,47.61904761904761,0.0,2.506265664160401,0.0,2.506265664160401,2.506265664160401,5.012531328320802,7.518796992481203,22.55639097744361
SHC8,72.31920199501248,7.481296758104738,59.8503740648379,7.481296758104738,4.987531172069826,77.3067331670823,19.950124688279303,19.950124688279303,19.950124688279303,4.987531172069826,4.987531172069826,7.481296758104738,24.93765586034913,4.987531172069826,2.493765586034913,197.0074812967581,4.987531172069826,0.0,44.88778054862843,0.0,0.0,0.0,2.493765586034913,12.468827930174564,2.493765586034913,0.0,0.0,2.493765586034913,2.493765586034913,0.0,0.0,0.0,0.0,0.0,0.0,2.493765586034913,7.481296758104738,0.0,82.29426433915212,32.418952618453865,4.987531172069826,114.713216957606,0.5526992287917738,3.956298200514139,0.0,2.493765586034913,0.0,0.0,7.481296758104738,0.0,4.987531172069826,2.493765586034913,2.493765586034913,0.0,4.987531172069826,24.93765586034913,2.493765586034913,0.0,24.93765586034913,2.493765586034913,0.0,0.0,0.0,4.987531172069826,19.950124688279303,0.0,12.468827930174564
SHHG,42.394014962593516,7.481296758104738,67.33167082294264,2.493765586034913,4.987531172069826,57.356608478803,24.93765586034913,24.93765586034913,19.950124688279303,7.481296758104738,4.987531172069826,0.0,17.456359102244388,4.987531172069826,4.987531172069826,182.04488778054863,7.481296758104738,0.0,39.900249376558605,0.0,0.0,0.0,4.987531172069826,7.481296758104738,0.0,0.0,0.0,0.0,0.0,0.0,0.0,0.0,0.0,0.0,0.0,0.0,7.481296758104738,0.0,99.75062344139651,37.406483790523694,19.950124688279303,97.25685785536159,0.598404255319149,4.300531914893617,0.0,0.0,4.987531172069826,2.493765586034913,12.468827930174564,0.0,9.975062344139651,7.481296758104738,2.493765586034913,4.987531172069826,9.975062344139651,22.443890274314214,7.481296758104738,0.0,54.86284289276808,2.493765586034913,0.0,0.0,2.493765586034913,2.493765586034913,12.468827930174564,0.0,19.950124688279303
SHT2,12.285012285012284,4.914004914004914,83.53808353808354,2.457002457002457,2.457002457002457,63.88206388206388,17.1990171990172,12.285012285012284,31.94103194103194,9.828009828009828,0.0,0.0,17.1990171990172,4.914004914004914,4.914004914004914,223.58722358722358,0.0,0.0,31.94103194103194,2.457002457002457,0.0,0.0,4.914004914004914,4.914004914004914,2.457002457002457,0.0,0.0,2.457002457002457,0.0,0.0,0.0,0.0,0.0,0.0,0.0,0.0,9.828009828009828,9.828009828009828,98.28009828009827,36.85503685503686,7.371007371007371,61.42506142506143,0.608355091383812,3.642297650130548,0.0,2.457002457002457,0.0,0.0,17.1990171990172,2.457002457002457,0.0,4.914004914004914,0.0,7.371007371007371,0.0,19.656019656019655,0.0,0.0,58.96805896805897,0.0,0.0,0.0,4.914004914004914,7.371007371007371,17.1990171990172,4.914004914004914,14.742014742014742
SJDM,17.456359102244388,19.950124688279303,99.75062344139651,0.0,7.481296758104738,64.83790523690773,39.900249376558605,9.975062344139651,29.92518703241895,7.481296758104738,2.493765586034913,7.481296758104738,12.468827930174564,0.0,2.493765586034913,139.6508728179551,0.0,0.0,49.87531172069826,0.0,0.0,0.0,2.493765586034913,19.950124688279303,2.493765586034913,0.0,0.0,0.0,2.493765586034913,0.0,0.0,0.0,0.0,0.0,0.0,4.987531172069826,4.987531172069826,7.481296758104738,64.83790523690773,34.912718204488776,12.468827930174564,119.7007481296758,0.5786666666666667,4.053333333333334,2.493765586034913,4.987531172069826,0.0,2.493765586034913,19.950124688279303,4.987531172069826,9.975062344139651,7.481296758104738,0.0,7.481296758104738,9.975062344139651,32.418952618453865,4.987531172069826,0.0,57.356608478803,2.493765586034913,2.493765586034913,0.0,7.481296758104738,2.493765586034913,19.950124688279303,0.0,14.962593516209475
SJRX,24.44987775061125,0.0,53.78973105134474,0.0,9.7799511002445,46.45476772616137,31.78484107579462,29.339853300733495,9.7799511002445,4.88997555012225,0.0,0.0,0.0,0.0,0.0,290.9535452322738,7.334963325183374,0.0,17.114914425427873,0.0,0.0,0.0,0.0,9.7799511002445,9.7799511002445,0.0,2.444987775061125,4.88997555012225,0.0,0.0,0.0,0.0,0.0,0.0,0.0,2.444987775061125,17.114914425427873,9.7799511002445,100.24449877750611,39.119804400978,2.444987775061125,56.23471882640587,0.6134020618556701,3.9948453608247423,0.0,2.444987775061125,0.0,0.0,9.7799511002445,0.0,9.7799511002445,0.0,0.0,9.7799511002445,19.559902200489,4.88997555012225,2.444987775061125,0.0,44.00977995110025,0.0,2.444987775061125,0.0,2.444987775061125,9.7799511002445,7.334963325183374,0.0,9.7799511002445
SKBN,21.95121951219512,7.317073170731708,80.48780487804878,2.4390243902439024,7.317073170731708,51.21951219512195,24.390243902439025,4.878048780487805,29.26829268292683,9.75609756097561,4.878048780487805,0.0,17.073170731707318,9.75609756097561,4.878048780487805,187.8048780487805,7.317073170731708,0.0,68.29268292682927,4.878048780487805,4.878048780487805,0.0,4.878048780487805,21.95121951219512,0.0,0.0,0.0,2.4390243902439024,0.0,0.0,0.0,0.0,0.0,0.0,0.0,0.0,2.4390243902439024,7.317073170731708,75.60975609756098,39.02439024390244,7.317073170731708,109.7560975609756,0.6478149100257069,4.611825192802057,0.0,2.4390243902439024,0.0,4.878048780487805,9.75609756097561,2.4390243902439024,2.4390243902439024,7.317073170731708,2.4390243902439024,7.317073170731708,0.0,26.829268292682926,2.4390243902439024,0.0,46.34146341463415,4.878048780487805,0.0,2.4390243902439024,4.878048780487805,7.317073170731708,14.634146341463415,0.0,17.073170731707318
SKCY,16.431924882629108,16.431924882629108,86.85446009389672,2.347417840375587,0.0,49.29577464788732,25.821596244131456,11.737089201877934,16.431924882629108,7.042253521126761,9.389671361502348,4.694835680751174,9.389671361502348,16.431924882629108,4.694835680751174,180.7511737089202,2.347417840375587,0.0,37.55868544600939,2.347417840375587,0.0,0.0,4.694835680751174,11.737089201877934,2.347417840375587,0.0,2.347417840375587,0.0,0.0,0.0,0.0,0.0,0.0,0.0,0.0,0.0,2.347417840375587,4.694835680751174,86.85446009389672,49.29577464788732,11.737089201877934,98.59154929577464,0.6608910891089109,4.400990099009901,0.0,2.347417840375587,0.0,0.0,7.042253521126761,0.0,14.084507042253522,7.042253521126761,0.0,7.042253521126761,4.694835680751174,35.21126760563381,9.389671361502348,0.0,44.60093896713615,0.0,2.347417840375587,0.0,0.0,9.389671361502348,9.389671361502348,0.0,11.737089201877934
SKDP,39.80099502487562,7.462686567164179,59.701492537313435,0.0,7.462686567164179,79.60199004975124,29.850746268656717,0.0,9.950248756218905,2.487562189054726,4.975124378109452,0.0,9.950248756218905,2.487562189054726,0.0,189.0547263681592,4.975124378109452,0.0,34.82587064676617,4.975124378109452,0.0,0.0,2.487562189054726,17.412935323383085,0.0,0.0,0.0,0.0,0.0,0.0,0.0,0.0,0.0,0.0,2.487562189054726,4.975124378109452,7.462686567164179,7.462686567164179,84.5771144278607,42.28855721393035,7.462686567164179,84.5771144278607,0.5807291666666666,4.0234375,0.0,0.0,0.0,2.487562189054726,9.950248756218905,4.975124378109452,9.950248756218905,0.0,0.0,12.437810945273633,7.462686567164179,14.925373134328359,4.975124378109452,2.487562189054726,42.28855721393035,0.0,0.0,0.0,2.487562189054726,4.975124378109452,9.950248756218905,2.487562189054726,14.925373134328359
SKJH,23.923444976076556,7.177033492822967,74.16267942583733,2.3923444976076556,14.354066985645934,45.45454545454545,14.354066985645934,31.10047846889952,23.923444976076556,0.0,2.3923444976076556,7.177033492822967,4.784688995215311,2.3923444976076556,2.3923444976076556,188.99521531100478,7.177033492822967,0.0,14.354066985645934,0.0,0.0,0.0,0.0,16.74641148325359,0.0,0.0,2.3923444976076556,0.0,0.0,0.0,0.0,0.0,0.0,0.0,0.0,4.784688995215311,9.569377990430622,11.961722488038278,69.377990430622,50.239234449760765,7.177033492822967,83.73205741626795,0.58,3.8475,4.784688995215311,2.3923444976076556,0.0,0.0,16.74641148325359,0.0,14.354066985645934,4.784688995215311,7.177033492822967,14.354066985645934,11.961722488038278,11.961722488038278,0.0,2.3923444976076556,40.66985645933014,2.3923444976076556,0.0,0.0,7.177033492822967,7.177033492822967,19.138755980861244,0.0,14.354066985645934
SKL5,20.151133501259444,5.037783375314861,60.45340050377833,0.0,2.5188916876574305,62.97229219143577,10.075566750629722,22.670025188916874,7.556675062972292,5.037783375314861,0.0,12.594458438287154,12.594458438287154,7.556675062972292,17.632241813602015,181.360201511335,5.037783375314861,0.0,20.151133501259444,0.0,0.0,2.5188916876574305,0.0,25.188916876574307,0.0,0.0,0.0,2.5188916876574305,0.0,0.0,0.0,0.0,0.0,0.0,0.0,0.0,0.0,10.075566750629722,113.35012594458438,47.858942065491185,12.594458438287154,57.93450881612091,0.6057441253263708,4.300261096605744,2.5188916876574305,0.0,2.5188916876574305,0.0,7.556675062972292,5.037783375314861,2.5188916876574305,2.5188916876574305,5.037783375314861,10.075566750629722,7.556675062972292,27.707808564231737,0.0,0.0,32.7455919395466,0.0,0.0,0.0,0.0,0.0,10.075566750629722,0.0,2.5188916876574305
SKRC,26.7639902676399,12.165450121654501,80.2919708029197,0.0,0.0,65.69343065693431,53.5279805352798,0.0,24.330900243309003,12.165450121654501,4.866180048661801,4.866180048661801,9.732360097323602,7.299270072992701,0.0,175.18248175182484,4.866180048661801,0.0,43.79562043795621,0.0,2.4330900243309004,0.0,0.0,24.330900243309003,2.4330900243309004,0.0,0.0,0.0,0.0,0.0,2.4330900243309004,0.0,0.0,0.0,0.0,0.0,7.299270072992701,2.4330900243309004,82.7250608272506,36.4963503649635,21.897810218978105,85.1581508515815,0.5902061855670103,3.9768041237113403,0.0,2.4330900243309004,2.4330900243309004,4.866180048661801,21.897810218978105,2.4330900243309004,7.299270072992701,12.165450121654501,0.0,7.299270072992701,9.732360097323602,19.464720194647203,7.299270072992701,0.0,51.09489051094891,0.0,0.0,0.0,9.732360097323602,2.4330900243309004,14.598540145985401,2.4330900243309004,9.732360097323602
SL8N,47.02970297029703,7.425742574257425,59.4059405940594,0.0,9.900990099009901,79.20792079207921,27.22772277227723,2.4752475247524752,27.22772277227723,7.425742574257425,2.4752475247524752,0.0,14.85148514851485,4.9504950495049505,2.4752475247524752,188.11881188118812,4.9504950495049505,0.0,29.7029702970297,0.0,0.0,0.0,4.9504950495049505,24.752475247524753,2.4752475247524752,0.0,0.0,0.0,2.4752475247524752,0.0,0.0,0.0,0.0,0.0,2.4752475247524752,0.0,7.425742574257425,2.4752475247524752,101.48514851485149,32.17821782178218,7.425742574257425,94.05940594059406,0.5880829015544041,4.05699481865285,0.0,4.9504950495049505,0.0,0.0,14.85148514851485,0.0,12.376237623762377,9.900990099009901,0.0,4.9504950495049505,2.4752475247524752,32.17821782178218,7.425742574257425,0.0,37.12871287128713,2.4752475247524752,2.4752475247524752,0.0,2.4752475247524752,0.0,17.32673267326733,0.0,17.32673267326733
SL9D,22.22222222222222,2.4691358024691357,74.07407407407408,2.4691358024691357,2.4691358024691357,66.66666666666667,7.407407407407407,27.160493827160494,19.753086419753085,7.407407407407407,2.4691358024691357,4.938271604938271,27.160493827160494,2.4691358024691357,0.0,160.49382716049382,9.876543209876543,2.4691358024691357,37.03703703703704,0.0,0.0,0.0,0.0,12.345679012345679,2.4691358024691357,0.0,0.0,0.0,2.4691358024691357,0.0,4.938271604938271,0.0,0.0,2.4691358024691357,0.0,0.0,7.407407407407407,4.938271604938271,71.60493827160494,27.160493827160494,12.345679012345679,113.58024691358025,0.5868421052631579,3.8289473684210527,4.938271604938271,0.0,9.876543209876543,0.0,19.753086419753085,4.938271604938271,7.407407407407407,7.407407407407407,0.0,14.814814814814815,7.407407407407407,17.28395061728395,2.4691358024691357,0.0,46.91358024691358,0.0,4.938271604938271,2.4691358024691357,7.407407407407407,2.4691358024691357,7.407407407407407,0.0,19.753086419753085
SLH6,2.4390243902439024,4.878048780487805,109.7560975609756,0.0,0.0,29.26829268292683,14.634146341463415,12.195121951219512,34.146341463414636,4.878048780487805,4.878048780487805,7.317073170731708,17.073170731707318,7.317073170731708,14.634146341463415,168.2926829268293,12.195121951219512,0.0,58.53658536585366,0.0,2.4390243902439024,0.0,0.0,29.26829268292683,0.0,0.0,0.0,0.0,7.317073170731708,0.0,0.0,0.0,0.0,0.0,0.0,0.0,9.75609756097561,17.073170731707318,85.3658536585366,34.146341463414636,12.195121951219512,80.48780487804878,0.581151832460733,4.230366492146596,2.4390243902439024,2.4390243902439024,2.4390243902439024,2.4390243902439024,24.390243902439025,0.0,9.75609756097561,0.0,2.4390243902439024,4.878048780487805,7.317073170731708,26.829268292682926,0.0,0.0,63.41463414634146,0.0,0.0,4.878048780487805,4.878048780487805,2.4390243902439024,21.95121951219512,0.0,12.195121951219512
SLSS,63.10679611650485,12.135922330097086,63.10679611650485,4.854368932038835,7.281553398058253,101.94174757281553,12.135922330097086,7.281553398058253,21.844660194174757,2.4271844660194173,12.135922330097086,2.4271844660194173,19.41747572815534,0.0,2.4271844660194173,162.62135922330097,2.4271844660194173,0.0,38.83495145631068,0.0,0.0,0.0,2.4271844660194173,24.271844660194173,2.4271844660194173,0.0,0.0,0.0,4.854368932038835,0.0,0.0,0.0,0.0,0.0,0.0,0.0,7.281553398058253,7.281553398058253,75.24271844660194,19.41747572815534,14.563106796116505,89.80582524271844,0.5612244897959183,3.6989795918367347,0.0,0.0,2.4271844660194173,2.4271844660194173,7.281553398058253,0.0,0.0,12.135922330097086,0.0,2.4271844660194173,0.0,24.271844660194173,2.4271844660194173,0.0,46.116504854368934,2.4271844660194173,0.0,0.0,4.854368932038835,2.4271844660194173,24.271844660194173,0.0,14.563106796116505
SMEB,51.344743276283616,7.334963325183374,75.79462102689487,2.444987775061125,7.334963325183374,70.90464547677261,39.119804400978,2.444987775061125,22.004889975550125,4.88997555012225,7.334963325183374,2.444987775061125,17.114914425427873,7.334963325183374,0.0,168.7041564792176,0.0,0.0,41.56479217603912,2.444987775061125,0.0,0.0,2.444987775061125,24.44987775061125,0.0,0.0,0.0,0.0,0.0,0.0,0.0,0.0,0.0,2.444987775061125,0.0,0.0,2.444987775061125,7.334963325183374,83.12958435207824,36.674816625916876,7.334963325183374,95.35452322738386,0.58656330749354,4.087855297157622,0.0,0.0,0.0,0.0,4.88997555012225,12.224938875305625,2.444987775061125,0.0,2.444987775061125,9.7799511002445,19.559902200489,26.89486552567237,2.444987775061125,2.444987775061125,66.01466992665037,0.0,0.0,0.0,2.444987775061125,9.7799511002445,14.669926650366747,0.0,19.559902200489
SMF3,40.50632911392405,22.78481012658228,93.67088607594937,0.0,7.594936708860759,55.69620253164557,27.848101265822784,5.063291139240507,25.31645569620253,2.5316455696202533,2.5316455696202533,10.126582278481013,22.78481012658228,2.5316455696202533,7.594936708860759,172.15189873417722,0.0,0.0,35.44303797468355,2.5316455696202533,0.0,0.0,2.5316455696202533,10.126582278481013,7.594936708860759,2.5316455696202533,0.0,2.5316455696202533,0.0,0.0,0.0,0.0,0.0,5.063291139240507,0.0,0.0,5.063291139240507,12.658227848101266,83.54430379746836,53.164556962025316,5.063291139240507,98.73417721518987,0.5909090909090909,3.9518716577540105,0.0,0.0,5.063291139240507,0.0,15.189873417721518,2.5316455696202533,5.063291139240507,0.0,0.0,2.5316455696202533,5.063291139240507,32.911392405063296,2.5316455696202533,0.0,48.10126582278481,0.0,0.0,0.0,0.0,2.5316455696202533,5.063291139240507,7.594936708860759,32.911392405063296
SMK3,32.911392405063296,12.658227848101266,65.82278481012659,0.0,0.0,65.82278481012659,17.721518987341774,0.0,22.78481012658228,2.5316455696202533,2.5316455696202533,2.5316455696202533,15.189873417721518,12.658227848101266,0.0,205.0632911392405,0.0,0.0,22.78481012658228,0.0,0.0,2.5316455696202533,0.0,17.721518987341774,0.0,0.0,0.0,5.063291139240507,0.0,0.0,0.0,0.0,0.0,2.5316455696202533,0.0,0.0,0.0,0.0,98.73417721518987,45.56962025316456,2.5316455696202533,96.20253164556962,0.6094986807387863,4.601583113456464,2.5316455696202533,2.5316455696202533,0.0,0.0,7.594936708860759,0.0,7.594936708860759,0.0,2.5316455696202533,12.658227848101266,7.594936708860759,25.31645569620253,2.5316455696202533,2.5316455696202533,37.9746835443038,2.5316455696202533,2.5316455696202533,0.0,2.5316455696202533,5.063291139240507,17.721518987341774,0.0,12.658227848101266
SMKK,47.38154613466334,12.468827930174564,77.3067331670823,0.0,7.481296758104738,57.356608478803,17.456359102244388,19.950124688279303,24.93765586034913,9.975062344139651,4.987531172069826,0.0,14.962593516209475,0.0,4.987531172069826,169.57605985037407,2.493765586034913,0.0,44.88778054862843,0.0,0.0,0.0,2.493765586034913,24.93765586034913,0.0,0.0,2.493765586034913,2.493765586034913,4.987531172069826,0.0,0.0,0.0,0.0,2.493765586034913,0.0,0.0,2.493765586034913,4.987531172069826,84.78802992518703,17.456359102244388,9.975062344139651,107.23192019950125,0.5905511811023622,4.125984251968504,0.0,0.0,0.0,0.0,24.93765586034913,0.0,9.975062344139651,0.0,4.987531172069826,12.468827930174564,2.493765586034913,24.93765586034913,2.493765586034913,0.0,44.88778054862843,0.0,0.0,0.0,2.493765586034913,4.987531172069826,14.962593516209475,0.0,17.456359102244388
SMMK,34.82587064676617,4.975124378109452,84.5771144278607,4.975124378109452,2.487562189054726,69.65174129353234,0.0,14.925373134328359,27.36318407960199,2.487562189054726,2.487562189054726,4.975124378109452,14.925373134328359,7.462686567164179,2.487562189054726,189.0547263681592,7.462686567164179,2.487562189054726,42.28855721393035,0.0,0.0,0.0,2.487562189054726,7.462686567164179,0.0,0.0,0.0,2.487562189054726,0.0,0.0,2.487562189054726,0.0,0.0,0.0,0.0,0.0,0.0,19.90049751243781,72.13930348258707,62.18905472636816,9.950248756218905,82.08955223880596,0.6180371352785146,4.002652519893899,2.487562189054726,2.487562189054726,0.0,0.0,7.462686567164179,0.0,9.950248756218905,9.950248756218905,0.0,9.950248756218905,2.487562189054726,27.36318407960199,2.487562189054726,0.0,52.23880597014925,4.975124378109452,0.0,0.0,4.975124378109452,2.487562189054726,12.437810945273633,2.487562189054726,7.462686567164179
SMNV,65.32663316582915,2.512562814070352,77.88944723618091,0.0,5.025125628140704,65.32663316582915,10.050251256281408,40.20100502512563,22.613065326633166,12.56281407035176,7.537688442211055,2.512562814070352,25.12562814070352,2.512562814070352,0.0,178.39195979899498,5.025125628140704,2.512562814070352,47.73869346733668,0.0,0.0,0.0,0.0,10.050251256281408,0.0,0.0,0.0,2.512562814070352,2.512562814070352,0.0,2.512562814070352,0.0,0.0,0.0,0.0,0.0,5.025125628140704,0.0,85.42713567839195,25.12562814070352,7.537688442211055,85.42713567839195,0.5631578947368421,4.063157894736842,0.0,2.512562814070352,2.512562814070352,2.512562814070352,12.56281407035176,0.0,10.050251256281408,2.512562814070352,0.0,2.512562814070352,7.537688442211055,30.15075376884422,0.0,0.0,45.22613065326633,2.512562814070352,0.0,0.0,2.512562814070352,0.0,10.050251256281408,2.512562814070352,20.100502512562816
SMRV,27.56892230576441,5.012531328320802,102.75689223057644,2.506265664160401,10.025062656641603,72.68170426065163,20.050125313283207,2.506265664160401,25.062656641604008,12.531328320802004,5.012531328320802,2.506265664160401,17.543859649122805,7.518796992481203,0.0,182.95739348370927,5.012531328320802,0.0,27.56892230576441,0.0,0.0,0.0,2.506265664160401,32.581453634085214,2.506265664160401,0.0,0.0,0.0,0.0,0.0,0.0,0.0,0.0,0.0,0.0,2.506265664160401,5.012531328320802,5.012531328320802,70.17543859649122,30.075187969924812,15.037593984962406,117.79448621553884,0.6270270270270271,4.2594594594594595,2.506265664160401,2.506265664160401,0.0,2.506265664160401,15.037593984962406,0.0,7.518796992481203,7.518796992481203,0.0,7.518796992481203,2.506265664160401,32.581453634085214,2.506265664160401,2.506265664160401,65.16290726817043,2.506265664160401,0.0,2.506265664160401,12.531328320802004,2.506265664160401,17.543859649122805,0.0,22.55639097744361
SMSF,31.553398058252426,4.854368932038835,48.543689320388346,4.854368932038835,4.854368932038835,72.81553398058252,48.543689320388346,19.41747572815534,4.854368932038835,14.563106796116505,4.854368932038835,0.0,7.281553398058253,19.41747572815534,0.0,126.2135922330097,0.0,2.4271844660194173,19.41747572815534,2.4271844660194173,2.4271844660194173,0.0,2.4271844660194173,16.990291262135923,0.0,2.4271844660194173,2.4271844660194173,2.4271844660194173,0.0,0.0,0.0,0.0,0.0,0.0,0.0,0.0,14.563106796116505,4.854368932038835,72.81553398058252,43.689320388349515,14.563106796116505,80.09708737864078,0.5240506329113924,4.60506329113924,4.854368932038835,2.4271844660194173,0.0,4.854368932038835,4.854368932038835,0.0,9.70873786407767,14.563106796116505,0.0,16.990291262135923,4.854368932038835,31.553398058252426,4.854368932038835,2.4271844660194173,29.12621359223301,4.854368932038835,0.0,0.0,4.854368932038835,16.990291262135923,14.563106796116505,0.0,7.281553398058253
SMSW,24.630541871921185,2.4630541871921183,64.03940886699507,4.926108374384237,2.4630541871921183,91.13300492610837,12.315270935960593,4.926108374384237,19.704433497536947,9.852216748768473,17.241379310344826,0.0,7.389162561576354,2.4630541871921183,0.0,137.9310344827586,7.389162561576354,0.0,46.79802955665024,2.4630541871921183,0.0,0.0,0.0,22.167487684729064,0.0,0.0,0.0,2.4630541871921183,0.0,0.0,0.0,0.0,0.0,0.0,0.0,2.4630541871921183,4.926108374384237,2.4630541871921183,86.20689655172414,44.33497536945813,19.704433497536947,93.59605911330048,0.5485564304461942,4.0,0.0,0.0,2.4630541871921183,0.0,19.704433497536947,0.0,9.852216748768473,12.315270935960593,7.389162561576354,7.389162561576354,2.4630541871921183,17.241379310344826,4.926108374384237,0.0,54.187192118226605,2.4630541871921183,2.4630541871921183,0.0,2.4630541871921183,0.0,7.389162561576354,2.4630541871921183,24.630541871921185
SN22,15.037593984962406,7.518796992481203,97.74436090225564,0.0,7.518796992481203,32.581453634085214,17.543859649122805,15.037593984962406,25.062656641604008,5.012531328320802,7.518796992481203,2.506265664160401,15.037593984962406,17.543859649122805,7.518796992481203,190.47619047619045,2.506265664160401,0.0,55.13784461152882,7.518796992481203,0.0,0.0,7.518796992481203,5.012531328320802,2.506265664160401,0.0,0.0,0.0,2.506265664160401,0.0,0.0,0.0,0.0,0.0,0.0,0.0,0.0,10.025062656641603,92.73182957393483,55.13784461152882,10.025062656641603,92.73182957393483,0.5921052631578947,4.536842105263158,0.0,2.506265664160401,0.0,2.506265664160401,22.55639097744361,2.506265664160401,5.012531328320802,10.025062656641603,0.0,2.506265664160401,2.506265664160401,27.56892230576441,0.0,2.506265664160401,45.11278195488722,0.0,0.0,0.0,7.518796992481203,12.531328320802004,20.050125313283207,0.0,15.037593984962406
SN2R,17.241379310344826,9.852216748768473,100.98522167487685,2.4630541871921183,2.4630541871921183,64.03940886699507,14.778325123152708,17.241379310344826,22.167487684729064,4.926108374384237,4.926108374384237,2.4630541871921183,22.167487684729064,9.852216748768473,2.4630541871921183,187.19211822660097,4.926108374384237,0.0,27.093596059113302,0.0,0.0,0.0,0.0,14.778325123152708,0.0,0.0,0.0,2.4630541871921183,2.4630541871921183,0.0,7.389162561576354,2.4630541871921183,0.0,0.0,0.0,0.0,7.389162561576354,7.389162561576354,86.20689655172414,27.093596059113302,12.315270935960593,83.74384236453201,0.5989445910290238,4.092348284960422,0.0,2.4630541871921183,2.4630541871921183,0.0,9.852216748768473,2.4630541871921183,14.778325123152708,2.4630541871921183,0.0,12.315270935960593,7.389162561576354,24.630541871921185,2.4630541871921183,4.926108374384237,56.65024630541872,0.0,2.4630541871921183,0.0,9.852216748768473,2.4630541871921183,12.315270935960593,4.926108374384237,12.315270935960593
SNBD,11.990407673860911,14.388489208633095,76.73860911270982,7.194244604316547,0.0,43.16546762589928,35.97122302158273,7.194244604316547,11.990407673860911,0.0,9.592326139088728,0.0,4.796163069544364,11.990407673860911,4.796163069544364,230.21582733812951,2.398081534772182,0.0,31.17505995203837,0.0,0.0,0.0,0.0,7.194244604316547,2.398081534772182,0.0,2.398081534772182,0.0,0.0,0.0,0.0,0.0,0.0,2.398081534772182,2.398081534772182,2.398081534772182,4.796163069544364,7.194244604316547,98.32134292565947,38.36930455635491,0.0,76.73860911270982,0.6262626262626263,4.47979797979798,0.0,2.398081534772182,2.398081534772182,2.398081534772182,7.194244604316547,4.796163069544364,7.194244604316547,7.194244604316547,2.398081534772182,4.796163069544364,2.398081534772182,16.786570743405274,2.398081534772182,0.0,38.36930455635491,0.0,2.398081534772182,0.0,7.194244604316547,9.592326139088728,16.786570743405274,2.398081534772182,19.184652278177456
SNCM,44.66501240694789,4.962779156327543,71.96029776674938,0.0,2.4813895781637716,49.62779156327544,47.146401985111666,17.3697270471464,22.332506203473944,4.962779156327543,2.4813895781637716,9.925558312655086,2.4813895781637716,0.0,0.0,183.62282878411912,12.40694789081886,0.0,44.66501240694789,2.4813895781637716,0.0,0.0,2.4813895781637716,24.81389578163772,0.0,0.0,2.4813895781637716,0.0,0.0,0.0,0.0,0.0,0.0,0.0,2.4813895781637716,0.0,9.925558312655086,7.444168734491315,74.44168734491315,32.25806451612903,12.40694789081886,91.81141439205956,0.5793650793650794,3.751322751322751,0.0,2.4813895781637716,0.0,0.0,12.40694789081886,2.4813895781637716,9.925558312655086,4.962779156327543,0.0,14.88833746898263,0.0,32.25806451612903,2.4813895781637716,0.0,59.55334987593052,0.0,0.0,0.0,0.0,9.925558312655086,7.444168734491315,2.4813895781637716,29.77667493796526
SNDW,37.03703703703704,4.938271604938271,61.72839506172839,0.0,9.876543209876543,51.85185185185185,29.62962962962963,22.22222222222222,29.62962962962963,0.0,2.4691358024691357,2.4691358024691357,9.876543209876543,4.938271604938271,4.938271604938271,202.46913580246914,0.0,2.4691358024691357,34.5679012345679,0.0,0.0,0.0,2.4691358024691357,14.814814814814815,2.4691358024691357,0.0,2.4691358024691357,0.0,4.938271604938271,0.0,2.4691358024691357,0.0,0.0,0.0,0.0,2.4691358024691357,0.0,4.938271604938271,81.4814814814815,46.91358024691358,7.407407407407407,86.41975308641975,0.6195372750642674,4.313624678663239,0.0,2.4691358024691357,2.4691358024691357,4.938271604938271,17.28395061728395,0.0,9.876543209876543,7.407407407407407,0.0,2.4691358024691357,4.938271604938271,32.098765432098766,2.4691358024691357,2.4691358024691357,29.62962962962963,7.407407407407407,0.0,0.0,0.0,2.4691358024691357,12.345679012345679,0.0,12.345679012345679
SNMN,48.309178743961354,14.492753623188406,77.29468599033817,2.4154589371980677,4.830917874396135,65.21739130434783,31.40096618357488,4.830917874396135,16.908212560386474,12.077294685990339,9.66183574879227,2.4154589371980677,0.0,2.4154589371980677,2.4154589371980677,243.96135265700482,2.4154589371980677,0.0,41.06280193236715,2.4154589371980677,0.0,0.0,0.0,12.077294685990339,0.0,0.0,0.0,0.0,0.0,0.0,0.0,0.0,0.0,0.0,0.0,0.0,4.830917874396135,0.0,74.8792270531401,21.73913043478261,14.492753623188406,62.80193236714976,0.5609137055837563,3.9390862944162435,0.0,4.830917874396135,4.830917874396135,2.4154589371980677,7.246376811594203,2.4154589371980677,12.077294685990339,9.66183574879227,0.0,12.077294685990339,7.246376811594203,21.73913043478261,4.830917874396135,0.0,48.309178743961354,2.4154589371980677,0.0,0.0,0.0,7.246376811594203,26.570048309178745,0.0,9.66183574879227
SNPA,7.594936708860759,5.063291139240507,81.0126582278481,2.5316455696202533,7.594936708860759,37.9746835443038,32.911392405063296,0.0,10.126582278481013,5.063291139240507,10.126582278481013,7.594936708860759,7.594936708860759,2.5316455696202533,2.5316455696202533,263.29113924050637,2.5316455696202533,0.0,35.44303797468355,2.5316455696202533,2.5316455696202533,0.0,5.063291139240507,27.848101265822784,0.0,0.0,0.0,0.0,0.0,0.0,0.0,0.0,0.0,0.0,0.0,0.0,0.0,5.063291139240507,98.73417721518987,45.56962025316456,7.594936708860759,63.29113924050633,0.6361185983827493,4.355795148247979,2.5316455696202533,2.5316455696202533,2.5316455696202533,0.0,2.5316455696202533,5.063291139240507,7.594936708860759,2.5316455696202533,0.0,7.594936708860759,2.5316455696202533,17.721518987341774,0.0,0.0,53.164556962025316,0.0,0.0,0.0,0.0,7.594936708860759,5.063291139240507,2.5316455696202533,15.189873417721518
SNRQ,47.38154613466334,4.987531172069826,52.36907730673317,2.493765586034913,12.468827930174564,89.77556109725685,12.468827930174564,9.975062344139651,9.975062344139651,9.975062344139651,2.493765586034913,0.0,9.975062344139651,4.987531172069826,7.481296758104738,182.04488778054863,2.493765586034913,0.0,37.406483790523694,0.0,0.0,0.0,2.493765586034913,17.456359102244388,0.0,0.0,0.0,0.0,0.0,0.0,0.0,0.0,2.493765586034913,0.0,0.0,2.493765586034913,4.987531172069826,4.987531172069826,99.75062344139651,27.43142144638404,7.481296758104738,89.77556109725685,0.587012987012987,4.202597402597402,2.493765586034913,4.987531172069826,2.493765586034913,2.493765586034913,24.93765586034913,0.0,9.975062344139651,7.481296758104738,4.987531172069826,2.493765586034913,9.975062344139651,24.93765586034913,4.987531172069826,0.0,37.406483790523694,0.0,0.0,0.0,2.493765586034913,4.987531172069826,17.456359102244388,0.0,12.468827930174564
SNXL,21.95121951219512,14.634146341463415,80.48780487804878,0.0,2.4390243902439024,58.53658536585366,29.26829268292683,9.75609756097561,17.073170731707318,7.317073170731708,2.4390243902439024,0.0,14.634146341463415,17.073170731707318,4.878048780487805,200.0,2.4390243902439024,2.4390243902439024,26.829268292682926,0.0,0.0,0.0,0.0,21.95121951219512,0.0,0.0,0.0,4.878048780487805,0.0,0.0,0.0,0.0,0.0,0.0,0.0,0.0,9.75609756097561,4.878048780487805,80.48780487804878,43.90243902439024,7.317073170731708,80.48780487804878,0.6253229974160207,4.5633074935400515,0.0,0.0,0.0,2.4390243902439024,7.317073170731708,0.0,14.634146341463415,4.878048780487805,0.0,7.317073170731708,0.0,21.95121951219512,2.4390243902439024,2.4390243902439024,48.78048780487805,0.0,0.0,0.0,0.0,4.878048780487805,9.75609756097561,0.0,17.073170731707318
SP62,32.581453634085214,12.531328320802004,85.21303258145363,7.518796992481203,7.518796992481203,57.64411027568922,27.56892230576441,7.518796992481203,15.037593984962406,7.518796992481203,5.012531328320802,0.0,15.037593984962406,2.506265664160401,2.506265664160401,197.99498746867167,2.506265664160401,0.0,32.581453634085214,2.506265664160401,0.0,0.0,5.012531328320802,15.037593984962406,0.0,0.0,0.0,0.0,0.0,0.0,0.0,0.0,0.0,0.0,0.0,2.506265664160401,0.0,5.012531328320802,82.70676691729322,32.581453634085214,10.025062656641603,95.23809523809523,0.5915119363395226,3.907161803713528,0.0,2.506265664160401,0.0,2.506265664160401,15.037593984962406,5.012531328320802,10.025062656641603,5.012531328320802,0.0,7.518796992481203,7.518796992481203,12.531328320802004,2.506265664160401,2.506265664160401,52.63157894736842,0.0,0.0,0.0,2.506265664160401,5.012531328320802,17.543859649122805,0.0,12.531328320802004
SP67,10.025062656641603,15.037593984962406,102.75689223057644,0.0,2.506265664160401,32.581453634085214,35.08771929824561,15.037593984962406,30.075187969924812,15.037593984962406,5.012531328320802,0.0,22.55639097744361,7.518796992481203,2.506265664160401,185.46365914786966,2.506265664160401,0.0,45.11278195488722,0.0,0.0,0.0,10.025062656641603,7.518796992481203,7.518796992481203,0.0,0.0,0.0,2.506265664160401,0.0,0.0,0.0,0.0,0.0,0.0,0.0,15.037593984962406,5.012531328320802,110.27568922305764,32.581453634085214,10.025062656641603,92.73182957393483,0.5945945945945946,4.348648648648648,2.506265664160401,0.0,0.0,0.0,17.543859649122805,2.506265664160401,5.012531328320802,2.506265664160401,2.506265664160401,12.531328320802004,2.506265664160401,30.075187969924812,2.506265664160401,0.0,70.17543859649122,2.506265664160401,5.012531328320802,0.0,0.0,0.0,10.025062656641603,0.0,7.518796992481203
SP6E,76.54320987654322,4.938271604938271,54.32098765432099,7.407407407407407,9.876543209876543,66.66666666666667,29.62962962962963,19.753086419753085,27.160493827160494,4.938271604938271,4.938271604938271,4.938271604938271,12.345679012345679,9.876543209876543,2.4691358024691357,187.65432098765433,9.876543209876543,0.0,34.5679012345679,2.4691358024691357,0.0,0.0,2.4691358024691357,19.753086419753085,2.4691358024691357,0.0,0.0,0.0,2.4691358024691357,0.0,0.0,0.0,0.0,2.4691358024691357,4.938271604938271,0.0,0.0,9.876543209876543,93.82716049382717,34.5679012345679,7.407407407407407,83.95061728395062,0.6015228426395939,4.065989847715736,2.4691358024691357,0.0,4.938271604938271,0.0,7.407407407407407,0.0,7.407407407407407,4.938271604938271,2.4691358024691357,4.938271604938271,2.4691358024691357,27.160493827160494,2.4691358024691357,2.4691358024691357,24.691358024691358,2.4691358024691357,2.4691358024691357,0.0,0.0,2.4691358024691357,14.814814814814815,0.0,12.345679012345679
SPHZ,24.81389578163772,9.925558312655086,62.03473945409429,4.962779156327543,4.962779156327543,66.99751861042184,7.444168734491315,9.925558312655086,14.88833746898263,4.962779156327543,4.962779156327543,4.962779156327543,14.88833746898263,0.0,4.962779156327543,193.54838709677418,9.925558312655086,0.0,24.81389578163772,2.4813895781637716,0.0,0.0,2.4813895781637716,14.88833746898263,2.4813895781637716,0.0,2.4813895781637716,2.4813895781637716,4.962779156327543,0.0,2.4813895781637716,0.0,0.0,0.0,0.0,0.0,4.962779156327543,4.962779156327543,106.69975186104217,47.146401985111666,4.962779156327543,89.33002481389578,0.5877659574468085,3.8351063829787235,0.0,2.4813895781637716,0.0,2.4813895781637716,4.962779156327543,0.0,12.40694789081886,2.4813895781637716,4.962779156327543,17.3697270471464,4.962779156327543,34.7394540942928,2.4813895781637716,0.0,71.96029776674938,2.4813895781637716,2.4813895781637716,0.0,7.444168734491315,0.0,4.962779156327543,0.0,12.40694789081886
SQ2D,39.900249376558605,12.468827930174564,99.75062344139651,0.0,2.493765586034913,69.82543640897755,37.406483790523694,7.481296758104738,24.93765586034913,2.493765586034913,4.987531172069826,0.0,14.962593516209475,4.987531172069826,4.987531172069826,179.5511221945137,4.987531172069826,0.0,39.900249376558605,2.493765586034913,0.0,0.0,7.481296758104738,12.468827930174564,0.0,0.0,0.0,0.0,0.0,0.0,0.0,0.0,0.0,0.0,4.987531172069826,0.0,9.975062344139651,2.493765586034913,92.26932668329177,34.912718204488776,12.468827930174564,92.26932668329177,0.5809018567639257,3.9177718832891246,4.987531172069826,2.493765586034913,0.0,4.987531172069826,9.975062344139651,4.987531172069826,12.468827930174564,4.987531172069826,0.0,0.0,7.481296758104738,17.456359102244388,2.493765586034913,0.0,59.8503740648379,0.0,0.0,0.0,0.0,9.975062344139651,14.962593516209475,4.987531172069826,17.456359102244388
SQ6L,7.425742574257425,14.85148514851485,91.58415841584159,2.4752475247524752,2.4752475247524752,49.504950495049506,12.376237623762377,7.425742574257425,27.22772277227723,2.4752475247524752,4.9504950495049505,0.0,27.22772277227723,9.900990099009901,0.0,210.3960396039604,9.900990099009901,0.0,27.22772277227723,0.0,0.0,0.0,2.4752475247524752,17.32673267326733,0.0,2.4752475247524752,2.4752475247524752,0.0,0.0,0.0,0.0,0.0,0.0,0.0,0.0,2.4752475247524752,0.0,4.9504950495049505,96.53465346534654,49.504950495049506,4.9504950495049505,101.48514851485149,0.6229946524064172,4.160427807486631,2.4752475247524752,0.0,0.0,0.0,24.752475247524753,4.9504950495049505,4.9504950495049505,9.900990099009901,0.0,4.9504950495049505,2.4752475247524752,29.7029702970297,2.4752475247524752,0.0,56.93069306930693,0.0,0.0,4.9504950495049505,4.9504950495049505,2.4752475247524752,14.85148514851485,2.4752475247524752,17.32673267326733
SQG4,12.01923076923077,4.807692307692308,91.34615384615384,2.403846153846154,9.615384615384617,79.32692307692307,19.230769230769234,16.826923076923077,24.03846153846154,7.211538461538462,4.807692307692308,4.807692307692308,9.615384615384617,2.403846153846154,4.807692307692308,137.01923076923077,4.807692307692308,0.0,52.88461538461539,2.403846153846154,0.0,0.0,7.211538461538462,19.230769230769234,0.0,0.0,2.403846153846154,0.0,0.0,0.0,0.0,0.0,0.0,0.0,0.0,4.807692307692308,7.211538461538462,12.01923076923077,96.15384615384616,24.03846153846154,12.01923076923077,115.38461538461539,0.5569620253164557,3.830379746835443,0.0,0.0,0.0,0.0,9.615384615384617,2.403846153846154,7.211538461538462,9.615384615384617,2.403846153846154,12.01923076923077,4.807692307692308,31.25,0.0,0.0,50.48076923076923,0.0,4.807692307692308,0.0,2.403846153846154,2.403846153846154,19.230769230769234,0.0,21.634615384615383
SQTU,61.88118811881188,2.4752475247524752,66.83168316831683,2.4752475247524752,4.9504950495049505,61.88118811881188,22.277227722772277,17.32673267326733,29.7029702970297,9.900990099009901,7.425742574257425,2.4752475247524752,22.277227722772277,12.376237623762377,7.425742574257425,136.13861386138615,9.900990099009901,0.0,24.752475247524753,0.0,0.0,0.0,2.4752475247524752,24.752475247524753,0.0,0.0,2.4752475247524752,0.0,0.0,0.0,0.0,0.0,0.0,0.0,0.0,0.0,7.425742574257425,0.0,86.63366336633663,17.32673267326733,0.0,94.05940594059406,0.5717948717948718,3.9871794871794872,0.0,7.425742574257425,2.4752475247524752,0.0,19.801980198019802,0.0,7.425742574257425,4.9504950495049505,2.4752475247524752,2.4752475247524752,12.376237623762377,34.65346534653466,4.9504950495049505,0.0,27.22772277227723,2.4752475247524752,0.0,2.4752475247524752,4.9504950495049505,7.425742574257425,14.85148514851485,2.4752475247524752,7.425742574257425
SR3P,79.13669064748201,2.398081534772182,67.1462829736211,0.0,7.194244604316547,74.34052757793765,26.378896882494004,40.7673860911271,45.563549160671464,7.194244604316547,9.592326139088728,11.990407673860911,2.398081534772182,4.796163069544364,0.0,179.85611510791367,7.194244604316547,0.0,28.77697841726619,0.0,0.0,0.0,0.0,16.786570743405274,2.398081534772182,0.0,0.0,0.0,0.0,0.0,0.0,0.0,0.0,0.0,4.796163069544364,0.0,4.796163069544364,4.796163069544364,76.73860911270982,26.378896882494004,16.786570743405274,62.35011990407674,0.5297029702970297,3.967821782178218,0.0,0.0,4.796163069544364,0.0,7.194244604316547,2.398081534772182,0.0,7.194244604316547,0.0,2.398081534772182,11.990407673860911,31.17505995203837,2.398081534772182,2.398081534772182,23.980815347721823,2.398081534772182,0.0,0.0,0.0,7.194244604316547,31.17505995203837,0.0,4.796163069544364
SR7C,12.40694789081886,7.444168734491315,89.33002481389578,0.0,9.925558312655086,57.07196029776674,19.851116625310173,24.81389578163772,12.40694789081886,19.851116625310173,0.0,4.962779156327543,12.40694789081886,0.0,0.0,215.88089330024815,2.4813895781637716,0.0,34.7394540942928,2.4813895781637716,0.0,0.0,0.0,22.332506203473944,0.0,0.0,0.0,0.0,0.0,0.0,0.0,0.0,0.0,0.0,2.4813895781637716,0.0,12.40694789081886,2.4813895781637716,74.44168734491315,34.7394540942928,4.962779156327543,99.25558312655087,0.5755968169761273,3.9045092838196287,2.4813895781637716,0.0,4.962779156327543,0.0,2.4813895781637716,0.0,4.962779156327543,12.40694789081886,4.962779156327543,9.925558312655086,2.4813895781637716,19.851116625310173,2.4813895781637716,0.0,49.62779156327544,0.0,0.0,0.0,0.0,0.0,7.444168734491315,0.0,14.88833746898263
SR8N,24.752475247524753,9.900990099009901,89.10891089108911,2.4752475247524752,4.9504950495049505,69.30693069306932,32.17821782178218,9.900990099009901,47.02970297029703,4.9504950495049505,7.425742574257425,9.900990099009901,14.85148514851485,2.4752475247524752,2.4752475247524752,155.94059405940595,0.0,0.0,34.65346534653466,0.0,0.0,0.0,0.0,9.900990099009901,0.0,0.0,0.0,2.4752475247524752,0.0,0.0,0.0,0.0,0.0,0.0,4.9504950495049505,0.0,7.425742574257425,7.425742574257425,89.10891089108911,27.22772277227723,7.425742574257425,99.00990099009901,0.5797872340425532,3.8430851063829787,0.0,2.4752475247524752,0.0,2.4752475247524752,14.85148514851485,7.425742574257425,4.9504950495049505,7.425742574257425,0.0,9.900990099009901,2.4752475247524752,17.32673267326733,0.0,0.0,66.83168316831683,2.4752475247524752,0.0,0.0,4.9504950495049505,7.425742574257425,19.801980198019802,0.0,19.801980198019802
SR8V,23.52941176470588,7.058823529411765,101.1764705882353,4.705882352941176,9.411764705882351,94.11764705882352,18.823529411764703,0.0,18.823529411764703,4.705882352941176,4.705882352941176,7.058823529411765,4.705882352941176,4.705882352941176,9.411764705882351,183.52941176470588,0.0,2.352941176470588,35.294117647058826,0.0,0.0,0.0,2.352941176470588,21.176470588235293,0.0,0.0,0.0,2.352941176470588,0.0,0.0,0.0,0.0,0.0,0.0,7.058823529411765,0.0,7.058823529411765,2.352941176470588,91.76470588235294,28.23529411764706,9.411764705882351,110.58823529411765,0.6014669926650367,3.9706601466992666,2.352941176470588,4.705882352941176,0.0,2.352941176470588,18.823529411764703,2.352941176470588,11.76470588235294,2.352941176470588,0.0,7.058823529411765,4.705882352941176,32.94117647058824,4.705882352941176,0.0,30.58823529411765,4.705882352941176,0.0,4.705882352941176,4.705882352941176,0.0,9.411764705882351,0.0,14.11764705882353
SRBZ,44.33497536945813,9.852216748768473,81.2807881773399,2.4630541871921183,4.926108374384237,68.9655172413793,27.093596059113302,34.48275862068965,12.315270935960593,4.926108374384237,9.852216748768473,2.4630541871921183,17.241379310344826,2.4630541871921183,2.4630541871921183,192.1182266009852,0.0,0.0,32.01970443349754,0.0,0.0,0.0,4.926108374384237,12.315270935960593,0.0,0.0,0.0,0.0,0.0,0.0,2.4630541871921183,0.0,0.0,0.0,0.0,0.0,2.4630541871921183,9.852216748768473,93.59605911330048,49.26108374384237,9.852216748768473,51.724137931034484,0.6191709844559585,4.051813471502591,2.4630541871921183,0.0,2.4630541871921183,2.4630541871921183,12.315270935960593,0.0,19.704433497536947,2.4630541871921183,2.4630541871921183,2.4630541871921183,24.630541871921185,44.33497536945813,2.4630541871921183,7.389162561576354,41.87192118226601,4.926108374384237,2.4630541871921183,2.4630541871921183,2.4630541871921183,2.4630541871921183,9.852216748768473,2.4630541871921183,7.389162561576354
SRCA,39.80099502487562,12.437810945273633,69.65174129353234,0.0,7.462686567164179,74.62686567164178,27.36318407960199,9.950248756218905,29.850746268656717,4.975124378109452,4.975124378109452,7.462686567164179,9.950248756218905,0.0,2.487562189054726,169.1542288557214,2.487562189054726,2.487562189054726,24.875621890547265,0.0,0.0,0.0,0.0,19.90049751243781,0.0,0.0,0.0,0.0,0.0,0.0,2.487562189054726,0.0,0.0,0.0,2.487562189054726,0.0,7.462686567164179,9.950248756218905,79.60199004975124,32.33830845771144,9.950248756218905,89.55223880597015,0.5502645502645502,3.7804232804232805,0.0,0.0,2.487562189054726,0.0,12.437810945273633,0.0,4.975124378109452,2.487562189054726,2.487562189054726,12.437810945273633,4.975124378109452,19.90049751243781,0.0,0.0,52.23880597014925,0.0,4.975124378109452,2.487562189054726,2.487562189054726,7.462686567164179,4.975124378109452,2.487562189054726,19.90049751243781
SRCD,17.3697270471464,12.40694789081886,76.92307692307693,2.4813895781637716,4.962779156327543,74.44168734491315,9.925558312655086,4.962779156327543,22.332506203473944,19.851116625310173,4.962779156327543,7.444168734491315,12.40694789081886,0.0,0.0,188.58560794044666,0.0,0.0,32.25806451612903,0.0,2.4813895781637716,0.0,4.962779156327543,7.444168734491315,4.962779156327543,0.0,0.0,0.0,2.4813895781637716,0.0,0.0,0.0,0.0,0.0,0.0,2.4813895781637716,7.444168734491315,7.444168734491315,99.25558312655087,49.62779156327544,7.444168734491315,116.62531017369727,0.5721784776902887,4.152230971128609,2.4813895781637716,4.962779156327543,12.40694789081886,2.4813895781637716,17.3697270471464,2.4813895781637716,7.444168734491315,4.962779156327543,4.962779156327543,0.0,4.962779156327543,29.77667493796526,2.4813895781637716,0.0,44.66501240694789,0.0,2.4813895781637716,0.0,4.962779156327543,0.0,7.444168734491315,7.444168734491315,17.3697270471464
SRNC,24.44987775061125,19.559902200489,73.34963325183375,7.334963325183374,2.444987775061125,73.34963325183375,22.004889975550125,9.7799511002445,22.004889975550125,7.334963325183374,0.0,4.88997555012225,12.224938875305625,22.004889975550125,0.0,232.27383863080684,2.444987775061125,0.0,19.559902200489,0.0,0.0,0.0,0.0,14.669926650366747,0.0,0.0,0.0,0.0,0.0,0.0,4.88997555012225,0.0,0.0,0.0,0.0,0.0,4.88997555012225,0.0,92.90953545232274,29.339853300733495,7.334963325183374,58.67970660146699,0.5989445910290238,3.978891820580475,0.0,0.0,0.0,0.0,9.7799511002445,0.0,4.88997555012225,7.334963325183374,0.0,12.224938875305625,2.444987775061125,14.669926650366747,0.0,0.0,68.45965770171149,0.0,0.0,0.0,2.444987775061125,0.0,24.44987775061125,0.0,2.444987775061125
SRVD,47.50593824228029,7.125890736342043,71.25890736342043,0.0,7.125890736342043,64.13301662707839,40.38004750593824,14.251781472684087,16.6270783847981,4.750593824228028,2.375296912114014,4.750593824228028,16.6270783847981,4.750593824228028,2.375296912114014,168.64608076009503,4.750593824228028,0.0,30.878859857482183,0.0,0.0,0.0,4.750593824228028,4.750593824228028,2.375296912114014,4.750593824228028,0.0,0.0,0.0,0.0,0.0,0.0,0.0,0.0,0.0,0.0,7.125890736342043,4.750593824228028,109.26365795724466,42.75534441805225,0.0,95.01187648456057,0.5380710659898477,3.8781725888324874,0.0,2.375296912114014,0.0,0.0,16.6270783847981,0.0,16.6270783847981,4.750593824228028,0.0,9.501187648456057,9.501187648456057,23.752969121140143,2.375296912114014,0.0,57.00712589073635,4.750593824228028,0.0,0.0,2.375296912114014,0.0,19.002375296912113,2.375296912114014,19.002375296912113
SRVR,57.69230769230769,7.211538461538462,81.73076923076923,2.403846153846154,12.01923076923077,74.51923076923077,52.88461538461539,16.826923076923077,24.03846153846154,12.01923076923077,14.423076923076923,7.211538461538462,9.615384615384617,4.807692307692308,2.403846153846154,112.98076923076923,7.211538461538462,0.0,33.65384615384615,0.0,0.0,0.0,0.0,24.03846153846154,0.0,0.0,0.0,0.0,0.0,0.0,2.403846153846154,0.0,0.0,0.0,2.403846153846154,0.0,4.807692307692308,12.01923076923077,72.11538461538461,21.634615384615383,14.423076923076923,110.57692307692307,0.5516372795969773,3.9899244332493704,0.0,4.807692307692308,4.807692307692308,0.0,14.423076923076923,0.0,16.826923076923077,7.211538461538462,0.0,4.807692307692308,12.01923076923077,28.846153846153847,2.403846153846154,0.0,43.26923076923077,2.403846153846154,2.403846153846154,0.0,4.807692307692308,0.0,14.423076923076923,0.0,24.03846153846154
ST39,22.22222222222222,9.876543209876543,113.58024691358025,0.0,0.0,83.95061728395062,9.876543209876543,9.876543209876543,51.85185185185185,4.938271604938271,4.938271604938271,9.876543209876543,17.28395061728395,2.4691358024691357,0.0,155.55555555555557,2.4691358024691357,0.0,29.62962962962963,0.0,0.0,0.0,0.0,9.876543209876543,0.0,0.0,0.0,0.0,0.0,0.0,4.938271604938271,0.0,0.0,0.0,0.0,0.0,4.938271604938271,0.0,74.07407407407408,29.62962962962963,14.814814814814815,111.1111111111111,0.5833333333333334,3.8307291666666665,0.0,2.4691358024691357,7.407407407407407,0.0,37.03703703703704,0.0,0.0,7.407407407407407,2.4691358024691357,4.938271604938271,12.345679012345679,32.098765432098766,2.4691358024691357,0.0,54.32098765432099,0.0,0.0,0.0,4.938271604938271,0.0,24.691358024691358,2.4691358024691357,14.814814814814815
STA2,23.64066193853428,7.092198581560283,68.5579196217494,2.3640661938534278,11.82033096926714,7.092198581560283,14.184397163120567,47.28132387706856,14.184397163120567,4.7281323877068555,4.7281323877068555,0.0,18.912529550827422,7.092198581560283,2.3640661938534278,250.59101654846333,2.3640661938534278,0.0,16.548463356973993,0.0,0.0,0.0,2.3640661938534278,4.7281323877068555,4.7281323877068555,0.0,7.092198581560283,2.3640661938534278,2.3640661938534278,0.0,0.0,0.0,0.0,2.3640661938534278,0.0,0.0,7.092198581560283,11.82033096926714,113.47517730496453,52.009456264775416,2.3640661938534278,70.92198581560284,0.5990338164251208,4.615942028985507,2.3640661938534278,4.7281323877068555,0.0,0.0,2.3640661938534278,2.3640661938534278,0.0,2.3640661938534278,2.3640661938534278,2.3640661938534278,7.092198581560283,14.184397163120567,0.0,0.0,11.82033096926714,0.0,0.0,0.0,9.456264775413711,2.3640661938534278,7.092198581560283,0.0,2.3640661938534278
STG7,26.634382566585955,0.0,111.38014527845036,0.0,2.4213075060532687,94.43099273607749,19.37046004842615,24.213075060532688,29.055690072639226,16.949152542372882,9.685230024213075,0.0,21.791767554479417,0.0,0.0,101.6949152542373,9.685230024213075,0.0,53.26876513317191,0.0,0.0,0.0,0.0,26.634382566585955,0.0,0.0,0.0,0.0,0.0,0.0,7.263922518159807,0.0,0.0,0.0,2.4213075060532687,0.0,9.685230024213075,12.106537530266344,55.69007263922518,21.791767554479417,12.106537530266344,87.16707021791767,0.525065963060686,3.5118733509234827,0.0,0.0,7.263922518159807,0.0,14.527845036319613,0.0,0.0,7.263922518159807,0.0,16.949152542372882,0.0,36.31961259079903,2.4213075060532687,2.4213075060532687,77.4818401937046,0.0,0.0,0.0,7.263922518159807,2.4213075060532687,16.949152542372882,2.4213075060532687,19.37046004842615
STNE,37.220843672456574,2.4813895781637716,76.92307692307693,0.0,7.444168734491315,79.40446650124069,22.332506203473944,22.332506203473944,22.332506203473944,9.925558312655086,9.925558312655086,12.40694789081886,12.40694789081886,2.4813895781637716,2.4813895781637716,168.7344913151365,4.962779156327543,0.0,22.332506203473944,0.0,2.4813895781637716,0.0,4.962779156327543,14.88833746898263,0.0,0.0,0.0,0.0,0.0,0.0,0.0,0.0,0.0,0.0,4.962779156327543,2.4813895781637716,2.4813895781637716,12.40694789081886,91.81141439205956,32.25806451612903,2.4813895781637716,89.33002481389578,0.5890052356020943,3.761780104712042,0.0,0.0,7.444168734491315,0.0,17.3697270471464,0.0,9.925558312655086,4.962779156327543,2.4813895781637716,9.925558312655086,0.0,39.702233250620345,2.4813895781637716,0.0,44.66501240694789,4.962779156327543,0.0,0.0,0.0,2.4813895781637716,4.962779156327543,0.0,22.332506203473944
STSS,26.570048309178745,2.4154589371980677,60.386473429951685,4.830917874396135,0.0,91.78743961352657,2.4154589371980677,21.73913043478261,9.66183574879227,2.4154589371980677,7.246376811594203,2.4154589371980677,9.66183574879227,4.830917874396135,0.0,224.63768115942028,4.830917874396135,0.0,9.66183574879227,2.4154589371980677,0.0,0.0,0.0,7.246376811594203,2.4154589371980677,0.0,0.0,0.0,0.0,0.0,0.0,0.0,2.4154589371980677,0.0,0.0,0.0,4.830917874396135,7.246376811594203,89.37198067632849,50.72463768115942,2.4154589371980677,77.29468599033817,0.6161616161616161,3.9116161616161618,2.4154589371980677,4.830917874396135,2.4154589371980677,0.0,7.246376811594203,0.0,9.66183574879227,12.077294685990339,0.0,0.0,4.830917874396135,4.830917874396135,0.0,0.0,41.06280193236715,0.0,0.0,0.0,7.246376811594203,2.4154589371980677,19.32367149758454,0.0,12.077294685990339
STXT,12.468827930174564,9.975062344139651,117.20698254364089,2.493765586034913,7.481296758104738,84.78802992518703,44.88778054862843,7.481296758104738,22.443890274314214,9.975062344139651,17.456359102244388,0.0,14.962593516209475,2.493765586034913,0.0,109.72568578553616,2.493765586034913,0.0,37.406483790523694,0.0,2.493765586034913,0.0,4.987531172069826,27.43142144638404,0.0,0.0,0.0,0.0,0.0,0.0,4.987531172069826,0.0,0.0,0.0,0.0,0.0,4.987531172069826,2.493765586034913,67.33167082294264,27.43142144638404,9.975062344139651,132.16957605985039,0.5737265415549598,3.841823056300268,0.0,2.493765586034913,0.0,0.0,17.456359102244388,0.0,7.481296758104738,17.456359102244388,2.493765586034913,4.987531172069826,4.987531172069826,32.418952618453865,2.493765586034913,2.493765586034913,72.31920199501248,0.0,0.0,0.0,2.493765586034913,0.0,27.43142144638404,0.0,37.406483790523694
SUAB,74.4186046511628,9.30232558139535,34.883720930232556,2.3255813953488373,6.976744186046512,37.2093023255814,0.0,23.25581395348837,16.27906976744186,2.3255813953488373,0.0,0.0,25.58139534883721,2.3255813953488373,0.0,218.6046511627907,4.651162790697675,0.0,25.58139534883721,4.651162790697675,2.3255813953488373,0.0,0.0,4.651162790697675,2.3255813953488373,0.0,0.0,2.3255813953488373,2.3255813953488373,0.0,4.651162790697675,0.0,0.0,0.0,0.0,0.0,9.30232558139535,2.3255813953488373,100.0,25.58139534883721,0.0,111.62790697674419,0.6116504854368932,3.6699029126213594,2.3255813953488373,4.651162790697675,0.0,0.0,6.976744186046512,0.0,0.0,2.3255813953488373,0.0,4.651162790697675,4.651162790697675,16.27906976744186,2.3255813953488373,0.0,39.53488372093023,2.3255813953488373,0.0,0.0,0.0,0.0,18.6046511627907,0.0,25.58139534883721
SUGV,23.980815347721823,2.398081534772182,79.13669064748201,7.194244604316547,7.194244604316547,69.54436450839329,23.980815347721823,4.796163069544364,14.388489208633095,7.194244604316547,9.592326139088728,2.398081534772182,19.184652278177456,2.398081534772182,0.0,201.4388489208633,0.0,0.0,31.17505995203837,2.398081534772182,0.0,0.0,0.0,9.592326139088728,0.0,0.0,0.0,0.0,0.0,0.0,0.0,0.0,0.0,0.0,0.0,2.398081534772182,4.796163069544364,4.796163069544364,91.12709832134293,31.17505995203837,9.592326139088728,91.12709832134293,0.5174129353233831,3.9601990049751246,2.398081534772182,0.0,0.0,2.398081534772182,7.194244604316547,2.398081534772182,2.398081534772182,9.592326139088728,0.0,9.592326139088728,7.194244604316547,19.184652278177456,0.0,0.0,31.17505995203837,0.0,0.0,0.0,0.0,21.58273381294964,23.980815347721823,0.0,14.388489208633095
SUH7,49.75124378109453,9.950248756218905,69.65174129353234,0.0,0.0,57.21393034825871,27.36318407960199,9.950248756218905,14.925373134328359,12.437810945273633,2.487562189054726,4.975124378109452,14.925373134328359,7.462686567164179,2.487562189054726,218.90547263681592,7.462686567164179,0.0,27.36318407960199,2.487562189054726,0.0,0.0,7.462686567164179,9.950248756218905,0.0,0.0,2.487562189054726,0.0,2.487562189054726,0.0,0.0,0.0,0.0,0.0,0.0,2.487562189054726,7.462686567164179,2.487562189054726,74.62686567164178,62.18905472636816,4.975124378109452,111.94029850746269,0.6098191214470284,4.361757105943153,0.0,2.487562189054726,2.487562189054726,2.487562189054726,27.36318407960199,0.0,12.437810945273633,4.975124378109452,0.0,2.487562189054726,7.462686567164179,29.850746268656717,0.0,0.0,37.31343283582089,0.0,2.487562189054726,0.0,2.487562189054726,12.437810945273633,7.462686567164179,0.0,7.462686567164179
SUU4,24.330900243309003,2.4330900243309004,75.42579075425792,2.4330900243309004,0.0,24.330900243309003,19.464720194647203,29.197080291970803,17.0316301703163,9.732360097323602,4.866180048661801,2.4330900243309004,9.732360097323602,17.0316301703163,0.0,223.84428223844282,12.165450121654501,0.0,29.197080291970803,0.0,0.0,0.0,0.0,17.0316301703163,2.4330900243309004,0.0,0.0,0.0,0.0,0.0,0.0,0.0,0.0,0.0,0.0,0.0,0.0,17.0316301703163,92.45742092457421,53.5279805352798,2.4330900243309004,80.2919708029197,0.6240208877284595,4.31331592689295,0.0,2.4330900243309004,2.4330900243309004,0.0,7.299270072992701,0.0,21.897810218978105,2.4330900243309004,0.0,4.866180048661801,4.866180048661801,21.897810218978105,0.0,2.4330900243309004,41.3625304136253,0.0,0.0,0.0,0.0,4.866180048661801,14.598540145985401,4.866180048661801,9.732360097323602
SUVS,39.50617283950617,4.938271604938271,71.60493827160494,4.938271604938271,9.876543209876543,56.79012345679013,27.160493827160494,7.407407407407407,32.098765432098766,4.938271604938271,12.345679012345679,4.938271604938271,7.407407407407407,12.345679012345679,2.4691358024691357,158.02469135802468,4.938271604938271,0.0,37.03703703703704,4.938271604938271,0.0,0.0,2.4691358024691357,14.814814814814815,2.4691358024691357,0.0,2.4691358024691357,0.0,0.0,0.0,0.0,0.0,0.0,0.0,0.0,0.0,12.345679012345679,7.407407407407407,81.4814814814815,12.345679012345679,2.4691358024691357,123.45679012345678,0.5607235142118863,4.178294573643411,0.0,2.4691358024691357,7.407407407407407,2.4691358024691357,34.5679012345679,2.4691358024691357,4.938271604938271,9.876543209876543,4.938271604938271,4.938271604938271,2.4691358024691357,22.22222222222222,0.0,0.0,44.44444444444444,0.0,0.0,0.0,0.0,2.4691358024691357,12.345679012345679,2.4691358024691357,19.753086419753085
SV4W,14.319809069212411,21.479713603818613,112.17183770883055,7.159904534606206,4.773269689737471,107.39856801909308,23.86634844868735,23.86634844868735,21.479713603818613,7.159904534606206,4.773269689737471,2.3866348448687353,9.546539379474941,2.3866348448687353,0.0,155.13126491646779,7.159904534606206,0.0,40.572792362768496,0.0,0.0,0.0,2.3866348448687353,14.319809069212411,2.3866348448687353,0.0,0.0,0.0,0.0,0.0,0.0,0.0,0.0,0.0,0.0,0.0,2.3866348448687353,2.3866348448687353,73.98568019093078,31.026252983293556,4.773269689737471,105.01193317422434,0.5618556701030928,3.884020618556701,0.0,2.3866348448687353,2.3866348448687353,0.0,14.319809069212411,0.0,11.933174224343675,9.546539379474941,0.0,4.773269689737471,4.773269689737471,26.252983293556085,0.0,0.0,69.21241050119332,0.0,2.3866348448687353,0.0,2.3866348448687353,7.159904534606206,26.252983293556085,0.0,16.706443914081145
SVBJ,31.630170316301705,17.0316301703163,85.1581508515815,0.0,4.866180048661801,72.992700729927,26.7639902676399,19.464720194647203,21.897810218978105,4.866180048661801,2.4330900243309004,2.4330900243309004,14.598540145985401,0.0,4.866180048661801,201.94647201946472,4.866180048661801,0.0,26.7639902676399,0.0,2.4330900243309004,0.0,2.4330900243309004,7.299270072992701,0.0,0.0,0.0,0.0,0.0,0.0,0.0,0.0,0.0,0.0,2.4330900243309004,2.4330900243309004,4.866180048661801,4.866180048661801,77.85888077858881,38.929440389294406,9.732360097323602,87.59124087591242,0.5907928388746803,4.278772378516624,2.4330900243309004,4.866180048661801,2.4330900243309004,4.866180048661801,12.165450121654501,4.866180048661801,12.165450121654501,4.866180048661801,4.866180048661801,0.0,4.866180048661801,26.7639902676399,0.0,0.0,46.228710462287104,0.0,2.4330900243309004,0.0,7.299270072992701,2.4330900243309004,4.866180048661801,0.0,12.165450121654501
SVCT,68.29268292682927,9.75609756097561,63.41463414634146,4.878048780487805,9.75609756097561,63.41463414634146,39.02439024390244,2.4390243902439024,14.634146341463415,12.195121951219512,4.878048780487805,2.4390243902439024,7.317073170731708,14.634146341463415,0.0,231.70731707317074,7.317073170731708,0.0,56.09756097560976,0.0,0.0,0.0,0.0,7.317073170731708,0.0,0.0,0.0,0.0,0.0,0.0,0.0,0.0,0.0,0.0,2.4390243902439024,2.4390243902439024,2.4390243902439024,4.878048780487805,73.17073170731707,17.073170731707318,7.317073170731708,65.85365853658537,0.532133676092545,3.9845758354755785,2.4390243902439024,0.0,2.4390243902439024,0.0,4.878048780487805,0.0,9.75609756097561,0.0,0.0,7.317073170731708,7.317073170731708,14.634146341463415,2.4390243902439024,0.0,46.34146341463415,2.4390243902439024,2.4390243902439024,0.0,2.4390243902439024,12.195121951219512,24.390243902439025,4.878048780487805,19.51219512195122
SVKF,24.875621890547265,9.950248756218905,74.62686567164178,0.0,4.975124378109452,64.67661691542288,27.36318407960199,7.462686567164179,32.33830845771144,9.950248756218905,9.950248756218905,7.462686567164179,12.437810945273633,2.487562189054726,4.975124378109452,189.0547263681592,9.950248756218905,0.0,34.82587064676617,0.0,0.0,0.0,0.0,14.925373134328359,2.487562189054726,0.0,0.0,2.487562189054726,0.0,0.0,7.462686567164179,0.0,0.0,0.0,0.0,0.0,0.0,4.975124378109452,109.45273631840796,24.875621890547265,14.925373134328359,64.67661691542288,0.5623342175066313,4.005305039787799,2.487562189054726,2.487562189054726,7.462686567164179,0.0,12.437810945273633,0.0,4.975124378109452,7.462686567164179,4.975124378109452,7.462686567164179,0.0,32.33830845771144,0.0,0.0,59.701492537313435,0.0,0.0,0.0,2.487562189054726,7.462686567164179,9.950248756218905,2.487562189054726,12.437810945273633
SVN6,50.25125628140704,7.537688442211055,67.8391959798995,2.512562814070352,2.512562814070352,62.81407035175879,7.537688442211055,17.587939698492463,25.12562814070352,7.537688442211055,5.025125628140704,0.0,15.07537688442211,7.537688442211055,0.0,206.03015075376885,7.537688442211055,0.0,32.663316582914575,0.0,0.0,0.0,5.025125628140704,5.025125628140704,0.0,0.0,0.0,2.512562814070352,0.0,0.0,2.512562814070352,0.0,0.0,0.0,0.0,0.0,2.512562814070352,2.512562814070352,95.47738693467336,47.73869346733668,2.512562814070352,82.91457286432161,0.6,4.259740259740259,0.0,0.0,2.512562814070352,2.512562814070352,15.07537688442211,2.512562814070352,22.613065326633166,5.025125628140704,2.512562814070352,2.512562814070352,15.07537688442211,25.12562814070352,0.0,0.0,30.15075376884422,5.025125628140704,0.0,0.0,0.0,5.025125628140704,15.07537688442211,0.0,17.587939698492463
SVNZ,25.188916876574307,0.0,100.75566750629723,0.0,12.594458438287154,62.97229219143577,45.34005037783375,20.151133501259444,40.30226700251889,2.5188916876574305,15.113350125944583,0.0,22.670025188916874,10.075566750629722,2.5188916876574305,158.69017632241813,2.5188916876574305,0.0,40.30226700251889,0.0,0.0,0.0,2.5188916876574305,7.556675062972292,0.0,0.0,0.0,0.0,0.0,0.0,2.5188916876574305,0.0,0.0,0.0,0.0,0.0,2.5188916876574305,5.037783375314861,75.56675062972293,30.226700251889167,2.5188916876574305,123.42569269521411,0.5967741935483871,4.155913978494624,2.5188916876574305,0.0,0.0,0.0,12.594458438287154,0.0,7.556675062972292,2.5188916876574305,5.037783375314861,10.075566750629722,7.556675062972292,35.26448362720403,0.0,0.0,55.415617128463474,5.037783375314861,0.0,0.0,2.5188916876574305,17.632241813602015,25.188916876574307,0.0,37.783375314861466
SVR6,35.0,7.5,87.5,5.0,5.0,75.0,45.0,2.5,17.5,12.5,7.5,5.0,17.5,5.0,0.0,177.5,5.0,0.0,32.5,0.0,0.0,0.0,10.0,30.0,0.0,0.0,2.5,0.0,2.5,0.0,0.0,0.0,0.0,0.0,0.0,0.0,5.0,10.0,62.5,32.5,10.0,112.5,0.6021220159151194,4.06631299734748,0.0,2.5,7.5,0.0,10.0,5.0,0.0,10.0,2.5,2.5,5.0,27.5,0.0,0.0,50.0,0.0,0.0,2.5,7.5,0.0,12.5,0.0,22.5
SVUC,47.73869346733668,7.537688442211055,67.8391959798995,5.025125628140704,12.56281407035176,45.22613065326633,30.15075376884422,32.663316582914575,15.07537688442211,0.0,5.025125628140704,2.512562814070352,10.050251256281408,2.512562814070352,2.512562814070352,216.08040201005025,2.512562814070352,0.0,20.100502512562816,2.512562814070352,0.0,0.0,0.0,15.07537688442211,2.512562814070352,0.0,0.0,0.0,0.0,0.0,0.0,0.0,0.0,0.0,0.0,2.512562814070352,15.07537688442211,5.025125628140704,85.42713567839195,27.638190954773872,0.0,77.88944723618091,0.6368421052631579,3.9842105263157896,0.0,5.025125628140704,0.0,0.0,7.537688442211055,7.537688442211055,5.025125628140704,0.0,0.0,7.537688442211055,17.587939698492463,15.07537688442211,2.512562814070352,0.0,30.15075376884422,2.512562814070352,0.0,0.0,0.0,0.0,12.56281407035176,0.0,12.56281407035176
SVZE,17.412935323383085,2.487562189054726,74.62686567164178,0.0,2.487562189054726,49.75124378109453,17.412935323383085,22.388059701492537,12.437810945273633,7.462686567164179,9.950248756218905,2.487562189054726,12.437810945273633,2.487562189054726,0.0,226.3681592039801,2.487562189054726,0.0,32.33830845771144,2.487562189054726,2.487562189054726,0.0,0.0,12.437810945273633,0.0,0.0,0.0,2.487562189054726,0.0,0.0,2.487562189054726,0.0,0.0,0.0,0.0,0.0,4.975124378109452,2.487562189054726,97.01492537313433,34.82587064676617,2.487562189054726,77.11442786069651,0.5382653061224489,3.9693877551020407,2.487562189054726,0.0,2.487562189054726,2.487562189054726,14.925373134328359,2.487562189054726,0.0,14.925373134328359,0.0,4.975124378109452,12.437810945273633,17.412935323383085,0.0,0.0,17.412935323383085,0.0,0.0,0.0,0.0,12.437810945273633,19.90049751243781,0.0,7.462686567164179
SVZH,26.378896882494004,4.796163069544364,74.34052757793765,4.796163069544364,7.194244604316547,81.5347721822542,23.980815347721823,11.990407673860911,33.57314148681055,7.194244604316547,7.194244604316547,0.0,9.592326139088728,4.796163069544364,2.398081534772182,182.25419664268586,4.796163069544364,0.0,43.16546762589928,0.0,0.0,0.0,7.194244604316547,14.388489208633095,7.194244604316547,0.0,0.0,0.0,0.0,0.0,0.0,0.0,0.0,0.0,2.398081534772182,4.796163069544364,4.796163069544364,4.796163069544364,91.12709832134293,26.378896882494004,23.980815347721823,98.32134292565947,0.5985037406483791,3.9675810473815463,0.0,2.398081534772182,0.0,2.398081534772182,19.184652278177456,2.398081534772182,4.796163069544364,16.786570743405274,2.398081534772182,7.194244604316547,4.796163069544364,23.980815347721823,4.796163069544364,0.0,38.36930455635491,0.0,4.796163069544364,0.0,2.398081534772182,7.194244604316547,7.194244604316547,4.796163069544364,16.786570743405274
SW4Z,22.11302211302211,4.914004914004914,68.7960687960688,0.0,0.0,66.33906633906633,7.371007371007371,2.457002457002457,17.1990171990172,7.371007371007371,2.457002457002457,7.371007371007371,22.11302211302211,22.11302211302211,17.1990171990172,189.1891891891892,4.914004914004914,0.0,31.94103194103194,2.457002457002457,4.914004914004914,0.0,0.0,24.570024570024568,2.457002457002457,0.0,2.457002457002457,0.0,0.0,0.0,2.457002457002457,0.0,0.0,0.0,2.457002457002457,4.914004914004914,4.914004914004914,7.371007371007371,103.19410319410319,39.31203931203931,7.371007371007371,85.995085995086,0.5933503836317136,4.271099744245524,4.914004914004914,0.0,4.914004914004914,2.457002457002457,22.11302211302211,0.0,7.371007371007371,14.742014742014742,2.457002457002457,7.371007371007371,4.914004914004914,31.94103194103194,2.457002457002457,0.0,31.94103194103194,0.0,0.0,0.0,0.0,0.0,4.914004914004914,4.914004914004914,17.1990171990172
SWBG,42.07920792079208,4.9504950495049505,59.4059405940594,4.9504950495049505,4.9504950495049505,39.603960396039604,32.17821782178218,27.22772277227723,4.9504950495049505,2.4752475247524752,4.9504950495049505,9.900990099009901,17.32673267326733,2.4752475247524752,7.425742574257425,215.34653465346534,2.4752475247524752,0.0,39.603960396039604,4.9504950495049505,0.0,0.0,0.0,9.900990099009901,0.0,0.0,0.0,0.0,0.0,0.0,0.0,0.0,0.0,0.0,0.0,0.0,4.9504950495049505,7.425742574257425,79.20792079207921,37.12871287128713,14.85148514851485,101.48514851485149,0.5968586387434555,3.9973821989528795,2.4752475247524752,7.425742574257425,2.4752475247524752,0.0,7.425742574257425,2.4752475247524752,12.376237623762377,0.0,2.4752475247524752,4.9504950495049505,7.425742574257425,17.32673267326733,0.0,0.0,44.554455445544555,0.0,2.4752475247524752,0.0,2.4752475247524752,0.0,7.425742574257425,4.9504950495049505,14.85148514851485
SWGV,32.17821782178218,2.4752475247524752,79.20792079207921,2.4752475247524752,4.9504950495049505,64.35643564356435,34.65346534653466,7.425742574257425,17.32673267326733,12.376237623762377,2.4752475247524752,0.0,9.900990099009901,7.425742574257425,2.4752475247524752,168.31683168316832,7.425742574257425,0.0,47.02970297029703,0.0,0.0,2.4752475247524752,2.4752475247524752,29.7029702970297,0.0,0.0,0.0,4.9504950495049505,0.0,0.0,0.0,0.0,0.0,0.0,0.0,2.4752475247524752,4.9504950495049505,7.425742574257425,71.78217821782178,39.603960396039604,12.376237623762377,99.00990099009901,0.5917312661498708,4.051679586563307,4.9504950495049505,0.0,2.4752475247524752,0.0,12.376237623762377,4.9504950495049505,12.376237623762377,4.9504950495049505,2.4752475247524752,9.900990099009901,7.425742574257425,34.65346534653466,0.0,0.0,42.07920792079208,2.4752475247524752,0.0,0.0,0.0,0.0,4.9504950495049505,4.9504950495049505,22.277227722772277
SWGX,37.31343283582089,7.462686567164179,67.16417910447761,0.0,9.950248756218905,84.5771144278607,12.437810945273633,39.80099502487562,17.412935323383085,9.950248756218905,7.462686567164179,7.462686567164179,19.90049751243781,2.487562189054726,0.0,186.56716417910448,2.487562189054726,0.0,29.850746268656717,0.0,0.0,0.0,7.462686567164179,9.950248756218905,0.0,0.0,0.0,0.0,0.0,0.0,0.0,0.0,0.0,0.0,0.0,0.0,9.950248756218905,2.487562189054726,87.06467661691543,27.36318407960199,4.975124378109452,124.37810945273633,0.5953002610966057,4.091383812010444,7.462686567164179,0.0,2.487562189054726,4.975124378109452,14.925373134328359,2.487562189054726,12.437810945273633,12.437810945273633,0.0,9.950248756218905,7.462686567164179,22.388059701492537,0.0,0.0,42.28855721393035,0.0,0.0,0.0,7.462686567164179,0.0,12.437810945273633,2.487562189054726,14.925373134328359
SWUT,19.51219512195122,12.195121951219512,92.6829268292683,4.878048780487805,9.75609756097561,121.95121951219512,7.317073170731708,9.75609756097561,17.073170731707318,4.878048780487805,0.0,2.4390243902439024,7.317073170731708,4.878048780487805,0.0,168.2926829268293,2.4390243902439024,0.0,29.26829268292683,0.0,0.0,0.0,0.0,21.95121951219512,0.0,2.4390243902439024,0.0,0.0,0.0,0.0,2.4390243902439024,0.0,0.0,2.4390243902439024,2.4390243902439024,2.4390243902439024,2.4390243902439024,21.95121951219512,80.48780487804878,39.02439024390244,9.75609756097561,90.24390243902438,0.577023498694517,3.7232375979112273,0.0,2.4390243902439024,0.0,0.0,12.195121951219512,2.4390243902439024,14.634146341463415,7.317073170731708,0.0,2.4390243902439024,4.878048780487805,12.195121951219512,0.0,0.0,75.60975609756098,0.0,0.0,0.0,7.317073170731708,0.0,9.75609756097561,0.0,14.634146341463415
SWVQ,19.607843137254903,4.901960784313726,78.43137254901961,2.450980392156863,4.901960784313726,44.11764705882353,12.254901960784313,34.313725490196084,29.41176470588235,9.803921568627452,0.0,7.352941176470588,4.901960784313726,0.0,2.450980392156863,205.88235294117646,14.705882352941176,0.0,29.41176470588235,0.0,0.0,0.0,2.450980392156863,14.705882352941176,2.450980392156863,0.0,2.450980392156863,0.0,0.0,0.0,0.0,0.0,0.0,0.0,0.0,2.450980392156863,0.0,7.352941176470588,102.94117647058823,24.509803921568626,12.254901960784313,88.23529411764706,0.6151832460732984,4.136125654450262,0.0,0.0,2.450980392156863,0.0,12.254901960784313,0.0,9.803921568627452,9.803921568627452,2.450980392156863,7.352941176470588,0.0,14.705882352941176,0.0,0.0,68.62745098039217,0.0,2.450980392156863,0.0,9.803921568627452,2.450980392156863,17.156862745098042,4.901960784313726,17.156862745098042
SX6D,9.433962264150942,7.0754716981132075,84.90566037735849,0.0,0.0,68.39622641509433,9.433962264150942,18.867924528301884,47.16981132075472,11.79245283018868,2.3584905660377355,4.716981132075471,14.150943396226415,2.3584905660377355,2.3584905660377355,169.81132075471697,4.716981132075471,0.0,21.22641509433962,0.0,0.0,2.3584905660377355,2.3584905660377355,28.30188679245283,0.0,0.0,0.0,0.0,2.3584905660377355,0.0,2.3584905660377355,0.0,0.0,0.0,0.0,0.0,7.0754716981132075,7.0754716981132075,70.75471698113208,35.37735849056604,7.0754716981132075,89.62264150943396,0.5763546798029556,4.108374384236453,2.3584905660377355,2.3584905660377355,2.3584905660377355,0.0,25.943396226415096,0.0,11.79245283018868,16.50943396226415,0.0,16.50943396226415,4.716981132075471,33.0188679245283,4.716981132075471,2.3584905660377355,42.45283018867924,2.3584905660377355,0.0,0.0,7.0754716981132075,2.3584905660377355,4.716981132075471,0.0,11.79245283018868
SXFD,44.776119402985074,4.975124378109452,57.21393034825871,0.0,9.950248756218905,44.776119402985074,17.412935323383085,7.462686567164179,27.36318407960199,2.487562189054726,4.975124378109452,2.487562189054726,24.875621890547265,4.975124378109452,4.975124378109452,216.4179104477612,4.975124378109452,0.0,27.36318407960199,0.0,2.487562189054726,0.0,0.0,7.462686567164179,0.0,0.0,0.0,2.487562189054726,0.0,2.487562189054726,0.0,0.0,2.487562189054726,0.0,4.975124378109452,2.487562189054726,2.487562189054726,2.487562189054726,79.60199004975124,49.75124378109453,4.975124378109452,101.99004975124377,0.6387434554973822,4.384816753926701,4.975124378109452,2.487562189054726,0.0,0.0,7.462686567164179,2.487562189054726,19.90049751243781,7.462686567164179,2.487562189054726,2.487562189054726,7.462686567164179,9.950248756218905,4.975124378109452,0.0,42.28855721393035,0.0,0.0,0.0,2.487562189054726,0.0,9.950248756218905,2.487562189054726,12.437810945273633
SXPW,23.809523809523807,4.761904761904763,40.47619047619048,2.3809523809523814,4.761904761904763,83.33333333333333,16.666666666666668,30.952380952380953,11.904761904761903,7.142857142857142,4.761904761904763,7.142857142857142,11.904761904761903,7.142857142857142,0.0,230.95238095238096,2.3809523809523814,0.0,28.57142857142857,0.0,0.0,0.0,0.0,16.666666666666668,2.3809523809523814,0.0,0.0,0.0,0.0,0.0,0.0,0.0,0.0,2.3809523809523814,2.3809523809523814,0.0,2.3809523809523814,7.142857142857142,73.80952380952381,50.0,7.142857142857142,47.61904761904761,0.5461165048543689,3.966019417475728,2.3809523809523814,0.0,4.761904761904763,0.0,2.3809523809523814,2.3809523809523814,2.3809523809523814,40.47619047619048,0.0,11.904761904761903,4.761904761904763,16.666666666666668,4.761904761904763,0.0,19.04761904761905,2.3809523809523814,0.0,0.0,0.0,9.523809523809526,19.04761904761905,0.0,2.3809523809523814
SXSM,44.776119402985074,0.0,77.11442786069651,4.975124378109452,2.487562189054726,97.01492537313433,19.90049751243781,12.437810945273633,12.437810945273633,14.925373134328359,4.975124378109452,0.0,14.925373134328359,0.0,2.487562189054726,131.8407960199005,7.462686567164179,0.0,32.33830845771144,0.0,0.0,0.0,4.975124378109452,32.33830845771144,2.487562189054726,0.0,2.487562189054726,0.0,2.487562189054726,0.0,0.0,0.0,0.0,0.0,4.975124378109452,0.0,4.975124378109452,4.975124378109452,54.72636815920398,24.875621890547265,9.950248756218905,116.91542288557214,0.5596816976127321,3.8328912466843503,2.487562189054726,2.487562189054726,2.487562189054726,0.0,19.90049751243781,2.487562189054726,4.975124378109452,9.950248756218905,0.0,2.487562189054726,9.950248756218905,32.33830845771144,0.0,0.0,49.75124378109453,2.487562189054726,2.487562189054726,2.487562189054726,2.487562189054726,2.487562189054726,12.437810945273633,4.975124378109452,27.36318407960199
SXUQ,44.554455445544555,4.9504950495049505,69.30693069306932,0.0,4.9504950495049505,69.30693069306932,7.425742574257425,12.376237623762377,34.65346534653466,7.425742574257425,7.425742574257425,4.9504950495049505,12.376237623762377,0.0,2.4752475247524752,185.64356435643563,7.425742574257425,0.0,37.12871287128713,0.0,0.0,0.0,2.4752475247524752,27.22772277227723,0.0,0.0,0.0,4.9504950495049505,0.0,0.0,0.0,0.0,0.0,0.0,2.4752475247524752,4.9504950495049505,0.0,4.9504950495049505,86.63366336633663,44.554455445544555,7.425742574257425,81.68316831683168,0.5798969072164949,3.9768041237113403,0.0,2.4752475247524752,0.0,2.4752475247524752,9.900990099009901,0.0,7.425742574257425,9.900990099009901,0.0,2.4752475247524752,7.425742574257425,19.801980198019802,4.9504950495049505,0.0,39.603960396039604,0.0,0.0,0.0,4.9504950495049505,7.425742574257425,14.85148514851485,4.9504950495049505,14.85148514851485
SXVL,42.959427207637226,0.0,85.91885441527445,2.3866348448687353,4.773269689737471,69.21241050119332,11.933174224343675,16.706443914081145,23.86634844868735,11.933174224343675,4.773269689737471,0.0,14.319809069212411,4.773269689737471,0.0,219.57040572792363,2.3866348448687353,0.0,35.79952267303103,0.0,0.0,0.0,0.0,11.933174224343675,0.0,0.0,0.0,2.3866348448687353,2.3866348448687353,0.0,2.3866348448687353,0.0,0.0,0.0,0.0,2.3866348448687353,0.0,4.773269689737471,88.3054892601432,31.026252983293556,9.546539379474941,73.98568019093078,0.5833333333333334,3.974747474747475,0.0,9.546539379474941,0.0,2.3866348448687353,4.773269689737471,0.0,23.86634844868735,9.546539379474941,0.0,2.3866348448687353,9.546539379474941,26.252983293556085,2.3866348448687353,2.3866348448687353,52.50596658711217,2.3866348448687353,0.0,0.0,2.3866348448687353,0.0,14.319809069212411,0.0,14.319809069212411
SXWH,27.29528535980149,4.962779156327543,94.29280397022333,0.0,0.0,66.99751861042184,4.962779156327543,17.3697270471464,19.851116625310173,2.4813895781637716,4.962779156327543,4.962779156327543,24.81389578163772,2.4813895781637716,2.4813895781637716,203.4739454094293,14.88833746898263,0.0,24.81389578163772,0.0,0.0,0.0,0.0,27.29528535980149,0.0,0.0,0.0,0.0,7.444168734491315,0.0,2.4813895781637716,0.0,0.0,0.0,0.0,0.0,2.4813895781637716,14.88833746898263,66.99751861042184,34.7394540942928,12.40694789081886,59.55334987593052,0.5804749340369393,3.7757255936675462,0.0,0.0,0.0,0.0,9.925558312655086,0.0,12.40694789081886,2.4813895781637716,0.0,7.444168734491315,7.444168734491315,32.25806451612903,2.4813895781637716,0.0,52.10918114143921,2.4813895781637716,0.0,0.0,7.444168734491315,4.962779156327543,17.3697270471464,0.0,12.40694789081886
SY5E,44.33497536945813,0.0,66.50246305418719,7.389162561576354,12.315270935960593,54.187192118226605,36.94581280788178,4.926108374384237,29.556650246305416,2.4630541871921183,7.389162561576354,0.0,12.315270935960593,2.4630541871921183,2.4630541871921183,165.02463054187191,4.926108374384237,0.0,27.093596059113302,2.4630541871921183,0.0,0.0,2.4630541871921183,24.630541871921185,0.0,0.0,0.0,0.0,0.0,0.0,2.4630541871921183,0.0,0.0,0.0,0.0,0.0,12.315270935960593,7.389162561576354,86.20689655172414,27.093596059113302,7.389162561576354,110.83743842364532,0.5512820512820513,3.971794871794872,0.0,2.4630541871921183,4.926108374384237,2.4630541871921183,24.630541871921185,2.4630541871921183,4.926108374384237,9.852216748768473,0.0,4.926108374384237,4.926108374384237,17.241379310344826,0.0,0.0,39.40886699507389,0.0,2.4630541871921183,0.0,4.926108374384237,4.926108374384237,22.167487684729064,0.0,9.852216748768473
SYA7,39.40886699507389,4.926108374384237,61.576354679802954,0.0,7.389162561576354,78.81773399014779,19.704433497536947,17.241379310344826,22.167487684729064,4.926108374384237,7.389162561576354,4.926108374384237,17.241379310344826,7.389162561576354,7.389162561576354,206.89655172413794,0.0,0.0,29.556650246305416,0.0,0.0,0.0,2.4630541871921183,4.926108374384237,4.926108374384237,0.0,0.0,0.0,0.0,0.0,2.4630541871921183,0.0,0.0,0.0,2.4630541871921183,0.0,4.926108374384237,9.852216748768473,64.03940886699507,39.40886699507389,4.926108374384237,76.35467980295567,0.6118251928020566,4.105398457583547,0.0,2.4630541871921183,4.926108374384237,0.0,9.852216748768473,2.4630541871921183,7.389162561576354,17.241379310344826,0.0,14.778325123152708,4.926108374384237,29.556650246305416,4.926108374384237,0.0,36.94581280788178,0.0,0.0,0.0,0.0,9.852216748768473,19.704433497536947,4.926108374384237,7.389162561576354
SYFN,55.0,12.5,72.5,0.0,12.5,62.5,32.5,15.0,12.5,7.5,7.5,5.0,7.5,2.5,7.5,215.0,2.5,0.0,25.0,0.0,2.5,0.0,0.0,7.5,2.5,0.0,2.5,0.0,2.5,0.0,0.0,0.0,0.0,0.0,0.0,0.0,2.5,5.0,72.5,37.5,12.5,75.0,0.5854922279792746,3.94300518134715,5.0,0.0,2.5,0.0,7.5,2.5,10.0,2.5,5.0,7.5,5.0,35.0,0.0,0.0,32.5,2.5,0.0,0.0,0.0,2.5,7.5,2.5,10.0
SYTD,25.0,10.0,97.5,5.0,5.0,85.0,42.5,0.0,15.0,20.0,5.0,10.0,22.5,7.5,5.0,170.0,0.0,0.0,37.5,0.0,0.0,0.0,0.0,22.5,0.0,0.0,0.0,2.5,0.0,0.0,7.5,0.0,0.0,0.0,0.0,0.0,5.0,5.0,65.0,30.0,10.0,87.5,0.5684210526315789,4.139473684210526,0.0,0.0,5.0,2.5,12.5,2.5,5.0,2.5,0.0,12.5,0.0,52.5,2.5,0.0,50.0,2.5,0.0,0.0,10.0,5.0,10.0,2.5,7.5
SYXU,24.691358024691358,4.938271604938271,66.66666666666667,2.4691358024691357,9.876543209876543,61.72839506172839,22.22222222222222,17.28395061728395,19.753086419753085,0.0,9.876543209876543,4.938271604938271,12.345679012345679,0.0,2.4691358024691357,177.77777777777777,2.4691358024691357,0.0,37.03703703703704,2.4691358024691357,0.0,0.0,2.4691358024691357,12.345679012345679,0.0,0.0,0.0,2.4691358024691357,2.4691358024691357,0.0,0.0,0.0,0.0,0.0,0.0,0.0,4.938271604938271,0.0,83.95061728395062,41.97530864197531,7.407407407407407,106.17283950617285,0.6005221932114883,3.7859007832898173,2.4691358024691357,0.0,4.938271604938271,0.0,12.345679012345679,4.938271604938271,7.407407407407407,7.407407407407407,0.0,12.345679012345679,4.938271604938271,12.345679012345679,0.0,0.0,49.382716049382715,0.0,0.0,0.0,4.938271604938271,0.0,19.753086419753085,0.0,4.938271604938271
SZ2V,24.93765586034913,14.962593516209475,67.33167082294264,9.975062344139651,9.975062344139651,62.34413965087282,7.481296758104738,9.975062344139651,29.92518703241895,9.975062344139651,0.0,0.0,2.493765586034913,17.456359102244388,2.493765586034913,162.09476309226935,0.0,0.0,27.43142144638404,0.0,2.493765586034913,0.0,0.0,24.93765586034913,0.0,0.0,0.0,2.493765586034913,0.0,0.0,0.0,0.0,0.0,0.0,0.0,4.987531172069826,2.493765586034913,4.987531172069826,84.78802992518703,59.8503740648379,9.975062344139651,77.3067331670823,0.5850515463917526,4.180412371134021,7.481296758104738,2.493765586034913,0.0,2.493765586034913,14.962593516209475,0.0,14.962593516209475,9.975062344139651,4.987531172069826,4.987531172069826,2.493765586034913,22.443890274314214,2.493765586034913,2.493765586034913,29.92518703241895,2.493765586034913,0.0,0.0,7.481296758104738,0.0,12.468827930174564,0.0,7.481296758104738
SZ95,29.850746268656717,7.462686567164179,99.50248756218906,0.0,0.0,97.01492537313433,24.875621890547265,24.875621890547265,17.412935323383085,7.462686567164179,4.975124378109452,9.950248756218905,29.850746268656717,2.487562189054726,2.487562189054726,146.76616915422886,4.975124378109452,0.0,47.2636815920398,0.0,0.0,0.0,0.0,9.950248756218905,0.0,0.0,0.0,0.0,0.0,0.0,7.462686567164179,0.0,0.0,0.0,0.0,0.0,9.950248756218905,4.975124378109452,101.99004975124377,24.875621890547265,9.950248756218905,82.08955223880596,0.5232876712328767,3.6246575342465754,0.0,0.0,2.487562189054726,0.0,4.975124378109452,0.0,2.487562189054726,4.975124378109452,4.975124378109452,7.462686567164179,19.90049751243781,14.925373134328359,0.0,0.0,72.13930348258707,0.0,2.487562189054726,0.0,7.462686567164179,2.487562189054726,17.412935323383085,0.0,22.388059701492537
SZBV,26.699029126213592,12.135922330097086,109.22330097087378,2.4271844660194173,9.70873786407767,55.8252427184466,19.41747572815534,14.563106796116505,38.83495145631068,7.281553398058253,7.281553398058253,16.990291262135923,21.844660194174757,7.281553398058253,7.281553398058253,121.35922330097088,12.135922330097086,0.0,36.40776699029126,0.0,0.0,0.0,4.854368932038835,33.980582524271846,0.0,0.0,0.0,0.0,0.0,0.0,0.0,0.0,0.0,0.0,2.4271844660194173,2.4271844660194173,2.4271844660194173,14.563106796116505,70.3883495145631,31.553398058252426,4.854368932038835,116.50485436893204,0.5298701298701298,3.807792207792208,2.4271844660194173,0.0,2.4271844660194173,0.0,16.990291262135923,4.854368932038835,14.563106796116505,2.4271844660194173,0.0,14.563106796116505,7.281553398058253,33.980582524271846,0.0,2.4271844660194173,63.10679611650485,2.4271844660194173,7.281553398058253,0.0,9.70873786407767,4.854368932038835,7.281553398058253,0.0,21.844660194174757
SZKX,42.92929292929293,7.575757575757576,83.33333333333333,5.050505050505051,2.5252525252525255,45.45454545454545,30.303030303030305,27.777777777777775,12.626262626262626,10.101010101010102,10.101010101010102,7.575757575757576,17.676767676767675,15.151515151515152,2.5252525252525255,176.76767676767676,5.050505050505051,0.0,30.303030303030305,2.5252525252525255,0.0,0.0,5.050505050505051,17.676767676767675,2.5252525252525255,0.0,0.0,0.0,0.0,0.0,2.5252525252525255,0.0,0.0,0.0,0.0,0.0,0.0,7.575757575757576,93.43434343434343,32.82828282828283,7.575757575757576,98.48484848484848,0.5941644562334217,4.159151193633952,2.5252525252525255,0.0,0.0,0.0,15.151515151515152,2.5252525252525255,2.5252525252525255,12.626262626262626,0.0,5.050505050505051,0.0,42.92929292929293,5.050505050505051,2.5252525252525255,40.40404040404041,0.0,0.0,0.0,0.0,2.5252525252525255,10.101010101010102,10.101010101010102,15.151515151515152
SZME,7.389162561576354,7.389162561576354,105.91133004926108,2.4630541871921183,4.926108374384237,56.65024630541872,41.87192118226601,0.0,24.630541871921185,12.315270935960593,9.852216748768473,9.852216748768473,7.389162561576354,7.389162561576354,2.4630541871921183,150.24630541871923,14.778325123152708,0.0,51.724137931034484,2.4630541871921183,4.926108374384237,0.0,2.4630541871921183,22.167487684729064,2.4630541871921183,0.0,0.0,2.4630541871921183,0.0,0.0,0.0,0.0,0.0,0.0,4.926108374384237,0.0,4.926108374384237,17.241379310344826,93.59605911330048,29.556650246305416,12.315270935960593,123.15270935960591,0.5426356589147286,4.20671834625323,4.926108374384237,0.0,0.0,4.926108374384237,29.556650246305416,2.4630541871921183,12.315270935960593,2.4630541871921183,0.0,4.926108374384237,9.852216748768473,32.01970443349754,0.0,2.4630541871921183,46.79802955665024,2.4630541871921183,2.4630541871921183,0.0,2.4630541871921183,2.4630541871921183,7.389162561576354,2.4630541871921183,12.315270935960593
SZNP,19.32367149758454,14.492753623188406,96.61835748792271,0.0,2.4154589371980677,55.55555555555555,31.40096618357488,14.492753623188406,19.32367149758454,9.66183574879227,2.4154589371980677,2.4154589371980677,12.077294685990339,4.830917874396135,2.4154589371980677,195.6521739130435,4.830917874396135,0.0,24.154589371980677,0.0,0.0,0.0,2.4154589371980677,9.66183574879227,2.4154589371980677,0.0,2.4154589371980677,2.4154589371980677,2.4154589371980677,0.0,0.0,0.0,0.0,0.0,0.0,4.830917874396135,4.830917874396135,7.246376811594203,72.46376811594203,33.81642512077295,0.0,111.1111111111111,0.6338383838383839,4.373737373737374,0.0,4.830917874396135,7.246376811594203,2.4154589371980677,21.73913043478261,2.4154589371980677,2.4154589371980677,14.492753623188406,0.0,7.246376811594203,2.4154589371980677,24.154589371980677,4.830917874396135,2.4154589371980677,41.06280193236715,0.0,0.0,0.0,0.0,2.4154589371980677,16.908212560386474,0.0,12.077294685990339
S24D,9.852216748768473,0.0,78.81773399014779,4.926108374384237,2.4630541871921183,66.50246305418719,24.630541871921185,12.315270935960593,29.556650246305416,12.315270935960593,2.4630541871921183,0.0,19.704433497536947,4.926108374384237,9.852216748768473,187.19211822660097,2.4630541871921183,0.0,29.556650246305416,2.4630541871921183,2.4630541871921183,0.0,2.4630541871921183,9.852216748768473,0.0,0.0,0.0,0.0,2.4630541871921183,0.0,2.4630541871921183,0.0,0.0,0.0,0.0,0.0,14.778325123152708,12.315270935960593,73.89162561576356,34.48275862068965,12.315270935960593,73.89162561576356,0.49873417721518987,4.149367088607595,2.4630541871921183,2.4630541871921183,2.4630541871921183,0.0,17.241379310344826,0.0,7.389162561576354,22.167487684729064,0.0,7.389162561576354,0.0,14.778325123152708,2.4630541871921183,0.0,24.630541871921185,0.0,2.4630541871921183,2.4630541871921183,4.926108374384237,12.315270935960593,12.315270935960593,7.389162561576354,9.852216748768473
S27D,24.875621890547265,7.462686567164179,99.50248756218906,0.0,7.462686567164179,57.21393034825871,14.925373134328359,22.388059701492537,24.875621890547265,2.487562189054726,9.950248756218905,7.462686567164179,19.90049751243781,12.437810945273633,0.0,194.02985074626866,7.462686567164179,0.0,37.31343283582089,0.0,0.0,0.0,0.0,19.90049751243781,0.0,0.0,0.0,0.0,2.487562189054726,0.0,4.975124378109452,0.0,0.0,0.0,2.487562189054726,0.0,7.462686567164179,9.950248756218905,87.06467661691543,29.850746268656717,12.437810945273633,94.5273631840796,0.612565445026178,4.178010471204188,0.0,0.0,2.487562189054726,4.975124378109452,4.975124378109452,0.0,7.462686567164179,2.487562189054726,0.0,4.975124378109452,2.487562189054726,32.33830845771144,2.487562189054726,0.0,39.80099502487562,2.487562189054726,0.0,0.0,0.0,0.0,2.487562189054726,0.0,19.90049751243781
S2AJ,67.1462829736211,7.194244604316547,50.35971223021583,0.0,7.194244604316547,76.73860911270982,11.990407673860911,40.7673860911271,16.786570743405274,9.592326139088728,7.194244604316547,2.398081534772182,16.786570743405274,0.0,0.0,203.8369304556355,2.398081534772182,2.398081534772182,23.980815347721823,0.0,0.0,0.0,0.0,11.990407673860911,2.398081534772182,0.0,2.398081534772182,0.0,2.398081534772182,0.0,2.398081534772182,0.0,0.0,0.0,0.0,0.0,2.398081534772182,14.388489208633095,91.12709832134293,43.16546762589928,0.0,91.12709832134293,0.6098765432098765,4.0395061728395065,2.398081534772182,4.796163069544364,2.398081534772182,4.796163069544364,4.796163069544364,7.194244604316547,9.592326139088728,2.398081534772182,2.398081534772182,4.796163069544364,2.398081534772182,19.184652278177456,2.398081534772182,0.0,26.378896882494004,0.0,0.0,2.398081534772182,0.0,0.0,7.194244604316547,2.398081534772182,21.58273381294964
S2FT,34.65346534653466,22.277227722772277,69.30693069306932,4.9504950495049505,9.900990099009901,51.980198019801975,17.32673267326733,22.277227722772277,22.277227722772277,2.4752475247524752,0.0,2.4752475247524752,2.4752475247524752,2.4752475247524752,2.4752475247524752,222.77227722772278,4.9504950495049505,0.0,37.12871287128713,0.0,0.0,0.0,0.0,12.376237623762377,2.4752475247524752,0.0,2.4752475247524752,2.4752475247524752,0.0,0.0,0.0,0.0,0.0,0.0,0.0,2.4752475247524752,17.32673267326733,4.9504950495049505,81.68316831683168,29.7029702970297,4.9504950495049505,66.83168316831683,0.5481283422459893,3.9224598930481283,2.4752475247524752,2.4752475247524752,0.0,0.0,4.9504950495049505,0.0,32.17821782178218,2.4752475247524752,0.0,19.801980198019802,2.4752475247524752,24.752475247524753,0.0,0.0,66.83168316831683,0.0,0.0,0.0,9.900990099009901,0.0,14.85148514851485,2.4752475247524752,7.425742574257425
S2GC,57.64411027568922,12.531328320802004,52.63157894736842,2.506265664160401,12.531328320802004,87.71929824561403,32.581453634085214,7.518796992481203,42.606516290726816,10.025062656641603,0.0,10.025062656641603,10.025062656641603,2.506265664160401,2.506265664160401,175.43859649122805,2.506265664160401,0.0,25.062656641604008,0.0,0.0,0.0,5.012531328320802,12.531328320802004,0.0,2.506265664160401,0.0,0.0,0.0,0.0,0.0,0.0,0.0,0.0,0.0,0.0,0.0,5.012531328320802,67.66917293233082,22.55639097744361,7.518796992481203,102.75689223057644,0.5684210526315789,4.0394736842105265,0.0,5.012531328320802,7.518796992481203,0.0,7.518796992481203,2.506265664160401,17.543859649122805,5.012531328320802,2.506265664160401,7.518796992481203,5.012531328320802,20.050125313283207,5.012531328320802,0.0,42.606516290726816,0.0,2.506265664160401,0.0,2.506265664160401,5.012531328320802,27.56892230576441,0.0,15.037593984962406
S2KP,69.87951807228916,4.819277108433735,72.28915662650603,7.228915662650603,9.63855421686747,86.74698795180723,24.096385542168676,16.867469879518072,14.457831325301205,4.819277108433735,9.63855421686747,4.819277108433735,16.867469879518072,4.819277108433735,0.0,187.95180722891567,9.63855421686747,0.0,28.91566265060241,0.0,0.0,0.0,7.228915662650603,16.867469879518072,2.4096385542168677,0.0,0.0,0.0,2.4096385542168677,0.0,0.0,0.0,0.0,0.0,2.4096385542168677,0.0,2.4096385542168677,4.819277108433735,67.46987951807229,38.55421686746988,12.048192771084338,98.79518072289156,0.5597014925373134,4.126865671641791,0.0,0.0,0.0,0.0,21.686746987951807,0.0,7.228915662650603,7.228915662650603,0.0,2.4096385542168677,4.819277108433735,38.55421686746988,0.0,0.0,31.32530120481928,9.63855421686747,0.0,0.0,0.0,7.228915662650603,9.63855421686747,2.4096385542168677,21.686746987951807
S2LD,50.48076923076923,14.423076923076923,84.13461538461539,4.807692307692308,4.807692307692308,76.92307692307693,26.442307692307693,9.615384615384617,24.03846153846154,7.211538461538462,2.403846153846154,2.403846153846154,14.423076923076923,4.807692307692308,0.0,206.73076923076923,0.0,0.0,40.86538461538461,0.0,0.0,0.0,2.403846153846154,9.615384615384617,4.807692307692308,0.0,0.0,0.0,0.0,0.0,0.0,0.0,2.403846153846154,0.0,2.403846153846154,0.0,2.403846153846154,0.0,96.15384615384616,28.846153846153847,12.01923076923077,103.36538461538461,0.5656565656565656,4.1313131313131315,0.0,0.0,0.0,0.0,19.230769230769234,0.0,4.807692307692308,2.403846153846154,2.403846153846154,4.807692307692308,9.615384615384617,36.05769230769231,2.403846153846154,0.0,43.26923076923077,4.807692307692308,0.0,0.0,4.807692307692308,4.807692307692308,19.230769230769234,0.0,21.634615384615383
S2XV,62.05250596658711,11.933174224343675,88.3054892601432,0.0,4.773269689737471,100.23866348448688,16.706443914081145,11.933174224343675,33.41288782816229,7.159904534606206,2.3866348448687353,2.3866348448687353,16.706443914081145,9.546539379474941,0.0,169.45107398568018,9.546539379474941,0.0,54.89260143198091,0.0,0.0,0.0,0.0,11.933174224343675,2.3866348448687353,0.0,0.0,2.3866348448687353,0.0,0.0,2.3866348448687353,0.0,0.0,2.3866348448687353,4.773269689737471,4.773269689737471,4.773269689737471,2.3866348448687353,71.59904534606206,33.41288782816229,19.093078758949883,97.85202863961814,0.615,4.3225,0.0,2.3866348448687353,0.0,2.3866348448687353,11.933174224343675,2.3866348448687353,11.933174224343675,4.773269689737471,2.3866348448687353,0.0,9.546539379474941,19.093078758949883,2.3866348448687353,0.0,42.959427207637226,0.0,2.3866348448687353,0.0,7.159904534606206,4.773269689737471,11.933174224343675,0.0,9.546539379474941
S355,42.07920792079208,4.9504950495049505,49.504950495049506,0.0,12.376237623762377,51.980198019801975,14.85148514851485,9.900990099009901,32.17821782178218,4.9504950495049505,2.4752475247524752,2.4752475247524752,4.9504950495049505,4.9504950495049505,0.0,205.44554455445544,14.85148514851485,0.0,22.277227722772277,0.0,0.0,0.0,0.0,7.425742574257425,2.4752475247524752,0.0,0.0,0.0,0.0,0.0,0.0,0.0,0.0,0.0,0.0,0.0,4.9504950495049505,14.85148514851485,79.20792079207921,49.504950495049506,2.4752475247524752,86.63366336633663,0.5904255319148937,3.75,2.4752475247524752,4.9504950495049505,0.0,0.0,7.425742574257425,0.0,9.900990099009901,0.0,2.4752475247524752,12.376237623762377,4.9504950495049505,17.32673267326733,4.9504950495049505,0.0,69.30693069306932,4.9504950495049505,0.0,0.0,12.376237623762377,2.4752475247524752,14.85148514851485,0.0,7.425742574257425
S38F,24.875621890547265,12.437810945273633,82.08955223880596,0.0,9.950248756218905,79.60199004975124,14.925373134328359,17.412935323383085,27.36318407960199,2.487562189054726,7.462686567164179,2.487562189054726,7.462686567164179,4.975124378109452,2.487562189054726,186.56716417910448,4.975124378109452,0.0,27.36318407960199,0.0,2.487562189054726,0.0,2.487562189054726,22.388059701492537,4.975124378109452,0.0,0.0,2.487562189054726,2.487562189054726,0.0,0.0,0.0,0.0,0.0,2.487562189054726,0.0,2.487562189054726,7.462686567164179,89.55223880597015,37.31343283582089,2.487562189054726,94.5273631840796,0.6062176165803109,3.971502590673575,0.0,2.487562189054726,4.975124378109452,2.487562189054726,7.462686567164179,2.487562189054726,9.950248756218905,4.975124378109452,0.0,2.487562189054726,9.950248756218905,24.875621890547265,0.0,0.0,37.31343283582089,4.975124378109452,2.487562189054726,0.0,4.975124378109452,0.0,7.462686567164179,0.0,12.437810945273633
S39D,40.86538461538461,9.615384615384617,86.53846153846153,2.403846153846154,4.807692307692308,60.09615384615385,33.65384615384615,31.25,28.846153846153847,7.211538461538462,2.403846153846154,7.211538461538462,7.211538461538462,0.0,2.403846153846154,161.05769230769232,9.615384615384617,0.0,43.26923076923077,0.0,2.403846153846154,0.0,4.807692307692308,19.230769230769234,0.0,0.0,2.403846153846154,0.0,0.0,0.0,0.0,0.0,0.0,0.0,0.0,0.0,2.403846153846154,9.615384615384617,74.51923076923077,16.826923076923077,16.826923076923077,98.5576923076923,0.5544041450777202,3.935233160621762,0.0,0.0,0.0,0.0,12.01923076923077,0.0,12.01923076923077,9.615384615384617,0.0,4.807692307692308,14.423076923076923,28.846153846153847,0.0,0.0,69.71153846153847,4.807692307692308,0.0,0.0,4.807692307692308,0.0,31.25,0.0,28.846153846153847
S3S6,60.0,0.0,35.0,2.5,5.0,47.5,20.0,37.5,15.0,5.0,0.0,0.0,10.0,5.0,0.0,207.5,7.5,0.0,30.0,0.0,0.0,0.0,2.5,15.0,2.5,0.0,0.0,0.0,0.0,0.0,0.0,0.0,0.0,0.0,0.0,0.0,2.5,2.5,110.0,27.5,7.5,87.5,0.5916230366492147,4.0680628272251305,2.5,5.0,0.0,2.5,10.0,2.5,10.0,2.5,2.5,2.5,0.0,20.0,2.5,0.0,30.0,5.0,0.0,0.0,0.0,0.0,7.5,5.0,15.0
S3SU,56.79012345679013,17.28395061728395,69.1358024691358,0.0,0.0,44.44444444444444,14.814814814814815,12.345679012345679,34.5679012345679,9.876543209876543,0.0,4.938271604938271,9.876543209876543,0.0,0.0,224.69135802469137,12.345679012345679,0.0,41.97530864197531,2.4691358024691357,0.0,0.0,0.0,17.28395061728395,2.4691358024691357,0.0,0.0,0.0,2.4691358024691357,0.0,0.0,0.0,0.0,0.0,0.0,0.0,2.4691358024691357,4.938271604938271,91.35802469135803,51.85185185185185,4.938271604938271,79.01234567901234,0.6105263157894737,4.25,2.4691358024691357,7.407407407407407,0.0,2.4691358024691357,4.938271604938271,0.0,4.938271604938271,0.0,0.0,2.4691358024691357,4.938271604938271,17.28395061728395,0.0,0.0,44.44444444444444,2.4691358024691357,2.4691358024691357,0.0,4.938271604938271,0.0,7.407407407407407,0.0,14.814814814814815
S3TZ,39.80099502487562,2.487562189054726,89.55223880597015,0.0,2.487562189054726,87.06467661691543,27.36318407960199,2.487562189054726,17.412935323383085,9.950248756218905,4.975124378109452,2.487562189054726,7.462686567164179,0.0,2.487562189054726,126.86567164179105,2.487562189054726,0.0,47.2636815920398,9.950248756218905,0.0,0.0,2.487562189054726,29.850746268656717,0.0,0.0,0.0,0.0,0.0,0.0,0.0,0.0,0.0,0.0,2.487562189054726,0.0,2.487562189054726,4.975124378109452,79.60199004975124,22.388059701492537,12.437810945273633,131.8407960199005,0.5231958762886598,3.768041237113402,0.0,7.462686567164179,4.975124378109452,4.975124378109452,22.388059701492537,0.0,12.437810945273633,4.975124378109452,0.0,4.975124378109452,2.487562189054726,34.82587064676617,2.487562189054726,0.0,32.33830845771144,4.975124378109452,2.487562189054726,4.975124378109452,9.950248756218905,4.975124378109452,14.925373134328359,2.487562189054726,14.925373134328359
S3XC,39.40886699507389,2.4630541871921183,61.576354679802954,4.926108374384237,0.0,81.2807881773399,17.241379310344826,9.852216748768473,36.94581280788178,4.926108374384237,0.0,4.926108374384237,22.167487684729064,4.926108374384237,0.0,174.8768472906404,0.0,0.0,34.48275862068965,2.4630541871921183,0.0,0.0,4.926108374384237,14.778325123152708,0.0,2.4630541871921183,0.0,2.4630541871921183,2.4630541871921183,0.0,0.0,0.0,0.0,0.0,0.0,0.0,2.4630541871921183,2.4630541871921183,78.81773399014779,44.33497536945813,4.926108374384237,103.44827586206897,0.5721518987341773,4.2683544303797465,2.4630541871921183,2.4630541871921183,0.0,0.0,24.630541871921185,0.0,22.167487684729064,7.389162561576354,2.4630541871921183,14.778325123152708,0.0,36.94581280788178,0.0,2.4630541871921183,27.093596059113302,2.4630541871921183,0.0,0.0,2.4630541871921183,9.852216748768473,17.241379310344826,0.0,12.315270935960593
S477,4.901960784313726,4.901960784313726,39.21568627450981,4.901960784313726,4.901960784313726,44.11764705882353,41.666666666666664,2.450980392156863,2.450980392156863,9.803921568627452,0.0,0.0,2.450980392156863,41.666666666666664,2.450980392156863,156.86274509803923,7.352941176470588,0.0,19.607843137254903,4.901960784313726,0.0,2.450980392156863,2.450980392156863,29.41176470588235,4.901960784313726,0.0,4.901960784313726,7.352941176470588,0.0,0.0,0.0,0.0,0.0,0.0,0.0,0.0,7.352941176470588,19.607843137254903,63.725490196078425,51.470588235294116,2.450980392156863,61.27450980392157,0.5025125628140703,4.9120603015075375,4.901960784313726,0.0,0.0,2.450980392156863,12.254901960784313,0.0,0.0,17.156862745098042,7.352941176470588,17.156862745098042,4.901960784313726,19.607843137254903,17.156862745098042,0.0,12.254901960784313,2.450980392156863,0.0,0.0,7.352941176470588,7.352941176470588,12.254901960784313,0.0,2.450980392156863
S4MF,14.669926650366747,22.004889975550125,105.13447432762835,2.444987775061125,4.88997555012225,63.56968215158924,14.669926650366747,4.88997555012225,24.44987775061125,14.669926650366747,0.0,2.444987775061125,7.334963325183374,19.559902200489,7.334963325183374,185.81907090464549,9.7799511002445,0.0,41.56479217603912,0.0,0.0,4.88997555012225,0.0,9.7799511002445,0.0,0.0,0.0,2.444987775061125,0.0,0.0,0.0,0.0,0.0,2.444987775061125,0.0,0.0,2.444987775061125,4.88997555012225,90.46454767726162,53.78973105134474,9.7799511002445,68.45965770171149,0.604221635883905,4.617414248021108,0.0,0.0,2.444987775061125,7.334963325183374,9.7799511002445,2.444987775061125,2.444987775061125,0.0,7.334963325183374,4.88997555012225,2.444987775061125,24.44987775061125,7.334963325183374,0.0,58.67970660146699,2.444987775061125,0.0,0.0,2.444987775061125,7.334963325183374,14.669926650366747,0.0,9.7799511002445
S4PC,19.230769230769234,7.211538461538462,96.15384615384616,4.807692307692308,4.807692307692308,64.90384615384616,36.05769230769231,0.0,40.86538461538461,9.615384615384617,2.403846153846154,7.211538461538462,26.442307692307693,21.634615384615383,4.807692307692308,151.44230769230768,7.211538461538462,0.0,40.86538461538461,2.403846153846154,0.0,0.0,12.01923076923077,16.826923076923077,0.0,0.0,0.0,0.0,0.0,0.0,0.0,0.0,0.0,2.403846153846154,0.0,2.403846153846154,2.403846153846154,4.807692307692308,88.9423076923077,28.846153846153847,12.01923076923077,100.96153846153847,0.565989847715736,4.101522842639594,0.0,2.403846153846154,2.403846153846154,0.0,12.01923076923077,2.403846153846154,7.211538461538462,16.826923076923077,0.0,7.211538461538462,2.403846153846154,31.25,2.403846153846154,2.403846153846154,48.07692307692308,2.403846153846154,2.403846153846154,0.0,2.403846153846154,7.211538461538462,26.442307692307693,0.0,16.826923076923077
S4QK,44.66501240694789,17.3697270471464,64.51612903225806,0.0,12.40694789081886,71.96029776674938,22.332506203473944,22.332506203473944,14.88833746898263,0.0,0.0,12.40694789081886,7.444168734491315,4.962779156327543,0.0,198.51116625310175,7.444168734491315,0.0,27.29528535980149,0.0,0.0,0.0,0.0,9.925558312655086,0.0,0.0,0.0,0.0,0.0,0.0,0.0,0.0,0.0,0.0,2.4813895781637716,0.0,0.0,4.962779156327543,76.92307692307693,32.25806451612903,7.444168734491315,86.848635235732,0.6253369272237197,3.9353099730458223,0.0,4.962779156327543,2.4813895781637716,0.0,9.925558312655086,2.4813895781637716,12.40694789081886,9.925558312655086,4.962779156327543,9.925558312655086,4.962779156327543,14.88833746898263,2.4813895781637716,0.0,84.36724565756825,0.0,0.0,0.0,12.40694789081886,4.962779156327543,12.40694789081886,0.0,9.925558312655086
S4YQ,32.01970443349754,9.852216748768473,93.59605911330048,0.0,12.315270935960593,91.13300492610837,14.778325123152708,17.241379310344826,22.167487684729064,9.852216748768473,4.926108374384237,9.852216748768473,12.315270935960593,2.4630541871921183,4.926108374384237,204.43349753694582,4.926108374384237,0.0,39.40886699507389,0.0,0.0,0.0,0.0,12.315270935960593,2.4630541871921183,0.0,0.0,2.4630541871921183,0.0,0.0,2.4630541871921183,0.0,2.4630541871921183,0.0,0.0,0.0,2.4630541871921183,22.167487684729064,59.11330049261083,54.187192118226605,4.926108374384237,64.03940886699507,0.5968586387434555,3.93717277486911,0.0,2.4630541871921183,0.0,0.0,7.389162561576354,0.0,17.241379310344826,9.852216748768473,2.4630541871921183,0.0,2.4630541871921183,27.093596059113302,0.0,0.0,64.03940886699507,0.0,0.0,2.4630541871921183,4.926108374384237,0.0,4.926108374384237,7.389162561576354,17.241379310344826
S55B,24.752475247524753,4.9504950495049505,54.45544554455446,0.0,4.9504950495049505,66.83168316831683,17.32673267326733,12.376237623762377,12.376237623762377,4.9504950495049505,2.4752475247524752,2.4752475247524752,9.900990099009901,2.4752475247524752,4.9504950495049505,227.72277227722773,0.0,0.0,24.752475247524753,0.0,0.0,0.0,2.4752475247524752,22.277227722772277,4.9504950495049505,2.4752475247524752,0.0,2.4752475247524752,0.0,0.0,0.0,0.0,2.4752475247524752,0.0,0.0,7.425742574257425,2.4752475247524752,4.9504950495049505,86.63366336633663,47.02970297029703,7.425742574257425,89.10891089108911,0.5788113695090439,4.462532299741602,2.4752475247524752,4.9504950495049505,2.4752475247524752,2.4752475247524752,19.801980198019802,0.0,9.900990099009901,9.900990099009901,7.425742574257425,9.900990099009901,14.85148514851485,12.376237623762377,2.4752475247524752,2.4752475247524752,39.603960396039604,2.4752475247524752,0.0,0.0,4.9504950495049505,7.425742574257425,2.4752475247524752,4.9504950495049505,17.32673267326733
S575,29.41176470588235,9.803921568627452,78.43137254901961,4.901960784313726,7.352941176470588,83.33333333333333,22.058823529411764,17.156862745098042,19.607843137254903,0.0,2.450980392156863,2.450980392156863,24.509803921568626,4.901960784313726,9.803921568627452,166.66666666666666,2.450980392156863,0.0,22.058823529411764,0.0,0.0,0.0,4.901960784313726,26.96078431372549,0.0,0.0,0.0,0.0,2.450980392156863,0.0,0.0,2.450980392156863,0.0,0.0,0.0,0.0,7.352941176470588,9.803921568627452,80.88235294117648,31.862745098039213,7.352941176470588,90.68627450980392,0.6041131105398457,4.074550128534704,2.450980392156863,0.0,4.901960784313726,0.0,12.254901960784313,0.0,4.901960784313726,12.254901960784313,2.450980392156863,4.901960784313726,4.901960784313726,31.862745098039213,0.0,0.0,44.11764705882353,0.0,2.450980392156863,0.0,7.352941176470588,7.352941176470588,9.803921568627452,2.450980392156863,17.156862745098042
S5JX,28.57142857142857,14.285714285714285,83.33333333333333,0.0,9.523809523809526,83.33333333333333,16.666666666666668,4.761904761904763,21.428571428571427,14.285714285714285,7.142857142857142,4.761904761904763,16.666666666666668,11.904761904761903,4.761904761904763,159.52380952380952,2.3809523809523814,0.0,21.428571428571427,2.3809523809523814,0.0,0.0,2.3809523809523814,19.04761904761905,0.0,0.0,0.0,0.0,0.0,0.0,0.0,0.0,0.0,0.0,0.0,0.0,4.761904761904763,9.523809523809526,104.76190476190476,35.714285714285715,4.761904761904763,114.28571428571428,0.5784313725490197,4.049019607843137,0.0,4.761904761904763,4.761904761904763,0.0,7.142857142857142,4.761904761904763,4.761904761904763,2.3809523809523814,2.3809523809523814,4.761904761904763,0.0,14.285714285714285,4.761904761904763,0.0,28.57142857142857,2.3809523809523814,4.761904761904763,0.0,7.142857142857142,7.142857142857142,11.904761904761903,0.0,11.904761904761903
S5LP,38.64734299516908,14.492753623188406,96.61835748792271,9.66183574879227,9.66183574879227,55.55555555555555,38.64734299516908,19.32367149758454,24.154589371980677,7.246376811594203,4.830917874396135,7.246376811594203,9.66183574879227,2.4154589371980677,0.0,173.91304347826087,4.830917874396135,0.0,36.231884057971016,2.4154589371980677,0.0,0.0,0.0,19.32367149758454,0.0,0.0,2.4154589371980677,0.0,0.0,0.0,2.4154589371980677,0.0,0.0,0.0,4.830917874396135,0.0,9.66183574879227,12.077294685990339,70.04830917874396,26.570048309178745,9.66183574879227,101.44927536231884,0.5879265091863517,3.795275590551181,0.0,7.246376811594203,2.4154589371980677,0.0,14.492753623188406,0.0,9.66183574879227,14.492753623188406,0.0,0.0,4.830917874396135,24.154589371980677,2.4154589371980677,2.4154589371980677,74.8792270531401,0.0,2.4154589371980677,0.0,2.4154589371980677,4.830917874396135,16.908212560386474,4.830917874396135,14.492753623188406
S5PF,43.689320388349515,14.563106796116505,80.09708737864078,2.4271844660194173,7.281553398058253,70.3883495145631,7.281553398058253,21.844660194174757,31.553398058252426,4.854368932038835,2.4271844660194173,2.4271844660194173,21.844660194174757,2.4271844660194173,2.4271844660194173,216.01941747572815,4.854368932038835,0.0,31.553398058252426,0.0,2.4271844660194173,0.0,4.854368932038835,16.990291262135923,0.0,0.0,2.4271844660194173,7.281553398058253,0.0,0.0,2.4271844660194173,0.0,0.0,0.0,2.4271844660194173,2.4271844660194173,4.854368932038835,4.854368932038835,97.08737864077669,31.553398058252426,4.854368932038835,109.22330097087378,0.5959079283887468,4.294117647058823,0.0,0.0,2.4271844660194173,0.0,19.41747572815534,0.0,4.854368932038835,0.0,0.0,0.0,14.563106796116505,14.563106796116505,2.4271844660194173,0.0,48.543689320388346,0.0,2.4271844660194173,0.0,0.0,0.0,14.563106796116505,2.4271844660194173,19.41747572815534
S5RP,54.32098765432099,2.4691358024691357,61.72839506172839,7.407407407407407,2.4691358024691357,51.85185185185185,14.814814814814815,22.22222222222222,22.22222222222222,14.814814814814815,9.876543209876543,4.938271604938271,19.753086419753085,0.0,0.0,197.53086419753086,2.4691358024691357,0.0,27.160493827160494,0.0,2.4691358024691357,0.0,7.407407407407407,14.814814814814815,4.938271604938271,0.0,0.0,0.0,0.0,0.0,0.0,0.0,4.938271604938271,0.0,0.0,0.0,0.0,9.876543209876543,106.17283950617285,22.22222222222222,9.876543209876543,118.51851851851852,0.5769230769230769,4.076923076923077,2.4691358024691357,0.0,4.938271604938271,0.0,27.160493827160494,0.0,9.876543209876543,7.407407407407407,0.0,2.4691358024691357,9.876543209876543,22.22222222222222,0.0,0.0,34.5679012345679,4.938271604938271,0.0,0.0,0.0,4.938271604938271,7.407407407407407,2.4691358024691357,17.28395061728395
S5YY,32.581453634085214,7.518796992481203,77.69423558897243,0.0,2.506265664160401,55.13784461152882,22.55639097744361,10.025062656641603,20.050125313283207,5.012531328320802,7.518796992481203,2.506265664160401,20.050125313283207,2.506265664160401,5.012531328320802,200.50125313283206,2.506265664160401,0.0,25.062656641604008,0.0,0.0,0.0,7.518796992481203,10.025062656641603,0.0,0.0,0.0,0.0,7.518796992481203,0.0,0.0,2.506265664160401,0.0,0.0,0.0,2.506265664160401,10.025062656641603,5.012531328320802,80.20050125313283,32.581453634085214,7.518796992481203,90.22556390977444,0.5894736842105263,4.060526315789474,7.518796992481203,0.0,2.506265664160401,0.0,7.518796992481203,0.0,12.531328320802004,5.012531328320802,5.012531328320802,5.012531328320802,7.518796992481203,22.55639097744361,7.518796992481203,0.0,32.581453634085214,2.506265664160401,0.0,0.0,2.506265664160401,7.518796992481203,17.543859649122805,0.0,10.025062656641603
S66E,14.492753623188406,7.246376811594203,96.61835748792271,2.4154589371980677,0.0,62.80193236714976,16.908212560386474,14.492753623188406,21.73913043478261,9.66183574879227,2.4154589371980677,4.830917874396135,19.32367149758454,21.73913043478261,12.077294685990339,193.23671497584542,4.830917874396135,0.0,41.06280193236715,2.4154589371980677,0.0,0.0,0.0,9.66183574879227,2.4154589371980677,0.0,2.4154589371980677,0.0,0.0,0.0,2.4154589371980677,0.0,0.0,2.4154589371980677,0.0,0.0,2.4154589371980677,4.830917874396135,101.44927536231884,50.72463768115942,14.492753623188406,77.29468599033817,0.600997506234414,4.561097256857855,0.0,0.0,9.66183574879227,4.830917874396135,9.66183574879227,0.0,2.4154589371980677,14.492753623188406,2.4154589371980677,2.4154589371980677,2.4154589371980677,38.64734299516908,0.0,0.0,26.570048309178745,0.0,2.4154589371980677,0.0,4.830917874396135,4.830917874396135,14.492753623188406,0.0,2.4154589371980677
S6AK,34.146341463414636,12.195121951219512,78.04878048780488,4.878048780487805,7.317073170731708,78.04878048780488,26.829268292682926,9.75609756097561,17.073170731707318,4.878048780487805,2.4390243902439024,7.317073170731708,14.634146341463415,2.4390243902439024,0.0,204.8780487804878,0.0,0.0,31.70731707317073,0.0,0.0,0.0,2.4390243902439024,14.634146341463415,0.0,0.0,0.0,0.0,0.0,0.0,0.0,0.0,0.0,2.4390243902439024,0.0,7.317073170731708,0.0,4.878048780487805,80.48780487804878,31.70731707317073,4.878048780487805,92.6829268292683,0.5592783505154639,3.6907216494845363,0.0,0.0,2.4390243902439024,0.0,21.95121951219512,0.0,7.317073170731708,4.878048780487805,2.4390243902439024,4.878048780487805,2.4390243902439024,17.073170731707318,2.4390243902439024,0.0,43.90243902439024,0.0,0.0,0.0,0.0,4.878048780487805,19.51219512195122,0.0,21.95121951219512
S6AP,42.5,5.0,82.5,5.0,7.5,57.5,17.5,42.5,37.5,7.5,5.0,2.5,15.0,5.0,5.0,170.0,2.5,0.0,37.5,5.0,0.0,0.0,5.0,22.5,2.5,0.0,0.0,0.0,0.0,0.0,2.5,0.0,2.5,0.0,0.0,2.5,2.5,7.5,82.5,40.0,10.0,87.5,0.6147757255936676,4.031662269129288,2.5,2.5,0.0,2.5,10.0,0.0,7.5,7.5,2.5,5.0,5.0,25.0,5.0,2.5,50.0,0.0,0.0,0.0,2.5,0.0,20.0,0.0,10.0
S6BR,29.484029484029485,14.742014742014742,63.88206388206388,2.457002457002457,9.828009828009828,58.96805896805897,46.68304668304668,4.914004914004914,22.11302211302211,14.742014742014742,4.914004914004914,7.371007371007371,7.371007371007371,0.0,7.371007371007371,162.16216216216216,4.914004914004914,0.0,17.1990171990172,0.0,0.0,0.0,2.457002457002457,22.11302211302211,2.457002457002457,0.0,2.457002457002457,2.457002457002457,0.0,0.0,0.0,0.0,0.0,0.0,0.0,0.0,12.285012285012284,4.914004914004914,58.96805896805897,41.76904176904177,2.457002457002457,100.73710073710073,0.6090425531914894,3.872340425531915,2.457002457002457,2.457002457002457,2.457002457002457,0.0,7.371007371007371,2.457002457002457,14.742014742014742,9.828009828009828,2.457002457002457,14.742014742014742,9.828009828009828,22.11302211302211,0.0,0.0,68.7960687960688,2.457002457002457,0.0,0.0,7.371007371007371,0.0,9.828009828009828,2.457002457002457,17.1990171990172
S6H4,7.334963325183374,2.444987775061125,51.344743276283616,0.0,4.88997555012225,41.56479217603912,26.89486552567237,2.444987775061125,9.7799511002445,12.224938875305625,2.444987775061125,4.88997555012225,7.334963325183374,22.004889975550125,9.7799511002445,183.37408312958436,4.88997555012225,0.0,22.004889975550125,2.444987775061125,0.0,0.0,9.7799511002445,29.339853300733495,0.0,0.0,2.444987775061125,0.0,0.0,0.0,0.0,0.0,0.0,0.0,0.0,0.0,2.444987775061125,9.7799511002445,73.34963325183375,51.344743276283616,12.224938875305625,68.45965770171149,0.5831202046035806,4.539641943734015,0.0,0.0,0.0,0.0,4.88997555012225,0.0,9.7799511002445,12.224938875305625,0.0,19.559902200489,2.444987775061125,14.669926650366747,14.669926650366747,0.0,29.339853300733495,0.0,0.0,0.0,0.0,7.334963325183374,9.7799511002445,2.444987775061125,7.334963325183374
S6PD,47.2636815920398,9.950248756218905,67.16417910447761,2.487562189054726,12.437810945273633,42.28855721393035,22.388059701492537,27.36318407960199,19.90049751243781,2.487562189054726,0.0,4.975124378109452,17.412935323383085,0.0,0.0,226.3681592039801,2.487562189054726,4.975124378109452,39.80099502487562,0.0,0.0,2.487562189054726,0.0,12.437810945273633,0.0,0.0,0.0,0.0,0.0,0.0,4.975124378109452,0.0,0.0,0.0,2.487562189054726,4.975124378109452,9.950248756218905,2.487562189054726,74.62686567164178,19.90049751243781,7.462686567164179,87.06467661691543,0.5692307692307692,4.030769230769231,4.975124378109452,4.975124378109452,0.0,0.0,7.462686567164179,2.487562189054726,2.487562189054726,9.950248756218905,7.462686567164179,2.487562189054726,9.950248756218905,19.90049751243781,4.975124378109452,0.0,24.875621890547265,0.0,0.0,0.0,0.0,12.437810945273633,17.412935323383085,0.0,22.388059701492537
S72Q,29.850746268656717,7.462686567164179,101.99004975124377,0.0,7.462686567164179,54.72636815920398,12.437810945273633,12.437810945273633,39.80099502487562,12.437810945273633,2.487562189054726,4.975124378109452,14.925373134328359,2.487562189054726,4.975124378109452,164.17910447761193,0.0,2.487562189054726,54.72636815920398,0.0,0.0,0.0,2.487562189054726,12.437810945273633,2.487562189054726,0.0,0.0,2.487562189054726,0.0,0.0,0.0,0.0,0.0,0.0,0.0,2.487562189054726,7.462686567164179,2.487562189054726,101.99004975124377,17.412935323383085,14.925373134328359,104.4776119402985,0.5641711229946524,4.008021390374331,0.0,4.975124378109452,0.0,2.487562189054726,12.437810945273633,0.0,7.462686567164179,2.487562189054726,0.0,9.950248756218905,7.462686567164179,37.31343283582089,2.487562189054726,0.0,67.16417910447761,2.487562189054726,2.487562189054726,0.0,2.487562189054726,4.975124378109452,24.875621890547265,0.0,14.925373134328359
S7HR,30.226700251889167,15.113350125944583,98.2367758186398,7.556675062972292,7.556675062972292,85.64231738035265,20.151133501259444,25.188916876574307,25.188916876574307,2.5188916876574305,5.037783375314861,2.5188916876574305,5.037783375314861,0.0,0.0,178.84130982367756,2.5188916876574305,0.0,40.30226700251889,0.0,0.0,2.5188916876574305,2.5188916876574305,12.594458438287154,2.5188916876574305,0.0,0.0,0.0,0.0,0.0,0.0,0.0,0.0,0.0,0.0,0.0,7.556675062972292,10.075566750629722,78.08564231738035,20.151133501259444,22.670025188916874,105.79345088161209,0.5973684210526315,4.0,0.0,0.0,0.0,0.0,10.075566750629722,2.5188916876574305,5.037783375314861,2.5188916876574305,0.0,0.0,2.5188916876574305,25.188916876574307,5.037783375314861,2.5188916876574305,40.30226700251889,2.5188916876574305,0.0,0.0,2.5188916876574305,10.075566750629722,25.188916876574307,0.0,17.632241813602015
S7JF,30.075187969924812,12.531328320802004,60.150375939849624,0.0,10.025062656641603,75.18796992481202,22.55639097744361,5.012531328320802,0.0,5.012531328320802,2.506265664160401,0.0,5.012531328320802,10.025062656641603,0.0,233.08270676691728,7.518796992481203,0.0,30.075187969924812,0.0,0.0,0.0,0.0,5.012531328320802,0.0,0.0,0.0,0.0,0.0,0.0,0.0,0.0,0.0,0.0,0.0,0.0,0.0,0.0,122.80701754385964,35.08771929824561,7.518796992481203,77.69423558897243,0.5593667546174143,3.9973614775725594,0.0,5.012531328320802,2.506265664160401,5.012531328320802,20.050125313283207,0.0,5.012531328320802,2.506265664160401,0.0,12.531328320802004,5.012531328320802,12.531328320802004,0.0,0.0,37.59398496240601,0.0,0.0,0.0,0.0,2.506265664160401,22.55639097744361,0.0,15.037593984962406
S7NV,17.114914425427873,19.559902200489,73.34963325183375,4.88997555012225,4.88997555012225,73.34963325183375,24.44987775061125,4.88997555012225,19.559902200489,17.114914425427873,12.224938875305625,7.334963325183374,26.89486552567237,7.334963325183374,0.0,117.35941320293398,7.334963325183374,0.0,29.339853300733495,2.444987775061125,2.444987775061125,0.0,7.334963325183374,17.114914425427873,2.444987775061125,0.0,2.444987775061125,2.444987775061125,0.0,0.0,2.444987775061125,0.0,2.444987775061125,0.0,2.444987775061125,0.0,9.7799511002445,2.444987775061125,88.0195599022005,41.56479217603912,9.7799511002445,122.24938875305622,0.548469387755102,3.941326530612245,4.88997555012225,0.0,4.88997555012225,2.444987775061125,26.89486552567237,0.0,9.7799511002445,9.7799511002445,2.444987775061125,12.224938875305625,7.334963325183374,26.89486552567237,0.0,0.0,31.78484107579462,2.444987775061125,2.444987775061125,2.444987775061125,9.7799511002445,9.7799511002445,0.0,2.444987775061125,7.334963325183374
S839,0.0,0.0,36.94581280788178,4.926108374384237,0.0,51.724137931034484,46.79802955665024,2.4630541871921183,7.389162561576354,0.0,7.389162561576354,0.0,19.704433497536947,14.778325123152708,2.4630541871921183,194.58128078817734,2.4630541871921183,0.0,27.093596059113302,0.0,0.0,0.0,2.4630541871921183,29.556650246305416,0.0,0.0,2.4630541871921183,4.926108374384237,2.4630541871921183,0.0,0.0,0.0,0.0,0.0,0.0,0.0,9.852216748768473,12.315270935960593,81.2807881773399,44.33497536945813,14.778325123152708,54.187192118226605,0.5103092783505154,4.837628865979381,9.852216748768473,0.0,0.0,0.0,7.389162561576354,0.0,7.389162561576354,9.852216748768473,2.4630541871921183,29.556650246305416,2.4630541871921183,17.241379310344826,4.926108374384237,0.0,34.48275862068965,0.0,0.0,0.0,2.4630541871921183,19.704433497536947,14.778325123152708,0.0,0.0
S8G6,66.99751861042184,0.0,59.55334987593052,2.4813895781637716,4.962779156327543,37.220843672456574,17.3697270471464,12.40694789081886,19.851116625310173,17.3697270471464,2.4813895781637716,0.0,17.3697270471464,12.40694789081886,2.4813895781637716,188.58560794044666,9.925558312655086,0.0,47.146401985111666,0.0,2.4813895781637716,0.0,0.0,27.29528535980149,2.4813895781637716,0.0,0.0,0.0,0.0,2.4813895781637716,0.0,0.0,0.0,0.0,0.0,2.4813895781637716,2.4813895781637716,0.0,76.92307692307693,32.25806451612903,12.40694789081886,116.62531017369727,0.5637755102040817,4.163265306122449,0.0,0.0,7.444168734491315,7.444168734491315,14.88833746898263,2.4813895781637716,2.4813895781637716,2.4813895781637716,0.0,7.444168734491315,14.88833746898263,39.702233250620345,12.40694789081886,0.0,27.29528535980149,7.444168734491315,2.4813895781637716,0.0,2.4813895781637716,7.444168734491315,17.3697270471464,0.0,12.40694789081886
S8PW,31.78484107579462,19.559902200489,78.239608801956,4.88997555012225,2.444987775061125,63.56968215158924,26.89486552567237,31.78484107579462,12.224938875305625,4.88997555012225,9.7799511002445,7.334963325183374,12.224938875305625,4.88997555012225,2.444987775061125,195.59902200489,7.334963325183374,0.0,36.674816625916876,0.0,0.0,0.0,4.88997555012225,12.224938875305625,4.88997555012225,0.0,0.0,0.0,2.444987775061125,0.0,2.444987775061125,0.0,0.0,0.0,0.0,2.444987775061125,2.444987775061125,7.334963325183374,90.46454767726162,44.00977995110025,12.224938875305625,105.13447432762835,0.6169665809768637,4.203084832904884,2.444987775061125,4.88997555012225,2.444987775061125,0.0,17.114914425427873,0.0,9.7799511002445,7.334963325183374,2.444987775061125,4.88997555012225,2.444987775061125,26.89486552567237,7.334963325183374,0.0,48.8997555012225,0.0,2.444987775061125,0.0,7.334963325183374,0.0,12.224938875305625,0.0,17.114914425427873
S8RC,45.11278195488722,20.050125313283207,70.17543859649122,0.0,7.518796992481203,87.71929824561403,25.062656641604008,30.075187969924812,12.531328320802004,2.506265664160401,7.518796992481203,7.518796992481203,5.012531328320802,5.012531328320802,5.012531328320802,170.42606516290726,2.506265664160401,0.0,25.062656641604008,0.0,0.0,0.0,2.506265664160401,15.037593984962406,0.0,0.0,0.0,0.0,0.0,0.0,0.0,0.0,0.0,0.0,0.0,2.506265664160401,2.506265664160401,5.012531328320802,90.22556390977444,30.075187969924812,2.506265664160401,87.71929824561403,0.5699208443271768,4.139841688654354,0.0,0.0,10.025062656641603,0.0,0.0,5.012531328320802,2.506265664160401,10.025062656641603,10.025062656641603,5.012531328320802,12.531328320802004,32.581453634085214,7.518796992481203,0.0,47.61904761904761,2.506265664160401,0.0,0.0,2.506265664160401,5.012531328320802,22.55639097744361,0.0,17.543859649122805
S8U5,35.08771929824561,0.0,85.21303258145363,2.506265664160401,2.506265664160401,77.69423558897243,7.518796992481203,32.581453634085214,17.543859649122805,10.025062656641603,7.518796992481203,0.0,12.531328320802004,5.012531328320802,2.506265664160401,165.41353383458645,0.0,0.0,60.150375939849624,0.0,0.0,0.0,0.0,15.037593984962406,0.0,0.0,0.0,0.0,0.0,0.0,5.012531328320802,0.0,0.0,0.0,0.0,0.0,7.518796992481203,5.012531328320802,87.71929824561403,12.531328320802004,20.050125313283207,100.25062656641603,0.5867768595041323,4.231404958677686,0.0,7.518796992481203,7.518796992481203,0.0,12.531328320802004,0.0,10.025062656641603,12.531328320802004,0.0,10.025062656641603,12.531328320802004,25.062656641604008,0.0,0.0,72.68170426065163,0.0,0.0,0.0,5.012531328320802,0.0,20.050125313283207,2.506265664160401,22.55639097744361
S8WS,26.96078431372549,4.901960784313726,98.0392156862745,0.0,9.803921568627452,44.11764705882353,24.509803921568626,22.058823529411764,12.254901960784313,7.352941176470588,4.901960784313726,2.450980392156863,17.156862745098042,9.803921568627452,0.0,183.82352941176472,4.901960784313726,0.0,41.666666666666664,2.450980392156863,0.0,0.0,2.450980392156863,4.901960784313726,0.0,0.0,0.0,2.450980392156863,0.0,0.0,0.0,0.0,0.0,0.0,0.0,0.0,7.352941176470588,12.254901960784313,90.68627450980392,29.41176470588235,7.352941176470588,105.3921568627451,0.6204188481675392,3.9554973821989527,2.450980392156863,0.0,0.0,0.0,12.254901960784313,2.450980392156863,7.352941176470588,4.901960784313726,2.450980392156863,2.450980392156863,4.901960784313726,12.254901960784313,0.0,2.450980392156863,49.01960784313725,0.0,2.450980392156863,0.0,0.0,2.450980392156863,12.254901960784313,4.901960784313726,12.254901960784313
S985,4.975124378109452,17.412935323383085,106.96517412935323,0.0,4.975124378109452,87.06467661691543,14.925373134328359,0.0,14.925373134328359,17.412935323383085,14.925373134328359,7.462686567164179,12.437810945273633,7.462686567164179,0.0,203.98009950248755,2.487562189054726,0.0,44.776119402985074,0.0,0.0,0.0,2.487562189054726,4.975124378109452,0.0,0.0,0.0,0.0,0.0,0.0,0.0,0.0,0.0,2.487562189054726,0.0,0.0,2.487562189054726,2.487562189054726,72.13930348258707,59.701492537313435,12.437810945273633,67.16417910447761,0.5797872340425532,4.263297872340425,0.0,0.0,2.487562189054726,0.0,12.437810945273633,4.975124378109452,2.487562189054726,7.462686567164179,0.0,9.950248756218905,2.487562189054726,17.412935323383085,9.950248756218905,0.0,52.23880597014925,4.975124378109452,2.487562189054726,0.0,2.487562189054726,7.462686567164179,14.925373134328359,0.0,4.975124378109452
S9D7,64.67661691542288,4.975124378109452,67.16417910447761,2.487562189054726,7.462686567164179,69.65174129353234,22.388059701492537,0.0,24.875621890547265,2.487562189054726,2.487562189054726,9.950248756218905,29.850746268656717,0.0,7.462686567164179,191.5422885572139,0.0,0.0,49.75124378109453,0.0,0.0,0.0,4.975124378109452,19.90049751243781,0.0,0.0,0.0,2.487562189054726,0.0,0.0,0.0,0.0,0.0,2.487562189054726,2.487562189054726,2.487562189054726,0.0,12.437810945273633,87.06467661691543,39.80099502487562,9.950248756218905,109.45273631840796,0.5580808080808081,3.984848484848485,2.487562189054726,0.0,2.487562189054726,0.0,17.412935323383085,2.487562189054726,9.950248756218905,9.950248756218905,0.0,0.0,7.462686567164179,24.875621890547265,7.462686567164179,2.487562189054726,14.925373134328359,0.0,0.0,0.0,9.950248756218905,0.0,14.925373134328359,2.487562189054726,7.462686567164179
S9EP,19.801980198019802,9.900990099009901,96.53465346534654,4.9504950495049505,14.85148514851485,81.68316831683168,19.801980198019802,27.22772277227723,22.277227722772277,2.4752475247524752,7.425742574257425,4.9504950495049505,4.9504950495049505,2.4752475247524752,0.0,173.26732673267327,7.425742574257425,0.0,37.12871287128713,0.0,0.0,0.0,2.4752475247524752,12.376237623762377,0.0,0.0,0.0,0.0,0.0,0.0,0.0,0.0,0.0,0.0,0.0,0.0,2.4752475247524752,7.425742574257425,118.8118811881188,42.07920792079208,7.425742574257425,96.53465346534654,0.5555555555555556,3.9576719576719577,0.0,0.0,0.0,4.9504950495049505,7.425742574257425,4.9504950495049505,14.85148514851485,2.4752475247524752,0.0,0.0,0.0,32.17821782178218,4.9504950495049505,2.4752475247524752,64.35643564356435,0.0,2.4752475247524752,0.0,7.425742574257425,0.0,14.85148514851485,0.0,19.801980198019802
S9P6,70.90464547677261,12.224938875305625,61.12469437652811,2.444987775061125,7.334963325183374,100.24449877750611,19.559902200489,4.88997555012225,17.114914425427873,14.669926650366747,9.7799511002445,7.334963325183374,14.669926650366747,4.88997555012225,7.334963325183374,156.479217603912,2.444987775061125,2.444987775061125,39.119804400978,0.0,0.0,0.0,2.444987775061125,22.004889975550125,0.0,0.0,0.0,0.0,0.0,0.0,0.0,0.0,0.0,0.0,0.0,2.444987775061125,0.0,7.334963325183374,78.239608801956,36.674816625916876,12.224938875305625,105.13447432762835,0.6,4.079487179487179,0.0,7.334963325183374,2.444987775061125,0.0,19.559902200489,2.444987775061125,4.88997555012225,9.7799511002445,0.0,7.334963325183374,0.0,36.674816625916876,2.444987775061125,0.0,44.00977995110025,2.444987775061125,2.444987775061125,0.0,14.669926650366747,2.444987775061125,12.224938875305625,0.0,14.669926650366747
S9WP,34.82587064676617,7.462686567164179,87.06467661691543,0.0,2.487562189054726,57.21393034825871,4.975124378109452,34.82587064676617,27.36318407960199,4.975124378109452,4.975124378109452,0.0,22.388059701492537,2.487562189054726,0.0,208.955223880597,12.437810945273633,0.0,32.33830845771144,0.0,2.487562189054726,0.0,4.975124378109452,14.925373134328359,0.0,0.0,0.0,0.0,2.487562189054726,0.0,0.0,2.487562189054726,0.0,0.0,0.0,0.0,4.975124378109452,7.462686567164179,94.5273631840796,37.31343283582089,2.487562189054726,77.11442786069651,0.6456692913385826,4.05249343832021,4.975124378109452,0.0,0.0,0.0,7.462686567164179,0.0,22.388059701492537,7.462686567164179,0.0,4.975124378109452,7.462686567164179,32.33830845771144,2.487562189054726,0.0,42.28855721393035,0.0,0.0,0.0,7.462686567164179,4.975124378109452,14.925373134328359,4.975124378109452,4.975124378109452
S9YG,41.87192118226601,7.389162561576354,98.52216748768474,2.4630541871921183,7.389162561576354,91.13300492610837,32.01970443349754,0.0,17.241379310344826,9.852216748768473,4.926108374384237,4.926108374384237,24.630541871921185,4.926108374384237,2.4630541871921183,130.54187192118226,2.4630541871921183,0.0,36.94581280788178,0.0,0.0,0.0,4.926108374384237,9.852216748768473,0.0,0.0,0.0,2.4630541871921183,0.0,0.0,0.0,0.0,0.0,0.0,0.0,2.4630541871921183,4.926108374384237,9.852216748768473,78.81773399014779,44.33497536945813,9.852216748768473,142.85714285714286,0.5912596401028277,3.9717223650385605,0.0,0.0,0.0,0.0,22.167487684729064,2.4630541871921183,7.389162561576354,9.852216748768473,0.0,2.4630541871921183,4.926108374384237,49.26108374384237,7.389162561576354,2.4630541871921183,36.94581280788178,2.4630541871921183,0.0,0.0,9.852216748768473,2.4630541871921183,17.241379310344826,0.0,14.778325123152708
S9ZU,9.828009828009828,9.828009828009828,78.62407862407862,0.0,12.285012285012284,51.597051597051596,22.11302211302211,17.1990171990172,22.11302211302211,22.11302211302211,4.914004914004914,9.828009828009828,7.371007371007371,0.0,0.0,213.75921375921376,2.457002457002457,0.0,44.22604422604422,0.0,0.0,0.0,4.914004914004914,12.285012285012284,2.457002457002457,0.0,0.0,2.457002457002457,0.0,0.0,0.0,0.0,0.0,0.0,0.0,2.457002457002457,0.0,4.914004914004914,100.73710073710073,39.31203931203931,7.371007371007371,90.9090909090909,0.5552631578947368,3.9026315789473682,4.914004914004914,4.914004914004914,4.914004914004914,0.0,17.1990171990172,7.371007371007371,4.914004914004914,7.371007371007371,0.0,7.371007371007371,2.457002457002457,17.1990171990172,0.0,4.914004914004914,58.96805896805897,0.0,4.914004914004914,0.0,2.457002457002457,0.0,9.828009828009828,7.371007371007371,24.570024570024568
SAAB,26.570048309178745,9.66183574879227,60.386473429951685,9.66183574879227,7.246376811594203,65.21739130434783,26.570048309178745,2.4154589371980677,14.492753623188406,7.246376811594203,12.077294685990339,2.4154589371980677,9.66183574879227,12.077294685990339,2.4154589371980677,181.15942028985506,2.4154589371980677,0.0,36.231884057971016,2.4154589371980677,0.0,0.0,0.0,19.32367149758454,2.4154589371980677,0.0,0.0,0.0,0.0,0.0,0.0,0.0,2.4154589371980677,0.0,0.0,4.830917874396135,7.246376811594203,9.66183574879227,106.28019323671498,45.893719806763286,7.246376811594203,72.46376811594203,0.5558375634517766,4.065989847715736,0.0,2.4154589371980677,4.830917874396135,0.0,7.246376811594203,2.4154589371980677,2.4154589371980677,9.66183574879227,2.4154589371980677,9.66183574879227,16.908212560386474,16.908212560386474,7.246376811594203,0.0,43.47826086956522,2.4154589371980677,4.830917874396135,0.0,0.0,4.830917874396135,12.077294685990339,0.0,16.908212560386474
SAAF,18.6046511627907,0.0,100.0,2.3255813953488373,0.0,18.6046511627907,4.651162790697675,32.55813953488372,13.953488372093023,9.30232558139535,11.627906976744185,0.0,37.2093023255814,9.30232558139535,2.3255813953488373,179.06976744186045,4.651162790697675,0.0,55.81395348837209,4.651162790697675,0.0,0.0,0.0,16.27906976744186,6.976744186046512,0.0,0.0,0.0,9.30232558139535,0.0,6.976744186046512,0.0,0.0,0.0,0.0,0.0,2.3255813953488373,11.627906976744185,102.32558139534883,39.53488372093023,13.953488372093023,83.72093023255813,0.5518072289156627,4.3180722891566266,2.3255813953488373,0.0,0.0,6.976744186046512,25.58139534883721,0.0,0.0,4.651162790697675,0.0,4.651162790697675,0.0,23.25581395348837,2.3255813953488373,0.0,27.906976744186046,0.0,0.0,0.0,2.3255813953488373,13.953488372093023,16.27906976744186,2.3255813953488373,18.6046511627907
SAG4,21.32701421800948,7.109004739336492,97.1563981042654,2.3696682464454977,7.109004739336492,87.67772511848341,56.87203791469194,2.3696682464454977,28.43601895734597,9.47867298578199,2.3696682464454977,11.848341232227487,9.47867298578199,11.848341232227487,4.739336492890995,137.44075829383885,0.0,0.0,37.91469194312796,0.0,2.3696682464454977,0.0,2.3696682464454977,16.587677725118485,4.739336492890995,0.0,0.0,0.0,0.0,0.0,0.0,0.0,0.0,0.0,0.0,0.0,7.109004739336492,14.218009478672984,75.82938388625593,21.32701421800948,18.95734597156398,82.93838862559241,0.5318066157760815,3.931297709923664,0.0,0.0,7.109004739336492,0.0,14.218009478672984,0.0,11.848341232227487,7.109004739336492,2.3696682464454977,21.32701421800948,9.47867298578199,21.32701421800948,2.3696682464454977,0.0,68.72037914691943,2.3696682464454977,0.0,0.0,0.0,0.0,18.95734597156398,0.0,11.848341232227487
SAR5,27.22772277227723,17.32673267326733,96.53465346534654,0.0,7.425742574257425,66.83168316831683,4.9504950495049505,14.85148514851485,9.900990099009901,0.0,12.376237623762377,4.9504950495049505,39.603960396039604,2.4752475247524752,0.0,180.69306930693068,2.4752475247524752,2.4752475247524752,37.12871287128713,0.0,0.0,0.0,0.0,24.752475247524753,0.0,0.0,0.0,4.9504950495049505,0.0,0.0,22.277227722772277,0.0,0.0,0.0,0.0,0.0,2.4752475247524752,0.0,84.15841584158416,37.12871287128713,14.85148514851485,81.68316831683168,0.5737265415549598,3.8016085790884717,2.4752475247524752,0.0,2.4752475247524752,2.4752475247524752,29.7029702970297,0.0,4.9504950495049505,2.4752475247524752,0.0,2.4752475247524752,9.900990099009901,4.9504950495049505,4.9504950495049505,0.0,66.83168316831683,0.0,2.4752475247524752,2.4752475247524752,4.9504950495049505,4.9504950495049505,17.32673267326733,2.4752475247524752,17.32673267326733
SAUJ,24.875621890547265,24.875621890547265,101.99004975124377,0.0,7.462686567164179,72.13930348258707,29.850746268656717,12.437810945273633,12.437810945273633,9.950248756218905,4.975124378109452,4.975124378109452,29.850746268656717,27.36318407960199,0.0,159.20398009950247,2.487562189054726,0.0,32.33830845771144,0.0,0.0,0.0,2.487562189054726,19.90049751243781,0.0,0.0,0.0,0.0,4.975124378109452,0.0,2.487562189054726,0.0,0.0,0.0,0.0,0.0,4.975124378109452,2.487562189054726,72.13930348258707,34.82587064676617,12.437810945273633,87.06467661691543,0.6229508196721312,4.308743169398907,0.0,4.975124378109452,2.487562189054726,2.487562189054726,12.437810945273633,0.0,9.950248756218905,2.487562189054726,0.0,9.950248756218905,9.950248756218905,27.36318407960199,2.487562189054726,0.0,72.13930348258707,2.487562189054726,2.487562189054726,0.0,2.487562189054726,2.487562189054726,22.388059701492537,2.487562189054726,9.950248756218905
SB32,29.92518703241895,7.481296758104738,59.8503740648379,2.493765586034913,4.987531172069826,84.78802992518703,24.93765586034913,0.0,32.418952618453865,14.962593516209475,4.987531172069826,0.0,9.975062344139651,0.0,0.0,197.0074812967581,4.987531172069826,0.0,32.418952618453865,0.0,0.0,0.0,0.0,14.962593516209475,0.0,0.0,0.0,0.0,0.0,0.0,0.0,0.0,0.0,0.0,0.0,0.0,0.0,9.975062344139651,112.21945137157108,22.443890274314214,12.468827930174564,89.77556109725685,0.5520833333333334,3.90625,0.0,0.0,7.481296758104738,2.493765586034913,12.468827930174564,2.493765586034913,12.468827930174564,9.975062344139651,4.987531172069826,9.975062344139651,4.987531172069826,24.93765586034913,2.493765586034913,0.0,42.394014962593516,0.0,2.493765586034913,0.0,2.493765586034913,9.975062344139651,12.468827930174564,2.493765586034913,9.975062344139651
SBCZ,29.850746268656717,17.412935323383085,92.03980099502488,0.0,4.975124378109452,62.18905472636816,44.776119402985074,27.36318407960199,24.875621890547265,9.950248756218905,7.462686567164179,4.975124378109452,32.33830845771144,0.0,2.487562189054726,174.12935323383087,4.975124378109452,0.0,39.80099502487562,0.0,0.0,0.0,4.975124378109452,17.412935323383085,2.487562189054726,0.0,0.0,0.0,2.487562189054726,0.0,0.0,0.0,2.487562189054726,0.0,2.487562189054726,0.0,0.0,7.462686567164179,84.5771144278607,34.82587064676617,9.950248756218905,72.13930348258707,0.5826771653543307,4.076115485564304,0.0,2.487562189054726,2.487562189054726,2.487562189054726,12.437810945273633,7.462686567164179,4.975124378109452,4.975124378109452,0.0,7.462686567164179,2.487562189054726,34.82587064676617,0.0,0.0,47.2636815920398,0.0,0.0,0.0,0.0,2.487562189054726,7.462686567164179,0.0,7.462686567164179
SBFN,82.08955223880596,14.925373134328359,29.850746268656717,2.487562189054726,4.975124378109452,52.23880597014925,22.388059701492537,7.462686567164179,27.36318407960199,4.975124378109452,2.487562189054726,2.487562189054726,4.975124378109452,12.437810945273633,9.950248756218905,208.955223880597,4.975124378109452,2.487562189054726,42.28855721393035,0.0,0.0,0.0,2.487562189054726,4.975124378109452,2.487562189054726,2.487562189054726,0.0,0.0,0.0,0.0,0.0,0.0,0.0,0.0,0.0,0.0,7.462686567164179,7.462686567164179,104.4776119402985,47.2636815920398,0.0,77.11442786069651,0.5907928388746803,4.3171355498721224,2.487562189054726,0.0,0.0,9.950248756218905,7.462686567164179,0.0,7.462686567164179,2.487562189054726,2.487562189054726,9.950248756218905,7.462686567164179,22.388059701492537,2.487562189054726,0.0,22.388059701492537,0.0,0.0,0.0,0.0,7.462686567164179,9.950248756218905,0.0,12.437810945273633
SBG4,9.7799511002445,12.224938875305625,73.34963325183375,4.88997555012225,0.0,58.67970660146699,24.44987775061125,12.224938875305625,14.669926650366747,9.7799511002445,0.0,2.444987775061125,17.114914425427873,12.224938875305625,4.88997555012225,212.71393643031786,0.0,0.0,26.89486552567237,2.444987775061125,0.0,0.0,0.0,9.7799511002445,0.0,0.0,0.0,0.0,2.444987775061125,0.0,4.88997555012225,0.0,0.0,0.0,0.0,0.0,7.334963325183374,2.444987775061125,132.02933985330074,48.8997555012225,9.7799511002445,66.01466992665037,0.616751269035533,4.479695431472082,2.444987775061125,0.0,4.88997555012225,0.0,4.88997555012225,0.0,4.88997555012225,19.559902200489,2.444987775061125,4.88997555012225,0.0,29.339853300733495,0.0,0.0,31.78484107579462,0.0,2.444987775061125,0.0,7.334963325183374,2.444987775061125,12.224938875305625,0.0,2.444987775061125
SBM6,19.704433497536947,12.315270935960593,73.89162561576356,4.926108374384237,2.4630541871921183,81.2807881773399,27.093596059113302,4.926108374384237,17.241379310344826,2.4630541871921183,14.778325123152708,2.4630541871921183,4.926108374384237,0.0,2.4630541871921183,184.72906403940885,2.4630541871921183,0.0,24.630541871921185,0.0,2.4630541871921183,0.0,2.4630541871921183,12.315270935960593,0.0,0.0,0.0,0.0,0.0,0.0,0.0,0.0,0.0,0.0,0.0,0.0,4.926108374384237,2.4630541871921183,83.74384236453201,51.724137931034484,4.926108374384237,73.89162561576356,0.5755208333333334,4.125,4.926108374384237,0.0,4.926108374384237,2.4630541871921183,9.852216748768473,0.0,7.389162561576354,7.389162561576354,2.4630541871921183,12.315270935960593,7.389162561576354,32.01970443349754,2.4630541871921183,2.4630541871921183,49.26108374384237,4.926108374384237,2.4630541871921183,0.0,4.926108374384237,2.4630541871921183,17.241379310344826,0.0,14.778325123152708
SBZ7,56.23471882640587,4.88997555012225,56.23471882640587,0.0,7.334963325183374,68.45965770171149,12.224938875305625,14.669926650366747,14.669926650366747,14.669926650366747,4.88997555012225,0.0,24.44987775061125,4.88997555012225,2.444987775061125,210.2689486552567,14.669926650366747,0.0,39.119804400978,4.88997555012225,0.0,0.0,2.444987775061125,22.004889975550125,0.0,0.0,0.0,2.444987775061125,2.444987775061125,0.0,2.444987775061125,0.0,0.0,0.0,7.334963325183374,0.0,2.444987775061125,0.0,107.57946210268948,41.56479217603912,4.88997555012225,63.56968215158924,0.5938303341902313,4.244215938303342,2.444987775061125,7.334963325183374,2.444987775061125,0.0,7.334963325183374,2.444987775061125,7.334963325183374,4.88997555012225,2.444987775061125,7.334963325183374,2.444987775061125,24.44987775061125,0.0,0.0,36.674816625916876,0.0,0.0,0.0,0.0,4.88997555012225,22.004889975550125,2.444987775061125,2.444987775061125
SC67,14.962593516209475,7.481296758104738,94.76309226932668,2.493765586034913,7.481296758104738,52.36907730673317,29.92518703241895,29.92518703241895,12.468827930174564,7.481296758104738,9.975062344139651,4.987531172069826,17.456359102244388,0.0,0.0,184.53865336658353,2.493765586034913,0.0,34.912718204488776,0.0,0.0,0.0,2.493765586034913,22.443890274314214,0.0,0.0,0.0,0.0,0.0,0.0,2.493765586034913,0.0,0.0,0.0,2.493765586034913,0.0,7.481296758104738,9.975062344139651,94.76309226932668,29.92518703241895,7.481296758104738,87.28179551122194,0.5957446808510638,3.797872340425532,0.0,0.0,2.493765586034913,0.0,4.987531172069826,2.493765586034913,12.468827930174564,2.493765586034913,0.0,14.962593516209475,4.987531172069826,34.912718204488776,4.987531172069826,0.0,54.86284289276808,0.0,0.0,0.0,2.493765586034913,9.975062344139651,14.962593516209475,0.0,22.443890274314214
SCG9,12.437810945273633,7.462686567164179,87.06467661691543,0.0,2.487562189054726,64.67661691542288,12.437810945273633,29.850746268656717,24.875621890547265,12.437810945273633,4.975124378109452,7.462686567164179,14.925373134328359,4.975124378109452,0.0,213.93034825870646,0.0,0.0,32.33830845771144,2.487562189054726,0.0,0.0,0.0,12.437810945273633,0.0,0.0,2.487562189054726,0.0,0.0,0.0,2.487562189054726,0.0,0.0,0.0,2.487562189054726,0.0,2.487562189054726,4.975124378109452,82.08955223880596,52.23880597014925,4.975124378109452,77.11442786069651,0.5651041666666666,3.9947916666666665,2.487562189054726,0.0,7.462686567164179,9.950248756218905,7.462686567164179,2.487562189054726,2.487562189054726,19.90049751243781,0.0,7.462686567164179,7.462686567164179,24.875621890547265,4.975124378109452,0.0,44.776119402985074,2.487562189054726,2.487562189054726,0.0,2.487562189054726,4.975124378109452,14.925373134328359,0.0,4.975124378109452
SCJL,12.437810945273633,12.437810945273633,79.60199004975124,4.975124378109452,9.950248756218905,47.2636815920398,19.90049751243781,14.925373134328359,39.80099502487562,12.437810945273633,7.462686567164179,4.975124378109452,19.90049751243781,4.975124378109452,0.0,164.17910447761193,2.487562189054726,0.0,37.31343283582089,4.975124378109452,0.0,0.0,0.0,22.388059701492537,0.0,0.0,0.0,2.487562189054726,2.487562189054726,0.0,0.0,0.0,0.0,2.487562189054726,4.975124378109452,0.0,2.487562189054726,4.975124378109452,92.03980099502488,39.80099502487562,7.462686567164179,79.60199004975124,0.6052631578947368,4.294736842105263,0.0,2.487562189054726,0.0,0.0,7.462686567164179,0.0,7.462686567164179,2.487562189054726,2.487562189054726,4.975124378109452,0.0,14.925373134328359,0.0,0.0,52.23880597014925,0.0,0.0,0.0,4.975124378109452,4.975124378109452,7.462686567164179,0.0,12.437810945273633
SCNN,42.28855721393035,14.925373134328359,64.67661691542288,0.0,9.950248756218905,52.23880597014925,14.925373134328359,32.33830845771144,19.90049751243781,4.975124378109452,0.0,2.487562189054726,9.950248756218905,4.975124378109452,0.0,191.5422885572139,7.462686567164179,2.487562189054726,29.850746268656717,0.0,0.0,0.0,0.0,9.950248756218905,0.0,0.0,2.487562189054726,0.0,0.0,0.0,0.0,0.0,0.0,0.0,2.487562189054726,0.0,9.950248756218905,12.437810945273633,62.18905472636816,24.875621890547265,4.975124378109452,109.45273631840796,0.6267029972752044,3.97275204359673,0.0,0.0,2.487562189054726,0.0,12.437810945273633,2.487562189054726,7.462686567164179,4.975124378109452,0.0,4.975124378109452,2.487562189054726,29.850746268656717,4.975124378109452,0.0,67.16417910447761,0.0,0.0,0.0,4.975124378109452,7.462686567164179,12.437810945273633,0.0,17.412935323383085
SCWW,21.791767554479417,9.685230024213075,65.37530266343826,0.0,2.4213075060532687,67.79661016949153,24.213075060532688,12.106537530266344,12.106537530266344,9.685230024213075,0.0,4.842615012106537,2.4213075060532687,7.263922518159807,4.842615012106537,196.12590799031477,7.263922518159807,0.0,12.106537530266344,0.0,2.4213075060532687,0.0,0.0,12.106537530266344,2.4213075060532687,0.0,2.4213075060532687,0.0,0.0,0.0,0.0,0.0,0.0,0.0,0.0,0.0,4.842615012106537,4.842615012106537,123.48668280871671,31.476997578692497,7.263922518159807,48.426150121065376,0.5839793281653747,3.9689922480620154,2.4213075060532687,0.0,0.0,0.0,9.685230024213075,2.4213075060532687,12.106537530266344,2.4213075060532687,0.0,21.791767554479417,4.842615012106537,9.685230024213075,0.0,0.0,84.7457627118644,0.0,0.0,0.0,2.4213075060532687,0.0,9.685230024213075,0.0,4.842615012106537
SCYY,24.096385542168676,16.867469879518072,84.33734939759036,0.0,7.228915662650603,48.19277108433735,26.50602409638554,19.27710843373494,14.457831325301205,9.63855421686747,2.4096385542168677,2.4096385542168677,12.048192771084338,12.048192771084338,0.0,216.86746987951807,2.4096385542168677,0.0,24.096385542168676,0.0,0.0,0.0,0.0,4.819277108433735,4.819277108433735,0.0,0.0,2.4096385542168677,0.0,0.0,4.819277108433735,0.0,0.0,0.0,0.0,2.4096385542168677,0.0,14.457831325301205,108.43373493975903,26.50602409638554,4.819277108433735,86.74698795180723,0.610126582278481,4.179746835443038,2.4096385542168677,7.228915662650603,0.0,0.0,4.819277108433735,4.819277108433735,9.63855421686747,2.4096385542168677,0.0,2.4096385542168677,4.819277108433735,19.27710843373494,4.819277108433735,2.4096385542168677,45.78313253012048,2.4096385542168677,0.0,0.0,7.228915662650603,7.228915662650603,9.63855421686747,2.4096385542168677,12.048192771084338
SD9H,59.8503740648379,9.975062344139651,47.38154613466334,4.987531172069826,2.493765586034913,52.36907730673317,17.456359102244388,37.406483790523694,12.468827930174564,7.481296758104738,7.481296758104738,7.481296758104738,19.950124688279303,4.987531172069826,4.987531172069826,184.53865336658353,7.481296758104738,0.0,34.912718204488776,0.0,0.0,0.0,2.493765586034913,12.468827930174564,2.493765586034913,0.0,0.0,2.493765586034913,0.0,0.0,2.493765586034913,0.0,2.493765586034913,0.0,0.0,0.0,2.493765586034913,2.493765586034913,92.26932668329177,29.92518703241895,0.0,92.26932668329177,0.5584415584415584,4.072727272727272,0.0,7.481296758104738,7.481296758104738,2.493765586034913,19.950124688279303,2.493765586034913,9.975062344139651,9.975062344139651,4.987531172069826,4.987531172069826,7.481296758104738,24.93765586034913,0.0,4.987531172069826,39.900249376558605,2.493765586034913,2.493765586034913,0.0,4.987531172069826,2.493765586034913,2.493765586034913,0.0,17.456359102244388
SDA8,42.713567839195974,10.050251256281408,105.52763819095478,0.0,7.537688442211055,60.30150753768844,22.613065326633166,22.613065326633166,37.688442211055275,12.56281407035176,10.050251256281408,7.537688442211055,25.12562814070352,7.537688442211055,5.025125628140704,173.36683417085428,0.0,0.0,37.688442211055275,2.512562814070352,0.0,0.0,2.512562814070352,10.050251256281408,2.512562814070352,0.0,0.0,5.025125628140704,2.512562814070352,0.0,2.512562814070352,0.0,0.0,2.512562814070352,0.0,2.512562814070352,5.025125628140704,5.025125628140704,90.45226130653266,60.30150753768844,5.025125628140704,77.88944723618091,0.5896103896103896,4.254545454545455,0.0,0.0,15.07537688442211,0.0,22.613065326633166,0.0,2.512562814070352,0.0,0.0,0.0,7.537688442211055,37.688442211055275,2.512562814070352,2.512562814070352,32.663316582914575,0.0,0.0,0.0,0.0,2.512562814070352,10.050251256281408,0.0,7.537688442211055
SDAB,7.672634271099745,0.0,84.39897698209718,2.557544757033248,10.230179028132993,56.265984654731454,30.69053708439898,25.57544757033248,12.78772378516624,7.672634271099745,0.0,0.0,15.34526854219949,10.230179028132993,0.0,209.71867007672634,2.557544757033248,0.0,25.57544757033248,0.0,2.557544757033248,0.0,5.115089514066496,25.57544757033248,2.557544757033248,0.0,0.0,0.0,0.0,0.0,0.0,0.0,0.0,0.0,2.557544757033248,0.0,7.672634271099745,7.672634271099745,48.59335038363171,30.69053708439898,12.78772378516624,92.07161125319693,0.6233062330623306,4.233062330623306,5.115089514066496,5.115089514066496,0.0,2.557544757033248,2.557544757033248,7.672634271099745,5.115089514066496,10.230179028132993,5.115089514066496,10.230179028132993,2.557544757033248,12.78772378516624,2.557544757033248,0.0,40.92071611253197,0.0,0.0,0.0,2.557544757033248,12.78772378516624,17.902813299232736,0.0,15.34526854219949
SDAJ,31.94103194103194,9.828009828009828,88.45208845208845,0.0,2.457002457002457,71.25307125307125,7.371007371007371,34.3980343980344,12.285012285012284,7.371007371007371,9.828009828009828,0.0,17.1990171990172,9.828009828009828,0.0,194.10319410319408,9.828009828009828,0.0,24.570024570024568,2.457002457002457,0.0,0.0,0.0,12.285012285012284,0.0,0.0,0.0,0.0,2.457002457002457,0.0,4.914004914004914,0.0,0.0,0.0,4.914004914004914,2.457002457002457,4.914004914004914,4.914004914004914,95.82309582309583,29.484029484029485,7.371007371007371,78.62407862407862,0.6605263157894737,4.157894736842105,0.0,0.0,2.457002457002457,0.0,4.914004914004914,0.0,4.914004914004914,4.914004914004914,2.457002457002457,7.371007371007371,4.914004914004914,36.85503685503686,2.457002457002457,0.0,56.511056511056516,0.0,0.0,0.0,4.914004914004914,0.0,9.828009828009828,0.0,12.285012285012284
SDJL,29.41176470588235,0.0,66.17647058823529,0.0,7.352941176470588,56.372549019607845,22.058823529411764,7.352941176470588,29.41176470588235,4.901960784313726,9.803921568627452,0.0,17.156862745098042,4.901960784313726,0.0,232.84313725490196,2.450980392156863,0.0,36.76470588235294,2.450980392156863,0.0,0.0,4.901960784313726,17.156862745098042,0.0,0.0,0.0,2.450980392156863,2.450980392156863,0.0,2.450980392156863,0.0,0.0,0.0,0.0,2.450980392156863,4.901960784313726,0.0,93.13725490196079,41.666666666666664,12.254901960784313,71.07843137254902,0.622107969151671,4.197943444730077,0.0,2.450980392156863,4.901960784313726,0.0,4.901960784313726,2.450980392156863,7.352941176470588,4.901960784313726,0.0,9.803921568627452,4.901960784313726,24.509803921568626,2.450980392156863,0.0,44.11764705882353,0.0,4.901960784313726,0.0,2.450980392156863,2.450980392156863,12.254901960784313,0.0,14.705882352941176
SDMJ,27.22772277227723,7.425742574257425,81.68316831683168,2.4752475247524752,7.425742574257425,39.603960396039604,29.7029702970297,32.17821782178218,27.22772277227723,9.900990099009901,4.9504950495049505,4.9504950495049505,9.900990099009901,2.4752475247524752,2.4752475247524752,183.16831683168317,9.900990099009901,0.0,39.603960396039604,0.0,0.0,0.0,0.0,9.900990099009901,2.4752475247524752,0.0,0.0,2.4752475247524752,0.0,0.0,2.4752475247524752,0.0,0.0,0.0,0.0,0.0,4.9504950495049505,9.900990099009901,99.00990099009901,32.17821782178218,4.9504950495049505,81.68316831683168,0.5447368421052632,3.971052631578947,0.0,2.4752475247524752,12.376237623762377,2.4752475247524752,12.376237623762377,2.4752475247524752,7.425742574257425,7.425742574257425,2.4752475247524752,7.425742574257425,4.9504950495049505,14.85148514851485,4.9504950495049505,2.4752475247524752,51.980198019801975,0.0,0.0,0.0,0.0,7.425742574257425,17.32673267326733,2.4752475247524752,12.376237623762377
SDQ8,9.501187648456057,9.501187648456057,68.88361045130641,2.375296912114014,0.0,71.25890736342043,14.251781472684087,2.375296912114014,14.251781472684087,4.750593824228028,14.251781472684087,9.501187648456057,9.501187648456057,9.501187648456057,0.0,204.2755344418052,4.750593824228028,2.375296912114014,23.752969121140143,2.375296912114014,0.0,0.0,0.0,16.6270783847981,0.0,0.0,0.0,0.0,2.375296912114014,0.0,0.0,0.0,0.0,2.375296912114014,0.0,0.0,4.750593824228028,7.125890736342043,104.51306413301663,33.2541567695962,7.125890736342043,76.00950118764845,0.5693069306930693,4.252475247524752,2.375296912114014,2.375296912114014,9.501187648456057,4.750593824228028,7.125890736342043,0.0,11.876484560570072,19.002375296912113,0.0,11.876484560570072,2.375296912114014,35.62945368171022,0.0,0.0,33.2541567695962,2.375296912114014,0.0,0.0,7.125890736342043,11.876484560570072,21.377672209026127,0.0,7.125890736342043
SDS7,52.23880597014925,17.412935323383085,87.06467661691543,2.487562189054726,4.975124378109452,79.60199004975124,22.388059701492537,19.90049751243781,19.90049751243781,4.975124378109452,4.975124378109452,0.0,14.925373134328359,2.487562189054726,0.0,149.25373134328356,4.975124378109452,0.0,42.28855721393035,0.0,0.0,0.0,0.0,19.90049751243781,2.487562189054726,0.0,0.0,0.0,0.0,0.0,4.975124378109452,0.0,0.0,0.0,0.0,0.0,4.975124378109452,12.437810945273633,72.13930348258707,27.36318407960199,17.412935323383085,94.5273631840796,0.5883905013192612,3.9525065963060686,0.0,4.975124378109452,2.487562189054726,4.975124378109452,19.90049751243781,4.975124378109452,4.975124378109452,4.975124378109452,0.0,2.487562189054726,4.975124378109452,32.33830845771144,2.487562189054726,0.0,44.776119402985074,2.487562189054726,2.487562189054726,2.487562189054726,9.950248756218905,0.0,17.412935323383085,0.0,14.925373134328359
SDXW,37.5,0.0,87.5,5.0,0.0,67.5,32.5,2.5,25.0,7.5,12.5,0.0,17.5,2.5,0.0,170.0,10.0,0.0,45.0,5.0,0.0,0.0,2.5,12.5,0.0,0.0,0.0,0.0,2.5,0.0,0.0,0.0,0.0,0.0,0.0,2.5,2.5,0.0,82.5,32.5,10.0,127.5,0.5748031496062992,3.8451443569553807,0.0,0.0,0.0,2.5,27.5,2.5,10.0,0.0,2.5,12.5,7.5,27.5,7.5,2.5,47.5,2.5,0.0,0.0,2.5,5.0,15.0,0.0,22.5
SEDD,28.70813397129187,2.3923444976076556,86.1244019138756,0.0,2.3923444976076556,83.73205741626795,47.84688995215311,9.569377990430622,19.138755980861244,14.354066985645934,7.177033492822967,4.784688995215311,23.923444976076556,4.784688995215311,2.3923444976076556,117.22488038277513,11.961722488038278,0.0,33.49282296650718,0.0,0.0,0.0,7.177033492822967,16.74641148325359,0.0,0.0,0.0,0.0,0.0,0.0,0.0,0.0,0.0,0.0,2.3923444976076556,0.0,4.784688995215311,2.3923444976076556,45.45454545454545,16.74641148325359,4.784688995215311,131.57894736842104,0.5230769230769231,3.848717948717949,2.3923444976076556,2.3923444976076556,0.0,4.784688995215311,28.70813397129187,2.3923444976076556,2.3923444976076556,9.569377990430622,2.3923444976076556,7.177033492822967,19.138755980861244,23.923444976076556,9.569377990430622,0.0,55.02392344497608,0.0,4.784688995215311,2.3923444976076556,9.569377990430622,0.0,14.354066985645934,4.784688995215311,31.10047846889952
SEKX,21.32701421800948,14.218009478672984,97.1563981042654,7.109004739336492,4.739336492890995,49.76303317535545,49.76303317535545,21.32701421800948,21.32701421800948,4.739336492890995,4.739336492890995,4.739336492890995,7.109004739336492,0.0,4.739336492890995,172.98578199052133,7.109004739336492,0.0,37.91469194312796,0.0,0.0,0.0,0.0,4.739336492890995,2.3696682464454977,0.0,0.0,2.3696682464454977,0.0,0.0,0.0,0.0,0.0,2.3696682464454977,0.0,0.0,4.739336492890995,11.848341232227487,73.45971563981043,45.023696682464454,4.739336492890995,101.89573459715639,0.6155844155844156,4.025974025974026,0.0,2.3696682464454977,7.109004739336492,0.0,7.109004739336492,4.739336492890995,7.109004739336492,7.109004739336492,2.3696682464454977,4.739336492890995,7.109004739336492,14.218009478672984,0.0,0.0,80.56872037914692,2.3696682464454977,0.0,0.0,7.109004739336492,0.0,16.587677725118485,2.3696682464454977,23.696682464454973
SEVC,33.2541567695962,9.501187648456057,80.76009501187649,0.0,4.750593824228028,85.5106888361045,19.002375296912113,11.876484560570072,11.876484560570072,2.375296912114014,4.750593824228028,4.750593824228028,28.503562945368174,4.750593824228028,4.750593824228028,180.52256532066508,2.375296912114014,0.0,33.2541567695962,2.375296912114014,0.0,0.0,11.876484560570072,26.128266033254157,2.375296912114014,0.0,0.0,0.0,0.0,0.0,2.375296912114014,0.0,0.0,0.0,4.750593824228028,7.125890736342043,7.125890736342043,4.750593824228028,68.88361045130641,38.00475059382423,4.750593824228028,80.76009501187649,0.5717821782178217,4.25,2.375296912114014,4.750593824228028,0.0,0.0,11.876484560570072,4.750593824228028,9.501187648456057,2.375296912114014,0.0,7.125890736342043,2.375296912114014,28.503562945368174,2.375296912114014,0.0,33.2541567695962,2.375296912114014,2.375296912114014,0.0,2.375296912114014,9.501187648456057,11.876484560570072,2.375296912114014,11.876484560570072
SEYD,66.83168316831683,2.4752475247524752,47.02970297029703,2.4752475247524752,4.9504950495049505,76.73267326732673,4.9504950495049505,19.801980198019802,14.85148514851485,4.9504950495049505,4.9504950495049505,4.9504950495049505,17.32673267326733,0.0,2.4752475247524752,210.3960396039604,4.9504950495049505,0.0,17.32673267326733,0.0,0.0,0.0,0.0,7.425742574257425,0.0,0.0,2.4752475247524752,0.0,0.0,0.0,2.4752475247524752,0.0,0.0,0.0,0.0,7.425742574257425,7.425742574257425,4.9504950495049505,116.33663366336634,34.65346534653466,2.4752475247524752,64.35643564356435,0.6055979643765903,3.9185750636132317,0.0,4.9504950495049505,0.0,0.0,4.9504950495049505,0.0,12.376237623762377,7.425742574257425,0.0,2.4752475247524752,9.900990099009901,12.376237623762377,0.0,0.0,29.7029702970297,0.0,2.4752475247524752,0.0,4.9504950495049505,7.425742574257425,9.900990099009901,0.0,2.4752475247524752
SFC2,12.224938875305625,9.7799511002445,97.799511002445,0.0,9.7799511002445,61.12469437652811,7.334963325183374,7.334963325183374,29.339853300733495,14.669926650366747,2.444987775061125,0.0,7.334963325183374,9.7799511002445,2.444987775061125,168.7041564792176,9.7799511002445,0.0,46.45476772616137,0.0,2.444987775061125,0.0,0.0,14.669926650366747,0.0,0.0,2.444987775061125,0.0,2.444987775061125,0.0,2.444987775061125,0.0,0.0,0.0,0.0,0.0,0.0,7.334963325183374,85.57457212713938,44.00977995110025,7.334963325183374,112.46943765281173,0.5586734693877551,4.158163265306122,4.88997555012225,0.0,7.334963325183374,2.444987775061125,17.114914425427873,0.0,9.7799511002445,14.669926650366747,0.0,4.88997555012225,7.334963325183374,36.674816625916876,7.334963325183374,0.0,39.119804400978,0.0,0.0,0.0,2.444987775061125,0.0,19.559902200489,2.444987775061125,14.669926650366747
SFER,58.8235294117647,4.901960784313726,56.372549019607845,0.0,2.450980392156863,49.01960784313725,12.254901960784313,17.156862745098042,7.352941176470588,2.450980392156863,2.450980392156863,9.803921568627452,24.509803921568626,7.352941176470588,2.450980392156863,203.4313725490196,2.450980392156863,0.0,34.313725490196084,2.450980392156863,0.0,0.0,2.450980392156863,17.156862745098042,0.0,0.0,0.0,4.901960784313726,0.0,0.0,0.0,0.0,0.0,0.0,0.0,2.450980392156863,2.450980392156863,2.450980392156863,95.58823529411764,44.11764705882353,4.901960784313726,75.98039215686273,0.6081424936386769,4.221374045801527,0.0,0.0,0.0,0.0,14.705882352941176,7.352941176470588,17.156862745098042,0.0,0.0,4.901960784313726,2.450980392156863,31.862745098039213,0.0,0.0,29.41176470588235,0.0,0.0,0.0,0.0,2.450980392156863,7.352941176470588,2.450980392156863,17.156862745098042
SFET,24.691358024691358,9.876543209876543,103.7037037037037,2.4691358024691357,9.876543209876543,74.07407407407408,39.50617283950617,7.407407407407407,46.91358024691358,9.876543209876543,2.4691358024691357,4.938271604938271,12.345679012345679,4.938271604938271,0.0,135.80246913580245,9.876543209876543,0.0,49.382716049382715,0.0,0.0,0.0,2.4691358024691357,14.814814814814815,0.0,0.0,0.0,0.0,0.0,0.0,0.0,0.0,0.0,0.0,0.0,0.0,12.345679012345679,14.814814814814815,66.66666666666667,14.814814814814815,9.876543209876543,123.45679012345678,0.5531914893617021,3.6675531914893615,0.0,2.4691358024691357,2.4691358024691357,2.4691358024691357,22.22222222222222,0.0,7.407407407407407,12.345679012345679,2.4691358024691357,12.345679012345679,2.4691358024691357,17.28395061728395,0.0,0.0,69.1358024691358,2.4691358024691357,0.0,0.0,2.4691358024691357,4.938271604938271,22.22222222222222,0.0,22.22222222222222
SFJ2,39.40886699507389,9.852216748768473,59.11330049261083,4.926108374384237,9.852216748768473,76.35467980295567,32.01970443349754,22.167487684729064,19.704433497536947,17.241379310344826,2.4630541871921183,12.315270935960593,2.4630541871921183,2.4630541871921183,2.4630541871921183,248.76847290640393,0.0,0.0,27.093596059113302,0.0,0.0,0.0,0.0,12.315270935960593,7.389162561576354,0.0,0.0,0.0,0.0,0.0,0.0,0.0,0.0,0.0,0.0,0.0,4.926108374384237,2.4630541871921183,83.74384236453201,19.704433497536947,2.4630541871921183,98.52216748768474,0.639686684073107,4.015665796344647,0.0,2.4630541871921183,0.0,2.4630541871921183,9.852216748768473,0.0,12.315270935960593,2.4630541871921183,2.4630541871921183,7.389162561576354,9.852216748768473,17.241379310344826,0.0,0.0,36.94581280788178,0.0,2.4630541871921183,0.0,4.926108374384237,0.0,12.315270935960593,0.0,17.241379310344826
SFNQ,45.34005037783375,5.037783375314861,68.01007556675063,0.0,2.5188916876574305,70.52896725440806,22.670025188916874,25.188916876574307,20.151133501259444,2.5188916876574305,2.5188916876574305,5.037783375314861,7.556675062972292,7.556675062972292,5.037783375314861,206.54911838790932,0.0,0.0,27.707808564231737,2.5188916876574305,0.0,0.0,0.0,12.594458438287154,2.5188916876574305,0.0,0.0,2.5188916876574305,0.0,0.0,0.0,0.0,0.0,0.0,0.0,0.0,2.5188916876574305,5.037783375314861,98.2367758186398,32.7455919395466,5.037783375314861,88.16120906801008,0.6197916666666666,4.286458333333333,0.0,0.0,5.037783375314861,0.0,12.594458438287154,0.0,12.594458438287154,0.0,2.5188916876574305,7.556675062972292,10.075566750629722,30.226700251889167,2.5188916876574305,0.0,27.707808564231737,0.0,0.0,2.5188916876574305,5.037783375314861,5.037783375314861,12.594458438287154,0.0,12.594458438287154
SFYP,38.0952380952381,4.761904761904763,73.80952380952381,2.3809523809523814,7.142857142857142,50.0,19.04761904761905,23.809523809523807,21.428571428571427,2.3809523809523814,7.142857142857142,0.0,16.666666666666668,4.761904761904763,7.142857142857142,207.14285714285717,11.904761904761903,0.0,50.0,2.3809523809523814,0.0,2.3809523809523814,4.761904761904763,19.04761904761905,0.0,0.0,2.3809523809523814,0.0,0.0,0.0,2.3809523809523814,0.0,0.0,0.0,0.0,4.761904761904763,0.0,7.142857142857142,92.85714285714286,35.714285714285715,4.761904761904763,71.42857142857143,0.589873417721519,4.189873417721519,0.0,2.3809523809523814,0.0,0.0,9.523809523809526,2.3809523809523814,2.3809523809523814,0.0,0.0,14.285714285714285,14.285714285714285,30.952380952380953,0.0,0.0,45.238095238095234,2.3809523809523814,0.0,0.0,0.0,2.3809523809523814,4.761904761904763,2.3809523809523814,11.904761904761903
SFYX,62.5,7.5,55.0,2.5,12.5,70.0,35.0,5.0,27.5,5.0,5.0,5.0,5.0,2.5,12.5,167.5,12.5,2.5,42.5,0.0,0.0,0.0,0.0,7.5,2.5,0.0,0.0,5.0,2.5,0.0,0.0,0.0,0.0,0.0,2.5,5.0,5.0,5.0,85.0,37.5,0.0,105.0,0.5636363636363636,4.093506493506493,0.0,0.0,0.0,2.5,15.0,0.0,12.5,12.5,0.0,2.5,15.0,17.5,2.5,0.0,35.0,0.0,2.5,0.0,5.0,5.0,5.0,0.0,12.5
SGCA,17.073170731707318,9.75609756097561,78.04878048780488,2.4390243902439024,2.4390243902439024,63.41463414634146,17.073170731707318,4.878048780487805,29.26829268292683,4.878048780487805,14.634146341463415,9.75609756097561,14.634146341463415,0.0,2.4390243902439024,151.21951219512195,4.878048780487805,0.0,46.34146341463415,2.4390243902439024,0.0,0.0,0.0,21.95121951219512,2.4390243902439024,0.0,0.0,0.0,4.878048780487805,0.0,2.4390243902439024,0.0,2.4390243902439024,0.0,0.0,0.0,17.073170731707318,4.878048780487805,92.6829268292683,53.65853658536585,9.75609756097561,78.04878048780488,0.5634517766497462,4.119289340101523,2.4390243902439024,2.4390243902439024,2.4390243902439024,4.878048780487805,19.51219512195122,2.4390243902439024,9.75609756097561,14.634146341463415,9.75609756097561,12.195121951219512,14.634146341463415,21.95121951219512,4.878048780487805,0.0,36.58536585365854,0.0,2.4390243902439024,0.0,0.0,2.4390243902439024,14.634146341463415,0.0,7.317073170731708
SGYW,39.900249376558605,12.468827930174564,84.78802992518703,0.0,2.493765586034913,79.80049875311721,29.92518703241895,9.975062344139651,42.394014962593516,7.481296758104738,4.987531172069826,12.468827930174564,22.443890274314214,2.493765586034913,0.0,154.6134663341646,7.481296758104738,0.0,32.418952618453865,0.0,0.0,0.0,12.468827930174564,9.975062344139651,2.493765586034913,0.0,0.0,0.0,0.0,0.0,0.0,2.493765586034913,0.0,0.0,0.0,0.0,2.493765586034913,17.456359102244388,74.81296758104739,17.456359102244388,4.987531172069826,104.73815461346634,0.596816976127321,3.989389920424403,0.0,2.493765586034913,0.0,0.0,29.92518703241895,2.493765586034913,14.962593516209475,2.493765586034913,2.493765586034913,7.481296758104738,2.493765586034913,42.394014962593516,2.493765586034913,0.0,54.86284289276808,0.0,2.493765586034913,0.0,7.481296758104738,2.493765586034913,17.456359102244388,2.493765586034913,12.468827930174564
SH6W,46.228710462287104,7.299270072992701,85.1581508515815,4.866180048661801,9.732360097323602,41.3625304136253,21.897810218978105,48.661800486618006,31.630170316301705,12.165450121654501,7.299270072992701,2.4330900243309004,7.299270072992701,4.866180048661801,0.0,184.91484184914842,2.4330900243309004,0.0,38.929440389294406,0.0,0.0,0.0,0.0,14.598540145985401,4.866180048661801,0.0,0.0,0.0,0.0,0.0,0.0,0.0,0.0,2.4330900243309004,0.0,0.0,2.4330900243309004,2.4330900243309004,75.42579075425792,34.0632603406326,19.464720194647203,97.32360097323601,0.6020671834625323,4.074935400516796,2.4330900243309004,0.0,4.866180048661801,0.0,9.732360097323602,2.4330900243309004,14.598540145985401,2.4330900243309004,0.0,4.866180048661801,14.598540145985401,14.598540145985401,7.299270072992701,0.0,55.961070559610704,0.0,4.866180048661801,0.0,2.4330900243309004,4.866180048661801,12.165450121654501,2.4330900243309004,14.598540145985401
SH8K,24.509803921568626,19.607843137254903,83.33333333333333,4.901960784313726,0.0,78.43137254901961,12.254901960784313,7.352941176470588,26.96078431372549,4.901960784313726,2.450980392156863,0.0,26.96078431372549,2.450980392156863,2.450980392156863,193.62745098039215,0.0,0.0,36.76470588235294,0.0,0.0,0.0,2.450980392156863,17.156862745098042,0.0,0.0,0.0,0.0,0.0,0.0,0.0,0.0,0.0,0.0,0.0,0.0,9.803921568627452,2.450980392156863,83.33333333333333,39.21568627450981,7.352941176470588,75.98039215686273,0.5947368421052631,3.873684210526316,0.0,4.901960784313726,2.450980392156863,0.0,19.607843137254903,2.450980392156863,7.352941176470588,12.254901960784313,2.450980392156863,2.450980392156863,2.450980392156863,22.058823529411764,0.0,2.450980392156863,56.372549019607845,0.0,0.0,0.0,0.0,2.450980392156863,4.901960784313726,2.450980392156863,9.803921568627452
SHP3,43.26923076923077,7.211538461538462,76.92307692307693,0.0,12.01923076923077,60.09615384615385,26.442307692307693,14.423076923076923,19.230769230769234,14.423076923076923,19.230769230769234,14.423076923076923,7.211538461538462,0.0,2.403846153846154,161.05769230769232,7.211538461538462,0.0,38.46153846153847,4.807692307692308,2.403846153846154,0.0,0.0,28.846153846153847,0.0,0.0,0.0,0.0,0.0,0.0,0.0,0.0,0.0,0.0,7.211538461538462,0.0,7.211538461538462,7.211538461538462,62.5,9.615384615384617,7.211538461538462,125.0,0.5062972292191436,3.9496221662468516,2.403846153846154,2.403846153846154,7.211538461538462,0.0,21.634615384615383,0.0,7.211538461538462,7.211538461538462,0.0,4.807692307692308,0.0,31.25,0.0,0.0,43.26923076923077,4.807692307692308,0.0,0.0,2.403846153846154,7.211538461538462,21.634615384615383,0.0,21.634615384615383
SHVF,14.492753623188406,2.4154589371980677,86.95652173913044,0.0,4.830917874396135,74.8792270531401,36.231884057971016,14.492753623188406,4.830917874396135,9.66183574879227,4.830917874396135,4.830917874396135,4.830917874396135,4.830917874396135,0.0,212.56038647342996,2.4154589371980677,0.0,31.40096618357488,0.0,0.0,0.0,0.0,19.32367149758454,2.4154589371980677,0.0,2.4154589371980677,0.0,0.0,0.0,0.0,0.0,0.0,0.0,0.0,0.0,7.246376811594203,0.0,70.04830917874396,31.40096618357488,4.830917874396135,82.1256038647343,0.5025,4.0475,2.4154589371980677,0.0,9.66183574879227,2.4154589371980677,19.32367149758454,0.0,4.830917874396135,24.154589371980677,0.0,4.830917874396135,7.246376811594203,21.73913043478261,0.0,0.0,21.73913043478261,0.0,2.4154589371980677,0.0,2.4154589371980677,2.4154589371980677,26.570048309178745,0.0,4.830917874396135
SHXX,40.30226700251889,5.037783375314861,65.4911838790932,0.0,10.075566750629722,45.34005037783375,7.556675062972292,37.783375314861466,20.151133501259444,12.594458438287154,5.037783375314861,0.0,12.594458438287154,0.0,2.5188916876574305,209.06801007556675,5.037783375314861,0.0,35.26448362720403,0.0,0.0,0.0,5.037783375314861,12.594458438287154,0.0,0.0,0.0,0.0,0.0,0.0,0.0,0.0,0.0,0.0,0.0,0.0,2.5188916876574305,0.0,88.16120906801008,25.188916876574307,7.556675062972292,85.64231738035265,0.5907859078590786,3.7262872628726287,0.0,0.0,0.0,0.0,10.075566750629722,2.5188916876574305,5.037783375314861,2.5188916876574305,2.5188916876574305,5.037783375314861,5.037783375314861,5.037783375314861,0.0,2.5188916876574305,47.858942065491185,0.0,0.0,0.0,2.5188916876574305,10.075566750629722,12.594458438287154,7.556675062972292,17.632241813602015
SJ6L,7.371007371007371,14.742014742014742,113.02211302211303,2.457002457002457,0.0,44.22604422604422,12.285012285012284,24.570024570024568,39.31203931203931,14.742014742014742,12.285012285012284,0.0,31.94103194103194,22.11302211302211,7.371007371007371,140.04914004914005,2.457002457002457,0.0,39.31203931203931,2.457002457002457,0.0,0.0,4.914004914004914,22.11302211302211,0.0,0.0,0.0,4.914004914004914,4.914004914004914,0.0,2.457002457002457,0.0,0.0,0.0,2.457002457002457,0.0,0.0,4.914004914004914,81.08108108108108,46.68304668304668,14.742014742014742,95.82309582309583,0.5575447570332481,4.6828644501278776,0.0,2.457002457002457,2.457002457002457,2.457002457002457,9.828009828009828,0.0,4.914004914004914,17.1990171990172,0.0,2.457002457002457,2.457002457002457,41.76904176904177,0.0,0.0,39.31203931203931,4.914004914004914,0.0,2.457002457002457,2.457002457002457,2.457002457002457,19.656019656019655,0.0,12.285012285012284
SJ7N,39.21568627450981,9.803921568627452,78.43137254901961,7.352941176470588,9.803921568627452,61.27450980392157,22.058823529411764,7.352941176470588,29.41176470588235,7.352941176470588,2.450980392156863,7.352941176470588,4.901960784313726,4.901960784313726,2.450980392156863,205.88235294117646,2.450980392156863,2.450980392156863,19.607843137254903,0.0,0.0,0.0,0.0,14.705882352941176,0.0,0.0,0.0,0.0,0.0,0.0,2.450980392156863,0.0,0.0,0.0,2.450980392156863,0.0,4.901960784313726,9.803921568627452,85.7843137254902,31.862745098039213,7.352941176470588,73.52941176470588,0.6109660574412533,3.85378590078329,0.0,2.450980392156863,2.450980392156863,2.450980392156863,9.803921568627452,2.450980392156863,9.803921568627452,4.901960784313726,4.901960784313726,14.705882352941176,17.156862745098042,14.705882352941176,4.901960784313726,0.0,49.01960784313725,2.450980392156863,0.0,0.0,7.352941176470588,4.901960784313726,24.509803921568626,4.901960784313726,12.254901960784313
SJB4,37.31343283582089,2.487562189054726,87.06467661691543,0.0,9.950248756218905,59.701492537313435,27.36318407960199,17.412935323383085,19.90049751243781,7.462686567164179,7.462686567164179,4.975124378109452,9.950248756218905,2.487562189054726,0.0,223.88059701492537,2.487562189054726,0.0,37.31343283582089,2.487562189054726,0.0,0.0,2.487562189054726,24.875621890547265,2.487562189054726,0.0,0.0,0.0,0.0,0.0,0.0,0.0,0.0,0.0,0.0,2.487562189054726,12.437810945273633,4.975124378109452,77.11442786069651,44.776119402985074,4.975124378109452,72.13930348258707,0.6020942408376964,4.2356020942408374,2.487562189054726,2.487562189054726,4.975124378109452,0.0,7.462686567164179,0.0,2.487562189054726,7.462686567164179,4.975124378109452,2.487562189054726,17.412935323383085,32.33830845771144,7.462686567164179,0.0,39.80099502487562,2.487562189054726,2.487562189054726,0.0,2.487562189054726,14.925373134328359,17.412935323383085,0.0,19.90049751243781
SJE3,52.38095238095238,7.142857142857142,52.38095238095238,0.0,4.761904761904763,66.66666666666667,35.714285714285715,14.285714285714285,19.04761904761905,4.761904761904763,4.761904761904763,0.0,11.904761904761903,2.3809523809523814,4.761904761904763,226.1904761904762,4.761904761904763,0.0,40.47619047619048,0.0,0.0,0.0,2.3809523809523814,14.285714285714285,0.0,0.0,0.0,2.3809523809523814,0.0,0.0,0.0,0.0,0.0,0.0,0.0,2.3809523809523814,2.3809523809523814,0.0,83.33333333333333,38.0952380952381,14.285714285714285,73.80952380952381,0.5985221674876847,4.145320197044335,0.0,2.3809523809523814,0.0,2.3809523809523814,7.142857142857142,2.3809523809523814,9.523809523809526,4.761904761904763,0.0,2.3809523809523814,7.142857142857142,19.04761904761905,2.3809523809523814,0.0,33.333333333333336,2.3809523809523814,4.761904761904763,0.0,4.761904761904763,7.142857142857142,16.666666666666668,0.0,11.904761904761903
SJHL,34.912718204488776,2.493765586034913,77.3067331670823,0.0,7.481296758104738,64.83790523690773,24.93765586034913,7.481296758104738,37.406483790523694,0.0,7.481296758104738,9.975062344139651,22.443890274314214,7.481296758104738,9.975062344139651,159.60099750623442,7.481296758104738,0.0,39.900249376558605,2.493765586034913,0.0,0.0,4.987531172069826,19.950124688279303,2.493765586034913,0.0,2.493765586034913,0.0,2.493765586034913,0.0,2.493765586034913,0.0,0.0,0.0,2.493765586034913,2.493765586034913,0.0,2.493765586034913,89.77556109725685,37.406483790523694,7.481296758104738,87.28179551122194,0.6196808510638298,4.202127659574468,0.0,2.493765586034913,2.493765586034913,0.0,17.456359102244388,0.0,4.987531172069826,9.975062344139651,0.0,2.493765586034913,4.987531172069826,27.43142144638404,4.987531172069826,0.0,57.356608478803,2.493765586034913,7.481296758104738,2.493765586034913,4.987531172069826,0.0,17.456359102244388,0.0,27.43142144638404
SJLP,51.85185185185185,4.938271604938271,86.41975308641975,2.4691358024691357,2.4691358024691357,74.07407407407408,51.85185185185185,9.876543209876543,32.098765432098766,7.407407407407407,9.876543209876543,0.0,19.753086419753085,4.938271604938271,2.4691358024691357,143.20987654320987,2.4691358024691357,0.0,44.44444444444444,0.0,0.0,0.0,0.0,14.814814814814815,0.0,0.0,0.0,0.0,4.938271604938271,0.0,2.4691358024691357,0.0,0.0,0.0,4.938271604938271,0.0,2.4691358024691357,7.407407407407407,66.66666666666667,24.691358024691358,7.407407407407407,116.04938271604938,0.5421052631578948,3.7394736842105263,0.0,0.0,2.4691358024691357,0.0,19.753086419753085,0.0,9.876543209876543,4.938271604938271,2.4691358024691357,12.345679012345679,4.938271604938271,29.62962962962963,0.0,0.0,56.79012345679013,0.0,0.0,0.0,7.407407407407407,2.4691358024691357,12.345679012345679,0.0,17.28395061728395
SJLT,31.94103194103194,4.914004914004914,61.42506142506143,0.0,2.457002457002457,51.597051597051596,14.742014742014742,12.285012285012284,31.94103194103194,7.371007371007371,0.0,4.914004914004914,12.285012285012284,4.914004914004914,2.457002457002457,189.1891891891892,2.457002457002457,0.0,19.656019656019655,2.457002457002457,0.0,0.0,4.914004914004914,27.027027027027028,2.457002457002457,0.0,0.0,0.0,0.0,0.0,0.0,0.0,0.0,2.457002457002457,0.0,0.0,12.285012285012284,14.742014742014742,66.33906633906633,51.597051597051596,0.0,85.995085995086,0.6243523316062176,3.8678756476683938,0.0,2.457002457002457,0.0,0.0,7.371007371007371,0.0,9.828009828009828,7.371007371007371,0.0,9.828009828009828,14.742014742014742,24.570024570024568,2.457002457002457,2.457002457002457,54.054054054054056,2.457002457002457,0.0,0.0,2.457002457002457,0.0,4.914004914004914,0.0,14.742014742014742
SJRQ,49.62779156327544,2.4813895781637716,74.44168734491315,2.4813895781637716,7.444168734491315,42.183622828784124,22.332506203473944,22.332506203473944,27.29528535980149,12.40694789081886,0.0,4.962779156327543,19.851116625310173,4.962779156327543,2.4813895781637716,210.91811414392058,4.962779156327543,0.0,34.7394540942928,4.962779156327543,0.0,0.0,2.4813895781637716,2.4813895781637716,0.0,0.0,0.0,2.4813895781637716,2.4813895781637716,0.0,0.0,0.0,0.0,0.0,0.0,0.0,2.4813895781637716,4.962779156327543,96.77419354838709,32.25806451612903,9.925558312655086,71.96029776674938,0.609375,3.9609375,0.0,2.4813895781637716,0.0,0.0,19.851116625310173,2.4813895781637716,4.962779156327543,12.40694789081886,0.0,2.4813895781637716,12.40694789081886,29.77667493796526,0.0,0.0,39.702233250620345,0.0,7.444168734491315,0.0,2.4813895781637716,2.4813895781637716,2.4813895781637716,0.0,19.851116625310173
SJWU,32.663316582914575,12.56281407035176,85.42713567839195,2.512562814070352,2.512562814070352,42.713567839195974,40.20100502512563,2.512562814070352,42.713567839195974,2.512562814070352,10.050251256281408,5.025125628140704,20.100502512562816,7.537688442211055,7.537688442211055,188.4422110552764,5.025125628140704,0.0,35.175879396984925,0.0,2.512562814070352,2.512562814070352,2.512562814070352,15.07537688442211,0.0,0.0,2.512562814070352,0.0,0.0,0.0,0.0,0.0,0.0,0.0,0.0,0.0,0.0,7.537688442211055,92.96482412060301,30.15075376884422,0.0,85.42713567839195,0.6272965879265092,4.4776902887139105,2.512562814070352,0.0,0.0,2.512562814070352,12.56281407035176,2.512562814070352,10.050251256281408,5.025125628140704,2.512562814070352,0.0,7.537688442211055,17.587939698492463,2.512562814070352,0.0,37.688442211055275,5.025125628140704,0.0,2.512562814070352,2.512562814070352,0.0,7.537688442211055,0.0,20.100502512562816
SK3P,26.829268292682926,2.4390243902439024,68.29268292682927,0.0,9.75609756097561,34.146341463414636,17.073170731707318,29.26829268292683,14.634146341463415,0.0,2.4390243902439024,2.4390243902439024,14.634146341463415,2.4390243902439024,0.0,251.21951219512195,4.878048780487805,0.0,39.02439024390244,0.0,0.0,0.0,0.0,14.634146341463415,0.0,0.0,0.0,0.0,2.4390243902439024,0.0,2.4390243902439024,0.0,0.0,2.4390243902439024,0.0,0.0,2.4390243902439024,7.317073170731708,82.92682926829269,36.58536585365854,2.4390243902439024,90.24390243902438,0.5386533665835411,4.034912718204489,0.0,0.0,0.0,4.878048780487805,9.75609756097561,7.317073170731708,2.4390243902439024,14.634146341463415,2.4390243902439024,2.4390243902439024,4.878048780487805,14.634146341463415,0.0,0.0,21.95121951219512,0.0,0.0,0.0,0.0,7.317073170731708,19.51219512195122,2.4390243902439024,12.195121951219512
SK3S,26.50602409638554,0.0,84.33734939759036,2.4096385542168677,2.4096385542168677,65.06024096385542,16.867469879518072,28.91566265060241,7.228915662650603,4.819277108433735,12.048192771084338,0.0,14.457831325301205,4.819277108433735,2.4096385542168677,204.81927710843374,4.819277108433735,0.0,31.32530120481928,2.4096385542168677,2.4096385542168677,0.0,0.0,12.048192771084338,2.4096385542168677,0.0,0.0,0.0,0.0,0.0,2.4096385542168677,0.0,2.4096385542168677,0.0,0.0,2.4096385542168677,14.457831325301205,0.0,77.10843373493977,57.83132530120482,9.63855421686747,57.83132530120482,0.568922305764411,4.197994987468672,0.0,2.4096385542168677,7.228915662650603,0.0,16.867469879518072,4.819277108433735,9.63855421686747,12.048192771084338,0.0,12.048192771084338,0.0,38.55421686746988,0.0,0.0,36.144578313253014,0.0,0.0,0.0,2.4096385542168677,0.0,12.048192771084338,0.0,9.63855421686747
SK8N,47.961630695443645,7.194244604316547,43.16546762589928,4.796163069544364,0.0,55.15587529976019,11.990407673860911,11.990407673860911,28.77697841726619,4.796163069544364,0.0,9.592326139088728,14.388489208633095,4.796163069544364,4.796163069544364,179.85611510791367,4.796163069544364,0.0,33.57314148681055,0.0,0.0,0.0,2.398081534772182,19.184652278177456,4.796163069544364,0.0,2.398081534772182,2.398081534772182,0.0,0.0,0.0,0.0,0.0,0.0,0.0,0.0,2.398081534772182,7.194244604316547,100.71942446043165,43.16546762589928,4.796163069544364,103.11750599520383,0.6159600997506235,4.249376558603491,0.0,2.398081534772182,2.398081534772182,0.0,19.184652278177456,0.0,7.194244604316547,11.990407673860911,2.398081534772182,7.194244604316547,7.194244604316547,19.184652278177456,2.398081534772182,0.0,38.36930455635491,4.796163069544364,7.194244604316547,0.0,4.796163069544364,4.796163069544364,16.786570743405274,0.0,14.388489208633095
SKGU,33.09692671394799,4.7281323877068555,70.92198581560284,0.0,7.092198581560283,61.46572104018912,49.64539007092199,23.64066193853428,7.092198581560283,9.456264775413711,9.456264775413711,2.3640661938534278,7.092198581560283,0.0,0.0,179.66903073286053,2.3640661938534278,0.0,26.004728132387708,0.0,2.3640661938534278,0.0,0.0,18.912529550827422,2.3640661938534278,0.0,0.0,2.3640661938534278,0.0,0.0,0.0,0.0,0.0,0.0,0.0,0.0,4.7281323877068555,9.456264775413711,82.74231678486997,23.64066193853428,7.092198581560283,87.47044917257683,0.5845771144278606,3.888059701492537,2.3640661938534278,0.0,2.3640661938534278,0.0,7.092198581560283,4.7281323877068555,4.7281323877068555,9.456264775413711,2.3640661938534278,11.82033096926714,7.092198581560283,28.368794326241133,0.0,0.0,47.28132387706856,4.7281323877068555,2.3640661938534278,0.0,0.0,4.7281323877068555,16.548463356973993,2.3640661938534278,14.184397163120567
SKJ6,47.146401985111666,4.962779156327543,49.62779156327544,7.444168734491315,4.962779156327543,69.4789081885856,4.962779156327543,17.3697270471464,14.88833746898263,7.444168734491315,0.0,7.444168734491315,7.444168734491315,0.0,0.0,208.43672456575683,4.962779156327543,0.0,37.220843672456574,0.0,0.0,0.0,0.0,9.925558312655086,2.4813895781637716,0.0,0.0,0.0,0.0,0.0,0.0,0.0,0.0,0.0,2.4813895781637716,2.4813895781637716,4.962779156327543,4.962779156327543,89.33002481389578,42.183622828784124,14.88833746898263,69.4789081885856,0.6322751322751323,3.962962962962963,2.4813895781637716,2.4813895781637716,2.4813895781637716,4.962779156327543,7.444168734491315,2.4813895781637716,17.3697270471464,4.962779156327543,0.0,9.925558312655086,9.925558312655086,22.332506203473944,0.0,0.0,69.4789081885856,4.962779156327543,2.4813895781637716,0.0,2.4813895781637716,0.0,9.925558312655086,0.0,4.962779156327543
SKPB,42.65402843601896,7.109004739336492,82.93838862559241,0.0,0.0,71.09004739336493,30.805687203791468,18.95734597156398,18.95734597156398,14.218009478672984,9.47867298578199,9.47867298578199,21.32701421800948,4.739336492890995,0.0,158.76777251184834,2.3696682464454977,0.0,45.023696682464454,0.0,0.0,0.0,2.3696682464454977,14.218009478672984,2.3696682464454977,0.0,0.0,0.0,4.739336492890995,0.0,0.0,2.3696682464454977,2.3696682464454977,0.0,0.0,0.0,4.739336492890995,2.3696682464454977,78.19905213270142,35.54502369668246,16.587677725118485,82.93838862559241,0.585,3.98,0.0,0.0,9.47867298578199,2.3696682464454977,16.587677725118485,4.739336492890995,23.696682464454973,4.739336492890995,4.739336492890995,9.47867298578199,18.95734597156398,21.32701421800948,4.739336492890995,0.0,52.132701421800945,0.0,4.739336492890995,0.0,2.3696682464454977,0.0,16.587677725118485,0.0,11.848341232227487
SKY7,67.79661016949153,9.685230024213075,50.84745762711865,0.0,2.4213075060532687,67.79661016949153,24.213075060532688,14.527845036319613,16.949152542372882,2.4213075060532687,7.263922518159807,7.263922518159807,12.106537530266344,2.4213075060532687,0.0,196.12590799031477,2.4213075060532687,0.0,26.634382566585955,0.0,0.0,0.0,4.842615012106537,12.106537530266344,0.0,0.0,0.0,2.4213075060532687,0.0,0.0,0.0,0.0,0.0,2.4213075060532687,2.4213075060532687,0.0,4.842615012106537,9.685230024213075,104.11622276029055,43.583535108958834,7.263922518159807,82.32445520581113,0.5513784461152882,4.12781954887218,0.0,4.842615012106537,0.0,2.4213075060532687,4.842615012106537,0.0,12.106537530266344,7.263922518159807,0.0,4.842615012106537,7.263922518159807,16.949152542372882,0.0,0.0,29.055690072639226,2.4213075060532687,4.842615012106537,0.0,4.842615012106537,4.842615012106537,4.842615012106537,0.0,14.527845036319613
SLDB,17.1990171990172,7.371007371007371,93.36609336609337,0.0,4.914004914004914,73.71007371007371,9.828009828009828,4.914004914004914,29.484029484029485,4.914004914004914,2.457002457002457,9.828009828009828,12.285012285012284,7.371007371007371,0.0,189.1891891891892,4.914004914004914,0.0,29.484029484029485,2.457002457002457,0.0,0.0,0.0,14.742014742014742,2.457002457002457,2.457002457002457,0.0,0.0,0.0,0.0,0.0,0.0,0.0,0.0,0.0,2.457002457002457,7.371007371007371,4.914004914004914,66.33906633906633,44.22604422604422,2.457002457002457,85.995085995086,0.5891472868217055,3.8242894056847545,4.914004914004914,0.0,2.457002457002457,2.457002457002457,9.828009828009828,4.914004914004914,7.371007371007371,7.371007371007371,0.0,4.914004914004914,2.457002457002457,17.1990171990172,2.457002457002457,0.0,63.88206388206388,0.0,0.0,0.0,4.914004914004914,0.0,12.285012285012284,2.457002457002457,12.285012285012284
SLNV,27.093596059113302,14.778325123152708,100.98522167487685,12.315270935960593,9.852216748768473,59.11330049261083,17.241379310344826,4.926108374384237,27.093596059113302,2.4630541871921183,0.0,0.0,24.630541871921185,9.852216748768473,0.0,194.58128078817734,9.852216748768473,0.0,46.79802955665024,0.0,2.4630541871921183,0.0,0.0,14.778325123152708,4.926108374384237,0.0,0.0,0.0,0.0,0.0,0.0,0.0,2.4630541871921183,7.389162561576354,0.0,2.4630541871921183,0.0,2.4630541871921183,100.98522167487685,32.01970443349754,12.315270935960593,98.52216748768474,0.5438144329896907,4.213917525773196,4.926108374384237,0.0,4.926108374384237,2.4630541871921183,22.167487684729064,0.0,2.4630541871921183,2.4630541871921183,0.0,0.0,4.926108374384237,32.01970443349754,9.852216748768473,0.0,44.33497536945813,0.0,2.4630541871921183,0.0,2.4630541871921183,2.4630541871921183,22.167487684729064,0.0,9.852216748768473
SLT4,9.900990099009901,2.4752475247524752,71.78217821782178,0.0,9.900990099009901,44.554455445544555,12.376237623762377,14.85148514851485,22.277227722772277,9.900990099009901,7.425742574257425,14.85148514851485,9.900990099009901,0.0,2.4752475247524752,222.77227722772278,4.9504950495049505,2.4752475247524752,34.65346534653466,2.4752475247524752,0.0,0.0,0.0,17.32673267326733,0.0,0.0,0.0,0.0,0.0,0.0,0.0,0.0,0.0,0.0,2.4752475247524752,0.0,4.9504950495049505,0.0,79.20792079207921,24.752475247524753,9.900990099009901,79.20792079207921,0.5906735751295337,3.9974093264248705,0.0,0.0,2.4752475247524752,2.4752475247524752,4.9504950495049505,7.425742574257425,4.9504950495049505,19.801980198019802,0.0,12.376237623762377,9.900990099009901,24.752475247524753,2.4752475247524752,0.0,34.65346534653466,2.4752475247524752,0.0,0.0,0.0,9.900990099009901,19.801980198019802,0.0,14.85148514851485
SM88,49.87531172069826,14.962593516209475,89.77556109725685,0.0,9.975062344139651,87.28179551122194,9.975062344139651,19.950124688279303,17.456359102244388,2.493765586034913,2.493765586034913,4.987531172069826,7.481296758104738,7.481296758104738,0.0,201.99501246882792,7.481296758104738,0.0,34.912718204488776,0.0,0.0,0.0,0.0,12.468827930174564,0.0,0.0,0.0,0.0,0.0,0.0,0.0,0.0,0.0,0.0,0.0,0.0,4.987531172069826,9.975062344139651,79.80049875311721,24.93765586034913,7.481296758104738,92.26932668329177,0.6206896551724138,3.9787798408488064,0.0,4.987531172069826,0.0,0.0,2.493765586034913,2.493765586034913,4.987531172069826,4.987531172069826,0.0,0.0,7.481296758104738,19.950124688279303,4.987531172069826,0.0,47.38154613466334,2.493765586034913,0.0,0.0,2.493765586034913,0.0,19.950124688279303,0.0,17.456359102244388
SM8P,45.45454545454545,4.784688995215311,62.20095693779904,4.784688995215311,7.177033492822967,57.41626794258374,35.88516746411483,11.961722488038278,14.354066985645934,7.177033492822967,7.177033492822967,2.3923444976076556,7.177033492822967,7.177033492822967,0.0,193.77990430622012,7.177033492822967,0.0,33.49282296650718,0.0,0.0,0.0,0.0,23.923444976076556,0.0,0.0,2.3923444976076556,0.0,0.0,0.0,2.3923444976076556,0.0,0.0,0.0,2.3923444976076556,0.0,2.3923444976076556,0.0,93.30143540669856,23.923444976076556,4.784688995215311,90.9090909090909,0.5919395465994962,4.277078085642318,2.3923444976076556,16.74641148325359,0.0,2.3923444976076556,2.3923444976076556,0.0,26.31578947368421,0.0,9.569377990430622,7.177033492822967,19.138755980861244,21.5311004784689,7.177033492822967,0.0,40.66985645933014,2.3923444976076556,2.3923444976076556,0.0,2.3923444976076556,2.3923444976076556,11.961722488038278,0.0,14.354066985645934
SM99,42.28855721393035,14.925373134328359,52.23880597014925,0.0,19.90049751243781,39.80099502487562,14.925373134328359,4.975124378109452,22.388059701492537,9.950248756218905,17.412935323383085,4.975124378109452,9.950248756218905,7.462686567164179,0.0,226.3681592039801,2.487562189054726,2.487562189054726,22.388059701492537,2.487562189054726,0.0,0.0,0.0,14.925373134328359,2.487562189054726,0.0,0.0,2.487562189054726,0.0,0.0,2.487562189054726,0.0,0.0,0.0,4.975124378109452,0.0,2.487562189054726,2.487562189054726,77.11442786069651,29.850746268656717,4.975124378109452,84.5771144278607,0.6502590673575129,4.341968911917099,2.487562189054726,0.0,0.0,2.487562189054726,7.462686567164179,0.0,4.975124378109452,2.487562189054726,0.0,4.975124378109452,7.462686567164179,17.412935323383085,4.975124378109452,2.487562189054726,24.875621890547265,2.487562189054726,0.0,0.0,7.462686567164179,2.487562189054726,7.462686567164179,4.975124378109452,2.487562189054726
SMC2,36.05769230769231,0.0,105.76923076923077,0.0,7.211538461538462,72.11538461538461,7.211538461538462,26.442307692307693,26.442307692307693,0.0,0.0,0.0,33.65384615384615,2.403846153846154,0.0,199.51923076923077,7.211538461538462,0.0,31.25,0.0,0.0,0.0,12.01923076923077,16.826923076923077,2.403846153846154,0.0,0.0,2.403846153846154,0.0,0.0,2.403846153846154,0.0,0.0,0.0,0.0,0.0,7.211538461538462,9.615384615384617,74.51923076923077,26.442307692307693,2.403846153846154,96.15384615384616,0.5809768637532133,3.886889460154242,2.403846153846154,0.0,0.0,0.0,9.615384615384617,0.0,7.211538461538462,7.211538461538462,2.403846153846154,4.807692307692308,7.211538461538462,36.05769230769231,4.807692307692308,2.403846153846154,60.09615384615385,7.211538461538462,2.403846153846154,0.0,4.807692307692308,2.403846153846154,14.423076923076923,0.0,16.826923076923077
SMPU,37.220843672456574,9.925558312655086,69.4789081885856,7.444168734491315,7.444168734491315,62.03473945409429,7.444168734491315,0.0,52.10918114143921,2.4813895781637716,7.444168734491315,0.0,14.88833746898263,7.444168734491315,7.444168734491315,131.5136476426799,12.40694789081886,0.0,47.146401985111666,2.4813895781637716,0.0,2.4813895781637716,0.0,22.332506203473944,0.0,0.0,0.0,0.0,2.4813895781637716,0.0,2.4813895781637716,0.0,0.0,0.0,2.4813895781637716,0.0,12.40694789081886,0.0,66.99751861042184,37.220843672456574,14.88833746898263,106.69975186104217,0.5736842105263158,4.028947368421052,4.962779156327543,2.4813895781637716,2.4813895781637716,2.4813895781637716,17.3697270471464,0.0,2.4813895781637716,12.40694789081886,4.962779156327543,7.444168734491315,7.444168734491315,24.81389578163772,7.444168734491315,0.0,49.62779156327544,0.0,0.0,0.0,2.4813895781637716,0.0,9.925558312655086,0.0,19.851116625310173
SMYJ,22.727272727272727,12.626262626262626,90.9090909090909,0.0,2.5252525252525255,68.18181818181817,55.55555555555555,2.5252525252525255,45.45454545454545,2.5252525252525255,2.5252525252525255,5.050505050505051,10.101010101010102,7.575757575757576,2.5252525252525255,128.78787878787878,2.5252525252525255,0.0,35.35353535353535,0.0,0.0,0.0,0.0,25.252525252525253,0.0,0.0,0.0,0.0,0.0,0.0,0.0,0.0,0.0,0.0,0.0,0.0,7.575757575757576,2.5252525252525255,85.85858585858585,22.727272727272727,12.626262626262626,126.26262626262627,0.5623342175066313,4.209549071618037,0.0,2.5252525252525255,0.0,0.0,17.676767676767675,2.5252525252525255,2.5252525252525255,10.101010101010102,0.0,7.575757575757576,5.050505050505051,30.303030303030305,5.050505050505051,0.0,47.97979797979798,2.5252525252525255,0.0,0.0,0.0,5.050505050505051,22.727272727272727,0.0,20.202020202020204
SMZV,22.167487684729064,4.926108374384237,78.81773399014779,4.926108374384237,7.389162561576354,73.89162561576356,4.926108374384237,0.0,27.093596059113302,12.315270935960593,9.852216748768473,14.778325123152708,7.389162561576354,2.4630541871921183,4.926108374384237,174.8768472906404,2.4630541871921183,0.0,24.630541871921185,0.0,0.0,0.0,0.0,29.556650246305416,0.0,0.0,0.0,0.0,2.4630541871921183,0.0,0.0,0.0,0.0,0.0,2.4630541871921183,0.0,4.926108374384237,2.4630541871921183,59.11330049261083,34.48275862068965,12.315270935960593,123.15270935960591,0.5269922879177378,4.015424164524422,4.926108374384237,0.0,9.852216748768473,2.4630541871921183,22.167487684729064,0.0,2.4630541871921183,12.315270935960593,0.0,2.4630541871921183,4.926108374384237,36.94581280788178,2.4630541871921183,0.0,39.40886699507389,2.4630541871921183,0.0,2.4630541871921183,2.4630541871921183,2.4630541871921183,17.241379310344826,0.0,24.630541871921185
SN2C,49.75124378109453,2.487562189054726,47.2636815920398,0.0,7.462686567164179,49.75124378109453,19.90049751243781,9.950248756218905,34.82587064676617,4.975124378109452,0.0,0.0,12.437810945273633,0.0,0.0,174.12935323383087,2.487562189054726,2.487562189054726,22.388059701492537,0.0,2.487562189054726,0.0,2.487562189054726,34.82587064676617,0.0,0.0,0.0,2.487562189054726,4.975124378109452,0.0,0.0,0.0,0.0,0.0,2.487562189054726,0.0,9.950248756218905,7.462686567164179,77.11442786069651,44.776119402985074,7.462686567164179,74.62686567164178,0.5205128205128206,3.8564102564102565,2.487562189054726,4.975124378109452,9.950248756218905,0.0,9.950248756218905,4.975124378109452,2.487562189054726,9.950248756218905,2.487562189054726,7.462686567164179,9.950248756218905,22.388059701492537,4.975124378109452,0.0,24.875621890547265,0.0,0.0,0.0,0.0,4.975124378109452,12.437810945273633,2.487562189054726,14.925373134328359
SNAQ,35.46099290780142,14.184397163120567,68.5579196217494,0.0,11.82033096926714,66.19385342789597,7.092198581560283,7.092198581560283,35.46099290780142,14.184397163120567,7.092198581560283,4.7281323877068555,14.184397163120567,9.456264775413711,2.3640661938534278,167.84869976359337,2.3640661938534278,0.0,26.004728132387708,0.0,0.0,2.3640661938534278,0.0,21.27659574468085,0.0,0.0,0.0,0.0,0.0,0.0,2.3640661938534278,0.0,2.3640661938534278,0.0,2.3640661938534278,0.0,2.3640661938534278,11.82033096926714,78.01418439716312,26.004728132387708,9.456264775413711,106.38297872340425,0.5925,4.16,0.0,4.7281323877068555,0.0,4.7281323877068555,4.7281323877068555,0.0,4.7281323877068555,0.0,2.3640661938534278,16.548463356973993,2.3640661938534278,33.09692671394799,2.3640661938534278,2.3640661938534278,47.28132387706856,4.7281323877068555,0.0,0.0,4.7281323877068555,0.0,16.548463356973993,2.3640661938534278,28.368794326241133
SNCR,32.5,2.5,60.0,5.0,5.0,37.5,20.0,50.0,7.5,5.0,10.0,2.5,2.5,2.5,0.0,200.0,5.0,0.0,32.5,0.0,0.0,2.5,0.0,22.5,2.5,2.5,0.0,2.5,0.0,0.0,0.0,0.0,0.0,0.0,0.0,0.0,7.5,12.5,80.0,37.5,7.5,80.0,0.6015831134564644,4.269129287598944,5.0,0.0,2.5,0.0,7.5,2.5,10.0,15.0,2.5,20.0,10.0,27.5,0.0,2.5,45.0,2.5,2.5,0.0,2.5,0.0,12.5,0.0,17.5
SNG4,7.334963325183374,12.224938875305625,70.90464547677261,0.0,0.0,78.239608801956,31.78484107579462,4.88997555012225,17.114914425427873,9.7799511002445,2.444987775061125,4.88997555012225,12.224938875305625,14.669926650366747,2.444987775061125,180.92909535452324,2.444987775061125,0.0,17.114914425427873,2.444987775061125,2.444987775061125,0.0,7.334963325183374,12.224938875305625,0.0,0.0,0.0,2.444987775061125,0.0,0.0,0.0,0.0,0.0,2.444987775061125,2.444987775061125,2.444987775061125,7.334963325183374,7.334963325183374,90.46454767726162,29.339853300733495,4.88997555012225,92.90953545232274,0.5424164524421594,4.089974293059126,2.444987775061125,0.0,2.444987775061125,0.0,24.44987775061125,0.0,4.88997555012225,24.44987775061125,0.0,12.224938875305625,7.334963325183374,19.559902200489,14.669926650366747,0.0,46.45476772616137,2.444987775061125,2.444987775061125,0.0,4.88997555012225,7.334963325183374,24.44987775061125,2.444987775061125,17.114914425427873
SNXG,33.57314148681055,7.194244604316547,91.12709832134293,7.194244604316547,4.796163069544364,69.54436450839329,28.77697841726619,16.786570743405274,21.58273381294964,16.786570743405274,2.398081534772182,7.194244604316547,21.58273381294964,2.398081534772182,0.0,151.0791366906475,4.796163069544364,0.0,33.57314148681055,0.0,0.0,0.0,4.796163069544364,19.184652278177456,0.0,0.0,4.796163069544364,0.0,0.0,0.0,2.398081534772182,0.0,0.0,0.0,0.0,0.0,11.990407673860911,2.398081534772182,86.33093525179856,33.57314148681055,7.194244604316547,88.72901678657075,0.6041131105398457,3.8688946015424164,0.0,2.398081534772182,2.398081534772182,0.0,23.980815347721823,0.0,11.990407673860911,7.194244604316547,0.0,4.796163069544364,7.194244604316547,28.77697841726619,0.0,0.0,57.55395683453238,0.0,7.194244604316547,2.398081534772182,4.796163069544364,4.796163069544364,11.990407673860911,0.0,11.990407673860911
SNZS,29.339853300733495,0.0,85.57457212713938,2.444987775061125,4.88997555012225,61.12469437652811,19.559902200489,4.88997555012225,17.114914425427873,12.224938875305625,4.88997555012225,0.0,17.114914425427873,4.88997555012225,0.0,222.49388753056235,2.444987775061125,2.444987775061125,48.8997555012225,4.88997555012225,0.0,0.0,4.88997555012225,22.004889975550125,0.0,0.0,0.0,0.0,0.0,0.0,2.444987775061125,0.0,0.0,0.0,0.0,0.0,2.444987775061125,0.0,78.239608801956,29.339853300733495,4.88997555012225,68.45965770171149,0.5406091370558376,3.989847715736041,2.444987775061125,0.0,0.0,0.0,7.334963325183374,2.444987775061125,9.7799511002445,7.334963325183374,0.0,12.224938875305625,2.444987775061125,41.56479217603912,0.0,0.0,26.89486552567237,0.0,0.0,0.0,4.88997555012225,0.0,17.114914425427873,0.0,2.444987775061125
SP2Y,4.975124378109452,7.462686567164179,89.55223880597015,2.487562189054726,0.0,72.13930348258707,7.462686567164179,7.462686567164179,22.388059701492537,9.950248756218905,0.0,2.487562189054726,9.950248756218905,22.388059701492537,0.0,169.1542288557214,9.950248756218905,0.0,27.36318407960199,0.0,0.0,0.0,4.975124378109452,27.36318407960199,0.0,0.0,2.487562189054726,0.0,0.0,0.0,0.0,0.0,0.0,0.0,0.0,0.0,0.0,7.462686567164179,89.55223880597015,49.75124378109453,9.950248756218905,82.08955223880596,0.5925925925925926,4.574074074074074,0.0,2.487562189054726,4.975124378109452,2.487562189054726,27.36318407960199,2.487562189054726,7.462686567164179,4.975124378109452,2.487562189054726,9.950248756218905,12.437810945273633,24.875621890547265,7.462686567164179,4.975124378109452,57.21393034825871,2.487562189054726,2.487562189054726,0.0,4.975124378109452,0.0,17.412935323383085,0.0,0.0
SP3F,41.463414634146346,4.878048780487805,78.04878048780488,2.4390243902439024,0.0,41.463414634146346,17.073170731707318,12.195121951219512,26.829268292682926,7.317073170731708,9.75609756097561,0.0,29.26829268292683,7.317073170731708,2.4390243902439024,212.1951219512195,2.4390243902439024,0.0,48.78048780487805,0.0,0.0,0.0,0.0,14.634146341463415,0.0,0.0,0.0,0.0,0.0,0.0,7.317073170731708,0.0,0.0,2.4390243902439024,2.4390243902439024,4.878048780487805,7.317073170731708,0.0,78.04878048780488,31.70731707317073,4.878048780487805,102.4390243902439,0.5804749340369393,4.395778364116095,0.0,4.878048780487805,2.4390243902439024,0.0,21.95121951219512,2.4390243902439024,2.4390243902439024,0.0,0.0,4.878048780487805,9.75609756097561,29.26829268292683,0.0,0.0,43.90243902439024,0.0,0.0,0.0,4.878048780487805,2.4390243902439024,14.634146341463415,0.0,17.073170731707318
SP7F,33.17535545023697,11.848341232227487,90.04739336492891,0.0,2.3696682464454977,49.76303317535545,42.65402843601896,30.805687203791468,9.47867298578199,18.95734597156398,11.848341232227487,4.739336492890995,26.066350710900473,4.739336492890995,7.109004739336492,125.59241706161137,4.739336492890995,0.0,33.17535545023697,0.0,4.739336492890995,0.0,4.739336492890995,35.54502369668246,0.0,0.0,0.0,0.0,0.0,0.0,2.3696682464454977,0.0,0.0,0.0,0.0,0.0,4.739336492890995,11.848341232227487,61.611374407582936,21.32701421800948,18.95734597156398,109.00473933649289,0.5675,4.3025,0.0,2.3696682464454977,2.3696682464454977,2.3696682464454977,30.805687203791468,0.0,18.95734597156398,4.739336492890995,0.0,11.848341232227487,9.47867298578199,37.91469194312796,4.739336492890995,0.0,47.393364928909946,2.3696682464454977,2.3696682464454977,0.0,11.848341232227487,7.109004739336492,23.696682464454973,0.0,9.47867298578199
SP84,39.21568627450981,4.901960784313726,83.33333333333333,4.901960784313726,7.352941176470588,46.568627450980394,12.254901960784313,4.901960784313726,22.058823529411764,9.803921568627452,4.901960784313726,4.901960784313726,24.509803921568626,17.156862745098042,2.450980392156863,213.23529411764704,7.352941176470588,0.0,41.666666666666664,2.450980392156863,0.0,2.450980392156863,7.352941176470588,14.705882352941176,2.450980392156863,0.0,0.0,0.0,4.901960784313726,0.0,2.450980392156863,0.0,0.0,0.0,0.0,0.0,4.901960784313726,2.450980392156863,95.58823529411764,85.7843137254902,9.803921568627452,98.0392156862745,0.6556122448979592,5.01530612244898,2.450980392156863,4.901960784313726,0.0,7.352941176470588,7.352941176470588,0.0,2.450980392156863,0.0,0.0,2.450980392156863,2.450980392156863,17.156862745098042,0.0,0.0,36.76470588235294,0.0,0.0,0.0,7.352941176470588,2.450980392156863,7.352941176470588,0.0,2.450980392156863
SPC7,7.246376811594203,0.0,99.03381642512076,4.830917874396135,0.0,41.06280193236715,28.985507246376812,19.32367149758454,19.32367149758454,7.246376811594203,7.246376811594203,0.0,19.32367149758454,0.0,0.0,231.8840579710145,4.830917874396135,0.0,38.64734299516908,0.0,0.0,0.0,4.830917874396135,9.66183574879227,2.4154589371980677,0.0,2.4154589371980677,2.4154589371980677,0.0,4.830917874396135,0.0,0.0,0.0,2.4154589371980677,0.0,0.0,0.0,7.246376811594203,99.03381642512076,41.06280193236715,9.66183574879227,82.1256038647343,0.5848101265822785,4.093670886075949,2.4154589371980677,0.0,14.492753623188406,0.0,28.985507246376812,2.4154589371980677,4.830917874396135,4.830917874396135,2.4154589371980677,2.4154589371980677,4.830917874396135,12.077294685990339,0.0,2.4154589371980677,41.06280193236715,0.0,0.0,0.0,0.0,12.077294685990339,19.32367149758454,0.0,14.492753623188406
SPHU,19.093078758949883,7.159904534606206,93.07875894988067,0.0,0.0,83.53221957040573,14.319809069212411,21.479713603818613,21.479713603818613,2.3866348448687353,2.3866348448687353,4.773269689737471,9.546539379474941,2.3866348448687353,4.773269689737471,190.9307875894988,4.773269689737471,0.0,35.79952267303103,0.0,0.0,0.0,2.3866348448687353,21.479713603818613,2.3866348448687353,0.0,0.0,2.3866348448687353,0.0,0.0,0.0,0.0,0.0,0.0,0.0,0.0,2.3866348448687353,11.933174224343675,93.07875894988067,31.026252983293556,4.773269689737471,95.4653937947494,0.5575,3.98,7.159904534606206,0.0,2.3866348448687353,2.3866348448687353,16.706443914081145,2.3866348448687353,4.773269689737471,11.933174224343675,2.3866348448687353,7.159904534606206,4.773269689737471,35.79952267303103,2.3866348448687353,2.3866348448687353,40.572792362768496,0.0,0.0,0.0,0.0,2.3866348448687353,11.933174224343675,2.3866348448687353,14.319809069212411
SPLU,39.50617283950617,9.876543209876543,96.29629629629629,0.0,14.814814814814815,49.382716049382715,17.28395061728395,41.97530864197531,29.62962962962963,9.876543209876543,4.938271604938271,2.4691358024691357,17.28395061728395,2.4691358024691357,7.407407407407407,160.49382716049382,2.4691358024691357,0.0,44.44444444444444,0.0,0.0,0.0,0.0,22.22222222222222,0.0,0.0,0.0,0.0,0.0,0.0,2.4691358024691357,0.0,0.0,0.0,4.938271604938271,0.0,4.938271604938271,9.876543209876543,64.19753086419753,32.098765432098766,4.938271604938271,98.76543209876543,0.5677083333333334,3.7708333333333335,0.0,0.0,2.4691358024691357,0.0,12.345679012345679,2.4691358024691357,9.876543209876543,0.0,0.0,4.938271604938271,9.876543209876543,22.22222222222222,9.876543209876543,2.4691358024691357,46.91358024691358,4.938271604938271,0.0,0.0,2.4691358024691357,0.0,12.345679012345679,0.0,17.28395061728395
SPML,59.8503740648379,7.481296758104738,44.88778054862843,2.493765586034913,2.493765586034913,69.82543640897755,9.975062344139651,2.493765586034913,32.418952618453865,0.0,7.481296758104738,2.493765586034913,7.481296758104738,0.0,0.0,231.92019950124688,2.493765586034913,0.0,37.406483790523694,4.987531172069826,0.0,0.0,7.481296758104738,7.481296758104738,2.493765586034913,0.0,0.0,0.0,0.0,0.0,0.0,0.0,0.0,0.0,0.0,0.0,2.493765586034913,2.493765586034913,102.24438902743142,52.36907730673317,0.0,79.80049875311721,0.5604113110539846,3.943444730077121,2.493765586034913,0.0,0.0,0.0,12.468827930174564,0.0,12.468827930174564,4.987531172069826,2.493765586034913,4.987531172069826,7.481296758104738,34.912718204488776,2.493765586034913,0.0,27.43142144638404,2.493765586034913,2.493765586034913,0.0,2.493765586034913,4.987531172069826,12.468827930174564,2.493765586034913,7.481296758104738
SPTA,7.371007371007371,17.1990171990172,95.82309582309583,0.0,14.742014742014742,83.53808353808354,9.828009828009828,0.0,36.85503685503686,4.914004914004914,0.0,0.0,14.742014742014742,4.914004914004914,4.914004914004914,169.5331695331695,0.0,0.0,31.94103194103194,2.457002457002457,2.457002457002457,0.0,0.0,9.828009828009828,2.457002457002457,0.0,0.0,0.0,0.0,0.0,0.0,0.0,2.457002457002457,0.0,0.0,2.457002457002457,2.457002457002457,4.914004914004914,100.73710073710073,63.88206388206388,14.742014742014742,105.65110565110565,0.6058201058201058,4.108465608465608,2.457002457002457,0.0,0.0,2.457002457002457,17.1990171990172,0.0,9.828009828009828,9.828009828009828,2.457002457002457,4.914004914004914,2.457002457002457,14.742014742014742,2.457002457002457,0.0,61.42506142506143,2.457002457002457,2.457002457002457,0.0,7.371007371007371,4.914004914004914,12.285012285012284,2.457002457002457,7.371007371007371
SPTQ,45.11278195488722,12.531328320802004,77.69423558897243,0.0,7.518796992481203,70.17543859649122,20.050125313283207,25.062656641604008,12.531328320802004,5.012531328320802,10.025062656641603,2.506265664160401,12.531328320802004,0.0,0.0,197.99498746867167,7.518796992481203,0.0,35.08771929824561,2.506265664160401,0.0,0.0,0.0,27.56892230576441,2.506265664160401,0.0,0.0,0.0,0.0,0.0,5.012531328320802,0.0,0.0,0.0,0.0,0.0,5.012531328320802,2.506265664160401,80.20050125313283,57.64411027568922,10.025062656641603,57.64411027568922,0.5941644562334217,3.952254641909814,2.506265664160401,0.0,0.0,0.0,15.037593984962406,0.0,5.012531328320802,5.012531328320802,0.0,0.0,7.518796992481203,22.55639097744361,10.025062656641603,0.0,50.125313283208015,0.0,0.0,0.0,10.025062656641603,2.506265664160401,15.037593984962406,5.012531328320802,17.543859649122805
SPXX,17.241379310344826,9.852216748768473,103.44827586206897,0.0,2.4630541871921183,64.03940886699507,7.389162561576354,4.926108374384237,22.167487684729064,7.389162561576354,2.4630541871921183,0.0,24.630541871921185,2.4630541871921183,2.4630541871921183,214.28571428571428,7.389162561576354,0.0,46.79802955665024,4.926108374384237,0.0,0.0,0.0,9.852216748768473,4.926108374384237,0.0,2.4630541871921183,2.4630541871921183,2.4630541871921183,0.0,0.0,0.0,2.4630541871921183,0.0,2.4630541871921183,0.0,2.4630541871921183,14.778325123152708,98.52216748768474,39.40886699507389,2.4630541871921183,96.0591133004926,0.5763157894736842,3.9973684210526317,0.0,0.0,2.4630541871921183,0.0,17.241379310344826,0.0,27.093596059113302,2.4630541871921183,0.0,2.4630541871921183,2.4630541871921183,24.630541871921185,0.0,0.0,61.576354679802954,0.0,0.0,0.0,2.4630541871921183,0.0,19.704433497536947,0.0,17.241379310344826
SPYH,49.29577464788732,9.389671361502348,56.33802816901409,4.694835680751174,4.694835680751174,51.64319248826291,16.431924882629108,42.25352112676056,9.389671361502348,2.347417840375587,7.042253521126761,11.737089201877934,16.431924882629108,0.0,4.694835680751174,225.35211267605635,7.042253521126761,2.347417840375587,14.084507042253522,0.0,2.347417840375587,0.0,7.042253521126761,18.779342723004696,2.347417840375587,0.0,0.0,2.347417840375587,0.0,0.0,2.347417840375587,0.0,0.0,0.0,7.042253521126761,2.347417840375587,2.347417840375587,4.694835680751174,96.24413145539906,44.60093896713615,7.042253521126761,72.76995305164318,0.5872235872235873,4.282555282555283,2.347417840375587,2.347417840375587,0.0,0.0,4.694835680751174,0.0,11.737089201877934,9.389671361502348,0.0,7.042253521126761,2.347417840375587,21.12676056338028,0.0,0.0,35.21126760563381,2.347417840375587,0.0,0.0,4.694835680751174,2.347417840375587,2.347417840375587,0.0,25.821596244131456
SQ36,48.309178743961354,16.908212560386474,79.71014492753622,2.4154589371980677,2.4154589371980677,82.1256038647343,21.73913043478261,16.908212560386474,21.73913043478261,9.66183574879227,4.830917874396135,4.830917874396135,16.908212560386474,4.830917874396135,4.830917874396135,157.0048309178744,7.246376811594203,0.0,33.81642512077295,0.0,0.0,0.0,4.830917874396135,33.81642512077295,0.0,0.0,0.0,0.0,2.4154589371980677,0.0,0.0,0.0,0.0,0.0,0.0,0.0,4.830917874396135,9.66183574879227,67.6328502415459,24.154589371980677,7.246376811594203,99.03381642512076,0.5820512820512821,4.015384615384615,0.0,4.830917874396135,0.0,0.0,4.830917874396135,0.0,2.4154589371980677,2.4154589371980677,0.0,9.66183574879227,2.4154589371980677,28.985507246376812,4.830917874396135,2.4154589371980677,50.72463768115942,0.0,0.0,0.0,2.4154589371980677,2.4154589371980677,14.492753623188406,0.0,14.492753623188406
SQ55,17.241379310344826,2.4630541871921183,100.98522167487685,2.4630541871921183,14.778325123152708,76.35467980295567,29.556650246305416,17.241379310344826,27.093596059113302,4.926108374384237,9.852216748768473,7.389162561576354,22.167487684729064,2.4630541871921183,0.0,199.5073891625616,4.926108374384237,0.0,24.630541871921185,0.0,0.0,0.0,0.0,2.4630541871921183,0.0,0.0,0.0,0.0,0.0,0.0,4.926108374384237,0.0,0.0,0.0,0.0,4.926108374384237,2.4630541871921183,14.778325123152708,76.35467980295567,24.630541871921185,2.4630541871921183,88.66995073891626,0.6408839779005525,3.8950276243093924,2.4630541871921183,0.0,0.0,0.0,9.852216748768473,0.0,4.926108374384237,9.852216748768473,0.0,9.852216748768473,7.389162561576354,22.167487684729064,9.852216748768473,0.0,88.66995073891626,2.4630541871921183,0.0,0.0,4.926108374384237,2.4630541871921183,17.241379310344826,2.4630541871921183,14.778325123152708
SQP2,22.613065326633166,15.07537688442211,90.45226130653266,0.0,2.512562814070352,72.8643216080402,15.07537688442211,5.025125628140704,25.12562814070352,5.025125628140704,7.537688442211055,7.537688442211055,12.56281407035176,2.512562814070352,0.0,168.34170854271358,12.56281407035176,0.0,37.688442211055275,0.0,0.0,0.0,5.025125628140704,25.12562814070352,0.0,0.0,0.0,2.512562814070352,5.025125628140704,0.0,0.0,0.0,0.0,0.0,0.0,0.0,7.537688442211055,12.56281407035176,82.91457286432161,32.663316582914575,2.512562814070352,108.04020100502512,0.6005434782608695,4.057065217391305,0.0,0.0,2.512562814070352,0.0,20.100502512562816,0.0,10.050251256281408,10.050251256281408,2.512562814070352,0.0,0.0,7.537688442211055,5.025125628140704,0.0,65.32663316582915,0.0,2.512562814070352,0.0,12.56281407035176,2.512562814070352,12.56281407035176,2.512562814070352,7.537688442211055
SQPN,14.85148514851485,7.425742574257425,89.10891089108911,0.0,12.376237623762377,71.78217821782178,29.7029702970297,32.17821782178218,19.801980198019802,9.900990099009901,4.9504950495049505,7.425742574257425,9.900990099009901,0.0,0.0,202.97029702970298,4.9504950495049505,0.0,29.7029702970297,0.0,0.0,0.0,0.0,12.376237623762377,0.0,0.0,4.9504950495049505,0.0,0.0,0.0,0.0,0.0,2.4752475247524752,0.0,0.0,0.0,4.9504950495049505,2.4752475247524752,81.68316831683168,19.801980198019802,12.376237623762377,69.30693069306932,0.6178010471204188,3.986910994764398,4.9504950495049505,4.9504950495049505,0.0,0.0,0.0,0.0,4.9504950495049505,7.425742574257425,2.4752475247524752,17.32673267326733,7.425742574257425,27.22772277227723,0.0,0.0,47.02970297029703,2.4752475247524752,0.0,0.0,2.4752475247524752,4.9504950495049505,9.900990099009901,4.9504950495049505,7.425742574257425
SQWC,50.76142131979695,5.076142131979695,101.5228426395939,0.0,7.614213197969543,88.83248730964468,27.918781725888326,22.84263959390863,25.380710659898476,12.690355329949238,7.614213197969543,0.0,15.228426395939087,7.614213197969543,5.076142131979695,197.96954314720813,7.614213197969543,0.0,50.76142131979695,0.0,0.0,0.0,0.0,7.614213197969543,2.5380710659898473,0.0,0.0,0.0,2.5380710659898473,0.0,2.5380710659898473,0.0,0.0,0.0,0.0,2.5380710659898473,2.5380710659898473,7.614213197969543,88.83248730964468,25.380710659898476,7.614213197969543,60.91370558375635,0.5972972972972973,4.024324324324325,0.0,2.5380710659898473,0.0,0.0,15.228426395939087,0.0,5.076142131979695,2.5380710659898473,2.5380710659898473,2.5380710659898473,7.614213197969543,20.30456852791878,2.5380710659898473,0.0,50.76142131979695,0.0,0.0,0.0,0.0,5.076142131979695,20.30456852791878,0.0,7.614213197969543
SR82,42.713567839195974,7.537688442211055,72.8643216080402,0.0,5.025125628140704,55.276381909547744,17.587939698492463,17.587939698492463,25.12562814070352,2.512562814070352,0.0,2.512562814070352,10.050251256281408,2.512562814070352,2.512562814070352,223.6180904522613,0.0,0.0,40.20100502512563,5.025125628140704,0.0,0.0,2.512562814070352,10.050251256281408,2.512562814070352,0.0,5.025125628140704,2.512562814070352,0.0,0.0,0.0,0.0,0.0,0.0,0.0,0.0,2.512562814070352,10.050251256281408,85.42713567839195,32.663316582914575,10.050251256281408,67.8391959798995,0.6102150537634409,3.9301075268817205,0.0,0.0,0.0,2.512562814070352,2.512562814070352,2.512562814070352,2.512562814070352,0.0,0.0,5.025125628140704,2.512562814070352,10.050251256281408,0.0,0.0,65.32663316582915,0.0,0.0,0.0,0.0,2.512562814070352,12.56281407035176,2.512562814070352,17.587939698492463
SRD5,44.00977995110025,19.559902200489,75.79462102689487,2.444987775061125,14.669926650366747,95.35452322738386,26.89486552567237,4.88997555012225,12.224938875305625,2.444987775061125,7.334963325183374,4.88997555012225,24.44987775061125,0.0,2.444987775061125,171.14914425427875,4.88997555012225,0.0,44.00977995110025,0.0,0.0,0.0,2.444987775061125,19.559902200489,2.444987775061125,0.0,0.0,0.0,0.0,0.0,0.0,0.0,0.0,0.0,0.0,4.88997555012225,2.444987775061125,4.88997555012225,85.57457212713938,46.45476772616137,14.669926650366747,102.68948655256723,0.5594936708860759,3.9848101265822784,2.444987775061125,4.88997555012225,0.0,0.0,12.224938875305625,2.444987775061125,14.669926650366747,2.444987775061125,0.0,2.444987775061125,9.7799511002445,24.44987775061125,2.444987775061125,0.0,34.229828850855746,0.0,0.0,0.0,2.444987775061125,2.444987775061125,12.224938875305625,4.88997555012225,7.334963325183374
SRFV,42.5,10.0,60.0,5.0,2.5,77.5,7.5,20.0,22.5,10.0,0.0,0.0,5.0,2.5,2.5,187.5,2.5,0.0,40.0,0.0,0.0,0.0,0.0,15.0,0.0,0.0,5.0,0.0,0.0,0.0,2.5,0.0,0.0,0.0,0.0,0.0,0.0,5.0,70.0,35.0,15.0,60.0,0.6455026455026455,4.105820105820106,0.0,2.5,0.0,0.0,12.5,0.0,7.5,5.0,2.5,7.5,0.0,27.5,0.0,0.0,57.5,5.0,2.5,0.0,2.5,2.5,5.0,0.0,10.0
SRG8,34.146341463414636,7.317073170731708,75.60975609756098,4.878048780487805,0.0,75.60975609756098,7.317073170731708,12.195121951219512,26.829268292682926,12.195121951219512,7.317073170731708,4.878048780487805,14.634146341463415,4.878048780487805,4.878048780487805,156.09756097560975,2.4390243902439024,2.4390243902439024,36.58536585365854,0.0,0.0,0.0,4.878048780487805,19.51219512195122,2.4390243902439024,0.0,0.0,0.0,7.317073170731708,0.0,0.0,0.0,0.0,0.0,2.4390243902439024,0.0,0.0,4.878048780487805,95.1219512195122,46.34146341463415,2.4390243902439024,90.24390243902438,0.5739795918367347,4.1020408163265305,2.4390243902439024,7.317073170731708,7.317073170731708,2.4390243902439024,26.829268292682926,2.4390243902439024,9.75609756097561,12.195121951219512,2.4390243902439024,4.878048780487805,2.4390243902439024,36.58536585365854,0.0,0.0,41.463414634146346,0.0,0.0,0.0,12.195121951219512,7.317073170731708,14.634146341463415,0.0,12.195121951219512
SRKV,46.79802955665024,2.4630541871921183,71.42857142857143,4.926108374384237,9.852216748768473,73.89162561576356,39.40886699507389,2.4630541871921183,32.01970443349754,4.926108374384237,7.389162561576354,4.926108374384237,17.241379310344826,0.0,4.926108374384237,179.80295566502463,2.4630541871921183,0.0,34.48275862068965,0.0,0.0,0.0,9.852216748768473,14.778325123152708,0.0,0.0,0.0,0.0,0.0,0.0,0.0,0.0,0.0,0.0,2.4630541871921183,2.4630541871921183,2.4630541871921183,0.0,66.50246305418719,29.556650246305416,7.389162561576354,118.22660098522167,0.5732647814910026,4.005141388174807,2.4630541871921183,2.4630541871921183,4.926108374384237,2.4630541871921183,17.241379310344826,2.4630541871921183,14.778325123152708,9.852216748768473,0.0,4.926108374384237,4.926108374384237,34.48275862068965,7.389162561576354,0.0,36.94581280788178,2.4630541871921183,0.0,0.0,4.926108374384237,7.389162561576354,19.704433497536947,0.0,22.167487684729064
SRL9,44.554455445544555,7.425742574257425,66.83168316831683,0.0,9.900990099009901,54.45544554455446,22.277227722772277,22.277227722772277,24.752475247524753,12.376237623762377,14.85148514851485,2.4752475247524752,4.9504950495049505,17.32673267326733,2.4752475247524752,163.36633663366337,0.0,0.0,37.12871287128713,0.0,2.4752475247524752,0.0,0.0,29.7029702970297,0.0,0.0,0.0,0.0,0.0,0.0,0.0,0.0,0.0,0.0,2.4752475247524752,7.425742574257425,9.900990099009901,7.425742574257425,89.10891089108911,42.07920792079208,4.9504950495049505,71.78217821782178,0.5755208333333334,4.203125,0.0,4.9504950495049505,0.0,0.0,2.4752475247524752,0.0,7.425742574257425,7.425742574257425,0.0,12.376237623762377,9.900990099009901,32.17821782178218,2.4752475247524752,2.4752475247524752,47.02970297029703,2.4752475247524752,0.0,0.0,4.9504950495049505,0.0,12.376237623762377,2.4752475247524752,14.85148514851485
SRX4,53.5279805352798,4.866180048661801,55.961070559610704,4.866180048661801,7.299270072992701,68.1265206812652,14.598540145985401,0.0,24.330900243309003,0.0,2.4330900243309004,0.0,17.0316301703163,4.866180048661801,0.0,221.41119221411194,4.866180048661801,0.0,29.197080291970803,0.0,0.0,0.0,2.4330900243309004,12.165450121654501,0.0,0.0,0.0,0.0,4.866180048661801,0.0,2.4330900243309004,0.0,0.0,0.0,0.0,0.0,2.4330900243309004,4.866180048661801,104.62287104622871,53.5279805352798,4.866180048661801,77.85888077858881,0.6307692307692307,4.246153846153846,2.4330900243309004,4.866180048661801,2.4330900243309004,9.732360097323602,14.598540145985401,0.0,9.732360097323602,0.0,0.0,2.4330900243309004,4.866180048661801,17.0316301703163,2.4330900243309004,0.0,29.197080291970803,0.0,0.0,0.0,2.4330900243309004,7.299270072992701,21.897810218978105,2.4330900243309004,7.299270072992701
SRZT,44.49648711943794,9.36768149882904,63.231850117096016,11.7096018735363,2.34192037470726,51.52224824355972,21.07728337236534,7.02576112412178,14.05152224824356,4.68384074941452,0.0,0.0,14.05152224824356,4.68384074941452,2.34192037470726,210.7728337236534,0.0,0.0,30.44496487119438,4.68384074941452,0.0,0.0,0.0,9.36768149882904,0.0,0.0,4.68384074941452,0.0,0.0,0.0,0.0,0.0,0.0,0.0,2.34192037470726,0.0,9.36768149882904,9.36768149882904,93.6768149882904,46.8384074941452,4.68384074941452,93.6768149882904,0.6170731707317073,4.11219512195122,2.34192037470726,2.34192037470726,4.68384074941452,4.68384074941452,9.36768149882904,0.0,4.68384074941452,4.68384074941452,0.0,7.02576112412178,0.0,25.76112412177986,2.34192037470726,0.0,37.47072599531616,2.34192037470726,2.34192037470726,2.34192037470726,7.02576112412178,4.68384074941452,14.05152224824356,0.0,7.02576112412178
ST82,37.59398496240601,12.531328320802004,85.21303258145363,0.0,7.518796992481203,77.69423558897243,10.025062656641603,15.037593984962406,25.062656641604008,7.518796992481203,0.0,2.506265664160401,22.55639097744361,5.012531328320802,0.0,172.93233082706766,5.012531328320802,0.0,55.13784461152882,2.506265664160401,0.0,0.0,12.531328320802004,20.050125313283207,5.012531328320802,0.0,0.0,0.0,0.0,0.0,0.0,0.0,0.0,0.0,0.0,0.0,0.0,10.025062656641603,95.23809523809523,25.062656641604008,12.531328320802004,100.25062656641603,0.5608465608465608,3.939153439153439,0.0,2.506265664160401,0.0,0.0,12.531328320802004,2.506265664160401,5.012531328320802,2.506265664160401,0.0,15.037593984962406,0.0,35.08771929824561,2.506265664160401,2.506265664160401,47.61904761904761,2.506265664160401,0.0,0.0,2.506265664160401,0.0,20.050125313283207,0.0,10.025062656641603
ST8H,22.277227722772277,4.9504950495049505,76.73267326732673,0.0,4.9504950495049505,44.554455445544555,19.801980198019802,24.752475247524753,19.801980198019802,2.4752475247524752,2.4752475247524752,7.425742574257425,4.9504950495049505,7.425742574257425,4.9504950495049505,217.82178217821783,7.425742574257425,0.0,27.22772277227723,2.4752475247524752,0.0,0.0,0.0,14.85148514851485,0.0,0.0,0.0,0.0,0.0,0.0,0.0,0.0,0.0,0.0,0.0,0.0,2.4752475247524752,2.4752475247524752,94.05940594059406,44.554455445544555,2.4752475247524752,71.78217821782178,0.5699481865284974,4.015544041450777,4.9504950495049505,2.4752475247524752,9.900990099009901,0.0,17.32673267326733,2.4752475247524752,17.32673267326733,7.425742574257425,0.0,0.0,9.900990099009901,14.85148514851485,2.4752475247524752,0.0,42.07920792079208,0.0,0.0,0.0,9.900990099009901,12.376237623762377,22.277227722772277,2.4752475247524752,9.900990099009901
STDN,21.377672209026127,2.375296912114014,57.00712589073635,2.375296912114014,7.125890736342043,54.63182897862233,35.62945368171022,23.752969121140143,23.752969121140143,9.501187648456057,4.750593824228028,0.0,9.501187648456057,9.501187648456057,7.125890736342043,185.27315914489313,2.375296912114014,0.0,19.002375296912113,0.0,0.0,0.0,7.125890736342043,16.6270783847981,0.0,0.0,0.0,0.0,0.0,0.0,0.0,0.0,0.0,0.0,0.0,2.375296912114014,4.750593824228028,2.375296912114014,109.26365795724466,45.13064133016627,4.750593824228028,68.88361045130641,0.5841584158415841,4.012376237623762,0.0,4.750593824228028,2.375296912114014,0.0,9.501187648456057,4.750593824228028,11.876484560570072,11.876484560570072,0.0,11.876484560570072,7.125890736342043,30.878859857482183,0.0,0.0,33.2541567695962,0.0,0.0,0.0,4.750593824228028,9.501187648456057,7.125890736342043,0.0,7.125890736342043
STKW,12.437810945273633,7.462686567164179,104.4776119402985,0.0,4.975124378109452,44.776119402985074,22.388059701492537,17.412935323383085,14.925373134328359,2.487562189054726,9.950248756218905,2.487562189054726,9.950248756218905,4.975124378109452,2.487562189054726,213.93034825870646,2.487562189054726,0.0,37.31343283582089,4.975124378109452,0.0,0.0,0.0,9.950248756218905,2.487562189054726,0.0,2.487562189054726,2.487562189054726,0.0,0.0,2.487562189054726,0.0,0.0,0.0,2.487562189054726,0.0,2.487562189054726,2.487562189054726,92.03980099502488,39.80099502487562,7.462686567164179,92.03980099502488,0.623342175066313,4.257294429708223,2.487562189054726,0.0,4.975124378109452,0.0,19.90049751243781,0.0,9.950248756218905,2.487562189054726,0.0,7.462686567164179,7.462686567164179,22.388059701492537,0.0,0.0,54.72636815920398,0.0,7.462686567164179,0.0,7.462686567164179,12.437810945273633,7.462686567164179,2.487562189054726,14.925373134328359
STMM,24.93765586034913,0.0,84.78802992518703,4.987531172069826,14.962593516209475,79.80049875311721,37.406483790523694,7.481296758104738,19.950124688279303,12.468827930174564,0.0,0.0,14.962593516209475,9.975062344139651,0.0,167.08229426433914,4.987531172069826,0.0,42.394014962593516,0.0,0.0,0.0,0.0,32.418952618453865,2.493765586034913,0.0,0.0,0.0,0.0,0.0,0.0,0.0,0.0,0.0,0.0,0.0,0.0,2.493765586034913,47.38154613466334,42.394014962593516,12.468827930174564,99.75062344139651,0.574025974025974,3.92987012987013,0.0,0.0,12.468827930174564,0.0,14.962593516209475,2.493765586034913,0.0,2.493765586034913,2.493765586034913,7.481296758104738,4.987531172069826,22.443890274314214,0.0,0.0,37.406483790523694,2.493765586034913,0.0,0.0,2.493765586034913,4.987531172069826,17.456359102244388,2.493765586034913,7.481296758104738
STRH,37.406483790523694,12.468827930174564,84.78802992518703,2.493765586034913,2.493765586034913,54.86284289276808,7.481296758104738,49.87531172069826,7.481296758104738,14.962593516209475,17.456359102244388,4.987531172069826,12.468827930174564,0.0,7.481296758104738,199.50124688279303,4.987531172069826,0.0,27.43142144638404,0.0,0.0,0.0,0.0,7.481296758104738,0.0,0.0,2.493765586034913,0.0,0.0,0.0,4.987531172069826,0.0,0.0,2.493765586034913,0.0,4.987531172069826,4.987531172069826,4.987531172069826,102.24438902743142,24.93765586034913,7.481296758104738,79.80049875311721,0.6005291005291006,4.248677248677248,4.987531172069826,2.493765586034913,2.493765586034913,0.0,17.456359102244388,2.493765586034913,19.950124688279303,7.481296758104738,0.0,0.0,17.456359102244388,14.962593516209475,0.0,2.493765586034913,39.900249376558605,0.0,2.493765586034913,0.0,2.493765586034913,2.493765586034913,7.481296758104738,4.987531172069826,9.975062344139651
STUM,29.197080291970803,0.0,99.7566909975669,0.0,4.866180048661801,80.2919708029197,14.598540145985401,31.630170316301705,29.197080291970803,7.299270072992701,12.165450121654501,0.0,12.165450121654501,4.866180048661801,0.0,182.4817518248175,4.866180048661801,2.4330900243309004,43.79562043795621,0.0,0.0,2.4330900243309004,0.0,14.598540145985401,0.0,0.0,0.0,0.0,2.4330900243309004,0.0,2.4330900243309004,0.0,0.0,0.0,0.0,0.0,2.4330900243309004,14.598540145985401,60.82725060827251,24.330900243309003,0.0,92.45742092457421,0.5853018372703412,4.149606299212598,0.0,7.299270072992701,2.4330900243309004,2.4330900243309004,17.0316301703163,0.0,17.0316301703163,4.866180048661801,0.0,9.732360097323602,7.299270072992701,34.0632603406326,2.4330900243309004,0.0,53.5279805352798,4.866180048661801,0.0,2.4330900243309004,12.165450121654501,2.4330900243309004,12.165450121654501,2.4330900243309004,14.598540145985401
STV6,40.40404040404041,2.5252525252525255,70.7070707070707,2.5252525252525255,2.5252525252525255,32.82828282828283,35.35353535353535,20.202020202020204,17.676767676767675,5.050505050505051,5.050505050505051,2.5252525252525255,30.303030303030305,5.050505050505051,7.575757575757576,196.96969696969697,15.151515151515152,2.5252525252525255,42.92929292929293,0.0,2.5252525252525255,0.0,5.050505050505051,15.151515151515152,0.0,0.0,0.0,0.0,0.0,0.0,2.5252525252525255,0.0,0.0,0.0,0.0,2.5252525252525255,0.0,5.050505050505051,90.9090909090909,27.777777777777775,7.575757575757576,101.01010101010101,0.6057441253263708,4.248041775456919,2.5252525252525255,0.0,5.050505050505051,0.0,17.676767676767675,0.0,2.5252525252525255,15.151515151515152,0.0,2.5252525252525255,5.050505050505051,20.202020202020204,2.5252525252525255,0.0,32.82828282828283,0.0,0.0,0.0,0.0,0.0,10.101010101010102,7.575757575757576,7.575757575757576
STVQ,7.444168734491315,2.4813895781637716,47.146401985111666,9.925558312655086,4.962779156327543,49.62779156327544,32.25806451612903,4.962779156327543,14.88833746898263,9.925558312655086,9.925558312655086,2.4813895781637716,4.962779156327543,9.925558312655086,9.925558312655086,176.17866004962778,2.4813895781637716,0.0,32.25806451612903,0.0,0.0,0.0,0.0,14.88833746898263,0.0,0.0,0.0,2.4813895781637716,2.4813895781637716,0.0,0.0,0.0,0.0,0.0,0.0,2.4813895781637716,7.444168734491315,2.4813895781637716,96.77419354838709,44.66501240694789,9.925558312655086,91.81141439205956,0.5662337662337662,4.238961038961039,4.962779156327543,0.0,4.962779156327543,4.962779156327543,24.81389578163772,0.0,9.925558312655086,9.925558312655086,0.0,24.81389578163772,0.0,7.444168734491315,2.4813895781637716,0.0,44.66501240694789,0.0,0.0,0.0,4.962779156327543,7.444168734491315,4.962779156327543,4.962779156327543,12.40694789081886
SU82,26.50602409638554,7.228915662650603,65.06024096385542,0.0,0.0,69.87951807228916,28.91566265060241,9.63855421686747,19.27710843373494,7.228915662650603,7.228915662650603,4.819277108433735,7.228915662650603,2.4096385542168677,0.0,166.26506024096386,4.819277108433735,0.0,28.91566265060241,0.0,2.4096385542168677,0.0,7.228915662650603,28.91566265060241,0.0,0.0,0.0,0.0,0.0,0.0,0.0,0.0,0.0,0.0,2.4096385542168677,0.0,12.048192771084338,9.63855421686747,67.46987951807229,24.096385542168676,9.63855421686747,103.61445783132531,0.5758354755784062,3.992287917737789,0.0,2.4096385542168677,0.0,0.0,9.63855421686747,0.0,7.228915662650603,9.63855421686747,4.819277108433735,4.819277108433735,4.819277108433735,21.686746987951807,9.63855421686747,0.0,55.42168674698795,2.4096385542168677,0.0,0.0,4.819277108433735,4.819277108433735,19.27710843373494,2.4096385542168677,31.32530120481928
SU8C,19.559902200489,12.224938875305625,80.68459657701712,4.88997555012225,7.334963325183374,66.01466992665037,7.334963325183374,4.88997555012225,31.78484107579462,2.444987775061125,4.88997555012225,4.88997555012225,12.224938875305625,4.88997555012225,4.88997555012225,180.92909535452324,7.334963325183374,0.0,34.229828850855746,2.444987775061125,0.0,0.0,7.334963325183374,12.224938875305625,2.444987775061125,0.0,2.444987775061125,2.444987775061125,0.0,0.0,0.0,0.0,0.0,0.0,0.0,0.0,7.334963325183374,7.334963325183374,85.57457212713938,41.56479217603912,7.334963325183374,92.90953545232274,0.5654450261780105,3.9214659685863875,0.0,0.0,0.0,0.0,14.669926650366747,2.444987775061125,4.88997555012225,4.88997555012225,0.0,7.334963325183374,0.0,24.44987775061125,2.444987775061125,2.444987775061125,66.01466992665037,0.0,0.0,0.0,2.444987775061125,2.444987775061125,19.559902200489,0.0,19.559902200489
SUVT,66.99751861042184,2.4813895781637716,27.29528535980149,7.444168734491315,2.4813895781637716,69.4789081885856,19.851116625310173,17.3697270471464,19.851116625310173,4.962779156327543,2.4813895781637716,0.0,2.4813895781637716,0.0,0.0,228.28784119106697,2.4813895781637716,0.0,22.332506203473944,0.0,0.0,0.0,0.0,12.40694789081886,4.962779156327543,0.0,0.0,0.0,0.0,0.0,0.0,0.0,0.0,0.0,0.0,0.0,2.4813895781637716,4.962779156327543,101.73697270471465,34.7394540942928,2.4813895781637716,79.40446650124069,0.5964467005076142,3.9619289340101522,0.0,2.4813895781637716,0.0,0.0,7.444168734491315,0.0,17.3697270471464,7.444168734491315,0.0,7.444168734491315,0.0,17.3697270471464,0.0,0.0,19.851116625310173,0.0,0.0,0.0,0.0,2.4813895781637716,14.88833746898263,0.0,4.962779156327543
SV28,22.11302211302211,2.457002457002457,63.88206388206388,9.828009828009828,2.457002457002457,88.45208845208845,7.371007371007371,2.457002457002457,22.11302211302211,7.371007371007371,4.914004914004914,2.457002457002457,12.285012285012284,7.371007371007371,2.457002457002457,186.73218673218673,4.914004914004914,0.0,17.1990171990172,0.0,0.0,0.0,4.914004914004914,17.1990171990172,2.457002457002457,0.0,0.0,0.0,0.0,0.0,0.0,0.0,2.457002457002457,0.0,0.0,0.0,0.0,7.371007371007371,54.054054054054056,44.22604422604422,17.1990171990172,61.42506142506143,0.5933503836317136,4.202046035805626,4.914004914004914,0.0,2.457002457002457,2.457002457002457,4.914004914004914,0.0,7.371007371007371,12.285012285012284,2.457002457002457,14.742014742014742,7.371007371007371,31.94103194103194,7.371007371007371,0.0,27.027027027027028,4.914004914004914,0.0,0.0,9.828009828009828,14.742014742014742,7.371007371007371,4.914004914004914,9.828009828009828
SVCW,14.527845036319613,4.842615012106537,82.32445520581113,4.842615012106537,2.4213075060532687,62.953995157384995,9.685230024213075,31.476997578692497,26.634382566585955,9.685230024213075,9.685230024213075,7.263922518159807,16.949152542372882,7.263922518159807,0.0,145.27845036319613,2.4213075060532687,0.0,41.16222760290557,2.4213075060532687,0.0,0.0,9.685230024213075,14.527845036319613,0.0,0.0,0.0,4.842615012106537,0.0,0.0,0.0,0.0,0.0,2.4213075060532687,0.0,0.0,0.0,14.527845036319613,89.58837772397095,26.634382566585955,12.106537530266344,135.59322033898306,0.5714285714285714,4.311224489795919,0.0,2.4213075060532687,12.106537530266344,2.4213075060532687,33.898305084745765,0.0,4.842615012106537,9.685230024213075,0.0,7.263922518159807,7.263922518159807,19.37046004842615,9.685230024213075,0.0,50.84745762711865,0.0,2.4213075060532687,0.0,7.263922518159807,9.685230024213075,14.527845036319613,0.0,12.106537530266344
SVET,32.82828282828283,10.101010101010102,78.28282828282829,2.5252525252525255,0.0,70.7070707070707,12.626262626262626,17.676767676767675,17.676767676767675,10.101010101010102,5.050505050505051,2.5252525252525255,12.626262626262626,0.0,0.0,171.7171717171717,7.575757575757576,0.0,30.303030303030305,2.5252525252525255,0.0,0.0,2.5252525252525255,7.575757575757576,5.050505050505051,0.0,2.5252525252525255,0.0,2.5252525252525255,0.0,0.0,0.0,0.0,0.0,0.0,2.5252525252525255,5.050505050505051,7.575757575757576,90.9090909090909,32.82828282828283,7.575757575757576,83.33333333333333,0.6095505617977528,3.955056179775281,2.5252525252525255,2.5252525252525255,5.050505050505051,0.0,17.676767676767675,0.0,2.5252525252525255,5.050505050505051,2.5252525252525255,7.575757575757576,7.575757575757576,7.575757575757576,2.5252525252525255,0.0,101.01010101010101,0.0,2.5252525252525255,0.0,5.050505050505051,5.050505050505051,10.101010101010102,5.050505050505051,10.101010101010102
SVFD,44.11764705882353,0.0,78.43137254901961,0.0,2.450980392156863,36.76470588235294,7.352941176470588,46.568627450980394,22.058823529411764,2.450980392156863,4.901960784313726,0.0,17.156862745098042,7.352941176470588,0.0,169.11764705882354,0.0,2.450980392156863,41.666666666666664,0.0,2.450980392156863,0.0,0.0,44.11764705882353,0.0,0.0,2.450980392156863,2.450980392156863,0.0,0.0,4.901960784313726,0.0,0.0,0.0,0.0,0.0,2.450980392156863,14.705882352941176,75.98039215686273,34.313725490196084,4.901960784313726,90.68627450980392,0.583756345177665,4.027918781725888,2.450980392156863,0.0,2.450980392156863,2.450980392156863,26.96078431372549,0.0,7.352941176470588,2.450980392156863,0.0,0.0,2.450980392156863,53.92156862745098,2.450980392156863,0.0,31.862745098039213,4.901960784313726,0.0,0.0,7.352941176470588,0.0,4.901960784313726,0.0,14.705882352941176
SVFH,24.330900243309003,2.4330900243309004,80.2919708029197,0.0,4.866180048661801,38.929440389294406,19.464720194647203,19.464720194647203,19.464720194647203,4.866180048661801,2.4330900243309004,4.866180048661801,7.299270072992701,0.0,2.4330900243309004,238.4428223844282,2.4330900243309004,0.0,24.330900243309003,0.0,0.0,0.0,0.0,9.732360097323602,4.866180048661801,0.0,4.866180048661801,0.0,0.0,0.0,0.0,0.0,0.0,0.0,0.0,0.0,2.4330900243309004,7.299270072992701,109.48905109489051,21.897810218978105,2.4330900243309004,70.5596107055961,0.6086956521739131,3.680306905370844,0.0,2.4330900243309004,0.0,0.0,2.4330900243309004,0.0,4.866180048661801,2.4330900243309004,0.0,7.299270072992701,0.0,26.7639902676399,2.4330900243309004,0.0,72.992700729927,2.4330900243309004,0.0,2.4330900243309004,0.0,2.4330900243309004,9.732360097323602,4.866180048661801,17.0316301703163
SVKH,52.76381909547739,7.537688442211055,67.8391959798995,2.512562814070352,5.025125628140704,57.788944723618094,30.15075376884422,10.050251256281408,15.07537688442211,17.587939698492463,7.537688442211055,2.512562814070352,7.537688442211055,2.512562814070352,0.0,206.03015075376885,2.512562814070352,0.0,55.276381909547744,0.0,0.0,0.0,7.537688442211055,17.587939698492463,0.0,0.0,0.0,0.0,0.0,0.0,0.0,0.0,0.0,0.0,0.0,0.0,0.0,10.050251256281408,103.01507537688443,40.20100502512563,10.050251256281408,95.47738693467336,0.5725806451612904,4.21505376344086,0.0,2.512562814070352,0.0,0.0,10.050251256281408,2.512562814070352,2.512562814070352,5.025125628140704,0.0,5.025125628140704,7.537688442211055,32.663316582914575,0.0,0.0,55.276381909547744,5.025125628140704,2.512562814070352,0.0,0.0,2.512562814070352,12.56281407035176,2.512562814070352,22.613065326633166
SVLH,63.725490196078425,0.0,61.27450980392157,0.0,7.352941176470588,71.07843137254902,14.705882352941176,29.41176470588235,29.41176470588235,9.803921568627452,4.901960784313726,0.0,12.254901960784313,0.0,2.450980392156863,183.82352941176472,12.254901960784313,0.0,41.666666666666664,0.0,0.0,0.0,0.0,14.705882352941176,0.0,0.0,0.0,0.0,2.450980392156863,0.0,0.0,0.0,0.0,0.0,0.0,2.450980392156863,9.803921568627452,2.450980392156863,83.33333333333333,31.862745098039213,7.352941176470588,85.7843137254902,0.5743589743589743,3.841025641025641,0.0,4.901960784313726,2.450980392156863,0.0,17.156862745098042,0.0,4.901960784313726,7.352941176470588,0.0,7.352941176470588,7.352941176470588,31.862745098039213,2.450980392156863,0.0,39.21568627450981,0.0,0.0,0.0,9.803921568627452,2.450980392156863,19.607843137254903,0.0,14.705882352941176
SVLZ,32.17821782178218,9.900990099009901,94.05940594059406,4.9504950495049505,7.425742574257425,66.83168316831683,12.376237623762377,7.425742574257425,29.7029702970297,4.9504950495049505,2.4752475247524752,7.425742574257425,19.801980198019802,17.32673267326733,2.4752475247524752,175.74257425742573,4.9504950495049505,0.0,42.07920792079208,0.0,2.4752475247524752,0.0,4.9504950495049505,19.801980198019802,0.0,0.0,2.4752475247524752,7.425742574257425,0.0,0.0,2.4752475247524752,0.0,0.0,0.0,0.0,0.0,7.425742574257425,9.900990099009901,94.05940594059406,59.4059405940594,14.85148514851485,86.63366336633663,0.6657963446475196,4.801566579634465,2.4752475247524752,2.4752475247524752,0.0,2.4752475247524752,7.425742574257425,0.0,2.4752475247524752,7.425742574257425,0.0,0.0,4.9504950495049505,34.65346534653466,0.0,2.4752475247524752,47.02970297029703,4.9504950495049505,0.0,0.0,4.9504950495049505,9.900990099009901,12.376237623762377,0.0,17.32673267326733
SVVK,30.0,15.0,75.0,0.0,10.0,82.5,17.5,10.0,17.5,10.0,7.5,2.5,12.5,7.5,5.0,202.5,7.5,0.0,45.0,0.0,0.0,0.0,2.5,15.0,2.5,0.0,0.0,0.0,0.0,0.0,0.0,0.0,0.0,0.0,2.5,2.5,10.0,10.0,72.5,45.0,15.0,82.5,0.6032171581769437,4.418230563002681,2.5,0.0,0.0,7.5,5.0,0.0,5.0,7.5,0.0,12.5,5.0,25.0,0.0,0.0,60.0,0.0,2.5,0.0,5.0,2.5,10.0,0.0,2.5
SVX4,7.299270072992701,4.866180048661801,104.62287104622871,2.4330900243309004,4.866180048661801,63.26034063260341,29.197080291970803,4.866180048661801,19.464720194647203,4.866180048661801,2.4330900243309004,0.0,9.732360097323602,2.4330900243309004,0.0,192.21411192214111,0.0,0.0,51.09489051094891,9.732360097323602,0.0,0.0,2.4330900243309004,17.0316301703163,0.0,0.0,0.0,0.0,0.0,0.0,0.0,0.0,0.0,0.0,0.0,0.0,7.299270072992701,4.866180048661801,109.48905109489051,29.197080291970803,9.732360097323602,90.02433090024331,0.4883720930232558,3.757105943152455,2.4330900243309004,2.4330900243309004,2.4330900243309004,0.0,14.598540145985401,4.866180048661801,2.4330900243309004,4.866180048661801,0.0,4.866180048661801,14.598540145985401,26.7639902676399,4.866180048661801,4.866180048661801,58.394160583941606,0.0,0.0,0.0,2.4330900243309004,2.4330900243309004,4.866180048661801,7.299270072992701,21.897810218978105
SWF6,24.93765586034913,9.975062344139651,82.29426433915212,9.975062344139651,9.975062344139651,67.33167082294264,17.456359102244388,19.950124688279303,27.43142144638404,4.987531172069826,4.987531172069826,0.0,7.481296758104738,0.0,0.0,179.5511221945137,4.987531172069826,0.0,34.912718204488776,0.0,0.0,0.0,2.493765586034913,19.950124688279303,2.493765586034913,0.0,0.0,0.0,0.0,0.0,0.0,0.0,0.0,0.0,0.0,2.493765586034913,7.481296758104738,7.481296758104738,92.26932668329177,54.86284289276808,7.481296758104738,87.28179551122194,0.5800524934383202,3.863517060367454,0.0,2.493765586034913,2.493765586034913,0.0,7.481296758104738,0.0,4.987531172069826,7.481296758104738,2.493765586034913,7.481296758104738,9.975062344139651,27.43142144638404,2.493765586034913,0.0,42.394014962593516,0.0,0.0,0.0,7.481296758104738,0.0,17.456359102244388,2.493765586034913,14.962593516209475
SWFJ,76.73267326732673,4.9504950495049505,42.07920792079208,7.425742574257425,9.900990099009901,59.4059405940594,14.85148514851485,12.376237623762377,29.7029702970297,4.9504950495049505,7.425742574257425,17.32673267326733,14.85148514851485,4.9504950495049505,4.9504950495049505,183.16831683168317,12.376237623762377,0.0,24.752475247524753,0.0,0.0,0.0,2.4752475247524752,34.65346534653466,0.0,0.0,0.0,2.4752475247524752,0.0,0.0,0.0,0.0,0.0,0.0,2.4752475247524752,4.9504950495049505,4.9504950495049505,9.900990099009901,91.58415841584159,29.7029702970297,9.900990099009901,101.48514851485149,0.59846547314578,3.9872122762148337,0.0,0.0,0.0,0.0,19.801980198019802,4.9504950495049505,7.425742574257425,2.4752475247524752,2.4752475247524752,4.9504950495049505,2.4752475247524752,29.7029702970297,7.425742574257425,0.0,29.7029702970297,0.0,2.4752475247524752,0.0,2.4752475247524752,2.4752475247524752,12.376237623762377,0.0,14.85148514851485
SWPV,57.788944723618094,5.025125628140704,60.30150753768844,0.0,12.56281407035176,50.25125628140704,32.663316582914575,10.050251256281408,20.100502512562816,10.050251256281408,7.537688442211055,2.512562814070352,2.512562814070352,2.512562814070352,0.0,206.03015075376885,7.537688442211055,0.0,15.07537688442211,0.0,0.0,0.0,0.0,10.050251256281408,2.512562814070352,0.0,0.0,0.0,0.0,0.0,0.0,0.0,0.0,0.0,0.0,2.512562814070352,7.537688442211055,10.050251256281408,92.96482412060301,40.20100502512563,0.0,92.96482412060301,0.6094986807387863,3.944591029023747,0.0,2.512562814070352,0.0,0.0,12.56281407035176,2.512562814070352,15.07537688442211,5.025125628140704,0.0,5.025125628140704,15.07537688442211,27.638190954773872,2.512562814070352,0.0,45.22613065326633,2.512562814070352,0.0,0.0,2.512562814070352,0.0,2.512562814070352,5.025125628140704,17.587939698492463
SWWZ,22.5,7.5,95.0,2.5,5.0,90.0,20.0,0.0,20.0,7.5,15.0,10.0,17.5,5.0,0.0,160.0,0.0,2.5,27.5,0.0,0.0,0.0,5.0,22.5,2.5,0.0,0.0,0.0,2.5,0.0,0.0,0.0,0.0,0.0,2.5,0.0,2.5,2.5,75.0,32.5,7.5,92.5,0.5552631578947368,4.08421052631579,0.0,2.5,12.5,0.0,10.0,0.0,10.0,7.5,2.5,15.0,5.0,35.0,0.0,0.0,45.0,2.5,0.0,0.0,5.0,5.0,17.5,0.0,7.5
SXAQ,9.66183574879227,2.4154589371980677,50.72463768115942,2.4154589371980677,2.4154589371980677,36.231884057971016,21.73913043478261,28.985507246376812,12.077294685990339,2.4154589371980677,4.830917874396135,0.0,26.570048309178745,19.32367149758454,0.0,200.4830917874396,4.830917874396135,2.4154589371980677,16.908212560386474,0.0,0.0,0.0,2.4154589371980677,26.570048309178745,2.4154589371980677,0.0,0.0,2.4154589371980677,2.4154589371980677,0.0,0.0,0.0,0.0,0.0,0.0,0.0,2.4154589371980677,7.246376811594203,82.1256038647343,57.971014492753625,4.830917874396135,62.80193236714976,0.5552763819095478,4.505025125628141,2.4154589371980677,0.0,7.246376811594203,0.0,14.492753623188406,2.4154589371980677,7.246376811594203,7.246376811594203,0.0,24.154589371980677,7.246376811594203,21.73913043478261,0.0,0.0,26.570048309178745,0.0,7.246376811594203,0.0,2.4154589371980677,9.66183574879227,21.73913043478261,0.0,2.4154589371980677
SXCU,33.333333333333336,4.761904761904763,80.95238095238096,4.761904761904763,4.761904761904763,52.38095238095238,38.0952380952381,2.3809523809523814,42.857142857142854,2.3809523809523814,7.142857142857142,7.142857142857142,23.809523809523807,2.3809523809523814,0.0,166.66666666666666,4.761904761904763,2.3809523809523814,40.47619047619048,0.0,0.0,0.0,2.3809523809523814,14.285714285714285,0.0,0.0,0.0,2.3809523809523814,0.0,0.0,7.142857142857142,0.0,0.0,0.0,2.3809523809523814,0.0,4.761904761904763,14.285714285714285,73.80952380952381,38.0952380952381,14.285714285714285,121.42857142857143,0.5875,3.9875,0.0,0.0,2.3809523809523814,2.3809523809523814,19.04761904761905,0.0,9.523809523809526,7.142857142857142,2.3809523809523814,4.761904761904763,0.0,28.57142857142857,0.0,0.0,45.238095238095234,0.0,2.3809523809523814,0.0,4.761904761904763,0.0,4.761904761904763,0.0,26.19047619047619
SXGX,9.546539379474941,7.159904534606206,73.98568019093078,0.0,0.0,42.959427207637226,16.706443914081145,7.159904534606206,28.639618138424822,2.3866348448687353,9.546539379474941,4.773269689737471,16.706443914081145,9.546539379474941,2.3866348448687353,171.8377088305489,4.773269689737471,0.0,38.186157517899765,4.773269689737471,0.0,0.0,7.159904534606206,26.252983293556085,2.3866348448687353,0.0,0.0,2.3866348448687353,2.3866348448687353,0.0,0.0,0.0,0.0,0.0,0.0,0.0,2.3866348448687353,9.546539379474941,109.78520286396181,35.79952267303103,9.546539379474941,76.37231503579953,0.5617128463476071,3.9874055415617127,0.0,2.3866348448687353,4.773269689737471,0.0,16.706443914081145,0.0,7.159904534606206,11.933174224343675,0.0,4.773269689737471,2.3866348448687353,19.093078758949883,2.3866348448687353,2.3866348448687353,50.11933174224344,0.0,2.3866348448687353,0.0,2.3866348448687353,4.773269689737471,19.093078758949883,0.0,26.252983293556085
SXK2,39.900249376558605,9.975062344139651,49.87531172069826,2.493765586034913,7.481296758104738,34.912718204488776,42.394014962593516,4.987531172069826,29.92518703241895,4.987531172069826,2.493765586034913,7.481296758104738,12.468827930174564,9.975062344139651,4.987531172069826,229.426433915212,0.0,2.493765586034913,29.92518703241895,0.0,0.0,0.0,2.493765586034913,12.468827930174564,2.493765586034913,0.0,0.0,2.493765586034913,0.0,0.0,2.493765586034913,0.0,0.0,0.0,0.0,0.0,7.481296758104738,7.481296758104738,99.75062344139651,47.38154613466334,9.975062344139651,67.33167082294264,0.6185567010309279,4.350515463917525,2.493765586034913,2.493765586034913,0.0,0.0,9.975062344139651,2.493765586034913,2.493765586034913,4.987531172069826,0.0,7.481296758104738,0.0,24.93765586034913,0.0,0.0,29.92518703241895,0.0,2.493765586034913,0.0,2.493765586034913,4.987531172069826,7.481296758104738,0.0,7.481296758104738
SXK5,14.705882352941176,14.705882352941176,90.68627450980392,0.0,4.901960784313726,78.43137254901961,24.509803921568626,2.450980392156863,12.254901960784313,17.156862745098042,4.901960784313726,7.352941176470588,19.607843137254903,4.901960784313726,2.450980392156863,181.37254901960785,0.0,0.0,36.76470588235294,0.0,0.0,0.0,2.450980392156863,24.509803921568626,2.450980392156863,0.0,0.0,0.0,2.450980392156863,0.0,0.0,0.0,0.0,0.0,2.450980392156863,2.450980392156863,4.901960784313726,2.450980392156863,73.52941176470588,26.96078431372549,12.254901960784313,120.09803921568628,0.5958005249343832,4.181102362204724,7.352941176470588,2.450980392156863,9.803921568627452,0.0,9.803921568627452,0.0,9.803921568627452,7.352941176470588,2.450980392156863,4.901960784313726,2.450980392156863,14.705882352941176,2.450980392156863,0.0,61.27450980392157,2.450980392156863,4.901960784313726,0.0,7.352941176470588,7.352941176470588,9.803921568627452,2.450980392156863,22.058823529411764
SXLD,0.0,2.4213075060532687,36.31961259079903,0.0,2.4213075060532687,53.26876513317191,31.476997578692497,0.0,2.4213075060532687,4.842615012106537,0.0,0.0,24.213075060532688,50.84745762711865,2.4213075060532687,154.9636803874092,4.842615012106537,0.0,16.949152542372882,4.842615012106537,0.0,0.0,9.685230024213075,21.791767554479417,0.0,0.0,0.0,4.842615012106537,7.263922518159807,0.0,0.0,0.0,0.0,4.842615012106537,0.0,0.0,9.685230024213075,14.527845036319613,67.79661016949153,53.26876513317191,9.685230024213075,72.63922518159806,0.43734643734643736,4.977886977886978,9.685230024213075,0.0,0.0,0.0,4.842615012106537,0.0,2.4213075060532687,21.791767554479417,2.4213075060532687,24.213075060532688,7.263922518159807,16.949152542372882,19.37046004842615,2.4213075060532687,12.106537530266344,0.0,0.0,0.0,4.842615012106537,29.055690072639226,14.527845036319613,0.0,4.842615012106537
SXNE,52.10918114143921,4.962779156327543,34.7394540942928,0.0,4.962779156327543,57.07196029776674,22.332506203473944,17.3697270471464,14.88833746898263,9.925558312655086,0.0,7.444168734491315,2.4813895781637716,2.4813895781637716,4.962779156327543,253.1017369727047,4.962779156327543,0.0,22.332506203473944,0.0,0.0,0.0,0.0,14.88833746898263,0.0,2.4813895781637716,0.0,0.0,2.4813895781637716,0.0,0.0,0.0,0.0,0.0,0.0,0.0,4.962779156327543,2.4813895781637716,86.848635235732,39.702233250620345,2.4813895781637716,69.4789081885856,0.5959079283887468,3.8286445012787724,0.0,0.0,0.0,0.0,12.40694789081886,0.0,12.40694789081886,4.962779156327543,0.0,4.962779156327543,0.0,12.40694789081886,0.0,0.0,27.29528535980149,0.0,0.0,0.0,2.4813895781637716,7.444168734491315,9.925558312655086,0.0,12.40694789081886
SXPD,34.3980343980344,19.656019656019655,78.62407862407862,2.457002457002457,2.457002457002457,100.73710073710073,27.027027027027028,14.742014742014742,9.828009828009828,12.285012285012284,2.457002457002457,4.914004914004914,14.742014742014742,0.0,0.0,171.990171990172,2.457002457002457,0.0,39.31203931203931,0.0,0.0,0.0,0.0,9.828009828009828,0.0,0.0,0.0,0.0,0.0,2.457002457002457,2.457002457002457,0.0,0.0,0.0,0.0,2.457002457002457,7.371007371007371,9.828009828009828,68.7960687960688,41.76904176904177,4.914004914004914,105.65110565110565,0.5877659574468085,3.797872340425532,0.0,2.457002457002457,0.0,0.0,9.828009828009828,2.457002457002457,7.371007371007371,9.828009828009828,0.0,9.828009828009828,19.656019656019655,17.1990171990172,2.457002457002457,0.0,71.25307125307125,0.0,0.0,0.0,9.828009828009828,0.0,19.656019656019655,0.0,19.656019656019655
SXRR,37.406483790523694,17.456359102244388,97.25685785536159,2.493765586034913,2.493765586034913,104.73815461346634,9.975062344139651,2.493765586034913,12.468827930174564,7.481296758104738,2.493765586034913,7.481296758104738,7.481296758104738,2.493765586034913,7.481296758104738,199.50124688279303,7.481296758104738,0.0,37.406483790523694,0.0,0.0,0.0,0.0,12.468827930174564,0.0,0.0,0.0,0.0,0.0,2.493765586034913,2.493765586034913,0.0,0.0,0.0,0.0,2.493765586034913,2.493765586034913,9.975062344139651,74.81296758104739,37.406483790523694,7.481296758104738,74.81296758104739,0.6026666666666667,3.872,0.0,2.493765586034913,0.0,0.0,9.975062344139651,4.987531172069826,17.456359102244388,0.0,0.0,0.0,4.987531172069826,14.962593516209475,0.0,0.0,62.34413965087282,2.493765586034913,0.0,0.0,0.0,2.493765586034913,14.962593516209475,4.987531172069826,14.962593516209475
SY4A,36.76470588235294,9.803921568627452,83.33333333333333,0.0,4.901960784313726,71.07843137254902,12.254901960784313,26.96078431372549,34.313725490196084,9.803921568627452,7.352941176470588,2.450980392156863,2.450980392156863,4.901960784313726,2.450980392156863,178.921568627451,0.0,0.0,63.725490196078425,0.0,0.0,0.0,0.0,12.254901960784313,0.0,2.450980392156863,0.0,0.0,0.0,0.0,0.0,0.0,0.0,0.0,0.0,2.450980392156863,7.352941176470588,2.450980392156863,75.98039215686273,31.862745098039213,19.607843137254903,95.58823529411764,0.5973333333333334,3.7973333333333334,2.450980392156863,0.0,0.0,0.0,19.607843137254903,0.0,2.450980392156863,12.254901960784313,0.0,9.803921568627452,4.901960784313726,14.705882352941176,0.0,0.0,80.88235294117648,0.0,0.0,0.0,2.450980392156863,0.0,12.254901960784313,2.450980392156863,22.058823529411764
SYEF,19.656019656019655,4.914004914004914,100.73710073710073,0.0,4.914004914004914,49.140049140049136,36.85503685503686,14.742014742014742,34.3980343980344,0.0,2.457002457002457,0.0,14.742014742014742,2.457002457002457,0.0,211.3022113022113,2.457002457002457,0.0,41.76904176904177,0.0,0.0,0.0,4.914004914004914,14.742014742014742,2.457002457002457,0.0,0.0,0.0,0.0,0.0,0.0,0.0,0.0,0.0,0.0,0.0,4.914004914004914,7.371007371007371,81.08108108108108,17.1990171990172,7.371007371007371,71.25307125307125,0.5512820512820513,3.994871794871795,0.0,4.914004914004914,2.457002457002457,2.457002457002457,17.1990171990172,0.0,17.1990171990172,2.457002457002457,0.0,12.285012285012284,2.457002457002457,36.85503685503686,2.457002457002457,2.457002457002457,39.31203931203931,2.457002457002457,2.457002457002457,0.0,2.457002457002457,4.914004914004914,14.742014742014742,0.0,9.828009828009828
SYU7,44.44444444444444,4.938271604938271,86.41975308641975,0.0,2.4691358024691357,66.66666666666667,27.160493827160494,39.50617283950617,22.22222222222222,7.407407407407407,9.876543209876543,4.938271604938271,14.814814814814815,12.345679012345679,2.4691358024691357,180.2469135802469,0.0,0.0,46.91358024691358,2.4691358024691357,0.0,0.0,0.0,14.814814814814815,4.938271604938271,0.0,0.0,0.0,0.0,0.0,2.4691358024691357,0.0,0.0,0.0,2.4691358024691357,4.938271604938271,4.938271604938271,2.4691358024691357,61.72839506172839,24.691358024691358,9.876543209876543,93.82716049382717,0.6223958333333334,4.2578125,0.0,2.4691358024691357,9.876543209876543,0.0,4.938271604938271,2.4691358024691357,14.814814814814815,14.814814814814815,0.0,7.407407407407407,9.876543209876543,32.098765432098766,0.0,0.0,44.44444444444444,12.345679012345679,0.0,0.0,4.938271604938271,0.0,9.876543209876543,0.0,22.22222222222222
SYWB,19.753086419753085,9.876543209876543,91.35802469135803,2.4691358024691357,7.407407407407407,81.4814814814815,29.62962962962963,9.876543209876543,17.28395061728395,9.876543209876543,4.938271604938271,9.876543209876543,9.876543209876543,0.0,2.4691358024691357,180.2469135802469,2.4691358024691357,0.0,29.62962962962963,2.4691358024691357,2.4691358024691357,0.0,0.0,17.28395061728395,0.0,0.0,2.4691358024691357,0.0,0.0,0.0,0.0,0.0,0.0,0.0,0.0,0.0,9.876543209876543,7.407407407407407,54.32098765432099,24.691358024691358,7.407407407407407,103.7037037037037,0.5473684210526316,3.7289473684210526,2.4691358024691357,4.938271604938271,14.814814814814815,0.0,4.938271604938271,2.4691358024691357,14.814814814814815,19.753086419753085,0.0,12.345679012345679,2.4691358024691357,27.160493827160494,0.0,0.0,56.79012345679013,4.938271604938271,0.0,2.4691358024691357,4.938271604938271,2.4691358024691357,24.691358024691358,0.0,14.814814814814815
SYWF,53.26876513317191,2.4213075060532687,53.26876513317191,0.0,2.4213075060532687,29.055690072639226,4.842615012106537,29.055690072639226,26.634382566585955,4.842615012106537,7.263922518159807,0.0,9.685230024213075,16.949152542372882,0.0,196.12590799031477,7.263922518159807,0.0,38.7409200968523,2.4213075060532687,2.4213075060532687,2.4213075060532687,0.0,24.213075060532688,0.0,0.0,0.0,2.4213075060532687,0.0,0.0,2.4213075060532687,0.0,0.0,0.0,0.0,2.4213075060532687,2.4213075060532687,9.685230024213075,89.58837772397095,50.84745762711865,4.842615012106537,75.06053268765133,0.5862944162436549,4.370558375634518,2.4213075060532687,0.0,2.4213075060532687,2.4213075060532687,19.37046004842615,0.0,7.263922518159807,0.0,0.0,12.106537530266344,7.263922518159807,33.898305084745765,2.4213075060532687,0.0,36.31961259079903,4.842615012106537,0.0,0.0,2.4213075060532687,0.0,2.4213075060532687,0.0,14.527845036319613
SZ6C,9.803921568627452,2.450980392156863,85.7843137254902,0.0,9.803921568627452,51.470588235294116,29.41176470588235,4.901960784313726,7.352941176470588,7.352941176470588,7.352941176470588,0.0,7.352941176470588,0.0,0.0,218.13725490196077,2.450980392156863,0.0,31.862745098039213,2.450980392156863,0.0,0.0,0.0,12.254901960784313,0.0,0.0,0.0,2.450980392156863,0.0,0.0,2.450980392156863,0.0,0.0,0.0,0.0,0.0,12.254901960784313,9.803921568627452,85.7843137254902,46.568627450980394,4.901960784313726,107.84313725490196,0.5572519083969466,4.020356234096692,4.901960784313726,0.0,7.352941176470588,0.0,2.450980392156863,2.450980392156863,7.352941176470588,14.705882352941176,2.450980392156863,4.901960784313726,2.450980392156863,9.803921568627452,0.0,0.0,31.862745098039213,0.0,0.0,0.0,2.450980392156863,2.450980392156863,12.254901960784313,2.450980392156863,29.41176470588235
SZ7Y,56.511056511056516,7.371007371007371,51.597051597051596,0.0,0.0,61.42506142506143,19.656019656019655,9.828009828009828,29.484029484029485,2.457002457002457,0.0,7.371007371007371,12.285012285012284,2.457002457002457,4.914004914004914,218.67321867321868,0.0,2.457002457002457,22.11302211302211,0.0,0.0,0.0,4.914004914004914,7.371007371007371,2.457002457002457,0.0,0.0,0.0,0.0,0.0,0.0,0.0,0.0,0.0,0.0,0.0,2.457002457002457,4.914004914004914,76.16707616707617,49.140049140049136,0.0,76.16707616707617,0.6157760814249363,4.139949109414759,2.457002457002457,0.0,0.0,0.0,7.371007371007371,0.0,9.828009828009828,0.0,0.0,9.828009828009828,7.371007371007371,31.94103194103194,0.0,0.0,24.570024570024568,0.0,2.457002457002457,0.0,7.371007371007371,4.914004914004914,22.11302211302211,0.0,12.285012285012284
SZ8H,44.776119402985074,4.975124378109452,87.06467661691543,2.487562189054726,4.975124378109452,67.16417910447761,14.925373134328359,39.80099502487562,24.875621890547265,4.975124378109452,2.487562189054726,7.462686567164179,14.925373134328359,2.487562189054726,0.0,203.98009950248755,2.487562189054726,0.0,32.33830845771144,2.487562189054726,0.0,0.0,0.0,22.388059701492537,2.487562189054726,0.0,2.487562189054726,0.0,2.487562189054726,0.0,2.487562189054726,0.0,0.0,0.0,0.0,7.462686567164179,0.0,4.975124378109452,59.701492537313435,47.2636815920398,4.975124378109452,79.60199004975124,0.5596816976127321,3.750663129973475,0.0,2.487562189054726,0.0,4.975124378109452,9.950248756218905,4.975124378109452,14.925373134328359,7.462686567164179,0.0,2.487562189054726,4.975124378109452,22.388059701492537,2.487562189054726,0.0,54.72636815920398,2.487562189054726,0.0,0.0,0.0,4.975124378109452,14.925373134328359,2.487562189054726,14.925373134328359
SZ98,48.661800486618006,4.866180048661801,63.26034063260341,2.4330900243309004,4.866180048661801,65.69343065693431,36.4963503649635,17.0316301703163,9.732360097323602,7.299270072992701,7.299270072992701,4.866180048661801,17.0316301703163,2.4330900243309004,2.4330900243309004,192.21411192214111,4.866180048661801,0.0,34.0632603406326,0.0,0.0,0.0,0.0,19.464720194647203,0.0,0.0,0.0,0.0,0.0,0.0,4.866180048661801,0.0,0.0,0.0,0.0,0.0,0.0,4.866180048661801,80.2919708029197,36.4963503649635,9.732360097323602,75.42579075425792,0.6288659793814433,4.175257731958763,0.0,7.299270072992701,0.0,2.4330900243309004,9.732360097323602,0.0,12.165450121654501,14.598540145985401,2.4330900243309004,4.866180048661801,7.299270072992701,7.299270072992701,2.4330900243309004,0.0,36.4963503649635,0.0,2.4330900243309004,0.0,7.299270072992701,0.0,19.464720194647203,2.4330900243309004,9.732360097323602
SZBR,29.850746268656717,9.950248756218905,92.03980099502488,0.0,4.975124378109452,92.03980099502488,27.36318407960199,29.850746268656717,27.36318407960199,17.412935323383085,9.950248756218905,12.437810945273633,14.925373134328359,12.437810945273633,0.0,156.71641791044777,4.975124378109452,0.0,39.80099502487562,0.0,0.0,0.0,0.0,12.437810945273633,0.0,0.0,0.0,0.0,0.0,0.0,0.0,0.0,0.0,0.0,0.0,0.0,4.975124378109452,9.950248756218905,106.96517412935323,19.90049751243781,7.462686567164179,92.03980099502488,0.5663956639566395,3.924119241192412,0.0,2.487562189054726,2.487562189054726,2.487562189054726,19.90049751243781,0.0,7.462686567164179,12.437810945273633,0.0,19.90049751243781,0.0,27.36318407960199,2.487562189054726,0.0,74.62686567164178,2.487562189054726,0.0,0.0,7.462686567164179,2.487562189054726,7.462686567164179,0.0,9.950248756218905
SZDA,36.76470588235294,19.607843137254903,102.94117647058823,0.0,2.450980392156863,85.7843137254902,19.607843137254903,7.352941176470588,26.96078431372549,2.450980392156863,4.901960784313726,7.352941176470588,19.607843137254903,9.803921568627452,2.450980392156863,164.2156862745098,9.803921568627452,0.0,39.21568627450981,0.0,0.0,0.0,0.0,19.607843137254903,2.450980392156863,0.0,0.0,0.0,0.0,0.0,0.0,0.0,0.0,0.0,0.0,2.450980392156863,4.901960784313726,7.352941176470588,66.17647058823529,19.607843137254903,12.254901960784313,105.3921568627451,0.574025974025974,4.119480519480519,0.0,4.901960784313726,0.0,4.901960784313726,14.705882352941176,0.0,2.450980392156863,7.352941176470588,0.0,2.450980392156863,7.352941176470588,29.41176470588235,0.0,0.0,46.568627450980394,0.0,0.0,0.0,4.901960784313726,4.901960784313726,12.254901960784313,0.0,17.156862745098042
SZJ7,31.32530120481928,7.228915662650603,67.46987951807229,0.0,9.63855421686747,53.01204819277108,19.27710843373494,21.686746987951807,19.27710843373494,2.4096385542168677,0.0,4.819277108433735,12.048192771084338,7.228915662650603,2.4096385542168677,224.0963855421687,0.0,0.0,24.096385542168676,2.4096385542168677,2.4096385542168677,0.0,0.0,14.457831325301205,4.819277108433735,0.0,2.4096385542168677,2.4096385542168677,0.0,0.0,7.228915662650603,0.0,0.0,0.0,0.0,0.0,4.819277108433735,0.0,108.43373493975903,48.19277108433735,0.0,65.06024096385542,0.5911330049261084,4.086206896551724,0.0,2.4096385542168677,0.0,0.0,2.4096385542168677,2.4096385542168677,12.048192771084338,2.4096385542168677,2.4096385542168677,2.4096385542168677,4.819277108433735,28.91566265060241,0.0,2.4096385542168677,19.27710843373494,2.4096385542168677,0.0,0.0,2.4096385542168677,4.819277108433735,19.27710843373494,0.0,12.048192771084338
SZQX,24.271844660194173,9.70873786407767,82.5242718446602,2.4271844660194173,7.281553398058253,82.5242718446602,21.844660194174757,21.844660194174757,12.135922330097086,2.4271844660194173,7.281553398058253,7.281553398058253,21.844660194174757,12.135922330097086,0.0,167.47572815533982,4.854368932038835,0.0,26.699029126213592,0.0,0.0,0.0,7.281553398058253,12.135922330097086,0.0,0.0,0.0,0.0,0.0,0.0,0.0,0.0,0.0,0.0,0.0,0.0,2.4271844660194173,4.854368932038835,94.66019417475728,41.2621359223301,9.70873786407767,123.7864077669903,0.5974358974358974,4.01025641025641,0.0,2.4271844660194173,0.0,0.0,26.699029126213592,2.4271844660194173,7.281553398058253,9.70873786407767,2.4271844660194173,7.281553398058253,12.135922330097086,14.563106796116505,4.854368932038835,0.0,46.116504854368934,0.0,0.0,0.0,0.0,0.0,4.854368932038835,0.0,24.271844660194173
SZT4,37.31343283582089,0.0,42.28855721393035,0.0,4.975124378109452,44.776119402985074,12.437810945273633,34.82587064676617,14.925373134328359,2.487562189054726,2.487562189054726,0.0,4.975124378109452,9.950248756218905,0.0,201.49253731343285,2.487562189054726,0.0,12.437810945273633,0.0,0.0,0.0,0.0,14.925373134328359,2.487562189054726,0.0,2.487562189054726,4.975124378109452,0.0,0.0,2.487562189054726,0.0,0.0,0.0,2.487562189054726,0.0,7.462686567164179,14.925373134328359,104.4776119402985,44.776119402985074,0.0,52.23880597014925,0.615979381443299,3.943298969072165,2.487562189054726,4.975124378109452,2.487562189054726,0.0,9.950248756218905,0.0,14.925373134328359,9.950248756218905,4.975124378109452,9.950248756218905,17.412935323383085,17.412935323383085,4.975124378109452,0.0,27.36318407960199,2.487562189054726,0.0,0.0,0.0,4.975124378109452,4.975124378109452,0.0,12.437810945273633
