doc_id,f_01_past_tense,f_02_perfect_aspect,f_03_present_tense,f_04_place_adverbials,f_05_time_adverbials,f_06_first_person_pronouns,f_07_second_person_pronouns,f_08_third_person_pronouns,f_09_pronoun_it,f_10_demonstrative_pronoun,f_11_indefinite_pronouns,f_12_proverb_do,f_13_wh_question,f_14_nominalizations,f_15_gerunds,f_16_other_nouns,f_17_agentless_passives,f_18_by_passives,f_19_be_main_verb,f_20_existential_there,f_21_that_verb_comp,f_22_that_adj_comp,f_23_wh_clause,f_24_infinitives,f_25_present_participle,f_26_past_participle,f_27_past_participle_whiz,f_28_present_participle_whiz,f_29_that_subj,f_30_that_obj,f_31_wh_subj,f_32_wh_obj,f_33_pied_piping,f_34_sentence_relatives,f_35_because,f_36_though,f_37_if,f_38_other_adv_sub,f_39_prepositions,f_40_adj_attr,f_41_adj_pred,f_42_adverbs,f_43_type_token,f_44_mean_word_length,f_45_conjuncts,f_46_downtoners,f_47_hedges,f_48_amplifiers,f_49_emphatics,f_50_discourse_particles,f_51_demonstratives,f_52_modal_possibility,f_53_modal_necessity,f_54_modal_predictive,f_55_verb_public,f_56_verb_private,f_57_verb_suasive,f_58_verb_seem,f_59_contractions,f_60_that_deletion,f_61_stranded_preposition,f_62_split_infinitive,f_63_split_auxiliary,f_64_phrasal_coordination,f_65_clausal_coordination,f_66_neg_synthetic,f_67_neg_analytic
C12-1098,0.0,9.685230024213075,60.53268765133172,0.0,4.842615012106537,2.4213075060532687,0.0,2.4213075060532687,0.0,0.0,0.0,0.0,7.263922518159807,58.11138014527845,4.842615012106537,353.51089588377727,21.791767554479417,0.0,7.263922518159807,2.4213075060532687,0.0,0.0,0.0,24.213075060532688,0.0,0.0,0.0,4.842615012106537,0.0,0.0,4.842615012106537,0.0,0.0,2.4213075060532687,0.0,0.0,0.0,7.263922518159807,106.53753026634382,70.2179176755448,0.0,36.31961259079903,0.49748743718592964,5.540201005025126,2.4213075060532687,0.0,0.0,0.0,2.4213075060532687,0.0,9.685230024213075,4.842615012106537,0.0,0.0,0.0,4.842615012106537,0.0,0.0,0.0,0.0,0.0,0.0,14.527845036319613,12.106537530266344,2.4213075060532687,0.0,2.4213075060532687
P16-1048,2.352941176470588,4.705882352941176,63.52941176470588,0.0,4.705882352941176,14.11764705882353,0.0,4.705882352941176,2.352941176470588,0.0,0.0,0.0,16.47058823529412,44.70588235294118,7.058823529411765,381.1764705882353,4.705882352941176,7.058823529411765,11.76470588235294,2.352941176470588,0.0,0.0,0.0,11.76470588235294,0.0,0.0,0.0,0.0,7.058823529411765,0.0,0.0,0.0,2.352941176470588,7.058823529411765,2.352941176470588,0.0,0.0,0.0,96.47058823529412,70.58823529411765,2.352941176470588,54.11764705882353,0.5399515738498789,5.612590799031477,7.058823529411765,2.352941176470588,0.0,7.058823529411765,9.411764705882351,0.0,11.76470588235294,0.0,4.705882352941176,0.0,9.411764705882351,16.47058823529412,9.411764705882351,0.0,0.0,0.0,0.0,0.0,0.0,14.11764705882353,0.0,4.705882352941176,2.352941176470588
D13-1086,7.371007371007371,0.0,58.96805896805897,2.457002457002457,0.0,19.656019656019655,0.0,2.457002457002457,2.457002457002457,0.0,0.0,0.0,14.742014742014742,24.570024570024568,4.914004914004914,358.72235872235876,12.285012285012284,0.0,36.85503685503686,2.457002457002457,9.828009828009828,0.0,0.0,12.285012285012284,4.914004914004914,0.0,9.828009828009828,0.0,4.914004914004914,0.0,0.0,0.0,0.0,7.371007371007371,0.0,0.0,0.0,4.914004914004914,105.65110565110565,56.511056511056516,19.656019656019655,34.3980343980344,0.491183879093199,5.146095717884131,12.285012285012284,0.0,0.0,0.0,2.457002457002457,0.0,12.285012285012284,19.656019656019655,4.914004914004914,0.0,0.0,19.656019656019655,7.371007371007371,0.0,0.0,0.0,0.0,0.0,7.371007371007371,0.0,7.371007371007371,0.0,4.914004914004914
P18-1190,0.0,2.304147465437788,55.29953917050692,0.0,0.0,4.608294930875576,0.0,2.304147465437788,0.0,2.304147465437788,0.0,0.0,13.82488479262673,39.17050691244239,23.041474654377883,366.35944700460834,27.64976958525346,2.304147465437788,16.129032258064516,0.0,2.304147465437788,0.0,0.0,4.608294930875576,2.304147465437788,2.304147465437788,2.304147465437788,0.0,4.608294930875576,0.0,0.0,0.0,0.0,6.912442396313365,4.608294930875576,0.0,0.0,2.304147465437788,115.2073732718894,76.036866359447,6.912442396313365,46.082949308755765,0.539568345323741,5.649880095923262,9.216589861751151,0.0,0.0,2.304147465437788,4.608294930875576,0.0,9.216589861751151,9.216589861751151,0.0,0.0,2.304147465437788,13.82488479262673,6.912442396313365,0.0,0.0,0.0,0.0,0.0,9.216589861751151,11.520737327188941,4.608294930875576,0.0,2.304147465437788
D11-1095,0.0,19.41747572815534,60.67961165048544,2.4271844660194173,2.4271844660194173,9.70873786407767,0.0,7.281553398058253,9.70873786407767,2.4271844660194173,0.0,0.0,16.990291262135923,50.970873786407765,9.70873786407767,373.7864077669903,14.563106796116505,0.0,19.41747572815534,0.0,0.0,0.0,0.0,14.563106796116505,2.4271844660194173,0.0,4.854368932038835,2.4271844660194173,0.0,0.0,7.281553398058253,0.0,0.0,4.854368932038835,2.4271844660194173,0.0,0.0,4.854368932038835,94.66019417475728,60.67961165048544,14.563106796116505,41.2621359223301,0.5490716180371353,5.278514588859417,7.281553398058253,0.0,0.0,0.0,0.0,0.0,7.281553398058253,4.854368932038835,0.0,0.0,0.0,7.281553398058253,9.70873786407767,0.0,0.0,0.0,0.0,0.0,4.854368932038835,9.70873786407767,0.0,0.0,4.854368932038835
D17-1226,0.0,0.0,57.14285714285714,7.142857142857142,0.0,4.761904761904763,0.0,9.523809523809526,2.3809523809523814,0.0,0.0,0.0,14.285714285714285,47.61904761904761,9.523809523809526,350.0,11.904761904761903,0.0,23.809523809523807,0.0,2.3809523809523814,0.0,0.0,16.666666666666668,0.0,2.3809523809523814,2.3809523809523814,0.0,9.523809523809526,0.0,0.0,0.0,0.0,2.3809523809523814,2.3809523809523814,0.0,0.0,7.142857142857142,88.0952380952381,59.52380952380952,9.523809523809526,66.66666666666667,0.5073529411764706,5.458333333333333,11.904761904761903,4.761904761904763,0.0,7.142857142857142,7.142857142857142,0.0,4.761904761904763,11.904761904761903,0.0,0.0,0.0,4.761904761904763,11.904761904761903,4.761904761904763,0.0,0.0,0.0,2.3809523809523814,4.761904761904763,9.523809523809526,0.0,2.3809523809523814,2.3809523809523814
D17-1061,0.0,0.0,87.88598574821853,0.0,0.0,21.377672209026127,0.0,2.375296912114014,7.125890736342043,2.375296912114014,0.0,0.0,21.377672209026127,26.128266033254157,2.375296912114014,280.28503562945366,28.503562945368174,0.0,19.002375296912113,2.375296912114014,2.375296912114014,0.0,0.0,28.503562945368174,0.0,0.0,0.0,0.0,0.0,2.375296912114014,4.750593824228028,0.0,4.750593824228028,0.0,2.375296912114014,0.0,2.375296912114014,7.125890736342043,109.26365795724466,59.38242280285035,0.0,28.503562945368174,0.47911547911547914,4.894348894348894,16.6270783847981,0.0,0.0,0.0,7.125890736342043,0.0,16.6270783847981,2.375296912114014,0.0,2.375296912114014,2.375296912114014,21.377672209026127,7.125890736342043,0.0,0.0,0.0,2.375296912114014,2.375296912114014,7.125890736342043,2.375296912114014,2.375296912114014,0.0,0.0
C12-1059,2.4691358024691357,0.0,74.07407407407408,0.0,0.0,2.4691358024691357,0.0,4.938271604938271,12.345679012345679,2.4691358024691357,0.0,0.0,22.22222222222222,64.19753086419753,14.814814814814815,249.38271604938274,19.753086419753085,0.0,32.098765432098766,2.4691358024691357,0.0,2.4691358024691357,0.0,17.28395061728395,2.4691358024691357,0.0,7.407407407407407,2.4691358024691357,7.407407407407407,0.0,7.407407407407407,0.0,2.4691358024691357,2.4691358024691357,2.4691358024691357,0.0,2.4691358024691357,0.0,113.58024691358025,79.01234567901234,2.4691358024691357,56.79012345679013,0.43434343434343436,5.181818181818182,7.407407407407407,4.938271604938271,0.0,0.0,2.4691358024691357,0.0,4.938271604938271,7.407407407407407,0.0,2.4691358024691357,0.0,9.876543209876543,4.938271604938271,0.0,0.0,0.0,0.0,0.0,4.938271604938271,2.4691358024691357,4.938271604938271,0.0,12.345679012345679
D15-1219,0.0,2.487562189054726,67.16417910447761,0.0,0.0,7.462686567164179,0.0,0.0,4.975124378109452,0.0,0.0,0.0,14.925373134328359,62.18905472636816,9.950248756218905,348.25870646766174,12.437810945273633,2.487562189054726,27.36318407960199,2.487562189054726,0.0,0.0,0.0,4.975124378109452,0.0,0.0,9.950248756218905,0.0,4.975124378109452,0.0,2.487562189054726,0.0,0.0,4.975124378109452,0.0,0.0,0.0,2.487562189054726,121.8905472636816,101.99004975124377,4.975124378109452,19.90049751243781,0.46770025839793283,5.537467700258398,2.487562189054726,4.975124378109452,0.0,2.487562189054726,4.975124378109452,0.0,4.975124378109452,12.437810945273633,0.0,0.0,0.0,0.0,4.975124378109452,0.0,0.0,0.0,0.0,0.0,2.487562189054726,17.412935323383085,0.0,2.487562189054726,0.0
D14-1075,0.0,2.444987775061125,63.56968215158924,0.0,2.444987775061125,19.559902200489,0.0,0.0,4.88997555012225,2.444987775061125,0.0,0.0,7.334963325183374,48.8997555012225,4.88997555012225,339.8533007334963,2.444987775061125,0.0,14.669926650366747,0.0,0.0,0.0,0.0,24.44987775061125,0.0,0.0,17.114914425427873,0.0,0.0,0.0,2.444987775061125,0.0,0.0,2.444987775061125,0.0,0.0,0.0,4.88997555012225,124.69437652811736,63.56968215158924,0.0,34.229828850855746,0.5139949109414759,5.076335877862595,7.334963325183374,2.444987775061125,0.0,2.444987775061125,2.444987775061125,0.0,14.669926650366747,0.0,0.0,0.0,0.0,4.88997555012225,2.444987775061125,0.0,0.0,0.0,0.0,0.0,2.444987775061125,2.444987775061125,0.0,0.0,2.444987775061125
D12-1059,0.0,2.444987775061125,73.34963325183375,0.0,4.88997555012225,29.339853300733495,0.0,4.88997555012225,4.88997555012225,2.444987775061125,0.0,0.0,12.224938875305625,34.229828850855746,7.334963325183374,268.9486552567237,14.669926650366747,2.444987775061125,14.669926650366747,0.0,4.88997555012225,0.0,0.0,19.559902200489,0.0,0.0,4.88997555012225,4.88997555012225,4.88997555012225,0.0,4.88997555012225,0.0,0.0,0.0,0.0,0.0,0.0,2.444987775061125,127.13936430317848,97.799511002445,7.334963325183374,61.12469437652811,0.49502487562189057,5.253731343283582,9.7799511002445,0.0,0.0,0.0,4.88997555012225,0.0,9.7799511002445,2.444987775061125,2.444987775061125,4.88997555012225,7.334963325183374,12.224938875305625,2.444987775061125,0.0,0.0,0.0,0.0,0.0,4.88997555012225,0.0,0.0,0.0,9.7799511002445
P17-1133,9.925558312655086,4.962779156327543,37.220843672456574,2.4813895781637716,0.0,0.0,0.0,4.962779156327543,7.444168734491315,0.0,0.0,0.0,0.0,22.332506203473944,4.962779156327543,382.1339950372208,9.925558312655086,2.4813895781637716,17.3697270471464,4.962779156327543,4.962779156327543,0.0,0.0,22.332506203473944,2.4813895781637716,0.0,0.0,2.4813895781637716,0.0,0.0,0.0,0.0,0.0,0.0,0.0,0.0,0.0,9.925558312655086,133.99503722084367,47.146401985111666,7.444168734491315,44.66501240694789,0.5286458333333334,5.6875,14.88833746898263,0.0,0.0,0.0,4.962779156327543,0.0,2.4813895781637716,9.925558312655086,2.4813895781637716,2.4813895781637716,4.962779156327543,19.851116625310173,14.88833746898263,0.0,0.0,0.0,0.0,7.444168734491315,12.40694789081886,7.444168734491315,4.962779156327543,0.0,2.4813895781637716
C10-1015,0.0,7.352941176470588,61.27450980392157,0.0,7.352941176470588,0.0,0.0,2.450980392156863,0.0,0.0,0.0,0.0,14.705882352941176,85.7843137254902,24.509803921568626,252.45098039215685,19.607843137254903,0.0,19.607843137254903,0.0,0.0,0.0,0.0,19.607843137254903,0.0,0.0,7.352941176470588,4.901960784313726,9.803921568627452,0.0,0.0,0.0,2.450980392156863,0.0,0.0,0.0,2.450980392156863,4.901960784313726,144.60784313725492,68.62745098039217,0.0,56.372549019607845,0.5333333333333333,5.6567901234567906,7.352941176470588,0.0,0.0,2.450980392156863,9.803921568627452,0.0,4.901960784313726,0.0,0.0,0.0,4.901960784313726,14.705882352941176,7.352941176470588,2.450980392156863,0.0,0.0,0.0,0.0,12.254901960784313,7.352941176470588,0.0,0.0,0.0
P09-1045,2.4752475247524752,7.425742574257425,89.10891089108911,0.0,7.425742574257425,19.801980198019802,0.0,2.4752475247524752,2.4752475247524752,4.9504950495049505,0.0,0.0,14.85148514851485,29.7029702970297,9.900990099009901,274.7524752475248,19.801980198019802,2.4752475247524752,12.376237623762377,0.0,2.4752475247524752,0.0,0.0,7.425742574257425,0.0,0.0,2.4752475247524752,0.0,2.4752475247524752,0.0,7.425742574257425,0.0,0.0,2.4752475247524752,2.4752475247524752,0.0,0.0,4.9504950495049505,86.63366336633663,96.53465346534654,2.4752475247524752,69.30693069306932,0.5501285347043702,5.740359897172237,0.0,2.4752475247524752,0.0,2.4752475247524752,4.9504950495049505,0.0,12.376237623762377,4.9504950495049505,0.0,0.0,0.0,9.900990099009901,7.425742574257425,0.0,0.0,0.0,0.0,0.0,12.376237623762377,14.85148514851485,4.9504950495049505,0.0,0.0
D09-1057,4.716981132075471,2.3584905660377355,61.320754716981135,0.0,0.0,16.50943396226415,0.0,0.0,9.433962264150942,0.0,0.0,0.0,11.79245283018868,96.69811320754718,4.716981132075471,292.45283018867923,11.79245283018868,0.0,21.22641509433962,2.3584905660377355,7.0754716981132075,0.0,0.0,9.433962264150942,0.0,0.0,2.3584905660377355,2.3584905660377355,0.0,0.0,0.0,0.0,2.3584905660377355,2.3584905660377355,0.0,0.0,2.3584905660377355,4.716981132075471,125.0,56.60377358490566,2.3584905660377355,21.22641509433962,0.5084745762711864,5.0508474576271185,16.50943396226415,4.716981132075471,0.0,0.0,4.716981132075471,0.0,7.0754716981132075,7.0754716981132075,4.716981132075471,2.3584905660377355,2.3584905660377355,16.50943396226415,9.433962264150942,0.0,0.0,0.0,0.0,0.0,0.0,2.3584905660377355,0.0,2.3584905660377355,2.3584905660377355
C18-1165,2.4271844660194173,2.4271844660194173,77.66990291262135,0.0,0.0,2.4271844660194173,0.0,9.70873786407767,4.854368932038835,0.0,0.0,0.0,12.135922330097086,26.699029126213592,4.854368932038835,322.81553398058253,19.41747572815534,0.0,36.40776699029126,16.990291262135923,0.0,0.0,0.0,19.41747572815534,0.0,0.0,7.281553398058253,0.0,0.0,0.0,4.854368932038835,0.0,0.0,7.281553398058253,0.0,4.854368932038835,0.0,2.4271844660194173,118.93203883495146,80.09708737864078,7.281553398058253,58.25242718446602,0.48129675810473815,4.892768079800499,9.70873786407767,2.4271844660194173,0.0,2.4271844660194173,7.281553398058253,0.0,12.135922330097086,7.281553398058253,0.0,2.4271844660194173,0.0,7.281553398058253,2.4271844660194173,0.0,0.0,0.0,0.0,0.0,2.4271844660194173,2.4271844660194173,2.4271844660194173,0.0,4.854368932038835
P11-1120,0.0,0.0,47.393364928909946,0.0,2.3696682464454977,2.3696682464454977,0.0,0.0,2.3696682464454977,0.0,0.0,0.0,11.848341232227487,45.023696682464454,14.218009478672984,345.97156398104266,9.47867298578199,0.0,14.218009478672984,0.0,0.0,0.0,0.0,7.109004739336492,4.739336492890995,0.0,7.109004739336492,4.739336492890995,2.3696682464454977,0.0,0.0,0.0,0.0,2.3696682464454977,0.0,0.0,0.0,2.3696682464454977,106.6350710900474,99.5260663507109,0.0,45.023696682464454,0.6146095717884131,5.682619647355164,26.066350710900473,0.0,0.0,0.0,0.0,0.0,2.3696682464454977,9.47867298578199,0.0,2.3696682464454977,0.0,7.109004739336492,0.0,0.0,0.0,0.0,0.0,0.0,0.0,7.109004739336492,4.739336492890995,2.3696682464454977,0.0
P13-1050,0.0,4.62962962962963,67.12962962962963,0.0,0.0,11.574074074074073,0.0,2.314814814814815,0.0,4.62962962962963,0.0,0.0,16.203703703703702,57.870370370370374,6.944444444444444,349.537037037037,16.203703703703702,6.944444444444444,20.833333333333332,0.0,2.314814814814815,0.0,0.0,6.944444444444444,0.0,0.0,4.62962962962963,2.314814814814815,4.62962962962963,0.0,0.0,0.0,2.314814814814815,0.0,4.62962962962963,0.0,0.0,2.314814814814815,101.85185185185185,74.07407407407408,4.62962962962963,48.611111111111114,0.5264423076923077,5.509615384615385,9.25925925925926,0.0,0.0,2.314814814814815,2.314814814814815,0.0,11.574074074074073,13.888888888888888,0.0,0.0,0.0,11.574074074074073,9.25925925925926,0.0,0.0,0.0,0.0,2.314814814814815,9.25925925925926,11.574074074074073,0.0,2.314814814814815,4.62962962962963
D16-1060,4.938271604938271,2.4691358024691357,51.85185185185185,4.938271604938271,0.0,9.876543209876543,0.0,12.345679012345679,7.407407407407407,0.0,0.0,2.4691358024691357,14.814814814814815,34.5679012345679,4.938271604938271,370.3703703703703,7.407407407407407,0.0,17.28395061728395,0.0,0.0,0.0,0.0,12.345679012345679,0.0,0.0,2.4691358024691357,9.876543209876543,7.407407407407407,0.0,2.4691358024691357,0.0,0.0,0.0,0.0,0.0,0.0,4.938271604938271,103.7037037037037,64.19753086419753,4.938271604938271,54.32098765432099,0.5372750642673522,5.056555269922879,9.876543209876543,2.4691358024691357,0.0,2.4691358024691357,7.407407407407407,0.0,4.938271604938271,7.407407407407407,0.0,0.0,2.4691358024691357,9.876543209876543,2.4691358024691357,2.4691358024691357,2.4691358024691357,0.0,0.0,0.0,2.4691358024691357,7.407407407407407,2.4691358024691357,0.0,2.4691358024691357
N18-1198,7.0754716981132075,0.0,66.0377358490566,0.0,2.3584905660377355,14.150943396226415,0.0,7.0754716981132075,7.0754716981132075,2.3584905660377355,0.0,0.0,23.58490566037736,68.39622641509433,11.79245283018868,271.22641509433964,9.433962264150942,0.0,25.943396226415096,0.0,4.716981132075471,0.0,0.0,11.79245283018868,2.3584905660377355,0.0,4.716981132075471,2.3584905660377355,11.79245283018868,0.0,2.3584905660377355,0.0,0.0,2.3584905660377355,0.0,0.0,0.0,2.3584905660377355,115.56603773584906,91.98113207547169,7.0754716981132075,58.9622641509434,0.5097087378640777,5.279126213592233,11.79245283018868,0.0,0.0,4.716981132075471,2.3584905660377355,0.0,4.716981132075471,7.0754716981132075,0.0,0.0,0.0,14.150943396226415,4.716981132075471,0.0,0.0,0.0,0.0,2.3584905660377355,7.0754716981132075,0.0,2.3584905660377355,0.0,0.0
N13-1018,4.938271604938271,2.4691358024691357,61.72839506172839,0.0,0.0,7.407407407407407,7.407407407407407,4.938271604938271,4.938271604938271,4.938271604938271,0.0,0.0,12.345679012345679,39.50617283950617,14.814814814814815,308.641975308642,9.876543209876543,0.0,7.407407407407407,2.4691358024691357,2.4691358024691357,0.0,0.0,9.876543209876543,0.0,0.0,7.407407407407407,0.0,4.938271604938271,0.0,2.4691358024691357,0.0,0.0,0.0,2.4691358024691357,2.4691358024691357,2.4691358024691357,2.4691358024691357,111.1111111111111,69.1358024691358,4.938271604938271,49.382716049382715,0.5372750642673522,5.133676092544987,19.753086419753085,0.0,0.0,0.0,4.938271604938271,0.0,12.345679012345679,14.814814814814815,0.0,0.0,12.345679012345679,12.345679012345679,2.4691358024691357,0.0,0.0,0.0,2.4691358024691357,0.0,0.0,9.876543209876543,9.876543209876543,0.0,7.407407407407407
C16-1073,42.45283018867924,7.0754716981132075,21.22641509433962,0.0,2.3584905660377355,0.0,0.0,7.0754716981132075,0.0,0.0,0.0,0.0,9.433962264150942,35.37735849056604,28.30188679245283,405.66037735849056,7.0754716981132075,2.3584905660377355,14.150943396226415,0.0,0.0,0.0,0.0,9.433962264150942,0.0,0.0,7.0754716981132075,2.3584905660377355,2.3584905660377355,0.0,7.0754716981132075,0.0,0.0,0.0,4.716981132075471,2.3584905660377355,0.0,7.0754716981132075,87.26415094339622,99.05660377358491,7.0754716981132075,28.30188679245283,0.5356265356265356,5.393120393120393,9.433962264150942,0.0,0.0,0.0,4.716981132075471,0.0,2.3584905660377355,16.50943396226415,0.0,2.3584905660377355,0.0,14.150943396226415,7.0754716981132075,0.0,2.3584905660377355,0.0,0.0,0.0,2.3584905660377355,11.79245283018868,2.3584905660377355,0.0,7.0754716981132075
C16-1290,4.773269689737471,2.3866348448687353,42.959427207637226,0.0,2.3866348448687353,0.0,0.0,2.3866348448687353,0.0,7.159904534606206,0.0,2.3866348448687353,9.546539379474941,57.279236276849645,4.773269689737471,346.0620525059666,28.639618138424822,4.773269689737471,9.546539379474941,0.0,0.0,0.0,0.0,7.159904534606206,0.0,0.0,9.546539379474941,0.0,0.0,0.0,4.773269689737471,0.0,0.0,2.3866348448687353,0.0,0.0,0.0,4.773269689737471,119.33174224343675,42.959427207637226,2.3866348448687353,31.026252983293556,0.4344660194174757,5.288834951456311,4.773269689737471,2.3866348448687353,0.0,2.3866348448687353,2.3866348448687353,0.0,4.773269689737471,7.159904534606206,2.3866348448687353,4.773269689737471,0.0,9.546539379474941,0.0,0.0,0.0,0.0,0.0,0.0,4.773269689737471,14.319809069212411,2.3866348448687353,0.0,0.0
C18-1101,0.0,2.403846153846154,50.48076923076923,4.807692307692308,0.0,2.403846153846154,0.0,2.403846153846154,7.211538461538462,0.0,0.0,0.0,4.807692307692308,57.69230769230769,9.615384615384617,396.63461538461536,2.403846153846154,2.403846153846154,26.442307692307693,2.403846153846154,0.0,0.0,0.0,12.01923076923077,2.403846153846154,0.0,2.403846153846154,4.807692307692308,2.403846153846154,0.0,0.0,0.0,0.0,0.0,0.0,0.0,0.0,2.403846153846154,72.11538461538461,84.13461538461539,7.211538461538462,33.65384615384615,0.5692307692307692,5.556410256410256,7.211538461538462,0.0,0.0,0.0,0.0,0.0,14.423076923076923,12.01923076923077,0.0,2.403846153846154,0.0,2.403846153846154,0.0,0.0,0.0,0.0,0.0,0.0,0.0,4.807692307692308,7.211538461538462,0.0,2.403846153846154
D09-1015,16.355140186915886,11.682242990654204,53.73831775700935,0.0,2.336448598130841,11.682242990654204,0.0,7.009345794392523,0.0,4.672897196261682,0.0,0.0,18.69158878504673,70.09345794392523,0.0,257.0093457943925,18.69158878504673,2.336448598130841,11.682242990654204,0.0,0.0,0.0,0.0,9.345794392523365,2.336448598130841,0.0,2.336448598130841,4.672897196261682,0.0,0.0,7.009345794392523,0.0,2.336448598130841,7.009345794392523,0.0,0.0,0.0,0.0,126.1682242990654,46.72897196261682,2.336448598130841,63.0841121495327,0.4951923076923077,5.040865384615385,7.009345794392523,9.345794392523365,0.0,4.672897196261682,7.009345794392523,0.0,7.009345794392523,2.336448598130841,0.0,0.0,0.0,4.672897196261682,2.336448598130841,0.0,0.0,0.0,0.0,0.0,4.672897196261682,11.682242990654204,7.009345794392523,2.336448598130841,4.672897196261682
P11-1100,2.450980392156863,0.0,83.33333333333333,2.450980392156863,0.0,19.607843137254903,0.0,9.803921568627452,9.803921568627452,0.0,2.450980392156863,0.0,4.901960784313726,53.92156862745098,19.607843137254903,240.19607843137257,12.254901960784313,2.450980392156863,12.254901960784313,2.450980392156863,4.901960784313726,0.0,0.0,19.607843137254903,2.450980392156863,0.0,0.0,0.0,2.450980392156863,0.0,0.0,0.0,0.0,2.450980392156863,0.0,0.0,7.352941176470588,2.450980392156863,112.74509803921569,93.13725490196079,0.0,41.666666666666664,0.5318066157760815,5.366412213740458,19.607843137254903,2.450980392156863,0.0,0.0,4.901960784313726,0.0,12.254901960784313,0.0,0.0,0.0,2.450980392156863,12.254901960784313,9.803921568627452,0.0,2.450980392156863,0.0,0.0,0.0,2.450980392156863,19.607843137254903,0.0,0.0,4.901960784313726
D18-1176,0.0,11.415525114155251,61.64383561643835,0.0,2.28310502283105,11.415525114155251,0.0,6.8493150684931505,9.1324200913242,4.5662100456621,0.0,2.28310502283105,9.1324200913242,20.54794520547945,29.68036529680365,385.8447488584475,9.1324200913242,0.0,22.831050228310502,2.28310502283105,4.5662100456621,0.0,4.5662100456621,22.831050228310502,4.5662100456621,0.0,0.0,0.0,2.28310502283105,0.0,0.0,0.0,2.28310502283105,2.28310502283105,0.0,0.0,0.0,6.8493150684931505,105.0228310502283,70.77625570776256,2.28310502283105,38.81278538812785,0.5423728813559322,5.0,6.8493150684931505,0.0,0.0,2.28310502283105,6.8493150684931505,0.0,2.28310502283105,2.28310502283105,0.0,2.28310502283105,4.5662100456621,13.698630136986301,6.8493150684931505,0.0,0.0,2.28310502283105,0.0,0.0,6.8493150684931505,0.0,0.0,2.28310502283105,0.0
D18-1508,0.0,12.048192771084338,40.96385542168675,2.4096385542168677,2.4096385542168677,2.4096385542168677,0.0,0.0,7.228915662650603,2.4096385542168677,0.0,0.0,14.457831325301205,72.28915662650603,9.63855421686747,368.67469879518075,4.819277108433735,0.0,19.27710843373494,0.0,0.0,0.0,0.0,9.63855421686747,0.0,0.0,2.4096385542168677,2.4096385542168677,0.0,0.0,2.4096385542168677,0.0,0.0,2.4096385542168677,0.0,0.0,0.0,2.4096385542168677,115.66265060240964,65.06024096385542,4.819277108433735,65.06024096385542,0.5894206549118388,5.433249370277078,21.686746987951807,2.4096385542168677,0.0,4.819277108433735,7.228915662650603,0.0,0.0,2.4096385542168677,0.0,2.4096385542168677,4.819277108433735,4.819277108433735,2.4096385542168677,0.0,0.0,0.0,2.4096385542168677,0.0,9.63855421686747,19.27710843373494,0.0,0.0,2.4096385542168677
N18-1062,0.0,7.299270072992701,70.5596107055961,0.0,2.4330900243309004,0.0,0.0,0.0,2.4330900243309004,0.0,0.0,0.0,19.464720194647203,80.2919708029197,2.4330900243309004,316.301703163017,26.7639902676399,0.0,29.197080291970803,2.4330900243309004,0.0,0.0,0.0,12.165450121654501,4.866180048661801,0.0,0.0,0.0,12.165450121654501,0.0,0.0,0.0,0.0,0.0,0.0,0.0,0.0,7.299270072992701,109.48905109489051,85.1581508515815,2.4330900243309004,58.394160583941606,0.5101522842639594,5.355329949238579,14.598540145985401,0.0,0.0,0.0,9.732360097323602,0.0,0.0,0.0,0.0,2.4330900243309004,0.0,21.897810218978105,2.4330900243309004,0.0,0.0,0.0,0.0,2.4330900243309004,7.299270072992701,31.630170316301705,4.866180048661801,0.0,0.0
D11-1040,2.4630541871921183,2.4630541871921183,49.26108374384237,0.0,0.0,4.926108374384237,0.0,2.4630541871921183,0.0,0.0,0.0,0.0,7.389162561576354,36.94581280788178,4.926108374384237,320.1970443349754,7.389162561576354,0.0,19.704433497536947,0.0,0.0,0.0,0.0,22.167487684729064,2.4630541871921183,2.4630541871921183,2.4630541871921183,0.0,0.0,0.0,2.4630541871921183,0.0,0.0,2.4630541871921183,0.0,0.0,2.4630541871921183,2.4630541871921183,118.22660098522167,78.81773399014779,4.926108374384237,39.40886699507389,0.6266318537859008,5.45953002610966,9.852216748768473,2.4630541871921183,0.0,0.0,2.4630541871921183,0.0,2.4630541871921183,9.852216748768473,0.0,0.0,2.4630541871921183,24.630541871921185,4.926108374384237,0.0,0.0,0.0,0.0,0.0,2.4630541871921183,7.389162561576354,2.4630541871921183,2.4630541871921183,2.4630541871921183
P18-1184,4.901960784313726,7.352941176470588,46.568627450980394,0.0,4.901960784313726,2.450980392156863,0.0,2.450980392156863,12.254901960784313,0.0,0.0,0.0,7.352941176470588,36.76470588235294,7.352941176470588,421.5686274509804,9.803921568627452,0.0,14.705882352941176,0.0,2.450980392156863,0.0,0.0,22.058823529411764,0.0,0.0,7.352941176470588,4.901960784313726,2.450980392156863,0.0,2.450980392156863,0.0,0.0,2.450980392156863,0.0,0.0,2.450980392156863,2.450980392156863,78.43137254901961,78.43137254901961,7.352941176470588,44.11764705882353,0.5894736842105263,5.260526315789473,9.803921568627452,0.0,2.450980392156863,0.0,4.901960784313726,0.0,4.901960784313726,7.352941176470588,0.0,0.0,0.0,14.705882352941176,2.450980392156863,0.0,0.0,0.0,0.0,0.0,4.901960784313726,22.058823529411764,7.352941176470588,0.0,4.901960784313726
C16-1297,0.0,0.0,77.3067331670823,2.493765586034913,0.0,39.900249376558605,0.0,0.0,0.0,2.493765586034913,0.0,0.0,9.975062344139651,32.418952618453865,2.493765586034913,316.7082294264339,9.975062344139651,0.0,19.950124688279303,2.493765586034913,4.987531172069826,0.0,0.0,7.481296758104738,2.493765586034913,0.0,2.493765586034913,4.987531172069826,0.0,0.0,4.987531172069826,0.0,0.0,0.0,0.0,0.0,7.481296758104738,2.493765586034913,102.24438902743142,89.77556109725685,4.987531172069826,37.406483790523694,0.5532467532467532,5.275324675324676,4.987531172069826,2.493765586034913,0.0,0.0,7.481296758104738,0.0,4.987531172069826,2.493765586034913,0.0,0.0,4.987531172069826,14.962593516209475,4.987531172069826,0.0,0.0,0.0,0.0,0.0,2.493765586034913,14.962593516209475,2.493765586034913,2.493765586034913,2.493765586034913
D18-1357,0.0,6.756756756756757,49.54954954954955,4.504504504504505,0.0,13.513513513513514,0.0,0.0,2.2522522522522523,4.504504504504505,0.0,0.0,11.26126126126126,47.2972972972973,9.00900900900901,360.36036036036035,11.26126126126126,0.0,15.765765765765764,2.2522522522522523,0.0,0.0,0.0,6.756756756756757,0.0,2.2522522522522523,0.0,0.0,0.0,0.0,0.0,0.0,0.0,4.504504504504505,0.0,4.504504504504505,0.0,0.0,117.11711711711712,94.5945945945946,6.756756756756757,65.31531531531532,0.5362318840579711,5.403381642512077,18.01801801801802,6.756756756756757,0.0,2.2522522522522523,9.00900900900901,0.0,2.2522522522522523,6.756756756756757,0.0,0.0,2.2522522522522523,4.504504504504505,2.2522522522522523,0.0,0.0,0.0,0.0,0.0,2.2522522522522523,6.756756756756757,6.756756756756757,0.0,2.2522522522522523
N10-1120,2.450980392156863,7.352941176470588,78.43137254901961,0.0,2.450980392156863,4.901960784313726,0.0,0.0,7.352941176470588,0.0,0.0,0.0,14.705882352941176,95.58823529411764,4.901960784313726,279.4117647058824,29.41176470588235,0.0,14.705882352941176,0.0,0.0,0.0,0.0,17.156862745098042,2.450980392156863,0.0,2.450980392156863,0.0,0.0,0.0,7.352941176470588,0.0,0.0,2.450980392156863,0.0,2.450980392156863,0.0,7.352941176470588,102.94117647058823,63.725490196078425,9.803921568627452,56.372549019607845,0.44080604534005036,5.455919395465995,22.058823529411764,2.450980392156863,0.0,0.0,0.0,0.0,4.901960784313726,7.352941176470588,0.0,2.450980392156863,0.0,17.156862745098042,7.352941176470588,4.901960784313726,0.0,2.450980392156863,0.0,0.0,4.901960784313726,9.803921568627452,9.803921568627452,0.0,14.705882352941176
N15-1142,2.3866348448687353,9.546539379474941,66.82577565632458,2.3866348448687353,0.0,2.3866348448687353,0.0,7.159904534606206,0.0,4.773269689737471,0.0,0.0,19.093078758949883,33.41288782816229,16.706443914081145,379.47494033412886,19.093078758949883,2.3866348448687353,11.933174224343675,0.0,2.3866348448687353,0.0,2.3866348448687353,14.319809069212411,0.0,0.0,9.546539379474941,9.546539379474941,2.3866348448687353,0.0,0.0,0.0,2.3866348448687353,0.0,2.3866348448687353,0.0,0.0,14.319809069212411,100.23866348448688,52.50596658711217,7.159904534606206,54.89260143198091,0.5076142131979695,5.195431472081219,14.319809069212411,2.3866348448687353,0.0,0.0,9.546539379474941,0.0,16.706443914081145,2.3866348448687353,0.0,0.0,2.3866348448687353,11.933174224343675,4.773269689737471,0.0,0.0,0.0,0.0,0.0,4.773269689737471,7.159904534606206,0.0,0.0,2.3866348448687353
P14-1018,0.0,4.854368932038835,50.970873786407765,4.854368932038835,2.4271844660194173,12.135922330097086,0.0,4.854368932038835,2.4271844660194173,4.854368932038835,0.0,0.0,16.990291262135923,36.40776699029126,2.4271844660194173,342.2330097087379,7.281553398058253,2.4271844660194173,12.135922330097086,0.0,0.0,0.0,0.0,4.854368932038835,4.854368932038835,0.0,9.70873786407767,7.281553398058253,12.135922330097086,0.0,2.4271844660194173,0.0,0.0,0.0,0.0,0.0,0.0,0.0,140.7766990291262,84.95145631067962,4.854368932038835,41.2621359223301,0.5604113110539846,5.4318766066838045,12.135922330097086,0.0,0.0,2.4271844660194173,4.854368932038835,0.0,7.281553398058253,2.4271844660194173,0.0,0.0,2.4271844660194173,4.854368932038835,4.854368932038835,0.0,0.0,0.0,0.0,0.0,0.0,7.281553398058253,0.0,0.0,2.4271844660194173
D18-1456,18.18181818181818,4.545454545454545,54.54545454545454,0.0,9.09090909090909,11.363636363636363,0.0,2.2727272727272725,2.2727272727272725,0.0,2.2727272727272725,0.0,15.909090909090908,54.54545454545454,0.0,356.8181818181818,29.545454545454543,0.0,6.8181818181818175,0.0,2.2727272727272725,0.0,0.0,13.636363636363635,0.0,0.0,6.8181818181818175,0.0,4.545454545454545,0.0,2.2727272727272725,0.0,0.0,0.0,0.0,2.2727272727272725,4.545454545454545,6.8181818181818175,113.63636363636363,65.9090909090909,4.545454545454545,50.0,0.47897196261682246,5.107476635514018,13.636363636363635,2.2727272727272725,0.0,2.2727272727272725,4.545454545454545,0.0,4.545454545454545,4.545454545454545,0.0,0.0,2.2727272727272725,13.636363636363635,13.636363636363635,0.0,0.0,0.0,0.0,0.0,4.545454545454545,13.636363636363635,0.0,2.2727272727272725,2.2727272727272725
C16-1203,2.450980392156863,4.901960784313726,61.27450980392157,2.450980392156863,0.0,17.156862745098042,0.0,9.803921568627452,4.901960784313726,0.0,0.0,0.0,7.352941176470588,61.27450980392157,2.450980392156863,321.07843137254906,17.156862745098042,0.0,9.803921568627452,0.0,2.450980392156863,0.0,0.0,19.607843137254903,0.0,0.0,0.0,0.0,2.450980392156863,2.450980392156863,2.450980392156863,0.0,2.450980392156863,2.450980392156863,0.0,2.450980392156863,0.0,4.901960784313726,107.84313725490196,63.725490196078425,2.450980392156863,46.568627450980394,0.5375,5.4825,14.705882352941176,0.0,0.0,0.0,12.254901960784313,0.0,9.803921568627452,12.254901960784313,0.0,0.0,0.0,2.450980392156863,2.450980392156863,0.0,0.0,0.0,0.0,0.0,0.0,14.705882352941176,0.0,0.0,4.901960784313726
D11-1099,0.0,9.345794392523365,65.42056074766354,0.0,11.682242990654204,11.682242990654204,0.0,7.009345794392523,14.018691588785046,0.0,0.0,0.0,9.345794392523365,67.75700934579439,0.0,278.0373831775701,14.018691588785046,0.0,37.38317757009346,4.672897196261682,4.672897196261682,0.0,0.0,16.355140186915886,0.0,0.0,2.336448598130841,2.336448598130841,4.672897196261682,0.0,0.0,0.0,0.0,2.336448598130841,0.0,0.0,7.009345794392523,7.009345794392523,123.83177570093459,39.719626168224295,14.018691588785046,46.72897196261682,0.472636815920398,5.27363184079602,2.336448598130841,2.336448598130841,0.0,0.0,2.336448598130841,0.0,4.672897196261682,14.018691588785046,0.0,2.336448598130841,7.009345794392523,23.36448598130841,7.009345794392523,0.0,0.0,0.0,2.336448598130841,0.0,7.009345794392523,0.0,2.336448598130841,0.0,7.009345794392523
N15-1009,2.4096385542168677,2.4096385542168677,57.83132530120482,0.0,0.0,7.228915662650603,0.0,4.819277108433735,2.4096385542168677,0.0,0.0,0.0,16.867469879518072,33.734939759036145,16.867469879518072,334.9397590361446,2.4096385542168677,0.0,19.27710843373494,0.0,0.0,0.0,0.0,24.096385542168676,0.0,0.0,4.819277108433735,2.4096385542168677,2.4096385542168677,0.0,0.0,0.0,0.0,7.228915662650603,0.0,0.0,2.4096385542168677,2.4096385542168677,120.48192771084338,65.06024096385542,4.819277108433735,43.373493975903614,0.5420792079207921,4.98019801980198,9.63855421686747,4.819277108433735,2.4096385542168677,2.4096385542168677,2.4096385542168677,0.0,14.457831325301205,0.0,0.0,4.819277108433735,0.0,9.63855421686747,4.819277108433735,0.0,0.0,0.0,0.0,4.819277108433735,4.819277108433735,14.457831325301205,9.63855421686747,2.4096385542168677,4.819277108433735
D17-1234,4.878048780487805,7.317073170731708,56.09756097560976,0.0,0.0,0.0,0.0,9.75609756097561,2.4390243902439024,0.0,0.0,2.4390243902439024,14.634146341463415,12.195121951219512,9.75609756097561,424.390243902439,21.95121951219512,0.0,12.195121951219512,0.0,0.0,0.0,0.0,19.51219512195122,0.0,0.0,2.4390243902439024,2.4390243902439024,0.0,0.0,2.4390243902439024,0.0,0.0,4.878048780487805,0.0,2.4390243902439024,2.4390243902439024,9.75609756097561,90.24390243902438,56.09756097560976,4.878048780487805,36.58536585365854,0.5620253164556962,5.2683544303797465,4.878048780487805,2.4390243902439024,0.0,0.0,7.317073170731708,0.0,4.878048780487805,7.317073170731708,2.4390243902439024,2.4390243902439024,0.0,7.317073170731708,4.878048780487805,0.0,0.0,0.0,0.0,0.0,4.878048780487805,4.878048780487805,2.4390243902439024,0.0,2.4390243902439024
C18-1233,4.987531172069826,2.493765586034913,54.86284289276808,0.0,4.987531172069826,7.481296758104738,0.0,9.975062344139651,7.481296758104738,0.0,0.0,0.0,19.950124688279303,49.87531172069826,4.987531172069826,359.1022443890274,14.962593516209475,0.0,12.468827930174564,0.0,0.0,0.0,0.0,9.975062344139651,2.493765586034913,0.0,2.493765586034913,2.493765586034913,2.493765586034913,0.0,0.0,0.0,0.0,17.456359102244388,0.0,0.0,0.0,2.493765586034913,114.713216957606,74.81296758104739,7.481296758104738,34.912718204488776,0.5404699738903395,5.328981723237598,4.987531172069826,0.0,0.0,0.0,7.481296758104738,0.0,9.975062344139651,2.493765586034913,0.0,2.493765586034913,2.493765586034913,2.493765586034913,2.493765586034913,0.0,0.0,0.0,0.0,0.0,4.987531172069826,12.468827930174564,0.0,0.0,0.0
D12-1069,0.0,0.0,60.60606060606061,0.0,2.5252525252525255,15.151515151515152,0.0,2.5252525252525255,0.0,0.0,0.0,0.0,12.626262626262626,42.92929292929293,12.626262626262626,386.3636363636364,15.151515151515152,0.0,10.101010101010102,0.0,0.0,0.0,0.0,10.101010101010102,0.0,2.5252525252525255,0.0,2.5252525252525255,5.050505050505051,0.0,0.0,0.0,0.0,2.5252525252525255,0.0,2.5252525252525255,0.0,5.050505050505051,108.58585858585859,85.85858585858585,0.0,40.40404040404041,0.4946524064171123,5.788770053475936,7.575757575757576,2.5252525252525255,0.0,0.0,2.5252525252525255,0.0,20.202020202020204,2.5252525252525255,2.5252525252525255,0.0,2.5252525252525255,5.050505050505051,12.626262626262626,0.0,0.0,0.0,0.0,0.0,0.0,5.050505050505051,0.0,0.0,0.0
D17-1067,7.246376811594203,2.4154589371980677,74.8792270531401,0.0,0.0,24.154589371980677,0.0,7.246376811594203,7.246376811594203,0.0,0.0,0.0,19.32367149758454,28.985507246376812,0.0,294.68599033816423,7.246376811594203,2.4154589371980677,26.570048309178745,0.0,2.4154589371980677,0.0,0.0,19.32367149758454,0.0,2.4154589371980677,4.830917874396135,2.4154589371980677,12.077294685990339,0.0,2.4154589371980677,0.0,0.0,2.4154589371980677,0.0,0.0,0.0,12.077294685990339,86.95652173913044,53.14009661835749,4.830917874396135,33.81642512077295,0.5476772616136919,5.15158924205379,2.4154589371980677,0.0,0.0,2.4154589371980677,9.66183574879227,0.0,2.4154589371980677,9.66183574879227,0.0,0.0,2.4154589371980677,14.492753623188406,4.830917874396135,0.0,0.0,0.0,0.0,2.4154589371980677,2.4154589371980677,14.492753623188406,4.830917874396135,0.0,4.830917874396135
P17-1082,0.0,2.4330900243309004,63.26034063260341,0.0,0.0,17.0316301703163,0.0,2.4330900243309004,4.866180048661801,0.0,0.0,0.0,17.0316301703163,43.79562043795621,21.897810218978105,291.970802919708,21.897810218978105,2.4330900243309004,4.866180048661801,0.0,2.4330900243309004,0.0,0.0,21.897810218978105,7.299270072992701,0.0,0.0,2.4330900243309004,4.866180048661801,0.0,2.4330900243309004,0.0,2.4330900243309004,0.0,0.0,0.0,0.0,0.0,131.38686131386862,94.8905109489051,4.866180048661801,36.4963503649635,0.5839598997493735,5.719298245614035,12.165450121654501,2.4330900243309004,0.0,0.0,0.0,0.0,12.165450121654501,0.0,0.0,0.0,0.0,14.598540145985401,2.4330900243309004,0.0,0.0,0.0,0.0,0.0,0.0,17.0316301703163,2.4330900243309004,0.0,0.0
D09-1132,12.345679012345679,2.4691358024691357,61.72839506172839,0.0,0.0,17.28395061728395,0.0,19.753086419753085,7.407407407407407,4.938271604938271,0.0,0.0,19.753086419753085,54.32098765432099,2.4691358024691357,266.6666666666667,19.753086419753085,2.4691358024691357,29.62962962962963,2.4691358024691357,2.4691358024691357,2.4691358024691357,0.0,19.753086419753085,4.938271604938271,0.0,4.938271604938271,2.4691358024691357,4.938271604938271,0.0,0.0,0.0,2.4691358024691357,0.0,0.0,0.0,2.4691358024691357,0.0,103.7037037037037,46.91358024691358,9.876543209876543,49.382716049382715,0.5038363171355499,4.943734015345268,14.814814814814815,0.0,0.0,0.0,7.407407407407407,0.0,2.4691358024691357,14.814814814814815,0.0,0.0,4.938271604938271,12.345679012345679,4.938271604938271,0.0,0.0,0.0,0.0,0.0,2.4691358024691357,7.407407407407407,2.4691358024691357,2.4691358024691357,4.938271604938271
C14-1065,4.830917874396135,7.246376811594203,41.06280193236715,0.0,2.4154589371980677,4.830917874396135,0.0,0.0,4.830917874396135,0.0,0.0,0.0,9.66183574879227,33.81642512077295,2.4154589371980677,439.6135265700483,26.570048309178745,2.4154589371980677,12.077294685990339,0.0,0.0,0.0,0.0,14.492753623188406,0.0,0.0,0.0,0.0,7.246376811594203,0.0,0.0,0.0,2.4154589371980677,0.0,0.0,0.0,0.0,2.4154589371980677,101.44927536231884,50.72463768115942,2.4154589371980677,48.309178743961354,0.5106382978723404,4.8936170212765955,7.246376811594203,2.4154589371980677,0.0,0.0,7.246376811594203,0.0,9.66183574879227,9.66183574879227,0.0,0.0,0.0,9.66183574879227,7.246376811594203,0.0,0.0,0.0,0.0,2.4154589371980677,14.492753623188406,7.246376811594203,2.4154589371980677,0.0,7.246376811594203
D17-1052,31.78484107579462,2.444987775061125,19.559902200489,0.0,0.0,0.0,0.0,4.88997555012225,0.0,0.0,0.0,0.0,2.444987775061125,105.13447432762835,12.224938875305625,330.07334963325184,9.7799511002445,0.0,4.88997555012225,2.444987775061125,0.0,0.0,0.0,24.44987775061125,0.0,0.0,4.88997555012225,0.0,0.0,0.0,0.0,0.0,2.444987775061125,0.0,0.0,0.0,0.0,0.0,107.57946210268948,66.01466992665037,0.0,36.674816625916876,0.48984771573604063,5.67005076142132,17.114914425427873,2.444987775061125,0.0,4.88997555012225,2.444987775061125,0.0,2.444987775061125,0.0,0.0,0.0,4.88997555012225,12.224938875305625,7.334963325183374,0.0,0.0,0.0,0.0,2.444987775061125,9.7799511002445,9.7799511002445,2.444987775061125,0.0,0.0
D11-1024,9.63855421686747,7.228915662650603,50.60240963855422,0.0,0.0,4.819277108433735,0.0,2.4096385542168677,2.4096385542168677,0.0,0.0,0.0,12.048192771084338,50.60240963855422,0.0,313.2530120481928,2.4096385542168677,4.819277108433735,19.27710843373494,2.4096385542168677,7.228915662650603,2.4096385542168677,0.0,16.867469879518072,0.0,0.0,7.228915662650603,0.0,9.63855421686747,0.0,0.0,0.0,2.4096385542168677,0.0,2.4096385542168677,0.0,0.0,4.819277108433735,115.66265060240964,101.20481927710844,7.228915662650603,43.373493975903614,0.5398009950248757,5.482587064676617,7.228915662650603,4.819277108433735,0.0,0.0,2.4096385542168677,0.0,2.4096385542168677,7.228915662650603,0.0,0.0,2.4096385542168677,24.096385542168676,2.4096385542168677,0.0,0.0,0.0,0.0,0.0,0.0,4.819277108433735,2.4096385542168677,0.0,7.228915662650603
C18-1327,0.0,7.263922518159807,46.00484261501211,0.0,0.0,2.4213075060532687,0.0,7.263922518159807,2.4213075060532687,0.0,0.0,0.0,7.263922518159807,21.791767554479417,16.949152542372882,472.15496368038737,9.685230024213075,0.0,14.527845036319613,0.0,4.842615012106537,0.0,0.0,4.842615012106537,4.842615012106537,0.0,0.0,0.0,0.0,0.0,0.0,0.0,0.0,2.4213075060532687,0.0,0.0,2.4213075060532687,4.842615012106537,106.53753026634382,79.90314769975787,9.685230024213075,16.949152542372882,0.5633074935400517,5.1937984496124034,7.263922518159807,0.0,0.0,0.0,7.263922518159807,0.0,0.0,7.263922518159807,0.0,0.0,9.685230024213075,4.842615012106537,0.0,0.0,0.0,0.0,0.0,0.0,0.0,7.263922518159807,0.0,0.0,2.4213075060532687
C10-1100,2.4271844660194173,0.0,75.24271844660194,0.0,0.0,16.990291262135923,0.0,4.854368932038835,0.0,2.4271844660194173,0.0,0.0,4.854368932038835,19.41747572815534,2.4271844660194173,381.06796116504853,16.990291262135923,0.0,19.41747572815534,0.0,4.854368932038835,0.0,0.0,9.70873786407767,0.0,0.0,2.4271844660194173,0.0,2.4271844660194173,0.0,0.0,0.0,0.0,2.4271844660194173,2.4271844660194173,2.4271844660194173,0.0,9.70873786407767,97.08737864077669,87.37864077669903,2.4271844660194173,38.83495145631068,0.5558375634517766,4.817258883248731,9.70873786407767,0.0,0.0,0.0,9.70873786407767,0.0,4.854368932038835,7.281553398058253,2.4271844660194173,0.0,2.4271844660194173,9.70873786407767,2.4271844660194173,0.0,0.0,0.0,0.0,0.0,4.854368932038835,4.854368932038835,2.4271844660194173,0.0,4.854368932038835
P14-1043,2.4813895781637716,4.962779156327543,57.07196029776674,0.0,2.4813895781637716,2.4813895781637716,0.0,4.962779156327543,2.4813895781637716,0.0,0.0,0.0,4.962779156327543,7.444168734491315,27.29528535980149,357.3200992555831,7.444168734491315,0.0,19.851116625310173,0.0,4.962779156327543,0.0,0.0,22.332506203473944,0.0,0.0,0.0,0.0,0.0,0.0,0.0,0.0,2.4813895781637716,2.4813895781637716,0.0,2.4813895781637716,0.0,2.4813895781637716,96.77419354838709,86.848635235732,9.925558312655086,34.7394540942928,0.5768194070080862,5.2533692722371965,12.40694789081886,7.444168734491315,0.0,2.4813895781637716,7.444168734491315,0.0,7.444168734491315,4.962779156327543,0.0,0.0,2.4813895781637716,12.40694789081886,2.4813895781637716,0.0,0.0,0.0,0.0,4.962779156327543,7.444168734491315,4.962779156327543,0.0,0.0,0.0
D16-1009,0.0,7.194244604316547,69.54436450839329,2.398081534772182,2.398081534772182,4.796163069544364,0.0,0.0,2.398081534772182,0.0,0.0,0.0,11.990407673860911,38.36930455635491,14.388489208633095,338.1294964028777,19.184652278177456,2.398081534772182,14.388489208633095,0.0,0.0,0.0,0.0,14.388489208633095,0.0,0.0,4.796163069544364,2.398081534772182,4.796163069544364,0.0,0.0,0.0,0.0,4.796163069544364,0.0,0.0,0.0,4.796163069544364,115.10791366906476,69.54436450839329,2.398081534772182,43.16546762589928,0.5370843989769821,5.040920716112532,2.398081534772182,2.398081534772182,0.0,4.796163069544364,4.796163069544364,0.0,2.398081534772182,4.796163069544364,0.0,0.0,9.592326139088728,9.592326139088728,9.592326139088728,0.0,0.0,0.0,0.0,0.0,0.0,2.398081534772182,4.796163069544364,0.0,9.592326139088728
C16-1294,4.830917874396135,2.4154589371980677,60.386473429951685,0.0,4.830917874396135,0.0,0.0,9.66183574879227,7.246376811594203,0.0,0.0,0.0,12.077294685990339,96.61835748792271,0.0,275.3623188405797,14.492753623188406,2.4154589371980677,14.492753623188406,0.0,2.4154589371980677,0.0,0.0,14.492753623188406,0.0,0.0,4.830917874396135,2.4154589371980677,7.246376811594203,0.0,0.0,0.0,0.0,0.0,0.0,7.246376811594203,0.0,2.4154589371980677,132.85024154589374,82.1256038647343,7.246376811594203,67.6328502415459,0.5037783375314862,5.732997481108312,14.492753623188406,2.4154589371980677,0.0,9.66183574879227,9.66183574879227,0.0,2.4154589371980677,0.0,0.0,0.0,4.830917874396135,2.4154589371980677,7.246376811594203,2.4154589371980677,0.0,0.0,0.0,0.0,4.830917874396135,0.0,2.4154589371980677,0.0,2.4154589371980677
D18-1464,0.0,2.4330900243309004,77.85888077858881,0.0,0.0,17.0316301703163,0.0,7.299270072992701,0.0,0.0,0.0,0.0,19.464720194647203,68.1265206812652,9.732360097323602,321.1678832116788,7.299270072992701,0.0,12.165450121654501,0.0,0.0,0.0,0.0,17.0316301703163,0.0,0.0,4.866180048661801,0.0,14.598540145985401,0.0,0.0,0.0,0.0,4.866180048661801,0.0,0.0,0.0,4.866180048661801,114.35523114355232,104.62287104622871,2.4330900243309004,34.0632603406326,0.5202020202020202,5.679292929292929,7.299270072992701,0.0,0.0,0.0,4.866180048661801,0.0,7.299270072992701,2.4330900243309004,0.0,0.0,4.866180048661801,2.4330900243309004,4.866180048661801,2.4330900243309004,0.0,0.0,0.0,0.0,0.0,4.866180048661801,0.0,0.0,2.4330900243309004
D17-1196,7.02576112412178,7.02576112412178,32.786885245901644,0.0,0.0,11.7096018735363,0.0,4.68384074941452,7.02576112412178,2.34192037470726,0.0,0.0,2.34192037470726,25.76112412177986,9.36768149882904,437.9391100702576,4.68384074941452,2.34192037470726,11.7096018735363,0.0,2.34192037470726,0.0,0.0,14.05152224824356,0.0,0.0,9.36768149882904,4.68384074941452,0.0,2.34192037470726,0.0,0.0,0.0,0.0,0.0,0.0,0.0,4.68384074941452,128.8056206088993,65.57377049180329,0.0,28.10304449648712,0.5601965601965602,4.862407862407863,2.34192037470726,4.68384074941452,0.0,0.0,4.68384074941452,0.0,4.68384074941452,0.0,0.0,4.68384074941452,0.0,4.68384074941452,2.34192037470726,0.0,0.0,0.0,0.0,0.0,2.34192037470726,2.34192037470726,4.68384074941452,0.0,4.68384074941452
D18-1262,4.938271604938271,0.0,59.25925925925926,0.0,2.4691358024691357,12.345679012345679,0.0,0.0,2.4691358024691357,0.0,4.938271604938271,0.0,12.345679012345679,59.25925925925926,4.938271604938271,345.679012345679,7.407407407407407,0.0,22.22222222222222,0.0,0.0,0.0,0.0,17.28395061728395,2.4691358024691357,0.0,0.0,0.0,2.4691358024691357,0.0,0.0,0.0,0.0,9.876543209876543,0.0,0.0,0.0,4.938271604938271,118.51851851851852,103.7037037037037,7.407407407407407,44.44444444444444,0.5633074935400517,5.669250645994832,12.345679012345679,0.0,0.0,2.4691358024691357,2.4691358024691357,0.0,4.938271604938271,4.938271604938271,0.0,0.0,0.0,2.4691358024691357,4.938271604938271,2.4691358024691357,0.0,0.0,0.0,4.938271604938271,7.407407407407407,2.4691358024691357,0.0,0.0,0.0
C18-1009,9.523809523809526,4.761904761904763,50.0,4.761904761904763,2.3809523809523814,4.761904761904763,0.0,0.0,4.761904761904763,0.0,0.0,0.0,11.904761904761903,69.04761904761905,4.761904761904763,283.3333333333333,16.666666666666668,2.3809523809523814,21.428571428571427,2.3809523809523814,2.3809523809523814,0.0,0.0,14.285714285714285,0.0,0.0,4.761904761904763,2.3809523809523814,4.761904761904763,0.0,4.761904761904763,0.0,0.0,2.3809523809523814,0.0,0.0,2.3809523809523814,4.761904761904763,135.7142857142857,71.42857142857143,9.523809523809526,50.0,0.5012285012285013,5.343980343980344,16.666666666666668,4.761904761904763,0.0,2.3809523809523814,2.3809523809523814,0.0,14.285714285714285,7.142857142857142,2.3809523809523814,0.0,7.142857142857142,11.904761904761903,7.142857142857142,0.0,0.0,0.0,0.0,0.0,0.0,9.523809523809526,2.3809523809523814,0.0,7.142857142857142
P11-1007,0.0,6.802721088435374,47.61904761904761,0.0,2.2675736961451247,9.070294784580499,0.0,9.070294784580499,0.0,0.0,0.0,0.0,6.802721088435374,52.15419501133787,6.802721088435374,281.1791383219955,18.140589569160998,0.0,9.070294784580499,0.0,0.0,2.2675736961451247,0.0,13.605442176870747,0.0,0.0,4.535147392290249,2.2675736961451247,0.0,0.0,2.2675736961451247,0.0,0.0,0.0,0.0,2.2675736961451247,0.0,2.2675736961451247,131.51927437641723,90.70294784580499,4.535147392290249,52.15419501133787,0.44651162790697674,5.232558139534884,11.337868480725623,4.535147392290249,0.0,0.0,11.337868480725623,0.0,22.675736961451246,6.802721088435374,0.0,4.535147392290249,0.0,11.337868480725623,2.2675736961451247,0.0,2.2675736961451247,0.0,0.0,0.0,4.535147392290249,0.0,0.0,0.0,2.2675736961451247
D12-1092,0.0,2.450980392156863,61.27450980392157,4.901960784313726,0.0,7.352941176470588,0.0,0.0,12.254901960784313,4.901960784313726,0.0,0.0,2.450980392156863,53.92156862745098,0.0,338.2352941176471,4.901960784313726,7.352941176470588,14.705882352941176,7.352941176470588,7.352941176470588,0.0,0.0,7.352941176470588,0.0,0.0,0.0,2.450980392156863,0.0,0.0,0.0,0.0,0.0,2.450980392156863,0.0,0.0,2.450980392156863,4.901960784313726,122.54901960784314,105.3921568627451,2.450980392156863,36.76470588235294,0.46632124352331605,5.523316062176166,9.803921568627452,9.803921568627452,0.0,2.450980392156863,4.901960784313726,0.0,12.254901960784313,4.901960784313726,0.0,0.0,0.0,22.058823529411764,4.901960784313726,0.0,2.450980392156863,0.0,0.0,0.0,4.901960784313726,12.254901960784313,0.0,0.0,2.450980392156863
D15-1190,10.940919037199125,2.1881838074398248,52.516411378555794,0.0,0.0,28.446389496717725,0.0,2.1881838074398248,8.752735229759299,0.0,0.0,0.0,10.940919037199125,63.457330415754925,0.0,363.23851203501096,8.752735229759299,2.1881838074398248,10.940919037199125,0.0,4.3763676148796495,0.0,0.0,15.317286652078774,0.0,0.0,19.693654266958426,0.0,6.564551422319474,0.0,0.0,0.0,0.0,2.1881838074398248,0.0,0.0,8.752735229759299,2.1881838074398248,113.7855579868709,41.57549234135667,4.3763676148796495,26.258205689277897,0.47306791569086654,4.892271662763466,4.3763676148796495,4.3763676148796495,0.0,4.3763676148796495,0.0,0.0,6.564551422319474,6.564551422319474,2.1881838074398248,0.0,8.752735229759299,24.070021881838077,6.564551422319474,0.0,0.0,0.0,0.0,2.1881838074398248,4.3763676148796495,0.0,4.3763676148796495,2.1881838074398248,0.0
D11-1131,0.0,0.0,70.04830917874396,0.0,0.0,19.32367149758454,0.0,12.077294685990339,14.492753623188406,2.4154589371980677,2.4154589371980677,0.0,9.66183574879227,19.32367149758454,14.492753623188406,246.3768115942029,7.246376811594203,0.0,9.66183574879227,0.0,4.830917874396135,0.0,2.4154589371980677,16.908212560386474,0.0,0.0,4.830917874396135,0.0,7.246376811594203,0.0,0.0,0.0,0.0,0.0,0.0,0.0,0.0,4.830917874396135,137.68115942028984,67.6328502415459,7.246376811594203,62.80193236714976,0.47381546134663344,5.074812967581047,14.492753623188406,7.246376811594203,0.0,7.246376811594203,7.246376811594203,0.0,16.908212560386474,7.246376811594203,0.0,0.0,0.0,41.06280193236715,4.830917874396135,9.66183574879227,4.830917874396135,0.0,2.4154589371980677,0.0,0.0,0.0,4.830917874396135,4.830917874396135,9.66183574879227
P10-1148,4.88997555012225,7.334963325183374,53.78973105134474,4.88997555012225,0.0,7.334963325183374,0.0,14.669926650366747,7.334963325183374,0.0,4.88997555012225,9.7799511002445,29.339853300733495,36.674816625916876,9.7799511002445,271.3936430317848,12.224938875305625,2.444987775061125,7.334963325183374,0.0,0.0,0.0,2.444987775061125,24.44987775061125,0.0,0.0,4.88997555012225,2.444987775061125,2.444987775061125,0.0,2.444987775061125,0.0,0.0,0.0,2.444987775061125,2.444987775061125,2.444987775061125,2.444987775061125,119.8044009779951,53.78973105134474,2.444987775061125,56.23471882640587,0.5989974937343359,5.072681704260652,7.334963325183374,0.0,2.444987775061125,0.0,2.444987775061125,0.0,2.444987775061125,12.224938875305625,2.444987775061125,9.7799511002445,7.334963325183374,14.669926650366747,7.334963325183374,0.0,4.88997555012225,2.444987775061125,2.444987775061125,0.0,2.444987775061125,12.224938875305625,4.88997555012225,0.0,4.88997555012225
D12-1117,2.4691358024691357,2.4691358024691357,49.382716049382715,0.0,0.0,2.4691358024691357,0.0,9.876543209876543,4.938271604938271,0.0,0.0,0.0,9.876543209876543,54.32098765432099,12.345679012345679,330.8641975308642,12.345679012345679,2.4691358024691357,27.160493827160494,0.0,0.0,0.0,0.0,22.22222222222222,0.0,0.0,4.938271604938271,4.938271604938271,2.4691358024691357,0.0,0.0,0.0,0.0,0.0,0.0,0.0,0.0,2.4691358024691357,125.92592592592591,51.85185185185185,14.814814814814815,41.97530864197531,0.5294117647058824,5.542199488491049,9.876543209876543,4.938271604938271,0.0,0.0,4.938271604938271,0.0,0.0,12.345679012345679,2.4691358024691357,0.0,2.4691358024691357,4.938271604938271,4.938271604938271,0.0,0.0,0.0,0.0,2.4691358024691357,7.407407407407407,12.345679012345679,2.4691358024691357,0.0,4.938271604938271
D10-1009,0.0,7.462686567164179,72.13930348258707,4.975124378109452,2.487562189054726,2.487562189054726,0.0,0.0,2.487562189054726,7.462686567164179,0.0,0.0,14.925373134328359,47.2636815920398,7.462686567164179,338.3084577114428,14.925373134328359,2.487562189054726,27.36318407960199,2.487562189054726,2.487562189054726,0.0,0.0,17.412935323383085,0.0,0.0,4.975124378109452,2.487562189054726,7.462686567164179,0.0,2.487562189054726,0.0,0.0,0.0,0.0,0.0,0.0,0.0,104.4776119402985,89.55223880597015,4.975124378109452,34.82587064676617,0.5655526992287918,5.226221079691516,2.487562189054726,0.0,0.0,0.0,4.975124378109452,0.0,9.950248756218905,4.975124378109452,0.0,0.0,0.0,2.487562189054726,2.487562189054726,0.0,0.0,0.0,0.0,0.0,4.975124378109452,7.462686567164179,0.0,0.0,4.975124378109452
D16-1229,4.761904761904763,2.3809523809523814,59.52380952380952,2.3809523809523814,0.0,21.428571428571427,0.0,2.3809523809523814,2.3809523809523814,4.761904761904763,0.0,0.0,11.904761904761903,40.47619047619048,7.142857142857142,280.95238095238096,4.761904761904763,0.0,14.285714285714285,0.0,2.3809523809523814,0.0,7.142857142857142,14.285714285714285,2.3809523809523814,0.0,2.3809523809523814,2.3809523809523814,0.0,0.0,0.0,0.0,0.0,2.3809523809523814,0.0,0.0,0.0,2.3809523809523814,150.0,133.33333333333334,7.142857142857142,42.857142857142854,0.49246231155778897,5.50251256281407,14.285714285714285,2.3809523809523814,0.0,0.0,14.285714285714285,0.0,7.142857142857142,4.761904761904763,0.0,0.0,2.3809523809523814,14.285714285714285,4.761904761904763,0.0,0.0,0.0,0.0,0.0,0.0,4.761904761904763,2.3809523809523814,0.0,2.3809523809523814
C14-1062,0.0,2.4752475247524752,71.78217821782178,0.0,2.4752475247524752,7.425742574257425,0.0,9.900990099009901,2.4752475247524752,0.0,0.0,0.0,14.85148514851485,17.32673267326733,4.9504950495049505,371.28712871287127,4.9504950495049505,2.4752475247524752,9.900990099009901,2.4752475247524752,0.0,0.0,0.0,22.277227722772277,0.0,0.0,7.425742574257425,4.9504950495049505,0.0,0.0,0.0,0.0,0.0,7.425742574257425,0.0,2.4752475247524752,0.0,2.4752475247524752,106.43564356435644,91.58415841584159,0.0,34.65346534653466,0.5538461538461539,5.133333333333334,12.376237623762377,0.0,0.0,0.0,7.425742574257425,0.0,4.9504950495049505,2.4752475247524752,0.0,0.0,4.9504950495049505,4.9504950495049505,9.900990099009901,0.0,0.0,0.0,0.0,0.0,2.4752475247524752,9.900990099009901,2.4752475247524752,0.0,0.0
N18-1124,4.975124378109452,7.462686567164179,59.701492537313435,2.487562189054726,7.462686567164179,9.950248756218905,0.0,4.975124378109452,0.0,2.487562189054726,0.0,0.0,9.950248756218905,32.33830845771144,4.975124378109452,378.1094527363184,14.925373134328359,0.0,7.462686567164179,0.0,2.487562189054726,0.0,0.0,4.975124378109452,2.487562189054726,0.0,4.975124378109452,0.0,0.0,0.0,4.975124378109452,0.0,0.0,2.487562189054726,0.0,0.0,2.487562189054726,4.975124378109452,94.5273631840796,87.06467661691543,7.462686567164179,44.776119402985074,0.5051813471502591,5.186528497409326,7.462686567164179,7.462686567164179,0.0,2.487562189054726,0.0,0.0,12.437810945273633,0.0,0.0,0.0,2.487562189054726,12.437810945273633,9.950248756218905,0.0,0.0,2.487562189054726,0.0,0.0,4.975124378109452,0.0,0.0,2.487562189054726,2.487562189054726
P13-1045,0.0,7.334963325183374,44.00977995110025,0.0,0.0,4.88997555012225,0.0,4.88997555012225,4.88997555012225,4.88997555012225,0.0,0.0,12.224938875305625,48.8997555012225,19.559902200489,286.0635696821516,4.88997555012225,4.88997555012225,7.334963325183374,0.0,2.444987775061125,0.0,2.444987775061125,14.669926650366747,0.0,0.0,0.0,0.0,0.0,0.0,0.0,0.0,0.0,4.88997555012225,0.0,0.0,0.0,7.334963325183374,124.69437652811736,136.91931540342298,4.88997555012225,58.67970660146699,0.5869017632241813,5.624685138539043,14.669926650366747,2.444987775061125,0.0,7.334963325183374,2.444987775061125,0.0,7.334963325183374,14.669926650366747,0.0,2.444987775061125,0.0,17.114914425427873,0.0,0.0,0.0,0.0,0.0,0.0,7.334963325183374,17.114914425427873,0.0,0.0,2.444987775061125
P10-1067,0.0,0.0,75.42579075425792,2.4330900243309004,0.0,17.0316301703163,0.0,7.299270072992701,4.866180048661801,0.0,2.4330900243309004,0.0,19.464720194647203,60.82725060827251,2.4330900243309004,287.1046228710462,2.4330900243309004,0.0,34.0632603406326,0.0,0.0,0.0,0.0,19.464720194647203,0.0,0.0,2.4330900243309004,2.4330900243309004,2.4330900243309004,4.866180048661801,2.4330900243309004,0.0,0.0,7.299270072992701,0.0,0.0,4.866180048661801,7.299270072992701,109.48905109489051,65.69343065693431,12.165450121654501,36.4963503649635,0.5303030303030303,5.05050505050505,12.165450121654501,0.0,0.0,4.866180048661801,7.299270072992701,0.0,19.464720194647203,4.866180048661801,0.0,4.866180048661801,4.866180048661801,14.598540145985401,9.732360097323602,0.0,0.0,0.0,2.4330900243309004,0.0,0.0,9.732360097323602,7.299270072992701,0.0,4.866180048661801
N13-1016,2.3809523809523814,7.142857142857142,69.04761904761905,0.0,7.142857142857142,4.761904761904763,0.0,4.761904761904763,0.0,2.3809523809523814,0.0,0.0,9.523809523809526,45.238095238095234,9.523809523809526,338.09523809523813,23.809523809523807,4.761904761904763,19.04761904761905,2.3809523809523814,2.3809523809523814,0.0,0.0,19.04761904761905,0.0,0.0,9.523809523809526,2.3809523809523814,7.142857142857142,0.0,0.0,0.0,2.3809523809523814,0.0,0.0,0.0,0.0,9.523809523809526,102.38095238095238,45.238095238095234,2.3809523809523814,30.952380952380953,0.511166253101737,5.330024813895782,4.761904761904763,0.0,0.0,0.0,2.3809523809523814,0.0,14.285714285714285,7.142857142857142,0.0,0.0,0.0,9.523809523809526,4.761904761904763,0.0,0.0,0.0,0.0,0.0,7.142857142857142,4.761904761904763,0.0,2.3809523809523814,2.3809523809523814
P11-1061,4.716981132075471,4.716981132075471,63.679245283018865,4.716981132075471,2.3584905660377355,21.22641509433962,0.0,4.716981132075471,4.716981132075471,2.3584905660377355,0.0,0.0,14.150943396226415,25.943396226415096,4.716981132075471,306.60377358490564,9.433962264150942,2.3584905660377355,18.867924528301884,2.3584905660377355,4.716981132075471,0.0,0.0,16.50943396226415,4.716981132075471,0.0,0.0,0.0,2.3584905660377355,0.0,0.0,0.0,2.3584905660377355,2.3584905660377355,2.3584905660377355,0.0,0.0,2.3584905660377355,129.71698113207546,80.18867924528301,9.433962264150942,47.16981132075472,0.5798525798525799,5.238329238329238,7.0754716981132075,7.0754716981132075,0.0,7.0754716981132075,0.0,0.0,14.150943396226415,2.3584905660377355,0.0,0.0,0.0,11.79245283018868,2.3584905660377355,2.3584905660377355,0.0,0.0,0.0,0.0,2.3584905660377355,2.3584905660377355,2.3584905660377355,0.0,2.3584905660377355
P16-1095,0.0,2.493765586034913,57.356608478803,0.0,0.0,9.975062344139651,0.0,2.493765586034913,2.493765586034913,0.0,0.0,0.0,14.962593516209475,54.86284289276808,14.962593516209475,311.7206982543641,7.481296758104738,0.0,19.950124688279303,0.0,0.0,0.0,0.0,24.93765586034913,0.0,0.0,0.0,0.0,7.481296758104738,0.0,0.0,0.0,0.0,2.493765586034913,0.0,2.493765586034913,0.0,4.987531172069826,117.20698254364089,99.75062344139651,4.987531172069826,29.92518703241895,0.5487179487179488,5.546153846153846,7.481296758104738,0.0,0.0,0.0,2.493765586034913,0.0,4.987531172069826,4.987531172069826,0.0,2.493765586034913,4.987531172069826,9.975062344139651,0.0,0.0,0.0,0.0,0.0,0.0,0.0,0.0,0.0,0.0,2.493765586034913
P18-1091,4.807692307692308,2.403846153846154,64.90384615384616,0.0,2.403846153846154,14.423076923076923,0.0,12.01923076923077,0.0,0.0,0.0,0.0,14.423076923076923,31.25,7.211538461538462,331.7307692307692,14.423076923076923,0.0,9.615384615384617,0.0,0.0,0.0,0.0,12.01923076923077,0.0,0.0,2.403846153846154,4.807692307692308,2.403846153846154,0.0,2.403846153846154,0.0,0.0,7.211538461538462,2.403846153846154,2.403846153846154,0.0,4.807692307692308,110.57692307692307,48.07692307692308,0.0,45.67307692307692,0.5158924205378973,5.117359413202934,4.807692307692308,0.0,0.0,2.403846153846154,2.403846153846154,0.0,14.423076923076923,2.403846153846154,0.0,2.403846153846154,2.403846153846154,12.01923076923077,9.615384615384617,0.0,0.0,0.0,0.0,0.0,9.615384615384617,9.615384615384617,2.403846153846154,0.0,2.403846153846154
D11-1141,4.761904761904763,2.3809523809523814,59.52380952380952,4.761904761904763,2.3809523809523814,16.666666666666668,0.0,4.761904761904763,7.142857142857142,0.0,0.0,0.0,14.285714285714285,45.238095238095234,4.761904761904763,300.0,2.3809523809523814,0.0,16.666666666666668,0.0,2.3809523809523814,0.0,0.0,14.285714285714285,0.0,0.0,4.761904761904763,0.0,2.3809523809523814,0.0,2.3809523809523814,0.0,0.0,2.3809523809523814,0.0,0.0,0.0,0.0,126.19047619047619,38.0952380952381,7.142857142857142,52.38095238095238,0.6030150753768844,5.168341708542713,7.142857142857142,2.3809523809523814,0.0,0.0,9.523809523809526,0.0,4.761904761904763,2.3809523809523814,0.0,4.761904761904763,7.142857142857142,11.904761904761903,4.761904761904763,0.0,2.3809523809523814,0.0,2.3809523809523814,2.3809523809523814,4.761904761904763,7.142857142857142,4.761904761904763,0.0,7.142857142857142
P15-1140,0.0,0.0,68.62745098039217,0.0,0.0,2.450980392156863,0.0,4.901960784313726,2.450980392156863,0.0,0.0,0.0,19.607843137254903,24.509803921568626,2.450980392156863,375.0,9.803921568627452,2.450980392156863,34.313725490196084,0.0,0.0,0.0,0.0,7.352941176470588,2.450980392156863,0.0,4.901960784313726,2.450980392156863,12.254901960784313,0.0,2.450980392156863,0.0,0.0,0.0,0.0,0.0,0.0,7.352941176470588,105.3921568627451,66.17647058823529,12.254901960784313,34.313725490196084,0.4873096446700508,5.291878172588833,12.254901960784313,0.0,0.0,0.0,0.0,0.0,7.352941176470588,9.803921568627452,0.0,0.0,0.0,19.607843137254903,7.352941176470588,0.0,0.0,0.0,2.450980392156863,0.0,4.901960784313726,12.254901960784313,2.450980392156863,0.0,2.450980392156863
D16-1136,2.3255813953488373,4.651162790697675,55.81395348837209,2.3255813953488373,0.0,23.25581395348837,0.0,2.3255813953488373,4.651162790697675,0.0,0.0,0.0,11.627906976744185,44.18604651162791,13.953488372093023,374.41860465116275,4.651162790697675,0.0,16.27906976744186,0.0,2.3255813953488373,0.0,0.0,9.30232558139535,0.0,0.0,4.651162790697675,2.3255813953488373,0.0,0.0,4.651162790697675,2.3255813953488373,0.0,0.0,0.0,0.0,0.0,0.0,97.67441860465117,113.95348837209303,2.3255813953488373,41.860465116279066,0.5241545893719807,5.625603864734299,16.27906976744186,4.651162790697675,0.0,0.0,4.651162790697675,0.0,2.3255813953488373,2.3255813953488373,2.3255813953488373,2.3255813953488373,4.651162790697675,4.651162790697675,2.3255813953488373,0.0,0.0,0.0,0.0,0.0,4.651162790697675,11.627906976744185,4.651162790697675,0.0,4.651162790697675
P16-1143,2.4154589371980677,12.077294685990339,41.06280193236715,0.0,2.4154589371980677,0.0,0.0,2.4154589371980677,4.830917874396135,7.246376811594203,0.0,0.0,9.66183574879227,50.72463768115942,0.0,420.28985507246375,12.077294685990339,2.4154589371980677,24.154589371980677,4.830917874396135,2.4154589371980677,0.0,0.0,12.077294685990339,0.0,0.0,0.0,7.246376811594203,2.4154589371980677,0.0,0.0,0.0,0.0,2.4154589371980677,0.0,0.0,2.4154589371980677,2.4154589371980677,89.37198067632849,70.04830917874396,2.4154589371980677,50.72463768115942,0.4935400516795866,4.976744186046512,14.492753623188406,0.0,0.0,0.0,19.32367149758454,0.0,7.246376811594203,4.830917874396135,0.0,0.0,0.0,14.492753623188406,2.4154589371980677,0.0,0.0,0.0,0.0,0.0,4.830917874396135,4.830917874396135,2.4154589371980677,0.0,0.0
D14-1077,21.686746987951807,12.048192771084338,53.01204819277108,0.0,7.228915662650603,12.048192771084338,0.0,7.228915662650603,4.819277108433735,0.0,2.4096385542168677,0.0,9.63855421686747,36.144578313253014,0.0,332.5301204819277,12.048192771084338,0.0,14.457831325301205,2.4096385542168677,4.819277108433735,0.0,0.0,4.819277108433735,0.0,0.0,2.4096385542168677,2.4096385542168677,0.0,2.4096385542168677,0.0,0.0,2.4096385542168677,2.4096385542168677,0.0,0.0,0.0,2.4096385542168677,132.53012048192772,96.3855421686747,0.0,57.83132530120482,0.554726368159204,5.286069651741293,7.228915662650603,4.819277108433735,0.0,4.819277108433735,7.228915662650603,0.0,12.048192771084338,2.4096385542168677,0.0,0.0,2.4096385542168677,9.63855421686747,4.819277108433735,0.0,0.0,0.0,0.0,2.4096385542168677,2.4096385542168677,4.819277108433735,2.4096385542168677,0.0,2.4096385542168677
P15-1169,2.4813895781637716,2.4813895781637716,47.146401985111666,0.0,0.0,22.332506203473944,0.0,7.444168734491315,0.0,9.925558312655086,0.0,0.0,12.40694789081886,37.220843672456574,4.962779156327543,372.2084367245658,2.4813895781637716,2.4813895781637716,12.40694789081886,0.0,4.962779156327543,0.0,0.0,14.88833746898263,7.444168734491315,0.0,2.4813895781637716,0.0,4.962779156327543,0.0,4.962779156327543,0.0,0.0,2.4813895781637716,0.0,0.0,0.0,2.4813895781637716,106.69975186104217,86.848635235732,4.962779156327543,42.183622828784124,0.587467362924282,5.407310704960835,12.40694789081886,2.4813895781637716,0.0,0.0,12.40694789081886,0.0,7.444168734491315,9.925558312655086,0.0,0.0,4.962779156327543,14.88833746898263,4.962779156327543,0.0,0.0,0.0,0.0,0.0,0.0,9.925558312655086,0.0,0.0,2.4813895781637716
D16-1085,4.830917874396135,4.830917874396135,50.72463768115942,0.0,4.830917874396135,7.246376811594203,0.0,4.830917874396135,2.4154589371980677,7.246376811594203,0.0,0.0,12.077294685990339,36.231884057971016,4.830917874396135,318.8405797101449,2.4154589371980677,7.246376811594203,19.32367149758454,0.0,0.0,0.0,0.0,16.908212560386474,0.0,2.4154589371980677,0.0,0.0,7.246376811594203,0.0,0.0,0.0,0.0,0.0,0.0,0.0,0.0,2.4154589371980677,123.18840579710145,94.20289855072464,7.246376811594203,33.81642512077295,0.49754901960784315,5.049019607843137,9.66183574879227,2.4154589371980677,0.0,0.0,2.4154589371980677,0.0,7.246376811594203,7.246376811594203,0.0,0.0,2.4154589371980677,7.246376811594203,4.830917874396135,2.4154589371980677,2.4154589371980677,0.0,0.0,2.4154589371980677,2.4154589371980677,7.246376811594203,4.830917874396135,0.0,4.830917874396135
D14-1102,0.0,4.9504950495049505,56.93069306930693,2.4752475247524752,2.4752475247524752,7.425742574257425,0.0,0.0,22.277227722772277,0.0,0.0,0.0,12.376237623762377,32.17821782178218,2.4752475247524752,304.45544554455444,7.425742574257425,0.0,12.376237623762377,0.0,2.4752475247524752,0.0,0.0,22.277227722772277,2.4752475247524752,0.0,9.900990099009901,0.0,2.4752475247524752,0.0,2.4752475247524752,0.0,0.0,2.4752475247524752,0.0,0.0,0.0,9.900990099009901,101.48514851485149,66.83168316831683,4.9504950495049505,32.17821782178218,0.5163727959697733,5.110831234256927,7.425742574257425,0.0,0.0,0.0,2.4752475247524752,0.0,7.425742574257425,7.425742574257425,2.4752475247524752,4.9504950495049505,7.425742574257425,4.9504950495049505,2.4752475247524752,0.0,0.0,0.0,0.0,0.0,0.0,9.900990099009901,0.0,0.0,4.9504950495049505
P10-1112,0.0,12.224938875305625,61.12469437652811,2.444987775061125,0.0,7.334963325183374,0.0,2.444987775061125,4.88997555012225,0.0,0.0,0.0,19.559902200489,66.01466992665037,4.88997555012225,308.0684596577017,4.88997555012225,2.444987775061125,24.44987775061125,2.444987775061125,0.0,0.0,0.0,14.669926650366747,2.444987775061125,0.0,0.0,0.0,4.88997555012225,0.0,4.88997555012225,0.0,2.444987775061125,0.0,0.0,0.0,0.0,2.444987775061125,85.57457212713938,85.57457212713938,7.334963325183374,44.00977995110025,0.5502645502645502,5.470899470899471,12.224938875305625,0.0,0.0,2.444987775061125,0.0,0.0,7.334963325183374,2.444987775061125,0.0,0.0,0.0,2.444987775061125,0.0,0.0,0.0,0.0,0.0,2.444987775061125,7.334963325183374,7.334963325183374,2.444987775061125,0.0,2.444987775061125
D14-1024,0.0,4.7281323877068555,80.37825059101655,0.0,2.3640661938534278,7.092198581560283,0.0,11.82033096926714,7.092198581560283,7.092198581560283,0.0,0.0,16.548463356973993,49.64539007092199,4.7281323877068555,276.59574468085106,14.184397163120567,0.0,21.27659574468085,2.3640661938534278,2.3640661938534278,0.0,0.0,7.092198581560283,0.0,0.0,0.0,0.0,2.3640661938534278,0.0,7.092198581560283,0.0,2.3640661938534278,2.3640661938534278,0.0,0.0,0.0,4.7281323877068555,125.29550827423166,75.65011820330969,4.7281323877068555,56.737588652482266,0.5439024390243903,5.212195121951219,7.092198581560283,4.7281323877068555,0.0,0.0,2.3640661938534278,0.0,9.456264775413711,0.0,0.0,2.3640661938534278,11.82033096926714,9.456264775413711,4.7281323877068555,0.0,0.0,0.0,2.3640661938534278,0.0,2.3640661938534278,4.7281323877068555,7.092198581560283,2.3640661938534278,4.7281323877068555
C12-1170,0.0,7.194244604316547,52.75779376498801,0.0,0.0,7.194244604316547,0.0,2.398081534772182,4.796163069544364,0.0,0.0,0.0,9.592326139088728,21.58273381294964,4.796163069544364,326.1390887290168,11.990407673860911,2.398081534772182,14.388489208633095,2.398081534772182,2.398081534772182,0.0,0.0,4.796163069544364,2.398081534772182,0.0,4.796163069544364,2.398081534772182,0.0,0.0,4.796163069544364,0.0,0.0,4.796163069544364,0.0,0.0,0.0,7.194244604316547,146.2829736211031,100.71942446043165,4.796163069544364,31.17505995203837,0.535175879396985,5.35929648241206,2.398081534772182,0.0,0.0,7.194244604316547,4.796163069544364,0.0,2.398081534772182,7.194244604316547,0.0,0.0,0.0,4.796163069544364,4.796163069544364,0.0,2.398081534772182,0.0,0.0,0.0,2.398081534772182,0.0,4.796163069544364,0.0,9.592326139088728
P18-1067,0.0,6.8493150684931505,63.926940639269404,0.0,0.0,4.5662100456621,0.0,9.1324200913242,2.28310502283105,2.28310502283105,0.0,0.0,11.415525114155251,36.5296803652968,0.0,310.5022831050228,4.5662100456621,0.0,6.8493150684931505,2.28310502283105,2.28310502283105,0.0,0.0,13.698630136986301,0.0,0.0,4.5662100456621,2.28310502283105,2.28310502283105,0.0,4.5662100456621,0.0,0.0,2.28310502283105,0.0,0.0,0.0,6.8493150684931505,111.87214611872146,107.30593607305936,4.5662100456621,41.0958904109589,0.5534441805225653,5.467933491686461,9.1324200913242,0.0,0.0,6.8493150684931505,2.28310502283105,0.0,6.8493150684931505,2.28310502283105,0.0,0.0,4.5662100456621,13.698630136986301,11.415525114155251,0.0,4.5662100456621,0.0,0.0,0.0,2.28310502283105,15.981735159817351,0.0,0.0,0.0
P12-1070,17.156862745098042,2.450980392156863,46.568627450980394,0.0,2.450980392156863,4.901960784313726,0.0,2.450980392156863,12.254901960784313,0.0,0.0,0.0,7.352941176470588,24.509803921568626,2.450980392156863,286.7647058823529,12.254901960784313,7.352941176470588,24.509803921568626,0.0,12.254901960784313,2.450980392156863,0.0,14.705882352941176,2.450980392156863,0.0,2.450980392156863,0.0,2.450980392156863,0.0,0.0,0.0,0.0,2.450980392156863,2.450980392156863,0.0,2.450980392156863,2.450980392156863,117.6470588235294,100.49019607843138,2.450980392156863,51.470588235294116,0.4895833333333333,4.984375,9.803921568627452,9.803921568627452,0.0,0.0,0.0,0.0,4.901960784313726,2.450980392156863,7.352941176470588,4.901960784313726,7.352941176470588,12.254901960784313,2.450980392156863,7.352941176470588,0.0,0.0,0.0,0.0,7.352941176470588,2.450980392156863,2.450980392156863,2.450980392156863,9.803921568627452
C18-1088,42.183622828784124,4.962779156327543,32.25806451612903,4.962779156327543,4.962779156327543,4.962779156327543,0.0,17.3697270471464,2.4813895781637716,2.4813895781637716,2.4813895781637716,0.0,9.925558312655086,42.183622828784124,7.444168734491315,337.468982630273,7.444168734491315,0.0,27.29528535980149,2.4813895781637716,2.4813895781637716,0.0,0.0,14.88833746898263,4.962779156327543,0.0,2.4813895781637716,4.962779156327543,2.4813895781637716,0.0,0.0,0.0,0.0,4.962779156327543,0.0,0.0,0.0,0.0,126.55086848635236,59.55334987593052,2.4813895781637716,57.07196029776674,0.5812182741116751,5.393401015228426,14.88833746898263,0.0,0.0,2.4813895781637716,2.4813895781637716,0.0,9.925558312655086,2.4813895781637716,0.0,0.0,7.444168734491315,9.925558312655086,7.444168734491315,0.0,0.0,0.0,2.4813895781637716,0.0,4.962779156327543,4.962779156327543,4.962779156327543,0.0,2.4813895781637716
D16-1131,12.254901960784313,2.450980392156863,75.98039215686273,0.0,0.0,9.803921568627452,0.0,0.0,7.352941176470588,4.901960784313726,0.0,4.901960784313726,34.313725490196084,39.21568627450981,7.352941176470588,267.156862745098,17.156862745098042,4.901960784313726,26.96078431372549,0.0,0.0,0.0,2.450980392156863,19.607843137254903,0.0,0.0,0.0,0.0,4.901960784313726,0.0,0.0,0.0,9.803921568627452,0.0,0.0,0.0,0.0,4.901960784313726,137.25490196078434,31.862745098039213,12.254901960784313,61.27450980392157,0.47341772151898737,5.159493670886076,2.450980392156863,0.0,0.0,4.901960784313726,2.450980392156863,0.0,9.803921568627452,4.901960784313726,2.450980392156863,0.0,0.0,14.705882352941176,2.450980392156863,2.450980392156863,2.450980392156863,0.0,0.0,0.0,4.901960784313726,7.352941176470588,0.0,0.0,0.0
P15-1066,0.0,4.597701149425287,62.06896551724138,0.0,2.2988505747126435,11.494252873563218,0.0,13.793103448275861,6.896551724137931,4.597701149425287,0.0,0.0,13.793103448275861,82.75862068965517,6.896551724137931,225.28735632183907,20.689655172413794,0.0,13.793103448275861,0.0,9.195402298850574,0.0,0.0,20.689655172413794,2.2988505747126435,0.0,4.597701149425287,2.2988505747126435,2.2988505747126435,2.2988505747126435,2.2988505747126435,0.0,0.0,2.2988505747126435,0.0,0.0,0.0,2.2988505747126435,112.64367816091954,85.05747126436782,6.896551724137931,48.275862068965516,0.5393518518518519,5.363425925925926,4.597701149425287,2.2988505747126435,0.0,0.0,11.494252873563218,0.0,22.988505747126435,2.2988505747126435,4.597701149425287,6.896551724137931,4.597701149425287,22.988505747126435,11.494252873563218,0.0,0.0,0.0,0.0,2.2988505747126435,4.597701149425287,11.494252873563218,4.597701149425287,0.0,2.2988505747126435
C18-1250,7.246376811594203,7.246376811594203,53.14009661835749,0.0,0.0,14.492753623188406,0.0,2.4154589371980677,0.0,0.0,0.0,0.0,19.32367149758454,28.985507246376812,2.4154589371980677,393.7198067632851,9.66183574879227,0.0,14.492753623188406,0.0,2.4154589371980677,0.0,2.4154589371980677,21.73913043478261,0.0,0.0,0.0,0.0,2.4154589371980677,0.0,0.0,0.0,2.4154589371980677,9.66183574879227,0.0,2.4154589371980677,0.0,4.830917874396135,77.29468599033817,94.20289855072464,2.4154589371980677,41.06280193236715,0.5205128205128206,4.971794871794872,9.66183574879227,0.0,0.0,4.830917874396135,2.4154589371980677,0.0,9.66183574879227,9.66183574879227,2.4154589371980677,0.0,0.0,4.830917874396135,4.830917874396135,0.0,0.0,0.0,0.0,0.0,2.4154589371980677,0.0,4.830917874396135,0.0,4.830917874396135
P15-1155,2.4154589371980677,4.830917874396135,60.386473429951685,2.4154589371980677,0.0,16.908212560386474,0.0,0.0,4.830917874396135,4.830917874396135,0.0,0.0,19.32367149758454,62.80193236714976,12.077294685990339,292.2705314009662,7.246376811594203,0.0,21.73913043478261,2.4154589371980677,4.830917874396135,0.0,0.0,19.32367149758454,0.0,0.0,2.4154589371980677,4.830917874396135,4.830917874396135,0.0,2.4154589371980677,0.0,0.0,0.0,2.4154589371980677,0.0,0.0,4.830917874396135,132.85024154589374,53.14009661835749,12.077294685990339,48.309178743961354,0.5686274509803921,5.53921568627451,7.246376811594203,0.0,0.0,0.0,4.830917874396135,0.0,14.492753623188406,7.246376811594203,0.0,0.0,7.246376811594203,7.246376811594203,4.830917874396135,0.0,0.0,0.0,0.0,0.0,2.4154589371980677,12.077294685990339,2.4154589371980677,0.0,2.4154589371980677
D12-1079,0.0,4.219409282700422,59.07172995780591,6.329113924050633,4.219409282700422,8.438818565400844,0.0,0.0,8.438818565400844,2.109704641350211,0.0,2.109704641350211,16.877637130801688,50.63291139240506,2.109704641350211,282.70042194092827,10.548523206751055,2.109704641350211,14.767932489451477,2.109704641350211,0.0,0.0,0.0,12.658227848101266,4.219409282700422,0.0,4.219409282700422,0.0,8.438818565400844,0.0,0.0,0.0,0.0,6.329113924050633,0.0,0.0,0.0,4.219409282700422,120.25316455696203,82.27848101265822,4.219409282700422,61.18143459915612,0.526431718061674,5.323788546255507,10.548523206751055,0.0,2.109704641350211,0.0,8.438818565400844,0.0,12.658227848101266,6.329113924050633,0.0,4.219409282700422,2.109704641350211,14.767932489451477,2.109704641350211,0.0,2.109704641350211,0.0,0.0,0.0,2.109704641350211,6.329113924050633,6.329113924050633,0.0,8.438818565400844
P11-1053,0.0,7.281553398058253,43.689320388349515,0.0,2.4271844660194173,2.4271844660194173,0.0,0.0,7.281553398058253,2.4271844660194173,0.0,0.0,4.854368932038835,72.81553398058252,4.854368932038835,342.2330097087379,12.135922330097086,4.854368932038835,21.844660194174757,2.4271844660194173,0.0,0.0,0.0,14.563106796116505,0.0,0.0,0.0,2.4271844660194173,0.0,0.0,4.854368932038835,0.0,0.0,0.0,2.4271844660194173,0.0,4.854368932038835,7.281553398058253,114.07766990291263,48.543689320388346,7.281553398058253,38.83495145631068,0.44,5.345,12.135922330097086,0.0,0.0,0.0,0.0,0.0,2.4271844660194173,14.563106796116505,0.0,2.4271844660194173,0.0,7.281553398058253,0.0,0.0,0.0,0.0,0.0,0.0,4.854368932038835,16.990291262135923,0.0,0.0,4.854368932038835
D16-1020,0.0,7.194244604316547,59.95203836930456,2.398081534772182,2.398081534772182,0.0,0.0,7.194244604316547,9.592326139088728,0.0,0.0,0.0,2.398081534772182,45.563549160671464,7.194244604316547,258.9928057553957,14.388489208633095,9.592326139088728,19.184652278177456,0.0,4.796163069544364,0.0,0.0,23.980815347721823,2.398081534772182,0.0,0.0,2.398081534772182,2.398081534772182,0.0,0.0,0.0,0.0,0.0,0.0,0.0,0.0,14.388489208633095,95.92326139088729,88.72901678657075,2.398081534772182,64.74820143884892,0.5739795918367347,5.3188775510204085,4.796163069544364,0.0,0.0,0.0,7.194244604316547,0.0,11.990407673860911,4.796163069544364,0.0,0.0,2.398081534772182,9.592326139088728,4.796163069544364,2.398081534772182,7.194244604316547,0.0,2.398081534772182,2.398081534772182,7.194244604316547,9.592326139088728,0.0,0.0,11.990407673860911
C18-1073,2.398081534772182,2.398081534772182,76.73860911270982,4.796163069544364,2.398081534772182,2.398081534772182,0.0,2.398081534772182,7.194244604316547,0.0,0.0,0.0,14.388489208633095,40.7673860911271,7.194244604316547,314.14868105515586,2.398081534772182,4.796163069544364,16.786570743405274,2.398081534772182,4.796163069544364,0.0,0.0,11.990407673860911,0.0,0.0,0.0,2.398081534772182,0.0,0.0,2.398081534772182,0.0,0.0,9.592326139088728,0.0,2.398081534772182,0.0,2.398081534772182,110.31175059952038,79.13669064748201,0.0,57.55395683453238,0.5788177339901478,5.251231527093596,11.990407673860911,4.796163069544364,0.0,0.0,9.592326139088728,0.0,0.0,4.796163069544364,0.0,0.0,4.796163069544364,4.796163069544364,4.796163069544364,0.0,0.0,0.0,4.796163069544364,0.0,7.194244604316547,7.194244604316547,4.796163069544364,0.0,0.0
D11-1091,17.241379310344826,2.4630541871921183,61.576354679802954,0.0,0.0,2.4630541871921183,4.926108374384237,2.4630541871921183,2.4630541871921183,0.0,2.4630541871921183,0.0,24.630541871921185,68.9655172413793,2.4630541871921183,224.13793103448276,29.556650246305416,0.0,12.315270935960593,0.0,2.4630541871921183,0.0,4.926108374384237,17.241379310344826,2.4630541871921183,2.4630541871921183,14.778325123152708,0.0,14.778325123152708,0.0,0.0,0.0,0.0,2.4630541871921183,2.4630541871921183,0.0,0.0,7.389162561576354,113.30049261083744,64.03940886699507,7.389162561576354,24.630541871921185,0.5392670157068062,5.4214659685863875,9.852216748768473,2.4630541871921183,0.0,0.0,0.0,0.0,12.315270935960593,7.389162561576354,0.0,0.0,7.389162561576354,19.704433497536947,7.389162561576354,0.0,0.0,0.0,2.4630541871921183,0.0,0.0,4.926108374384237,0.0,0.0,2.4630541871921183
D11-1144,0.0,7.481296758104738,59.8503740648379,0.0,2.493765586034913,17.456359102244388,0.0,0.0,2.493765586034913,0.0,0.0,0.0,12.468827930174564,42.394014962593516,22.443890274314214,326.6832917705736,14.962593516209475,0.0,7.481296758104738,2.493765586034913,2.493765586034913,0.0,0.0,17.456359102244388,2.493765586034913,0.0,2.493765586034913,0.0,2.493765586034913,0.0,0.0,0.0,0.0,2.493765586034913,0.0,0.0,0.0,4.987531172069826,114.713216957606,72.31920199501248,4.987531172069826,27.43142144638404,0.546875,5.419270833333333,7.481296758104738,0.0,0.0,2.493765586034913,2.493765586034913,0.0,9.975062344139651,9.975062344139651,2.493765586034913,0.0,2.493765586034913,2.493765586034913,0.0,0.0,0.0,0.0,0.0,0.0,2.493765586034913,7.481296758104738,2.493765586034913,0.0,2.493765586034913
P10-1099,0.0,9.925558312655086,62.03473945409429,0.0,0.0,17.3697270471464,0.0,0.0,2.4813895781637716,7.444168734491315,0.0,0.0,17.3697270471464,32.25806451612903,2.4813895781637716,315.136476426799,12.40694789081886,0.0,9.925558312655086,0.0,7.444168734491315,0.0,2.4813895781637716,12.40694789081886,4.962779156327543,0.0,4.962779156327543,2.4813895781637716,7.444168734491315,0.0,0.0,0.0,0.0,2.4813895781637716,0.0,0.0,0.0,0.0,156.3275434243176,57.07196029776674,4.962779156327543,37.220843672456574,0.5062972292191436,5.1360201511335015,2.4813895781637716,0.0,0.0,0.0,2.4813895781637716,0.0,2.4813895781637716,2.4813895781637716,4.962779156327543,0.0,4.962779156327543,22.332506203473944,7.444168734491315,0.0,0.0,0.0,0.0,0.0,2.4813895781637716,7.444168734491315,4.962779156327543,0.0,7.444168734491315
D13-1146,0.0,7.246376811594203,48.309178743961354,0.0,0.0,4.830917874396135,0.0,4.830917874396135,2.4154589371980677,2.4154589371980677,0.0,0.0,4.830917874396135,72.46376811594203,4.830917874396135,280.19323671497585,14.492753623188406,0.0,12.077294685990339,0.0,2.4154589371980677,0.0,0.0,9.66183574879227,2.4154589371980677,0.0,7.246376811594203,4.830917874396135,0.0,0.0,2.4154589371980677,0.0,0.0,2.4154589371980677,0.0,0.0,0.0,7.246376811594203,166.66666666666666,50.72463768115942,2.4154589371980677,36.231884057971016,0.48984771573604063,5.16751269035533,16.908212560386474,0.0,0.0,0.0,0.0,0.0,19.32367149758454,4.830917874396135,0.0,2.4154589371980677,0.0,12.077294685990339,2.4154589371980677,0.0,0.0,0.0,9.66183574879227,2.4154589371980677,9.66183574879227,14.492753623188406,0.0,2.4154589371980677,7.246376811594203
P16-1177,0.0,2.4213075060532687,55.69007263922518,2.4213075060532687,2.4213075060532687,24.213075060532688,0.0,14.527845036319613,4.842615012106537,2.4213075060532687,0.0,0.0,19.37046004842615,77.4818401937046,2.4213075060532687,309.9273607748184,7.263922518159807,0.0,9.685230024213075,0.0,2.4213075060532687,0.0,0.0,19.37046004842615,2.4213075060532687,0.0,2.4213075060532687,0.0,12.106537530266344,0.0,0.0,0.0,7.263922518159807,0.0,2.4213075060532687,0.0,0.0,2.4213075060532687,111.38014527845036,113.80145278450362,2.4213075060532687,24.213075060532688,0.48223350253807107,5.629441624365482,9.685230024213075,4.842615012106537,0.0,0.0,2.4213075060532687,0.0,9.685230024213075,9.685230024213075,0.0,2.4213075060532687,4.842615012106537,12.106537530266344,0.0,2.4213075060532687,0.0,0.0,0.0,0.0,2.4213075060532687,4.842615012106537,2.4213075060532687,0.0,0.0
C16-1265,14.285714285714285,2.3809523809523814,52.38095238095238,2.3809523809523814,0.0,0.0,0.0,9.523809523809526,4.761904761904763,2.3809523809523814,0.0,0.0,16.666666666666668,42.857142857142854,4.761904761904763,304.7619047619048,9.523809523809526,0.0,19.04761904761905,0.0,0.0,0.0,0.0,2.3809523809523814,4.761904761904763,0.0,2.3809523809523814,0.0,0.0,0.0,2.3809523809523814,0.0,0.0,2.3809523809523814,0.0,0.0,0.0,2.3809523809523814,130.95238095238096,73.80952380952381,0.0,66.66666666666667,0.6,5.105,19.04761904761905,4.761904761904763,0.0,7.142857142857142,2.3809523809523814,0.0,7.142857142857142,0.0,0.0,4.761904761904763,2.3809523809523814,7.142857142857142,4.761904761904763,0.0,2.3809523809523814,0.0,0.0,0.0,4.761904761904763,7.142857142857142,4.761904761904763,0.0,0.0
D12-1121,19.464720194647203,0.0,34.0632603406326,0.0,2.4330900243309004,2.4330900243309004,0.0,0.0,4.866180048661801,0.0,0.0,0.0,2.4330900243309004,36.4963503649635,19.464720194647203,316.301703163017,7.299270072992701,0.0,21.897810218978105,2.4330900243309004,4.866180048661801,0.0,0.0,19.464720194647203,0.0,0.0,4.866180048661801,0.0,0.0,0.0,0.0,0.0,0.0,0.0,2.4330900243309004,2.4330900243309004,2.4330900243309004,2.4330900243309004,155.71776155717762,90.02433090024331,4.866180048661801,55.961070559610704,0.5353535353535354,5.335858585858586,14.598540145985401,0.0,0.0,0.0,7.299270072992701,0.0,7.299270072992701,4.866180048661801,0.0,0.0,0.0,9.732360097323602,4.866180048661801,0.0,0.0,0.0,0.0,2.4330900243309004,4.866180048661801,2.4330900243309004,0.0,2.4330900243309004,0.0
P14-1046,2.4271844660194173,4.854368932038835,53.398058252427184,2.4271844660194173,0.0,4.854368932038835,0.0,7.281553398058253,0.0,2.4271844660194173,0.0,0.0,4.854368932038835,50.970873786407765,16.990291262135923,342.2330097087379,9.70873786407767,2.4271844660194173,14.563106796116505,0.0,2.4271844660194173,0.0,0.0,9.70873786407767,0.0,0.0,2.4271844660194173,0.0,2.4271844660194173,0.0,0.0,0.0,0.0,0.0,0.0,0.0,9.70873786407767,2.4271844660194173,109.22330097087378,77.66990291262135,7.281553398058253,46.116504854368934,0.575,5.47,14.563106796116505,4.854368932038835,0.0,2.4271844660194173,4.854368932038835,0.0,2.4271844660194173,12.135922330097086,0.0,4.854368932038835,4.854368932038835,12.135922330097086,2.4271844660194173,0.0,0.0,0.0,0.0,0.0,4.854368932038835,9.70873786407767,4.854368932038835,0.0,4.854368932038835
N16-1158,0.0,12.376237623762377,71.78217821782178,7.425742574257425,0.0,7.425742574257425,0.0,7.425742574257425,14.85148514851485,4.9504950495049505,0.0,0.0,2.4752475247524752,19.801980198019802,2.4752475247524752,314.35643564356434,19.801980198019802,0.0,32.17821782178218,2.4752475247524752,4.9504950495049505,0.0,0.0,17.32673267326733,0.0,0.0,0.0,2.4752475247524752,0.0,0.0,0.0,0.0,0.0,2.4752475247524752,4.9504950495049505,2.4752475247524752,2.4752475247524752,7.425742574257425,123.76237623762376,106.43564356435644,4.9504950495049505,49.504950495049506,0.5794871794871795,5.312820512820513,9.900990099009901,0.0,0.0,4.9504950495049505,2.4752475247524752,0.0,9.900990099009901,0.0,2.4752475247524752,0.0,2.4752475247524752,4.9504950495049505,4.9504950495049505,2.4752475247524752,0.0,0.0,0.0,0.0,7.425742574257425,2.4752475247524752,0.0,0.0,7.425742574257425
C18-1044,4.866180048661801,2.4330900243309004,58.394160583941606,0.0,0.0,0.0,0.0,4.866180048661801,7.299270072992701,2.4330900243309004,0.0,0.0,12.165450121654501,58.394160583941606,4.866180048661801,338.19951338199513,9.732360097323602,0.0,21.897810218978105,0.0,0.0,0.0,0.0,9.732360097323602,0.0,0.0,0.0,0.0,2.4330900243309004,0.0,0.0,0.0,0.0,4.866180048661801,0.0,0.0,4.866180048661801,2.4330900243309004,109.48905109489051,65.69343065693431,9.732360097323602,17.0316301703163,0.5153061224489796,5.262755102040816,4.866180048661801,0.0,0.0,0.0,4.866180048661801,0.0,2.4330900243309004,2.4330900243309004,0.0,0.0,0.0,9.732360097323602,0.0,0.0,0.0,0.0,0.0,0.0,2.4330900243309004,12.165450121654501,9.732360097323602,0.0,0.0
P16-1122,7.299270072992701,7.299270072992701,46.228710462287104,4.866180048661801,2.4330900243309004,9.732360097323602,0.0,4.866180048661801,0.0,0.0,0.0,0.0,21.897810218978105,55.961070559610704,7.299270072992701,328.4671532846715,24.330900243309003,2.4330900243309004,7.299270072992701,0.0,0.0,0.0,0.0,14.598540145985401,0.0,2.4330900243309004,0.0,0.0,0.0,0.0,0.0,0.0,2.4330900243309004,9.732360097323602,0.0,0.0,0.0,0.0,116.78832116788321,43.79562043795621,0.0,46.228710462287104,0.4609571788413098,5.166246851385391,14.598540145985401,0.0,0.0,0.0,7.299270072992701,0.0,17.0316301703163,4.866180048661801,4.866180048661801,2.4330900243309004,7.299270072992701,9.732360097323602,12.165450121654501,0.0,0.0,0.0,0.0,0.0,2.4330900243309004,7.299270072992701,0.0,0.0,0.0
D13-1178,14.598540145985401,4.866180048661801,58.394160583941606,0.0,2.4330900243309004,9.732360097323602,0.0,14.598540145985401,0.0,4.866180048661801,0.0,0.0,19.464720194647203,41.3625304136253,7.299270072992701,333.3333333333333,9.732360097323602,0.0,12.165450121654501,0.0,2.4330900243309004,0.0,0.0,2.4330900243309004,2.4330900243309004,0.0,7.299270072992701,0.0,14.598540145985401,0.0,0.0,0.0,0.0,2.4330900243309004,0.0,0.0,0.0,0.0,131.38686131386862,34.0632603406326,2.4330900243309004,51.09489051094891,0.5102040816326531,5.012755102040816,12.165450121654501,2.4330900243309004,0.0,2.4330900243309004,2.4330900243309004,0.0,7.299270072992701,12.165450121654501,0.0,0.0,0.0,14.598540145985401,0.0,0.0,0.0,0.0,0.0,0.0,7.299270072992701,14.598540145985401,7.299270072992701,0.0,7.299270072992701
P12-1062,4.784688995215311,4.784688995215311,55.02392344497608,0.0,2.3923444976076556,11.961722488038278,0.0,2.3923444976076556,2.3923444976076556,0.0,0.0,0.0,19.138755980861244,14.354066985645934,11.961722488038278,339.7129186602871,23.923444976076556,0.0,14.354066985645934,2.3923444976076556,0.0,0.0,0.0,28.70813397129187,0.0,0.0,16.74641148325359,0.0,7.177033492822967,0.0,0.0,2.3923444976076556,0.0,0.0,0.0,0.0,0.0,7.177033492822967,88.51674641148325,38.27751196172249,4.784688995215311,50.239234449760765,0.5098039215686274,4.901960784313726,11.961722488038278,2.3923444976076556,0.0,0.0,7.177033492822967,0.0,14.354066985645934,4.784688995215311,0.0,4.784688995215311,0.0,16.74641148325359,4.784688995215311,0.0,0.0,0.0,0.0,0.0,2.3923444976076556,7.177033492822967,4.784688995215311,0.0,4.784688995215311
N13-1107,4.9504950495049505,4.9504950495049505,81.68316831683168,0.0,0.0,4.9504950495049505,0.0,0.0,4.9504950495049505,2.4752475247524752,0.0,0.0,14.85148514851485,69.30693069306932,0.0,336.63366336633663,7.425742574257425,2.4752475247524752,29.7029702970297,7.425742574257425,7.425742574257425,0.0,0.0,27.22772277227723,2.4752475247524752,2.4752475247524752,4.9504950495049505,0.0,0.0,0.0,0.0,0.0,0.0,2.4752475247524752,2.4752475247524752,0.0,0.0,9.900990099009901,91.58415841584159,61.88118811881188,7.425742574257425,27.22772277227723,0.49214659685863876,4.960732984293194,12.376237623762377,2.4752475247524752,0.0,0.0,4.9504950495049505,0.0,9.900990099009901,0.0,0.0,0.0,12.376237623762377,14.85148514851485,14.85148514851485,0.0,0.0,0.0,0.0,0.0,2.4752475247524752,7.425742574257425,2.4752475247524752,0.0,4.9504950495049505
P13-1046,0.0,2.457002457002457,73.71007371007371,2.457002457002457,0.0,0.0,0.0,4.914004914004914,7.371007371007371,0.0,4.914004914004914,0.0,17.1990171990172,54.054054054054056,7.371007371007371,336.6093366093366,7.371007371007371,2.457002457002457,27.027027027027028,0.0,9.828009828009828,0.0,0.0,19.656019656019655,0.0,0.0,4.914004914004914,0.0,7.371007371007371,0.0,2.457002457002457,0.0,0.0,2.457002457002457,4.914004914004914,0.0,0.0,7.371007371007371,90.9090909090909,34.3980343980344,17.1990171990172,17.1990171990172,0.4221105527638191,5.060301507537688,7.371007371007371,0.0,0.0,0.0,0.0,0.0,7.371007371007371,9.828009828009828,0.0,0.0,7.371007371007371,17.1990171990172,2.457002457002457,0.0,0.0,0.0,0.0,0.0,0.0,2.457002457002457,4.914004914004914,0.0,2.457002457002457
N13-1120,4.7281323877068555,0.0,42.5531914893617,0.0,2.3640661938534278,7.092198581560283,0.0,0.0,4.7281323877068555,0.0,0.0,0.0,9.456264775413711,85.1063829787234,4.7281323877068555,304.9645390070922,9.456264775413711,2.3640661938534278,11.82033096926714,0.0,2.3640661938534278,0.0,0.0,11.82033096926714,0.0,0.0,7.092198581560283,4.7281323877068555,2.3640661938534278,0.0,0.0,0.0,0.0,4.7281323877068555,0.0,2.3640661938534278,0.0,4.7281323877068555,122.93144208037825,101.6548463356974,2.3640661938534278,23.64066193853428,0.5396039603960396,5.732673267326732,9.456264775413711,2.3640661938534278,0.0,0.0,4.7281323877068555,0.0,11.82033096926714,2.3640661938534278,0.0,2.3640661938534278,4.7281323877068555,7.092198581560283,9.456264775413711,0.0,0.0,0.0,0.0,0.0,0.0,9.456264775413711,0.0,0.0,0.0
D15-1104,2.347417840375587,0.0,63.38028169014084,0.0,0.0,4.694835680751174,0.0,2.347417840375587,7.042253521126761,0.0,0.0,0.0,4.694835680751174,58.68544600938967,11.737089201877934,305.1643192488263,9.389671361502348,0.0,37.55868544600939,4.694835680751174,2.347417840375587,0.0,0.0,23.474178403755868,0.0,0.0,7.042253521126761,4.694835680751174,0.0,0.0,0.0,0.0,0.0,0.0,0.0,0.0,0.0,11.737089201877934,84.50704225352112,42.25352112676056,9.389671361502348,37.55868544600939,0.4963680387409201,5.12590799031477,2.347417840375587,0.0,0.0,0.0,7.042253521126761,0.0,7.042253521126761,7.042253521126761,0.0,4.694835680751174,4.694835680751174,4.694835680751174,2.347417840375587,0.0,0.0,0.0,0.0,2.347417840375587,4.694835680751174,7.042253521126761,4.694835680751174,4.694835680751174,9.389671361502348
C18-1017,0.0,0.0,70.3883495145631,12.135922330097086,2.4271844660194173,12.135922330097086,0.0,0.0,2.4271844660194173,0.0,0.0,0.0,24.271844660194173,31.553398058252426,2.4271844660194173,354.36893203883494,4.854368932038835,0.0,16.990291262135923,0.0,2.4271844660194173,0.0,0.0,12.135922330097086,0.0,0.0,7.281553398058253,0.0,14.563106796116505,0.0,2.4271844660194173,2.4271844660194173,0.0,0.0,0.0,0.0,0.0,2.4271844660194173,123.7864077669903,75.24271844660194,4.854368932038835,72.81553398058252,0.5561224489795918,5.459183673469388,14.563106796116505,2.4271844660194173,0.0,4.854368932038835,9.70873786407767,0.0,12.135922330097086,2.4271844660194173,0.0,0.0,4.854368932038835,12.135922330097086,7.281553398058253,0.0,0.0,0.0,2.4271844660194173,0.0,0.0,0.0,0.0,0.0,4.854368932038835
D12-1115,7.142857142857142,2.3809523809523814,71.42857142857143,0.0,0.0,4.761904761904763,2.3809523809523814,7.142857142857142,4.761904761904763,2.3809523809523814,0.0,0.0,23.809523809523807,16.666666666666668,0.0,257.1428571428571,23.809523809523807,2.3809523809523814,19.04761904761905,0.0,0.0,0.0,0.0,11.904761904761903,0.0,0.0,0.0,4.761904761904763,2.3809523809523814,0.0,4.761904761904763,0.0,2.3809523809523814,4.761904761904763,2.3809523809523814,0.0,0.0,7.142857142857142,121.42857142857143,83.33333333333333,2.3809523809523814,47.61904761904761,0.5227272727272727,5.252525252525253,7.142857142857142,2.3809523809523814,0.0,0.0,4.761904761904763,0.0,19.04761904761905,7.142857142857142,2.3809523809523814,0.0,4.761904761904763,14.285714285714285,7.142857142857142,0.0,0.0,0.0,0.0,0.0,2.3809523809523814,2.3809523809523814,2.3809523809523814,0.0,11.904761904761903
D14-1153,4.926108374384237,14.778325123152708,46.79802955665024,0.0,4.926108374384237,4.926108374384237,0.0,2.4630541871921183,2.4630541871921183,4.926108374384237,0.0,2.4630541871921183,9.852216748768473,24.630541871921185,9.852216748768473,440.88669950738915,27.093596059113302,2.4630541871921183,4.926108374384237,2.4630541871921183,0.0,0.0,2.4630541871921183,9.852216748768473,7.389162561576354,0.0,2.4630541871921183,0.0,0.0,0.0,0.0,0.0,0.0,4.926108374384237,0.0,0.0,0.0,2.4630541871921183,103.44827586206897,78.81773399014779,0.0,22.167487684729064,0.5564516129032258,5.217741935483871,12.315270935960593,0.0,0.0,2.4630541871921183,0.0,0.0,2.4630541871921183,2.4630541871921183,0.0,0.0,2.4630541871921183,7.389162561576354,0.0,0.0,0.0,0.0,0.0,0.0,2.4630541871921183,0.0,2.4630541871921183,0.0,0.0
P16-1070,0.0,0.0,56.20608899297424,2.34192037470726,0.0,16.393442622950822,0.0,0.0,2.34192037470726,0.0,0.0,0.0,11.7096018735363,51.52224824355972,4.68384074941452,339.57845433255267,11.7096018735363,7.02576112412178,11.7096018735363,2.34192037470726,0.0,0.0,0.0,14.05152224824356,0.0,0.0,2.34192037470726,2.34192037470726,2.34192037470726,0.0,2.34192037470726,0.0,0.0,4.68384074941452,0.0,0.0,0.0,2.34192037470726,114.75409836065575,96.01873536299766,7.02576112412178,30.44496487119438,0.5121359223300971,5.5,0.0,2.34192037470726,0.0,0.0,2.34192037470726,0.0,18.73536299765808,0.0,0.0,0.0,0.0,2.34192037470726,2.34192037470726,0.0,0.0,0.0,0.0,0.0,0.0,11.7096018735363,0.0,0.0,2.34192037470726
P13-1003,0.0,0.0,63.0841121495327,0.0,7.009345794392523,18.69158878504673,0.0,4.672897196261682,14.018691588785046,7.009345794392523,0.0,0.0,7.009345794392523,60.74766355140187,2.336448598130841,247.66355140186917,14.018691588785046,7.009345794392523,18.69158878504673,0.0,7.009345794392523,0.0,2.336448598130841,14.018691588785046,0.0,0.0,0.0,2.336448598130841,2.336448598130841,0.0,0.0,0.0,0.0,0.0,0.0,0.0,0.0,9.345794392523365,112.14953271028037,79.43925233644859,14.018691588785046,39.719626168224295,0.491183879093199,5.168765743073048,4.672897196261682,9.345794392523365,0.0,2.336448598130841,2.336448598130841,0.0,4.672897196261682,2.336448598130841,2.336448598130841,0.0,2.336448598130841,9.345794392523365,2.336448598130841,2.336448598130841,0.0,2.336448598130841,0.0,0.0,4.672897196261682,4.672897196261682,7.009345794392523,0.0,0.0
N16-1073,4.914004914004914,2.457002457002457,46.68304668304668,2.457002457002457,0.0,2.457002457002457,0.0,9.828009828009828,2.457002457002457,4.914004914004914,0.0,0.0,12.285012285012284,9.828009828009828,0.0,361.1793611793612,7.371007371007371,4.914004914004914,22.11302211302211,0.0,0.0,0.0,0.0,22.11302211302211,0.0,0.0,0.0,2.457002457002457,9.828009828009828,0.0,0.0,0.0,2.457002457002457,0.0,0.0,0.0,0.0,19.656019656019655,83.53808353808354,61.42506142506143,7.371007371007371,61.42506142506143,0.5341772151898734,5.111392405063291,14.742014742014742,2.457002457002457,0.0,2.457002457002457,7.371007371007371,0.0,2.457002457002457,9.828009828009828,2.457002457002457,0.0,2.457002457002457,2.457002457002457,2.457002457002457,0.0,0.0,0.0,0.0,2.457002457002457,7.371007371007371,17.1990171990172,0.0,0.0,7.371007371007371
P16-1209,9.732360097323602,0.0,31.630170316301705,4.866180048661801,2.4330900243309004,12.165450121654501,0.0,7.299270072992701,7.299270072992701,0.0,0.0,0.0,2.4330900243309004,41.3625304136253,7.299270072992701,333.3333333333333,4.866180048661801,0.0,14.598540145985401,0.0,2.4330900243309004,0.0,0.0,12.165450121654501,0.0,0.0,4.866180048661801,14.598540145985401,0.0,0.0,2.4330900243309004,0.0,0.0,0.0,0.0,0.0,0.0,4.866180048661801,126.52068126520682,72.992700729927,0.0,43.79562043795621,0.5930521091811415,5.570719602977667,2.4330900243309004,2.4330900243309004,0.0,0.0,2.4330900243309004,0.0,9.732360097323602,12.165450121654501,0.0,2.4330900243309004,4.866180048661801,4.866180048661801,4.866180048661801,2.4330900243309004,0.0,0.0,0.0,0.0,0.0,17.0316301703163,4.866180048661801,0.0,2.4330900243309004
P12-1096,4.651162790697675,4.651162790697675,53.48837209302326,2.3255813953488373,0.0,6.976744186046512,0.0,2.3255813953488373,0.0,2.3255813953488373,0.0,4.651162790697675,6.976744186046512,30.232558139534884,16.27906976744186,374.41860465116275,20.930232558139533,2.3255813953488373,6.976744186046512,2.3255813953488373,0.0,0.0,0.0,23.25581395348837,2.3255813953488373,0.0,4.651162790697675,4.651162790697675,4.651162790697675,0.0,0.0,0.0,0.0,2.3255813953488373,0.0,0.0,0.0,9.30232558139535,111.62790697674419,60.46511627906977,0.0,27.906976744186046,0.5190476190476191,5.207142857142857,0.0,0.0,0.0,0.0,6.976744186046512,0.0,16.27906976744186,0.0,0.0,0.0,0.0,2.3255813953488373,6.976744186046512,0.0,0.0,0.0,0.0,2.3255813953488373,9.30232558139535,9.30232558139535,0.0,0.0,0.0
P13-1149,0.0,2.4630541871921183,66.50246305418719,4.926108374384237,4.926108374384237,12.315270935960593,0.0,7.389162561576354,0.0,0.0,0.0,0.0,14.778325123152708,29.556650246305416,7.389162561576354,258.62068965517244,7.389162561576354,2.4630541871921183,19.704433497536947,2.4630541871921183,2.4630541871921183,0.0,0.0,12.315270935960593,0.0,0.0,0.0,2.4630541871921183,9.852216748768473,0.0,0.0,0.0,2.4630541871921183,0.0,0.0,0.0,0.0,9.852216748768473,123.15270935960591,88.66995073891626,2.4630541871921183,73.89162561576356,0.5641025641025641,5.356410256410256,14.778325123152708,4.926108374384237,0.0,7.389162561576354,12.315270935960593,0.0,4.926108374384237,12.315270935960593,0.0,2.4630541871921183,2.4630541871921183,7.389162561576354,0.0,0.0,0.0,0.0,0.0,0.0,2.4630541871921183,14.778325123152708,7.389162561576354,2.4630541871921183,12.315270935960593
P16-1120,2.3809523809523814,11.904761904761903,80.95238095238096,4.761904761904763,2.3809523809523814,4.761904761904763,0.0,9.523809523809526,0.0,0.0,0.0,0.0,19.04761904761905,76.1904761904762,2.3809523809523814,302.38095238095235,26.19047619047619,0.0,14.285714285714285,0.0,9.523809523809526,0.0,0.0,4.761904761904763,0.0,0.0,0.0,0.0,4.761904761904763,0.0,0.0,0.0,2.3809523809523814,2.3809523809523814,0.0,0.0,4.761904761904763,2.3809523809523814,88.0952380952381,102.38095238095238,2.3809523809523814,40.47619047619048,0.4688279301745636,5.693266832917706,19.04761904761905,2.3809523809523814,0.0,0.0,4.761904761904763,0.0,11.904761904761903,7.142857142857142,2.3809523809523814,0.0,0.0,23.809523809523807,4.761904761904763,0.0,0.0,0.0,0.0,0.0,4.761904761904763,2.3809523809523814,0.0,0.0,4.761904761904763
D15-1045,9.900990099009901,4.9504950495049505,64.35643564356435,0.0,4.9504950495049505,0.0,0.0,14.85148514851485,4.9504950495049505,2.4752475247524752,0.0,0.0,19.801980198019802,81.68316831683168,4.9504950495049505,202.97029702970298,22.277227722772277,4.9504950495049505,29.7029702970297,2.4752475247524752,0.0,0.0,0.0,9.900990099009901,0.0,0.0,2.4752475247524752,2.4752475247524752,4.9504950495049505,0.0,4.9504950495049505,0.0,9.900990099009901,0.0,0.0,0.0,0.0,9.900990099009901,126.23762376237624,74.25742574257426,7.425742574257425,54.45544554455446,0.4582278481012658,5.531645569620253,12.376237623762377,0.0,0.0,0.0,2.4752475247524752,0.0,9.900990099009901,9.900990099009901,0.0,0.0,7.425742574257425,7.425742574257425,0.0,0.0,0.0,0.0,0.0,0.0,7.425742574257425,17.32673267326733,0.0,0.0,9.900990099009901
D17-1270,0.0,12.106537530266344,50.84745762711865,2.4213075060532687,2.4213075060532687,2.4213075060532687,0.0,4.842615012106537,4.842615012106537,0.0,0.0,0.0,12.106537530266344,46.00484261501211,7.263922518159807,440.6779661016949,12.106537530266344,0.0,9.685230024213075,0.0,4.842615012106537,0.0,0.0,7.263922518159807,7.263922518159807,0.0,0.0,2.4213075060532687,2.4213075060532687,0.0,7.263922518159807,0.0,0.0,0.0,0.0,0.0,0.0,0.0,108.95883777239709,79.90314769975787,2.4213075060532687,41.16222760290557,0.5952380952380952,5.518518518518518,4.842615012106537,0.0,0.0,2.4213075060532687,0.0,0.0,9.685230024213075,0.0,0.0,0.0,4.842615012106537,4.842615012106537,2.4213075060532687,0.0,0.0,0.0,0.0,0.0,2.4213075060532687,2.4213075060532687,0.0,0.0,0.0
C12-1136,7.317073170731708,14.634146341463415,46.34146341463415,0.0,4.878048780487805,2.4390243902439024,0.0,0.0,7.317073170731708,0.0,0.0,0.0,2.4390243902439024,70.73170731707316,4.878048780487805,326.8292682926829,19.51219512195122,0.0,14.634146341463415,2.4390243902439024,0.0,0.0,0.0,24.390243902439025,0.0,0.0,0.0,2.4390243902439024,0.0,0.0,2.4390243902439024,0.0,0.0,0.0,2.4390243902439024,2.4390243902439024,0.0,2.4390243902439024,124.39024390243902,92.6829268292683,7.317073170731708,39.02439024390244,0.5541561712846348,6.012594458438287,14.634146341463415,0.0,0.0,0.0,7.317073170731708,0.0,7.317073170731708,4.878048780487805,0.0,2.4390243902439024,0.0,4.878048780487805,9.75609756097561,0.0,0.0,0.0,0.0,0.0,2.4390243902439024,9.75609756097561,2.4390243902439024,0.0,0.0
N13-1001,7.142857142857142,0.0,69.04761904761905,4.761904761904763,0.0,0.0,0.0,2.3809523809523814,9.523809523809526,0.0,0.0,0.0,11.904761904761903,52.38095238095238,9.523809523809526,330.95238095238096,16.666666666666668,2.3809523809523814,21.428571428571427,0.0,0.0,0.0,0.0,9.523809523809526,0.0,0.0,7.142857142857142,9.523809523809526,9.523809523809526,0.0,2.3809523809523814,0.0,0.0,0.0,0.0,0.0,2.3809523809523814,4.761904761904763,100.0,90.47619047619047,0.0,26.19047619047619,0.5392156862745098,5.254901960784314,7.142857142857142,2.3809523809523814,0.0,0.0,2.3809523809523814,0.0,7.142857142857142,0.0,0.0,2.3809523809523814,0.0,9.523809523809526,7.142857142857142,0.0,0.0,0.0,0.0,0.0,0.0,14.285714285714285,2.3809523809523814,2.3809523809523814,2.3809523809523814
D16-1023,4.878048780487805,7.317073170731708,43.90243902439024,2.4390243902439024,0.0,2.4390243902439024,0.0,4.878048780487805,4.878048780487805,2.4390243902439024,0.0,2.4390243902439024,14.634146341463415,63.41463414634146,7.317073170731708,341.4634146341464,17.073170731707318,0.0,24.390243902439025,0.0,0.0,0.0,0.0,14.634146341463415,0.0,0.0,9.75609756097561,0.0,4.878048780487805,0.0,2.4390243902439024,0.0,0.0,2.4390243902439024,2.4390243902439024,0.0,2.4390243902439024,2.4390243902439024,102.4390243902439,92.6829268292683,7.317073170731708,48.78048780487805,0.5165394402035624,5.091603053435114,7.317073170731708,0.0,0.0,4.878048780487805,2.4390243902439024,0.0,17.073170731707318,9.75609756097561,0.0,4.878048780487805,0.0,0.0,2.4390243902439024,0.0,0.0,0.0,0.0,0.0,7.317073170731708,7.317073170731708,2.4390243902439024,0.0,2.4390243902439024
D16-1005,2.450980392156863,12.254901960784313,68.62745098039217,0.0,0.0,7.352941176470588,0.0,7.352941176470588,2.450980392156863,2.450980392156863,0.0,0.0,12.254901960784313,24.509803921568626,0.0,357.843137254902,9.803921568627452,0.0,4.901960784313726,0.0,2.450980392156863,0.0,0.0,7.352941176470588,2.450980392156863,0.0,0.0,4.901960784313726,4.901960784313726,0.0,0.0,0.0,2.450980392156863,2.450980392156863,2.450980392156863,0.0,0.0,9.803921568627452,95.58823529411764,107.84313725490196,2.450980392156863,39.21568627450981,0.553030303030303,5.525252525252525,24.509803921568626,0.0,0.0,0.0,2.450980392156863,0.0,7.352941176470588,4.901960784313726,0.0,0.0,4.901960784313726,7.352941176470588,2.450980392156863,0.0,0.0,0.0,0.0,0.0,12.254901960784313,19.607843137254903,9.803921568627452,0.0,0.0
P11-1009,0.0,0.0,35.21126760563381,0.0,2.347417840375587,21.12676056338028,2.347417840375587,2.347417840375587,0.0,2.347417840375587,2.347417840375587,0.0,9.389671361502348,46.948356807511736,2.347417840375587,373.23943661971833,4.694835680751174,0.0,11.737089201877934,0.0,0.0,0.0,0.0,7.042253521126761,2.347417840375587,0.0,4.694835680751174,0.0,4.694835680751174,0.0,2.347417840375587,0.0,0.0,0.0,0.0,0.0,0.0,2.347417840375587,122.06572769953051,44.60093896713615,4.694835680751174,37.55868544600939,0.5341463414634147,4.868292682926829,14.084507042253522,2.347417840375587,0.0,2.347417840375587,0.0,0.0,7.042253521126761,16.431924882629108,0.0,2.347417840375587,0.0,9.389671361502348,2.347417840375587,0.0,0.0,0.0,2.347417840375587,0.0,9.389671361502348,4.694835680751174,4.694835680751174,0.0,2.347417840375587
D09-1143,4.926108374384237,9.852216748768473,56.65024630541872,2.4630541871921183,0.0,0.0,0.0,4.926108374384237,0.0,4.926108374384237,0.0,2.4630541871921183,14.778325123152708,41.87192118226601,2.4630541871921183,379.31034482758616,9.852216748768473,7.389162561576354,22.167487684729064,2.4630541871921183,0.0,0.0,0.0,0.0,2.4630541871921183,0.0,2.4630541871921183,4.926108374384237,0.0,0.0,0.0,0.0,0.0,4.926108374384237,0.0,0.0,0.0,2.4630541871921183,118.22660098522167,76.35467980295567,0.0,34.48275862068965,0.5703125,5.341145833333333,0.0,2.4630541871921183,2.4630541871921183,0.0,4.926108374384237,0.0,2.4630541871921183,2.4630541871921183,2.4630541871921183,2.4630541871921183,2.4630541871921183,12.315270935960593,2.4630541871921183,0.0,0.0,0.0,0.0,0.0,4.926108374384237,0.0,4.926108374384237,0.0,4.926108374384237
P13-1173,0.0,2.4096385542168677,69.87951807228916,0.0,0.0,7.228915662650603,0.0,12.048192771084338,7.228915662650603,0.0,0.0,0.0,9.63855421686747,33.734939759036145,7.228915662650603,363.855421686747,9.63855421686747,4.819277108433735,14.457831325301205,4.819277108433735,2.4096385542168677,0.0,0.0,7.228915662650603,0.0,0.0,2.4096385542168677,2.4096385542168677,2.4096385542168677,0.0,0.0,0.0,2.4096385542168677,4.819277108433735,0.0,2.4096385542168677,0.0,4.819277108433735,89.1566265060241,69.87951807228916,2.4096385542168677,43.373493975903614,0.4723618090452261,5.168341708542713,9.63855421686747,4.819277108433735,0.0,2.4096385542168677,7.228915662650603,0.0,16.867469879518072,14.457831325301205,0.0,0.0,0.0,12.048192771084338,2.4096385542168677,0.0,2.4096385542168677,0.0,0.0,0.0,4.819277108433735,19.27710843373494,9.63855421686747,2.4096385542168677,7.228915662650603
P13-1126,12.048192771084338,7.228915662650603,43.373493975903614,4.819277108433735,2.4096385542168677,0.0,0.0,2.4096385542168677,2.4096385542168677,2.4096385542168677,0.0,0.0,12.048192771084338,38.55421686746988,2.4096385542168677,409.6385542168675,16.867469879518072,0.0,14.457831325301205,2.4096385542168677,2.4096385542168677,0.0,0.0,14.457831325301205,0.0,0.0,2.4096385542168677,0.0,7.228915662650603,0.0,0.0,0.0,2.4096385542168677,2.4096385542168677,0.0,0.0,2.4096385542168677,2.4096385542168677,101.20481927710844,72.28915662650603,2.4096385542168677,36.144578313253014,0.5203045685279187,5.088832487309645,12.048192771084338,0.0,0.0,0.0,0.0,0.0,7.228915662650603,4.819277108433735,0.0,4.819277108433735,2.4096385542168677,12.048192771084338,4.819277108433735,2.4096385542168677,0.0,0.0,0.0,0.0,12.048192771084338,4.819277108433735,2.4096385542168677,0.0,0.0
P10-1026,7.228915662650603,14.457831325301205,77.10843373493977,2.4096385542168677,0.0,12.048192771084338,0.0,0.0,7.228915662650603,0.0,0.0,2.4096385542168677,26.50602409638554,40.96385542168675,4.819277108433735,325.3012048192771,16.867469879518072,0.0,38.55421686746988,2.4096385542168677,4.819277108433735,0.0,0.0,14.457831325301205,0.0,0.0,2.4096385542168677,2.4096385542168677,9.63855421686747,0.0,0.0,0.0,2.4096385542168677,9.63855421686747,2.4096385542168677,0.0,2.4096385542168677,7.228915662650603,91.56626506024097,67.46987951807229,7.228915662650603,43.373493975903614,0.4948186528497409,4.689119170984456,12.048192771084338,2.4096385542168677,0.0,0.0,9.63855421686747,0.0,7.228915662650603,0.0,2.4096385542168677,4.819277108433735,2.4096385542168677,14.457831325301205,2.4096385542168677,2.4096385542168677,0.0,0.0,0.0,0.0,0.0,7.228915662650603,2.4096385542168677,2.4096385542168677,0.0
P13-1083,0.0,2.347417840375587,46.948356807511736,0.0,0.0,9.389671361502348,0.0,9.389671361502348,2.347417840375587,2.347417840375587,0.0,0.0,4.694835680751174,23.474178403755868,7.042253521126761,394.36619718309856,7.042253521126761,0.0,7.042253521126761,0.0,0.0,0.0,0.0,2.347417840375587,0.0,0.0,4.694835680751174,0.0,0.0,0.0,0.0,0.0,0.0,4.694835680751174,2.347417840375587,0.0,2.347417840375587,4.694835680751174,124.41314553990611,77.46478873239435,2.347417840375587,16.431924882629108,0.4306930693069307,4.997524752475248,14.084507042253522,2.347417840375587,0.0,0.0,0.0,0.0,7.042253521126761,11.737089201877934,0.0,2.347417840375587,0.0,9.389671361502348,9.389671361502348,0.0,0.0,2.347417840375587,0.0,0.0,0.0,0.0,2.347417840375587,0.0,2.347417840375587
D17-1148,6.993006993006993,2.331002331002331,53.613053613053616,0.0,0.0,2.331002331002331,0.0,0.0,9.324009324009324,0.0,0.0,0.0,16.317016317016318,34.96503496503497,6.993006993006993,328.67132867132864,23.31002331002331,2.331002331002331,13.986013986013987,0.0,2.331002331002331,0.0,4.662004662004662,16.317016317016318,2.331002331002331,0.0,6.993006993006993,2.331002331002331,2.331002331002331,0.0,0.0,2.331002331002331,2.331002331002331,2.331002331002331,0.0,0.0,0.0,4.662004662004662,97.9020979020979,65.26806526806527,9.324009324009324,62.93706293706294,0.4823529411764706,4.9411764705882355,9.324009324009324,2.331002331002331,0.0,0.0,2.331002331002331,0.0,4.662004662004662,9.324009324009324,0.0,0.0,2.331002331002331,2.331002331002331,2.331002331002331,0.0,0.0,0.0,0.0,2.331002331002331,6.993006993006993,9.324009324009324,2.331002331002331,2.331002331002331,6.993006993006993
D17-1031,2.487562189054726,2.487562189054726,49.75124378109453,0.0,2.487562189054726,14.925373134328359,0.0,0.0,0.0,0.0,0.0,0.0,17.412935323383085,29.850746268656717,9.950248756218905,315.92039800995025,9.950248756218905,4.975124378109452,7.462686567164179,0.0,4.975124378109452,0.0,0.0,17.412935323383085,0.0,0.0,2.487562189054726,2.487562189054726,2.487562189054726,0.0,2.487562189054726,0.0,0.0,7.462686567164179,0.0,0.0,0.0,4.975124378109452,124.37810945273633,67.16417910447761,2.487562189054726,49.75124378109453,0.51010101010101,5.252525252525253,7.462686567164179,2.487562189054726,0.0,4.975124378109452,7.462686567164179,0.0,22.388059701492537,7.462686567164179,0.0,2.487562189054726,9.950248756218905,12.437810945273633,4.975124378109452,2.487562189054726,0.0,0.0,0.0,2.487562189054726,4.975124378109452,9.950248756218905,0.0,0.0,4.975124378109452
D10-1056,2.304147465437788,4.608294930875576,50.69124423963134,2.304147465437788,0.0,20.737327188940093,0.0,9.216589861751151,2.304147465437788,0.0,0.0,0.0,18.433179723502302,27.64976958525346,4.608294930875576,278.8018433179724,9.216589861751151,0.0,16.129032258064516,2.304147465437788,2.304147465437788,0.0,0.0,25.34562211981567,4.608294930875576,0.0,2.304147465437788,2.304147465437788,0.0,0.0,2.304147465437788,0.0,4.608294930875576,4.608294930875576,0.0,0.0,0.0,0.0,117.51152073732719,76.036866359447,4.608294930875576,52.995391705069125,0.5495283018867925,5.028301886792453,11.520737327188941,2.304147465437788,0.0,0.0,13.82488479262673,0.0,6.912442396313365,4.608294930875576,0.0,0.0,4.608294930875576,13.82488479262673,2.304147465437788,0.0,0.0,0.0,0.0,0.0,0.0,4.608294930875576,2.304147465437788,9.216589861751151,2.304147465437788
P11-1065,14.05152224824356,2.34192037470726,39.81264637002342,2.34192037470726,4.68384074941452,11.7096018735363,0.0,0.0,9.36768149882904,0.0,0.0,0.0,7.02576112412178,58.5480093676815,4.68384074941452,358.3138173302108,11.7096018735363,2.34192037470726,2.34192037470726,0.0,2.34192037470726,0.0,0.0,11.7096018735363,9.36768149882904,0.0,2.34192037470726,7.02576112412178,0.0,0.0,2.34192037470726,0.0,0.0,2.34192037470726,0.0,0.0,0.0,4.68384074941452,114.75409836065575,91.33489461358315,0.0,49.18032786885246,0.573170731707317,5.921951219512195,2.34192037470726,2.34192037470726,0.0,0.0,2.34192037470726,0.0,9.36768149882904,0.0,0.0,0.0,0.0,9.36768149882904,2.34192037470726,0.0,0.0,0.0,0.0,2.34192037470726,9.36768149882904,7.02576112412178,0.0,0.0,2.34192037470726
P15-1145,4.819277108433735,4.819277108433735,67.46987951807229,0.0,2.4096385542168677,19.27710843373494,0.0,2.4096385542168677,4.819277108433735,0.0,0.0,0.0,9.63855421686747,31.32530120481928,12.048192771084338,330.12048192771084,12.048192771084338,0.0,19.27710843373494,2.4096385542168677,7.228915662650603,0.0,0.0,21.686746987951807,0.0,4.819277108433735,0.0,0.0,0.0,0.0,0.0,0.0,2.4096385542168677,4.819277108433735,0.0,2.4096385542168677,2.4096385542168677,4.819277108433735,77.10843373493977,86.74698795180723,4.819277108433735,36.144578313253014,0.5477386934673367,5.407035175879397,2.4096385542168677,2.4096385542168677,0.0,4.819277108433735,2.4096385542168677,0.0,12.048192771084338,9.63855421686747,0.0,0.0,0.0,9.63855421686747,7.228915662650603,0.0,0.0,0.0,0.0,2.4096385542168677,4.819277108433735,4.819277108433735,2.4096385542168677,0.0,0.0
N09-1060,2.444987775061125,17.114914425427873,53.78973105134474,0.0,0.0,7.334963325183374,0.0,0.0,7.334963325183374,0.0,0.0,0.0,22.004889975550125,73.34963325183375,2.444987775061125,268.9486552567237,26.89486552567237,4.88997555012225,9.7799511002445,0.0,2.444987775061125,0.0,2.444987775061125,19.559902200489,0.0,0.0,4.88997555012225,0.0,2.444987775061125,0.0,0.0,0.0,0.0,4.88997555012225,0.0,0.0,0.0,9.7799511002445,127.13936430317848,73.34963325183375,0.0,34.229828850855746,0.5213032581453634,5.280701754385965,14.669926650366747,0.0,0.0,2.444987775061125,9.7799511002445,0.0,12.224938875305625,4.88997555012225,2.444987775061125,0.0,4.88997555012225,19.559902200489,0.0,0.0,0.0,0.0,2.444987775061125,0.0,7.334963325183374,22.004889975550125,0.0,0.0,4.88997555012225
N16-1164,14.05152224824356,2.34192037470726,46.8384074941452,0.0,0.0,21.07728337236534,0.0,18.73536299765808,0.0,2.34192037470726,2.34192037470726,0.0,30.44496487119438,65.57377049180329,16.393442622950822,274.00468384074946,4.68384074941452,0.0,9.36768149882904,2.34192037470726,2.34192037470726,0.0,0.0,16.393442622950822,2.34192037470726,2.34192037470726,0.0,2.34192037470726,7.02576112412178,0.0,2.34192037470726,0.0,0.0,7.02576112412178,0.0,0.0,0.0,0.0,126.46370023419203,67.91569086651054,2.34192037470726,53.86416861826697,0.508557457212714,5.3447432762836184,16.393442622950822,7.02576112412178,0.0,0.0,7.02576112412178,0.0,9.36768149882904,4.68384074941452,2.34192037470726,0.0,0.0,14.05152224824356,0.0,0.0,0.0,0.0,0.0,0.0,0.0,2.34192037470726,2.34192037470726,2.34192037470726,4.68384074941452
D13-1098,0.0,2.457002457002457,71.25307125307125,2.457002457002457,0.0,19.656019656019655,0.0,0.0,4.914004914004914,0.0,2.457002457002457,0.0,19.656019656019655,61.42506142506143,0.0,226.04422604422606,14.742014742014742,9.828009828009828,29.484029484029485,0.0,2.457002457002457,0.0,0.0,12.285012285012284,0.0,0.0,2.457002457002457,2.457002457002457,2.457002457002457,0.0,0.0,0.0,0.0,2.457002457002457,0.0,0.0,0.0,9.828009828009828,110.56511056511056,68.7960687960688,2.457002457002457,36.85503685503686,0.4595959595959596,4.992424242424242,4.914004914004914,2.457002457002457,0.0,0.0,7.371007371007371,0.0,17.1990171990172,7.371007371007371,2.457002457002457,4.914004914004914,4.914004914004914,14.742014742014742,2.457002457002457,0.0,0.0,0.0,0.0,0.0,0.0,9.828009828009828,4.914004914004914,0.0,2.457002457002457
C18-1039,2.493765586034913,4.987531172069826,47.38154613466334,2.493765586034913,0.0,14.962593516209475,0.0,0.0,7.481296758104738,0.0,0.0,0.0,12.468827930174564,67.33167082294264,9.975062344139651,364.08977556109727,2.493765586034913,2.493765586034913,9.975062344139651,0.0,2.493765586034913,0.0,0.0,9.975062344139651,2.493765586034913,2.493765586034913,2.493765586034913,0.0,2.493765586034913,0.0,0.0,0.0,0.0,7.481296758104738,2.493765586034913,0.0,0.0,2.493765586034913,94.76309226932668,92.26932668329177,0.0,34.912718204488776,0.5408970976253298,5.5488126649076515,4.987531172069826,2.493765586034913,0.0,0.0,0.0,0.0,9.975062344139651,2.493765586034913,0.0,0.0,0.0,4.987531172069826,4.987531172069826,0.0,0.0,0.0,0.0,2.493765586034913,4.987531172069826,14.962593516209475,0.0,0.0,2.493765586034913
D17-1037,2.493765586034913,0.0,77.3067331670823,4.987531172069826,4.987531172069826,7.481296758104738,0.0,7.481296758104738,9.975062344139651,2.493765586034913,0.0,0.0,12.468827930174564,27.43142144638404,19.950124688279303,286.78304239401496,17.456359102244388,0.0,19.950124688279303,0.0,7.481296758104738,0.0,0.0,22.443890274314214,0.0,0.0,4.987531172069826,0.0,2.493765586034913,0.0,0.0,0.0,0.0,0.0,0.0,0.0,0.0,2.493765586034913,94.76309226932668,77.3067331670823,0.0,67.33167082294264,0.5076142131979695,5.347715736040609,17.456359102244388,0.0,0.0,0.0,0.0,0.0,7.481296758104738,2.493765586034913,0.0,0.0,4.987531172069826,19.950124688279303,4.987531172069826,0.0,0.0,0.0,0.0,0.0,4.987531172069826,9.975062344139651,2.493765586034913,0.0,2.493765586034913
D17-1238,0.0,0.0,47.61904761904761,2.3809523809523814,0.0,14.285714285714285,0.0,4.761904761904763,4.761904761904763,2.3809523809523814,0.0,0.0,11.904761904761903,21.428571428571427,4.761904761904763,373.8095238095238,14.285714285714285,0.0,19.04761904761905,0.0,2.3809523809523814,0.0,0.0,19.04761904761905,0.0,0.0,4.761904761904763,0.0,0.0,0.0,0.0,0.0,0.0,9.523809523809526,2.3809523809523814,0.0,2.3809523809523814,4.761904761904763,119.04761904761904,92.85714285714286,4.761904761904763,35.714285714285715,0.5631313131313131,5.101010101010101,9.523809523809526,2.3809523809523814,0.0,0.0,4.761904761904763,0.0,9.523809523809526,7.142857142857142,0.0,0.0,4.761904761904763,14.285714285714285,7.142857142857142,0.0,0.0,0.0,0.0,2.3809523809523814,4.761904761904763,14.285714285714285,0.0,0.0,4.761904761904763
P16-1198,2.506265664160401,5.012531328320802,47.61904761904761,0.0,0.0,12.531328320802004,0.0,0.0,2.506265664160401,0.0,0.0,0.0,12.531328320802004,35.08771929824561,15.037593984962406,395.98997493734333,5.012531328320802,2.506265664160401,12.531328320802004,0.0,2.506265664160401,0.0,0.0,7.518796992481203,2.506265664160401,0.0,0.0,0.0,10.025062656641603,0.0,0.0,0.0,0.0,2.506265664160401,0.0,0.0,0.0,5.012531328320802,105.26315789473684,70.17543859649122,2.506265664160401,20.050125313283207,0.475,5.080555555555556,7.518796992481203,2.506265664160401,0.0,2.506265664160401,0.0,0.0,5.012531328320802,7.518796992481203,0.0,0.0,0.0,7.518796992481203,15.037593984962406,0.0,0.0,0.0,2.506265664160401,0.0,0.0,5.012531328320802,2.506265664160401,0.0,0.0
D18-1137,0.0,7.194244604316547,38.36930455635491,0.0,0.0,7.194244604316547,0.0,4.796163069544364,4.796163069544364,0.0,0.0,0.0,2.398081534772182,76.73860911270982,0.0,362.1103117505995,4.796163069544364,0.0,7.194244604316547,0.0,4.796163069544364,0.0,0.0,21.58273381294964,0.0,0.0,2.398081534772182,2.398081534772182,0.0,0.0,0.0,0.0,0.0,2.398081534772182,2.398081534772182,0.0,0.0,4.796163069544364,83.93285371702639,98.32134292565947,4.796163069544364,40.7673860911271,0.6186868686868687,5.4772727272727275,14.388489208633095,2.398081534772182,0.0,2.398081534772182,7.194244604316547,0.0,16.786570743405274,7.194244604316547,2.398081534772182,0.0,0.0,16.786570743405274,9.592326139088728,0.0,0.0,0.0,0.0,4.796163069544364,7.194244604316547,9.592326139088728,2.398081534772182,0.0,2.398081534772182
P17-1113,2.493765586034913,2.493765586034913,57.356608478803,0.0,4.987531172069826,4.987531172069826,0.0,9.975062344139651,9.975062344139651,0.0,0.0,0.0,9.975062344139651,107.23192019950125,2.493765586034913,261.8453865336659,9.975062344139651,0.0,17.456359102244388,0.0,0.0,0.0,0.0,12.468827930174564,0.0,0.0,0.0,0.0,2.493765586034913,0.0,2.493765586034913,0.0,0.0,4.987531172069826,0.0,2.493765586034913,0.0,2.493765586034913,97.25685785536159,64.83790523690773,0.0,49.87531172069826,0.5038759689922481,5.320413436692506,14.962593516209475,2.493765586034913,0.0,0.0,4.987531172069826,0.0,22.443890274314214,17.456359102244388,0.0,0.0,0.0,12.468827930174564,0.0,2.493765586034913,0.0,0.0,2.493765586034913,0.0,4.987531172069826,17.456359102244388,7.481296758104738,2.493765586034913,2.493765586034913
N16-1083,4.716981132075471,2.3584905660377355,28.30188679245283,4.716981132075471,0.0,0.0,0.0,7.0754716981132075,0.0,2.3584905660377355,0.0,0.0,4.716981132075471,47.16981132075472,4.716981132075471,426.88679245283015,4.716981132075471,0.0,14.150943396226415,0.0,0.0,0.0,0.0,11.79245283018868,0.0,0.0,2.3584905660377355,0.0,4.716981132075471,0.0,0.0,0.0,0.0,0.0,0.0,2.3584905660377355,0.0,4.716981132075471,89.62264150943396,96.69811320754718,9.433962264150942,25.943396226415096,0.5112781954887218,5.614035087719298,11.79245283018868,2.3584905660377355,2.3584905660377355,0.0,0.0,0.0,9.433962264150942,7.0754716981132075,0.0,0.0,0.0,4.716981132075471,2.3584905660377355,0.0,0.0,0.0,0.0,0.0,2.3584905660377355,11.79245283018868,0.0,0.0,2.3584905660377355
N18-1150,0.0,4.914004914004914,54.054054054054056,7.371007371007371,2.457002457002457,9.828009828009828,0.0,12.285012285012284,0.0,0.0,0.0,0.0,2.457002457002457,36.85503685503686,7.371007371007371,373.46437346437347,7.371007371007371,0.0,14.742014742014742,0.0,0.0,0.0,0.0,22.11302211302211,4.914004914004914,0.0,2.457002457002457,0.0,0.0,0.0,0.0,0.0,0.0,0.0,0.0,0.0,0.0,7.371007371007371,125.30712530712532,98.28009828009827,4.914004914004914,22.11302211302211,0.5310880829015544,5.212435233160622,9.828009828009828,0.0,0.0,0.0,0.0,0.0,7.371007371007371,0.0,0.0,0.0,0.0,2.457002457002457,9.828009828009828,0.0,0.0,0.0,0.0,2.457002457002457,2.457002457002457,7.371007371007371,0.0,0.0,2.457002457002457
D13-1054,0.0,9.7799511002445,46.45476772616137,0.0,0.0,0.0,0.0,9.7799511002445,4.88997555012225,2.444987775061125,0.0,0.0,7.334963325183374,36.674816625916876,12.224938875305625,420.5378973105134,7.334963325183374,0.0,19.559902200489,2.444987775061125,0.0,0.0,0.0,9.7799511002445,2.444987775061125,0.0,4.88997555012225,0.0,0.0,0.0,0.0,0.0,2.444987775061125,0.0,0.0,0.0,0.0,7.334963325183374,110.0244498777506,66.01466992665037,7.334963325183374,44.00977995110025,0.5643044619422573,5.398950131233596,24.44987775061125,0.0,0.0,0.0,2.444987775061125,0.0,2.444987775061125,4.88997555012225,0.0,0.0,4.88997555012225,2.444987775061125,4.88997555012225,0.0,0.0,0.0,0.0,2.444987775061125,7.334963325183374,14.669926650366747,0.0,0.0,0.0
P16-1065,0.0,0.0,64.51612903225806,0.0,0.0,17.3697270471464,0.0,12.40694789081886,9.925558312655086,0.0,0.0,0.0,12.40694789081886,32.25806451612903,2.4813895781637716,377.1712158808933,9.925558312655086,0.0,12.40694789081886,0.0,2.4813895781637716,0.0,0.0,17.3697270471464,7.444168734491315,0.0,2.4813895781637716,0.0,2.4813895781637716,0.0,0.0,0.0,4.962779156327543,2.4813895781637716,0.0,0.0,2.4813895781637716,2.4813895781637716,109.18114143920596,74.44168734491315,2.4813895781637716,57.07196029776674,0.5333333333333333,5.217948717948718,12.40694789081886,4.962779156327543,0.0,2.4813895781637716,9.925558312655086,0.0,0.0,4.962779156327543,0.0,0.0,4.962779156327543,9.925558312655086,7.444168734491315,2.4813895781637716,0.0,0.0,0.0,0.0,2.4813895781637716,9.925558312655086,4.962779156327543,0.0,2.4813895781637716
P10-1113,14.527845036319613,4.842615012106537,29.055690072639226,0.0,0.0,0.0,0.0,2.4213075060532687,4.842615012106537,0.0,0.0,2.4213075060532687,21.791767554479417,31.476997578692497,14.527845036319613,377.72397094430994,4.842615012106537,0.0,0.0,2.4213075060532687,2.4213075060532687,0.0,0.0,2.4213075060532687,0.0,0.0,2.4213075060532687,0.0,0.0,0.0,0.0,0.0,2.4213075060532687,2.4213075060532687,0.0,0.0,0.0,0.0,147.69975786924937,67.79661016949153,0.0,33.898305084745765,0.4908616187989556,5.031331592689295,14.527845036319613,0.0,0.0,0.0,4.842615012106537,0.0,2.4213075060532687,2.4213075060532687,0.0,0.0,4.842615012106537,4.842615012106537,0.0,0.0,0.0,0.0,0.0,0.0,2.4213075060532687,7.263922518159807,0.0,0.0,0.0
N15-1077,0.0,4.9504950495049505,74.25742574257426,2.4752475247524752,0.0,0.0,0.0,2.4752475247524752,2.4752475247524752,0.0,0.0,0.0,19.801980198019802,59.4059405940594,9.900990099009901,301.98019801980195,4.9504950495049505,4.9504950495049505,24.752475247524753,2.4752475247524752,0.0,0.0,0.0,12.376237623762377,0.0,0.0,0.0,0.0,9.900990099009901,0.0,0.0,0.0,0.0,4.9504950495049505,0.0,0.0,0.0,7.425742574257425,91.58415841584159,96.53465346534654,14.85148514851485,24.752475247524753,0.5626666666666666,5.810666666666667,19.801980198019802,0.0,0.0,0.0,2.4752475247524752,0.0,4.9504950495049505,4.9504950495049505,0.0,2.4752475247524752,2.4752475247524752,17.32673267326733,2.4752475247524752,0.0,0.0,0.0,0.0,0.0,2.4752475247524752,2.4752475247524752,4.9504950495049505,0.0,0.0
P12-1056,4.784688995215311,14.354066985645934,59.80861244019139,4.784688995215311,0.0,11.961722488038278,0.0,2.3923444976076556,4.784688995215311,0.0,0.0,0.0,14.354066985645934,19.138755980861244,0.0,308.6124401913876,14.354066985645934,0.0,21.5311004784689,0.0,7.177033492822967,0.0,0.0,26.31578947368421,0.0,0.0,9.569377990430622,4.784688995215311,9.569377990430622,0.0,0.0,0.0,0.0,0.0,0.0,0.0,0.0,2.3923444976076556,124.40191387559808,90.9090909090909,7.177033492822967,52.63157894736842,0.5061425061425061,4.9705159705159705,14.354066985645934,0.0,0.0,0.0,4.784688995215311,0.0,14.354066985645934,7.177033492822967,0.0,0.0,0.0,23.923444976076556,9.569377990430622,0.0,0.0,0.0,0.0,2.3923444976076556,9.569377990430622,0.0,0.0,0.0,4.784688995215311
D18-1243,0.0,0.0,62.34413965087282,2.493765586034913,0.0,4.987531172069826,0.0,0.0,4.987531172069826,0.0,0.0,0.0,17.456359102244388,54.86284289276808,0.0,344.1396508728179,4.987531172069826,2.493765586034913,22.443890274314214,4.987531172069826,4.987531172069826,0.0,0.0,22.443890274314214,0.0,0.0,2.493765586034913,0.0,7.481296758104738,0.0,2.493765586034913,0.0,2.493765586034913,2.493765586034913,0.0,2.493765586034913,2.493765586034913,7.481296758104738,109.72568578553616,54.86284289276808,2.493765586034913,27.43142144638404,0.5026041666666666,5.1875,2.493765586034913,0.0,0.0,0.0,2.493765586034913,0.0,4.987531172069826,7.481296758104738,0.0,4.987531172069826,7.481296758104738,17.456359102244388,4.987531172069826,0.0,0.0,0.0,0.0,0.0,0.0,0.0,2.493765586034913,2.493765586034913,4.987531172069826
P15-1099,0.0,2.398081534772182,50.35971223021583,2.398081534772182,0.0,4.796163069544364,0.0,11.990407673860911,7.194244604316547,0.0,0.0,2.398081534772182,7.194244604316547,33.57314148681055,7.194244604316547,477.21822541966424,4.796163069544364,2.398081534772182,9.592326139088728,2.398081534772182,0.0,0.0,0.0,4.796163069544364,0.0,0.0,2.398081534772182,2.398081534772182,2.398081534772182,0.0,0.0,2.398081534772182,0.0,0.0,2.398081534772182,0.0,0.0,0.0,95.92326139088729,33.57314148681055,0.0,26.378896882494004,0.5417789757412399,4.60377358490566,11.990407673860911,2.398081534772182,0.0,0.0,4.796163069544364,0.0,2.398081534772182,2.398081534772182,0.0,0.0,2.398081534772182,2.398081534772182,2.398081534772182,0.0,0.0,0.0,0.0,0.0,2.398081534772182,16.786570743405274,2.398081534772182,0.0,2.398081534772182
D18-1103,0.0,7.481296758104738,57.356608478803,0.0,0.0,24.93765586034913,0.0,2.493765586034913,4.987531172069826,0.0,0.0,0.0,24.93765586034913,32.418952618453865,7.481296758104738,336.65835411471323,7.481296758104738,0.0,22.443890274314214,0.0,2.493765586034913,0.0,0.0,17.456359102244388,2.493765586034913,0.0,2.493765586034913,0.0,7.481296758104738,0.0,0.0,0.0,0.0,4.987531172069826,0.0,0.0,0.0,4.987531172069826,107.23192019950125,64.83790523690773,2.493765586034913,74.81296758104739,0.5625,5.002604166666667,4.987531172069826,0.0,0.0,0.0,7.481296758104738,0.0,9.975062344139651,9.975062344139651,0.0,2.493765586034913,0.0,2.493765586034913,12.468827930174564,0.0,0.0,0.0,0.0,2.493765586034913,4.987531172069826,2.493765586034913,2.493765586034913,2.493765586034913,7.481296758104738
P10-1107,2.4390243902439024,14.634146341463415,60.97560975609756,0.0,0.0,21.95121951219512,0.0,0.0,2.4390243902439024,2.4390243902439024,0.0,0.0,7.317073170731708,46.34146341463415,7.317073170731708,263.4146341463415,14.634146341463415,2.4390243902439024,7.317073170731708,2.4390243902439024,7.317073170731708,0.0,0.0,12.195121951219512,4.878048780487805,0.0,2.4390243902439024,0.0,0.0,4.878048780487805,2.4390243902439024,0.0,0.0,0.0,0.0,0.0,0.0,4.878048780487805,126.82926829268293,100.0,0.0,24.390243902439025,0.5122549019607843,5.580882352941177,7.317073170731708,0.0,0.0,2.4390243902439024,0.0,0.0,17.073170731707318,4.878048780487805,0.0,2.4390243902439024,2.4390243902439024,17.073170731707318,9.75609756097561,0.0,0.0,0.0,0.0,0.0,2.4390243902439024,7.317073170731708,0.0,4.878048780487805,2.4390243902439024
C18-1142,0.0,0.0,69.4789081885856,0.0,0.0,17.3697270471464,0.0,0.0,7.444168734491315,0.0,0.0,0.0,9.925558312655086,29.77667493796526,2.4813895781637716,344.91315136476425,7.444168734491315,0.0,19.851116625310173,0.0,4.962779156327543,0.0,0.0,17.3697270471464,4.962779156327543,0.0,0.0,0.0,0.0,0.0,0.0,0.0,2.4813895781637716,2.4813895781637716,0.0,2.4813895781637716,0.0,2.4813895781637716,99.25558312655087,74.44168734491315,4.962779156327543,52.10918114143921,0.5193798449612403,5.493540051679586,14.88833746898263,0.0,0.0,0.0,2.4813895781637716,0.0,4.962779156327543,2.4813895781637716,0.0,0.0,0.0,14.88833746898263,7.444168734491315,0.0,0.0,0.0,0.0,0.0,2.4813895781637716,4.962779156327543,0.0,0.0,2.4813895781637716
D16-1253,0.0,0.0,61.576354679802954,0.0,0.0,4.926108374384237,0.0,4.926108374384237,0.0,2.4630541871921183,0.0,0.0,9.852216748768473,24.630541871921185,7.389162561576354,322.66009852216746,12.315270935960593,4.926108374384237,9.852216748768473,2.4630541871921183,9.852216748768473,0.0,0.0,7.389162561576354,0.0,0.0,4.926108374384237,2.4630541871921183,0.0,0.0,2.4630541871921183,0.0,0.0,2.4630541871921183,0.0,0.0,0.0,4.926108374384237,98.52216748768474,88.66995073891626,4.926108374384237,49.26108374384237,0.5488126649076517,5.514511873350924,9.852216748768473,0.0,0.0,0.0,4.926108374384237,0.0,2.4630541871921183,7.389162561576354,0.0,0.0,4.926108374384237,19.704433497536947,2.4630541871921183,0.0,0.0,0.0,0.0,0.0,2.4630541871921183,4.926108374384237,2.4630541871921183,2.4630541871921183,0.0
D16-1169,0.0,9.66183574879227,41.06280193236715,0.0,0.0,7.246376811594203,0.0,16.908212560386474,0.0,0.0,0.0,0.0,7.246376811594203,62.80193236714976,2.4154589371980677,369.5652173913043,12.077294685990339,0.0,7.246376811594203,0.0,0.0,0.0,0.0,12.077294685990339,4.830917874396135,0.0,0.0,0.0,4.830917874396135,0.0,0.0,0.0,2.4154589371980677,0.0,0.0,0.0,0.0,2.4154589371980677,103.86473429951691,84.54106280193237,0.0,38.64734299516908,0.5416666666666666,5.229166666666667,19.32367149758454,0.0,0.0,4.830917874396135,2.4154589371980677,0.0,2.4154589371980677,12.077294685990339,0.0,0.0,0.0,12.077294685990339,2.4154589371980677,0.0,0.0,0.0,0.0,0.0,4.830917874396135,9.66183574879227,4.830917874396135,2.4154589371980677,12.077294685990339
D16-1106,2.4096385542168677,7.228915662650603,57.83132530120482,2.4096385542168677,0.0,19.27710843373494,0.0,4.819277108433735,9.63855421686747,4.819277108433735,0.0,4.819277108433735,31.32530120481928,31.32530120481928,7.228915662650603,325.3012048192771,7.228915662650603,4.819277108433735,19.27710843373494,0.0,2.4096385542168677,0.0,2.4096385542168677,9.63855421686747,0.0,0.0,7.228915662650603,0.0,9.63855421686747,2.4096385542168677,0.0,0.0,2.4096385542168677,2.4096385542168677,0.0,2.4096385542168677,0.0,0.0,108.43373493975903,81.9277108433735,7.228915662650603,36.144578313253014,0.5753086419753086,5.106172839506173,2.4096385542168677,2.4096385542168677,0.0,0.0,0.0,0.0,9.63855421686747,9.63855421686747,0.0,7.228915662650603,2.4096385542168677,19.27710843373494,0.0,0.0,0.0,0.0,4.819277108433735,0.0,9.63855421686747,4.819277108433735,4.819277108433735,0.0,0.0
N16-1026,0.0,2.4691358024691357,66.66666666666667,0.0,2.4691358024691357,17.28395061728395,0.0,2.4691358024691357,2.4691358024691357,0.0,0.0,0.0,12.345679012345679,29.62962962962963,17.28395061728395,320.98765432098764,4.938271604938271,4.938271604938271,12.345679012345679,0.0,0.0,0.0,0.0,17.28395061728395,0.0,0.0,0.0,0.0,4.938271604938271,0.0,0.0,0.0,0.0,2.4691358024691357,0.0,0.0,0.0,0.0,106.17283950617285,98.76543209876543,2.4691358024691357,49.382716049382715,0.5831202046035806,5.465473145780051,7.407407407407407,4.938271604938271,0.0,9.876543209876543,0.0,0.0,7.407407407407407,4.938271604938271,0.0,0.0,0.0,7.407407407407407,12.345679012345679,0.0,0.0,0.0,0.0,0.0,7.407407407407407,2.4691358024691357,0.0,2.4691358024691357,0.0
P17-1093,4.975124378109452,12.437810945273633,44.776119402985074,2.487562189054726,0.0,0.0,2.487562189054726,0.0,2.487562189054726,0.0,0.0,0.0,4.975124378109452,67.16417910447761,9.950248756218905,313.43283582089555,9.950248756218905,4.975124378109452,9.950248756218905,0.0,0.0,0.0,0.0,22.388059701492537,0.0,0.0,0.0,0.0,0.0,0.0,2.487562189054726,0.0,0.0,0.0,2.487562189054726,0.0,0.0,4.975124378109452,87.06467661691543,92.03980099502488,4.975124378109452,74.62686567164178,0.58994708994709,5.579365079365079,24.875621890547265,0.0,0.0,7.462686567164179,2.487562189054726,0.0,2.487562189054726,2.487562189054726,0.0,2.487562189054726,2.487562189054726,17.412935323383085,2.487562189054726,0.0,0.0,0.0,0.0,2.487562189054726,4.975124378109452,9.950248756218905,2.487562189054726,0.0,4.975124378109452
P13-1125,0.0,4.938271604938271,51.85185185185185,0.0,2.4691358024691357,9.876543209876543,0.0,0.0,0.0,2.4691358024691357,0.0,0.0,17.28395061728395,29.62962962962963,2.4691358024691357,367.90123456790127,4.938271604938271,0.0,29.62962962962963,2.4691358024691357,2.4691358024691357,0.0,0.0,27.160493827160494,0.0,0.0,2.4691358024691357,2.4691358024691357,4.938271604938271,0.0,2.4691358024691357,0.0,2.4691358024691357,2.4691358024691357,0.0,0.0,0.0,2.4691358024691357,111.1111111111111,56.79012345679013,9.876543209876543,56.79012345679013,0.4770408163265306,5.130102040816326,0.0,4.938271604938271,0.0,4.938271604938271,2.4691358024691357,0.0,12.345679012345679,4.938271604938271,0.0,9.876543209876543,2.4691358024691357,19.753086419753085,7.407407407407407,0.0,0.0,0.0,0.0,2.4691358024691357,7.407407407407407,7.407407407407407,2.4691358024691357,0.0,4.938271604938271
C16-1204,0.0,2.4752475247524752,49.504950495049506,0.0,0.0,4.9504950495049505,0.0,2.4752475247524752,7.425742574257425,0.0,0.0,0.0,7.425742574257425,42.07920792079208,7.425742574257425,373.76237623762376,9.900990099009901,0.0,14.85148514851485,0.0,0.0,0.0,2.4752475247524752,7.425742574257425,0.0,0.0,4.9504950495049505,0.0,2.4752475247524752,0.0,0.0,0.0,0.0,0.0,0.0,0.0,0.0,2.4752475247524752,71.78217821782178,44.554455445544555,4.9504950495049505,42.07920792079208,0.5780346820809249,5.222543352601156,14.85148514851485,2.4752475247524752,0.0,0.0,7.425742574257425,0.0,2.4752475247524752,4.9504950495049505,4.9504950495049505,0.0,2.4752475247524752,4.9504950495049505,7.425742574257425,0.0,0.0,0.0,2.4752475247524752,0.0,4.9504950495049505,2.4752475247524752,0.0,0.0,2.4752475247524752
D11-1027,22.277227722772277,0.0,59.4059405940594,0.0,0.0,12.376237623762377,0.0,22.277227722772277,2.4752475247524752,2.4752475247524752,4.9504950495049505,0.0,12.376237623762377,56.93069306930693,9.900990099009901,272.2772277227723,7.425742574257425,2.4752475247524752,17.32673267326733,4.9504950495049505,7.425742574257425,0.0,0.0,9.900990099009901,0.0,0.0,7.425742574257425,2.4752475247524752,2.4752475247524752,0.0,0.0,0.0,0.0,0.0,4.9504950495049505,0.0,0.0,0.0,133.66336633663366,56.93069306930693,2.4752475247524752,59.4059405940594,0.5275,5.565,9.900990099009901,0.0,0.0,0.0,0.0,0.0,9.900990099009901,0.0,0.0,0.0,7.425742574257425,12.376237623762377,2.4752475247524752,0.0,0.0,0.0,0.0,0.0,0.0,9.900990099009901,4.9504950495049505,0.0,4.9504950495049505
P14-1083,0.0,2.4752475247524752,59.4059405940594,0.0,2.4752475247524752,9.900990099009901,0.0,0.0,0.0,4.9504950495049505,0.0,2.4752475247524752,12.376237623762377,69.30693069306932,34.65346534653466,240.0990099009901,29.7029702970297,4.9504950495049505,2.4752475247524752,0.0,2.4752475247524752,0.0,0.0,4.9504950495049505,0.0,0.0,0.0,0.0,4.9504950495049505,0.0,0.0,0.0,2.4752475247524752,0.0,0.0,0.0,4.9504950495049505,2.4752475247524752,178.21782178217822,71.78217821782178,2.4752475247524752,29.7029702970297,0.3886138613861386,5.502475247524752,7.425742574257425,4.9504950495049505,0.0,0.0,0.0,0.0,17.32673267326733,12.376237623762377,2.4752475247524752,0.0,7.425742574257425,7.425742574257425,14.85148514851485,0.0,0.0,0.0,0.0,0.0,4.9504950495049505,2.4752475247524752,0.0,0.0,0.0
P13-1098,0.0,7.481296758104738,54.86284289276808,2.493765586034913,0.0,12.468827930174564,0.0,4.987531172069826,4.987531172069826,0.0,0.0,0.0,14.962593516209475,37.406483790523694,2.493765586034913,341.645885286783,4.987531172069826,0.0,14.962593516209475,0.0,0.0,0.0,0.0,22.443890274314214,2.493765586034913,0.0,4.987531172069826,2.493765586034913,9.975062344139651,0.0,0.0,0.0,0.0,0.0,2.493765586034913,0.0,0.0,2.493765586034913,117.20698254364089,87.28179551122194,9.975062344139651,54.86284289276808,0.6503856041131105,5.331619537275064,12.468827930174564,2.493765586034913,0.0,2.493765586034913,4.987531172069826,0.0,12.468827930174564,2.493765586034913,0.0,0.0,4.987531172069826,14.962593516209475,7.481296758104738,0.0,0.0,0.0,0.0,2.493765586034913,7.481296758104738,12.468827930174564,2.493765586034913,0.0,2.493765586034913
C18-1194,17.456359102244388,2.493765586034913,47.38154613466334,0.0,0.0,7.481296758104738,0.0,7.481296758104738,2.493765586034913,0.0,0.0,0.0,12.468827930174564,52.36907730673317,2.493765586034913,336.65835411471323,4.987531172069826,0.0,12.468827930174564,0.0,2.493765586034913,0.0,0.0,12.468827930174564,2.493765586034913,0.0,4.987531172069826,0.0,0.0,0.0,0.0,0.0,0.0,9.975062344139651,0.0,0.0,0.0,0.0,114.713216957606,92.26932668329177,4.987531172069826,34.912718204488776,0.581151832460733,5.657068062827225,2.493765586034913,0.0,0.0,2.493765586034913,7.481296758104738,0.0,2.493765586034913,2.493765586034913,2.493765586034913,0.0,4.987531172069826,12.468827930174564,4.987531172069826,0.0,0.0,0.0,2.493765586034913,2.493765586034913,2.493765586034913,4.987531172069826,0.0,0.0,4.987531172069826
N09-1071,14.05152224824356,7.02576112412178,51.52224824355972,2.34192037470726,2.34192037470726,11.7096018735363,0.0,9.36768149882904,9.36768149882904,0.0,0.0,0.0,16.393442622950822,37.47072599531616,11.7096018735363,339.57845433255267,16.393442622950822,2.34192037470726,7.02576112412178,0.0,2.34192037470726,0.0,4.68384074941452,11.7096018735363,0.0,0.0,0.0,0.0,2.34192037470726,0.0,0.0,0.0,2.34192037470726,0.0,0.0,0.0,0.0,0.0,124.12177985948477,72.59953161592506,0.0,53.86416861826697,0.5643564356435643,5.22029702970297,9.36768149882904,7.02576112412178,0.0,2.34192037470726,2.34192037470726,0.0,16.393442622950822,2.34192037470726,0.0,0.0,7.02576112412178,4.68384074941452,11.7096018735363,0.0,0.0,0.0,0.0,0.0,4.68384074941452,9.36768149882904,0.0,2.34192037470726,7.02576112412178
P18-1072,2.457002457002457,4.914004914004914,58.96805896805897,2.457002457002457,0.0,24.570024570024568,0.0,0.0,0.0,0.0,0.0,0.0,7.371007371007371,39.31203931203931,14.742014742014742,353.8083538083538,7.371007371007371,0.0,19.656019656019655,0.0,7.371007371007371,0.0,0.0,9.828009828009828,2.457002457002457,0.0,7.371007371007371,0.0,4.914004914004914,0.0,0.0,0.0,2.457002457002457,0.0,0.0,0.0,2.457002457002457,0.0,113.02211302211303,98.28009828009827,2.457002457002457,49.140049140049136,0.48825065274151436,5.375979112271541,4.914004914004914,0.0,0.0,0.0,4.914004914004914,0.0,12.285012285012284,2.457002457002457,2.457002457002457,2.457002457002457,2.457002457002457,17.1990171990172,2.457002457002457,0.0,0.0,0.0,2.457002457002457,0.0,2.457002457002457,4.914004914004914,4.914004914004914,0.0,9.828009828009828
P11-1108,4.878048780487805,4.878048780487805,68.29268292682927,0.0,0.0,9.75609756097561,0.0,4.878048780487805,12.195121951219512,9.75609756097561,0.0,2.4390243902439024,9.75609756097561,29.26829268292683,7.317073170731708,331.70731707317077,7.317073170731708,2.4390243902439024,19.51219512195122,0.0,4.878048780487805,0.0,0.0,4.878048780487805,0.0,0.0,4.878048780487805,0.0,4.878048780487805,0.0,4.878048780487805,0.0,0.0,0.0,0.0,4.878048780487805,0.0,0.0,124.39024390243902,92.6829268292683,0.0,56.09756097560976,0.6143958868894601,5.385604113110539,0.0,4.878048780487805,0.0,2.4390243902439024,0.0,0.0,7.317073170731708,0.0,0.0,2.4390243902439024,7.317073170731708,14.634146341463415,2.4390243902439024,0.0,0.0,0.0,0.0,0.0,7.317073170731708,0.0,2.4390243902439024,2.4390243902439024,2.4390243902439024
C10-1063,2.4691358024691357,4.938271604938271,56.79012345679013,0.0,0.0,17.28395061728395,0.0,2.4691358024691357,0.0,2.4691358024691357,0.0,0.0,19.753086419753085,34.5679012345679,2.4691358024691357,330.8641975308642,17.28395061728395,2.4691358024691357,9.876543209876543,2.4691358024691357,7.407407407407407,0.0,0.0,12.345679012345679,0.0,0.0,0.0,0.0,2.4691358024691357,0.0,7.407407407407407,0.0,2.4691358024691357,0.0,0.0,0.0,0.0,2.4691358024691357,138.2716049382716,54.32098765432099,2.4691358024691357,41.97530864197531,0.5219638242894057,5.20671834625323,4.938271604938271,0.0,0.0,0.0,4.938271604938271,0.0,9.876543209876543,7.407407407407407,0.0,2.4691358024691357,0.0,7.407407407407407,7.407407407407407,0.0,0.0,0.0,0.0,0.0,7.407407407407407,9.876543209876543,0.0,2.4691358024691357,0.0
P18-1105,17.156862745098042,4.901960784313726,41.666666666666664,9.803921568627452,4.901960784313726,12.254901960784313,0.0,2.450980392156863,4.901960784313726,2.450980392156863,0.0,0.0,7.352941176470588,26.96078431372549,2.450980392156863,323.5294117647059,9.803921568627452,0.0,17.156862745098042,2.450980392156863,4.901960784313726,0.0,2.450980392156863,4.901960784313726,2.450980392156863,0.0,7.352941176470588,0.0,0.0,0.0,0.0,0.0,0.0,4.901960784313726,0.0,0.0,0.0,4.901960784313726,151.96078431372547,75.98039215686273,2.450980392156863,41.666666666666664,0.5217391304347826,5.31457800511509,9.803921568627452,2.450980392156863,0.0,0.0,4.901960784313726,0.0,14.705882352941176,7.352941176470588,0.0,0.0,7.352941176470588,9.803921568627452,2.450980392156863,0.0,0.0,0.0,0.0,0.0,0.0,12.254901960784313,4.901960784313726,0.0,2.450980392156863
N09-1034,2.398081534772182,0.0,69.54436450839329,4.796163069544364,2.398081534772182,11.990407673860911,0.0,0.0,11.990407673860911,0.0,0.0,0.0,19.184652278177456,45.563549160671464,9.592326139088728,314.14868105515586,14.388489208633095,2.398081534772182,16.786570743405274,0.0,4.796163069544364,0.0,0.0,11.990407673860911,7.194244604316547,0.0,2.398081534772182,0.0,2.398081534772182,0.0,7.194244604316547,0.0,2.398081534772182,0.0,0.0,0.0,2.398081534772182,7.194244604316547,115.10791366906476,64.74820143884892,0.0,40.7673860911271,0.5294117647058824,5.421568627450981,11.990407673860911,2.398081534772182,0.0,0.0,2.398081534772182,0.0,16.786570743405274,9.592326139088728,0.0,0.0,0.0,14.388489208633095,11.990407673860911,4.796163069544364,0.0,0.0,0.0,0.0,4.796163069544364,4.796163069544364,0.0,0.0,4.796163069544364
P10-1089,0.0,4.842615012106537,67.79661016949153,0.0,0.0,9.685230024213075,0.0,2.4213075060532687,2.4213075060532687,0.0,0.0,0.0,31.476997578692497,24.213075060532688,9.685230024213075,336.5617433414044,2.4213075060532687,0.0,19.37046004842615,7.263922518159807,2.4213075060532687,0.0,0.0,4.842615012106537,2.4213075060532687,0.0,9.685230024213075,0.0,12.106537530266344,0.0,0.0,2.4213075060532687,0.0,0.0,0.0,0.0,0.0,4.842615012106537,104.11622276029055,70.2179176755448,4.842615012106537,62.953995157384995,0.5378787878787878,5.017676767676767,9.685230024213075,2.4213075060532687,0.0,0.0,2.4213075060532687,0.0,9.685230024213075,9.685230024213075,0.0,2.4213075060532687,0.0,9.685230024213075,9.685230024213075,0.0,0.0,0.0,0.0,2.4213075060532687,4.842615012106537,9.685230024213075,4.842615012106537,2.4213075060532687,2.4213075060532687
D18-1538,0.0,2.3696682464454977,52.132701421800945,0.0,2.3696682464454977,28.43601895734597,0.0,2.3696682464454977,4.739336492890995,0.0,0.0,0.0,9.47867298578199,35.54502369668246,4.739336492890995,374.4075829383886,4.739336492890995,2.3696682464454977,2.3696682464454977,0.0,4.739336492890995,0.0,0.0,7.109004739336492,2.3696682464454977,0.0,9.47867298578199,7.109004739336492,0.0,0.0,0.0,0.0,0.0,0.0,0.0,0.0,0.0,2.3696682464454977,104.26540284360189,104.26540284360189,0.0,37.91469194312796,0.5407407407407407,5.434567901234568,14.218009478672984,0.0,0.0,0.0,2.3696682464454977,0.0,7.109004739336492,4.739336492890995,2.3696682464454977,0.0,7.109004739336492,9.47867298578199,9.47867298578199,0.0,0.0,0.0,0.0,0.0,0.0,7.109004739336492,4.739336492890995,0.0,0.0
P18-1170,4.866180048661801,2.4330900243309004,60.82725060827251,2.4330900243309004,0.0,24.330900243309003,0.0,4.866180048661801,7.299270072992701,4.866180048661801,0.0,2.4330900243309004,19.464720194647203,24.330900243309003,7.299270072992701,316.301703163017,14.598540145985401,0.0,14.598540145985401,0.0,4.866180048661801,0.0,0.0,7.299270072992701,2.4330900243309004,2.4330900243309004,0.0,2.4330900243309004,0.0,0.0,7.299270072992701,0.0,0.0,12.165450121654501,4.866180048661801,0.0,0.0,4.866180048661801,124.08759124087591,63.26034063260341,4.866180048661801,46.228710462287104,0.5187032418952618,4.977556109725686,4.866180048661801,0.0,0.0,2.4330900243309004,7.299270072992701,0.0,9.732360097323602,12.165450121654501,2.4330900243309004,0.0,0.0,4.866180048661801,2.4330900243309004,0.0,0.0,0.0,0.0,0.0,0.0,4.866180048661801,7.299270072992701,2.4330900243309004,4.866180048661801
D18-1118,0.0,0.0,53.26876513317191,0.0,0.0,7.263922518159807,0.0,0.0,9.685230024213075,0.0,0.0,0.0,2.4213075060532687,62.953995157384995,14.527845036319613,341.40435835351093,12.106537530266344,0.0,19.37046004842615,0.0,2.4213075060532687,0.0,0.0,29.055690072639226,7.263922518159807,2.4213075060532687,2.4213075060532687,0.0,0.0,0.0,0.0,0.0,0.0,2.4213075060532687,0.0,0.0,0.0,4.842615012106537,84.7457627118644,106.53753026634382,0.0,16.949152542372882,0.5012406947890818,5.52605459057072,4.842615012106537,0.0,0.0,2.4213075060532687,4.842615012106537,0.0,7.263922518159807,4.842615012106537,0.0,0.0,0.0,12.106537530266344,7.263922518159807,0.0,0.0,0.0,0.0,0.0,0.0,16.949152542372882,0.0,0.0,2.4213075060532687
P11-1077,18.64801864801865,9.324009324009324,67.5990675990676,0.0,4.662004662004662,25.64102564102564,0.0,2.331002331002331,2.331002331002331,0.0,0.0,0.0,30.303030303030305,44.28904428904429,9.324009324009324,249.41724941724942,6.993006993006993,0.0,23.31002331002331,2.331002331002331,6.993006993006993,0.0,2.331002331002331,11.655011655011656,0.0,0.0,0.0,2.331002331002331,9.324009324009324,2.331002331002331,2.331002331002331,0.0,2.331002331002331,2.331002331002331,0.0,0.0,0.0,9.324009324009324,132.86713286713285,81.58508158508158,4.662004662004662,46.62004662004662,0.5,5.206310679611651,4.662004662004662,0.0,0.0,0.0,6.993006993006993,0.0,18.64801864801865,0.0,2.331002331002331,0.0,0.0,13.986013986013987,2.331002331002331,0.0,0.0,0.0,0.0,2.331002331002331,6.993006993006993,13.986013986013987,4.662004662004662,0.0,0.0
P09-1038,2.403846153846154,2.403846153846154,64.90384615384616,2.403846153846154,0.0,0.0,0.0,7.211538461538462,2.403846153846154,4.807692307692308,0.0,0.0,21.634615384615383,52.88461538461539,0.0,314.90384615384613,12.01923076923077,0.0,28.846153846153847,0.0,2.403846153846154,0.0,0.0,9.615384615384617,4.807692307692308,0.0,7.211538461538462,0.0,4.807692307692308,0.0,0.0,0.0,2.403846153846154,2.403846153846154,0.0,0.0,0.0,2.403846153846154,115.38461538461539,67.3076923076923,2.403846153846154,60.09615384615385,0.49876543209876545,4.859259259259259,9.615384615384617,0.0,0.0,2.403846153846154,12.01923076923077,0.0,0.0,2.403846153846154,0.0,0.0,2.403846153846154,7.211538461538462,0.0,2.403846153846154,0.0,0.0,0.0,0.0,0.0,9.615384615384617,2.403846153846154,0.0,0.0
D15-1156,32.098765432098766,4.938271604938271,37.03703703703704,0.0,0.0,9.876543209876543,0.0,9.876543209876543,7.407407407407407,0.0,0.0,0.0,7.407407407407407,41.97530864197531,12.345679012345679,380.24691358024694,2.4691358024691357,0.0,7.407407407407407,0.0,2.4691358024691357,0.0,0.0,2.4691358024691357,0.0,0.0,4.938271604938271,0.0,4.938271604938271,0.0,0.0,0.0,0.0,2.4691358024691357,0.0,2.4691358024691357,0.0,4.938271604938271,123.45679012345678,83.95061728395062,2.4691358024691357,27.160493827160494,0.46272493573264784,5.262210796915167,2.4691358024691357,2.4691358024691357,0.0,0.0,0.0,0.0,2.4691358024691357,0.0,0.0,0.0,4.938271604938271,4.938271604938271,12.345679012345679,0.0,0.0,0.0,0.0,0.0,2.4691358024691357,4.938271604938271,7.407407407407407,0.0,0.0
N10-1008,0.0,7.444168734491315,62.03473945409429,0.0,2.4813895781637716,2.4813895781637716,2.4813895781637716,0.0,2.4813895781637716,2.4813895781637716,0.0,0.0,7.444168734491315,27.29528535980149,7.444168734491315,374.6898263027295,9.925558312655086,0.0,24.81389578163772,7.444168734491315,0.0,0.0,0.0,12.40694789081886,0.0,0.0,4.962779156327543,0.0,2.4813895781637716,0.0,2.4813895781637716,0.0,0.0,0.0,0.0,0.0,2.4813895781637716,2.4813895781637716,76.92307692307693,99.25558312655087,0.0,39.702233250620345,0.5816326530612245,5.354591836734694,9.925558312655086,0.0,0.0,2.4813895781637716,7.444168734491315,0.0,7.444168734491315,7.444168734491315,0.0,0.0,7.444168734491315,9.925558312655086,4.962779156327543,0.0,0.0,0.0,0.0,0.0,4.962779156327543,4.962779156327543,4.962779156327543,0.0,0.0
P13-1043,4.926108374384237,7.389162561576354,46.79802955665024,2.4630541871921183,0.0,2.4630541871921183,0.0,2.4630541871921183,0.0,2.4630541871921183,0.0,0.0,9.852216748768473,46.79802955665024,19.704433497536947,325.1231527093596,14.778325123152708,0.0,9.852216748768473,0.0,0.0,0.0,0.0,22.167487684729064,4.926108374384237,0.0,0.0,0.0,4.926108374384237,0.0,0.0,0.0,2.4630541871921183,2.4630541871921183,0.0,0.0,0.0,2.4630541871921183,108.37438423645321,78.81773399014779,2.4630541871921183,29.556650246305416,0.4884910485933504,5.434782608695652,7.389162561576354,0.0,0.0,0.0,2.4630541871921183,0.0,7.389162561576354,9.852216748768473,0.0,0.0,4.926108374384237,2.4630541871921183,7.389162561576354,0.0,0.0,0.0,0.0,0.0,4.926108374384237,4.926108374384237,0.0,0.0,2.4630541871921183
P15-1084,0.0,2.3809523809523814,54.76190476190476,4.761904761904763,2.3809523809523814,26.19047619047619,0.0,7.142857142857142,0.0,0.0,0.0,0.0,11.904761904761903,35.714285714285715,0.0,321.42857142857144,7.142857142857142,0.0,9.523809523809526,0.0,0.0,0.0,0.0,19.04761904761905,0.0,0.0,4.761904761904763,0.0,4.761904761904763,2.3809523809523814,0.0,0.0,0.0,4.761904761904763,0.0,0.0,0.0,2.3809523809523814,109.52380952380952,61.904761904761905,4.761904761904763,61.904761904761905,0.48635235732009924,5.449131513647643,4.761904761904763,2.3809523809523814,0.0,0.0,9.523809523809526,0.0,2.3809523809523814,16.666666666666668,0.0,2.3809523809523814,7.142857142857142,4.761904761904763,7.142857142857142,0.0,0.0,4.761904761904763,0.0,2.3809523809523814,7.142857142857142,7.142857142857142,0.0,0.0,7.142857142857142
P13-1166,7.462686567164179,0.0,77.11442786069651,0.0,0.0,24.875621890547265,0.0,2.487562189054726,7.462686567164179,0.0,0.0,0.0,32.33830845771144,42.28855721393035,7.462686567164179,253.7313432835821,9.950248756218905,0.0,17.412935323383085,0.0,7.462686567164179,0.0,4.975124378109452,14.925373134328359,0.0,0.0,4.975124378109452,2.487562189054726,14.925373134328359,0.0,0.0,0.0,0.0,0.0,0.0,0.0,0.0,4.975124378109452,129.35323383084577,92.03980099502488,0.0,57.21393034825871,0.5491183879093199,5.4433249370277075,19.90049751243781,7.462686567164179,0.0,0.0,4.975124378109452,0.0,9.950248756218905,2.487562189054726,0.0,0.0,4.975124378109452,12.437810945273633,0.0,0.0,0.0,0.0,2.487562189054726,0.0,4.975124378109452,0.0,0.0,0.0,9.950248756218905
D09-1144,9.546539379474941,4.773269689737471,69.21241050119332,0.0,2.3866348448687353,21.479713603818613,0.0,9.546539379474941,7.159904534606206,2.3866348448687353,0.0,0.0,7.159904534606206,59.665871121718375,11.933174224343675,250.59665871121717,19.093078758949883,0.0,21.479713603818613,11.933174224343675,9.546539379474941,0.0,0.0,9.546539379474941,0.0,0.0,7.159904534606206,7.159904534606206,0.0,0.0,2.3866348448687353,0.0,0.0,0.0,4.773269689737471,0.0,0.0,4.773269689737471,131.26491646778044,71.59904534606206,7.159904534606206,57.279236276849645,0.551219512195122,5.546341463414634,16.706443914081145,0.0,2.3866348448687353,4.773269689737471,0.0,0.0,4.773269689737471,7.159904534606206,0.0,0.0,4.773269689737471,21.479713603818613,11.933174224343675,0.0,0.0,2.3866348448687353,0.0,0.0,9.546539379474941,0.0,0.0,4.773269689737471,2.3866348448687353
C18-1297,0.0,2.3866348448687353,45.346062052505964,2.3866348448687353,2.3866348448687353,2.3866348448687353,0.0,16.706443914081145,0.0,7.159904534606206,0.0,0.0,14.319809069212411,28.639618138424822,2.3866348448687353,262.5298329355609,14.319809069212411,0.0,19.093078758949883,2.3866348448687353,2.3866348448687353,0.0,0.0,16.706443914081145,0.0,0.0,7.159904534606206,4.773269689737471,9.546539379474941,0.0,0.0,0.0,0.0,0.0,0.0,0.0,0.0,2.3866348448687353,136.03818615751788,59.665871121718375,7.159904534606206,40.572792362768496,0.47174447174447176,5.132678132678133,9.546539379474941,0.0,0.0,4.773269689737471,7.159904534606206,0.0,9.546539379474941,23.86634844868735,2.3866348448687353,2.3866348448687353,2.3866348448687353,2.3866348448687353,7.159904534606206,0.0,0.0,0.0,0.0,0.0,4.773269689737471,4.773269689737471,0.0,0.0,2.3866348448687353
P11-1162,0.0,10.0,55.0,0.0,0.0,10.0,0.0,2.5,7.5,0.0,0.0,0.0,10.0,45.0,12.5,395.0,15.0,0.0,7.5,0.0,0.0,0.0,2.5,7.5,5.0,0.0,0.0,0.0,5.0,0.0,0.0,0.0,2.5,0.0,0.0,0.0,0.0,2.5,112.5,75.0,2.5,35.0,0.5495978552278821,5.412868632707775,2.5,0.0,0.0,0.0,5.0,0.0,5.0,2.5,0.0,0.0,5.0,15.0,5.0,0.0,0.0,0.0,0.0,0.0,2.5,10.0,5.0,0.0,2.5
C18-1113,4.830917874396135,2.4154589371980677,43.47826086956522,4.830917874396135,0.0,33.81642512077295,0.0,0.0,0.0,2.4154589371980677,0.0,0.0,4.830917874396135,31.40096618357488,0.0,371.9806763285024,2.4154589371980677,0.0,12.077294685990339,0.0,2.4154589371980677,0.0,0.0,4.830917874396135,2.4154589371980677,0.0,4.830917874396135,0.0,0.0,0.0,0.0,0.0,0.0,0.0,0.0,0.0,0.0,0.0,123.18840579710145,84.54106280193237,2.4154589371980677,33.81642512077295,0.5438144329896907,5.149484536082475,9.66183574879227,0.0,0.0,0.0,7.246376811594203,0.0,7.246376811594203,4.830917874396135,0.0,0.0,7.246376811594203,12.077294685990339,0.0,0.0,0.0,0.0,0.0,0.0,0.0,7.246376811594203,0.0,0.0,2.4154589371980677
P09-1036,0.0,0.0,79.90314769975787,0.0,0.0,4.842615012106537,0.0,2.4213075060532687,14.527845036319613,2.4213075060532687,0.0,0.0,16.949152542372882,46.00484261501211,12.106537530266344,268.7651331719128,16.949152542372882,0.0,4.842615012106537,0.0,7.263922518159807,0.0,0.0,16.949152542372882,0.0,0.0,2.4213075060532687,0.0,4.842615012106537,0.0,4.842615012106537,0.0,0.0,2.4213075060532687,2.4213075060532687,2.4213075060532687,0.0,4.842615012106537,75.06053268765133,96.85230024213075,0.0,72.63922518159806,0.5333333333333333,5.701234567901235,7.263922518159807,4.842615012106537,0.0,2.4213075060532687,2.4213075060532687,0.0,9.685230024213075,9.685230024213075,0.0,0.0,2.4213075060532687,16.949152542372882,4.842615012106537,0.0,0.0,0.0,0.0,0.0,9.685230024213075,4.842615012106537,4.842615012106537,0.0,14.527845036319613
D14-1104,2.4813895781637716,9.925558312655086,52.10918114143921,0.0,7.444168734491315,14.88833746898263,0.0,2.4813895781637716,4.962779156327543,2.4813895781637716,0.0,0.0,7.444168734491315,52.10918114143921,7.444168734491315,327.54342431761785,17.3697270471464,0.0,19.851116625310173,2.4813895781637716,0.0,0.0,0.0,9.925558312655086,7.444168734491315,0.0,4.962779156327543,0.0,2.4813895781637716,0.0,0.0,0.0,0.0,0.0,0.0,0.0,0.0,7.444168734491315,121.58808933002481,44.66501240694789,4.962779156327543,52.10918114143921,0.5193798449612403,5.31266149870801,9.925558312655086,9.925558312655086,0.0,0.0,0.0,0.0,7.444168734491315,7.444168734491315,0.0,0.0,4.962779156327543,17.3697270471464,0.0,0.0,0.0,0.0,0.0,0.0,2.4813895781637716,9.925558312655086,0.0,0.0,0.0
D12-1022,4.938271604938271,7.407407407407407,64.19753086419753,0.0,2.4691358024691357,2.4691358024691357,0.0,2.4691358024691357,12.345679012345679,4.938271604938271,0.0,0.0,17.28395061728395,49.382716049382715,14.814814814814815,271.6049382716049,2.4691358024691357,0.0,19.753086419753085,0.0,0.0,0.0,0.0,7.407407407407407,0.0,0.0,2.4691358024691357,0.0,14.814814814814815,0.0,0.0,0.0,0.0,0.0,2.4691358024691357,0.0,0.0,2.4691358024691357,125.92592592592591,123.45679012345678,7.407407407407407,27.160493827160494,0.5892857142857143,5.7729591836734695,7.407407407407407,0.0,0.0,0.0,2.4691358024691357,0.0,9.876543209876543,0.0,2.4691358024691357,2.4691358024691357,2.4691358024691357,12.345679012345679,7.407407407407407,0.0,0.0,0.0,0.0,0.0,2.4691358024691357,9.876543209876543,4.938271604938271,2.4691358024691357,0.0
P10-1114,0.0,0.0,58.68544600938967,4.694835680751174,2.347417840375587,16.431924882629108,0.0,2.347417840375587,0.0,0.0,0.0,0.0,21.12676056338028,37.55868544600939,7.042253521126761,373.23943661971833,11.737089201877934,4.694835680751174,9.389671361502348,0.0,0.0,0.0,0.0,2.347417840375587,0.0,2.347417840375587,4.694835680751174,0.0,4.694835680751174,0.0,2.347417840375587,0.0,4.694835680751174,4.694835680751174,0.0,0.0,0.0,4.694835680751174,138.49765258215962,75.11737089201878,2.347417840375587,21.12676056338028,0.4238095238095238,4.821428571428571,2.347417840375587,0.0,0.0,0.0,0.0,0.0,7.042253521126761,4.694835680751174,0.0,2.347417840375587,9.389671361502348,4.694835680751174,7.042253521126761,0.0,0.0,2.347417840375587,2.347417840375587,0.0,0.0,2.347417840375587,4.694835680751174,4.694835680751174,0.0
P14-1097,0.0,7.425742574257425,51.980198019801975,0.0,0.0,14.85148514851485,0.0,4.9504950495049505,0.0,0.0,2.4752475247524752,0.0,7.425742574257425,14.85148514851485,9.900990099009901,408.4158415841584,9.900990099009901,4.9504950495049505,14.85148514851485,2.4752475247524752,2.4752475247524752,0.0,0.0,7.425742574257425,0.0,0.0,2.4752475247524752,0.0,4.9504950495049505,0.0,0.0,0.0,2.4752475247524752,0.0,2.4752475247524752,0.0,0.0,2.4752475247524752,106.43564356435644,79.20792079207921,7.425742574257425,39.603960396039604,0.46437994722955145,5.052770448548813,9.900990099009901,2.4752475247524752,0.0,0.0,2.4752475247524752,0.0,12.376237623762377,2.4752475247524752,0.0,0.0,4.9504950495049505,7.425742574257425,2.4752475247524752,0.0,0.0,0.0,0.0,4.9504950495049505,7.425742574257425,4.9504950495049505,2.4752475247524752,0.0,4.9504950495049505
N12-1085,2.450980392156863,0.0,63.725490196078425,0.0,0.0,12.254901960784313,0.0,0.0,7.352941176470588,7.352941176470588,0.0,0.0,24.509803921568626,61.27450980392157,2.450980392156863,323.5294117647059,0.0,0.0,22.058823529411764,7.352941176470588,7.352941176470588,0.0,9.803921568627452,9.803921568627452,0.0,0.0,2.450980392156863,0.0,14.705882352941176,0.0,0.0,0.0,0.0,0.0,0.0,0.0,0.0,0.0,112.74509803921569,49.01960784313725,2.450980392156863,39.21568627450981,0.5452261306532663,5.35678391959799,7.352941176470588,0.0,0.0,0.0,2.450980392156863,0.0,7.352941176470588,4.901960784313726,2.450980392156863,2.450980392156863,9.803921568627452,14.705882352941176,7.352941176470588,0.0,0.0,0.0,0.0,0.0,7.352941176470588,2.450980392156863,2.450980392156863,0.0,0.0
C18-1154,0.0,4.987531172069826,49.87531172069826,0.0,0.0,12.468827930174564,0.0,0.0,4.987531172069826,2.493765586034913,0.0,2.493765586034913,2.493765586034913,29.92518703241895,27.43142144638404,384.03990024937656,9.975062344139651,0.0,4.987531172069826,0.0,2.493765586034913,0.0,0.0,24.93765586034913,2.493765586034913,0.0,7.481296758104738,0.0,0.0,0.0,0.0,0.0,0.0,2.493765586034913,0.0,0.0,0.0,2.493765586034913,117.20698254364089,84.78802992518703,2.493765586034913,19.950124688279303,0.5430809399477807,5.506527415143603,9.975062344139651,0.0,0.0,0.0,4.987531172069826,0.0,7.481296758104738,2.493765586034913,0.0,0.0,0.0,12.468827930174564,22.443890274314214,0.0,0.0,4.987531172069826,0.0,0.0,4.987531172069826,7.481296758104738,0.0,0.0,0.0
P15-1163,4.032258064516129,2.0161290322580645,58.467741935483865,0.0,0.0,12.096774193548386,0.0,4.032258064516129,2.0161290322580645,2.0161290322580645,0.0,2.0161290322580645,14.112903225806452,24.193548387096772,8.064516129032258,326.61290322580646,10.080645161290322,2.0161290322580645,8.064516129032258,0.0,0.0,0.0,2.0161290322580645,24.193548387096772,2.0161290322580645,0.0,2.0161290322580645,2.0161290322580645,0.0,0.0,0.0,0.0,0.0,8.064516129032258,0.0,0.0,0.0,2.0161290322580645,122.98387096774194,74.59677419354838,0.0,44.35483870967742,0.465979381443299,5.461855670103093,2.0161290322580645,0.0,0.0,0.0,2.0161290322580645,0.0,6.048387096774193,0.0,0.0,0.0,0.0,18.145161290322584,8.064516129032258,0.0,0.0,0.0,0.0,0.0,2.0161290322580645,4.032258064516129,0.0,0.0,0.0
D14-1223,0.0,2.493765586034913,47.38154613466334,0.0,0.0,14.962593516209475,2.493765586034913,2.493765586034913,4.987531172069826,0.0,0.0,0.0,12.468827930174564,19.950124688279303,4.987531172069826,344.1396508728179,4.987531172069826,0.0,12.468827930174564,2.493765586034913,2.493765586034913,0.0,0.0,19.950124688279303,4.987531172069826,0.0,2.493765586034913,2.493765586034913,4.987531172069826,0.0,0.0,0.0,0.0,2.493765586034913,0.0,0.0,2.493765586034913,7.481296758104738,112.21945137157108,62.34413965087282,4.987531172069826,24.93765586034913,0.5729166666666666,4.950520833333333,12.468827930174564,2.493765586034913,0.0,0.0,7.481296758104738,0.0,4.987531172069826,7.481296758104738,0.0,0.0,0.0,19.950124688279303,7.481296758104738,0.0,0.0,0.0,0.0,2.493765586034913,2.493765586034913,17.456359102244388,2.493765586034913,0.0,2.493765586034913
D14-1116,2.3696682464454977,11.848341232227487,40.28436018957346,4.739336492890995,2.3696682464454977,2.3696682464454977,0.0,2.3696682464454977,0.0,2.3696682464454977,0.0,0.0,9.47867298578199,37.91469194312796,2.3696682464454977,402.8436018957346,11.848341232227487,4.739336492890995,14.218009478672984,2.3696682464454977,0.0,0.0,0.0,7.109004739336492,2.3696682464454977,0.0,9.47867298578199,2.3696682464454977,4.739336492890995,0.0,0.0,0.0,0.0,4.739336492890995,0.0,2.3696682464454977,0.0,0.0,101.89573459715639,54.502369668246445,2.3696682464454977,42.65402843601896,0.5164556962025316,5.146835443037975,11.848341232227487,2.3696682464454977,0.0,2.3696682464454977,7.109004739336492,0.0,18.95734597156398,14.218009478672984,0.0,0.0,7.109004739336492,0.0,0.0,0.0,0.0,0.0,0.0,2.3696682464454977,9.47867298578199,4.739336492890995,2.3696682464454977,0.0,4.739336492890995
C16-1243,0.0,2.3923444976076556,62.20095693779904,0.0,0.0,23.923444976076556,0.0,9.569377990430622,7.177033492822967,2.3923444976076556,0.0,0.0,9.569377990430622,50.239234449760765,14.354066985645934,377.99043062200957,19.138755980861244,0.0,19.138755980861244,2.3923444976076556,0.0,0.0,0.0,16.74641148325359,2.3923444976076556,0.0,2.3923444976076556,0.0,0.0,0.0,4.784688995215311,0.0,4.784688995215311,0.0,0.0,0.0,0.0,0.0,100.47846889952153,88.51674641148325,0.0,33.49282296650718,0.4860759493670886,5.1645569620253164,0.0,2.3923444976076556,0.0,2.3923444976076556,0.0,0.0,16.74641148325359,4.784688995215311,0.0,0.0,0.0,4.784688995215311,7.177033492822967,0.0,0.0,0.0,0.0,0.0,0.0,16.74641148325359,0.0,0.0,2.3923444976076556
N13-1129,0.0,12.376237623762377,34.65346534653466,4.9504950495049505,0.0,2.4752475247524752,0.0,2.4752475247524752,4.9504950495049505,0.0,0.0,0.0,22.277227722772277,29.7029702970297,22.277227722772277,353.96039603960395,12.376237623762377,2.4752475247524752,17.32673267326733,2.4752475247524752,0.0,0.0,9.900990099009901,27.22772277227723,2.4752475247524752,0.0,2.4752475247524752,0.0,9.900990099009901,0.0,0.0,0.0,0.0,0.0,0.0,0.0,0.0,7.425742574257425,91.58415841584159,71.78217821782178,7.425742574257425,44.554455445544555,0.46194225721784776,5.288713910761155,9.900990099009901,0.0,0.0,0.0,9.900990099009901,0.0,9.900990099009901,17.32673267326733,0.0,4.9504950495049505,12.376237623762377,17.32673267326733,4.9504950495049505,0.0,0.0,0.0,0.0,0.0,0.0,7.425742574257425,0.0,0.0,0.0
D18-1189,0.0,0.0,52.25653206650831,0.0,0.0,4.750593824228028,0.0,2.375296912114014,2.375296912114014,0.0,0.0,0.0,9.501187648456057,33.2541567695962,2.375296912114014,337.29216152019006,7.125890736342043,2.375296912114014,11.876484560570072,0.0,0.0,0.0,0.0,21.377672209026127,2.375296912114014,0.0,2.375296912114014,0.0,2.375296912114014,0.0,2.375296912114014,0.0,0.0,2.375296912114014,0.0,0.0,2.375296912114014,0.0,114.0142517814727,64.13301662707839,0.0,40.38004750593824,0.48655256723716384,5.557457212713937,7.125890736342043,0.0,0.0,0.0,4.750593824228028,0.0,14.251781472684087,9.501187648456057,2.375296912114014,0.0,7.125890736342043,9.501187648456057,4.750593824228028,0.0,0.0,0.0,0.0,0.0,4.750593824228028,2.375296912114014,2.375296912114014,0.0,0.0
C18-1127,0.0,4.854368932038835,67.96116504854369,0.0,0.0,0.0,0.0,7.281553398058253,21.844660194174757,2.4271844660194173,7.281553398058253,0.0,19.41747572815534,14.563106796116505,7.281553398058253,283.9805825242718,21.844660194174757,0.0,19.41747572815534,0.0,2.4271844660194173,0.0,2.4271844660194173,24.271844660194173,2.4271844660194173,0.0,4.854368932038835,0.0,2.4271844660194173,0.0,0.0,0.0,0.0,2.4271844660194173,0.0,0.0,0.0,4.854368932038835,116.50485436893204,53.398058252427184,2.4271844660194173,43.689320388349515,0.5373134328358209,5.124378109452737,4.854368932038835,2.4271844660194173,0.0,0.0,9.70873786407767,0.0,4.854368932038835,7.281553398058253,0.0,0.0,2.4271844660194173,21.844660194174757,4.854368932038835,0.0,0.0,0.0,0.0,0.0,4.854368932038835,2.4271844660194173,4.854368932038835,0.0,2.4271844660194173
D17-1034,4.842615012106537,2.4213075060532687,53.26876513317191,0.0,4.842615012106537,4.842615012106537,0.0,0.0,4.842615012106537,0.0,0.0,0.0,9.685230024213075,62.953995157384995,16.949152542372882,365.61743341404355,4.842615012106537,0.0,7.263922518159807,2.4213075060532687,2.4213075060532687,0.0,0.0,14.527845036319613,2.4213075060532687,0.0,0.0,2.4213075060532687,0.0,0.0,0.0,0.0,0.0,7.263922518159807,0.0,0.0,2.4213075060532687,0.0,94.43099273607749,96.85230024213075,0.0,33.898305084745765,0.5163727959697733,5.894206549118388,4.842615012106537,0.0,0.0,2.4213075060532687,4.842615012106537,0.0,7.263922518159807,4.842615012106537,0.0,2.4213075060532687,0.0,9.685230024213075,12.106537530266344,0.0,0.0,2.4213075060532687,0.0,0.0,0.0,4.842615012106537,0.0,0.0,0.0
D15-1309,0.0,9.876543209876543,69.1358024691358,0.0,0.0,0.0,0.0,4.938271604938271,4.938271604938271,2.4691358024691357,0.0,0.0,7.407407407407407,9.876543209876543,0.0,360.4938271604938,7.407407407407407,4.938271604938271,22.22222222222222,0.0,4.938271604938271,0.0,0.0,17.28395061728395,0.0,0.0,14.814814814814815,0.0,4.938271604938271,0.0,0.0,0.0,2.4691358024691357,0.0,0.0,0.0,2.4691358024691357,4.938271604938271,118.51851851851852,88.88888888888889,2.4691358024691357,24.691358024691358,0.5850515463917526,5.18298969072165,2.4691358024691357,0.0,0.0,0.0,0.0,0.0,7.407407407407407,0.0,2.4691358024691357,0.0,2.4691358024691357,14.814814814814815,9.876543209876543,0.0,0.0,0.0,2.4691358024691357,0.0,2.4691358024691357,12.345679012345679,9.876543209876543,0.0,0.0
D18-1400,4.987531172069826,2.493765586034913,57.356608478803,0.0,2.493765586034913,17.456359102244388,0.0,0.0,0.0,0.0,0.0,0.0,27.43142144638404,54.86284289276808,4.987531172069826,356.6084788029925,7.481296758104738,0.0,19.950124688279303,2.493765586034913,0.0,2.493765586034913,0.0,14.962593516209475,0.0,0.0,7.481296758104738,0.0,14.962593516209475,0.0,0.0,0.0,0.0,4.987531172069826,0.0,0.0,0.0,2.493765586034913,89.77556109725685,89.77556109725685,0.0,44.88778054862843,0.5116883116883116,5.631168831168831,14.962593516209475,4.987531172069826,0.0,0.0,9.975062344139651,0.0,7.481296758104738,2.493765586034913,0.0,0.0,0.0,12.468827930174564,7.481296758104738,0.0,0.0,0.0,0.0,2.493765586034913,4.987531172069826,4.987531172069826,0.0,0.0,2.493765586034913
C16-1036,0.0,7.481296758104738,59.8503740648379,0.0,0.0,9.975062344139651,0.0,0.0,2.493765586034913,4.987531172069826,0.0,0.0,12.468827930174564,34.912718204488776,4.987531172069826,319.20199501246884,12.468827930174564,0.0,27.43142144638404,2.493765586034913,0.0,2.493765586034913,2.493765586034913,24.93765586034913,0.0,0.0,9.975062344139651,0.0,2.493765586034913,0.0,0.0,0.0,2.493765586034913,2.493765586034913,0.0,0.0,0.0,9.975062344139651,112.21945137157108,77.3067331670823,7.481296758104738,47.38154613466334,0.5217391304347826,5.063938618925831,2.493765586034913,0.0,0.0,7.481296758104738,14.962593516209475,0.0,7.481296758104738,2.493765586034913,0.0,2.493765586034913,2.493765586034913,2.493765586034913,4.987531172069826,2.493765586034913,0.0,0.0,0.0,2.493765586034913,7.481296758104738,12.468827930174564,7.481296758104738,0.0,2.493765586034913
D15-1184,0.0,4.987531172069826,64.83790523690773,0.0,0.0,9.975062344139651,0.0,0.0,2.493765586034913,0.0,0.0,0.0,22.443890274314214,22.443890274314214,0.0,436.40897755610973,7.481296758104738,2.493765586034913,12.468827930174564,0.0,0.0,0.0,0.0,7.481296758104738,2.493765586034913,0.0,2.493765586034913,0.0,2.493765586034913,0.0,12.468827930174564,0.0,2.493765586034913,2.493765586034913,0.0,0.0,0.0,2.493765586034913,109.72568578553616,84.78802992518703,4.987531172069826,22.443890274314214,0.5286458333333334,5.28125,9.975062344139651,0.0,0.0,0.0,0.0,0.0,9.975062344139651,0.0,0.0,0.0,4.987531172069826,12.468827930174564,7.481296758104738,0.0,0.0,0.0,0.0,0.0,0.0,4.987531172069826,0.0,0.0,4.987531172069826
D09-1019,0.0,7.125890736342043,66.5083135391924,0.0,0.0,11.876484560570072,0.0,7.125890736342043,7.125890736342043,0.0,0.0,0.0,11.876484560570072,54.63182897862233,0.0,332.541567695962,14.251781472684087,0.0,26.128266033254157,2.375296912114014,2.375296912114014,0.0,0.0,7.125890736342043,0.0,0.0,0.0,0.0,4.750593824228028,0.0,0.0,0.0,2.375296912114014,2.375296912114014,2.375296912114014,0.0,0.0,7.125890736342043,92.63657957244656,66.5083135391924,9.501187648456057,16.6270783847981,0.4595959595959596,5.3232323232323235,19.002375296912113,0.0,0.0,0.0,0.0,0.0,7.125890736342043,9.501187648456057,0.0,0.0,2.375296912114014,16.6270783847981,4.750593824228028,0.0,0.0,0.0,0.0,0.0,0.0,21.377672209026127,0.0,0.0,4.750593824228028
N10-1070,0.0,7.009345794392523,67.75700934579439,4.672897196261682,2.336448598130841,7.009345794392523,0.0,7.009345794392523,9.345794392523365,7.009345794392523,0.0,0.0,21.02803738317757,14.018691588785046,21.02803738317757,331.77570093457945,28.037383177570092,0.0,23.36448598130841,0.0,4.672897196261682,0.0,0.0,7.009345794392523,0.0,0.0,0.0,0.0,2.336448598130841,0.0,4.672897196261682,0.0,2.336448598130841,7.009345794392523,0.0,4.672897196261682,0.0,7.009345794392523,147.19626168224298,44.39252336448598,7.009345794392523,60.74766355140187,0.5373493975903615,4.930120481927711,11.682242990654204,0.0,0.0,0.0,4.672897196261682,0.0,2.336448598130841,9.345794392523365,2.336448598130841,0.0,7.009345794392523,18.69158878504673,7.009345794392523,0.0,0.0,0.0,0.0,0.0,2.336448598130841,2.336448598130841,0.0,2.336448598130841,4.672897196261682
C16-1199,2.4390243902439024,0.0,56.09756097560976,0.0,2.4390243902439024,7.317073170731708,4.878048780487805,2.4390243902439024,0.0,2.4390243902439024,2.4390243902439024,0.0,9.75609756097561,26.829268292682926,0.0,375.609756097561,4.878048780487805,0.0,31.70731707317073,0.0,0.0,0.0,0.0,29.26829268292683,0.0,0.0,2.4390243902439024,0.0,0.0,0.0,2.4390243902439024,0.0,0.0,4.878048780487805,2.4390243902439024,0.0,0.0,2.4390243902439024,80.48780487804878,82.92682926829269,4.878048780487805,82.92682926829269,0.4936061381074169,4.930946291560102,19.51219512195122,7.317073170731708,0.0,0.0,14.634146341463415,0.0,9.75609756097561,4.878048780487805,2.4390243902439024,0.0,2.4390243902439024,7.317073170731708,2.4390243902439024,0.0,4.878048780487805,0.0,0.0,2.4390243902439024,2.4390243902439024,0.0,4.878048780487805,0.0,7.317073170731708
N16-1035,0.0,9.592326139088728,55.15587529976019,2.398081534772182,4.796163069544364,14.388489208633095,0.0,7.194244604316547,4.796163069544364,0.0,0.0,0.0,14.388489208633095,55.15587529976019,0.0,323.7410071942446,16.786570743405274,0.0,7.194244604316547,0.0,0.0,0.0,0.0,16.786570743405274,0.0,0.0,7.194244604316547,7.194244604316547,0.0,0.0,7.194244604316547,0.0,2.398081534772182,0.0,0.0,0.0,0.0,0.0,129.49640287769785,69.54436450839329,2.398081534772182,47.961630695443645,0.5541871921182266,5.327586206896552,9.592326139088728,0.0,0.0,2.398081534772182,2.398081534772182,0.0,2.398081534772182,4.796163069544364,0.0,0.0,4.796163069544364,14.388489208633095,0.0,0.0,0.0,0.0,0.0,0.0,11.990407673860911,2.398081534772182,0.0,0.0,0.0
C18-1092,0.0,2.4813895781637716,66.99751861042184,2.4813895781637716,0.0,12.40694789081886,0.0,2.4813895781637716,9.925558312655086,4.962779156327543,0.0,0.0,2.4813895781637716,91.81141439205956,4.962779156327543,354.8387096774194,4.962779156327543,0.0,24.81389578163772,4.962779156327543,0.0,0.0,0.0,17.3697270471464,0.0,0.0,2.4813895781637716,2.4813895781637716,0.0,0.0,2.4813895781637716,0.0,0.0,0.0,0.0,0.0,0.0,7.444168734491315,104.21836228287842,69.4789081885856,12.40694789081886,19.851116625310173,0.46786632390745503,5.251928020565552,4.962779156327543,2.4813895781637716,0.0,0.0,9.925558312655086,0.0,9.925558312655086,4.962779156327543,0.0,0.0,0.0,9.925558312655086,0.0,0.0,0.0,0.0,0.0,0.0,4.962779156327543,12.40694789081886,0.0,0.0,0.0
D15-1022,2.2624434389140275,4.524886877828055,45.24886877828054,2.2624434389140275,2.2624434389140275,13.574660633484163,0.0,4.524886877828055,4.524886877828055,2.2624434389140275,0.0,0.0,13.574660633484163,79.18552036199095,0.0,219.45701357466064,4.524886877828055,0.0,18.09954751131222,2.2624434389140275,2.2624434389140275,0.0,0.0,18.09954751131222,2.2624434389140275,0.0,4.524886877828055,2.2624434389140275,9.04977375565611,0.0,0.0,0.0,0.0,0.0,0.0,2.2624434389140275,0.0,9.04977375565611,126.69683257918551,92.76018099547511,9.04977375565611,56.56108597285068,0.4872389791183295,5.477958236658933,13.574660633484163,0.0,0.0,0.0,13.574660633484163,0.0,11.312217194570135,9.04977375565611,4.524886877828055,6.787330316742081,4.524886877828055,24.886877828054295,0.0,0.0,2.2624434389140275,0.0,0.0,0.0,13.574660633484163,9.04977375565611,0.0,0.0,2.2624434389140275
P10-1133,4.672897196261682,0.0,53.73831775700935,4.672897196261682,0.0,9.345794392523365,0.0,4.672897196261682,11.682242990654204,0.0,0.0,0.0,0.0,53.73831775700935,0.0,259.3457943925234,11.682242990654204,0.0,42.05607476635514,2.336448598130841,4.672897196261682,0.0,0.0,23.36448598130841,2.336448598130841,0.0,0.0,2.336448598130841,0.0,0.0,0.0,0.0,0.0,0.0,0.0,0.0,2.336448598130841,4.672897196261682,128.50467289719626,93.45794392523364,16.355140186915886,42.05607476635514,0.5,5.293269230769231,16.355140186915886,0.0,0.0,2.336448598130841,2.336448598130841,0.0,4.672897196261682,11.682242990654204,0.0,0.0,2.336448598130841,14.018691588785046,11.682242990654204,0.0,0.0,0.0,2.336448598130841,0.0,2.336448598130841,21.02803738317757,2.336448598130841,2.336448598130841,4.672897196261682
P10-1128,9.237875288683602,11.547344110854503,39.260969976905315,0.0,2.3094688221709005,2.3094688221709005,0.0,6.928406466512702,6.928406466512702,2.3094688221709005,0.0,0.0,2.3094688221709005,57.736720554272516,6.928406466512702,362.5866050808314,11.547344110854503,2.3094688221709005,4.618937644341801,0.0,6.928406466512702,0.0,0.0,9.237875288683602,6.928406466512702,2.3094688221709005,6.928406466512702,2.3094688221709005,0.0,0.0,0.0,0.0,0.0,0.0,2.3094688221709005,0.0,0.0,4.618937644341801,133.94919168591224,62.35565819861432,2.3094688221709005,32.33256351039261,0.5302663438256658,5.523002421307506,9.237875288683602,4.618937644341801,0.0,2.3094688221709005,4.618937644341801,0.0,6.928406466512702,0.0,2.3094688221709005,0.0,2.3094688221709005,4.618937644341801,0.0,0.0,0.0,0.0,0.0,0.0,2.3094688221709005,4.618937644341801,0.0,0.0,0.0
D12-1084,0.0,7.281553398058253,75.24271844660194,0.0,0.0,14.563106796116505,0.0,19.41747572815534,4.854368932038835,4.854368932038835,0.0,0.0,9.70873786407767,41.2621359223301,9.70873786407767,344.6601941747573,12.135922330097086,0.0,19.41747572815534,0.0,4.854368932038835,0.0,0.0,7.281553398058253,2.4271844660194173,2.4271844660194173,2.4271844660194173,0.0,7.281553398058253,0.0,0.0,0.0,0.0,2.4271844660194173,0.0,0.0,9.70873786407767,2.4271844660194173,106.79611650485437,101.94174757281553,7.281553398058253,21.844660194174757,0.543859649122807,5.456140350877193,4.854368932038835,2.4271844660194173,0.0,4.854368932038835,2.4271844660194173,0.0,7.281553398058253,2.4271844660194173,2.4271844660194173,0.0,4.854368932038835,12.135922330097086,9.70873786407767,2.4271844660194173,0.0,0.0,0.0,0.0,2.4271844660194173,2.4271844660194173,4.854368932038835,0.0,2.4271844660194173
C18-1299,0.0,9.900990099009901,56.93069306930693,4.9504950495049505,2.4752475247524752,9.900990099009901,0.0,0.0,12.376237623762377,0.0,0.0,0.0,14.85148514851485,39.603960396039604,7.425742574257425,371.28712871287127,9.900990099009901,2.4752475247524752,19.801980198019802,0.0,0.0,0.0,0.0,17.32673267326733,2.4752475247524752,0.0,4.9504950495049505,0.0,2.4752475247524752,0.0,2.4752475247524752,0.0,0.0,2.4752475247524752,0.0,0.0,0.0,4.9504950495049505,103.96039603960395,54.45544554455446,14.85148514851485,34.65346534653466,0.5503875968992248,5.118863049095607,7.425742574257425,0.0,0.0,0.0,2.4752475247524752,0.0,9.900990099009901,4.9504950495049505,0.0,4.9504950495049505,4.9504950495049505,7.425742574257425,2.4752475247524752,0.0,4.9504950495049505,0.0,0.0,0.0,4.9504950495049505,4.9504950495049505,2.4752475247524752,0.0,0.0
N15-1046,0.0,2.450980392156863,66.17647058823529,2.450980392156863,0.0,26.96078431372549,17.156862745098042,44.11764705882353,9.803921568627452,2.450980392156863,0.0,0.0,12.254901960784313,12.254901960784313,0.0,205.88235294117646,14.705882352941176,2.450980392156863,22.058823529411764,0.0,0.0,0.0,0.0,17.156862745098042,0.0,0.0,0.0,0.0,4.901960784313726,2.450980392156863,0.0,0.0,0.0,0.0,2.450980392156863,0.0,7.352941176470588,4.901960784313726,125.0,90.68627450980392,2.450980392156863,44.11764705882353,0.494949494949495,4.71969696969697,4.901960784313726,0.0,0.0,0.0,4.901960784313726,0.0,4.901960784313726,14.705882352941176,0.0,9.803921568627452,4.901960784313726,2.450980392156863,2.450980392156863,2.450980392156863,14.705882352941176,0.0,0.0,0.0,7.352941176470588,4.901960784313726,9.803921568627452,0.0,19.607843137254903
D12-1017,4.866180048661801,0.0,34.0632603406326,0.0,0.0,4.866180048661801,2.4330900243309004,9.732360097323602,0.0,4.866180048661801,0.0,0.0,4.866180048661801,53.5279805352798,14.598540145985401,274.93917274939173,9.732360097323602,4.866180048661801,12.165450121654501,0.0,2.4330900243309004,0.0,2.4330900243309004,9.732360097323602,2.4330900243309004,0.0,0.0,2.4330900243309004,0.0,0.0,0.0,0.0,0.0,0.0,0.0,0.0,0.0,4.866180048661801,136.2530413625304,72.992700729927,7.299270072992701,55.961070559610704,0.5229591836734694,5.280612244897959,9.732360097323602,2.4330900243309004,0.0,0.0,0.0,0.0,7.299270072992701,14.598540145985401,0.0,7.299270072992701,0.0,4.866180048661801,4.866180048661801,0.0,0.0,0.0,0.0,0.0,4.866180048661801,4.866180048661801,0.0,0.0,2.4330900243309004
P12-1080,2.4630541871921183,0.0,46.79802955665024,0.0,2.4630541871921183,14.778325123152708,0.0,19.704433497536947,2.4630541871921183,2.4630541871921183,0.0,0.0,14.778325123152708,32.01970443349754,2.4630541871921183,283.2512315270936,9.852216748768473,2.4630541871921183,17.241379310344826,2.4630541871921183,4.926108374384237,0.0,0.0,27.093596059113302,0.0,0.0,2.4630541871921183,4.926108374384237,2.4630541871921183,2.4630541871921183,0.0,0.0,4.926108374384237,2.4630541871921183,0.0,2.4630541871921183,0.0,4.926108374384237,113.30049261083744,81.2807881773399,4.926108374384237,61.576354679802954,0.5505050505050505,5.421717171717172,12.315270935960593,2.4630541871921183,0.0,0.0,7.389162561576354,0.0,7.389162561576354,12.315270935960593,0.0,0.0,2.4630541871921183,7.389162561576354,4.926108374384237,2.4630541871921183,0.0,0.0,2.4630541871921183,0.0,4.926108374384237,2.4630541871921183,0.0,4.926108374384237,9.852216748768473
D18-1473,0.0,7.042253521126761,61.032863849765256,0.0,0.0,9.389671361502348,0.0,0.0,7.042253521126761,4.694835680751174,0.0,2.347417840375587,7.042253521126761,65.72769953051643,4.694835680751174,253.52112676056336,11.737089201877934,0.0,11.737089201877934,2.347417840375587,0.0,0.0,0.0,16.431924882629108,4.694835680751174,2.347417840375587,0.0,2.347417840375587,4.694835680751174,2.347417840375587,0.0,0.0,4.694835680751174,0.0,0.0,0.0,2.347417840375587,4.694835680751174,147.88732394366198,119.71830985915493,4.694835680751174,51.64319248826291,0.5059101654846335,5.390070921985815,2.347417840375587,0.0,0.0,0.0,7.042253521126761,0.0,11.737089201877934,4.694835680751174,0.0,2.347417840375587,0.0,11.737089201877934,4.694835680751174,0.0,0.0,0.0,0.0,2.347417840375587,4.694835680751174,2.347417840375587,0.0,0.0,2.347417840375587
D13-1148,0.0,2.493765586034913,77.3067331670823,0.0,0.0,12.468827930174564,0.0,9.975062344139651,0.0,0.0,0.0,0.0,12.468827930174564,14.962593516209475,2.493765586034913,344.1396508728179,14.962593516209475,2.493765586034913,9.975062344139651,0.0,2.493765586034913,0.0,0.0,7.481296758104738,0.0,0.0,2.493765586034913,2.493765586034913,9.975062344139651,0.0,0.0,0.0,0.0,2.493765586034913,4.987531172069826,0.0,0.0,2.493765586034913,122.19451371571071,69.82543640897755,2.493765586034913,22.443890274314214,0.5052083333333334,5.020833333333333,7.481296758104738,2.493765586034913,0.0,0.0,0.0,0.0,7.481296758104738,9.975062344139651,2.493765586034913,0.0,0.0,22.443890274314214,2.493765586034913,0.0,0.0,0.0,0.0,0.0,0.0,0.0,4.987531172069826,0.0,7.481296758104738
D18-1314,0.0,2.4691358024691357,41.97530864197531,0.0,2.4691358024691357,4.938271604938271,0.0,0.0,4.938271604938271,7.407407407407407,0.0,0.0,4.938271604938271,54.32098765432099,14.814814814814815,390.12345679012344,2.4691358024691357,2.4691358024691357,9.876543209876543,0.0,0.0,0.0,0.0,4.938271604938271,4.938271604938271,2.4691358024691357,4.938271604938271,2.4691358024691357,2.4691358024691357,0.0,0.0,0.0,0.0,0.0,0.0,2.4691358024691357,2.4691358024691357,2.4691358024691357,111.1111111111111,76.54320987654322,2.4691358024691357,19.753086419753085,0.5743589743589743,5.482051282051282,7.407407407407407,0.0,0.0,2.4691358024691357,0.0,0.0,9.876543209876543,2.4691358024691357,0.0,2.4691358024691357,0.0,0.0,2.4691358024691357,0.0,0.0,0.0,0.0,0.0,2.4691358024691357,4.938271604938271,2.4691358024691357,0.0,0.0
D09-1031,4.716981132075471,0.0,58.9622641509434,2.3584905660377355,0.0,16.50943396226415,0.0,4.716981132075471,2.3584905660377355,2.3584905660377355,0.0,0.0,14.150943396226415,61.320754716981135,7.0754716981132075,301.88679245283015,9.433962264150942,0.0,16.50943396226415,4.716981132075471,2.3584905660377355,0.0,0.0,9.433962264150942,0.0,0.0,11.79245283018868,4.716981132075471,4.716981132075471,0.0,4.716981132075471,0.0,2.3584905660377355,2.3584905660377355,0.0,0.0,0.0,7.0754716981132075,125.0,68.39622641509433,2.3584905660377355,49.528301886792455,0.5472154963680388,5.736077481840193,4.716981132075471,2.3584905660377355,4.716981132075471,2.3584905660377355,9.433962264150942,0.0,9.433962264150942,2.3584905660377355,0.0,0.0,2.3584905660377355,9.433962264150942,9.433962264150942,0.0,0.0,0.0,0.0,0.0,0.0,18.867924528301884,4.716981132075471,0.0,0.0
N16-1019,0.0,4.88997555012225,68.45965770171149,0.0,0.0,9.7799511002445,0.0,2.444987775061125,0.0,0.0,0.0,2.444987775061125,17.114914425427873,61.12469437652811,7.334963325183374,293.398533007335,24.44987775061125,2.444987775061125,12.224938875305625,0.0,0.0,0.0,0.0,14.669926650366747,0.0,0.0,4.88997555012225,0.0,4.88997555012225,0.0,2.444987775061125,0.0,2.444987775061125,7.334963325183374,0.0,0.0,0.0,4.88997555012225,114.91442542787286,63.56968215158924,0.0,26.89486552567237,0.45685279187817257,5.040609137055838,17.114914425427873,0.0,0.0,0.0,0.0,0.0,7.334963325183374,4.88997555012225,0.0,0.0,2.444987775061125,12.224938875305625,2.444987775061125,0.0,0.0,0.0,0.0,2.444987775061125,7.334963325183374,7.334963325183374,2.444987775061125,0.0,4.88997555012225
N18-1175,7.263922518159807,2.4213075060532687,75.06053268765133,0.0,0.0,16.949152542372882,0.0,9.685230024213075,12.106537530266344,0.0,0.0,0.0,14.527845036319613,41.16222760290557,2.4213075060532687,261.50121065375305,16.949152542372882,0.0,21.791767554479417,4.842615012106537,7.263922518159807,0.0,0.0,7.263922518159807,4.842615012106537,0.0,4.842615012106537,0.0,2.4213075060532687,0.0,0.0,0.0,2.4213075060532687,0.0,0.0,4.842615012106537,2.4213075060532687,4.842615012106537,104.11622276029055,87.16707021791767,7.263922518159807,43.583535108958834,0.5824742268041238,5.373711340206185,4.842615012106537,4.842615012106537,0.0,0.0,12.106537530266344,0.0,2.4213075060532687,4.842615012106537,0.0,0.0,7.263922518159807,14.527845036319613,4.842615012106537,2.4213075060532687,2.4213075060532687,2.4213075060532687,0.0,2.4213075060532687,7.263922518159807,9.685230024213075,9.685230024213075,2.4213075060532687,2.4213075060532687
P09-1062,0.0,12.254901960784313,68.62745098039217,0.0,0.0,0.0,0.0,2.450980392156863,9.803921568627452,0.0,0.0,2.450980392156863,17.156862745098042,41.666666666666664,0.0,289.21568627450984,22.058823529411764,2.450980392156863,29.41176470588235,0.0,0.0,0.0,2.450980392156863,19.607843137254903,0.0,0.0,4.901960784313726,2.450980392156863,0.0,2.450980392156863,0.0,0.0,4.901960784313726,0.0,0.0,7.352941176470588,2.450980392156863,0.0,98.0392156862745,90.68627450980392,7.352941176470588,68.62745098039217,0.5753768844221105,5.673366834170854,7.352941176470588,0.0,0.0,0.0,12.254901960784313,0.0,7.352941176470588,4.901960784313726,0.0,0.0,4.901960784313726,7.352941176470588,2.450980392156863,0.0,0.0,0.0,0.0,0.0,7.352941176470588,12.254901960784313,2.450980392156863,2.450980392156863,9.803921568627452
D17-1122,2.4390243902439024,4.878048780487805,58.53658536585366,0.0,2.4390243902439024,12.195121951219512,0.0,7.317073170731708,2.4390243902439024,0.0,0.0,0.0,9.75609756097561,68.29268292682927,12.195121951219512,334.1463414634147,14.634146341463415,0.0,9.75609756097561,0.0,2.4390243902439024,0.0,0.0,12.195121951219512,2.4390243902439024,2.4390243902439024,4.878048780487805,2.4390243902439024,0.0,2.4390243902439024,2.4390243902439024,0.0,0.0,2.4390243902439024,0.0,0.0,0.0,4.878048780487805,107.3170731707317,56.09756097560976,2.4390243902439024,34.146341463414636,0.5227272727272727,5.265151515151516,0.0,0.0,0.0,0.0,0.0,0.0,7.317073170731708,7.317073170731708,2.4390243902439024,0.0,0.0,17.073170731707318,9.75609756097561,0.0,0.0,0.0,0.0,0.0,2.4390243902439024,9.75609756097561,2.4390243902439024,0.0,2.4390243902439024
D17-1154,14.742014742014742,12.285012285012284,49.140049140049136,0.0,2.457002457002457,9.828009828009828,0.0,0.0,2.457002457002457,2.457002457002457,0.0,0.0,4.914004914004914,27.027027027027028,31.94103194103194,469.28746928746926,14.742014742014742,0.0,9.828009828009828,0.0,2.457002457002457,0.0,0.0,22.11302211302211,0.0,0.0,0.0,0.0,2.457002457002457,0.0,2.457002457002457,0.0,0.0,0.0,0.0,2.457002457002457,2.457002457002457,4.914004914004914,90.9090909090909,56.511056511056516,4.914004914004914,27.027027027027028,0.5264550264550265,5.087301587301587,4.914004914004914,0.0,0.0,0.0,2.457002457002457,0.0,0.0,2.457002457002457,0.0,0.0,0.0,4.914004914004914,12.285012285012284,0.0,0.0,0.0,0.0,0.0,7.371007371007371,9.828009828009828,2.457002457002457,0.0,2.457002457002457
D13-1066,4.987531172069826,0.0,87.28179551122194,2.493765586034913,0.0,19.950124688279303,0.0,2.493765586034913,2.493765586034913,0.0,0.0,0.0,29.92518703241895,64.83790523690773,2.493765586034913,179.5511221945137,27.43142144638404,4.987531172069826,27.43142144638404,0.0,4.987531172069826,0.0,0.0,19.950124688279303,0.0,0.0,0.0,7.481296758104738,19.950124688279303,0.0,0.0,0.0,0.0,7.481296758104738,0.0,0.0,0.0,2.493765586034913,94.76309226932668,89.77556109725685,14.962593516209475,54.86284289276808,0.47848101265822784,5.556962025316456,17.456359102244388,0.0,0.0,0.0,4.987531172069826,0.0,7.481296758104738,7.481296758104738,2.493765586034913,0.0,0.0,37.406483790523694,7.481296758104738,0.0,9.975062344139651,0.0,0.0,2.493765586034913,12.468827930174564,17.456359102244388,7.481296758104738,2.493765586034913,4.987531172069826
D10-1007,0.0,6.772009029345372,42.88939051918736,2.257336343115124,2.257336343115124,13.544018058690744,0.0,2.257336343115124,4.514672686230248,0.0,2.257336343115124,0.0,15.80135440180587,13.544018058690744,2.257336343115124,259.5936794582393,9.029345372460496,4.514672686230248,15.80135440180587,0.0,2.257336343115124,0.0,0.0,15.80135440180587,6.772009029345372,0.0,4.514672686230248,2.257336343115124,6.772009029345372,0.0,2.257336343115124,0.0,2.257336343115124,4.514672686230248,0.0,4.514672686230248,2.257336343115124,6.772009029345372,108.35214446952595,139.9548532731377,0.0,69.97742663656885,0.47126436781609193,5.418390804597701,15.80135440180587,0.0,0.0,0.0,2.257336343115124,0.0,6.772009029345372,18.05869074492099,0.0,13.544018058690744,0.0,9.029345372460496,0.0,0.0,0.0,0.0,2.257336343115124,0.0,13.544018058690744,11.286681715575622,0.0,0.0,6.772009029345372
P16-1016,7.263922518159807,2.4213075060532687,58.11138014527845,2.4213075060532687,0.0,0.0,0.0,26.634382566585955,4.842615012106537,0.0,0.0,0.0,9.685230024213075,21.791767554479417,14.527845036319613,266.3438256658596,14.527845036319613,2.4213075060532687,26.634382566585955,2.4213075060532687,2.4213075060532687,0.0,0.0,7.263922518159807,0.0,0.0,0.0,0.0,2.4213075060532687,0.0,0.0,0.0,0.0,4.842615012106537,0.0,0.0,0.0,2.4213075060532687,121.06537530266344,101.6949152542373,9.685230024213075,62.953995157384995,0.5247524752475248,5.054455445544554,9.685230024213075,9.685230024213075,0.0,4.842615012106537,0.0,0.0,2.4213075060532687,16.949152542372882,0.0,0.0,4.842615012106537,4.842615012106537,0.0,0.0,0.0,0.0,2.4213075060532687,0.0,12.106537530266344,0.0,7.263922518159807,0.0,9.685230024213075
C12-1042,11.933174224343675,9.546539379474941,64.43914081145586,0.0,2.3866348448687353,19.093078758949883,14.319809069212411,9.546539379474941,7.159904534606206,0.0,2.3866348448687353,0.0,19.093078758949883,26.252983293556085,4.773269689737471,269.6897374701671,11.933174224343675,2.3866348448687353,7.159904534606206,0.0,2.3866348448687353,2.3866348448687353,0.0,19.093078758949883,2.3866348448687353,0.0,2.3866348448687353,7.159904534606206,7.159904534606206,0.0,4.773269689737471,0.0,0.0,0.0,0.0,0.0,2.3866348448687353,4.773269689737471,95.4653937947494,81.14558472553699,4.773269689737471,50.11933174224344,0.5804878048780487,5.1414634146341465,2.3866348448687353,4.773269689737471,0.0,0.0,2.3866348448687353,0.0,4.773269689737471,7.159904534606206,2.3866348448687353,0.0,2.3866348448687353,14.319809069212411,4.773269689737471,0.0,2.3866348448687353,0.0,0.0,2.3866348448687353,7.159904534606206,4.773269689737471,2.3866348448687353,0.0,4.773269689737471
P14-1060,2.3809523809523814,4.761904761904763,47.61904761904761,2.3809523809523814,0.0,7.142857142857142,0.0,7.142857142857142,7.142857142857142,9.523809523809526,0.0,0.0,2.3809523809523814,38.0952380952381,33.333333333333336,235.71428571428572,9.523809523809526,4.761904761904763,28.57142857142857,0.0,2.3809523809523814,0.0,0.0,11.904761904761903,0.0,0.0,0.0,2.3809523809523814,0.0,0.0,0.0,0.0,0.0,0.0,0.0,0.0,4.761904761904763,4.761904761904763,123.80952380952381,123.80952380952381,11.904761904761903,57.14285714285714,0.5700245700245701,5.7518427518427515,9.523809523809526,4.761904761904763,0.0,4.761904761904763,4.761904761904763,0.0,4.761904761904763,11.904761904761903,4.761904761904763,2.3809523809523814,2.3809523809523814,16.666666666666668,2.3809523809523814,2.3809523809523814,7.142857142857142,0.0,2.3809523809523814,2.3809523809523814,9.523809523809526,2.3809523809523814,0.0,0.0,2.3809523809523814
D14-1022,24.390243902439025,4.878048780487805,41.463414634146346,2.4390243902439024,2.4390243902439024,7.317073170731708,0.0,4.878048780487805,0.0,0.0,0.0,0.0,9.75609756097561,60.97560975609756,0.0,309.7560975609756,19.51219512195122,2.4390243902439024,14.634146341463415,0.0,2.4390243902439024,0.0,0.0,12.195121951219512,0.0,0.0,12.195121951219512,2.4390243902439024,4.878048780487805,0.0,0.0,0.0,0.0,2.4390243902439024,2.4390243902439024,0.0,4.878048780487805,0.0,97.5609756097561,85.3658536585366,4.878048780487805,43.90243902439024,0.47368421052631576,5.43859649122807,12.195121951219512,0.0,0.0,2.4390243902439024,0.0,0.0,17.073170731707318,14.634146341463415,0.0,2.4390243902439024,0.0,7.317073170731708,2.4390243902439024,0.0,0.0,2.4390243902439024,0.0,0.0,4.878048780487805,4.878048780487805,0.0,2.4390243902439024,4.878048780487805
N12-1044,0.0,2.398081534772182,67.1462829736211,0.0,0.0,0.0,0.0,2.398081534772182,4.796163069544364,0.0,0.0,0.0,11.990407673860911,117.50599520383693,4.796163069544364,256.5947242206235,9.592326139088728,4.796163069544364,14.388489208633095,0.0,0.0,0.0,0.0,2.398081534772182,0.0,0.0,4.796163069544364,2.398081534772182,0.0,0.0,0.0,0.0,0.0,7.194244604316547,0.0,2.398081534772182,0.0,7.194244604316547,153.47721822541965,98.32134292565947,0.0,35.97122302158273,0.45232273838630804,6.06356968215159,2.398081534772182,0.0,0.0,0.0,0.0,0.0,4.796163069544364,4.796163069544364,0.0,0.0,2.398081534772182,7.194244604316547,0.0,0.0,0.0,0.0,0.0,0.0,7.194244604316547,7.194244604316547,2.398081534772182,0.0,0.0
N15-1016,2.444987775061125,4.88997555012225,56.23471882640587,4.88997555012225,0.0,4.88997555012225,0.0,12.224938875305625,0.0,2.444987775061125,0.0,0.0,17.114914425427873,41.56479217603912,9.7799511002445,286.0635696821516,7.334963325183374,2.444987775061125,9.7799511002445,0.0,2.444987775061125,0.0,0.0,4.88997555012225,2.444987775061125,0.0,2.444987775061125,0.0,4.88997555012225,0.0,0.0,0.0,4.88997555012225,0.0,0.0,0.0,0.0,4.88997555012225,136.91931540342298,107.57946210268948,4.88997555012225,83.12958435207824,0.5527638190954773,5.6206030150753765,4.88997555012225,2.444987775061125,0.0,7.334963325183374,7.334963325183374,0.0,9.7799511002445,2.444987775061125,2.444987775061125,0.0,4.88997555012225,14.669926650366747,2.444987775061125,0.0,0.0,0.0,0.0,0.0,4.88997555012225,14.669926650366747,2.444987775061125,4.88997555012225,7.334963325183374
C18-1284,11.961722488038278,9.569377990430622,55.02392344497608,0.0,2.3923444976076556,9.569377990430622,0.0,2.3923444976076556,7.177033492822967,4.784688995215311,0.0,2.3923444976076556,11.961722488038278,31.10047846889952,0.0,296.6507177033493,14.354066985645934,0.0,14.354066985645934,0.0,2.3923444976076556,0.0,0.0,9.569377990430622,0.0,0.0,4.784688995215311,0.0,2.3923444976076556,0.0,0.0,0.0,0.0,2.3923444976076556,0.0,0.0,0.0,11.961722488038278,138.755980861244,76.55502392344498,4.784688995215311,38.27751196172249,0.4841075794621027,4.951100244498778,9.569377990430622,0.0,0.0,0.0,4.784688995215311,0.0,11.961722488038278,4.784688995215311,0.0,0.0,16.74641148325359,16.74641148325359,0.0,0.0,0.0,0.0,0.0,0.0,4.784688995215311,11.961722488038278,0.0,0.0,0.0
D17-1309,0.0,7.352941176470588,53.92156862745098,2.450980392156863,0.0,14.705882352941176,0.0,2.450980392156863,0.0,0.0,0.0,0.0,7.352941176470588,31.862745098039213,7.352941176470588,382.35294117647055,9.803921568627452,0.0,12.254901960784313,0.0,2.450980392156863,0.0,0.0,9.803921568627452,0.0,0.0,2.450980392156863,2.450980392156863,2.450980392156863,2.450980392156863,0.0,0.0,0.0,0.0,0.0,0.0,0.0,2.450980392156863,127.45098039215685,44.11764705882353,4.901960784313726,31.862745098039213,0.5699481865284974,5.015544041450777,14.705882352941176,4.901960784313726,0.0,2.450980392156863,0.0,0.0,4.901960784313726,7.352941176470588,0.0,0.0,2.450980392156863,2.450980392156863,4.901960784313726,0.0,0.0,0.0,0.0,0.0,4.901960784313726,4.901960784313726,2.450980392156863,0.0,2.450980392156863
P10-1031,2.444987775061125,7.334963325183374,63.56968215158924,0.0,4.88997555012225,12.224938875305625,0.0,7.334963325183374,19.559902200489,0.0,0.0,0.0,7.334963325183374,26.89486552567237,9.7799511002445,273.83863080684597,14.669926650366747,0.0,29.339853300733495,4.88997555012225,2.444987775061125,0.0,0.0,24.44987775061125,2.444987775061125,0.0,7.334963325183374,0.0,2.444987775061125,0.0,0.0,0.0,2.444987775061125,2.444987775061125,0.0,0.0,0.0,0.0,102.68948655256723,68.45965770171149,17.114914425427873,61.12469437652811,0.5486284289276808,5.199501246882793,7.334963325183374,4.88997555012225,0.0,12.224938875305625,9.7799511002445,0.0,2.444987775061125,9.7799511002445,0.0,4.88997555012225,2.444987775061125,4.88997555012225,4.88997555012225,2.444987775061125,0.0,0.0,0.0,0.0,7.334963325183374,9.7799511002445,9.7799511002445,0.0,0.0
N13-1093,4.975124378109452,2.487562189054726,47.2636815920398,9.950248756218905,4.975124378109452,12.437810945273633,0.0,2.487562189054726,7.462686567164179,0.0,0.0,0.0,14.925373134328359,62.18905472636816,2.487562189054726,263.681592039801,12.437810945273633,2.487562189054726,24.875621890547265,7.462686567164179,2.487562189054726,0.0,0.0,14.925373134328359,0.0,0.0,7.462686567164179,2.487562189054726,2.487562189054726,0.0,0.0,0.0,0.0,0.0,0.0,0.0,9.950248756218905,4.975124378109452,119.40298507462687,47.2636815920398,4.975124378109452,62.18905472636816,0.5039164490861618,4.885117493472585,7.462686567164179,2.487562189054726,0.0,2.487562189054726,2.487562189054726,0.0,17.412935323383085,12.437810945273633,4.975124378109452,4.975124378109452,4.975124378109452,17.412935323383085,2.487562189054726,2.487562189054726,0.0,0.0,0.0,0.0,0.0,2.487562189054726,0.0,2.487562189054726,14.925373134328359
D18-1494,0.0,0.0,56.79012345679013,0.0,2.4691358024691357,7.407407407407407,0.0,2.4691358024691357,0.0,2.4691358024691357,0.0,0.0,9.876543209876543,46.91358024691358,4.938271604938271,385.18518518518516,19.753086419753085,0.0,14.814814814814815,0.0,0.0,0.0,0.0,19.753086419753085,0.0,0.0,4.938271604938271,0.0,0.0,0.0,2.4691358024691357,0.0,0.0,4.938271604938271,2.4691358024691357,0.0,0.0,4.938271604938271,106.17283950617285,61.72839506172839,4.938271604938271,41.97530864197531,0.5191815856777494,5.631713554987212,9.876543209876543,4.938271604938271,0.0,0.0,9.876543209876543,0.0,4.938271604938271,12.345679012345679,0.0,0.0,0.0,9.876543209876543,7.407407407407407,0.0,0.0,0.0,0.0,0.0,2.4691358024691357,12.345679012345679,2.4691358024691357,0.0,2.4691358024691357
D14-1038,0.0,0.0,66.17647058823529,0.0,0.0,4.901960784313726,0.0,9.803921568627452,2.450980392156863,2.450980392156863,2.450980392156863,0.0,24.509803921568626,34.313725490196084,2.450980392156863,362.7450980392157,7.352941176470588,0.0,17.156862745098042,0.0,0.0,0.0,0.0,12.254901960784313,0.0,0.0,2.450980392156863,4.901960784313726,14.705882352941176,0.0,2.450980392156863,0.0,0.0,0.0,0.0,0.0,0.0,4.901960784313726,125.0,66.17647058823529,2.450980392156863,19.607843137254903,0.5153061224489796,5.204081632653061,17.156862745098042,0.0,0.0,0.0,7.352941176470588,0.0,7.352941176470588,7.352941176470588,0.0,0.0,2.450980392156863,7.352941176470588,0.0,2.450980392156863,0.0,0.0,0.0,0.0,4.901960784313726,4.901960784313726,0.0,0.0,2.450980392156863
D09-1100,0.0,0.0,60.150375939849624,0.0,0.0,17.543859649122805,2.506265664160401,2.506265664160401,5.012531328320802,5.012531328320802,0.0,0.0,5.012531328320802,52.63157894736842,20.050125313283207,243.1077694235589,7.518796992481203,0.0,27.56892230576441,0.0,0.0,0.0,2.506265664160401,32.581453634085214,5.012531328320802,2.506265664160401,7.518796992481203,0.0,0.0,0.0,0.0,0.0,0.0,0.0,0.0,2.506265664160401,2.506265664160401,22.55639097744361,105.26315789473684,60.150375939849624,10.025062656641603,40.100250626566414,0.48984771573604063,5.2030456852791875,5.012531328320802,5.012531328320802,0.0,0.0,2.506265664160401,0.0,17.543859649122805,15.037593984962406,5.012531328320802,2.506265664160401,7.518796992481203,35.08771929824561,15.037593984962406,0.0,0.0,0.0,0.0,2.506265664160401,2.506265664160401,10.025062656641603,5.012531328320802,2.506265664160401,5.012531328320802
N18-1176,0.0,14.705882352941176,83.33333333333333,0.0,0.0,31.862745098039213,0.0,7.352941176470588,0.0,2.450980392156863,0.0,0.0,12.254901960784313,73.52941176470588,2.450980392156863,257.35294117647055,2.450980392156863,0.0,19.607843137254903,0.0,2.450980392156863,0.0,0.0,7.352941176470588,2.450980392156863,0.0,4.901960784313726,4.901960784313726,4.901960784313726,2.450980392156863,0.0,0.0,0.0,2.450980392156863,0.0,0.0,0.0,4.901960784313726,139.7058823529412,83.33333333333333,7.352941176470588,34.313725490196084,0.45409429280397023,5.669975186104218,7.352941176470588,0.0,0.0,0.0,2.450980392156863,0.0,9.803921568627452,2.450980392156863,0.0,0.0,7.352941176470588,12.254901960784313,0.0,0.0,0.0,0.0,0.0,0.0,0.0,14.705882352941176,17.156862745098042,0.0,4.901960784313726
C10-1091,0.0,0.0,82.74231678486997,0.0,0.0,18.912529550827422,0.0,9.456264775413711,11.82033096926714,4.7281323877068555,2.3640661938534278,0.0,21.27659574468085,30.73286052009456,7.092198581560283,226.95035460992906,9.456264775413711,0.0,26.004728132387708,0.0,2.3640661938534278,0.0,0.0,18.912529550827422,0.0,0.0,7.092198581560283,0.0,4.7281323877068555,0.0,4.7281323877068555,0.0,2.3640661938534278,4.7281323877068555,0.0,0.0,2.3640661938534278,11.82033096926714,96.92671394799055,92.19858156028369,7.092198581560283,73.28605200945626,0.5323741007194245,4.976019184652278,7.092198581560283,11.82033096926714,0.0,7.092198581560283,4.7281323877068555,0.0,11.82033096926714,14.184397163120567,2.3640661938534278,2.3640661938534278,0.0,9.456264775413711,9.456264775413711,2.3640661938534278,0.0,0.0,0.0,0.0,4.7281323877068555,7.092198581560283,11.82033096926714,2.3640661938534278,18.912529550827422
D10-1055,4.914004914004914,2.457002457002457,51.597051597051596,2.457002457002457,4.914004914004914,0.0,0.0,0.0,12.285012285012284,2.457002457002457,0.0,0.0,24.570024570024568,39.31203931203931,22.11302211302211,233.41523341523342,27.027027027027028,0.0,19.656019656019655,0.0,0.0,0.0,0.0,22.11302211302211,0.0,2.457002457002457,2.457002457002457,0.0,9.828009828009828,0.0,0.0,0.0,2.457002457002457,0.0,0.0,0.0,0.0,9.828009828009828,127.76412776412776,98.28009828009827,7.371007371007371,54.054054054054056,0.47,5.27,4.914004914004914,4.914004914004914,0.0,0.0,2.457002457002457,0.0,4.914004914004914,14.742014742014742,4.914004914004914,0.0,0.0,17.1990171990172,17.1990171990172,0.0,0.0,0.0,0.0,4.914004914004914,14.742014742014742,0.0,7.371007371007371,0.0,7.371007371007371
P13-1124,0.0,0.0,73.71007371007371,4.914004914004914,4.914004914004914,34.3980343980344,0.0,0.0,0.0,0.0,0.0,0.0,34.3980343980344,54.054054054054056,19.656019656019655,245.70024570024572,2.457002457002457,0.0,4.914004914004914,0.0,2.457002457002457,0.0,0.0,14.742014742014742,0.0,0.0,0.0,0.0,22.11302211302211,0.0,2.457002457002457,0.0,2.457002457002457,4.914004914004914,0.0,0.0,0.0,4.914004914004914,125.30712530712532,103.19410319410319,4.914004914004914,56.511056511056516,0.5222772277227723,5.576732673267327,9.828009828009828,7.371007371007371,0.0,2.457002457002457,4.914004914004914,0.0,7.371007371007371,12.285012285012284,0.0,4.914004914004914,4.914004914004914,9.828009828009828,2.457002457002457,0.0,0.0,0.0,0.0,2.457002457002457,4.914004914004914,9.828009828009828,2.457002457002457,0.0,2.457002457002457
P09-1054,0.0,0.0,55.15587529976019,0.0,0.0,0.0,0.0,2.398081534772182,4.796163069544364,2.398081534772182,0.0,0.0,9.592326139088728,33.57314148681055,11.990407673860911,345.32374100719426,11.990407673860911,2.398081534772182,14.388489208633095,2.398081534772182,0.0,0.0,0.0,16.786570743405274,0.0,0.0,4.796163069544364,0.0,2.398081534772182,0.0,0.0,0.0,0.0,4.796163069544364,2.398081534772182,0.0,0.0,2.398081534772182,115.10791366906476,83.93285371702639,0.0,33.57314148681055,0.535175879396985,5.346733668341709,4.796163069544364,0.0,0.0,0.0,9.592326139088728,0.0,2.398081534772182,7.194244604316547,0.0,0.0,0.0,2.398081534772182,4.796163069544364,0.0,0.0,0.0,0.0,0.0,4.796163069544364,4.796163069544364,4.796163069544364,0.0,2.398081534772182
D11-1059,11.876484560570072,4.750593824228028,52.25653206650831,2.375296912114014,4.750593824228028,11.876484560570072,0.0,4.750593824228028,7.125890736342043,2.375296912114014,0.0,0.0,7.125890736342043,16.6270783847981,7.125890736342043,351.5439429928741,7.125890736342043,0.0,21.377672209026127,0.0,7.125890736342043,0.0,0.0,4.750593824228028,4.750593824228028,0.0,7.125890736342043,2.375296912114014,2.375296912114014,0.0,0.0,0.0,0.0,2.375296912114014,0.0,0.0,0.0,4.750593824228028,102.1377672209026,95.01187648456057,2.375296912114014,71.25890736342043,0.5151515151515151,5.141414141414141,7.125890736342043,0.0,0.0,7.125890736342043,19.002375296912113,0.0,16.6270783847981,0.0,2.375296912114014,0.0,4.750593824228028,9.501187648456057,2.375296912114014,2.375296912114014,0.0,0.0,0.0,0.0,4.750593824228028,2.375296912114014,0.0,0.0,2.375296912114014
N13-1033,7.352941176470588,7.352941176470588,51.470588235294116,0.0,2.450980392156863,17.156862745098042,0.0,9.803921568627452,7.352941176470588,2.450980392156863,0.0,0.0,9.803921568627452,68.62745098039217,4.901960784313726,299.01960784313724,7.352941176470588,0.0,22.058823529411764,2.450980392156863,4.901960784313726,0.0,2.450980392156863,9.803921568627452,2.450980392156863,0.0,7.352941176470588,2.450980392156863,2.450980392156863,0.0,0.0,0.0,0.0,0.0,0.0,0.0,0.0,4.901960784313726,93.13725490196079,85.7843137254902,4.901960784313726,44.11764705882353,0.5943877551020408,5.64030612244898,7.352941176470588,4.901960784313726,0.0,4.901960784313726,0.0,0.0,12.254901960784313,4.901960784313726,0.0,2.450980392156863,2.450980392156863,4.901960784313726,7.352941176470588,0.0,0.0,0.0,0.0,0.0,2.450980392156863,4.901960784313726,4.901960784313726,2.450980392156863,2.450980392156863
D18-1151,14.184397163120567,7.092198581560283,61.46572104018912,0.0,0.0,4.7281323877068555,0.0,4.7281323877068555,9.456264775413711,0.0,0.0,0.0,14.184397163120567,52.009456264775416,0.0,309.69267139479905,23.64066193853428,0.0,21.27659574468085,0.0,2.3640661938534278,0.0,0.0,11.82033096926714,0.0,0.0,4.7281323877068555,0.0,4.7281323877068555,0.0,0.0,0.0,2.3640661938534278,0.0,0.0,2.3640661938534278,0.0,16.548463356973993,101.6548463356974,78.01418439716312,9.456264775413711,68.5579196217494,0.5425790754257908,5.416058394160584,7.092198581560283,9.456264775413711,0.0,2.3640661938534278,9.456264775413711,0.0,9.456264775413711,4.7281323877068555,0.0,0.0,7.092198581560283,11.82033096926714,9.456264775413711,0.0,0.0,0.0,0.0,0.0,4.7281323877068555,4.7281323877068555,4.7281323877068555,0.0,4.7281323877068555
P10-1081,35.88516746411483,2.3923444976076556,64.5933014354067,2.3923444976076556,0.0,19.138755980861244,0.0,21.5311004784689,21.5311004784689,4.784688995215311,0.0,0.0,16.74641148325359,19.138755980861244,2.3923444976076556,246.41148325358853,14.354066985645934,0.0,40.66985645933014,0.0,7.177033492822967,0.0,2.3923444976076556,28.70813397129187,0.0,0.0,2.3923444976076556,2.3923444976076556,2.3923444976076556,0.0,2.3923444976076556,0.0,0.0,7.177033492822967,4.784688995215311,0.0,7.177033492822967,9.569377990430622,98.08612440191388,38.27751196172249,4.784688995215311,57.41626794258374,0.47058823529411764,4.536764705882353,11.961722488038278,4.784688995215311,0.0,0.0,0.0,0.0,7.177033492822967,7.177033492822967,0.0,4.784688995215311,0.0,23.923444976076556,2.3923444976076556,2.3923444976076556,0.0,0.0,0.0,0.0,2.3923444976076556,9.569377990430622,2.3923444976076556,0.0,0.0
P15-1130,4.750593824228028,2.375296912114014,59.38242280285035,0.0,0.0,0.0,0.0,4.750593824228028,9.501187648456057,4.750593824228028,0.0,0.0,7.125890736342043,80.76009501187649,2.375296912114014,313.53919239904985,9.501187648456057,2.375296912114014,19.002375296912113,4.750593824228028,0.0,0.0,2.375296912114014,11.876484560570072,0.0,0.0,7.125890736342043,4.750593824228028,2.375296912114014,0.0,0.0,0.0,0.0,2.375296912114014,2.375296912114014,0.0,0.0,0.0,97.38717339667458,92.63657957244656,4.750593824228028,66.5083135391924,0.5724815724815725,5.675675675675675,14.251781472684087,0.0,0.0,2.375296912114014,2.375296912114014,0.0,0.0,7.125890736342043,0.0,4.750593824228028,2.375296912114014,4.750593824228028,0.0,0.0,4.750593824228028,0.0,0.0,0.0,4.750593824228028,9.501187648456057,4.750593824228028,0.0,7.125890736342043
P12-1037,0.0,4.842615012106537,60.53268765133172,0.0,0.0,12.106537530266344,0.0,2.4213075060532687,0.0,2.4213075060532687,0.0,0.0,12.106537530266344,24.213075060532688,7.263922518159807,290.55690072639226,7.263922518159807,0.0,29.055690072639226,0.0,2.4213075060532687,0.0,0.0,16.949152542372882,0.0,0.0,7.263922518159807,0.0,4.842615012106537,2.4213075060532687,0.0,0.0,0.0,0.0,0.0,0.0,0.0,4.842615012106537,101.6949152542373,82.32445520581113,9.685230024213075,65.37530266343826,0.5061728395061729,5.432098765432099,12.106537530266344,2.4213075060532687,0.0,0.0,4.842615012106537,0.0,4.842615012106537,4.842615012106537,0.0,0.0,9.685230024213075,29.055690072639226,4.842615012106537,0.0,0.0,0.0,0.0,4.842615012106537,7.263922518159807,14.527845036319613,2.4213075060532687,0.0,4.842615012106537
D18-1466,4.975124378109452,4.975124378109452,64.67661691542288,7.462686567164179,2.487562189054726,14.925373134328359,0.0,0.0,7.462686567164179,0.0,0.0,2.487562189054726,12.437810945273633,59.701492537313435,0.0,276.11940298507466,9.950248756218905,2.487562189054726,12.437810945273633,4.975124378109452,2.487562189054726,0.0,2.487562189054726,4.975124378109452,2.487562189054726,0.0,7.462686567164179,0.0,4.975124378109452,0.0,0.0,2.487562189054726,0.0,0.0,0.0,0.0,2.487562189054726,7.462686567164179,134.32835820895522,64.67661691542288,0.0,44.776119402985074,0.5404699738903395,4.966057441253263,2.487562189054726,0.0,0.0,2.487562189054726,0.0,0.0,9.950248756218905,7.462686567164179,0.0,2.487562189054726,9.950248756218905,7.462686567164179,0.0,0.0,0.0,0.0,0.0,0.0,0.0,4.975124378109452,9.950248756218905,0.0,2.487562189054726
P10-1134,0.0,2.398081534772182,62.35011990407674,0.0,0.0,2.398081534772182,0.0,7.194244604316547,2.398081534772182,0.0,0.0,0.0,7.194244604316547,40.7673860911271,16.786570743405274,326.1390887290168,19.184652278177456,2.398081534772182,16.786570743405274,0.0,0.0,0.0,0.0,16.786570743405274,0.0,0.0,2.398081534772182,0.0,0.0,0.0,0.0,0.0,2.398081534772182,0.0,2.398081534772182,0.0,0.0,7.194244604316547,112.70983213429255,88.72901678657075,2.398081534772182,55.15587529976019,0.5960099750623441,5.3915211970074814,7.194244604316547,2.398081534772182,0.0,4.796163069544364,2.398081534772182,0.0,7.194244604316547,2.398081534772182,0.0,0.0,0.0,0.0,4.796163069544364,0.0,0.0,0.0,0.0,2.398081534772182,7.194244604316547,21.58273381294964,2.398081534772182,2.398081534772182,4.796163069544364
C10-1086,14.563106796116505,14.563106796116505,60.67961165048544,0.0,4.854368932038835,21.844660194174757,0.0,14.563106796116505,2.4271844660194173,0.0,0.0,0.0,24.271844660194173,19.41747572815534,2.4271844660194173,361.65048543689323,12.135922330097086,0.0,12.135922330097086,0.0,2.4271844660194173,0.0,2.4271844660194173,16.990291262135923,2.4271844660194173,0.0,0.0,0.0,9.70873786407767,0.0,0.0,0.0,2.4271844660194173,4.854368932038835,4.854368932038835,2.4271844660194173,0.0,2.4271844660194173,75.24271844660194,33.980582524271846,7.281553398058253,60.67961165048544,0.5314861460957179,5.36272040302267,2.4271844660194173,4.854368932038835,0.0,2.4271844660194173,4.854368932038835,0.0,7.281553398058253,9.70873786407767,0.0,0.0,0.0,21.844660194174757,0.0,0.0,2.4271844660194173,0.0,0.0,2.4271844660194173,12.135922330097086,4.854368932038835,2.4271844660194173,4.854368932038835,4.854368932038835
D17-1254,0.0,7.481296758104738,54.86284289276808,4.987531172069826,2.493765586034913,12.468827930174564,0.0,4.987531172069826,0.0,2.493765586034913,0.0,0.0,7.481296758104738,29.92518703241895,7.481296758104738,386.5336658354115,12.468827930174564,0.0,9.975062344139651,0.0,0.0,0.0,0.0,27.43142144638404,0.0,0.0,2.493765586034913,0.0,4.987531172069826,0.0,0.0,0.0,0.0,0.0,2.493765586034913,0.0,0.0,2.493765586034913,89.77556109725685,92.26932668329177,2.493765586034913,27.43142144638404,0.49476439790575916,5.460732984293194,7.481296758104738,0.0,0.0,0.0,2.493765586034913,0.0,14.962593516209475,7.481296758104738,0.0,0.0,0.0,19.950124688279303,12.468827930174564,0.0,0.0,0.0,0.0,2.493765586034913,7.481296758104738,7.481296758104738,0.0,0.0,0.0
D09-1102,0.0,9.433962264150942,47.16981132075472,0.0,2.3584905660377355,0.0,0.0,2.3584905660377355,7.0754716981132075,0.0,0.0,0.0,2.3584905660377355,61.320754716981135,4.716981132075471,278.3018867924528,16.50943396226415,0.0,9.433962264150942,2.3584905660377355,2.3584905660377355,0.0,0.0,9.433962264150942,0.0,0.0,2.3584905660377355,0.0,0.0,0.0,0.0,0.0,0.0,0.0,0.0,4.716981132075471,0.0,2.3584905660377355,106.13207547169812,84.90566037735849,4.716981132075471,49.528301886792455,0.5463659147869674,5.451127819548872,16.50943396226415,4.716981132075471,0.0,0.0,2.3584905660377355,0.0,7.0754716981132075,11.79245283018868,0.0,0.0,0.0,9.433962264150942,4.716981132075471,0.0,0.0,0.0,0.0,0.0,4.716981132075471,4.716981132075471,2.3584905660377355,0.0,2.3584905660377355
C10-1056,15.037593984962406,2.506265664160401,42.606516290726816,0.0,0.0,5.012531328320802,0.0,5.012531328320802,5.012531328320802,0.0,0.0,0.0,12.531328320802004,42.606516290726816,2.506265664160401,385.96491228070175,37.59398496240601,0.0,12.531328320802004,0.0,0.0,2.506265664160401,5.012531328320802,10.025062656641603,2.506265664160401,0.0,0.0,2.506265664160401,0.0,0.0,0.0,0.0,0.0,2.506265664160401,0.0,0.0,2.506265664160401,0.0,115.28822055137844,70.17543859649122,12.531328320802004,25.062656641604008,0.5128865979381443,5.213917525773196,10.025062656641603,0.0,0.0,0.0,2.506265664160401,0.0,10.025062656641603,5.012531328320802,0.0,5.012531328320802,2.506265664160401,0.0,5.012531328320802,0.0,0.0,0.0,0.0,5.012531328320802,10.025062656641603,7.518796992481203,2.506265664160401,0.0,0.0
D18-1269,0.0,7.0754716981132075,51.88679245283019,0.0,0.0,9.433962264150942,0.0,0.0,7.0754716981132075,2.3584905660377355,0.0,0.0,9.433962264150942,21.22641509433962,11.79245283018868,408.0188679245283,7.0754716981132075,0.0,9.433962264150942,2.3584905660377355,2.3584905660377355,2.3584905660377355,2.3584905660377355,16.50943396226415,2.3584905660377355,0.0,4.716981132075471,0.0,2.3584905660377355,4.716981132075471,0.0,0.0,2.3584905660377355,0.0,0.0,0.0,2.3584905660377355,2.3584905660377355,110.84905660377359,82.54716981132076,0.0,44.81132075471698,0.5318627450980392,5.340686274509804,7.0754716981132075,7.0754716981132075,0.0,2.3584905660377355,4.716981132075471,0.0,9.433962264150942,9.433962264150942,0.0,0.0,0.0,14.150943396226415,2.3584905660377355,0.0,0.0,0.0,0.0,0.0,4.716981132075471,7.0754716981132075,9.433962264150942,2.3584905660377355,0.0
D15-1225,22.058823529411764,7.352941176470588,29.41176470588235,0.0,4.901960784313726,2.450980392156863,0.0,4.901960784313726,4.901960784313726,0.0,0.0,0.0,9.803921568627452,46.568627450980394,2.450980392156863,335.78431372549016,12.254901960784313,2.450980392156863,2.450980392156863,0.0,0.0,0.0,0.0,26.96078431372549,2.450980392156863,0.0,7.352941176470588,0.0,0.0,0.0,4.901960784313726,0.0,2.450980392156863,2.450980392156863,0.0,0.0,0.0,2.450980392156863,115.19607843137254,102.94117647058823,2.450980392156863,49.01960784313725,0.5477386934673367,5.402010050251256,9.803921568627452,4.901960784313726,0.0,0.0,7.352941176470588,0.0,2.450980392156863,2.450980392156863,0.0,0.0,4.901960784313726,7.352941176470588,14.705882352941176,2.450980392156863,0.0,0.0,0.0,0.0,2.450980392156863,7.352941176470588,0.0,0.0,2.450980392156863
P12-1019,0.0,2.314814814814815,57.870370370370374,0.0,0.0,6.944444444444444,0.0,6.944444444444444,0.0,0.0,0.0,0.0,9.25925925925926,27.777777777777775,9.25925925925926,379.6296296296297,6.944444444444444,0.0,16.203703703703702,0.0,0.0,0.0,0.0,4.62962962962963,4.62962962962963,0.0,6.944444444444444,0.0,2.314814814814815,0.0,0.0,0.0,0.0,2.314814814814815,2.314814814814815,0.0,0.0,9.25925925925926,115.74074074074075,94.90740740740742,4.62962962962963,57.870370370370374,0.5569007263922519,5.37772397094431,13.888888888888888,4.62962962962963,0.0,0.0,2.314814814814815,0.0,6.944444444444444,9.25925925925926,0.0,0.0,4.62962962962963,2.314814814814815,9.25925925925926,0.0,0.0,0.0,0.0,0.0,2.314814814814815,6.944444444444444,2.314814814814815,0.0,2.314814814814815
C14-1184,4.938271604938271,4.938271604938271,56.79012345679013,2.4691358024691357,0.0,9.876543209876543,2.4691358024691357,24.691358024691358,0.0,4.938271604938271,0.0,0.0,7.407407407407407,4.938271604938271,2.4691358024691357,318.51851851851853,9.876543209876543,0.0,9.876543209876543,0.0,4.938271604938271,0.0,0.0,7.407407407407407,0.0,0.0,12.345679012345679,2.4691358024691357,0.0,0.0,2.4691358024691357,0.0,0.0,2.4691358024691357,0.0,0.0,0.0,2.4691358024691357,130.8641975308642,81.4814814814815,2.4691358024691357,32.098765432098766,0.5301837270341208,5.312335958005249,22.22222222222222,0.0,0.0,0.0,2.4691358024691357,0.0,9.876543209876543,7.407407407407407,0.0,0.0,7.407407407407407,14.814814814814815,0.0,0.0,4.938271604938271,0.0,0.0,0.0,0.0,32.098765432098766,4.938271604938271,0.0,4.938271604938271
P16-1025,23.58490566037736,0.0,63.679245283018865,0.0,0.0,28.30188679245283,0.0,7.0754716981132075,7.0754716981132075,4.716981132075471,2.3584905660377355,0.0,11.79245283018868,30.660377358490567,7.0754716981132075,337.26415094339626,9.433962264150942,2.3584905660377355,16.50943396226415,0.0,4.716981132075471,0.0,0.0,23.58490566037736,4.716981132075471,0.0,2.3584905660377355,0.0,4.716981132075471,0.0,0.0,0.0,0.0,0.0,2.3584905660377355,0.0,0.0,2.3584905660377355,94.33962264150944,63.679245283018865,2.3584905660377355,30.660377358490567,0.5632754342431762,5.19106699751861,2.3584905660377355,0.0,0.0,2.3584905660377355,4.716981132075471,0.0,4.716981132075471,0.0,0.0,0.0,9.433962264150942,11.79245283018868,4.716981132075471,0.0,0.0,0.0,0.0,2.3584905660377355,2.3584905660377355,16.50943396226415,4.716981132075471,0.0,0.0
C18-1159,0.0,12.40694789081886,69.4789081885856,4.962779156327543,0.0,17.3697270471464,0.0,0.0,2.4813895781637716,0.0,0.0,0.0,9.925558312655086,47.146401985111666,2.4813895781637716,327.54342431761785,17.3697270471464,0.0,12.40694789081886,0.0,7.444168734491315,0.0,0.0,9.925558312655086,0.0,4.962779156327543,0.0,0.0,2.4813895781637716,0.0,0.0,0.0,0.0,7.444168734491315,0.0,2.4813895781637716,0.0,2.4813895781637716,116.62531017369727,89.33002481389578,0.0,37.220843672456574,0.5130890052356021,5.554973821989528,2.4813895781637716,0.0,2.4813895781637716,2.4813895781637716,0.0,2.4813895781637716,7.444168734491315,4.962779156327543,0.0,0.0,7.444168734491315,17.3697270471464,0.0,0.0,0.0,0.0,0.0,0.0,7.444168734491315,12.40694789081886,0.0,0.0,0.0
P09-1007,0.0,2.450980392156863,66.17647058823529,2.450980392156863,2.450980392156863,12.254901960784313,0.0,0.0,7.352941176470588,12.254901960784313,4.901960784313726,0.0,9.803921568627452,29.41176470588235,14.705882352941176,267.156862745098,12.254901960784313,4.901960784313726,29.41176470588235,0.0,0.0,0.0,4.901960784313726,22.058823529411764,0.0,0.0,4.901960784313726,0.0,2.450980392156863,0.0,0.0,0.0,0.0,0.0,0.0,2.450980392156863,2.450980392156863,9.803921568627452,115.19607843137254,80.88235294117648,2.450980392156863,46.568627450980394,0.5386533665835411,5.049875311720698,9.803921568627452,2.450980392156863,0.0,0.0,7.352941176470588,0.0,9.803921568627452,2.450980392156863,2.450980392156863,4.901960784313726,0.0,14.705882352941176,7.352941176470588,0.0,0.0,0.0,0.0,0.0,4.901960784313726,7.352941176470588,4.901960784313726,0.0,9.803921568627452
P12-1066,0.0,2.4271844660194173,67.96116504854369,7.281553398058253,0.0,12.135922330097086,0.0,4.854368932038835,2.4271844660194173,0.0,0.0,0.0,9.70873786407767,33.980582524271846,14.563106796116505,264.5631067961165,14.563106796116505,4.854368932038835,14.563106796116505,2.4271844660194173,0.0,0.0,0.0,14.563106796116505,4.854368932038835,0.0,4.854368932038835,0.0,7.281553398058253,0.0,0.0,0.0,0.0,2.4271844660194173,0.0,0.0,2.4271844660194173,2.4271844660194173,152.9126213592233,89.80582524271844,7.281553398058253,46.116504854368934,0.5134474327628362,5.706601466992665,16.990291262135923,4.854368932038835,0.0,4.854368932038835,0.0,0.0,29.12621359223301,9.70873786407767,2.4271844660194173,0.0,0.0,19.41747572815534,2.4271844660194173,0.0,0.0,0.0,0.0,2.4271844660194173,2.4271844660194173,2.4271844660194173,0.0,2.4271844660194173,7.281553398058253
D12-1065,0.0,4.854368932038835,48.543689320388346,2.4271844660194173,2.4271844660194173,29.12621359223301,0.0,4.854368932038835,2.4271844660194173,2.4271844660194173,0.0,2.4271844660194173,12.135922330097086,63.10679611650485,2.4271844660194173,286.40776699029124,9.70873786407767,0.0,4.854368932038835,0.0,0.0,0.0,2.4271844660194173,26.699029126213592,9.70873786407767,0.0,2.4271844660194173,2.4271844660194173,4.854368932038835,0.0,0.0,0.0,0.0,2.4271844660194173,0.0,0.0,0.0,0.0,118.93203883495146,75.24271844660194,0.0,53.398058252427184,0.5788177339901478,5.495073891625616,9.70873786407767,0.0,0.0,0.0,7.281553398058253,0.0,14.563106796116505,12.135922330097086,0.0,0.0,0.0,14.563106796116505,4.854368932038835,0.0,0.0,0.0,0.0,2.4271844660194173,4.854368932038835,7.281553398058253,2.4271844660194173,0.0,0.0
D09-1095,0.0,0.0,91.98113207547169,7.0754716981132075,0.0,14.150943396226415,0.0,4.716981132075471,21.22641509433962,4.716981132075471,0.0,0.0,18.867924528301884,58.9622641509434,7.0754716981132075,233.49056603773585,16.50943396226415,2.3584905660377355,18.867924528301884,0.0,2.3584905660377355,0.0,0.0,14.150943396226415,2.3584905660377355,0.0,23.58490566037736,0.0,7.0754716981132075,0.0,0.0,0.0,4.716981132075471,4.716981132075471,2.3584905660377355,0.0,0.0,4.716981132075471,134.43396226415095,66.0377358490566,2.3584905660377355,44.81132075471698,0.5108433734939759,5.387951807228916,0.0,2.3584905660377355,0.0,2.3584905660377355,4.716981132075471,0.0,2.3584905660377355,2.3584905660377355,0.0,0.0,0.0,14.150943396226415,11.79245283018868,2.3584905660377355,0.0,0.0,2.3584905660377355,0.0,7.0754716981132075,2.3584905660377355,4.716981132075471,0.0,2.3584905660377355
D13-1202,7.211538461538462,7.211538461538462,50.48076923076923,0.0,0.0,14.423076923076923,0.0,2.403846153846154,2.403846153846154,0.0,0.0,0.0,19.230769230769234,33.65384615384615,12.01923076923077,312.5,9.615384615384617,0.0,9.615384615384617,2.403846153846154,9.615384615384617,0.0,0.0,9.615384615384617,0.0,0.0,4.807692307692308,2.403846153846154,9.615384615384617,0.0,0.0,0.0,2.403846153846154,0.0,0.0,0.0,2.403846153846154,4.807692307692308,137.01923076923077,112.98076923076923,2.403846153846154,50.48076923076923,0.5236907730673317,5.234413965087282,12.01923076923077,0.0,0.0,4.807692307692308,4.807692307692308,0.0,2.403846153846154,7.211538461538462,0.0,4.807692307692308,4.807692307692308,7.211538461538462,0.0,0.0,0.0,0.0,2.403846153846154,0.0,2.403846153846154,4.807692307692308,2.403846153846154,2.403846153846154,2.403846153846154
C14-1044,0.0,2.4271844660194173,63.10679611650485,2.4271844660194173,2.4271844660194173,12.135922330097086,0.0,7.281553398058253,4.854368932038835,2.4271844660194173,0.0,0.0,14.563106796116505,31.553398058252426,7.281553398058253,342.2330097087379,7.281553398058253,2.4271844660194173,7.281553398058253,0.0,2.4271844660194173,0.0,0.0,12.135922330097086,4.854368932038835,0.0,0.0,0.0,0.0,0.0,0.0,0.0,0.0,7.281553398058253,0.0,0.0,0.0,0.0,126.2135922330097,70.3883495145631,4.854368932038835,38.83495145631068,0.5366492146596858,5.0785340314136125,0.0,4.854368932038835,0.0,0.0,2.4271844660194173,0.0,7.281553398058253,0.0,0.0,0.0,0.0,4.854368932038835,7.281553398058253,2.4271844660194173,0.0,0.0,0.0,0.0,0.0,2.4271844660194173,0.0,0.0,0.0
D17-1006,14.218009478672984,7.109004739336492,47.393364928909946,0.0,2.3696682464454977,7.109004739336492,0.0,4.739336492890995,2.3696682464454977,0.0,0.0,0.0,14.218009478672984,14.218009478672984,16.587677725118485,364.9289099526066,14.218009478672984,4.739336492890995,21.32701421800948,0.0,7.109004739336492,0.0,2.3696682464454977,14.218009478672984,2.3696682464454977,0.0,2.3696682464454977,2.3696682464454977,0.0,0.0,0.0,0.0,0.0,7.109004739336492,2.3696682464454977,0.0,0.0,2.3696682464454977,125.59241706161137,61.611374407582936,9.47867298578199,42.65402843601896,0.5346534653465347,5.180693069306931,9.47867298578199,4.739336492890995,0.0,0.0,2.3696682464454977,0.0,0.0,7.109004739336492,0.0,0.0,4.739336492890995,30.805687203791468,7.109004739336492,0.0,0.0,0.0,0.0,0.0,4.739336492890995,2.3696682464454977,2.3696682464454977,0.0,2.3696682464454977
D13-1152,2.457002457002457,4.914004914004914,46.68304668304668,2.457002457002457,0.0,22.11302211302211,0.0,7.371007371007371,2.457002457002457,0.0,0.0,0.0,2.457002457002457,22.11302211302211,4.914004914004914,346.43734643734643,7.371007371007371,4.914004914004914,0.0,0.0,0.0,0.0,0.0,14.742014742014742,2.457002457002457,2.457002457002457,2.457002457002457,0.0,2.457002457002457,0.0,0.0,0.0,0.0,0.0,0.0,0.0,0.0,12.285012285012284,110.56511056511056,95.82309582309583,0.0,24.570024570024568,0.5645569620253165,5.091139240506329,27.027027027027028,0.0,0.0,0.0,2.457002457002457,0.0,7.371007371007371,4.914004914004914,0.0,0.0,4.914004914004914,14.742014742014742,7.371007371007371,0.0,0.0,0.0,0.0,0.0,0.0,2.457002457002457,2.457002457002457,0.0,0.0
N16-1079,7.211538461538462,2.403846153846154,64.90384615384616,0.0,0.0,2.403846153846154,0.0,12.01923076923077,2.403846153846154,4.807692307692308,2.403846153846154,0.0,14.423076923076923,21.634615384615383,4.807692307692308,278.84615384615387,14.423076923076923,0.0,31.25,0.0,2.403846153846154,0.0,0.0,12.01923076923077,2.403846153846154,0.0,0.0,2.403846153846154,0.0,0.0,0.0,0.0,2.403846153846154,2.403846153846154,2.403846153846154,0.0,2.403846153846154,4.807692307692308,129.80769230769232,69.71153846153847,9.615384615384617,43.26923076923077,0.5222772277227723,4.930693069306931,14.423076923076923,2.403846153846154,0.0,0.0,2.403846153846154,0.0,7.211538461538462,0.0,2.403846153846154,0.0,0.0,7.211538461538462,2.403846153846154,0.0,0.0,0.0,0.0,0.0,2.403846153846154,24.03846153846154,7.211538461538462,0.0,2.403846153846154
P10-1144,2.4752475247524752,7.425742574257425,64.35643564356435,4.9504950495049505,0.0,24.752475247524753,0.0,2.4752475247524752,2.4752475247524752,4.9504950495049505,0.0,0.0,27.22772277227723,56.93069306930693,0.0,287.1287128712871,9.900990099009901,0.0,12.376237623762377,0.0,2.4752475247524752,0.0,2.4752475247524752,24.752475247524753,2.4752475247524752,0.0,7.425742574257425,4.9504950495049505,2.4752475247524752,0.0,0.0,0.0,2.4752475247524752,2.4752475247524752,0.0,0.0,0.0,4.9504950495049505,106.43564356435644,56.93069306930693,2.4752475247524752,42.07920792079208,0.5518987341772152,5.460759493670886,2.4752475247524752,0.0,0.0,0.0,2.4752475247524752,0.0,7.425742574257425,0.0,4.9504950495049505,2.4752475247524752,2.4752475247524752,9.900990099009901,2.4752475247524752,0.0,0.0,0.0,0.0,2.4752475247524752,2.4752475247524752,9.900990099009901,9.900990099009901,0.0,4.9504950495049505
D13-1203,0.0,2.3923444976076556,59.80861244019139,0.0,0.0,35.88516746411483,0.0,4.784688995215311,0.0,4.784688995215311,0.0,0.0,14.354066985645934,21.5311004784689,0.0,318.1818181818182,4.784688995215311,0.0,26.31578947368421,0.0,7.177033492822967,0.0,0.0,19.138755980861244,9.569377990430622,0.0,2.3923444976076556,0.0,7.177033492822967,0.0,2.3923444976076556,0.0,0.0,2.3923444976076556,0.0,4.784688995215311,0.0,2.3923444976076556,74.16267942583733,105.26315789473684,21.5311004784689,55.02392344497608,0.594059405940594,5.514851485148514,9.569377990430622,4.784688995215311,0.0,2.3923444976076556,4.784688995215311,0.0,11.961722488038278,7.177033492822967,2.3923444976076556,2.3923444976076556,2.3923444976076556,14.354066985645934,7.177033492822967,0.0,0.0,0.0,0.0,2.3923444976076556,2.3923444976076556,14.354066985645934,4.784688995215311,0.0,4.784688995215311
D15-1126,4.9504950495049505,0.0,47.02970297029703,2.4752475247524752,0.0,9.900990099009901,0.0,0.0,2.4752475247524752,0.0,0.0,0.0,14.85148514851485,64.35643564356435,4.9504950495049505,346.53465346534654,12.376237623762377,0.0,12.376237623762377,0.0,4.9504950495049505,0.0,0.0,4.9504950495049505,4.9504950495049505,0.0,4.9504950495049505,2.4752475247524752,4.9504950495049505,0.0,2.4752475247524752,0.0,2.4752475247524752,2.4752475247524752,0.0,0.0,2.4752475247524752,4.9504950495049505,106.43564356435644,54.45544554455446,4.9504950495049505,54.45544554455446,0.4897959183673469,5.49234693877551,14.85148514851485,2.4752475247524752,0.0,2.4752475247524752,4.9504950495049505,0.0,4.9504950495049505,12.376237623762377,2.4752475247524752,0.0,4.9504950495049505,9.900990099009901,9.900990099009901,0.0,0.0,0.0,2.4752475247524752,0.0,7.425742574257425,2.4752475247524752,2.4752475247524752,0.0,4.9504950495049505
C10-1074,0.0,4.901960784313726,61.27450980392157,0.0,0.0,14.705882352941176,0.0,17.156862745098042,4.901960784313726,2.450980392156863,0.0,2.450980392156863,7.352941176470588,22.058823529411764,7.352941176470588,340.6862745098039,7.352941176470588,2.450980392156863,17.156862745098042,2.450980392156863,2.450980392156863,0.0,0.0,19.607843137254903,2.450980392156863,2.450980392156863,2.450980392156863,0.0,0.0,0.0,0.0,0.0,0.0,4.901960784313726,0.0,0.0,0.0,0.0,90.68627450980392,88.23529411764706,7.352941176470588,41.666666666666664,0.5263157894736842,5.583959899749374,4.901960784313726,0.0,0.0,2.450980392156863,9.803921568627452,0.0,9.803921568627452,12.254901960784313,0.0,0.0,0.0,14.705882352941176,12.254901960784313,0.0,0.0,0.0,0.0,2.450980392156863,7.352941176470588,22.058823529411764,4.901960784313726,0.0,2.450980392156863
D09-1122,17.0316301703163,12.165450121654501,65.69343065693431,0.0,2.4330900243309004,24.330900243309003,14.598540145985401,2.4330900243309004,2.4330900243309004,2.4330900243309004,2.4330900243309004,4.866180048661801,17.0316301703163,48.661800486618006,7.299270072992701,253.04136253041364,19.464720194647203,0.0,21.897810218978105,0.0,7.299270072992701,0.0,0.0,4.866180048661801,2.4330900243309004,0.0,2.4330900243309004,0.0,12.165450121654501,0.0,0.0,0.0,0.0,0.0,0.0,0.0,12.165450121654501,9.732360097323602,104.62287104622871,68.1265206812652,2.4330900243309004,38.929440389294406,0.5219638242894057,4.987080103359173,7.299270072992701,4.866180048661801,0.0,2.4330900243309004,2.4330900243309004,0.0,4.866180048661801,4.866180048661801,7.299270072992701,2.4330900243309004,0.0,9.732360097323602,4.866180048661801,0.0,0.0,0.0,0.0,0.0,0.0,12.165450121654501,7.299270072992701,0.0,4.866180048661801
N16-1070,2.4813895781637716,0.0,66.99751861042184,0.0,2.4813895781637716,12.40694789081886,0.0,2.4813895781637716,2.4813895781637716,0.0,0.0,0.0,14.88833746898263,22.332506203473944,14.88833746898263,290.32258064516134,7.444168734491315,0.0,27.29528535980149,0.0,12.40694789081886,0.0,2.4813895781637716,14.88833746898263,4.962779156327543,0.0,4.962779156327543,0.0,4.962779156327543,0.0,0.0,0.0,0.0,0.0,0.0,0.0,0.0,17.3697270471464,89.33002481389578,96.77419354838709,14.88833746898263,57.07196029776674,0.5896103896103896,5.8,12.40694789081886,0.0,0.0,0.0,9.925558312655086,0.0,4.962779156327543,14.88833746898263,0.0,0.0,7.444168734491315,22.332506203473944,4.962779156327543,0.0,0.0,0.0,0.0,2.4813895781637716,2.4813895781637716,9.925558312655086,2.4813895781637716,0.0,7.444168734491315
P13-1062,4.761904761904763,2.3809523809523814,64.28571428571428,0.0,0.0,4.761904761904763,0.0,4.761904761904763,2.3809523809523814,2.3809523809523814,0.0,0.0,9.523809523809526,71.42857142857143,0.0,254.76190476190476,14.285714285714285,4.761904761904763,26.19047619047619,2.3809523809523814,2.3809523809523814,0.0,0.0,7.142857142857142,2.3809523809523814,0.0,0.0,0.0,2.3809523809523814,0.0,2.3809523809523814,0.0,0.0,2.3809523809523814,2.3809523809523814,0.0,9.523809523809526,2.3809523809523814,116.66666666666667,92.85714285714286,2.3809523809523814,54.76190476190476,0.4813895781637717,5.330024813895782,26.19047619047619,0.0,0.0,0.0,9.523809523809526,0.0,14.285714285714285,21.428571428571427,0.0,0.0,0.0,19.04761904761905,2.3809523809523814,2.3809523809523814,0.0,0.0,0.0,0.0,0.0,4.761904761904763,4.761904761904763,0.0,9.523809523809526
P09-1093,7.317073170731708,0.0,63.41463414634146,0.0,0.0,12.195121951219512,0.0,7.317073170731708,9.75609756097561,0.0,0.0,0.0,7.317073170731708,14.634146341463415,4.878048780487805,351.2195121951219,12.195121951219512,7.317073170731708,19.51219512195122,0.0,7.317073170731708,0.0,0.0,9.75609756097561,0.0,0.0,12.195121951219512,0.0,4.878048780487805,0.0,0.0,0.0,0.0,0.0,2.4390243902439024,0.0,2.4390243902439024,4.878048780487805,87.80487804878048,80.48780487804878,7.317073170731708,31.70731707317073,0.5177664974619289,5.730964467005077,12.195121951219512,2.4390243902439024,0.0,4.878048780487805,0.0,0.0,12.195121951219512,0.0,2.4390243902439024,0.0,2.4390243902439024,12.195121951219512,7.317073170731708,0.0,0.0,0.0,0.0,0.0,4.878048780487805,2.4390243902439024,2.4390243902439024,0.0,2.4390243902439024
D15-1223,12.315270935960593,0.0,64.03940886699507,2.4630541871921183,0.0,2.4630541871921183,0.0,4.926108374384237,14.778325123152708,0.0,2.4630541871921183,0.0,24.630541871921185,36.94581280788178,4.926108374384237,315.27093596059115,17.241379310344826,2.4630541871921183,7.389162561576354,2.4630541871921183,2.4630541871921183,0.0,0.0,4.926108374384237,2.4630541871921183,0.0,4.926108374384237,2.4630541871921183,17.241379310344826,0.0,2.4630541871921183,0.0,0.0,0.0,0.0,0.0,0.0,2.4630541871921183,128.07881773399015,83.74384236453201,0.0,51.724137931034484,0.5265822784810127,5.265822784810126,2.4630541871921183,2.4630541871921183,0.0,2.4630541871921183,4.926108374384237,0.0,4.926108374384237,2.4630541871921183,2.4630541871921183,0.0,2.4630541871921183,12.315270935960593,2.4630541871921183,0.0,0.0,0.0,0.0,0.0,4.926108374384237,0.0,2.4630541871921183,0.0,0.0
C18-1150,0.0,2.403846153846154,57.69230769230769,0.0,2.403846153846154,16.826923076923077,0.0,4.807692307692308,2.403846153846154,0.0,0.0,0.0,7.211538461538462,86.53846153846153,4.807692307692308,312.5,14.423076923076923,2.403846153846154,7.211538461538462,0.0,2.403846153846154,0.0,0.0,19.230769230769234,0.0,2.403846153846154,0.0,0.0,2.403846153846154,0.0,2.403846153846154,0.0,0.0,0.0,0.0,0.0,0.0,4.807692307692308,137.01923076923077,67.3076923076923,0.0,31.25,0.46534653465346537,5.237623762376238,7.211538461538462,0.0,0.0,0.0,2.403846153846154,0.0,12.01923076923077,7.211538461538462,0.0,0.0,7.211538461538462,21.634615384615383,7.211538461538462,0.0,0.0,0.0,0.0,0.0,9.615384615384617,12.01923076923077,2.403846153846154,0.0,2.403846153846154
C14-1132,0.0,0.0,57.279236276849645,0.0,2.3866348448687353,14.319809069212411,0.0,2.3866348448687353,9.546539379474941,2.3866348448687353,0.0,0.0,14.319809069212411,16.706443914081145,2.3866348448687353,362.7684964200477,14.319809069212411,0.0,11.933174224343675,4.773269689737471,4.773269689737471,0.0,0.0,7.159904534606206,0.0,0.0,16.706443914081145,0.0,0.0,0.0,0.0,0.0,0.0,7.159904534606206,0.0,0.0,0.0,2.3866348448687353,147.97136038186156,57.279236276849645,0.0,45.346062052505964,0.40931372549019607,5.438725490196078,9.546539379474941,2.3866348448687353,0.0,0.0,2.3866348448687353,0.0,9.546539379474941,4.773269689737471,0.0,0.0,2.3866348448687353,9.546539379474941,0.0,0.0,0.0,0.0,0.0,0.0,7.159904534606206,9.546539379474941,2.3866348448687353,0.0,0.0
C16-1217,0.0,4.926108374384237,54.187192118226605,0.0,0.0,0.0,0.0,2.4630541871921183,4.926108374384237,0.0,0.0,0.0,4.926108374384237,61.576354679802954,0.0,374.38423645320194,7.389162561576354,0.0,17.241379310344826,0.0,0.0,0.0,2.4630541871921183,7.389162561576354,2.4630541871921183,0.0,0.0,2.4630541871921183,2.4630541871921183,0.0,0.0,0.0,0.0,0.0,2.4630541871921183,0.0,2.4630541871921183,9.852216748768473,128.07881773399015,83.74384236453201,2.4630541871921183,54.187192118226605,0.5725593667546174,5.3931398416886545,17.241379310344826,0.0,0.0,0.0,4.926108374384237,0.0,2.4630541871921183,0.0,0.0,0.0,2.4630541871921183,2.4630541871921183,7.389162561576354,0.0,0.0,0.0,0.0,0.0,2.4630541871921183,4.926108374384237,0.0,2.4630541871921183,9.852216748768473
D09-1088,17.412935323383085,12.437810945273633,47.2636815920398,9.950248756218905,7.462686567164179,9.950248756218905,0.0,2.487562189054726,7.462686567164179,2.487562189054726,0.0,0.0,12.437810945273633,22.388059701492537,0.0,315.92039800995025,4.975124378109452,0.0,17.412935323383085,2.487562189054726,7.462686567164179,0.0,0.0,12.437810945273633,0.0,0.0,4.975124378109452,4.975124378109452,7.462686567164179,0.0,0.0,0.0,0.0,4.975124378109452,0.0,0.0,0.0,4.975124378109452,119.40298507462687,64.67661691542288,2.487562189054726,52.23880597014925,0.583554376657825,5.201591511936339,2.487562189054726,2.487562189054726,0.0,0.0,7.462686567164179,0.0,7.462686567164179,4.975124378109452,0.0,2.487562189054726,0.0,4.975124378109452,2.487562189054726,2.487562189054726,0.0,0.0,0.0,0.0,2.487562189054726,0.0,4.975124378109452,2.487562189054726,4.975124378109452
D11-1010,0.0,9.501187648456057,71.25890736342043,0.0,0.0,14.251781472684087,0.0,9.501187648456057,0.0,0.0,0.0,0.0,11.876484560570072,42.75534441805225,11.876484560570072,289.78622327790976,7.125890736342043,0.0,16.6270783847981,0.0,0.0,0.0,0.0,11.876484560570072,0.0,0.0,2.375296912114014,0.0,4.750593824228028,0.0,2.375296912114014,0.0,0.0,0.0,0.0,2.375296912114014,4.750593824228028,7.125890736342043,130.64133016627076,85.5106888361045,2.375296912114014,45.13064133016627,0.508641975308642,4.970370370370371,26.128266033254157,0.0,0.0,0.0,9.501187648456057,0.0,14.251781472684087,4.750593824228028,0.0,2.375296912114014,0.0,14.251781472684087,0.0,2.375296912114014,0.0,0.0,0.0,0.0,9.501187648456057,7.125890736342043,0.0,0.0,0.0
D16-1254,4.926108374384237,4.926108374384237,59.11330049261083,7.389162561576354,0.0,2.4630541871921183,0.0,2.4630541871921183,2.4630541871921183,2.4630541871921183,0.0,0.0,19.704433497536947,36.94581280788178,17.241379310344826,298.0295566502463,12.315270935960593,4.926108374384237,17.241379310344826,0.0,0.0,0.0,0.0,12.315270935960593,4.926108374384237,0.0,7.389162561576354,0.0,0.0,0.0,4.926108374384237,0.0,0.0,7.389162561576354,0.0,0.0,0.0,0.0,128.07881773399015,73.89162561576356,0.0,36.94581280788178,0.5367088607594936,5.227848101265823,0.0,0.0,0.0,2.4630541871921183,2.4630541871921183,0.0,12.315270935960593,2.4630541871921183,0.0,0.0,4.926108374384237,9.852216748768473,4.926108374384237,0.0,0.0,0.0,0.0,4.926108374384237,4.926108374384237,2.4630541871921183,2.4630541871921183,0.0,0.0
N09-1029,7.371007371007371,2.457002457002457,49.140049140049136,0.0,0.0,0.0,0.0,2.457002457002457,9.828009828009828,0.0,0.0,0.0,12.285012285012284,39.31203931203931,2.457002457002457,361.1793611793612,27.027027027027028,2.457002457002457,19.656019656019655,2.457002457002457,0.0,0.0,2.457002457002457,9.828009828009828,0.0,0.0,4.914004914004914,0.0,2.457002457002457,0.0,0.0,0.0,4.914004914004914,2.457002457002457,0.0,0.0,2.457002457002457,2.457002457002457,152.33415233415235,66.33906633906633,9.828009828009828,36.85503685503686,0.5115089514066496,5.194373401534527,19.656019656019655,2.457002457002457,2.457002457002457,2.457002457002457,2.457002457002457,0.0,2.457002457002457,7.371007371007371,0.0,2.457002457002457,9.828009828009828,4.914004914004914,7.371007371007371,0.0,0.0,0.0,0.0,0.0,9.828009828009828,7.371007371007371,2.457002457002457,0.0,2.457002457002457
D18-1068,14.742014742014742,0.0,63.88206388206388,0.0,0.0,29.484029484029485,2.457002457002457,9.828009828009828,7.371007371007371,4.914004914004914,0.0,0.0,29.484029484029485,24.570024570024568,2.457002457002457,260.4422604422604,9.828009828009828,0.0,19.656019656019655,2.457002457002457,4.914004914004914,2.457002457002457,2.457002457002457,27.027027027027028,0.0,2.457002457002457,14.742014742014742,2.457002457002457,0.0,4.914004914004914,2.457002457002457,2.457002457002457,0.0,2.457002457002457,0.0,2.457002457002457,2.457002457002457,7.371007371007371,110.56511056511056,61.42506142506143,9.828009828009828,39.31203931203931,0.5522388059701493,5.029850746268656,4.914004914004914,4.914004914004914,0.0,0.0,9.828009828009828,0.0,14.742014742014742,9.828009828009828,2.457002457002457,2.457002457002457,4.914004914004914,17.1990171990172,2.457002457002457,0.0,0.0,0.0,2.457002457002457,0.0,4.914004914004914,9.828009828009828,2.457002457002457,0.0,4.914004914004914
P13-1038,0.0,2.506265664160401,67.66917293233082,0.0,0.0,25.062656641604008,0.0,2.506265664160401,5.012531328320802,0.0,0.0,0.0,0.0,30.075187969924812,7.518796992481203,293.2330827067669,2.506265664160401,0.0,22.55639097744361,0.0,0.0,0.0,0.0,10.025062656641603,2.506265664160401,0.0,5.012531328320802,2.506265664160401,0.0,0.0,0.0,0.0,0.0,0.0,2.506265664160401,7.518796992481203,0.0,5.012531328320802,122.80701754385964,102.75689223057644,10.025062656641603,17.543859649122805,0.4776902887139108,5.283464566929134,5.012531328320802,0.0,0.0,0.0,2.506265664160401,0.0,17.543859649122805,5.012531328320802,0.0,7.518796992481203,2.506265664160401,20.050125313283207,5.012531328320802,0.0,0.0,0.0,0.0,0.0,0.0,10.025062656641603,0.0,0.0,0.0
N18-1031,2.3866348448687353,2.3866348448687353,88.3054892601432,2.3866348448687353,0.0,16.706443914081145,0.0,2.3866348448687353,4.773269689737471,4.773269689737471,0.0,0.0,16.706443914081145,26.252983293556085,2.3866348448687353,408.11455847255365,0.0,0.0,33.41288782816229,7.159904534606206,4.773269689737471,0.0,2.3866348448687353,9.546539379474941,0.0,0.0,0.0,7.159904534606206,2.3866348448687353,0.0,0.0,0.0,0.0,4.773269689737471,2.3866348448687353,0.0,0.0,0.0,97.85202863961814,47.7326968973747,2.3866348448687353,52.50596658711217,0.5336658354114713,4.817955112219451,4.773269689737471,7.159904534606206,0.0,0.0,11.933174224343675,0.0,2.3866348448687353,0.0,2.3866348448687353,0.0,9.546539379474941,14.319809069212411,4.773269689737471,2.3866348448687353,0.0,0.0,0.0,0.0,2.3866348448687353,2.3866348448687353,9.546539379474941,0.0,4.773269689737471
N09-1069,0.0,4.938271604938271,61.72839506172839,0.0,2.4691358024691357,17.28395061728395,0.0,0.0,9.876543209876543,0.0,0.0,2.4691358024691357,7.407407407407407,22.22222222222222,17.28395061728395,283.9506172839506,9.876543209876543,0.0,22.22222222222222,2.4691358024691357,4.938271604938271,0.0,0.0,9.876543209876543,0.0,0.0,0.0,0.0,0.0,0.0,2.4691358024691357,0.0,2.4691358024691357,0.0,0.0,0.0,2.4691358024691357,7.407407407407407,125.92592592592591,61.72839506172839,9.876543209876543,61.72839506172839,0.5882352941176471,5.0971867007672635,17.28395061728395,2.4691358024691357,0.0,0.0,9.876543209876543,0.0,14.814814814814815,17.28395061728395,0.0,2.4691358024691357,0.0,9.876543209876543,2.4691358024691357,0.0,0.0,0.0,0.0,0.0,2.4691358024691357,4.938271604938271,7.407407407407407,0.0,0.0
P18-1233,0.0,2.3696682464454977,52.132701421800945,0.0,0.0,16.587677725118485,0.0,2.3696682464454977,23.696682464454973,4.739336492890995,0.0,0.0,4.739336492890995,52.132701421800945,2.3696682464454977,353.0805687203791,2.3696682464454977,0.0,14.218009478672984,0.0,2.3696682464454977,0.0,0.0,16.587677725118485,0.0,0.0,0.0,0.0,0.0,0.0,2.3696682464454977,0.0,0.0,2.3696682464454977,2.3696682464454977,0.0,4.739336492890995,2.3696682464454977,106.6350710900474,75.82938388625593,7.109004739336492,40.28436018957346,0.4250614250614251,5.093366093366093,9.47867298578199,2.3696682464454977,0.0,2.3696682464454977,4.739336492890995,0.0,16.587677725118485,11.848341232227487,0.0,2.3696682464454977,2.3696682464454977,4.739336492890995,0.0,0.0,0.0,0.0,2.3696682464454977,2.3696682464454977,9.47867298578199,9.47867298578199,2.3696682464454977,0.0,0.0
D13-1159,0.0,4.842615012106537,62.953995157384995,0.0,0.0,14.527845036319613,0.0,14.527845036319613,0.0,0.0,0.0,0.0,4.842615012106537,41.16222760290557,7.263922518159807,317.1912832929782,9.685230024213075,0.0,4.842615012106537,0.0,2.4213075060532687,0.0,0.0,21.791767554479417,0.0,0.0,4.842615012106537,0.0,0.0,0.0,0.0,0.0,0.0,2.4213075060532687,0.0,0.0,0.0,0.0,118.64406779661017,72.63922518159806,4.842615012106537,33.898305084745765,0.5036855036855037,5.297297297297297,16.949152542372882,0.0,0.0,0.0,12.106537530266344,0.0,12.106537530266344,4.842615012106537,0.0,0.0,0.0,14.527845036319613,4.842615012106537,0.0,0.0,0.0,0.0,0.0,4.842615012106537,19.37046004842615,4.842615012106537,0.0,2.4213075060532687
C16-1211,0.0,2.4691358024691357,83.95061728395062,2.4691358024691357,0.0,22.22222222222222,0.0,4.938271604938271,2.4691358024691357,0.0,0.0,0.0,12.345679012345679,9.876543209876543,0.0,308.641975308642,14.814814814814815,0.0,19.753086419753085,0.0,9.876543209876543,0.0,0.0,19.753086419753085,0.0,0.0,4.938271604938271,4.938271604938271,2.4691358024691357,0.0,4.938271604938271,0.0,0.0,4.938271604938271,0.0,0.0,4.938271604938271,2.4691358024691357,128.39506172839506,59.25925925925926,9.876543209876543,34.5679012345679,0.4497354497354497,4.962962962962963,2.4691358024691357,2.4691358024691357,4.938271604938271,0.0,9.876543209876543,0.0,24.691358024691358,12.345679012345679,0.0,2.4691358024691357,4.938271604938271,29.62962962962963,0.0,4.938271604938271,0.0,0.0,0.0,0.0,4.938271604938271,2.4691358024691357,4.938271604938271,0.0,2.4691358024691357
D18-1409,0.0,4.962779156327543,62.03473945409429,0.0,0.0,2.4813895781637716,0.0,2.4813895781637716,7.444168734491315,2.4813895781637716,0.0,0.0,7.444168734491315,29.77667493796526,14.88833746898263,354.8387096774194,17.3697270471464,2.4813895781637716,17.3697270471464,2.4813895781637716,0.0,0.0,0.0,14.88833746898263,2.4813895781637716,0.0,4.962779156327543,0.0,0.0,0.0,2.4813895781637716,2.4813895781637716,0.0,0.0,2.4813895781637716,2.4813895781637716,0.0,7.444168734491315,101.73697270471465,79.40446650124069,4.962779156327543,59.55334987593052,0.5360824742268041,5.515463917525773,9.925558312655086,0.0,0.0,4.962779156327543,2.4813895781637716,0.0,9.925558312655086,9.925558312655086,2.4813895781637716,0.0,0.0,4.962779156327543,0.0,0.0,0.0,0.0,0.0,2.4813895781637716,9.925558312655086,9.925558312655086,0.0,0.0,2.4813895781637716
C10-1154,0.0,4.773269689737471,78.75894988066825,0.0,0.0,21.479713603818613,0.0,4.773269689737471,4.773269689737471,0.0,0.0,0.0,14.319809069212411,35.79952267303103,4.773269689737471,243.43675417661098,11.933174224343675,2.3866348448687353,23.86634844868735,4.773269689737471,4.773269689737471,0.0,0.0,4.773269689737471,4.773269689737471,0.0,0.0,2.3866348448687353,9.546539379474941,0.0,0.0,0.0,0.0,2.3866348448687353,0.0,0.0,0.0,19.093078758949883,131.26491646778044,76.37231503579953,4.773269689737471,38.186157517899765,0.5390243902439025,5.565853658536585,7.159904534606206,0.0,0.0,0.0,11.933174224343675,0.0,7.159904534606206,9.546539379474941,0.0,0.0,7.159904534606206,7.159904534606206,7.159904534606206,0.0,2.3866348448687353,0.0,0.0,0.0,2.3866348448687353,0.0,0.0,2.3866348448687353,0.0
P14-1104,0.0,2.331002331002331,60.60606060606061,2.331002331002331,0.0,4.662004662004662,0.0,4.662004662004662,11.655011655011656,4.662004662004662,0.0,0.0,18.64801864801865,30.303030303030305,13.986013986013987,265.7342657342657,6.993006993006993,2.331002331002331,30.303030303030305,4.662004662004662,0.0,0.0,0.0,34.96503496503497,0.0,0.0,2.331002331002331,0.0,9.324009324009324,0.0,0.0,0.0,0.0,4.662004662004662,2.331002331002331,0.0,0.0,4.662004662004662,74.5920745920746,86.24708624708624,6.993006993006993,69.93006993006993,0.5261904761904762,5.330952380952381,11.655011655011656,0.0,0.0,0.0,11.655011655011656,0.0,4.662004662004662,9.324009324009324,2.331002331002331,0.0,0.0,6.993006993006993,6.993006993006993,0.0,0.0,0.0,0.0,6.993006993006993,9.324009324009324,16.317016317016318,6.993006993006993,0.0,0.0
P18-1178,4.773269689737471,9.546539379474941,64.43914081145586,0.0,0.0,7.159904534606206,0.0,7.159904534606206,2.3866348448687353,0.0,0.0,4.773269689737471,4.773269689737471,23.86634844868735,9.546539379474941,348.4486873508353,11.933174224343675,2.3866348448687353,31.026252983293556,0.0,2.3866348448687353,2.3866348448687353,0.0,23.86634844868735,2.3866348448687353,0.0,0.0,0.0,2.3866348448687353,0.0,0.0,0.0,0.0,0.0,0.0,0.0,0.0,14.319809069212411,85.91885441527445,93.07875894988067,2.3866348448687353,33.41288782816229,0.5276381909547738,4.891959798994975,7.159904534606206,0.0,0.0,0.0,4.773269689737471,0.0,14.319809069212411,4.773269689737471,0.0,0.0,2.3866348448687353,14.319809069212411,9.546539379474941,0.0,2.3866348448687353,0.0,0.0,0.0,0.0,4.773269689737471,4.773269689737471,0.0,2.3866348448687353
P13-1129,0.0,4.716981132075471,61.320754716981135,4.716981132075471,2.3584905660377355,16.50943396226415,0.0,2.3584905660377355,9.433962264150942,0.0,0.0,0.0,18.867924528301884,42.45283018867924,7.0754716981132075,285.37735849056605,16.50943396226415,2.3584905660377355,23.58490566037736,0.0,2.3584905660377355,0.0,0.0,4.716981132075471,2.3584905660377355,0.0,2.3584905660377355,0.0,9.433962264150942,0.0,0.0,0.0,4.716981132075471,2.3584905660377355,0.0,0.0,0.0,9.433962264150942,169.81132075471697,82.54716981132076,14.150943396226415,37.73584905660377,0.5225653206650831,5.4133016627078385,14.150943396226415,0.0,0.0,0.0,2.3584905660377355,0.0,2.3584905660377355,7.0754716981132075,0.0,4.716981132075471,2.3584905660377355,7.0754716981132075,4.716981132075471,0.0,0.0,0.0,2.3584905660377355,0.0,0.0,7.0754716981132075,0.0,2.3584905660377355,4.716981132075471
C14-1025,11.990407673860911,9.592326139088728,59.95203836930456,0.0,2.398081534772182,4.796163069544364,0.0,11.990407673860911,4.796163069544364,0.0,0.0,0.0,14.388489208633095,52.75779376498801,0.0,314.14868105515586,16.786570743405274,0.0,26.378896882494004,4.796163069544364,4.796163069544364,0.0,0.0,7.194244604316547,0.0,0.0,0.0,4.796163069544364,0.0,0.0,11.990407673860911,0.0,0.0,0.0,2.398081534772182,2.398081534772182,0.0,4.796163069544364,100.71942446043165,67.1462829736211,7.194244604316547,52.75779376498801,0.5580246913580247,5.493827160493828,14.388489208633095,4.796163069544364,0.0,2.398081534772182,7.194244604316547,0.0,7.194244604316547,2.398081534772182,0.0,0.0,2.398081534772182,4.796163069544364,0.0,0.0,0.0,0.0,0.0,0.0,9.592326139088728,7.194244604316547,0.0,4.796163069544364,0.0
P16-1222,0.0,4.9504950495049505,69.30693069306932,0.0,0.0,12.376237623762377,0.0,0.0,2.4752475247524752,0.0,0.0,0.0,0.0,42.07920792079208,4.9504950495049505,274.7524752475248,24.752475247524753,0.0,4.9504950495049505,0.0,0.0,0.0,0.0,4.9504950495049505,0.0,0.0,2.4752475247524752,2.4752475247524752,0.0,0.0,0.0,0.0,0.0,0.0,0.0,0.0,0.0,2.4752475247524752,136.13861386138615,111.38613861386139,0.0,47.02970297029703,0.5075757575757576,5.638888888888889,24.752475247524753,0.0,0.0,2.4752475247524752,0.0,0.0,4.9504950495049505,0.0,0.0,0.0,7.425742574257425,7.425742574257425,2.4752475247524752,0.0,0.0,0.0,0.0,0.0,4.9504950495049505,19.801980198019802,0.0,0.0,2.4752475247524752
N15-1100,19.559902200489,7.334963325183374,53.78973105134474,0.0,2.444987775061125,12.224938875305625,0.0,9.7799511002445,0.0,2.444987775061125,0.0,0.0,9.7799511002445,53.78973105134474,24.44987775061125,378.97310513447434,9.7799511002445,0.0,9.7799511002445,0.0,4.88997555012225,0.0,0.0,24.44987775061125,0.0,0.0,2.444987775061125,0.0,2.444987775061125,0.0,0.0,0.0,0.0,2.444987775061125,0.0,0.0,0.0,0.0,90.46454767726162,48.8997555012225,9.7799511002445,31.78484107579462,0.48984771573604063,5.522842639593908,9.7799511002445,0.0,0.0,0.0,0.0,0.0,2.444987775061125,2.444987775061125,0.0,0.0,0.0,24.44987775061125,9.7799511002445,0.0,0.0,0.0,0.0,0.0,2.444987775061125,12.224938875305625,4.88997555012225,0.0,2.444987775061125
D17-1245,0.0,2.487562189054726,42.28855721393035,2.487562189054726,2.487562189054726,17.412935323383085,0.0,9.950248756218905,0.0,2.487562189054726,0.0,0.0,14.925373134328359,87.06467661691543,12.437810945273633,241.29353233830847,2.487562189054726,0.0,7.462686567164179,0.0,0.0,0.0,2.487562189054726,29.850746268656717,9.950248756218905,0.0,14.925373134328359,2.487562189054726,2.487562189054726,0.0,0.0,0.0,0.0,0.0,0.0,0.0,0.0,0.0,124.37810945273633,97.01492537313433,0.0,32.33830845771144,0.5234375,5.354166666666667,9.950248756218905,4.975124378109452,0.0,0.0,2.487562189054726,0.0,9.950248756218905,0.0,0.0,0.0,4.975124378109452,12.437810945273633,4.975124378109452,0.0,0.0,0.0,0.0,2.487562189054726,2.487562189054726,7.462686567164179,0.0,0.0,0.0
C12-1126,4.694835680751174,2.347417840375587,49.29577464788732,2.347417840375587,0.0,11.737089201877934,0.0,2.347417840375587,2.347417840375587,0.0,0.0,0.0,11.737089201877934,86.85446009389672,0.0,218.30985915492957,21.12676056338028,2.347417840375587,16.431924882629108,0.0,2.347417840375587,0.0,2.347417840375587,18.779342723004696,0.0,0.0,0.0,2.347417840375587,2.347417840375587,0.0,0.0,0.0,0.0,2.347417840375587,0.0,0.0,0.0,2.347417840375587,112.67605633802818,70.42253521126761,4.694835680751174,84.50704225352112,0.5333333333333333,5.20952380952381,18.779342723004696,7.042253521126761,0.0,0.0,4.694835680751174,0.0,9.389671361502348,14.084507042253522,2.347417840375587,7.042253521126761,0.0,14.084507042253522,2.347417840375587,0.0,0.0,0.0,0.0,2.347417840375587,11.737089201877934,11.737089201877934,2.347417840375587,0.0,4.694835680751174
N18-1089,2.100840336134454,8.403361344537815,56.72268907563025,2.100840336134454,4.201680672268908,25.210084033613445,0.0,6.302521008403361,8.403361344537815,0.0,0.0,0.0,6.302521008403361,42.016806722689076,31.512605042016805,348.7394957983193,10.504201680672269,2.100840336134454,8.403361344537815,0.0,4.201680672268908,0.0,0.0,14.705882352941176,4.201680672268908,0.0,2.100840336134454,0.0,2.100840336134454,0.0,0.0,0.0,0.0,0.0,0.0,0.0,0.0,0.0,121.84873949579831,73.52941176470588,4.201680672268908,33.61344537815126,0.5011037527593819,5.503311258278146,4.201680672268908,0.0,0.0,0.0,0.0,0.0,2.100840336134454,4.201680672268908,0.0,0.0,2.100840336134454,12.605042016806722,2.100840336134454,0.0,0.0,0.0,0.0,0.0,0.0,8.403361344537815,2.100840336134454,0.0,0.0
P13-1039,2.457002457002457,7.371007371007371,51.597051597051596,0.0,2.457002457002457,2.457002457002457,0.0,2.457002457002457,4.914004914004914,2.457002457002457,0.0,0.0,9.828009828009828,31.94103194103194,9.828009828009828,324.3243243243243,19.656019656019655,2.457002457002457,14.742014742014742,2.457002457002457,0.0,0.0,0.0,12.285012285012284,0.0,0.0,2.457002457002457,2.457002457002457,2.457002457002457,0.0,0.0,0.0,4.914004914004914,2.457002457002457,0.0,0.0,0.0,2.457002457002457,142.5061425061425,68.7960687960688,2.457002457002457,14.742014742014742,0.5261845386533666,5.037406483790524,7.371007371007371,0.0,0.0,0.0,7.371007371007371,0.0,19.656019656019655,4.914004914004914,0.0,4.914004914004914,0.0,12.285012285012284,0.0,2.457002457002457,0.0,0.0,0.0,0.0,2.457002457002457,2.457002457002457,2.457002457002457,0.0,0.0
D17-1014,0.0,7.263922518159807,70.2179176755448,0.0,0.0,16.949152542372882,0.0,2.4213075060532687,2.4213075060532687,7.263922518159807,0.0,0.0,14.527845036319613,38.7409200968523,14.527845036319613,302.6634382566586,14.527845036319613,2.4213075060532687,24.213075060532688,0.0,0.0,0.0,0.0,19.37046004842615,2.4213075060532687,0.0,0.0,2.4213075060532687,0.0,0.0,4.842615012106537,0.0,0.0,0.0,0.0,2.4213075060532687,0.0,2.4213075060532687,96.85230024213075,106.53753026634382,12.106537530266344,50.84745762711865,0.5461346633416458,5.7356608478802995,16.949152542372882,0.0,0.0,4.842615012106537,2.4213075060532687,0.0,7.263922518159807,4.842615012106537,0.0,2.4213075060532687,2.4213075060532687,7.263922518159807,0.0,2.4213075060532687,0.0,0.0,0.0,0.0,7.263922518159807,14.527845036319613,0.0,2.4213075060532687,4.842615012106537
P14-1067,4.842615012106537,2.4213075060532687,31.476997578692497,4.842615012106537,0.0,0.0,0.0,2.4213075060532687,12.106537530266344,7.263922518159807,0.0,4.842615012106537,9.685230024213075,50.84745762711865,0.0,346.24697336561746,2.4213075060532687,0.0,14.527845036319613,0.0,0.0,0.0,2.4213075060532687,26.634382566585955,2.4213075060532687,0.0,9.685230024213075,0.0,2.4213075060532687,0.0,0.0,0.0,0.0,2.4213075060532687,0.0,0.0,0.0,4.842615012106537,142.85714285714286,77.4818401937046,4.842615012106537,26.634382566585955,0.572139303482587,5.082089552238806,4.842615012106537,0.0,0.0,2.4213075060532687,2.4213075060532687,0.0,4.842615012106537,9.685230024213075,0.0,0.0,2.4213075060532687,7.263922518159807,7.263922518159807,0.0,0.0,0.0,0.0,2.4213075060532687,2.4213075060532687,9.685230024213075,0.0,0.0,2.4213075060532687
C12-1168,11.876484560570072,0.0,33.2541567695962,0.0,2.375296912114014,2.375296912114014,0.0,2.375296912114014,4.750593824228028,0.0,0.0,0.0,4.750593824228028,68.88361045130641,2.375296912114014,287.4109263657957,16.6270783847981,0.0,11.876484560570072,0.0,7.125890736342043,0.0,0.0,11.876484560570072,2.375296912114014,0.0,4.750593824228028,0.0,0.0,0.0,0.0,0.0,0.0,2.375296912114014,2.375296912114014,0.0,0.0,0.0,92.63657957244656,95.01187648456057,2.375296912114014,54.63182897862233,0.5533498759305211,5.295285359801489,11.876484560570072,2.375296912114014,0.0,2.375296912114014,7.125890736342043,0.0,4.750593824228028,11.876484560570072,0.0,0.0,2.375296912114014,11.876484560570072,4.750593824228028,0.0,0.0,0.0,0.0,0.0,7.125890736342043,9.501187648456057,0.0,0.0,4.750593824228028
P11-1121,0.0,2.4154589371980677,65.21739130434783,0.0,0.0,4.830917874396135,0.0,7.246376811594203,7.246376811594203,7.246376811594203,0.0,2.4154589371980677,9.66183574879227,36.231884057971016,4.830917874396135,352.6570048309179,7.246376811594203,2.4154589371980677,38.64734299516908,2.4154589371980677,7.246376811594203,0.0,0.0,4.830917874396135,0.0,2.4154589371980677,2.4154589371980677,2.4154589371980677,2.4154589371980677,0.0,0.0,0.0,0.0,4.830917874396135,2.4154589371980677,0.0,2.4154589371980677,7.246376811594203,123.18840579710145,48.309178743961354,12.077294685990339,62.80193236714976,0.49489795918367346,5.084183673469388,9.66183574879227,9.66183574879227,0.0,2.4154589371980677,9.66183574879227,0.0,4.830917874396135,4.830917874396135,0.0,2.4154589371980677,0.0,7.246376811594203,0.0,0.0,0.0,0.0,2.4154589371980677,0.0,2.4154589371980677,7.246376811594203,2.4154589371980677,4.830917874396135,12.077294685990339
C16-1050,2.450980392156863,7.352941176470588,51.470588235294116,0.0,0.0,0.0,0.0,2.450980392156863,0.0,0.0,0.0,0.0,7.352941176470588,39.21568627450981,0.0,333.3333333333333,19.607843137254903,7.352941176470588,14.705882352941176,0.0,0.0,0.0,0.0,19.607843137254903,0.0,0.0,4.901960784313726,4.901960784313726,4.901960784313726,0.0,0.0,0.0,0.0,2.450980392156863,0.0,2.450980392156863,0.0,2.450980392156863,110.29411764705883,90.68627450980392,4.901960784313726,51.470588235294116,0.5989847715736041,5.738578680203045,24.509803921568626,0.0,0.0,9.803921568627452,2.450980392156863,0.0,9.803921568627452,4.901960784313726,0.0,0.0,2.450980392156863,4.901960784313726,12.254901960784313,0.0,0.0,0.0,0.0,0.0,7.352941176470588,14.705882352941176,0.0,0.0,2.450980392156863
P15-1110,13.513513513513514,0.0,40.54054054054054,2.2522522522522523,0.0,4.504504504504505,0.0,4.504504504504505,9.00900900900901,0.0,0.0,0.0,4.504504504504505,27.027027027027028,13.513513513513514,310.8108108108108,6.756756756756757,0.0,15.765765765765764,0.0,0.0,0.0,0.0,38.288288288288285,0.0,0.0,2.2522522522522523,0.0,2.2522522522522523,0.0,0.0,0.0,0.0,2.2522522522522523,0.0,0.0,2.2522522522522523,2.2522522522522523,101.35135135135135,103.6036036036036,2.2522522522522523,63.063063063063055,0.5462962962962963,5.372685185185185,9.00900900900901,2.2522522522522523,0.0,2.2522522522522523,11.26126126126126,0.0,9.00900900900901,6.756756756756757,0.0,0.0,4.504504504504505,9.00900900900901,6.756756756756757,0.0,0.0,0.0,0.0,6.756756756756757,9.00900900900901,4.504504504504505,4.504504504504505,0.0,2.2522522522522523
D18-1384,0.0,4.830917874396135,67.6328502415459,0.0,0.0,0.0,0.0,7.246376811594203,2.4154589371980677,4.830917874396135,0.0,0.0,9.66183574879227,7.246376811594203,0.0,355.07246376811594,7.246376811594203,2.4154589371980677,24.154589371980677,2.4154589371980677,2.4154589371980677,2.4154589371980677,0.0,16.908212560386474,0.0,0.0,0.0,0.0,2.4154589371980677,0.0,0.0,0.0,0.0,4.830917874396135,0.0,0.0,0.0,4.830917874396135,103.86473429951691,84.54106280193237,7.246376811594203,82.1256038647343,0.5580246913580247,5.177777777777778,16.908212560386474,7.246376811594203,0.0,2.4154589371980677,7.246376811594203,0.0,7.246376811594203,7.246376811594203,0.0,0.0,4.830917874396135,4.830917874396135,2.4154589371980677,0.0,0.0,0.0,0.0,4.830917874396135,12.077294685990339,24.154589371980677,9.66183574879227,0.0,7.246376811594203
D10-1005,0.0,4.651162790697675,58.13953488372093,2.3255813953488373,2.3255813953488373,6.976744186046512,0.0,6.976744186046512,2.3255813953488373,6.976744186046512,0.0,0.0,6.976744186046512,65.11627906976744,9.30232558139535,300.0,6.976744186046512,0.0,18.6046511627907,0.0,6.976744186046512,0.0,0.0,18.6046511627907,2.3255813953488373,0.0,2.3255813953488373,4.651162790697675,2.3255813953488373,0.0,0.0,0.0,0.0,2.3255813953488373,0.0,2.3255813953488373,0.0,4.651162790697675,109.30232558139535,55.81395348837209,2.3255813953488373,51.16279069767442,0.5217391304347826,5.475845410628019,6.976744186046512,0.0,0.0,0.0,4.651162790697675,0.0,6.976744186046512,9.30232558139535,2.3255813953488373,2.3255813953488373,4.651162790697675,11.627906976744185,0.0,0.0,0.0,0.0,0.0,0.0,0.0,6.976744186046512,2.3255813953488373,0.0,9.30232558139535
D12-1081,7.389162561576354,7.389162561576354,78.81773399014779,2.4630541871921183,2.4630541871921183,19.704433497536947,0.0,9.852216748768473,4.926108374384237,2.4630541871921183,0.0,0.0,12.315270935960593,91.13300492610837,2.4630541871921183,251.23152709359607,14.778325123152708,2.4630541871921183,27.093596059113302,2.4630541871921183,4.926108374384237,0.0,0.0,14.778325123152708,0.0,0.0,12.315270935960593,0.0,0.0,0.0,0.0,0.0,0.0,4.926108374384237,2.4630541871921183,0.0,0.0,19.704433497536947,113.30049261083744,51.724137931034484,14.778325123152708,41.87192118226601,0.5134408602150538,5.255376344086022,12.315270935960593,0.0,0.0,0.0,0.0,0.0,12.315270935960593,4.926108374384237,0.0,0.0,12.315270935960593,9.852216748768473,2.4630541871921183,0.0,0.0,0.0,0.0,0.0,4.926108374384237,9.852216748768473,0.0,0.0,2.4630541871921183
D16-1247,0.0,0.0,69.4789081885856,0.0,0.0,17.3697270471464,0.0,4.962779156327543,17.3697270471464,0.0,0.0,0.0,17.3697270471464,44.66501240694789,7.444168734491315,305.2109181141439,7.444168734491315,0.0,24.81389578163772,2.4813895781637716,2.4813895781637716,0.0,0.0,14.88833746898263,0.0,0.0,2.4813895781637716,2.4813895781637716,0.0,0.0,7.444168734491315,2.4813895781637716,0.0,2.4813895781637716,4.962779156327543,0.0,0.0,2.4813895781637716,109.18114143920596,39.702233250620345,9.925558312655086,52.10918114143921,0.4746192893401015,5.040609137055838,17.3697270471464,2.4813895781637716,0.0,0.0,0.0,0.0,12.40694789081886,4.962779156327543,9.925558312655086,0.0,0.0,19.851116625310173,7.444168734491315,0.0,0.0,2.4813895781637716,0.0,0.0,0.0,7.444168734491315,7.444168734491315,2.4813895781637716,14.88833746898263
C16-1249,4.7281323877068555,7.092198581560283,44.917257683215134,2.3640661938534278,2.3640661938534278,4.7281323877068555,0.0,4.7281323877068555,7.092198581560283,0.0,2.3640661938534278,2.3640661938534278,9.456264775413711,52.009456264775416,11.82033096926714,271.8676122931442,14.184397163120567,0.0,14.184397163120567,0.0,0.0,0.0,0.0,14.184397163120567,0.0,0.0,4.7281323877068555,0.0,2.3640661938534278,0.0,0.0,0.0,0.0,0.0,0.0,0.0,0.0,4.7281323877068555,165.48463356973994,56.737588652482266,4.7281323877068555,61.46572104018912,0.5735294117647058,5.144607843137255,23.64066193853428,0.0,0.0,2.3640661938534278,4.7281323877068555,0.0,2.3640661938534278,7.092198581560283,2.3640661938534278,0.0,2.3640661938534278,11.82033096926714,2.3640661938534278,2.3640661938534278,0.0,0.0,0.0,0.0,2.3640661938534278,7.092198581560283,2.3640661938534278,0.0,2.3640661938534278
P11-1145,2.257336343115124,9.029345372460496,40.63205417607223,2.257336343115124,4.514672686230248,4.514672686230248,0.0,6.772009029345372,4.514672686230248,0.0,0.0,0.0,2.257336343115124,67.72009029345374,13.544018058690744,277.6523702031603,9.029345372460496,0.0,11.286681715575622,0.0,2.257336343115124,0.0,0.0,11.286681715575622,2.257336343115124,0.0,0.0,4.514672686230248,0.0,0.0,2.257336343115124,0.0,0.0,0.0,2.257336343115124,0.0,0.0,6.772009029345372,130.9255079006772,97.06546275395034,11.286681715575622,56.433408577878104,0.5377358490566038,5.693396226415095,18.05869074492099,2.257336343115124,0.0,0.0,6.772009029345372,0.0,11.286681715575622,13.544018058690744,0.0,0.0,6.772009029345372,4.514672686230248,6.772009029345372,0.0,0.0,0.0,0.0,0.0,4.514672686230248,18.05869074492099,2.257336343115124,0.0,2.257336343115124
C18-1132,4.878048780487805,4.878048780487805,46.34146341463415,4.878048780487805,0.0,7.317073170731708,2.4390243902439024,7.317073170731708,9.75609756097561,0.0,0.0,0.0,7.317073170731708,46.34146341463415,7.317073170731708,239.02439024390242,14.634146341463415,0.0,24.390243902439025,2.4390243902439024,0.0,0.0,0.0,7.317073170731708,0.0,0.0,0.0,2.4390243902439024,2.4390243902439024,0.0,0.0,0.0,0.0,0.0,7.317073170731708,0.0,0.0,7.317073170731708,112.19512195121952,95.1219512195122,14.634146341463415,63.41463414634146,0.5612244897959183,5.36734693877551,17.073170731707318,0.0,0.0,0.0,14.634146341463415,0.0,14.634146341463415,17.073170731707318,0.0,4.878048780487805,4.878048780487805,0.0,0.0,0.0,0.0,0.0,0.0,0.0,2.4390243902439024,4.878048780487805,4.878048780487805,0.0,2.4390243902439024
C18-1108,0.0,9.685230024213075,55.69007263922518,0.0,2.4213075060532687,2.4213075060532687,0.0,2.4213075060532687,0.0,0.0,0.0,0.0,16.949152542372882,77.4818401937046,7.263922518159807,246.97336561743342,16.949152542372882,0.0,19.37046004842615,0.0,0.0,0.0,0.0,14.527845036319613,0.0,0.0,0.0,2.4213075060532687,0.0,0.0,0.0,0.0,7.263922518159807,9.685230024213075,4.842615012106537,0.0,0.0,0.0,138.01452784503633,121.06537530266344,4.842615012106537,26.634382566585955,0.508641975308642,5.451851851851852,14.527845036319613,0.0,4.842615012106537,0.0,2.4213075060532687,0.0,9.685230024213075,9.685230024213075,0.0,0.0,0.0,9.685230024213075,4.842615012106537,0.0,0.0,0.0,0.0,0.0,0.0,9.685230024213075,0.0,2.4213075060532687,0.0
P12-1105,2.487562189054726,2.487562189054726,77.11442786069651,0.0,0.0,9.950248756218905,0.0,19.90049751243781,7.462686567164179,0.0,0.0,0.0,9.950248756218905,52.23880597014925,0.0,350.74626865671644,7.462686567164179,0.0,22.388059701492537,2.487562189054726,4.975124378109452,2.487562189054726,0.0,17.412935323383085,2.487562189054726,0.0,2.487562189054726,0.0,2.487562189054726,0.0,2.487562189054726,0.0,0.0,4.975124378109452,0.0,0.0,0.0,2.487562189054726,99.50248756218906,67.16417910447761,7.462686567164179,24.875621890547265,0.518324607329843,5.230366492146596,17.412935323383085,0.0,0.0,0.0,2.487562189054726,0.0,7.462686567164179,0.0,0.0,2.487562189054726,2.487562189054726,9.950248756218905,2.487562189054726,0.0,0.0,0.0,0.0,0.0,0.0,9.950248756218905,2.487562189054726,0.0,2.487562189054726
N15-1068,0.0,2.398081534772182,40.7673860911271,2.398081534772182,0.0,2.398081534772182,0.0,4.796163069544364,7.194244604316547,0.0,0.0,0.0,11.990407673860911,35.97122302158273,0.0,328.537170263789,7.194244604316547,0.0,14.388489208633095,0.0,0.0,0.0,0.0,4.796163069544364,0.0,0.0,0.0,0.0,4.796163069544364,0.0,0.0,0.0,0.0,2.398081534772182,0.0,0.0,0.0,2.398081534772182,124.70023980815348,98.32134292565947,4.796163069544364,26.378896882494004,0.4666666666666667,5.233333333333333,4.796163069544364,9.592326139088728,0.0,0.0,7.194244604316547,0.0,4.796163069544364,16.786570743405274,0.0,0.0,2.398081534772182,0.0,11.990407673860911,0.0,0.0,0.0,0.0,0.0,2.398081534772182,11.990407673860911,2.398081534772182,0.0,2.398081534772182
D09-1118,0.0,2.4630541871921183,78.81773399014779,0.0,2.4630541871921183,17.241379310344826,0.0,12.315270935960593,2.4630541871921183,2.4630541871921183,2.4630541871921183,0.0,24.630541871921185,34.48275862068965,27.093596059113302,253.6945812807882,9.852216748768473,0.0,12.315270935960593,0.0,0.0,0.0,0.0,14.778325123152708,0.0,0.0,4.926108374384237,0.0,4.926108374384237,0.0,14.778325123152708,2.4630541871921183,0.0,0.0,0.0,0.0,0.0,9.852216748768473,123.15270935960591,61.576354679802954,2.4630541871921183,51.724137931034484,0.5236907730673317,5.324189526184538,7.389162561576354,0.0,0.0,2.4630541871921183,7.389162561576354,0.0,17.241379310344826,14.778325123152708,0.0,2.4630541871921183,0.0,9.852216748768473,2.4630541871921183,0.0,0.0,0.0,0.0,4.926108374384237,9.852216748768473,12.315270935960593,7.389162561576354,0.0,2.4630541871921183
D18-1284,7.407407407407407,0.0,59.25925925925926,0.0,0.0,37.03703703703704,0.0,9.876543209876543,4.938271604938271,0.0,0.0,0.0,14.814814814814815,49.382716049382715,4.938271604938271,325.925925925926,9.876543209876543,2.4691358024691357,9.876543209876543,2.4691358024691357,4.938271604938271,0.0,2.4691358024691357,9.876543209876543,0.0,0.0,7.407407407407407,0.0,7.407407407407407,0.0,0.0,0.0,2.4691358024691357,2.4691358024691357,2.4691358024691357,0.0,0.0,2.4691358024691357,118.51851851851852,59.25925925925926,2.4691358024691357,32.098765432098766,0.5575447570332481,5.345268542199489,0.0,0.0,0.0,2.4691358024691357,4.938271604938271,0.0,7.407407407407407,12.345679012345679,0.0,0.0,2.4691358024691357,22.22222222222222,7.407407407407407,0.0,0.0,0.0,0.0,0.0,2.4691358024691357,14.814814814814815,2.4691358024691357,0.0,2.4691358024691357
P11-1106,0.0,2.34192037470726,42.15456674473068,0.0,0.0,7.02576112412178,0.0,2.34192037470726,4.68384074941452,2.34192037470726,0.0,0.0,18.73536299765808,30.44496487119438,0.0,285.7142857142857,16.393442622950822,0.0,7.02576112412178,0.0,2.34192037470726,0.0,4.68384074941452,16.393442622950822,4.68384074941452,0.0,4.68384074941452,7.02576112412178,2.34192037470726,0.0,0.0,0.0,0.0,2.34192037470726,0.0,0.0,2.34192037470726,2.34192037470726,142.85714285714286,128.8056206088993,0.0,37.47072599531616,0.51338199513382,5.7250608272506085,0.0,4.68384074941452,0.0,4.68384074941452,4.68384074941452,0.0,11.7096018735363,14.05152224824356,4.68384074941452,0.0,0.0,18.73536299765808,7.02576112412178,0.0,0.0,0.0,2.34192037470726,0.0,0.0,9.36768149882904,4.68384074941452,0.0,0.0
D11-1063,14.285714285714285,2.3809523809523814,57.14285714285714,0.0,0.0,28.57142857142857,2.3809523809523814,14.285714285714285,11.904761904761903,0.0,2.3809523809523814,0.0,2.3809523809523814,42.857142857142854,2.3809523809523814,292.8571428571429,4.761904761904763,2.3809523809523814,21.428571428571427,0.0,9.523809523809526,0.0,0.0,11.904761904761903,0.0,0.0,7.142857142857142,0.0,2.3809523809523814,0.0,0.0,0.0,0.0,0.0,2.3809523809523814,0.0,0.0,2.3809523809523814,142.85714285714286,59.52380952380952,4.761904761904763,28.57142857142857,0.44527363184079605,4.907960199004975,4.761904761904763,0.0,0.0,0.0,2.3809523809523814,0.0,2.3809523809523814,0.0,4.761904761904763,0.0,7.142857142857142,14.285714285714285,0.0,0.0,0.0,0.0,0.0,2.3809523809523814,4.761904761904763,11.904761904761903,0.0,0.0,7.142857142857142
P15-1072,7.042253521126761,4.694835680751174,46.948356807511736,2.347417840375587,0.0,4.694835680751174,0.0,9.389671361502348,9.389671361502348,2.347417840375587,2.347417840375587,0.0,9.389671361502348,44.60093896713615,7.042253521126761,363.84976525821594,11.737089201877934,0.0,11.737089201877934,2.347417840375587,0.0,0.0,0.0,11.737089201877934,2.347417840375587,0.0,2.347417840375587,2.347417840375587,7.042253521126761,0.0,0.0,0.0,0.0,0.0,0.0,0.0,0.0,4.694835680751174,105.63380281690141,100.93896713615024,2.347417840375587,30.516431924882628,0.5222772277227723,5.638613861386139,21.12676056338028,0.0,0.0,0.0,0.0,0.0,11.737089201877934,0.0,0.0,0.0,0.0,0.0,2.347417840375587,0.0,0.0,0.0,0.0,0.0,7.042253521126761,7.042253521126761,2.347417840375587,0.0,0.0
D17-1128,2.288329519450801,4.576659038901602,66.36155606407323,2.288329519450801,0.0,18.30663615560641,0.0,6.864988558352402,9.153318077803204,4.576659038901602,0.0,2.288329519450801,18.30663615560641,59.496567505720826,11.441647597254004,297.4828375286041,9.153318077803204,0.0,11.441647597254004,0.0,0.0,0.0,0.0,11.441647597254004,0.0,0.0,4.576659038901602,2.288329519450801,18.30663615560641,0.0,0.0,0.0,0.0,0.0,0.0,0.0,0.0,11.441647597254004,105.26315789473684,102.97482837528604,4.576659038901602,13.729977116704804,0.5011709601873536,5.531615925058548,0.0,0.0,0.0,0.0,0.0,0.0,6.864988558352402,6.864988558352402,0.0,0.0,4.576659038901602,22.88329519450801,6.864988558352402,0.0,0.0,0.0,0.0,2.288329519450801,2.288329519450801,2.288329519450801,2.288329519450801,0.0,0.0
D18-1077,9.950248756218905,0.0,67.16417910447761,0.0,0.0,19.90049751243781,0.0,0.0,0.0,2.487562189054726,0.0,0.0,22.388059701492537,34.82587064676617,2.487562189054726,390.547263681592,14.925373134328359,0.0,14.925373134328359,0.0,0.0,0.0,0.0,17.412935323383085,0.0,0.0,4.975124378109452,0.0,14.925373134328359,0.0,0.0,0.0,4.975124378109452,0.0,7.462686567164179,0.0,0.0,4.975124378109452,101.99004975124377,62.18905472636816,2.487562189054726,29.850746268656717,0.47570332480818417,5.0588235294117645,12.437810945273633,2.487562189054726,0.0,0.0,0.0,0.0,7.462686567164179,2.487562189054726,2.487562189054726,2.487562189054726,0.0,12.437810945273633,12.437810945273633,2.487562189054726,0.0,0.0,0.0,0.0,0.0,7.462686567164179,2.487562189054726,0.0,7.462686567164179
C16-1062,0.0,4.504504504504505,47.2972972972973,0.0,2.2522522522522523,13.513513513513514,0.0,4.504504504504505,2.2522522522522523,0.0,0.0,0.0,6.756756756756757,63.063063063063055,4.504504504504505,416.6666666666667,11.26126126126126,0.0,4.504504504504505,0.0,2.2522522522522523,0.0,0.0,11.26126126126126,0.0,0.0,9.00900900900901,2.2522522522522523,0.0,0.0,2.2522522522522523,0.0,0.0,2.2522522522522523,0.0,0.0,0.0,4.504504504504505,110.36036036036036,38.288288288288285,0.0,24.774774774774777,0.5190476190476191,4.745238095238095,20.27027027027027,2.2522522522522523,0.0,0.0,6.756756756756757,0.0,11.26126126126126,2.2522522522522523,0.0,0.0,2.2522522522522523,22.52252252252252,2.2522522522522523,0.0,0.0,0.0,0.0,2.2522522522522523,4.504504504504505,6.756756756756757,0.0,0.0,0.0
C18-1091,0.0,2.487562189054726,49.75124378109453,4.975124378109452,0.0,0.0,0.0,0.0,9.950248756218905,0.0,0.0,0.0,7.462686567164179,37.31343283582089,4.975124378109452,353.23383084577114,12.437810945273633,2.487562189054726,17.412935323383085,0.0,0.0,0.0,0.0,7.462686567164179,0.0,0.0,2.487562189054726,0.0,0.0,0.0,2.487562189054726,0.0,0.0,2.487562189054726,0.0,0.0,0.0,7.462686567164179,97.01492537313433,64.67661691542288,0.0,62.18905472636816,0.4860050890585242,5.564885496183206,14.925373134328359,4.975124378109452,0.0,2.487562189054726,12.437810945273633,0.0,7.462686567164179,17.412935323383085,0.0,0.0,0.0,2.487562189054726,2.487562189054726,0.0,0.0,0.0,0.0,0.0,7.462686567164179,4.975124378109452,0.0,0.0,7.462686567164179
D09-1162,2.3866348448687353,9.546539379474941,50.11933174224344,0.0,2.3866348448687353,4.773269689737471,0.0,0.0,4.773269689737471,2.3866348448687353,0.0,0.0,9.546539379474941,40.572792362768496,23.86634844868735,451.0739856801909,11.933174224343675,0.0,4.773269689737471,0.0,0.0,0.0,0.0,9.546539379474941,0.0,0.0,2.3866348448687353,2.3866348448687353,2.3866348448687353,0.0,0.0,0.0,0.0,7.159904534606206,0.0,0.0,0.0,0.0,97.85202863961814,81.14558472553699,0.0,23.86634844868735,0.5025,5.34,0.0,2.3866348448687353,0.0,0.0,2.3866348448687353,0.0,4.773269689737471,4.773269689737471,0.0,0.0,0.0,2.3866348448687353,2.3866348448687353,0.0,0.0,0.0,0.0,2.3866348448687353,2.3866348448687353,16.706443914081145,2.3866348448687353,0.0,0.0
D10-1101,0.0,12.345679012345679,66.66666666666667,0.0,0.0,7.407407407407407,0.0,4.938271604938271,2.4691358024691357,0.0,2.4691358024691357,0.0,27.160493827160494,54.32098765432099,7.407407407407407,291.358024691358,22.22222222222222,0.0,14.814814814814815,0.0,0.0,2.4691358024691357,0.0,12.345679012345679,0.0,0.0,0.0,2.4691358024691357,0.0,0.0,7.407407407407407,4.938271604938271,0.0,2.4691358024691357,0.0,0.0,4.938271604938271,9.876543209876543,125.92592592592591,41.97530864197531,2.4691358024691357,32.098765432098766,0.5382653061224489,5.2729591836734695,2.4691358024691357,4.938271604938271,0.0,0.0,4.938271604938271,0.0,12.345679012345679,4.938271604938271,2.4691358024691357,2.4691358024691357,2.4691358024691357,7.407407407407407,9.876543209876543,0.0,0.0,0.0,2.4691358024691357,0.0,12.345679012345679,9.876543209876543,0.0,0.0,0.0
C16-1101,0.0,4.842615012106537,50.84745762711865,2.4213075060532687,0.0,16.949152542372882,0.0,0.0,4.842615012106537,0.0,0.0,0.0,4.842615012106537,58.11138014527845,14.527845036319613,336.5617433414044,14.527845036319613,0.0,9.685230024213075,0.0,2.4213075060532687,0.0,4.842615012106537,19.37046004842615,0.0,2.4213075060532687,4.842615012106537,0.0,2.4213075060532687,0.0,0.0,0.0,0.0,0.0,0.0,0.0,0.0,2.4213075060532687,138.01452784503633,67.79661016949153,0.0,24.213075060532688,0.5062972292191436,5.095717884130982,7.263922518159807,0.0,0.0,0.0,4.842615012106537,0.0,19.37046004842615,4.842615012106537,0.0,0.0,2.4213075060532687,9.685230024213075,7.263922518159807,0.0,0.0,0.0,0.0,0.0,4.842615012106537,9.685230024213075,7.263922518159807,0.0,0.0
D17-1053,0.0,7.389162561576354,46.79802955665024,0.0,4.926108374384237,9.852216748768473,0.0,0.0,7.389162561576354,0.0,0.0,0.0,4.926108374384237,83.74384236453201,4.926108374384237,332.5123152709359,9.852216748768473,0.0,17.241379310344826,2.4630541871921183,0.0,0.0,0.0,27.093596059113302,0.0,0.0,0.0,2.4630541871921183,0.0,0.0,0.0,0.0,0.0,2.4630541871921183,0.0,0.0,0.0,0.0,105.91133004926108,93.59605911330048,4.926108374384237,44.33497536945813,0.4205128205128205,5.256410256410256,12.315270935960593,4.926108374384237,0.0,0.0,4.926108374384237,0.0,22.167487684729064,7.389162561576354,0.0,2.4630541871921183,0.0,9.852216748768473,2.4630541871921183,2.4630541871921183,0.0,0.0,0.0,0.0,2.4630541871921183,7.389162561576354,2.4630541871921183,0.0,9.852216748768473
P10-1045,6.787330316742081,4.524886877828055,65.6108597285068,2.2624434389140275,0.0,6.787330316742081,0.0,4.524886877828055,6.787330316742081,0.0,0.0,0.0,13.574660633484163,47.511312217194565,11.312217194570135,294.11764705882354,6.787330316742081,0.0,24.886877828054295,0.0,2.2624434389140275,2.2624434389140275,0.0,9.04977375565611,0.0,0.0,4.524886877828055,2.2624434389140275,4.524886877828055,2.2624434389140275,0.0,0.0,2.2624434389140275,0.0,0.0,0.0,0.0,2.2624434389140275,119.90950226244344,85.97285067873302,9.04977375565611,54.29864253393665,0.5757575757575758,5.554778554778554,9.04977375565611,0.0,0.0,2.2624434389140275,4.524886877828055,0.0,9.04977375565611,6.787330316742081,2.2624434389140275,0.0,2.2624434389140275,9.04977375565611,2.2624434389140275,0.0,0.0,0.0,0.0,4.524886877828055,4.524886877828055,6.787330316742081,0.0,0.0,4.524886877828055
C16-1134,2.331002331002331,0.0,48.95104895104895,0.0,0.0,6.993006993006993,0.0,4.662004662004662,11.655011655011656,0.0,0.0,0.0,6.993006993006993,23.31002331002331,9.324009324009324,375.2913752913753,6.993006993006993,0.0,11.655011655011656,0.0,0.0,0.0,0.0,18.64801864801865,0.0,0.0,6.993006993006993,0.0,0.0,0.0,4.662004662004662,0.0,2.331002331002331,0.0,2.331002331002331,0.0,0.0,4.662004662004662,100.23310023310025,60.60606060606061,6.993006993006993,34.96503496503497,0.441747572815534,5.395631067961165,18.64801864801865,2.331002331002331,0.0,0.0,2.331002331002331,0.0,11.655011655011656,11.655011655011656,0.0,0.0,0.0,2.331002331002331,9.324009324009324,0.0,0.0,0.0,0.0,0.0,4.662004662004662,2.331002331002331,4.662004662004662,0.0,4.662004662004662
C18-1186,4.750593824228028,0.0,35.62945368171022,2.375296912114014,0.0,14.251781472684087,0.0,2.375296912114014,4.750593824228028,2.375296912114014,0.0,0.0,7.125890736342043,85.5106888361045,0.0,275.53444180522564,9.501187648456057,2.375296912114014,19.002375296912113,0.0,0.0,0.0,0.0,0.0,0.0,0.0,4.750593824228028,2.375296912114014,0.0,0.0,2.375296912114014,0.0,0.0,2.375296912114014,0.0,0.0,0.0,7.125890736342043,114.0142517814727,64.13301662707839,4.750593824228028,49.8812351543943,0.4292565947242206,5.3117505995203835,16.6270783847981,2.375296912114014,2.375296912114014,0.0,2.375296912114014,0.0,16.6270783847981,35.62945368171022,0.0,2.375296912114014,4.750593824228028,9.501187648456057,2.375296912114014,0.0,0.0,0.0,0.0,0.0,4.750593824228028,7.125890736342043,4.750593824228028,2.375296912114014,2.375296912114014
P10-1036,2.4390243902439024,4.878048780487805,60.97560975609756,0.0,0.0,17.073170731707318,0.0,0.0,4.878048780487805,0.0,0.0,2.4390243902439024,19.51219512195122,31.70731707317073,21.95121951219512,290.2439024390244,12.195121951219512,2.4390243902439024,19.51219512195122,0.0,0.0,0.0,0.0,21.95121951219512,0.0,0.0,7.317073170731708,0.0,0.0,2.4390243902439024,2.4390243902439024,0.0,2.4390243902439024,7.317073170731708,0.0,0.0,2.4390243902439024,4.878048780487805,95.1219512195122,68.29268292682927,2.4390243902439024,51.21951219512195,0.5236907730673317,5.234413965087282,9.75609756097561,7.317073170731708,0.0,0.0,4.878048780487805,0.0,4.878048780487805,9.75609756097561,2.4390243902439024,2.4390243902439024,2.4390243902439024,9.75609756097561,2.4390243902439024,0.0,0.0,0.0,0.0,0.0,2.4390243902439024,7.317073170731708,2.4390243902439024,0.0,7.317073170731708
C16-1268,14.251781472684087,2.375296912114014,64.13301662707839,0.0,0.0,9.501187648456057,0.0,4.750593824228028,2.375296912114014,2.375296912114014,0.0,0.0,11.876484560570072,33.2541567695962,2.375296912114014,339.66745843230404,23.752969121140143,0.0,19.002375296912113,0.0,9.501187648456057,0.0,2.375296912114014,9.501187648456057,2.375296912114014,0.0,0.0,0.0,2.375296912114014,0.0,0.0,0.0,2.375296912114014,0.0,2.375296912114014,0.0,4.750593824228028,2.375296912114014,130.64133016627076,73.63420427553444,0.0,61.75771971496437,0.4824120603015075,5.321608040201005,7.125890736342043,2.375296912114014,0.0,0.0,2.375296912114014,0.0,16.6270783847981,7.125890736342043,0.0,0.0,4.750593824228028,7.125890736342043,0.0,0.0,0.0,0.0,0.0,0.0,0.0,9.501187648456057,2.375296912114014,2.375296912114014,9.501187648456057
D12-1114,4.914004914004914,9.828009828009828,63.88206388206388,0.0,2.457002457002457,7.371007371007371,0.0,9.828009828009828,4.914004914004914,0.0,0.0,4.914004914004914,7.371007371007371,51.597051597051596,7.371007371007371,312.03931203931205,22.11302211302211,2.457002457002457,17.1990171990172,0.0,2.457002457002457,0.0,2.457002457002457,22.11302211302211,0.0,0.0,0.0,0.0,0.0,0.0,0.0,0.0,0.0,4.914004914004914,2.457002457002457,0.0,0.0,4.914004914004914,78.62407862407862,83.53808353808354,7.371007371007371,39.31203931203931,0.48872180451127817,5.541353383458647,7.371007371007371,2.457002457002457,0.0,0.0,7.371007371007371,0.0,14.742014742014742,4.914004914004914,0.0,0.0,2.457002457002457,14.742014742014742,9.828009828009828,0.0,0.0,0.0,0.0,2.457002457002457,4.914004914004914,12.285012285012284,2.457002457002457,0.0,4.914004914004914
D18-1052,0.0,4.750593824228028,61.75771971496437,2.375296912114014,0.0,7.125890736342043,0.0,2.375296912114014,9.501187648456057,0.0,0.0,2.375296912114014,11.876484560570072,52.25653206650831,0.0,334.916864608076,11.876484560570072,2.375296912114014,16.6270783847981,4.750593824228028,4.750593824228028,0.0,0.0,4.750593824228028,4.750593824228028,2.375296912114014,9.501187648456057,0.0,2.375296912114014,0.0,2.375296912114014,0.0,2.375296912114014,0.0,0.0,0.0,0.0,4.750593824228028,133.0166270783848,61.75771971496437,2.375296912114014,45.13064133016627,0.5364077669902912,5.138349514563107,14.251781472684087,0.0,0.0,2.375296912114014,4.750593824228028,0.0,2.375296912114014,0.0,2.375296912114014,0.0,0.0,9.501187648456057,2.375296912114014,0.0,0.0,0.0,0.0,0.0,2.375296912114014,7.125890736342043,2.375296912114014,0.0,2.375296912114014
N18-1048,0.0,2.3696682464454977,56.87203791469194,2.3696682464454977,4.739336492890995,11.848341232227487,0.0,9.47867298578199,4.739336492890995,2.3696682464454977,0.0,2.3696682464454977,9.47867298578199,45.023696682464454,11.848341232227487,327.01421800947867,9.47867298578199,0.0,9.47867298578199,2.3696682464454977,0.0,0.0,0.0,14.218009478672984,2.3696682464454977,0.0,7.109004739336492,0.0,4.739336492890995,0.0,2.3696682464454977,0.0,0.0,0.0,0.0,0.0,0.0,9.47867298578199,127.96208530805686,92.41706161137441,4.739336492890995,28.43601895734597,0.5409429280397022,5.503722084367245,7.109004739336492,2.3696682464454977,0.0,0.0,2.3696682464454977,0.0,7.109004739336492,4.739336492890995,2.3696682464454977,0.0,0.0,18.95734597156398,7.109004739336492,0.0,0.0,0.0,0.0,0.0,2.3696682464454977,4.739336492890995,0.0,0.0,2.3696682464454977
N16-1142,0.0,2.4330900243309004,55.961070559610704,9.732360097323602,0.0,26.7639902676399,0.0,0.0,2.4330900243309004,2.4330900243309004,0.0,2.4330900243309004,14.598540145985401,48.661800486618006,17.0316301703163,323.60097323600974,9.732360097323602,0.0,2.4330900243309004,0.0,4.866180048661801,0.0,0.0,4.866180048661801,2.4330900243309004,0.0,9.732360097323602,0.0,7.299270072992701,0.0,0.0,0.0,0.0,0.0,0.0,0.0,2.4330900243309004,4.866180048661801,107.0559610705596,116.78832116788321,2.4330900243309004,38.929440389294406,0.5656565656565656,5.515151515151516,7.299270072992701,0.0,0.0,0.0,0.0,0.0,2.4330900243309004,12.165450121654501,0.0,0.0,0.0,12.165450121654501,0.0,0.0,0.0,0.0,2.4330900243309004,2.4330900243309004,2.4330900243309004,9.732360097323602,2.4330900243309004,0.0,7.299270072992701
N13-1103,11.682242990654204,7.009345794392523,56.074766355140184,0.0,0.0,11.682242990654204,0.0,9.345794392523365,2.336448598130841,2.336448598130841,2.336448598130841,2.336448598130841,14.018691588785046,56.074766355140184,14.018691588785046,203.27102803738316,11.682242990654204,0.0,23.36448598130841,2.336448598130841,4.672897196261682,0.0,0.0,18.69158878504673,4.672897196261682,0.0,7.009345794392523,0.0,2.336448598130841,2.336448598130841,4.672897196261682,0.0,2.336448598130841,2.336448598130841,2.336448598130841,0.0,0.0,2.336448598130841,114.48598130841121,105.14018691588785,9.345794392523365,77.10280373831775,0.5107398568019093,5.348448687350835,18.69158878504673,2.336448598130841,0.0,9.345794392523365,2.336448598130841,0.0,9.345794392523365,4.672897196261682,2.336448598130841,2.336448598130841,2.336448598130841,28.037383177570092,2.336448598130841,0.0,0.0,0.0,0.0,2.336448598130841,9.345794392523365,4.672897196261682,2.336448598130841,4.672897196261682,11.682242990654204
C18-1252,2.4154589371980677,7.246376811594203,53.14009661835749,7.246376811594203,2.4154589371980677,12.077294685990339,0.0,12.077294685990339,4.830917874396135,0.0,0.0,0.0,16.908212560386474,45.893719806763286,7.246376811594203,268.11594202898556,4.830917874396135,0.0,14.492753623188406,0.0,4.830917874396135,0.0,0.0,12.077294685990339,4.830917874396135,0.0,2.4154589371980677,2.4154589371980677,4.830917874396135,0.0,0.0,0.0,0.0,2.4154589371980677,0.0,0.0,2.4154589371980677,0.0,137.68115942028984,77.29468599033817,7.246376811594203,60.386473429951685,0.5635910224438903,5.531172069825437,7.246376811594203,9.66183574879227,0.0,2.4154589371980677,0.0,0.0,2.4154589371980677,0.0,0.0,2.4154589371980677,2.4154589371980677,19.32367149758454,9.66183574879227,0.0,0.0,0.0,0.0,0.0,2.4154589371980677,9.66183574879227,4.830917874396135,0.0,7.246376811594203
P13-1006,11.990407673860911,7.194244604316547,43.16546762589928,0.0,0.0,0.0,0.0,11.990407673860911,2.398081534772182,0.0,0.0,7.194244604316547,14.388489208633095,26.378896882494004,33.57314148681055,335.73141486810556,2.398081534772182,2.398081534772182,4.796163069544364,4.796163069544364,2.398081534772182,0.0,0.0,14.388489208633095,2.398081534772182,0.0,14.388489208633095,4.796163069544364,11.990407673860911,0.0,2.398081534772182,0.0,0.0,0.0,0.0,2.398081534772182,0.0,4.796163069544364,139.08872901678657,81.5347721822542,0.0,45.563549160671464,0.5222772277227723,5.569306930693069,11.990407673860911,4.796163069544364,0.0,0.0,7.194244604316547,0.0,2.398081534772182,4.796163069544364,0.0,2.398081534772182,0.0,23.980815347721823,7.194244604316547,0.0,0.0,0.0,0.0,0.0,2.398081534772182,14.388489208633095,4.796163069544364,0.0,7.194244604316547
C16-1031,0.0,2.4213075060532687,60.53268765133172,2.4213075060532687,0.0,4.842615012106537,0.0,0.0,0.0,0.0,0.0,0.0,16.949152542372882,31.476997578692497,4.842615012106537,375.3026634382566,9.685230024213075,0.0,16.949152542372882,7.263922518159807,0.0,0.0,0.0,2.4213075060532687,4.842615012106537,0.0,0.0,0.0,2.4213075060532687,0.0,4.842615012106537,0.0,4.842615012106537,0.0,0.0,0.0,0.0,4.842615012106537,125.90799031476999,58.11138014527845,0.0,48.426150121065376,0.5164556962025316,5.0329113924050635,12.106537530266344,2.4213075060532687,0.0,2.4213075060532687,9.685230024213075,0.0,7.263922518159807,2.4213075060532687,0.0,0.0,2.4213075060532687,4.842615012106537,2.4213075060532687,0.0,0.0,0.0,0.0,0.0,0.0,2.4213075060532687,2.4213075060532687,2.4213075060532687,7.263922518159807
D15-1136,7.389162561576354,0.0,46.79802955665024,0.0,0.0,14.778325123152708,0.0,0.0,4.926108374384237,2.4630541871921183,2.4630541871921183,0.0,7.389162561576354,36.94581280788178,12.315270935960593,381.7733990147783,2.4630541871921183,4.926108374384237,22.167487684729064,0.0,0.0,0.0,0.0,14.778325123152708,0.0,0.0,2.4630541871921183,2.4630541871921183,7.389162561576354,0.0,0.0,0.0,0.0,0.0,0.0,0.0,0.0,9.852216748768473,93.59605911330048,61.576354679802954,7.389162561576354,34.48275862068965,0.5833333333333334,5.1015625,9.852216748768473,4.926108374384237,0.0,0.0,2.4630541871921183,0.0,4.926108374384237,2.4630541871921183,0.0,0.0,0.0,4.926108374384237,2.4630541871921183,0.0,0.0,0.0,0.0,2.4630541871921183,2.4630541871921183,9.852216748768473,2.4630541871921183,0.0,7.389162561576354
P16-1153,4.9504950495049505,4.9504950495049505,44.554455445544555,0.0,4.9504950495049505,2.4752475247524752,0.0,2.4752475247524752,0.0,0.0,0.0,0.0,9.900990099009901,42.07920792079208,14.85148514851485,346.53465346534654,17.32673267326733,4.9504950495049505,12.376237623762377,2.4752475247524752,0.0,0.0,0.0,17.32673267326733,4.9504950495049505,2.4752475247524752,0.0,2.4752475247524752,4.9504950495049505,0.0,0.0,0.0,0.0,0.0,2.4752475247524752,0.0,2.4752475247524752,4.9504950495049505,106.43564356435644,74.25742574257426,2.4752475247524752,29.7029702970297,0.5204081632653061,4.903061224489796,2.4752475247524752,0.0,0.0,0.0,12.376237623762377,0.0,7.425742574257425,2.4752475247524752,0.0,2.4752475247524752,2.4752475247524752,14.85148514851485,2.4752475247524752,0.0,0.0,0.0,0.0,0.0,2.4752475247524752,4.9504950495049505,0.0,0.0,0.0
D10-1023,0.0,7.462686567164179,62.18905472636816,0.0,0.0,0.0,0.0,9.950248756218905,4.975124378109452,2.487562189054726,0.0,0.0,14.925373134328359,32.33830845771144,9.950248756218905,325.87064676616916,9.950248756218905,0.0,14.925373134328359,2.487562189054726,4.975124378109452,0.0,0.0,4.975124378109452,0.0,0.0,0.0,0.0,7.462686567164179,0.0,0.0,0.0,2.487562189054726,4.975124378109452,0.0,0.0,0.0,4.975124378109452,136.81592039800995,69.65174129353234,0.0,39.80099502487562,0.5309278350515464,5.389175257731959,14.925373134328359,0.0,0.0,2.487562189054726,2.487562189054726,0.0,9.950248756218905,0.0,2.487562189054726,0.0,4.975124378109452,12.437810945273633,0.0,0.0,0.0,0.0,2.487562189054726,0.0,2.487562189054726,2.487562189054726,0.0,0.0,2.487562189054726
D17-1101,9.280742459396752,6.960556844547564,53.364269141531324,0.0,4.640371229698376,11.600928074245939,0.0,2.320185614849188,0.0,6.960556844547564,0.0,0.0,9.280742459396752,39.443155452436194,4.640371229698376,303.94431554524357,16.241299303944317,0.0,9.280742459396752,0.0,0.0,0.0,2.320185614849188,23.201856148491878,0.0,0.0,6.960556844547564,2.320185614849188,0.0,0.0,0.0,0.0,0.0,0.0,0.0,0.0,0.0,4.640371229698376,118.32946635730858,76.5661252900232,4.640371229698376,58.0046403712297,0.5687203791469194,5.308056872037914,9.280742459396752,4.640371229698376,2.320185614849188,2.320185614849188,6.960556844547564,0.0,18.561484918793504,6.960556844547564,2.320185614849188,0.0,4.640371229698376,9.280742459396752,4.640371229698376,0.0,0.0,0.0,0.0,0.0,6.960556844547564,11.600928074245939,4.640371229698376,0.0,2.320185614849188
N10-1044,7.228915662650603,7.228915662650603,67.46987951807229,0.0,0.0,16.867469879518072,0.0,0.0,4.819277108433735,2.4096385542168677,0.0,0.0,19.27710843373494,55.42168674698795,7.228915662650603,277.10843373493975,9.63855421686747,2.4096385542168677,12.048192771084338,2.4096385542168677,9.63855421686747,0.0,0.0,12.048192771084338,2.4096385542168677,0.0,7.228915662650603,0.0,9.63855421686747,4.819277108433735,0.0,0.0,2.4096385542168677,0.0,0.0,0.0,0.0,9.63855421686747,115.66265060240964,55.42168674698795,2.4096385542168677,33.734939759036145,0.527363184079602,5.514925373134329,7.228915662650603,4.819277108433735,0.0,2.4096385542168677,4.819277108433735,0.0,7.228915662650603,9.63855421686747,2.4096385542168677,0.0,0.0,12.048192771084338,4.819277108433735,2.4096385542168677,0.0,0.0,0.0,2.4096385542168677,2.4096385542168677,16.867469879518072,2.4096385542168677,2.4096385542168677,0.0
D13-1024,4.975124378109452,7.462686567164179,67.16417910447761,0.0,4.975124378109452,22.388059701492537,0.0,9.950248756218905,2.487562189054726,2.487562189054726,0.0,0.0,7.462686567164179,22.388059701492537,9.950248756218905,350.74626865671644,17.412935323383085,0.0,9.950248756218905,0.0,2.487562189054726,0.0,0.0,0.0,0.0,0.0,7.462686567164179,0.0,4.975124378109452,0.0,0.0,0.0,0.0,0.0,0.0,0.0,0.0,7.462686567164179,109.45273631840796,97.01492537313433,0.0,44.776119402985074,0.5535248041775457,5.438642297650131,12.437810945273633,2.487562189054726,0.0,0.0,4.975124378109452,0.0,9.950248756218905,0.0,0.0,0.0,2.487562189054726,9.950248756218905,14.925373134328359,0.0,0.0,0.0,0.0,0.0,7.462686567164179,2.487562189054726,0.0,0.0,4.975124378109452
C12-1052,7.389162561576354,7.389162561576354,64.03940886699507,0.0,0.0,24.630541871921185,0.0,0.0,4.926108374384237,0.0,0.0,0.0,12.315270935960593,34.48275862068965,4.926108374384237,327.5862068965517,7.389162561576354,0.0,19.704433497536947,4.926108374384237,2.4630541871921183,0.0,0.0,19.704433497536947,2.4630541871921183,0.0,2.4630541871921183,0.0,4.926108374384237,0.0,2.4630541871921183,0.0,0.0,2.4630541871921183,0.0,0.0,0.0,4.926108374384237,91.13300492610837,73.89162561576356,9.852216748768473,39.40886699507389,0.51010101010101,5.52020202020202,9.852216748768473,0.0,0.0,2.4630541871921183,0.0,0.0,7.389162561576354,9.852216748768473,0.0,0.0,2.4630541871921183,9.852216748768473,2.4630541871921183,0.0,0.0,0.0,0.0,0.0,4.926108374384237,19.704433497536947,7.389162561576354,0.0,2.4630541871921183
P11-1017,4.914004914004914,7.371007371007371,54.054054054054056,0.0,0.0,19.656019656019655,0.0,2.457002457002457,2.457002457002457,2.457002457002457,0.0,0.0,2.457002457002457,27.027027027027028,2.457002457002457,289.92628992628994,4.914004914004914,0.0,14.742014742014742,0.0,0.0,2.457002457002457,0.0,4.914004914004914,4.914004914004914,0.0,2.457002457002457,0.0,2.457002457002457,0.0,0.0,0.0,0.0,0.0,0.0,0.0,0.0,0.0,152.33415233415235,120.39312039312038,4.914004914004914,39.31203931203931,0.5569948186528497,5.686528497409326,7.371007371007371,0.0,0.0,0.0,4.914004914004914,0.0,7.371007371007371,0.0,0.0,2.457002457002457,2.457002457002457,4.914004914004914,4.914004914004914,0.0,0.0,0.0,0.0,0.0,0.0,12.285012285012284,0.0,2.457002457002457,0.0
C12-1039,0.0,0.0,56.511056511056516,0.0,0.0,14.742014742014742,0.0,9.828009828009828,9.828009828009828,0.0,0.0,0.0,14.742014742014742,31.94103194103194,0.0,262.8992628992629,24.570024570024568,0.0,12.285012285012284,0.0,0.0,0.0,2.457002457002457,17.1990171990172,0.0,0.0,7.371007371007371,2.457002457002457,4.914004914004914,2.457002457002457,0.0,0.0,0.0,2.457002457002457,0.0,0.0,0.0,9.828009828009828,125.30712530712532,93.36609336609337,0.0,61.42506142506143,0.555,5.47,22.11302211302211,0.0,0.0,4.914004914004914,9.828009828009828,0.0,17.1990171990172,14.742014742014742,0.0,0.0,2.457002457002457,19.656019656019655,4.914004914004914,0.0,0.0,0.0,0.0,0.0,4.914004914004914,12.285012285012284,2.457002457002457,0.0,0.0
C16-1210,0.0,0.0,71.06598984771574,0.0,0.0,7.614213197969543,0.0,0.0,7.614213197969543,0.0,0.0,0.0,5.076142131979695,96.44670050761421,0.0,302.0304568527919,27.918781725888326,2.5380710659898473,12.690355329949238,2.5380710659898473,0.0,0.0,0.0,7.614213197969543,0.0,0.0,0.0,0.0,2.5380710659898473,0.0,0.0,0.0,0.0,2.5380710659898473,0.0,0.0,0.0,5.076142131979695,114.21319796954315,91.37055837563452,5.076142131979695,22.84263959390863,0.5013333333333333,5.333333333333333,12.690355329949238,0.0,0.0,0.0,5.076142131979695,0.0,10.15228426395939,2.5380710659898473,0.0,0.0,0.0,7.614213197969543,7.614213197969543,0.0,0.0,0.0,0.0,5.076142131979695,10.15228426395939,2.5380710659898473,2.5380710659898473,2.5380710659898473,0.0
N15-1141,2.4691358024691357,2.4691358024691357,49.382716049382715,0.0,0.0,2.4691358024691357,0.0,9.876543209876543,4.938271604938271,0.0,0.0,0.0,9.876543209876543,54.32098765432099,12.345679012345679,330.8641975308642,12.345679012345679,2.4691358024691357,27.160493827160494,0.0,0.0,0.0,0.0,22.22222222222222,0.0,0.0,4.938271604938271,4.938271604938271,2.4691358024691357,0.0,0.0,0.0,0.0,0.0,0.0,0.0,0.0,2.4691358024691357,125.92592592592591,51.85185185185185,14.814814814814815,41.97530864197531,0.5294117647058824,5.542199488491049,9.876543209876543,4.938271604938271,0.0,0.0,4.938271604938271,0.0,0.0,12.345679012345679,2.4691358024691357,0.0,2.4691358024691357,4.938271604938271,4.938271604938271,0.0,0.0,0.0,0.0,2.4691358024691357,7.407407407407407,12.345679012345679,2.4691358024691357,0.0,4.938271604938271
D12-1083,0.0,7.042253521126761,56.33802816901409,0.0,0.0,9.389671361502348,0.0,4.694835680751174,0.0,0.0,0.0,0.0,11.737089201877934,46.948356807511736,7.042253521126761,316.90140845070425,4.694835680751174,2.347417840375587,18.779342723004696,0.0,2.347417840375587,0.0,0.0,4.694835680751174,0.0,0.0,2.347417840375587,2.347417840375587,2.347417840375587,0.0,2.347417840375587,0.0,0.0,0.0,0.0,0.0,0.0,2.347417840375587,93.89671361502347,63.38028169014084,2.347417840375587,46.948356807511736,0.5590361445783133,5.433734939759036,7.042253521126761,2.347417840375587,0.0,0.0,4.694835680751174,0.0,9.389671361502348,2.347417840375587,0.0,0.0,0.0,14.084507042253522,7.042253521126761,0.0,0.0,2.347417840375587,0.0,0.0,2.347417840375587,7.042253521126761,2.347417840375587,0.0,4.694835680751174
D15-1178,7.444168734491315,0.0,71.96029776674938,2.4813895781637716,0.0,24.81389578163772,2.4813895781637716,2.4813895781637716,9.925558312655086,2.4813895781637716,0.0,0.0,14.88833746898263,24.81389578163772,2.4813895781637716,339.9503722084367,7.444168734491315,0.0,27.29528535980149,0.0,2.4813895781637716,0.0,0.0,2.4813895781637716,0.0,0.0,0.0,4.962779156327543,0.0,0.0,7.444168734491315,0.0,2.4813895781637716,0.0,0.0,0.0,0.0,0.0,114.14392059553349,62.03473945409429,9.925558312655086,34.7394540942928,0.5569948186528497,4.922279792746114,2.4813895781637716,0.0,0.0,0.0,7.444168734491315,0.0,12.40694789081886,4.962779156327543,0.0,4.962779156327543,2.4813895781637716,14.88833746898263,0.0,0.0,2.4813895781637716,0.0,0.0,0.0,2.4813895781637716,22.332506203473944,4.962779156327543,0.0,4.962779156327543
P12-1041,4.555808656036446,2.277904328018223,50.11389521640091,0.0,0.0,15.945330296127564,0.0,4.555808656036446,2.277904328018223,0.0,0.0,4.555808656036446,13.66742596810934,50.11389521640091,4.555808656036446,353.0751708428246,4.555808656036446,0.0,15.945330296127564,4.555808656036446,0.0,0.0,0.0,13.66742596810934,0.0,0.0,2.277904328018223,0.0,4.555808656036446,0.0,0.0,0.0,2.277904328018223,2.277904328018223,0.0,0.0,2.277904328018223,4.555808656036446,125.28473804100229,82.00455580865604,4.555808656036446,34.16856492027335,0.5322195704057279,5.350835322195704,15.945330296127564,2.277904328018223,0.0,0.0,4.555808656036446,0.0,4.555808656036446,6.83371298405467,0.0,2.277904328018223,0.0,9.111617312072893,6.83371298405467,0.0,0.0,0.0,0.0,0.0,2.277904328018223,9.111617312072893,2.277904328018223,0.0,2.277904328018223
C16-1168,2.4752475247524752,7.425742574257425,59.4059405940594,0.0,0.0,7.425742574257425,0.0,0.0,4.9504950495049505,2.4752475247524752,0.0,0.0,12.376237623762377,66.83168316831683,7.425742574257425,306.9306930693069,17.32673267326733,4.9504950495049505,27.22772277227723,0.0,12.376237623762377,0.0,0.0,22.277227722772277,4.9504950495049505,0.0,2.4752475247524752,0.0,0.0,0.0,4.9504950495049505,0.0,0.0,0.0,0.0,4.9504950495049505,0.0,4.9504950495049505,99.00990099009901,71.78217821782178,14.85148514851485,54.45544554455446,0.5154639175257731,5.536082474226804,7.425742574257425,0.0,0.0,0.0,4.9504950495049505,0.0,7.425742574257425,12.376237623762377,0.0,0.0,4.9504950495049505,22.277227722772277,7.425742574257425,0.0,0.0,0.0,0.0,0.0,4.9504950495049505,17.32673267326733,2.4752475247524752,0.0,2.4752475247524752
D18-1285,9.852216748768473,0.0,61.576354679802954,2.4630541871921183,2.4630541871921183,9.852216748768473,2.4630541871921183,4.926108374384237,7.389162561576354,0.0,0.0,0.0,22.167487684729064,39.40886699507389,9.852216748768473,280.7881773399015,12.315270935960593,0.0,14.778325123152708,0.0,0.0,2.4630541871921183,2.4630541871921183,12.315270935960593,0.0,0.0,4.926108374384237,0.0,9.852216748768473,0.0,0.0,0.0,0.0,0.0,0.0,0.0,0.0,0.0,145.32019704433498,54.187192118226605,4.926108374384237,49.26108374384237,0.5261845386533666,5.224438902743142,7.389162561576354,0.0,0.0,2.4630541871921183,7.389162561576354,0.0,22.167487684729064,4.926108374384237,2.4630541871921183,0.0,0.0,22.167487684729064,7.389162561576354,0.0,0.0,0.0,0.0,0.0,0.0,17.241379310344826,7.389162561576354,0.0,7.389162561576354
D18-1322,0.0,0.0,45.563549160671464,0.0,0.0,26.378896882494004,0.0,2.398081534772182,4.796163069544364,0.0,0.0,0.0,14.388489208633095,59.95203836930456,2.398081534772182,311.7505995203837,9.592326139088728,0.0,16.786570743405274,0.0,0.0,0.0,7.194244604316547,23.980815347721823,0.0,0.0,4.796163069544364,0.0,0.0,0.0,0.0,0.0,0.0,2.398081534772182,0.0,0.0,0.0,2.398081534772182,107.91366906474819,64.74820143884892,9.592326139088728,43.16546762589928,0.51,5.1,19.184652278177456,0.0,0.0,0.0,0.0,0.0,7.194244604316547,11.990407673860911,2.398081534772182,2.398081534772182,0.0,11.990407673860911,2.398081534772182,0.0,0.0,0.0,0.0,2.398081534772182,9.592326139088728,2.398081534772182,0.0,0.0,2.398081534772182
D17-1155,2.3866348448687353,7.159904534606206,42.959427207637226,0.0,2.3866348448687353,2.3866348448687353,0.0,2.3866348448687353,0.0,0.0,0.0,0.0,4.773269689737471,28.639618138424822,11.933174224343675,486.87350835322195,26.252983293556085,0.0,14.319809069212411,4.773269689737471,0.0,0.0,0.0,9.546539379474941,0.0,0.0,2.3866348448687353,2.3866348448687353,0.0,0.0,0.0,0.0,0.0,2.3866348448687353,2.3866348448687353,0.0,0.0,0.0,83.53221957040573,40.572792362768496,0.0,54.89260143198091,0.4362244897959184,4.8061224489795915,2.3866348448687353,0.0,0.0,0.0,0.0,0.0,9.546539379474941,7.159904534606206,0.0,0.0,0.0,4.773269689737471,2.3866348448687353,0.0,0.0,0.0,0.0,0.0,2.3866348448687353,9.546539379474941,0.0,0.0,9.546539379474941
D13-1112,0.0,2.398081534772182,57.55395683453238,0.0,2.398081534772182,9.592326139088728,0.0,0.0,9.592326139088728,2.398081534772182,0.0,2.398081534772182,11.990407673860911,26.378896882494004,14.388489208633095,297.3621103117506,14.388489208633095,0.0,14.388489208633095,0.0,4.796163069544364,0.0,2.398081534772182,16.786570743405274,0.0,0.0,4.796163069544364,2.398081534772182,0.0,0.0,0.0,0.0,2.398081534772182,4.796163069544364,2.398081534772182,2.398081534772182,0.0,7.194244604316547,100.71942446043165,88.72901678657075,2.398081534772182,71.94244604316546,0.5870646766169154,5.097014925373134,16.786570743405274,9.592326139088728,0.0,2.398081534772182,11.990407673860911,0.0,9.592326139088728,7.194244604316547,2.398081534772182,0.0,2.398081534772182,14.388489208633095,2.398081534772182,0.0,0.0,0.0,2.398081534772182,0.0,9.592326139088728,2.398081534772182,2.398081534772182,0.0,4.796163069544364
P16-1213,0.0,4.597701149425287,59.770114942528735,4.597701149425287,0.0,16.091954022988507,0.0,2.2988505747126435,11.494252873563218,0.0,0.0,0.0,13.793103448275861,27.586206896551722,6.896551724137931,349.42528735632186,0.0,0.0,22.988505747126435,4.597701149425287,0.0,0.0,0.0,11.494252873563218,2.2988505747126435,0.0,2.2988505747126435,0.0,4.597701149425287,0.0,2.2988505747126435,0.0,0.0,4.597701149425287,2.2988505747126435,0.0,0.0,0.0,126.43678160919542,62.06896551724138,6.896551724137931,41.37931034482759,0.5448113207547169,4.971698113207547,2.2988505747126435,2.2988505747126435,0.0,2.2988505747126435,6.896551724137931,0.0,16.091954022988507,2.2988505747126435,0.0,0.0,0.0,0.0,6.896551724137931,0.0,0.0,0.0,0.0,0.0,0.0,6.896551724137931,0.0,0.0,2.2988505747126435
N13-1035,4.88997555012225,7.334963325183374,53.78973105134474,0.0,0.0,12.224938875305625,0.0,9.7799511002445,4.88997555012225,7.334963325183374,0.0,2.444987775061125,4.88997555012225,63.56968215158924,4.88997555012225,283.61858190709046,17.114914425427873,2.444987775061125,17.114914425427873,0.0,4.88997555012225,0.0,0.0,22.004889975550125,2.444987775061125,0.0,4.88997555012225,0.0,2.444987775061125,0.0,0.0,0.0,0.0,0.0,2.444987775061125,0.0,2.444987775061125,2.444987775061125,117.35941320293398,61.12469437652811,2.444987775061125,56.23471882640587,0.5075,5.355,9.7799511002445,0.0,0.0,0.0,0.0,0.0,22.004889975550125,4.88997555012225,2.444987775061125,0.0,0.0,7.334963325183374,2.444987775061125,0.0,0.0,0.0,0.0,0.0,2.444987775061125,0.0,0.0,0.0,9.7799511002445
P09-1075,17.32673267326733,2.4752475247524752,44.554455445544555,0.0,0.0,2.4752475247524752,0.0,7.425742574257425,7.425742574257425,0.0,0.0,0.0,9.900990099009901,49.504950495049506,17.32673267326733,306.9306930693069,7.425742574257425,2.4752475247524752,14.85148514851485,0.0,2.4752475247524752,0.0,0.0,12.376237623762377,2.4752475247524752,0.0,4.9504950495049505,0.0,2.4752475247524752,0.0,2.4752475247524752,0.0,0.0,2.4752475247524752,0.0,2.4752475247524752,2.4752475247524752,2.4752475247524752,108.91089108910892,79.20792079207921,7.425742574257425,37.12871287128713,0.5673575129533679,5.422279792746114,7.425742574257425,4.9504950495049505,0.0,0.0,2.4752475247524752,0.0,4.9504950495049505,2.4752475247524752,0.0,2.4752475247524752,2.4752475247524752,17.32673267326733,2.4752475247524752,0.0,0.0,0.0,0.0,0.0,2.4752475247524752,12.376237623762377,0.0,0.0,4.9504950495049505
D18-1280,0.0,4.88997555012225,70.90464547677261,0.0,2.444987775061125,9.7799511002445,0.0,7.334963325183374,2.444987775061125,4.88997555012225,0.0,0.0,14.669926650366747,53.78973105134474,2.444987775061125,300.7334963325183,12.224938875305625,0.0,7.334963325183374,0.0,0.0,0.0,0.0,14.669926650366747,0.0,0.0,2.444987775061125,4.88997555012225,9.7799511002445,4.88997555012225,0.0,0.0,0.0,0.0,0.0,0.0,0.0,2.444987775061125,141.80929095354523,95.35452322738386,2.444987775061125,46.45476772616137,0.5693069306930693,5.839108910891089,14.669926650366747,2.444987775061125,0.0,0.0,2.444987775061125,0.0,9.7799511002445,7.334963325183374,0.0,0.0,0.0,9.7799511002445,2.444987775061125,0.0,0.0,0.0,0.0,0.0,7.334963325183374,7.334963325183374,0.0,0.0,0.0
N12-1008,14.084507042253522,2.347417840375587,61.032863849765256,2.347417840375587,2.347417840375587,9.389671361502348,0.0,2.347417840375587,2.347417840375587,0.0,0.0,0.0,18.779342723004696,46.948356807511736,0.0,312.2065727699531,11.737089201877934,0.0,4.694835680751174,0.0,0.0,0.0,0.0,14.084507042253522,2.347417840375587,0.0,4.694835680751174,2.347417840375587,11.737089201877934,0.0,2.347417840375587,0.0,0.0,0.0,0.0,0.0,0.0,9.389671361502348,133.80281690140845,91.54929577464789,0.0,46.948356807511736,0.54739336492891,5.4052132701421804,16.431924882629108,2.347417840375587,0.0,2.347417840375587,2.347417840375587,0.0,9.389671361502348,2.347417840375587,0.0,0.0,0.0,4.694835680751174,4.694835680751174,2.347417840375587,0.0,0.0,0.0,0.0,2.347417840375587,7.042253521126761,2.347417840375587,0.0,4.694835680751174
D18-1309,0.0,9.950248756218905,59.701492537313435,2.487562189054726,0.0,2.487562189054726,0.0,2.487562189054726,9.950248756218905,0.0,0.0,0.0,14.925373134328359,64.67661691542288,2.487562189054726,358.2089552238806,12.437810945273633,0.0,12.437810945273633,0.0,0.0,0.0,0.0,2.487562189054726,0.0,0.0,0.0,2.487562189054726,7.462686567164179,0.0,0.0,0.0,0.0,2.487562189054726,2.487562189054726,0.0,0.0,0.0,109.45273631840796,72.13930348258707,4.975124378109452,34.82587064676617,0.5643044619422573,4.9921259842519685,14.925373134328359,2.487562189054726,0.0,0.0,0.0,0.0,2.487562189054726,4.975124378109452,0.0,0.0,0.0,7.462686567164179,2.487562189054726,0.0,0.0,0.0,0.0,0.0,4.975124378109452,2.487562189054726,4.975124378109452,0.0,0.0
D16-1053,0.0,2.4630541871921183,59.11330049261083,0.0,0.0,7.389162561576354,0.0,2.4630541871921183,4.926108374384237,0.0,0.0,0.0,19.704433497536947,24.630541871921185,19.704433497536947,339.9014778325123,14.778325123152708,0.0,9.852216748768473,0.0,0.0,0.0,0.0,9.852216748768473,4.926108374384237,0.0,2.4630541871921183,0.0,2.4630541871921183,0.0,7.389162561576354,0.0,0.0,2.4630541871921183,0.0,0.0,0.0,7.389162561576354,103.44827586206897,51.724137931034484,9.852216748768473,44.33497536945813,0.5583756345177665,5.223350253807107,4.926108374384237,4.926108374384237,0.0,0.0,2.4630541871921183,0.0,2.4630541871921183,9.852216748768473,4.926108374384237,2.4630541871921183,0.0,9.852216748768473,0.0,0.0,0.0,0.0,0.0,0.0,2.4630541871921183,9.852216748768473,2.4630541871921183,0.0,0.0
P13-1134,4.796163069544364,7.194244604316547,50.35971223021583,0.0,4.796163069544364,11.990407673860911,0.0,9.592326139088728,7.194244604316547,2.398081534772182,0.0,0.0,4.796163069544364,55.15587529976019,9.592326139088728,292.5659472422062,9.592326139088728,2.398081534772182,11.990407673860911,0.0,0.0,0.0,0.0,7.194244604316547,0.0,0.0,7.194244604316547,0.0,0.0,0.0,0.0,0.0,0.0,2.398081534772182,0.0,0.0,0.0,0.0,153.47721822541965,100.71942446043165,4.796163069544364,35.97122302158273,0.4853658536585366,5.878048780487805,11.990407673860911,2.398081534772182,0.0,0.0,0.0,0.0,4.796163069544364,2.398081534772182,0.0,0.0,0.0,2.398081534772182,0.0,0.0,0.0,0.0,0.0,0.0,2.398081534772182,4.796163069544364,0.0,0.0,4.796163069544364
D15-1041,7.228915662650603,4.819277108433735,67.46987951807229,2.4096385542168677,0.0,9.63855421686747,0.0,2.4096385542168677,14.457831325301205,2.4096385542168677,0.0,0.0,16.867469879518072,33.734939759036145,16.867469879518072,279.51807228915663,31.32530120481928,0.0,14.457831325301205,0.0,12.048192771084338,0.0,0.0,19.27710843373494,2.4096385542168677,0.0,4.819277108433735,4.819277108433735,9.63855421686747,0.0,0.0,0.0,2.4096385542168677,2.4096385542168677,0.0,2.4096385542168677,2.4096385542168677,4.819277108433735,106.02409638554217,79.51807228915662,7.228915662650603,36.144578313253014,0.57,5.4775,2.4096385542168677,2.4096385542168677,0.0,0.0,0.0,0.0,7.228915662650603,2.4096385542168677,0.0,2.4096385542168677,2.4096385542168677,26.50602409638554,2.4096385542168677,0.0,0.0,0.0,0.0,0.0,4.819277108433735,4.819277108433735,2.4096385542168677,2.4096385542168677,2.4096385542168677
P15-1017,9.592326139088728,0.0,69.54436450839329,0.0,0.0,14.388489208633095,0.0,4.796163069544364,2.398081534772182,0.0,0.0,0.0,26.378896882494004,38.36930455635491,0.0,364.5083932853717,2.398081534772182,2.398081534772182,28.77697841726619,4.796163069544364,2.398081534772182,0.0,4.796163069544364,16.786570743405274,0.0,0.0,0.0,0.0,7.194244604316547,0.0,0.0,0.0,0.0,14.388489208633095,0.0,0.0,2.398081534772182,2.398081534772182,91.12709832134293,64.74820143884892,2.398081534772182,38.36930455635491,0.4975,5.03,16.786570743405274,0.0,0.0,0.0,4.796163069544364,0.0,2.398081534772182,11.990407673860911,0.0,0.0,2.398081534772182,11.990407673860911,0.0,0.0,0.0,0.0,0.0,2.398081534772182,2.398081534772182,7.194244604316547,2.398081534772182,2.398081534772182,2.398081534772182
P17-1128,0.0,2.3696682464454977,59.241706161137444,0.0,0.0,2.3696682464454977,0.0,4.739336492890995,2.3696682464454977,2.3696682464454977,0.0,0.0,4.739336492890995,75.82938388625593,7.109004739336492,390.9952606635071,11.848341232227487,4.739336492890995,18.95734597156398,2.3696682464454977,4.739336492890995,0.0,0.0,9.47867298578199,0.0,0.0,7.109004739336492,2.3696682464454977,0.0,0.0,0.0,0.0,0.0,4.739336492890995,0.0,0.0,0.0,4.739336492890995,99.5260663507109,78.19905213270142,0.0,45.023696682464454,0.5325,5.2475,11.848341232227487,2.3696682464454977,0.0,2.3696682464454977,2.3696682464454977,0.0,7.109004739336492,7.109004739336492,0.0,0.0,2.3696682464454977,4.739336492890995,4.739336492890995,0.0,0.0,0.0,0.0,0.0,2.3696682464454977,9.47867298578199,0.0,2.3696682464454977,7.109004739336492
P12-1004,4.854368932038835,0.0,60.67961165048544,2.4271844660194173,2.4271844660194173,0.0,0.0,0.0,4.854368932038835,2.4271844660194173,0.0,0.0,9.70873786407767,21.844660194174757,4.854368932038835,327.66990291262135,9.70873786407767,2.4271844660194173,33.980582524271846,2.4271844660194173,4.854368932038835,0.0,0.0,14.563106796116505,2.4271844660194173,0.0,2.4271844660194173,7.281553398058253,2.4271844660194173,0.0,2.4271844660194173,0.0,0.0,4.854368932038835,2.4271844660194173,0.0,0.0,2.4271844660194173,114.07766990291263,94.66019417475728,9.70873786407767,80.09708737864078,0.5359801488833746,5.459057071960298,14.563106796116505,2.4271844660194173,0.0,2.4271844660194173,14.563106796116505,0.0,9.70873786407767,4.854368932038835,0.0,0.0,4.854368932038835,2.4271844660194173,7.281553398058253,0.0,0.0,0.0,0.0,0.0,2.4271844660194173,19.41747572815534,2.4271844660194173,0.0,4.854368932038835
D17-1244,2.487562189054726,7.462686567164179,67.16417910447761,2.487562189054726,2.487562189054726,2.487562189054726,0.0,9.950248756218905,0.0,2.487562189054726,0.0,0.0,17.412935323383085,49.75124378109453,12.437810945273633,300.9950248756219,12.437810945273633,2.487562189054726,12.437810945273633,0.0,2.487562189054726,0.0,0.0,7.462686567164179,0.0,0.0,4.975124378109452,12.437810945273633,4.975124378109452,0.0,4.975124378109452,0.0,2.487562189054726,0.0,0.0,0.0,0.0,7.462686567164179,124.37810945273633,44.776119402985074,7.462686567164179,32.33830845771144,0.5718015665796344,5.772845953002611,14.925373134328359,2.487562189054726,0.0,0.0,4.975124378109452,0.0,12.437810945273633,7.462686567164179,0.0,4.975124378109452,7.462686567164179,14.925373134328359,4.975124378109452,0.0,0.0,0.0,2.487562189054726,0.0,2.487562189054726,12.437810945273633,0.0,0.0,2.487562189054726
P14-1053,6.8181818181818175,6.8181818181818175,45.45454545454545,2.2727272727272725,9.09090909090909,2.2727272727272725,13.636363636363635,0.0,6.8181818181818175,0.0,0.0,0.0,6.8181818181818175,22.727272727272727,18.18181818181818,254.54545454545453,13.636363636363635,0.0,18.18181818181818,0.0,4.545454545454545,0.0,0.0,22.727272727272727,0.0,0.0,6.8181818181818175,4.545454545454545,4.545454545454545,2.2727272727272725,0.0,0.0,0.0,0.0,0.0,0.0,0.0,11.363636363636363,115.9090909090909,88.63636363636364,6.8181818181818175,63.63636363636363,0.5731132075471698,5.235849056603773,4.545454545454545,4.545454545454545,0.0,0.0,0.0,0.0,11.363636363636363,2.2727272727272725,0.0,2.2727272727272725,0.0,29.545454545454543,2.2727272727272725,0.0,2.2727272727272725,2.2727272727272725,0.0,0.0,4.545454545454545,11.363636363636363,0.0,0.0,4.545454545454545
N15-1078,0.0,4.608294930875576,43.77880184331797,2.304147465437788,0.0,13.82488479262673,0.0,2.304147465437788,4.608294930875576,2.304147465437788,0.0,0.0,16.129032258064516,85.25345622119816,0.0,274.19354838709677,9.216589861751151,0.0,13.82488479262673,4.608294930875576,2.304147465437788,0.0,2.304147465437788,4.608294930875576,2.304147465437788,0.0,4.608294930875576,0.0,0.0,0.0,0.0,0.0,0.0,2.304147465437788,0.0,2.304147465437788,0.0,2.304147465437788,140.55299539170508,89.86175115207374,2.304147465437788,76.036866359447,0.4117647058823529,5.590588235294118,16.129032258064516,2.304147465437788,0.0,0.0,4.608294930875576,0.0,11.520737327188941,4.608294930875576,0.0,2.304147465437788,0.0,16.129032258064516,11.520737327188941,0.0,0.0,0.0,2.304147465437788,0.0,2.304147465437788,9.216589861751151,0.0,0.0,0.0
C18-1321,2.4213075060532687,21.791767554479417,38.7409200968523,0.0,2.4213075060532687,0.0,0.0,2.4213075060532687,4.842615012106537,0.0,0.0,0.0,7.263922518159807,43.583535108958834,26.634382566585955,411.6222760290557,12.106537530266344,0.0,4.842615012106537,0.0,0.0,0.0,0.0,2.4213075060532687,0.0,0.0,4.842615012106537,4.842615012106537,4.842615012106537,0.0,0.0,0.0,0.0,0.0,0.0,0.0,0.0,0.0,111.38014527845036,101.6949152542373,4.842615012106537,24.213075060532688,0.5732323232323232,5.51010101010101,9.685230024213075,0.0,0.0,0.0,4.842615012106537,0.0,12.106537530266344,9.685230024213075,0.0,0.0,0.0,2.4213075060532687,2.4213075060532687,0.0,0.0,0.0,0.0,0.0,2.4213075060532687,4.842615012106537,0.0,0.0,0.0
D15-1115,0.0,9.592326139088728,71.94244604316546,2.398081534772182,0.0,7.194244604316547,0.0,9.592326139088728,4.796163069544364,0.0,2.398081534772182,0.0,14.388489208633095,43.16546762589928,21.58273381294964,251.79856115107913,7.194244604316547,2.398081534772182,31.17505995203837,2.398081534772182,7.194244604316547,0.0,0.0,7.194244604316547,0.0,0.0,0.0,0.0,0.0,0.0,0.0,0.0,0.0,7.194244604316547,0.0,0.0,0.0,4.796163069544364,122.3021582733813,107.91366906474819,16.786570743405274,47.961630695443645,0.5062972292191436,5.544080604534005,7.194244604316547,0.0,0.0,7.194244604316547,2.398081534772182,0.0,9.592326139088728,7.194244604316547,0.0,0.0,0.0,9.592326139088728,2.398081534772182,0.0,2.398081534772182,0.0,0.0,0.0,2.398081534772182,4.796163069544364,4.796163069544364,0.0,9.592326139088728
P10-1116,0.0,7.444168734491315,79.40446650124069,0.0,2.4813895781637716,17.3697270471464,0.0,2.4813895781637716,7.444168734491315,0.0,0.0,0.0,24.81389578163772,47.146401985111666,0.0,285.35980148883374,9.925558312655086,0.0,24.81389578163772,2.4813895781637716,2.4813895781637716,0.0,0.0,4.962779156327543,0.0,0.0,2.4813895781637716,2.4813895781637716,4.962779156327543,0.0,4.962779156327543,0.0,7.444168734491315,7.444168734491315,0.0,0.0,0.0,2.4813895781637716,131.5136476426799,74.44168734491315,2.4813895781637716,39.702233250620345,0.5314861460957179,5.279596977329975,2.4813895781637716,2.4813895781637716,0.0,0.0,0.0,0.0,12.40694789081886,4.962779156327543,0.0,0.0,0.0,9.925558312655086,17.3697270471464,0.0,0.0,0.0,0.0,0.0,0.0,7.444168734491315,2.4813895781637716,0.0,4.962779156327543
P16-1111,26.7639902676399,2.4330900243309004,34.0632603406326,0.0,0.0,2.4330900243309004,0.0,7.299270072992701,12.165450121654501,0.0,0.0,2.4330900243309004,17.0316301703163,24.330900243309003,2.4330900243309004,313.86861313868616,29.197080291970803,0.0,9.732360097323602,0.0,2.4330900243309004,0.0,2.4330900243309004,4.866180048661801,2.4330900243309004,2.4330900243309004,14.598540145985401,0.0,2.4330900243309004,2.4330900243309004,0.0,0.0,0.0,0.0,2.4330900243309004,0.0,0.0,2.4330900243309004,143.5523114355231,99.7566909975669,2.4330900243309004,36.4963503649635,0.535,5.3575,4.866180048661801,0.0,0.0,0.0,2.4330900243309004,0.0,9.732360097323602,7.299270072992701,0.0,0.0,4.866180048661801,14.598540145985401,2.4330900243309004,0.0,0.0,0.0,0.0,0.0,4.866180048661801,7.299270072992701,2.4330900243309004,0.0,4.866180048661801
P10-1096,0.0,2.493765586034913,42.394014962593516,0.0,2.493765586034913,12.468827930174564,0.0,2.493765586034913,2.493765586034913,4.987531172069826,0.0,0.0,9.975062344139651,67.33167082294264,12.468827930174564,259.3516209476309,12.468827930174564,2.493765586034913,19.950124688279303,0.0,0.0,0.0,0.0,12.468827930174564,2.493765586034913,2.493765586034913,0.0,0.0,0.0,0.0,0.0,0.0,0.0,0.0,0.0,0.0,2.493765586034913,2.493765586034913,119.7007481296758,67.33167082294264,9.975062344139651,34.912718204488776,0.5295629820051414,5.336760925449871,0.0,0.0,0.0,0.0,7.481296758104738,0.0,9.975062344139651,19.950124688279303,4.987531172069826,0.0,0.0,14.962593516209475,4.987531172069826,0.0,0.0,0.0,0.0,0.0,4.987531172069826,12.468827930174564,7.481296758104738,0.0,4.987531172069826
N15-1121,0.0,0.0,64.03940886699507,0.0,2.4630541871921183,29.556650246305416,0.0,4.926108374384237,4.926108374384237,0.0,0.0,0.0,9.852216748768473,44.33497536945813,9.852216748768473,295.56650246305423,12.315270935960593,2.4630541871921183,7.389162561576354,0.0,0.0,0.0,0.0,22.167487684729064,2.4630541871921183,0.0,4.926108374384237,0.0,4.926108374384237,0.0,0.0,0.0,0.0,2.4630541871921183,0.0,0.0,0.0,4.926108374384237,118.22660098522167,96.0591133004926,4.926108374384237,39.40886699507389,0.5825,5.6725,19.704433497536947,0.0,0.0,2.4630541871921183,0.0,0.0,14.778325123152708,4.926108374384237,0.0,0.0,2.4630541871921183,7.389162561576354,2.4630541871921183,0.0,0.0,0.0,0.0,2.4630541871921183,7.389162561576354,4.926108374384237,0.0,0.0,0.0
D18-1083,4.987531172069826,2.493765586034913,54.86284289276808,2.493765586034913,0.0,2.493765586034913,0.0,0.0,2.493765586034913,0.0,0.0,0.0,14.962593516209475,27.43142144638404,12.468827930174564,413.9650872817955,12.468827930174564,0.0,7.481296758104738,2.493765586034913,2.493765586034913,0.0,0.0,12.468827930174564,0.0,2.493765586034913,4.987531172069826,0.0,4.987531172069826,0.0,0.0,0.0,0.0,7.481296758104738,0.0,2.493765586034913,0.0,2.493765586034913,77.3067331670823,59.8503740648379,0.0,39.900249376558605,0.5925925925925926,5.283068783068783,7.481296758104738,0.0,0.0,0.0,0.0,0.0,4.987531172069826,7.481296758104738,0.0,0.0,4.987531172069826,12.468827930174564,2.493765586034913,0.0,0.0,0.0,0.0,0.0,9.975062344139651,0.0,0.0,0.0,0.0
P10-1157,2.4691358024691357,4.938271604938271,41.97530864197531,0.0,0.0,4.938271604938271,0.0,4.938271604938271,0.0,0.0,0.0,0.0,14.814814814814815,51.85185185185185,9.876543209876543,323.4567901234568,7.407407407407407,7.407407407407407,12.345679012345679,0.0,0.0,0.0,0.0,17.28395061728395,2.4691358024691357,0.0,9.876543209876543,2.4691358024691357,4.938271604938271,0.0,2.4691358024691357,0.0,2.4691358024691357,2.4691358024691357,0.0,0.0,0.0,7.407407407407407,96.29629629629629,86.41975308641975,0.0,22.22222222222222,0.5784061696658098,5.4755784061696655,4.938271604938271,2.4691358024691357,0.0,2.4691358024691357,2.4691358024691357,0.0,7.407407407407407,9.876543209876543,2.4691358024691357,0.0,0.0,12.345679012345679,2.4691358024691357,0.0,0.0,0.0,0.0,0.0,4.938271604938271,2.4691358024691357,0.0,0.0,2.4691358024691357
D11-1117,7.444168734491315,0.0,64.51612903225806,0.0,4.962779156327543,4.962779156327543,0.0,2.4813895781637716,7.444168734491315,0.0,0.0,0.0,12.40694789081886,22.332506203473944,4.962779156327543,285.35980148883374,4.962779156327543,0.0,14.88833746898263,0.0,0.0,0.0,2.4813895781637716,17.3697270471464,7.444168734491315,0.0,0.0,2.4813895781637716,4.962779156327543,0.0,0.0,0.0,0.0,2.4813895781637716,0.0,0.0,2.4813895781637716,4.962779156327543,99.25558312655087,104.21836228287842,4.962779156327543,71.96029776674938,0.6836734693877551,5.385204081632653,7.444168734491315,7.444168734491315,0.0,0.0,0.0,0.0,12.40694789081886,12.40694789081886,0.0,2.4813895781637716,0.0,12.40694789081886,9.925558312655086,0.0,4.962779156327543,0.0,0.0,2.4813895781637716,2.4813895781637716,4.962779156327543,2.4813895781637716,2.4813895781637716,4.962779156327543
D18-1376,7.444168734491315,2.4813895781637716,62.03473945409429,0.0,2.4813895781637716,9.925558312655086,0.0,0.0,9.925558312655086,0.0,0.0,0.0,27.29528535980149,76.92307692307693,0.0,270.4714640198511,2.4813895781637716,7.444168734491315,17.3697270471464,2.4813895781637716,0.0,0.0,0.0,17.3697270471464,2.4813895781637716,2.4813895781637716,2.4813895781637716,0.0,7.444168734491315,2.4813895781637716,2.4813895781637716,0.0,2.4813895781637716,4.962779156327543,0.0,0.0,0.0,2.4813895781637716,131.5136476426799,52.10918114143921,7.444168734491315,32.25806451612903,0.48214285714285715,5.091836734693878,17.3697270471464,4.962779156327543,0.0,0.0,2.4813895781637716,0.0,9.925558312655086,7.444168734491315,0.0,7.444168734491315,4.962779156327543,9.925558312655086,17.3697270471464,0.0,0.0,0.0,0.0,0.0,4.962779156327543,7.444168734491315,2.4813895781637716,0.0,0.0
D09-1022,0.0,0.0,75.98039215686273,2.450980392156863,2.450980392156863,9.803921568627452,0.0,2.450980392156863,12.254901960784313,7.352941176470588,0.0,0.0,24.509803921568626,26.96078431372549,2.450980392156863,323.5294117647059,22.058823529411764,4.901960784313726,24.509803921568626,0.0,2.450980392156863,0.0,0.0,7.352941176470588,2.450980392156863,0.0,4.901960784313726,0.0,12.254901960784313,0.0,2.450980392156863,0.0,0.0,0.0,0.0,2.450980392156863,0.0,7.352941176470588,112.74509803921569,61.27450980392157,4.901960784313726,71.07843137254902,0.5384615384615384,5.255583126550868,12.254901960784313,4.901960784313726,0.0,2.450980392156863,2.450980392156863,0.0,4.901960784313726,7.352941176470588,0.0,4.901960784313726,2.450980392156863,9.803921568627452,12.254901960784313,0.0,0.0,0.0,0.0,0.0,9.803921568627452,7.352941176470588,2.450980392156863,0.0,7.352941176470588
P12-1078,0.0,9.345794392523365,67.75700934579439,0.0,2.336448598130841,4.672897196261682,0.0,9.345794392523365,2.336448598130841,0.0,0.0,0.0,16.355140186915886,28.037383177570092,4.672897196261682,310.7476635514019,11.682242990654204,0.0,18.69158878504673,2.336448598130841,0.0,0.0,0.0,11.682242990654204,0.0,0.0,0.0,0.0,7.009345794392523,0.0,0.0,0.0,0.0,2.336448598130841,0.0,0.0,0.0,9.345794392523365,123.83177570093459,121.49532710280374,9.345794392523365,51.401869158878505,0.5653206650831354,5.5178147268408555,16.355140186915886,4.672897196261682,0.0,0.0,2.336448598130841,0.0,7.009345794392523,7.009345794392523,2.336448598130841,0.0,2.336448598130841,11.682242990654204,4.672897196261682,0.0,0.0,0.0,2.336448598130841,2.336448598130841,2.336448598130841,14.018691588785046,0.0,0.0,4.672897196261682
D15-1111,0.0,2.336448598130841,39.719626168224295,4.672897196261682,0.0,11.682242990654204,0.0,2.336448598130841,2.336448598130841,2.336448598130841,0.0,0.0,9.345794392523365,72.42990654205607,4.672897196261682,390.1869158878505,4.672897196261682,0.0,14.018691588785046,0.0,2.336448598130841,0.0,0.0,4.672897196261682,0.0,0.0,4.672897196261682,2.336448598130841,4.672897196261682,0.0,0.0,0.0,0.0,0.0,0.0,0.0,0.0,2.336448598130841,116.82242990654206,86.44859813084112,2.336448598130841,35.046728971962615,0.55470737913486,5.244274809160306,14.018691588785046,0.0,0.0,0.0,0.0,0.0,0.0,14.018691588785046,0.0,0.0,2.336448598130841,4.672897196261682,2.336448598130841,0.0,0.0,0.0,0.0,0.0,0.0,9.345794392523365,4.672897196261682,0.0,4.672897196261682
D15-1292,0.0,4.739336492890995,59.241706161137444,0.0,0.0,21.32701421800948,0.0,0.0,2.3696682464454977,2.3696682464454977,2.3696682464454977,2.3696682464454977,16.587677725118485,33.17535545023697,4.739336492890995,310.42654028436016,9.47867298578199,0.0,23.696682464454973,0.0,4.739336492890995,0.0,0.0,11.848341232227487,0.0,0.0,2.3696682464454977,0.0,2.3696682464454977,0.0,0.0,0.0,4.739336492890995,4.739336492890995,0.0,0.0,2.3696682464454977,2.3696682464454977,132.70142180094788,101.89573459715639,2.3696682464454977,28.43601895734597,0.44902912621359226,4.966019417475728,7.109004739336492,0.0,0.0,0.0,4.739336492890995,0.0,7.109004739336492,4.739336492890995,0.0,2.3696682464454977,7.109004739336492,14.218009478672984,2.3696682464454977,0.0,0.0,0.0,0.0,0.0,0.0,4.739336492890995,4.739336492890995,0.0,7.109004739336492
C16-1154,0.0,4.854368932038835,77.66990291262135,0.0,0.0,24.271844660194173,0.0,14.563106796116505,0.0,0.0,0.0,0.0,21.844660194174757,41.2621359223301,4.854368932038835,368.93203883495147,12.135922330097086,0.0,4.854368932038835,2.4271844660194173,0.0,0.0,0.0,4.854368932038835,0.0,0.0,0.0,0.0,9.70873786407767,0.0,9.70873786407767,0.0,0.0,0.0,0.0,0.0,0.0,2.4271844660194173,118.93203883495146,70.3883495145631,0.0,43.689320388349515,0.4625,4.9475,9.70873786407767,0.0,0.0,0.0,7.281553398058253,0.0,9.70873786407767,2.4271844660194173,2.4271844660194173,0.0,0.0,9.70873786407767,4.854368932038835,0.0,0.0,0.0,0.0,0.0,4.854368932038835,12.135922330097086,7.281553398058253,0.0,2.4271844660194173
C12-1194,9.685230024213075,7.263922518159807,41.16222760290557,0.0,2.4213075060532687,7.263922518159807,0.0,0.0,2.4213075060532687,0.0,0.0,0.0,7.263922518159807,46.00484261501211,33.898305084745765,334.14043583535107,4.842615012106537,0.0,12.106537530266344,2.4213075060532687,2.4213075060532687,0.0,0.0,21.791767554479417,2.4213075060532687,0.0,4.842615012106537,0.0,2.4213075060532687,0.0,0.0,0.0,0.0,2.4213075060532687,0.0,2.4213075060532687,0.0,2.4213075060532687,113.80145278450362,53.26876513317191,2.4213075060532687,46.00484261501211,0.4987012987012987,5.561038961038961,9.685230024213075,2.4213075060532687,0.0,7.263922518159807,2.4213075060532687,0.0,16.949152542372882,0.0,0.0,2.4213075060532687,0.0,12.106537530266344,4.842615012106537,0.0,0.0,0.0,0.0,2.4213075060532687,4.842615012106537,9.685230024213075,0.0,0.0,2.4213075060532687
N13-1064,6.976744186046512,4.651162790697675,55.81395348837209,0.0,0.0,11.627906976744185,0.0,2.3255813953488373,0.0,0.0,0.0,0.0,20.930232558139533,65.11627906976744,2.3255813953488373,327.90697674418607,16.27906976744186,0.0,11.627906976744185,0.0,2.3255813953488373,0.0,0.0,20.930232558139533,0.0,0.0,0.0,0.0,2.3255813953488373,0.0,2.3255813953488373,0.0,0.0,6.976744186046512,0.0,0.0,0.0,4.651162790697675,104.65116279069768,76.74418604651163,4.651162790697675,44.18604651162791,0.4963325183374083,5.432762836185819,9.30232558139535,0.0,0.0,2.3255813953488373,2.3255813953488373,0.0,2.3255813953488373,2.3255813953488373,0.0,2.3255813953488373,0.0,16.27906976744186,9.30232558139535,0.0,0.0,0.0,0.0,0.0,2.3255813953488373,20.930232558139533,2.3255813953488373,0.0,4.651162790697675
P14-1016,4.914004914004914,2.457002457002457,49.140049140049136,0.0,2.457002457002457,19.656019656019655,0.0,12.285012285012284,7.371007371007371,2.457002457002457,0.0,0.0,2.457002457002457,58.96805896805897,4.914004914004914,319.4103194103194,4.914004914004914,0.0,14.742014742014742,0.0,4.914004914004914,0.0,0.0,22.11302211302211,2.457002457002457,2.457002457002457,2.457002457002457,0.0,0.0,0.0,0.0,0.0,0.0,0.0,0.0,2.457002457002457,0.0,4.914004914004914,100.73710073710073,85.995085995086,4.914004914004914,51.597051597051596,0.5736040609137056,5.4543147208121825,17.1990171990172,0.0,0.0,2.457002457002457,2.457002457002457,0.0,4.914004914004914,7.371007371007371,0.0,0.0,2.457002457002457,12.285012285012284,2.457002457002457,0.0,2.457002457002457,0.0,0.0,2.457002457002457,2.457002457002457,7.371007371007371,0.0,0.0,4.914004914004914
P10-1051,2.4271844660194173,9.70873786407767,63.10679611650485,2.4271844660194173,0.0,2.4271844660194173,0.0,0.0,4.854368932038835,9.70873786407767,0.0,0.0,14.563106796116505,21.844660194174757,4.854368932038835,361.65048543689323,12.135922330097086,0.0,12.135922330097086,0.0,0.0,0.0,0.0,7.281553398058253,0.0,0.0,14.563106796116505,2.4271844660194173,4.854368932038835,0.0,2.4271844660194173,0.0,2.4271844660194173,0.0,0.0,2.4271844660194173,0.0,9.70873786407767,111.6504854368932,70.3883495145631,2.4271844660194173,48.543689320388346,0.5663265306122449,5.35969387755102,7.281553398058253,2.4271844660194173,0.0,2.4271844660194173,16.990291262135923,0.0,4.854368932038835,2.4271844660194173,0.0,0.0,0.0,14.563106796116505,2.4271844660194173,0.0,0.0,0.0,0.0,0.0,2.4271844660194173,7.281553398058253,0.0,0.0,2.4271844660194173
P09-1063,0.0,2.4096385542168677,60.24096385542169,0.0,0.0,12.048192771084338,0.0,2.4096385542168677,0.0,0.0,0.0,0.0,9.63855421686747,31.32530120481928,4.819277108433735,407.22891566265065,2.4096385542168677,0.0,12.048192771084338,2.4096385542168677,7.228915662650603,0.0,0.0,9.63855421686747,0.0,2.4096385542168677,2.4096385542168677,0.0,7.228915662650603,0.0,0.0,0.0,0.0,0.0,0.0,0.0,0.0,7.228915662650603,115.66265060240964,72.28915662650603,2.4096385542168677,43.373493975903614,0.5113350125944585,5.073047858942066,9.63855421686747,0.0,0.0,0.0,2.4096385542168677,0.0,4.819277108433735,2.4096385542168677,2.4096385542168677,4.819277108433735,0.0,19.27710843373494,4.819277108433735,0.0,0.0,0.0,0.0,0.0,4.819277108433735,9.63855421686747,0.0,0.0,0.0
P14-1126,4.866180048661801,4.866180048661801,58.394160583941606,2.4330900243309004,0.0,19.464720194647203,0.0,0.0,4.866180048661801,4.866180048661801,0.0,0.0,14.598540145985401,21.897810218978105,9.732360097323602,391.72749391727496,7.299270072992701,0.0,19.464720194647203,2.4330900243309004,4.866180048661801,0.0,0.0,14.598540145985401,2.4330900243309004,0.0,2.4330900243309004,0.0,2.4330900243309004,0.0,0.0,0.0,2.4330900243309004,2.4330900243309004,0.0,0.0,0.0,4.866180048661801,107.0559610705596,80.2919708029197,2.4330900243309004,51.09489051094891,0.4689119170984456,5.269430051813472,9.732360097323602,7.299270072992701,0.0,9.732360097323602,12.165450121654501,0.0,9.732360097323602,0.0,0.0,0.0,0.0,7.299270072992701,9.732360097323602,4.866180048661801,0.0,0.0,0.0,0.0,2.4330900243309004,4.866180048661801,2.4330900243309004,0.0,0.0
D18-1153,2.3640661938534278,2.3640661938534278,52.009456264775416,0.0,2.3640661938534278,18.912529550827422,0.0,14.184397163120567,4.7281323877068555,0.0,0.0,0.0,7.092198581560283,54.37352245862884,7.092198581560283,257.6832151300236,14.184397163120567,0.0,9.456264775413711,0.0,0.0,0.0,0.0,33.09692671394799,7.092198581560283,2.3640661938534278,0.0,0.0,0.0,0.0,0.0,0.0,0.0,4.7281323877068555,0.0,2.3640661938534278,0.0,9.456264775413711,78.01418439716312,87.47044917257683,7.092198581560283,78.01418439716312,0.5912408759124088,5.423357664233577,21.27659574468085,7.092198581560283,0.0,2.3640661938534278,7.092198581560283,0.0,14.184397163120567,7.092198581560283,0.0,7.092198581560283,0.0,4.7281323877068555,11.82033096926714,0.0,0.0,0.0,0.0,0.0,2.3640661938534278,9.456264775413711,4.7281323877068555,0.0,7.092198581560283
C16-1008,7.228915662650603,14.457831325301205,62.65060240963856,4.819277108433735,4.819277108433735,12.048192771084338,0.0,7.228915662650603,0.0,0.0,0.0,0.0,4.819277108433735,36.144578313253014,2.4096385542168677,371.08433734939763,16.867469879518072,4.819277108433735,7.228915662650603,0.0,7.228915662650603,0.0,0.0,4.819277108433735,2.4096385542168677,0.0,4.819277108433735,2.4096385542168677,4.819277108433735,0.0,0.0,0.0,0.0,0.0,7.228915662650603,4.819277108433735,2.4096385542168677,2.4096385542168677,96.3855421686747,89.1566265060241,0.0,38.55421686746988,0.5541561712846348,5.226700251889169,4.819277108433735,2.4096385542168677,2.4096385542168677,0.0,7.228915662650603,0.0,12.048192771084338,7.228915662650603,0.0,0.0,2.4096385542168677,19.27710843373494,0.0,0.0,0.0,0.0,0.0,0.0,7.228915662650603,7.228915662650603,0.0,0.0,2.4096385542168677
D10-1088,4.7281323877068555,4.7281323877068555,66.19385342789597,0.0,2.3640661938534278,18.912529550827422,0.0,0.0,7.092198581560283,4.7281323877068555,0.0,0.0,9.456264775413711,11.82033096926714,4.7281323877068555,300.2364066193853,18.912529550827422,0.0,18.912529550827422,2.3640661938534278,4.7281323877068555,0.0,0.0,21.27659574468085,0.0,0.0,4.7281323877068555,0.0,0.0,0.0,4.7281323877068555,0.0,0.0,0.0,0.0,0.0,2.3640661938534278,9.456264775413711,120.56737588652481,70.92198581560284,2.3640661938534278,33.09692671394799,0.4420289855072464,4.702898550724638,9.456264775413711,0.0,0.0,0.0,4.7281323877068555,0.0,18.912529550827422,2.3640661938534278,0.0,0.0,2.3640661938534278,11.82033096926714,0.0,0.0,0.0,0.0,0.0,0.0,2.3640661938534278,4.7281323877068555,11.82033096926714,2.3640661938534278,7.092198581560283
D14-1058,7.481296758104738,2.493765586034913,87.28179551122194,0.0,0.0,4.987531172069826,0.0,4.987531172069826,2.493765586034913,0.0,0.0,0.0,19.950124688279303,52.36907730673317,2.493765586034913,276.8079800498753,7.481296758104738,2.493765586034913,27.43142144638404,0.0,0.0,0.0,2.493765586034913,22.443890274314214,0.0,2.493765586034913,4.987531172069826,2.493765586034913,4.987531172069826,0.0,2.493765586034913,0.0,0.0,0.0,2.493765586034913,0.0,2.493765586034913,9.975062344139651,112.21945137157108,22.443890274314214,22.443890274314214,27.43142144638404,0.5141388174807198,5.102827763496144,9.975062344139651,0.0,0.0,0.0,2.493765586034913,0.0,7.481296758104738,4.987531172069826,0.0,0.0,0.0,12.468827930174564,4.987531172069826,0.0,0.0,0.0,0.0,2.493765586034913,2.493765586034913,9.975062344139651,9.975062344139651,0.0,0.0
P09-1096,0.0,7.425742574257425,61.88118811881188,4.9504950495049505,7.425742574257425,2.4752475247524752,0.0,2.4752475247524752,4.9504950495049505,7.425742574257425,0.0,0.0,9.900990099009901,56.93069306930693,4.9504950495049505,301.98019801980195,4.9504950495049505,2.4752475247524752,9.900990099009901,0.0,0.0,0.0,0.0,29.7029702970297,0.0,0.0,4.9504950495049505,0.0,4.9504950495049505,0.0,2.4752475247524752,0.0,0.0,2.4752475247524752,0.0,0.0,0.0,0.0,103.96039603960395,81.68316831683168,0.0,49.504950495049506,0.5833333333333334,5.19949494949495,7.425742574257425,4.9504950495049505,0.0,0.0,2.4752475247524752,0.0,12.376237623762377,2.4752475247524752,0.0,0.0,2.4752475247524752,7.425742574257425,7.425742574257425,0.0,0.0,0.0,0.0,2.4752475247524752,9.900990099009901,17.32673267326733,0.0,0.0,2.4752475247524752
D18-1404,0.0,0.0,63.38028169014084,2.347417840375587,4.694835680751174,11.737089201877934,0.0,4.694835680751174,9.389671361502348,4.694835680751174,2.347417840375587,0.0,16.431924882629108,53.990610328638496,7.042253521126761,253.52112676056336,16.431924882629108,0.0,21.12676056338028,0.0,0.0,0.0,0.0,16.431924882629108,0.0,0.0,11.737089201877934,0.0,7.042253521126761,0.0,0.0,0.0,0.0,9.389671361502348,4.694835680751174,0.0,2.347417840375587,9.389671361502348,98.59154929577464,103.28638497652582,9.389671361502348,61.032863849765256,0.5813397129186603,5.708133971291866,7.042253521126761,0.0,0.0,0.0,0.0,0.0,11.737089201877934,16.431924882629108,0.0,0.0,2.347417840375587,16.431924882629108,4.694835680751174,0.0,4.694835680751174,0.0,0.0,2.347417840375587,7.042253521126761,7.042253521126761,0.0,0.0,7.042253521126761
C14-1121,2.4096385542168677,9.63855421686747,67.46987951807229,4.819277108433735,0.0,7.228915662650603,0.0,4.819277108433735,4.819277108433735,2.4096385542168677,0.0,0.0,16.867469879518072,67.46987951807229,9.63855421686747,262.65060240963857,9.63855421686747,0.0,21.686746987951807,2.4096385542168677,0.0,0.0,0.0,4.819277108433735,0.0,0.0,0.0,2.4096385542168677,4.819277108433735,0.0,2.4096385542168677,0.0,4.819277108433735,0.0,2.4096385542168677,2.4096385542168677,0.0,4.819277108433735,139.75903614457832,115.66265060240964,9.63855421686747,40.96385542168675,0.504950495049505,5.650990099009901,9.63855421686747,0.0,0.0,0.0,12.048192771084338,0.0,16.867469879518072,0.0,0.0,2.4096385542168677,0.0,7.228915662650603,2.4096385542168677,0.0,0.0,0.0,0.0,0.0,0.0,21.686746987951807,2.4096385542168677,0.0,2.4096385542168677
P14-1021,7.407407407407407,2.4691358024691357,59.25925925925926,0.0,0.0,4.938271604938271,0.0,0.0,4.938271604938271,2.4691358024691357,0.0,2.4691358024691357,27.160493827160494,56.79012345679013,9.876543209876543,291.358024691358,7.407407407407407,2.4691358024691357,27.160493827160494,0.0,4.938271604938271,0.0,0.0,14.814814814814815,7.407407407407407,0.0,0.0,2.4691358024691357,0.0,0.0,4.938271604938271,0.0,7.407407407407407,0.0,0.0,0.0,0.0,0.0,118.51851851851852,64.19753086419753,12.345679012345679,54.32098765432099,0.538659793814433,5.605670103092783,0.0,7.407407407407407,0.0,0.0,7.407407407407407,0.0,4.938271604938271,0.0,2.4691358024691357,0.0,4.938271604938271,2.4691358024691357,0.0,0.0,0.0,0.0,2.4691358024691357,0.0,2.4691358024691357,4.938271604938271,4.938271604938271,0.0,0.0
D17-1222,11.961722488038278,2.3923444976076556,52.63157894736842,2.3923444976076556,0.0,11.961722488038278,0.0,14.354066985645934,2.3923444976076556,0.0,0.0,0.0,33.49282296650718,55.02392344497608,2.3923444976076556,291.86602870813397,4.784688995215311,0.0,9.569377990430622,0.0,4.784688995215311,0.0,0.0,14.354066985645934,0.0,0.0,7.177033492822967,0.0,2.3923444976076556,0.0,0.0,2.3923444976076556,0.0,4.784688995215311,0.0,2.3923444976076556,2.3923444976076556,0.0,95.69377990430623,83.73205741626795,0.0,45.45454545454545,0.5488721804511278,5.69172932330827,11.961722488038278,2.3923444976076556,0.0,7.177033492822967,4.784688995215311,0.0,4.784688995215311,9.569377990430622,0.0,2.3923444976076556,7.177033492822967,14.354066985645934,7.177033492822967,0.0,0.0,0.0,0.0,0.0,2.3923444976076556,2.3923444976076556,4.784688995215311,0.0,2.3923444976076556
N18-1104,0.0,2.493765586034913,67.33167082294264,2.493765586034913,0.0,19.950124688279303,0.0,7.481296758104738,2.493765586034913,4.987531172069826,0.0,0.0,9.975062344139651,19.950124688279303,2.493765586034913,359.1022443890274,9.975062344139651,0.0,24.93765586034913,2.493765586034913,9.975062344139651,0.0,0.0,19.950124688279303,2.493765586034913,0.0,0.0,4.987531172069826,0.0,0.0,2.493765586034913,0.0,0.0,0.0,0.0,2.493765586034913,0.0,4.987531172069826,94.76309226932668,49.87531172069826,4.987531172069826,44.88778054862843,0.5076923076923077,5.253846153846154,7.481296758104738,2.493765586034913,0.0,0.0,2.493765586034913,0.0,12.468827930174564,7.481296758104738,0.0,2.493765586034913,2.493765586034913,14.962593516209475,7.481296758104738,0.0,0.0,0.0,0.0,0.0,0.0,9.975062344139651,2.493765586034913,0.0,7.481296758104738
C16-1012,0.0,9.47867298578199,59.241706161137444,4.739336492890995,2.3696682464454977,4.739336492890995,0.0,7.109004739336492,0.0,2.3696682464454977,0.0,0.0,11.848341232227487,30.805687203791468,2.3696682464454977,308.05687203791473,16.587677725118485,2.3696682464454977,23.696682464454973,0.0,4.739336492890995,0.0,0.0,21.32701421800948,4.739336492890995,0.0,4.739336492890995,2.3696682464454977,2.3696682464454977,0.0,0.0,0.0,4.739336492890995,0.0,0.0,0.0,0.0,9.47867298578199,99.5260663507109,75.82938388625593,7.109004739336492,61.611374407582936,0.5637254901960784,5.573529411764706,7.109004739336492,7.109004739336492,0.0,2.3696682464454977,7.109004739336492,0.0,16.587677725118485,7.109004739336492,0.0,0.0,7.109004739336492,18.95734597156398,4.739336492890995,0.0,0.0,0.0,0.0,2.3696682464454977,7.109004739336492,14.218009478672984,2.3696682464454977,0.0,0.0
N16-1034,4.807692307692308,0.0,48.07692307692308,7.211538461538462,2.403846153846154,2.403846153846154,0.0,4.807692307692308,4.807692307692308,2.403846153846154,0.0,0.0,12.01923076923077,62.5,2.403846153846154,290.86538461538464,4.807692307692308,0.0,28.846153846153847,2.403846153846154,2.403846153846154,0.0,2.403846153846154,12.01923076923077,0.0,0.0,2.403846153846154,2.403846153846154,9.615384615384617,0.0,0.0,0.0,0.0,0.0,0.0,0.0,0.0,9.615384615384617,134.6153846153846,84.13461538461539,4.807692307692308,33.65384615384615,0.47073170731707314,5.241463414634146,7.211538461538462,0.0,0.0,0.0,4.807692307692308,0.0,7.211538461538462,9.615384615384617,0.0,0.0,2.403846153846154,7.211538461538462,0.0,0.0,0.0,0.0,0.0,0.0,0.0,16.826923076923077,4.807692307692308,0.0,0.0
D16-1114,0.0,4.914004914004914,56.511056511056516,0.0,0.0,4.914004914004914,0.0,4.914004914004914,0.0,0.0,0.0,0.0,12.285012285012284,54.054054054054056,12.285012285012284,307.12530712530713,9.828009828009828,0.0,14.742014742014742,0.0,4.914004914004914,0.0,0.0,12.285012285012284,2.457002457002457,0.0,2.457002457002457,2.457002457002457,7.371007371007371,0.0,0.0,0.0,2.457002457002457,0.0,0.0,2.457002457002457,0.0,0.0,130.2211302211302,90.9090909090909,4.914004914004914,51.597051597051596,0.569620253164557,5.627848101265823,7.371007371007371,0.0,0.0,2.457002457002457,2.457002457002457,0.0,0.0,12.285012285012284,0.0,0.0,0.0,24.570024570024568,4.914004914004914,2.457002457002457,0.0,0.0,0.0,0.0,0.0,9.828009828009828,2.457002457002457,4.914004914004914,14.742014742014742
D17-1023,0.0,2.512562814070352,67.8391959798995,0.0,2.512562814070352,7.537688442211055,0.0,15.07537688442211,10.050251256281408,0.0,0.0,0.0,2.512562814070352,37.688442211055275,15.07537688442211,384.4221105527638,15.07537688442211,2.512562814070352,17.587939698492463,2.512562814070352,5.025125628140704,0.0,0.0,10.050251256281408,0.0,0.0,5.025125628140704,2.512562814070352,0.0,0.0,0.0,0.0,0.0,0.0,0.0,0.0,0.0,2.512562814070352,128.14070351758795,80.40201005025126,2.512562814070352,42.713567839195974,0.49869451697127937,5.180156657963447,15.07537688442211,5.025125628140704,0.0,0.0,5.025125628140704,0.0,5.025125628140704,0.0,0.0,0.0,5.025125628140704,17.587939698492463,0.0,0.0,0.0,0.0,0.0,0.0,2.512562814070352,10.050251256281408,5.025125628140704,0.0,5.025125628140704
D17-1185,0.0,7.444168734491315,44.66501240694789,0.0,0.0,0.0,0.0,4.962779156327543,0.0,0.0,0.0,0.0,4.962779156327543,64.51612903225806,7.444168734491315,357.3200992555831,2.4813895781637716,0.0,12.40694789081886,0.0,0.0,0.0,0.0,2.4813895781637716,2.4813895781637716,0.0,4.962779156327543,0.0,4.962779156327543,0.0,0.0,0.0,0.0,0.0,2.4813895781637716,2.4813895781637716,0.0,4.962779156327543,119.10669975186104,131.5136476426799,4.962779156327543,52.10918114143921,0.5132275132275133,5.822751322751323,19.851116625310173,4.962779156327543,0.0,0.0,0.0,0.0,2.4813895781637716,4.962779156327543,0.0,0.0,4.962779156327543,9.925558312655086,4.962779156327543,0.0,0.0,0.0,0.0,0.0,0.0,9.925558312655086,0.0,0.0,4.962779156327543
D17-1214,4.842615012106537,2.4213075060532687,50.84745762711865,2.4213075060532687,4.842615012106537,14.527845036319613,0.0,2.4213075060532687,7.263922518159807,0.0,0.0,0.0,7.263922518159807,26.634382566585955,12.106537530266344,370.4600484261501,9.685230024213075,0.0,2.4213075060532687,0.0,2.4213075060532687,0.0,0.0,14.527845036319613,4.842615012106537,4.842615012106537,12.106537530266344,0.0,2.4213075060532687,0.0,0.0,0.0,0.0,2.4213075060532687,0.0,0.0,0.0,12.106537530266344,123.48668280871671,82.32445520581113,0.0,19.37046004842615,0.5251256281407035,5.49748743718593,2.4213075060532687,0.0,0.0,0.0,0.0,0.0,16.949152542372882,7.263922518159807,0.0,0.0,2.4213075060532687,2.4213075060532687,4.842615012106537,0.0,0.0,0.0,0.0,0.0,0.0,7.263922518159807,0.0,0.0,0.0
C16-1193,0.0,2.4330900243309004,65.69343065693431,2.4330900243309004,2.4330900243309004,14.598540145985401,0.0,2.4330900243309004,0.0,4.866180048661801,0.0,4.866180048661801,14.598540145985401,19.464720194647203,12.165450121654501,350.3649635036497,9.732360097323602,2.4330900243309004,24.330900243309003,4.866180048661801,0.0,0.0,0.0,9.732360097323602,0.0,0.0,9.732360097323602,2.4330900243309004,12.165450121654501,0.0,0.0,0.0,0.0,2.4330900243309004,0.0,0.0,0.0,9.732360097323602,128.9537712895377,63.26034063260341,2.4330900243309004,26.7639902676399,0.5656565656565656,5.151515151515151,17.0316301703163,0.0,0.0,2.4330900243309004,2.4330900243309004,0.0,14.598540145985401,2.4330900243309004,0.0,0.0,7.299270072992701,4.866180048661801,12.165450121654501,0.0,0.0,0.0,0.0,2.4330900243309004,2.4330900243309004,12.165450121654501,0.0,0.0,0.0
N10-1082,0.0,0.0,46.228710462287104,0.0,0.0,9.732360097323602,0.0,0.0,2.4330900243309004,0.0,0.0,0.0,7.299270072992701,19.464720194647203,9.732360097323602,299.27007299270076,7.299270072992701,2.4330900243309004,17.0316301703163,0.0,0.0,0.0,0.0,4.866180048661801,4.866180048661801,0.0,4.866180048661801,0.0,7.299270072992701,0.0,0.0,0.0,0.0,0.0,0.0,0.0,4.866180048661801,0.0,126.52068126520682,53.5279805352798,7.299270072992701,31.630170316301705,0.45892351274787535,5.110481586402266,14.598540145985401,4.866180048661801,0.0,0.0,4.866180048661801,0.0,9.732360097323602,2.4330900243309004,0.0,4.866180048661801,0.0,2.4330900243309004,2.4330900243309004,0.0,0.0,0.0,0.0,0.0,2.4330900243309004,4.866180048661801,4.866180048661801,0.0,2.4330900243309004
D14-1188,31.94103194103194,4.914004914004914,41.76904176904177,2.457002457002457,0.0,12.285012285012284,0.0,19.656019656019655,0.0,4.914004914004914,0.0,0.0,14.742014742014742,73.71007371007371,4.914004914004914,297.2972972972973,4.914004914004914,0.0,7.371007371007371,2.457002457002457,7.371007371007371,0.0,0.0,14.742014742014742,0.0,0.0,2.457002457002457,2.457002457002457,7.371007371007371,0.0,2.457002457002457,0.0,2.457002457002457,0.0,0.0,0.0,0.0,0.0,135.13513513513513,78.62407862407862,2.457002457002457,17.1990171990172,0.4164588528678304,5.511221945137157,0.0,0.0,0.0,0.0,2.457002457002457,0.0,9.828009828009828,4.914004914004914,0.0,0.0,2.457002457002457,7.371007371007371,4.914004914004914,4.914004914004914,0.0,0.0,0.0,0.0,0.0,7.371007371007371,9.828009828009828,0.0,0.0
P17-1024,4.694835680751174,7.042253521126761,65.72769953051643,4.694835680751174,0.0,9.389671361502348,0.0,0.0,9.389671361502348,0.0,0.0,0.0,23.474178403755868,42.25352112676056,7.042253521126761,368.5446009389671,14.084507042253522,2.347417840375587,25.821596244131456,7.042253521126761,4.694835680751174,0.0,0.0,9.389671361502348,2.347417840375587,0.0,2.347417840375587,0.0,4.694835680751174,0.0,2.347417840375587,0.0,0.0,0.0,2.347417840375587,0.0,2.347417840375587,9.389671361502348,75.11737089201878,51.64319248826291,4.694835680751174,53.990610328638496,0.5532994923857868,5.020304568527918,9.389671361502348,4.694835680751174,0.0,2.347417840375587,2.347417840375587,0.0,4.694835680751174,4.694835680751174,4.694835680751174,0.0,4.694835680751174,14.084507042253522,4.694835680751174,2.347417840375587,2.347417840375587,0.0,0.0,2.347417840375587,4.694835680751174,14.084507042253522,7.042253521126761,0.0,4.694835680751174
C14-1031,4.987531172069826,7.481296758104738,69.82543640897755,0.0,2.493765586034913,12.468827930174564,0.0,12.468827930174564,4.987531172069826,0.0,0.0,0.0,14.962593516209475,22.443890274314214,4.987531172069826,324.1895261845387,9.975062344139651,4.987531172069826,14.962593516209475,2.493765586034913,7.481296758104738,0.0,0.0,9.975062344139651,7.481296758104738,0.0,4.987531172069826,0.0,4.987531172069826,0.0,2.493765586034913,0.0,2.493765586034913,2.493765586034913,2.493765586034913,0.0,0.0,4.987531172069826,104.73815461346634,69.82543640897755,2.493765586034913,39.900249376558605,0.6219839142091153,5.343163538873995,9.975062344139651,0.0,0.0,2.493765586034913,2.493765586034913,0.0,7.481296758104738,9.975062344139651,0.0,0.0,17.456359102244388,12.468827930174564,4.987531172069826,0.0,0.0,0.0,0.0,0.0,4.987531172069826,12.468827930174564,0.0,2.493765586034913,0.0
D18-1222,0.0,4.987531172069826,49.87531172069826,0.0,0.0,0.0,0.0,0.0,2.493765586034913,0.0,0.0,0.0,9.975062344139651,49.87531172069826,2.493765586034913,451.37157107231917,9.975062344139651,2.493765586034913,17.456359102244388,2.493765586034913,0.0,0.0,0.0,14.962593516209475,0.0,4.987531172069826,2.493765586034913,2.493765586034913,0.0,0.0,2.493765586034913,0.0,2.493765586034913,2.493765586034913,0.0,0.0,0.0,0.0,89.77556109725685,59.8503740648379,4.987531172069826,37.406483790523694,0.5425531914893617,5.289893617021277,4.987531172069826,0.0,0.0,0.0,2.493765586034913,0.0,4.987531172069826,4.987531172069826,0.0,2.493765586034913,0.0,9.975062344139651,4.987531172069826,0.0,0.0,2.493765586034913,0.0,0.0,0.0,27.43142144638404,2.493765586034913,0.0,2.493765586034913
C18-1040,4.807692307692308,2.403846153846154,52.88461538461539,0.0,0.0,7.211538461538462,0.0,0.0,12.01923076923077,0.0,0.0,0.0,24.03846153846154,38.46153846153847,0.0,362.9807692307692,7.211538461538462,0.0,21.634615384615383,2.403846153846154,0.0,0.0,0.0,19.230769230769234,2.403846153846154,0.0,2.403846153846154,2.403846153846154,16.826923076923077,2.403846153846154,0.0,0.0,0.0,2.403846153846154,0.0,0.0,2.403846153846154,4.807692307692308,122.59615384615384,33.65384615384615,9.615384615384617,31.25,0.4183168316831683,5.225247524752476,9.615384615384617,0.0,2.403846153846154,2.403846153846154,4.807692307692308,0.0,9.615384615384617,4.807692307692308,2.403846153846154,4.807692307692308,2.403846153846154,4.807692307692308,4.807692307692308,0.0,0.0,0.0,0.0,0.0,0.0,4.807692307692308,2.403846153846154,0.0,4.807692307692308
D13-1060,0.0,2.487562189054726,62.18905472636816,2.487562189054726,0.0,12.437810945273633,0.0,12.437810945273633,7.462686567164179,2.487562189054726,0.0,0.0,12.437810945273633,37.31343283582089,17.412935323383085,281.09452736318406,2.487562189054726,2.487562189054726,24.875621890547265,2.487562189054726,7.462686567164179,4.975124378109452,0.0,12.437810945273633,0.0,2.487562189054726,12.437810945273633,0.0,2.487562189054726,0.0,0.0,0.0,2.487562189054726,0.0,2.487562189054726,2.487562189054726,0.0,0.0,141.7910447761194,64.67661691542288,12.437810945273633,49.75124378109453,0.5463917525773195,5.097938144329897,7.462686567164179,2.487562189054726,0.0,0.0,4.975124378109452,0.0,7.462686567164179,4.975124378109452,0.0,7.462686567164179,2.487562189054726,12.437810945273633,4.975124378109452,0.0,0.0,0.0,7.462686567164179,0.0,2.487562189054726,0.0,2.487562189054726,0.0,12.437810945273633
C10-1104,4.901960784313726,4.901960784313726,49.01960784313725,0.0,0.0,2.450980392156863,0.0,9.803921568627452,2.450980392156863,0.0,0.0,0.0,9.803921568627452,98.0392156862745,7.352941176470588,272.05882352941177,7.352941176470588,0.0,22.058823529411764,9.803921568627452,2.450980392156863,0.0,0.0,2.450980392156863,0.0,0.0,2.450980392156863,2.450980392156863,4.901960784313726,0.0,2.450980392156863,0.0,2.450980392156863,0.0,0.0,2.450980392156863,0.0,2.450980392156863,107.84313725490196,88.23529411764706,2.450980392156863,34.313725490196084,0.550761421319797,5.4847715736040605,7.352941176470588,4.901960784313726,0.0,0.0,4.901960784313726,0.0,7.352941176470588,17.156862745098042,0.0,4.901960784313726,7.352941176470588,17.156862745098042,0.0,0.0,0.0,0.0,0.0,0.0,4.901960784313726,17.156862745098042,7.352941176470588,2.450980392156863,0.0
D15-1234,0.0,2.4752475247524752,34.65346534653466,2.4752475247524752,2.4752475247524752,19.801980198019802,0.0,4.9504950495049505,0.0,2.4752475247524752,0.0,0.0,7.425742574257425,47.02970297029703,12.376237623762377,306.9306930693069,9.900990099009901,0.0,14.85148514851485,0.0,0.0,0.0,0.0,19.801980198019802,0.0,0.0,4.9504950495049505,2.4752475247524752,4.9504950495049505,0.0,0.0,0.0,0.0,0.0,0.0,0.0,0.0,9.900990099009901,128.7128712871287,76.73267326732673,4.9504950495049505,32.17821782178218,0.549618320610687,5.4910941475826975,0.0,0.0,0.0,2.4752475247524752,2.4752475247524752,0.0,7.425742574257425,7.425742574257425,2.4752475247524752,0.0,2.4752475247524752,12.376237623762377,7.425742574257425,0.0,0.0,0.0,0.0,0.0,0.0,14.85148514851485,0.0,0.0,0.0
C16-1022,0.0,4.819277108433735,57.83132530120482,2.4096385542168677,0.0,16.867469879518072,0.0,9.63855421686747,2.4096385542168677,0.0,0.0,0.0,9.63855421686747,50.60240963855422,9.63855421686747,257.83132530120486,4.819277108433735,0.0,9.63855421686747,0.0,2.4096385542168677,0.0,0.0,36.144578313253014,0.0,0.0,2.4096385542168677,0.0,4.819277108433735,0.0,0.0,0.0,0.0,0.0,2.4096385542168677,0.0,0.0,2.4096385542168677,115.66265060240964,106.02409638554217,4.819277108433735,43.373493975903614,0.5617433414043583,5.578692493946731,19.27710843373494,2.4096385542168677,0.0,0.0,14.457831325301205,0.0,7.228915662650603,12.048192771084338,2.4096385542168677,2.4096385542168677,4.819277108433735,14.457831325301205,2.4096385542168677,0.0,0.0,0.0,2.4096385542168677,0.0,2.4096385542168677,2.4096385542168677,2.4096385542168677,0.0,0.0
C18-1151,0.0,2.4154589371980677,77.29468599033817,0.0,0.0,19.32367149758454,0.0,9.66183574879227,4.830917874396135,0.0,0.0,0.0,2.4154589371980677,67.6328502415459,19.32367149758454,260.8695652173913,2.4154589371980677,0.0,16.908212560386474,0.0,4.830917874396135,0.0,0.0,4.830917874396135,2.4154589371980677,0.0,2.4154589371980677,4.830917874396135,0.0,0.0,0.0,0.0,0.0,0.0,0.0,4.830917874396135,0.0,0.0,123.18840579710145,101.44927536231884,9.66183574879227,24.154589371980677,0.5402597402597402,5.683116883116883,21.73913043478261,2.4154589371980677,0.0,0.0,0.0,0.0,9.66183574879227,4.830917874396135,0.0,2.4154589371980677,7.246376811594203,7.246376811594203,4.830917874396135,4.830917874396135,0.0,0.0,0.0,2.4154589371980677,4.830917874396135,2.4154589371980677,2.4154589371980677,0.0,2.4154589371980677
D17-1094,2.3584905660377355,2.3584905660377355,61.320754716981135,2.3584905660377355,2.3584905660377355,28.30188679245283,0.0,4.716981132075471,9.433962264150942,2.3584905660377355,0.0,0.0,7.0754716981132075,58.9622641509434,7.0754716981132075,360.8490566037736,7.0754716981132075,0.0,16.50943396226415,0.0,0.0,0.0,0.0,7.0754716981132075,0.0,0.0,9.433962264150942,2.3584905660377355,4.716981132075471,0.0,0.0,0.0,0.0,0.0,0.0,0.0,4.716981132075471,2.3584905660377355,101.41509433962264,63.679245283018865,7.0754716981132075,28.30188679245283,0.5486284289276808,5.079800498753118,2.3584905660377355,0.0,0.0,0.0,7.0754716981132075,0.0,14.150943396226415,7.0754716981132075,0.0,2.3584905660377355,7.0754716981132075,9.433962264150942,0.0,0.0,0.0,0.0,0.0,0.0,2.3584905660377355,0.0,2.3584905660377355,0.0,2.3584905660377355
D12-1012,0.0,2.3584905660377355,42.45283018867924,0.0,0.0,4.716981132075471,0.0,2.3584905660377355,2.3584905660377355,0.0,0.0,0.0,4.716981132075471,47.16981132075472,2.3584905660377355,353.77358490566036,9.433962264150942,0.0,16.50943396226415,0.0,0.0,2.3584905660377355,0.0,23.58490566037736,0.0,2.3584905660377355,14.150943396226415,2.3584905660377355,2.3584905660377355,0.0,0.0,0.0,0.0,2.3584905660377355,0.0,0.0,0.0,7.0754716981132075,108.49056603773585,54.24528301886792,2.3584905660377355,33.0188679245283,0.5012224938875306,5.078239608801956,7.0754716981132075,2.3584905660377355,0.0,0.0,0.0,0.0,7.0754716981132075,4.716981132075471,0.0,0.0,4.716981132075471,7.0754716981132075,9.433962264150942,0.0,0.0,0.0,0.0,0.0,7.0754716981132075,4.716981132075471,0.0,0.0,0.0
D14-1167,2.444987775061125,4.88997555012225,44.00977995110025,2.444987775061125,2.444987775061125,4.88997555012225,0.0,0.0,4.88997555012225,2.444987775061125,0.0,0.0,12.224938875305625,61.12469437652811,14.669926650366747,305.6234718826406,9.7799511002445,7.334963325183374,17.114914425427873,0.0,2.444987775061125,0.0,0.0,12.224938875305625,2.444987775061125,0.0,0.0,4.88997555012225,2.444987775061125,0.0,0.0,0.0,2.444987775061125,4.88997555012225,0.0,0.0,0.0,7.334963325183374,114.91442542787286,51.344743276283616,2.444987775061125,66.01466992665037,0.4719387755102041,4.948979591836735,26.89486552567237,7.334963325183374,0.0,0.0,0.0,0.0,9.7799511002445,14.669926650366747,0.0,0.0,2.444987775061125,12.224938875305625,4.88997555012225,2.444987775061125,0.0,0.0,0.0,0.0,9.7799511002445,12.224938875305625,2.444987775061125,0.0,7.334963325183374
C16-1025,4.784688995215311,0.0,57.41626794258374,0.0,0.0,4.784688995215311,0.0,2.3923444976076556,2.3923444976076556,0.0,0.0,0.0,11.961722488038278,26.31578947368421,7.177033492822967,382.7751196172249,28.70813397129187,2.3923444976076556,4.784688995215311,0.0,0.0,0.0,0.0,9.569377990430622,0.0,0.0,4.784688995215311,0.0,7.177033492822967,0.0,0.0,0.0,2.3923444976076556,0.0,0.0,0.0,0.0,2.3923444976076556,102.87081339712918,95.69377990430623,2.3923444976076556,26.31578947368421,0.5486284289276808,5.114713216957606,4.784688995215311,2.3923444976076556,0.0,0.0,4.784688995215311,0.0,7.177033492822967,0.0,0.0,0.0,9.569377990430622,14.354066985645934,2.3923444976076556,0.0,0.0,0.0,0.0,0.0,2.3923444976076556,11.961722488038278,2.3923444976076556,0.0,4.784688995215311
C16-1124,0.0,4.705882352941176,47.05882352941176,0.0,0.0,11.76470588235294,0.0,7.058823529411765,14.11764705882353,0.0,0.0,0.0,4.705882352941176,30.58823529411765,9.411764705882351,334.11764705882354,4.705882352941176,0.0,9.411764705882351,0.0,2.352941176470588,0.0,0.0,16.47058823529412,2.352941176470588,0.0,11.76470588235294,7.058823529411765,2.352941176470588,0.0,0.0,0.0,0.0,0.0,0.0,0.0,0.0,7.058823529411765,129.41176470588238,105.88235294117646,2.352941176470588,30.58823529411765,0.5922330097087378,5.519417475728155,4.705882352941176,0.0,0.0,2.352941176470588,7.058823529411765,0.0,16.47058823529412,2.352941176470588,0.0,0.0,0.0,16.47058823529412,0.0,0.0,0.0,0.0,0.0,2.352941176470588,2.352941176470588,18.823529411764703,9.411764705882351,2.352941176470588,0.0
D15-1116,0.0,2.4154589371980677,65.21739130434783,0.0,0.0,36.231884057971016,0.0,2.4154589371980677,2.4154589371980677,2.4154589371980677,0.0,0.0,16.908212560386474,21.73913043478261,9.66183574879227,289.8550724637681,16.908212560386474,0.0,14.492753623188406,0.0,4.830917874396135,0.0,0.0,24.154589371980677,2.4154589371980677,0.0,2.4154589371980677,2.4154589371980677,4.830917874396135,0.0,0.0,0.0,0.0,2.4154589371980677,0.0,0.0,0.0,9.66183574879227,99.03381642512076,60.386473429951685,12.077294685990339,31.40096618357488,0.4416243654822335,4.840101522842639,14.492753623188406,0.0,0.0,0.0,2.4154589371980677,0.0,7.246376811594203,9.66183574879227,0.0,2.4154589371980677,4.830917874396135,14.492753623188406,14.492753623188406,2.4154589371980677,2.4154589371980677,0.0,0.0,0.0,2.4154589371980677,9.66183574879227,4.830917874396135,0.0,4.830917874396135
N13-1008,0.0,4.854368932038835,75.24271844660194,0.0,0.0,12.135922330097086,0.0,2.4271844660194173,4.854368932038835,2.4271844660194173,0.0,0.0,7.281553398058253,50.970873786407765,16.990291262135923,262.13592233009706,7.281553398058253,2.4271844660194173,16.990291262135923,0.0,7.281553398058253,0.0,0.0,12.135922330097086,4.854368932038835,0.0,4.854368932038835,0.0,4.854368932038835,0.0,0.0,0.0,2.4271844660194173,0.0,0.0,2.4271844660194173,0.0,2.4271844660194173,109.22330097087378,65.53398058252426,2.4271844660194173,65.53398058252426,0.5739348370927319,5.298245614035087,16.990291262135923,0.0,0.0,2.4271844660194173,2.4271844660194173,0.0,24.271844660194173,9.70873786407767,0.0,2.4271844660194173,2.4271844660194173,19.41747572815534,4.854368932038835,0.0,0.0,0.0,4.854368932038835,0.0,4.854368932038835,2.4271844660194173,4.854368932038835,4.854368932038835,12.135922330097086
P11-1086,4.938271604938271,0.0,59.25925925925926,0.0,7.407407407407407,12.345679012345679,0.0,7.407407407407407,2.4691358024691357,2.4691358024691357,0.0,0.0,22.22222222222222,41.97530864197531,0.0,311.11111111111114,14.814814814814815,0.0,9.876543209876543,0.0,0.0,0.0,0.0,9.876543209876543,0.0,0.0,4.938271604938271,2.4691358024691357,9.876543209876543,0.0,0.0,0.0,2.4691358024691357,9.876543209876543,0.0,2.4691358024691357,0.0,7.407407407407407,125.92592592592591,54.32098765432099,2.4691358024691357,41.97530864197531,0.5088607594936709,5.078481012658228,9.876543209876543,2.4691358024691357,0.0,0.0,7.407407407407407,0.0,14.814814814814815,12.345679012345679,2.4691358024691357,2.4691358024691357,2.4691358024691357,2.4691358024691357,2.4691358024691357,0.0,0.0,0.0,0.0,0.0,2.4691358024691357,0.0,0.0,0.0,2.4691358024691357
C14-1205,0.0,4.987531172069826,47.38154613466334,0.0,2.493765586034913,4.987531172069826,0.0,2.493765586034913,2.493765586034913,2.493765586034913,0.0,0.0,17.456359102244388,39.900249376558605,2.493765586034913,311.7206982543641,12.468827930174564,0.0,24.93765586034913,2.493765586034913,0.0,0.0,0.0,4.987531172069826,2.493765586034913,0.0,9.975062344139651,2.493765586034913,4.987531172069826,0.0,4.987531172069826,0.0,0.0,2.493765586034913,0.0,2.493765586034913,0.0,4.987531172069826,119.7007481296758,92.26932668329177,4.987531172069826,47.38154613466334,0.5677083333333334,5.307291666666667,14.962593516209475,0.0,0.0,4.987531172069826,4.987531172069826,0.0,14.962593516209475,12.468827930174564,0.0,2.493765586034913,0.0,4.987531172069826,2.493765586034913,0.0,0.0,0.0,2.493765586034913,0.0,4.987531172069826,2.493765586034913,4.987531172069826,0.0,2.493765586034913
D14-1150,4.854368932038835,2.4271844660194173,63.10679611650485,2.4271844660194173,2.4271844660194173,7.281553398058253,0.0,9.70873786407767,2.4271844660194173,0.0,0.0,0.0,16.990291262135923,75.24271844660194,0.0,327.66990291262135,19.41747572815534,7.281553398058253,14.563106796116505,0.0,2.4271844660194173,0.0,2.4271844660194173,12.135922330097086,0.0,0.0,0.0,4.854368932038835,4.854368932038835,2.4271844660194173,0.0,0.0,2.4271844660194173,0.0,0.0,0.0,0.0,2.4271844660194173,106.79611650485437,60.67961165048544,2.4271844660194173,43.689320388349515,0.5128205128205128,5.228205128205128,16.990291262135923,2.4271844660194173,0.0,2.4271844660194173,0.0,0.0,12.135922330097086,4.854368932038835,0.0,0.0,0.0,9.70873786407767,2.4271844660194173,0.0,0.0,0.0,0.0,0.0,7.281553398058253,7.281553398058253,2.4271844660194173,0.0,4.854368932038835
P14-1037,4.842615012106537,0.0,58.11138014527845,7.263922518159807,0.0,26.634382566585955,0.0,2.4213075060532687,0.0,0.0,0.0,0.0,16.949152542372882,55.69007263922518,4.842615012106537,324.455205811138,4.842615012106537,0.0,12.106537530266344,0.0,2.4213075060532687,0.0,0.0,7.263922518159807,0.0,0.0,4.842615012106537,4.842615012106537,2.4213075060532687,0.0,0.0,0.0,0.0,4.842615012106537,0.0,0.0,0.0,0.0,128.32929782082326,70.2179176755448,4.842615012106537,29.055690072639226,0.4975124378109453,4.955223880597015,12.106537530266344,2.4213075060532687,0.0,0.0,2.4213075060532687,0.0,14.527845036319613,7.263922518159807,2.4213075060532687,0.0,0.0,4.842615012106537,9.685230024213075,2.4213075060532687,0.0,0.0,2.4213075060532687,0.0,2.4213075060532687,4.842615012106537,2.4213075060532687,2.4213075060532687,0.0
N10-1142,17.412935323383085,0.0,62.18905472636816,0.0,0.0,22.388059701492537,0.0,7.462686567164179,4.975124378109452,2.487562189054726,0.0,0.0,27.36318407960199,17.412935323383085,0.0,263.681592039801,17.412935323383085,4.975124378109452,12.437810945273633,0.0,4.975124378109452,2.487562189054726,4.975124378109452,14.925373134328359,0.0,2.487562189054726,12.437810945273633,2.487562189054726,9.950248756218905,0.0,0.0,0.0,4.975124378109452,2.487562189054726,0.0,0.0,2.487562189054726,12.437810945273633,126.86567164179105,69.65174129353234,0.0,54.72636815920398,0.4797979797979798,5.138888888888889,9.950248756218905,2.487562189054726,0.0,0.0,9.950248756218905,0.0,22.388059701492537,7.462686567164179,0.0,2.487562189054726,2.487562189054726,19.90049751243781,7.462686567164179,4.975124378109452,0.0,0.0,0.0,0.0,0.0,7.462686567164179,2.487562189054726,0.0,12.437810945273633
D12-1086,2.3094688221709005,2.3094688221709005,55.42725173210162,0.0,0.0,9.237875288683602,0.0,2.3094688221709005,0.0,0.0,0.0,0.0,6.928406466512702,30.023094688221708,4.618937644341801,332.56351039260966,11.547344110854503,0.0,13.856812933025404,4.618937644341801,4.618937644341801,0.0,0.0,4.618937644341801,0.0,0.0,4.618937644341801,0.0,6.928406466512702,0.0,0.0,0.0,0.0,0.0,0.0,0.0,0.0,0.0,133.94919168591224,76.21247113163972,2.3094688221709005,39.260969976905315,0.5,5.584541062801932,23.094688221709006,2.3094688221709005,0.0,0.0,0.0,0.0,4.618937644341801,11.547344110854503,0.0,0.0,0.0,13.856812933025404,4.618937644341801,2.3094688221709005,0.0,0.0,0.0,0.0,2.3094688221709005,4.618937644341801,4.618937644341801,2.3094688221709005,6.928406466512702
C14-1168,7.299270072992701,2.4330900243309004,60.82725060827251,0.0,0.0,21.897810218978105,0.0,9.732360097323602,0.0,4.866180048661801,0.0,0.0,14.598540145985401,19.464720194647203,4.866180048661801,355.23114355231144,4.866180048661801,4.866180048661801,14.598540145985401,0.0,4.866180048661801,0.0,2.4330900243309004,24.330900243309003,0.0,0.0,2.4330900243309004,0.0,2.4330900243309004,0.0,0.0,0.0,0.0,2.4330900243309004,0.0,0.0,0.0,7.299270072992701,116.78832116788321,80.2919708029197,4.866180048661801,53.5279805352798,0.5376884422110553,5.13819095477387,12.165450121654501,0.0,2.4330900243309004,2.4330900243309004,0.0,0.0,12.165450121654501,9.732360097323602,0.0,0.0,2.4330900243309004,21.897810218978105,9.732360097323602,0.0,0.0,0.0,2.4330900243309004,2.4330900243309004,2.4330900243309004,2.4330900243309004,2.4330900243309004,0.0,2.4330900243309004
N16-1128,4.854368932038835,0.0,65.53398058252426,0.0,0.0,26.699029126213592,0.0,24.271844660194173,7.281553398058253,0.0,0.0,0.0,12.135922330097086,101.94174757281553,7.281553398058253,240.29126213592232,4.854368932038835,2.4271844660194173,12.135922330097086,0.0,9.70873786407767,0.0,0.0,9.70873786407767,0.0,0.0,2.4271844660194173,0.0,9.70873786407767,0.0,0.0,0.0,0.0,0.0,0.0,0.0,0.0,0.0,126.2135922330097,67.96116504854369,0.0,50.970873786407765,0.4739454094292804,5.540942928039702,7.281553398058253,2.4271844660194173,0.0,2.4271844660194173,7.281553398058253,0.0,4.854368932038835,4.854368932038835,0.0,0.0,7.281553398058253,19.41747572815534,4.854368932038835,0.0,2.4271844660194173,0.0,0.0,2.4271844660194173,7.281553398058253,12.135922330097086,0.0,0.0,9.70873786407767
P16-1190,12.01923076923077,4.807692307692308,40.86538461538461,0.0,2.403846153846154,12.01923076923077,0.0,4.807692307692308,2.403846153846154,4.807692307692308,0.0,2.403846153846154,4.807692307692308,33.65384615384615,26.442307692307693,399.03846153846155,0.0,2.403846153846154,12.01923076923077,2.403846153846154,4.807692307692308,0.0,0.0,14.423076923076923,4.807692307692308,0.0,2.403846153846154,0.0,2.403846153846154,0.0,0.0,0.0,0.0,0.0,0.0,0.0,0.0,2.403846153846154,120.1923076923077,117.78846153846153,4.807692307692308,16.826923076923077,0.5948717948717949,5.246153846153846,2.403846153846154,2.403846153846154,0.0,2.403846153846154,2.403846153846154,0.0,7.211538461538462,0.0,0.0,0.0,0.0,14.423076923076923,7.211538461538462,0.0,0.0,0.0,0.0,0.0,0.0,4.807692307692308,0.0,0.0,0.0
D17-1024,0.0,7.425742574257425,56.93069306930693,0.0,0.0,7.425742574257425,0.0,2.4752475247524752,4.9504950495049505,0.0,0.0,0.0,14.85148514851485,44.554455445544555,17.32673267326733,336.63366336633663,4.9504950495049505,0.0,14.85148514851485,0.0,2.4752475247524752,2.4752475247524752,0.0,9.900990099009901,0.0,0.0,7.425742574257425,4.9504950495049505,7.425742574257425,0.0,0.0,0.0,2.4752475247524752,0.0,0.0,0.0,0.0,0.0,94.05940594059406,79.20792079207921,2.4752475247524752,44.554455445544555,0.5494791666666666,5.213541666666667,4.9504950495049505,2.4752475247524752,0.0,0.0,4.9504950495049505,0.0,17.32673267326733,7.425742574257425,2.4752475247524752,0.0,4.9504950495049505,9.900990099009901,4.9504950495049505,12.376237623762377,0.0,0.0,0.0,0.0,2.4752475247524752,9.900990099009901,2.4752475247524752,0.0,12.376237623762377
D15-1006,0.0,0.0,65.69343065693431,0.0,2.4330900243309004,21.897810218978105,0.0,2.4330900243309004,4.866180048661801,2.4330900243309004,0.0,0.0,2.4330900243309004,70.5596107055961,4.866180048661801,294.4038929440389,7.299270072992701,0.0,12.165450121654501,0.0,2.4330900243309004,0.0,0.0,26.7639902676399,4.866180048661801,0.0,2.4330900243309004,0.0,2.4330900243309004,0.0,0.0,0.0,0.0,0.0,4.866180048661801,0.0,0.0,9.732360097323602,90.02433090024331,87.59124087591242,4.866180048661801,41.3625304136253,0.5580808080808081,5.724747474747475,17.0316301703163,2.4330900243309004,0.0,2.4330900243309004,2.4330900243309004,0.0,4.866180048661801,4.866180048661801,2.4330900243309004,0.0,0.0,14.598540145985401,9.732360097323602,0.0,0.0,0.0,2.4330900243309004,0.0,0.0,9.732360097323602,0.0,0.0,0.0
P16-1162,4.807692307692308,4.807692307692308,69.71153846153847,2.403846153846154,2.403846153846154,24.03846153846154,0.0,0.0,2.403846153846154,0.0,0.0,2.403846153846154,12.01923076923077,52.88461538461539,4.807692307692308,355.7692307692308,12.01923076923077,0.0,24.03846153846154,2.403846153846154,9.615384615384617,0.0,0.0,9.615384615384617,0.0,0.0,2.403846153846154,0.0,9.615384615384617,0.0,0.0,0.0,2.403846153846154,0.0,0.0,0.0,2.403846153846154,2.403846153846154,117.78846153846153,55.28846153846153,9.615384615384617,40.86538461538461,0.5164556962025316,5.225316455696203,7.211538461538462,0.0,0.0,0.0,4.807692307692308,0.0,4.807692307692308,0.0,0.0,0.0,0.0,24.03846153846154,7.211538461538462,0.0,0.0,0.0,0.0,2.403846153846154,9.615384615384617,12.01923076923077,2.403846153846154,0.0,7.211538461538462
N09-1010,0.0,2.398081534772182,86.33093525179856,4.796163069544364,4.796163069544364,21.58273381294964,0.0,2.398081534772182,7.194244604316547,0.0,0.0,0.0,11.990407673860911,11.990407673860911,14.388489208633095,247.00239808153475,14.388489208633095,0.0,21.58273381294964,0.0,4.796163069544364,0.0,0.0,14.388489208633095,9.592326139088728,0.0,0.0,0.0,4.796163069544364,0.0,0.0,0.0,2.398081534772182,2.398081534772182,0.0,0.0,0.0,9.592326139088728,134.2925659472422,110.31175059952038,14.388489208633095,69.54436450839329,0.5456730769230769,5.360576923076923,16.786570743405274,2.398081534772182,0.0,4.796163069544364,4.796163069544364,0.0,14.388489208633095,2.398081534772182,4.796163069544364,0.0,4.796163069544364,11.990407673860911,9.592326139088728,0.0,0.0,0.0,0.0,0.0,2.398081534772182,0.0,0.0,0.0,0.0
D18-1543,0.0,4.819277108433735,65.06024096385542,2.4096385542168677,2.4096385542168677,24.096385542168676,0.0,0.0,7.228915662650603,0.0,0.0,0.0,7.228915662650603,31.32530120481928,7.228915662650603,318.0722891566265,0.0,0.0,12.048192771084338,0.0,2.4096385542168677,0.0,0.0,14.457831325301205,2.4096385542168677,0.0,4.819277108433735,0.0,2.4096385542168677,0.0,0.0,0.0,0.0,4.819277108433735,0.0,0.0,0.0,2.4096385542168677,134.93975903614458,86.74698795180723,4.819277108433735,19.27710843373494,0.45161290322580644,5.225806451612903,14.457831325301205,0.0,0.0,0.0,2.4096385542168677,0.0,14.457831325301205,0.0,0.0,0.0,2.4096385542168677,16.867469879518072,0.0,2.4096385542168677,0.0,0.0,0.0,0.0,2.4096385542168677,2.4096385542168677,4.819277108433735,2.4096385542168677,2.4096385542168677
D18-1012,4.672897196261682,9.345794392523365,35.046728971962615,2.336448598130841,2.336448598130841,11.682242990654204,2.336448598130841,0.0,0.0,0.0,0.0,4.672897196261682,4.672897196261682,18.69158878504673,0.0,514.018691588785,9.345794392523365,0.0,11.682242990654204,2.336448598130841,0.0,0.0,0.0,9.345794392523365,2.336448598130841,0.0,0.0,0.0,0.0,0.0,2.336448598130841,0.0,0.0,0.0,0.0,0.0,0.0,0.0,88.78504672897196,70.09345794392523,2.336448598130841,37.38317757009346,0.544973544973545,4.783068783068783,11.682242990654204,0.0,0.0,0.0,7.009345794392523,0.0,9.345794392523365,2.336448598130841,0.0,0.0,2.336448598130841,2.336448598130841,4.672897196261682,0.0,2.336448598130841,0.0,2.336448598130841,0.0,4.672897196261682,11.682242990654204,2.336448598130841,0.0,2.336448598130841
D18-1288,2.3866348448687353,2.3866348448687353,54.89260143198091,0.0,0.0,0.0,0.0,7.159904534606206,4.773269689737471,0.0,0.0,0.0,16.706443914081145,31.026252983293556,4.773269689737471,334.1288782816229,9.546539379474941,0.0,14.319809069212411,0.0,0.0,0.0,0.0,21.479713603818613,2.3866348448687353,0.0,2.3866348448687353,0.0,9.546539379474941,0.0,0.0,0.0,0.0,2.3866348448687353,2.3866348448687353,0.0,4.773269689737471,4.773269689737471,124.10501193317423,93.07875894988067,9.546539379474941,52.50596658711217,0.6073170731707317,5.770731707317073,4.773269689737471,0.0,0.0,0.0,2.3866348448687353,0.0,7.159904534606206,9.546539379474941,0.0,0.0,4.773269689737471,7.159904534606206,4.773269689737471,0.0,0.0,0.0,2.3866348448687353,0.0,2.3866348448687353,7.159904534606206,4.773269689737471,0.0,4.773269689737471
D11-1053,4.716981132075471,11.79245283018868,58.9622641509434,0.0,0.0,14.150943396226415,0.0,7.0754716981132075,2.3584905660377355,4.716981132075471,0.0,0.0,30.660377358490567,49.528301886792455,0.0,283.0188679245283,7.0754716981132075,2.3584905660377355,21.22641509433962,2.3584905660377355,0.0,0.0,0.0,14.150943396226415,0.0,0.0,0.0,0.0,9.433962264150942,0.0,2.3584905660377355,0.0,2.3584905660377355,0.0,0.0,0.0,2.3584905660377355,7.0754716981132075,110.84905660377359,87.26415094339622,7.0754716981132075,54.24528301886792,0.5617433414043583,5.053268765133172,2.3584905660377355,2.3584905660377355,0.0,0.0,7.0754716981132075,0.0,0.0,16.50943396226415,0.0,2.3584905660377355,4.716981132075471,14.150943396226415,9.433962264150942,0.0,0.0,2.3584905660377355,0.0,0.0,9.433962264150942,9.433962264150942,4.716981132075471,0.0,2.3584905660377355
N15-1116,2.4213075060532687,2.4213075060532687,65.37530266343826,0.0,0.0,12.106537530266344,0.0,12.106537530266344,14.527845036319613,2.4213075060532687,0.0,0.0,14.527845036319613,55.69007263922518,0.0,309.9273607748184,12.106537530266344,4.842615012106537,31.476997578692497,2.4213075060532687,4.842615012106537,0.0,0.0,12.106537530266344,0.0,2.4213075060532687,12.106537530266344,2.4213075060532687,2.4213075060532687,0.0,0.0,0.0,0.0,7.263922518159807,0.0,0.0,0.0,4.842615012106537,111.38014527845036,65.37530266343826,7.263922518159807,50.84745762711865,0.46551724137931033,5.54679802955665,12.106537530266344,2.4213075060532687,0.0,0.0,2.4213075060532687,0.0,2.4213075060532687,2.4213075060532687,0.0,0.0,0.0,14.527845036319613,4.842615012106537,0.0,0.0,0.0,0.0,0.0,4.842615012106537,4.842615012106537,4.842615012106537,7.263922518159807,7.263922518159807
C18-1042,0.0,2.4813895781637716,64.51612903225806,0.0,0.0,14.88833746898263,0.0,4.962779156327543,0.0,4.962779156327543,0.0,0.0,17.3697270471464,74.44168734491315,9.925558312655086,270.4714640198511,12.40694789081886,2.4813895781637716,17.3697270471464,2.4813895781637716,0.0,0.0,0.0,14.88833746898263,2.4813895781637716,0.0,2.4813895781637716,2.4813895781637716,4.962779156327543,0.0,2.4813895781637716,0.0,0.0,4.962779156327543,0.0,0.0,0.0,0.0,91.81141439205956,106.69975186104217,9.925558312655086,57.07196029776674,0.5076530612244898,5.482142857142857,12.40694789081886,0.0,0.0,4.962779156327543,4.962779156327543,0.0,0.0,12.40694789081886,0.0,0.0,0.0,4.962779156327543,9.925558312655086,0.0,0.0,0.0,0.0,0.0,4.962779156327543,7.444168734491315,4.962779156327543,0.0,2.4813895781637716
P14-1056,0.0,9.70873786407767,63.10679611650485,0.0,4.854368932038835,2.4271844660194173,0.0,7.281553398058253,7.281553398058253,0.0,2.4271844660194173,0.0,7.281553398058253,63.10679611650485,0.0,276.6990291262136,21.844660194174757,0.0,21.844660194174757,2.4271844660194173,0.0,2.4271844660194173,0.0,7.281553398058253,2.4271844660194173,0.0,0.0,0.0,0.0,0.0,0.0,0.0,4.854368932038835,0.0,4.854368932038835,0.0,2.4271844660194173,2.4271844660194173,97.08737864077669,106.79611650485437,9.70873786407767,48.543689320388346,0.5668316831683168,5.5816831683168315,12.135922330097086,12.135922330097086,0.0,0.0,7.281553398058253,0.0,12.135922330097086,19.41747572815534,2.4271844660194173,0.0,2.4271844660194173,4.854368932038835,2.4271844660194173,0.0,0.0,0.0,0.0,0.0,4.854368932038835,2.4271844660194173,2.4271844660194173,0.0,7.281553398058253
D18-1354,2.493765586034913,4.987531172069826,37.406483790523694,0.0,2.493765586034913,4.987531172069826,0.0,2.493765586034913,4.987531172069826,0.0,0.0,0.0,9.975062344139651,29.92518703241895,0.0,294.2643391521197,12.468827930174564,4.987531172069826,2.493765586034913,0.0,2.493765586034913,0.0,0.0,24.93765586034913,0.0,0.0,9.975062344139651,2.493765586034913,2.493765586034913,0.0,2.493765586034913,0.0,0.0,2.493765586034913,0.0,0.0,0.0,9.975062344139651,107.23192019950125,119.7007481296758,0.0,29.92518703241895,0.5217391304347826,5.580562659846548,12.468827930174564,2.493765586034913,0.0,0.0,7.481296758104738,0.0,7.481296758104738,7.481296758104738,0.0,0.0,2.493765586034913,4.987531172069826,4.987531172069826,0.0,0.0,0.0,0.0,2.493765586034913,2.493765586034913,4.987531172069826,0.0,0.0,2.493765586034913
P11-1043,0.0,0.0,50.84745762711865,0.0,0.0,16.949152542372882,0.0,0.0,4.842615012106537,2.4213075060532687,0.0,0.0,7.263922518159807,70.2179176755448,2.4213075060532687,360.774818401937,0.0,2.4213075060532687,7.263922518159807,0.0,0.0,0.0,0.0,2.4213075060532687,0.0,0.0,2.4213075060532687,0.0,2.4213075060532687,0.0,2.4213075060532687,0.0,0.0,0.0,0.0,0.0,0.0,2.4213075060532687,125.90799031476999,89.58837772397095,0.0,26.634382566585955,0.4925373134328358,5.323383084577115,12.106537530266344,0.0,0.0,0.0,0.0,0.0,7.263922518159807,4.842615012106537,0.0,0.0,0.0,0.0,4.842615012106537,0.0,0.0,0.0,0.0,0.0,0.0,9.685230024213075,2.4213075060532687,0.0,2.4213075060532687
D16-1189,0.0,0.0,59.95203836930456,0.0,7.194244604316547,16.786570743405274,0.0,2.398081534772182,0.0,0.0,0.0,0.0,11.990407673860911,83.93285371702639,2.398081534772182,251.79856115107913,7.194244604316547,0.0,28.77697841726619,2.398081534772182,0.0,0.0,0.0,21.58273381294964,0.0,0.0,7.194244604316547,0.0,2.398081534772182,0.0,0.0,0.0,0.0,2.398081534772182,0.0,0.0,0.0,14.388489208633095,127.09832134292564,79.13669064748201,9.592326139088728,47.961630695443645,0.5231143552311436,5.257907542579075,11.990407673860911,2.398081534772182,0.0,0.0,2.398081534772182,0.0,9.592326139088728,9.592326139088728,0.0,2.398081534772182,4.796163069544364,16.786570743405274,2.398081534772182,0.0,0.0,0.0,0.0,0.0,0.0,7.194244604316547,2.398081534772182,0.0,9.592326139088728
D17-1020,0.0,4.854368932038835,72.81553398058252,2.4271844660194173,0.0,14.563106796116505,0.0,0.0,2.4271844660194173,2.4271844660194173,0.0,0.0,14.563106796116505,89.80582524271844,0.0,262.13592233009706,12.135922330097086,0.0,31.553398058252426,4.854368932038835,4.854368932038835,0.0,0.0,7.281553398058253,0.0,0.0,2.4271844660194173,2.4271844660194173,4.854368932038835,0.0,0.0,0.0,0.0,9.70873786407767,0.0,0.0,0.0,2.4271844660194173,114.07766990291263,94.66019417475728,2.4271844660194173,19.41747572815534,0.4560975609756098,5.558536585365854,4.854368932038835,0.0,0.0,0.0,7.281553398058253,0.0,7.281553398058253,0.0,9.70873786407767,0.0,0.0,4.854368932038835,12.135922330097086,0.0,0.0,0.0,0.0,0.0,2.4271844660194173,7.281553398058253,2.4271844660194173,2.4271844660194173,2.4271844660194173
C10-1016,14.85148514851485,4.9504950495049505,47.02970297029703,2.4752475247524752,2.4752475247524752,4.9504950495049505,0.0,4.9504950495049505,7.425742574257425,0.0,0.0,0.0,7.425742574257425,37.12871287128713,17.32673267326733,292.07920792079204,19.801980198019802,2.4752475247524752,9.900990099009901,2.4752475247524752,0.0,0.0,2.4752475247524752,24.752475247524753,0.0,0.0,2.4752475247524752,0.0,4.9504950495049505,0.0,0.0,0.0,0.0,0.0,0.0,4.9504950495049505,0.0,2.4752475247524752,118.8118811881188,61.88118811881188,0.0,56.93069306930693,0.5191815856777494,5.585677749360614,9.900990099009901,2.4752475247524752,0.0,2.4752475247524752,2.4752475247524752,0.0,17.32673267326733,2.4752475247524752,0.0,0.0,2.4752475247524752,4.9504950495049505,4.9504950495049505,0.0,0.0,0.0,0.0,2.4752475247524752,7.425742574257425,22.277227722772277,0.0,0.0,0.0
P18-1220,0.0,4.739336492890995,63.98104265402843,2.3696682464454977,2.3696682464454977,4.739336492890995,0.0,4.739336492890995,7.109004739336492,2.3696682464454977,0.0,0.0,9.47867298578199,42.65402843601896,4.739336492890995,364.9289099526066,16.587677725118485,0.0,16.587677725118485,0.0,0.0,0.0,4.739336492890995,16.587677725118485,2.3696682464454977,0.0,0.0,2.3696682464454977,2.3696682464454977,0.0,0.0,0.0,0.0,2.3696682464454977,0.0,0.0,0.0,9.47867298578199,99.5260663507109,80.56872037914692,4.739336492890995,42.65402843601896,0.5860349127182045,5.311720698254364,11.848341232227487,4.739336492890995,0.0,0.0,2.3696682464454977,0.0,11.848341232227487,2.3696682464454977,0.0,0.0,2.3696682464454977,9.47867298578199,9.47867298578199,0.0,0.0,0.0,0.0,0.0,7.109004739336492,9.47867298578199,9.47867298578199,0.0,7.109004739336492
D13-1018,0.0,7.246376811594203,62.80193236714976,0.0,0.0,0.0,0.0,12.077294685990339,2.4154589371980677,2.4154589371980677,0.0,0.0,12.077294685990339,33.81642512077295,12.077294685990339,311.59420289855075,7.246376811594203,2.4154589371980677,16.908212560386474,0.0,0.0,0.0,0.0,9.66183574879227,0.0,0.0,2.4154589371980677,4.830917874396135,0.0,0.0,4.830917874396135,0.0,2.4154589371980677,2.4154589371980677,2.4154589371980677,0.0,2.4154589371980677,0.0,106.28019323671498,72.46376811594203,2.4154589371980677,79.71014492753622,0.554726368159204,5.435323383084577,9.66183574879227,4.830917874396135,0.0,0.0,7.246376811594203,0.0,7.246376811594203,2.4154589371980677,0.0,0.0,0.0,9.66183574879227,0.0,0.0,0.0,0.0,0.0,2.4154589371980677,4.830917874396135,12.077294685990339,2.4154589371980677,0.0,12.077294685990339
C14-1009,0.0,2.3866348448687353,66.82577565632458,4.773269689737471,0.0,11.933174224343675,0.0,7.159904534606206,4.773269689737471,2.3866348448687353,0.0,0.0,16.706443914081145,52.50596658711217,0.0,274.4630071599045,14.319809069212411,0.0,40.572792362768496,2.3866348448687353,0.0,0.0,0.0,23.86634844868735,2.3866348448687353,0.0,2.3866348448687353,0.0,4.773269689737471,0.0,2.3866348448687353,0.0,0.0,7.159904534606206,0.0,2.3866348448687353,0.0,9.546539379474941,97.85202863961814,42.959427207637226,11.933174224343675,42.959427207637226,0.45905707196029777,4.9851116625310175,16.706443914081145,0.0,0.0,0.0,0.0,0.0,14.319809069212411,9.546539379474941,0.0,4.773269689737471,2.3866348448687353,14.319809069212411,9.546539379474941,0.0,2.3866348448687353,0.0,2.3866348448687353,2.3866348448687353,4.773269689737471,19.093078758949883,0.0,0.0,0.0
C14-1058,0.0,4.987531172069826,57.356608478803,0.0,0.0,17.456359102244388,0.0,7.481296758104738,0.0,2.493765586034913,0.0,0.0,9.975062344139651,54.86284289276808,0.0,284.28927680798006,22.443890274314214,4.987531172069826,17.456359102244388,0.0,2.493765586034913,0.0,0.0,14.962593516209475,0.0,0.0,0.0,0.0,4.987531172069826,0.0,2.493765586034913,0.0,0.0,0.0,0.0,2.493765586034913,4.987531172069826,2.493765586034913,132.16957605985039,57.356608478803,7.481296758104738,57.356608478803,0.519280205655527,5.200514138817481,17.456359102244388,0.0,0.0,0.0,0.0,0.0,4.987531172069826,14.962593516209475,0.0,0.0,4.987531172069826,7.481296758104738,2.493765586034913,0.0,0.0,0.0,0.0,0.0,7.481296758104738,12.468827930174564,0.0,0.0,7.481296758104738
N18-1038,0.0,7.389162561576354,64.03940886699507,0.0,0.0,17.241379310344826,0.0,4.926108374384237,4.926108374384237,2.4630541871921183,0.0,2.4630541871921183,7.389162561576354,39.40886699507389,24.630541871921185,320.1970443349754,12.315270935960593,7.389162561576354,17.241379310344826,2.4630541871921183,4.926108374384237,0.0,0.0,12.315270935960593,0.0,0.0,2.4630541871921183,0.0,2.4630541871921183,0.0,0.0,0.0,0.0,2.4630541871921183,0.0,0.0,2.4630541871921183,4.926108374384237,120.6896551724138,88.66995073891626,2.4630541871921183,36.94581280788178,0.5390625,5.263020833333333,4.926108374384237,2.4630541871921183,2.4630541871921183,0.0,2.4630541871921183,0.0,9.852216748768473,7.389162561576354,0.0,0.0,4.926108374384237,12.315270935960593,0.0,0.0,0.0,0.0,0.0,0.0,2.4630541871921183,4.926108374384237,2.4630541871921183,0.0,2.4630541871921183
P10-1115,0.0,4.987531172069826,42.394014962593516,2.493765586034913,2.493765586034913,9.975062344139651,0.0,4.987531172069826,2.493765586034913,0.0,0.0,0.0,7.481296758104738,19.950124688279303,0.0,296.7581047381546,12.468827930174564,2.493765586034913,7.481296758104738,0.0,0.0,0.0,0.0,14.962593516209475,0.0,0.0,9.975062344139651,7.481296758104738,4.987531172069826,0.0,0.0,0.0,0.0,2.493765586034913,0.0,2.493765586034913,0.0,4.987531172069826,124.68827930174564,102.24438902743142,4.987531172069826,42.394014962593516,0.46851385390428213,5.224181360201511,7.481296758104738,4.987531172069826,0.0,0.0,4.987531172069826,0.0,7.481296758104738,17.456359102244388,0.0,9.975062344139651,0.0,9.975062344139651,4.987531172069826,0.0,0.0,0.0,0.0,0.0,7.481296758104738,2.493765586034913,2.493765586034913,0.0,7.481296758104738
P10-1003,0.0,2.4752475247524752,74.25742574257426,0.0,0.0,14.85148514851485,0.0,9.900990099009901,2.4752475247524752,0.0,0.0,0.0,29.7029702970297,27.22772277227723,12.376237623762377,326.73267326732673,17.32673267326733,2.4752475247524752,22.277227722772277,2.4752475247524752,4.9504950495049505,0.0,0.0,14.85148514851485,0.0,0.0,4.9504950495049505,2.4752475247524752,14.85148514851485,2.4752475247524752,0.0,0.0,2.4752475247524752,9.900990099009901,2.4752475247524752,0.0,0.0,0.0,113.86138613861387,69.30693069306932,9.900990099009901,29.7029702970297,0.4357682619647355,5.224181360201511,7.425742574257425,2.4752475247524752,0.0,2.4752475247524752,4.9504950495049505,0.0,7.425742574257425,9.900990099009901,0.0,0.0,0.0,12.376237623762377,9.900990099009901,0.0,0.0,0.0,0.0,0.0,4.9504950495049505,7.425742574257425,2.4752475247524752,0.0,2.4752475247524752
P11-1078,9.852216748768473,4.926108374384237,68.9655172413793,0.0,0.0,19.704433497536947,0.0,2.4630541871921183,7.389162561576354,2.4630541871921183,7.389162561576354,4.926108374384237,17.241379310344826,29.556650246305416,4.926108374384237,315.27093596059115,7.389162561576354,2.4630541871921183,14.778325123152708,0.0,0.0,0.0,0.0,7.389162561576354,0.0,2.4630541871921183,17.241379310344826,2.4630541871921183,7.389162561576354,0.0,0.0,0.0,0.0,2.4630541871921183,2.4630541871921183,2.4630541871921183,0.0,4.926108374384237,108.37438423645321,81.2807881773399,2.4630541871921183,49.26108374384237,0.58,5.7425,2.4630541871921183,0.0,0.0,2.4630541871921183,2.4630541871921183,0.0,22.167487684729064,2.4630541871921183,0.0,4.926108374384237,9.852216748768473,14.778325123152708,7.389162561576354,0.0,0.0,0.0,2.4630541871921183,0.0,0.0,14.778325123152708,2.4630541871921183,4.926108374384237,0.0
D16-1032,0.0,14.925373134328359,64.67661691542288,2.487562189054726,0.0,7.462686567164179,0.0,2.487562189054726,0.0,0.0,0.0,0.0,42.28855721393035,22.388059701492537,0.0,330.8457711442786,27.36318407960199,0.0,14.925373134328359,2.487562189054726,0.0,0.0,4.975124378109452,22.388059701492537,0.0,0.0,0.0,0.0,27.36318407960199,0.0,0.0,0.0,2.487562189054726,0.0,0.0,0.0,0.0,7.462686567164179,79.60199004975124,82.08955223880596,0.0,47.2636815920398,0.5128865979381443,5.118556701030927,12.437810945273633,0.0,0.0,0.0,2.487562189054726,0.0,4.975124378109452,4.975124378109452,7.462686567164179,0.0,14.925373134328359,12.437810945273633,2.487562189054726,0.0,0.0,0.0,0.0,0.0,2.487562189054726,7.462686567164179,4.975124378109452,0.0,0.0
D09-1133,22.22222222222222,4.938271604938271,19.753086419753085,0.0,0.0,0.0,0.0,14.814814814814815,7.407407407407407,0.0,0.0,2.4691358024691357,17.28395061728395,27.160493827160494,12.345679012345679,313.58024691358025,2.4691358024691357,0.0,0.0,0.0,0.0,0.0,0.0,4.938271604938271,2.4691358024691357,0.0,0.0,0.0,0.0,0.0,0.0,0.0,2.4691358024691357,2.4691358024691357,0.0,0.0,0.0,0.0,148.14814814814815,111.1111111111111,0.0,24.691358024691358,0.453125,5.2578125,2.4691358024691357,0.0,0.0,0.0,7.407407407407407,0.0,0.0,2.4691358024691357,0.0,0.0,0.0,2.4691358024691357,0.0,0.0,0.0,0.0,0.0,0.0,0.0,14.814814814814815,2.4691358024691357,0.0,0.0
N16-1102,0.0,2.4213075060532687,46.00484261501211,4.842615012106537,2.4213075060532687,12.106537530266344,0.0,0.0,4.842615012106537,2.4213075060532687,0.0,0.0,19.37046004842615,62.953995157384995,0.0,363.19612590799034,21.791767554479417,0.0,4.842615012106537,0.0,0.0,2.4213075060532687,0.0,14.527845036319613,2.4213075060532687,0.0,4.842615012106537,4.842615012106537,0.0,0.0,2.4213075060532687,0.0,2.4213075060532687,2.4213075060532687,0.0,0.0,0.0,4.842615012106537,99.27360774818402,77.4818401937046,2.4213075060532687,21.791767554479417,0.5257731958762887,5.479381443298969,12.106537530266344,0.0,0.0,0.0,0.0,0.0,4.842615012106537,4.842615012106537,0.0,0.0,2.4213075060532687,12.106537530266344,4.842615012106537,0.0,0.0,0.0,0.0,0.0,4.842615012106537,9.685230024213075,2.4213075060532687,0.0,0.0
D15-1265,0.0,6.864988558352402,45.76659038901602,0.0,0.0,6.864988558352402,0.0,2.288329519450801,0.0,0.0,0.0,0.0,4.576659038901602,32.036613272311214,9.153318077803204,322.65446224256294,22.88329519450801,2.288329519450801,13.729977116704804,0.0,0.0,0.0,0.0,13.729977116704804,0.0,0.0,6.864988558352402,0.0,2.288329519450801,0.0,0.0,0.0,0.0,2.288329519450801,0.0,0.0,2.288329519450801,6.864988558352402,135.01144164759725,50.34324942791762,4.576659038901602,68.64988558352402,0.501187648456057,5.237529691211401,4.576659038901602,6.864988558352402,0.0,0.0,9.153318077803204,0.0,9.153318077803204,2.288329519450801,2.288329519450801,0.0,11.441647597254004,13.729977116704804,6.864988558352402,0.0,0.0,0.0,0.0,0.0,6.864988558352402,18.30663615560641,2.288329519450801,0.0,6.864988558352402
D17-1013,0.0,2.457002457002457,61.42506142506143,2.457002457002457,2.457002457002457,17.1990171990172,0.0,2.457002457002457,2.457002457002457,0.0,0.0,0.0,7.371007371007371,51.597051597051596,4.914004914004914,287.46928746928745,17.1990171990172,0.0,19.656019656019655,4.914004914004914,7.371007371007371,0.0,0.0,22.11302211302211,2.457002457002457,0.0,0.0,0.0,0.0,0.0,0.0,0.0,2.457002457002457,2.457002457002457,0.0,0.0,0.0,2.457002457002457,108.10810810810811,63.88206388206388,7.371007371007371,46.68304668304668,0.4739454094292804,5.091811414392059,12.285012285012284,0.0,0.0,2.457002457002457,2.457002457002457,0.0,9.828009828009828,7.371007371007371,0.0,2.457002457002457,4.914004914004914,12.285012285012284,17.1990171990172,0.0,0.0,0.0,0.0,0.0,4.914004914004914,7.371007371007371,2.457002457002457,7.371007371007371,2.457002457002457
P13-1131,15.0,2.5,52.5,5.0,0.0,0.0,0.0,5.0,2.5,0.0,0.0,0.0,20.0,52.5,12.5,360.0,15.0,5.0,7.5,0.0,0.0,0.0,0.0,7.5,2.5,2.5,2.5,0.0,5.0,0.0,0.0,2.5,2.5,7.5,0.0,0.0,0.0,0.0,132.5,57.5,2.5,30.0,0.5157068062827225,5.293193717277487,12.5,0.0,0.0,2.5,0.0,0.0,12.5,7.5,0.0,0.0,2.5,5.0,0.0,0.0,0.0,2.5,0.0,0.0,7.5,0.0,0.0,0.0,2.5
D18-1057,0.0,2.2988505747126435,52.87356321839081,2.2988505747126435,0.0,2.2988505747126435,0.0,4.597701149425287,6.896551724137931,0.0,0.0,0.0,11.494252873563218,43.67816091954023,13.793103448275861,409.1954022988506,20.689655172413794,0.0,9.195402298850574,2.2988505747126435,0.0,0.0,0.0,13.793103448275861,0.0,0.0,2.2988505747126435,0.0,2.2988505747126435,0.0,0.0,0.0,2.2988505747126435,4.597701149425287,0.0,0.0,0.0,0.0,87.35632183908046,82.75862068965517,0.0,43.67816091954023,0.5024509803921569,5.301470588235294,13.793103448275861,6.896551724137931,0.0,0.0,6.896551724137931,0.0,6.896551724137931,6.896551724137931,0.0,0.0,0.0,9.195402298850574,2.2988505747126435,0.0,0.0,0.0,0.0,2.2988505747126435,2.2988505747126435,2.2988505747126435,0.0,0.0,9.195402298850574
C18-1296,0.0,0.0,69.44444444444444,0.0,0.0,0.0,0.0,2.314814814814815,2.314814814814815,0.0,0.0,0.0,11.574074074074073,27.777777777777775,2.314814814814815,377.31481481481484,6.944444444444444,0.0,23.148148148148145,2.314814814814815,4.62962962962963,0.0,0.0,0.0,0.0,0.0,2.314814814814815,0.0,0.0,0.0,0.0,0.0,0.0,9.25925925925926,0.0,0.0,0.0,4.62962962962963,115.74074074074075,74.07407407407408,4.62962962962963,32.407407407407405,0.40298507462686567,5.378109452736318,13.888888888888888,2.314814814814815,0.0,0.0,2.314814814814815,0.0,4.62962962962963,4.62962962962963,0.0,0.0,0.0,13.888888888888888,0.0,0.0,0.0,0.0,0.0,0.0,2.314814814814815,20.833333333333332,6.944444444444444,0.0,2.314814814814815
D10-1025,0.0,2.4154589371980677,50.72463768115942,0.0,2.4154589371980677,4.830917874396135,0.0,0.0,7.246376811594203,0.0,0.0,0.0,4.830917874396135,55.55555555555555,12.077294685990339,318.8405797101449,16.908212560386474,2.4154589371980677,19.32367149758454,2.4154589371980677,0.0,2.4154589371980677,0.0,9.66183574879227,2.4154589371980677,0.0,4.830917874396135,0.0,0.0,0.0,0.0,0.0,0.0,2.4154589371980677,0.0,0.0,0.0,7.246376811594203,113.52657004830918,74.8792270531401,7.246376811594203,43.47826086956522,0.5236907730673317,5.528678304239402,14.492753623188406,0.0,0.0,2.4154589371980677,2.4154589371980677,0.0,7.246376811594203,19.32367149758454,2.4154589371980677,0.0,0.0,4.830917874396135,2.4154589371980677,0.0,0.0,0.0,0.0,0.0,9.66183574879227,12.077294685990339,2.4154589371980677,0.0,4.830917874396135
P09-1112,0.0,11.876484560570072,59.38242280285035,2.375296912114014,2.375296912114014,11.876484560570072,0.0,2.375296912114014,2.375296912114014,7.125890736342043,0.0,0.0,2.375296912114014,28.503562945368174,7.125890736342043,342.042755344418,21.377672209026127,0.0,11.876484560570072,0.0,2.375296912114014,0.0,0.0,11.876484560570072,0.0,0.0,2.375296912114014,0.0,2.375296912114014,0.0,0.0,0.0,0.0,0.0,0.0,0.0,0.0,2.375296912114014,154.39429928741092,61.75771971496437,0.0,28.503562945368174,0.46766169154228854,4.818407960199005,14.251781472684087,4.750593824228028,0.0,0.0,7.125890736342043,0.0,21.377672209026127,2.375296912114014,0.0,0.0,2.375296912114014,9.501187648456057,9.501187648456057,0.0,0.0,0.0,0.0,0.0,0.0,2.375296912114014,2.375296912114014,0.0,0.0
P12-1021,0.0,7.02576112412178,53.86416861826697,0.0,0.0,0.0,0.0,11.7096018735363,0.0,2.34192037470726,0.0,0.0,11.7096018735363,67.91569086651054,4.68384074941452,348.94613583138175,11.7096018735363,2.34192037470726,14.05152224824356,0.0,0.0,0.0,0.0,7.02576112412178,0.0,0.0,7.02576112412178,2.34192037470726,2.34192037470726,0.0,0.0,0.0,4.68384074941452,2.34192037470726,0.0,0.0,0.0,4.68384074941452,119.43793911007025,72.59953161592506,2.34192037470726,46.8384074941452,0.585,5.5325,14.05152224824356,0.0,0.0,4.68384074941452,7.02576112412178,0.0,4.68384074941452,2.34192037470726,0.0,0.0,4.68384074941452,9.36768149882904,7.02576112412178,0.0,2.34192037470726,2.34192037470726,0.0,0.0,2.34192037470726,2.34192037470726,2.34192037470726,0.0,4.68384074941452
C14-1192,2.506265664160401,2.506265664160401,67.66917293233082,0.0,2.506265664160401,12.531328320802004,0.0,5.012531328320802,2.506265664160401,2.506265664160401,0.0,2.506265664160401,20.050125313283207,67.66917293233082,0.0,340.8521303258145,10.025062656641603,2.506265664160401,20.050125313283207,0.0,0.0,0.0,2.506265664160401,20.050125313283207,0.0,0.0,0.0,0.0,12.531328320802004,0.0,0.0,0.0,0.0,5.012531328320802,0.0,2.506265664160401,0.0,5.012531328320802,132.83208020050125,55.13784461152882,5.012531328320802,55.13784461152882,0.46475195822454307,5.308093994778068,7.518796992481203,2.506265664160401,0.0,0.0,12.531328320802004,0.0,7.518796992481203,2.506265664160401,0.0,2.506265664160401,0.0,2.506265664160401,5.012531328320802,0.0,0.0,0.0,0.0,0.0,2.506265664160401,5.012531328320802,0.0,0.0,2.506265664160401
D15-1194,11.990407673860911,0.0,31.17505995203837,0.0,0.0,14.388489208633095,0.0,2.398081534772182,0.0,0.0,0.0,0.0,16.786570743405274,23.980815347721823,14.388489208633095,357.31414868105514,7.194244604316547,2.398081534772182,4.796163069544364,0.0,2.398081534772182,0.0,2.398081534772182,14.388489208633095,0.0,0.0,4.796163069544364,0.0,4.796163069544364,0.0,0.0,0.0,0.0,2.398081534772182,0.0,0.0,0.0,0.0,124.70023980815348,105.51558752997602,0.0,35.97122302158273,0.4599483204134367,5.162790697674419,21.58273381294964,0.0,0.0,0.0,2.398081534772182,0.0,4.796163069544364,7.194244604316547,2.398081534772182,2.398081534772182,9.592326139088728,9.592326139088728,9.592326139088728,0.0,4.796163069544364,0.0,0.0,0.0,2.398081534772182,7.194244604316547,0.0,4.796163069544364,0.0
N09-1009,4.672897196261682,4.672897196261682,46.72897196261682,0.0,7.009345794392523,7.009345794392523,0.0,4.672897196261682,2.336448598130841,2.336448598130841,0.0,0.0,9.345794392523365,46.72897196261682,21.02803738317757,303.7383177570093,11.682242990654204,0.0,14.018691588785046,2.336448598130841,0.0,0.0,4.672897196261682,11.682242990654204,7.009345794392523,0.0,0.0,0.0,0.0,0.0,0.0,0.0,2.336448598130841,2.336448598130841,2.336448598130841,0.0,0.0,2.336448598130841,149.53271028037383,105.14018691588785,2.336448598130841,58.41121495327103,0.5265700483091788,5.647342995169082,2.336448598130841,2.336448598130841,0.0,0.0,9.345794392523365,0.0,2.336448598130841,2.336448598130841,0.0,0.0,0.0,21.02803738317757,4.672897196261682,0.0,0.0,0.0,0.0,2.336448598130841,9.345794392523365,2.336448598130841,0.0,0.0,0.0
D14-1127,0.0,0.0,61.611374407582936,0.0,0.0,23.696682464454973,2.3696682464454977,2.3696682464454977,7.109004739336492,0.0,0.0,0.0,16.587677725118485,68.72037914691943,2.3696682464454977,300.9478672985782,11.848341232227487,2.3696682464454977,14.218009478672984,0.0,4.739336492890995,0.0,0.0,23.696682464454973,0.0,0.0,2.3696682464454977,2.3696682464454977,4.739336492890995,0.0,2.3696682464454977,0.0,0.0,7.109004739336492,0.0,0.0,4.739336492890995,2.3696682464454977,85.30805687203792,56.87203791469194,4.739336492890995,49.76303317535545,0.5339805825242718,5.337378640776699,33.17535545023697,0.0,0.0,0.0,2.3696682464454977,0.0,0.0,23.696682464454973,2.3696682464454977,7.109004739336492,4.739336492890995,30.805687203791468,7.109004739336492,2.3696682464454977,2.3696682464454977,0.0,2.3696682464454977,2.3696682464454977,4.739336492890995,9.47867298578199,7.109004739336492,2.3696682464454977,9.47867298578199
D17-1219,0.0,4.807692307692308,55.28846153846153,0.0,0.0,9.615384615384617,0.0,12.01923076923077,2.403846153846154,7.211538461538462,0.0,0.0,4.807692307692308,31.25,9.615384615384617,317.30769230769226,12.01923076923077,2.403846153846154,14.423076923076923,0.0,4.807692307692308,0.0,0.0,19.230769230769234,0.0,0.0,9.615384615384617,4.807692307692308,0.0,0.0,0.0,0.0,0.0,4.807692307692308,2.403846153846154,0.0,0.0,9.615384615384617,88.9423076923077,88.9423076923077,4.807692307692308,43.26923076923077,0.5356265356265356,5.454545454545454,9.615384615384617,0.0,0.0,0.0,9.615384615384617,0.0,12.01923076923077,19.230769230769234,2.403846153846154,2.403846153846154,4.807692307692308,7.211538461538462,0.0,0.0,0.0,0.0,0.0,0.0,4.807692307692308,26.442307692307693,7.211538461538462,2.403846153846154,4.807692307692308
C10-1145,0.0,9.803921568627452,68.62745098039217,0.0,4.901960784313726,2.450980392156863,0.0,2.450980392156863,7.352941176470588,0.0,0.0,0.0,14.705882352941176,78.43137254901961,9.803921568627452,311.27450980392155,12.254901960784313,7.352941176470588,24.509803921568626,4.901960784313726,0.0,0.0,0.0,12.254901960784313,0.0,0.0,0.0,0.0,2.450980392156863,0.0,4.901960784313726,0.0,0.0,4.901960784313726,2.450980392156863,0.0,2.450980392156863,7.352941176470588,93.13725490196079,63.725490196078425,0.0,39.21568627450981,0.5367088607594936,5.207594936708861,19.607843137254903,2.450980392156863,0.0,0.0,4.901960784313726,0.0,7.352941176470588,9.803921568627452,0.0,0.0,2.450980392156863,2.450980392156863,9.803921568627452,2.450980392156863,0.0,0.0,2.450980392156863,0.0,0.0,4.901960784313726,7.352941176470588,0.0,7.352941176470588
D12-1088,2.4330900243309004,2.4330900243309004,58.394160583941606,0.0,0.0,9.732360097323602,0.0,0.0,4.866180048661801,4.866180048661801,0.0,0.0,17.0316301703163,51.09489051094891,4.866180048661801,291.970802919708,19.464720194647203,0.0,9.732360097323602,0.0,0.0,0.0,0.0,7.299270072992701,4.866180048661801,0.0,7.299270072992701,0.0,4.866180048661801,0.0,0.0,0.0,0.0,7.299270072992701,2.4330900243309004,0.0,2.4330900243309004,4.866180048661801,114.35523114355232,63.26034063260341,2.4330900243309004,43.79562043795621,0.445,4.8725,14.598540145985401,0.0,0.0,0.0,2.4330900243309004,0.0,7.299270072992701,9.732360097323602,0.0,2.4330900243309004,7.299270072992701,7.299270072992701,4.866180048661801,0.0,0.0,0.0,4.866180048661801,2.4330900243309004,4.866180048661801,2.4330900243309004,2.4330900243309004,2.4330900243309004,12.165450121654501
P17-1182,0.0,2.4691358024691357,49.382716049382715,0.0,0.0,12.345679012345679,0.0,2.4691358024691357,2.4691358024691357,7.407407407407407,0.0,0.0,2.4691358024691357,41.97530864197531,12.345679012345679,353.08641975308643,7.407407407407407,0.0,19.753086419753085,0.0,0.0,0.0,0.0,19.753086419753085,2.4691358024691357,0.0,2.4691358024691357,2.4691358024691357,2.4691358024691357,0.0,0.0,0.0,0.0,0.0,0.0,0.0,0.0,2.4691358024691357,138.2716049382716,93.82716049382717,4.938271604938271,19.753086419753085,0.5335051546391752,5.221649484536083,14.814814814814815,2.4691358024691357,0.0,0.0,2.4691358024691357,0.0,12.345679012345679,4.938271604938271,0.0,0.0,0.0,7.407407407407407,7.407407407407407,0.0,0.0,0.0,0.0,0.0,0.0,7.407407407407407,2.4691358024691357,0.0,0.0
N15-1146,11.79245283018868,0.0,54.24528301886792,0.0,4.716981132075471,7.0754716981132075,0.0,0.0,2.3584905660377355,2.3584905660377355,0.0,0.0,23.58490566037736,82.54716981132076,2.3584905660377355,316.0377358490566,9.433962264150942,2.3584905660377355,25.943396226415096,2.3584905660377355,2.3584905660377355,0.0,2.3584905660377355,16.50943396226415,2.3584905660377355,0.0,7.0754716981132075,0.0,7.0754716981132075,0.0,0.0,0.0,4.716981132075471,0.0,0.0,0.0,0.0,0.0,108.49056603773585,33.0188679245283,4.716981132075471,51.88679245283019,0.5314861460957179,5.269521410579345,14.150943396226415,7.0754716981132075,0.0,2.3584905660377355,4.716981132075471,0.0,2.3584905660377355,4.716981132075471,0.0,4.716981132075471,4.716981132075471,9.433962264150942,2.3584905660377355,0.0,0.0,0.0,0.0,0.0,0.0,18.867924528301884,2.3584905660377355,2.3584905660377355,4.716981132075471
P17-1004,0.0,2.375296912114014,61.75771971496437,2.375296912114014,0.0,4.750593824228028,0.0,0.0,4.750593824228028,0.0,0.0,0.0,9.501187648456057,40.38004750593824,2.375296912114014,344.41805225653206,9.501187648456057,2.375296912114014,21.377672209026127,0.0,2.375296912114014,0.0,0.0,14.251781472684087,0.0,0.0,2.375296912114014,2.375296912114014,0.0,0.0,0.0,0.0,4.750593824228028,2.375296912114014,0.0,2.375296912114014,2.375296912114014,2.375296912114014,123.51543942992873,109.26365795724466,7.125890736342043,47.50593824228029,0.5407407407407407,5.241975308641975,9.501187648456057,4.750593824228028,0.0,0.0,7.125890736342043,0.0,2.375296912114014,2.375296912114014,0.0,4.750593824228028,0.0,7.125890736342043,0.0,0.0,2.375296912114014,0.0,0.0,0.0,4.750593824228028,9.501187648456057,4.750593824228028,0.0,2.375296912114014
P17-1075,24.93765586034913,12.468827930174564,57.356608478803,0.0,4.987531172069826,0.0,0.0,19.950124688279303,2.493765586034913,0.0,0.0,0.0,34.912718204488776,39.900249376558605,7.481296758104738,306.73316708229424,22.443890274314214,0.0,32.418952618453865,0.0,4.987531172069826,0.0,0.0,29.92518703241895,0.0,0.0,0.0,0.0,7.481296758104738,0.0,4.987531172069826,0.0,0.0,2.493765586034913,2.493765586034913,2.493765586034913,0.0,0.0,102.24438902743142,39.900249376558605,14.962593516209475,39.900249376558605,0.5307692307692308,4.953846153846154,17.456359102244388,2.493765586034913,0.0,2.493765586034913,2.493765586034913,0.0,0.0,7.481296758104738,2.493765586034913,0.0,7.481296758104738,17.456359102244388,2.493765586034913,0.0,0.0,0.0,0.0,2.493765586034913,7.481296758104738,9.975062344139651,9.975062344139651,0.0,7.481296758104738
D17-1177,7.462686567164179,4.975124378109452,44.776119402985074,0.0,2.487562189054726,9.950248756218905,0.0,2.487562189054726,4.975124378109452,2.487562189054726,0.0,0.0,14.925373134328359,24.875621890547265,34.82587064676617,355.72139303482584,14.925373134328359,2.487562189054726,9.950248756218905,0.0,2.487562189054726,0.0,2.487562189054726,19.90049751243781,0.0,2.487562189054726,7.462686567164179,0.0,2.487562189054726,0.0,0.0,0.0,0.0,9.950248756218905,0.0,0.0,0.0,2.487562189054726,101.99004975124377,89.55223880597015,2.487562189054726,19.90049751243781,0.5400516795865633,5.532299741602067,7.462686567164179,0.0,0.0,0.0,2.487562189054726,0.0,7.462686567164179,7.462686567164179,0.0,0.0,0.0,14.925373134328359,7.462686567164179,0.0,0.0,2.487562189054726,0.0,2.487562189054726,2.487562189054726,2.487562189054726,0.0,0.0,0.0
C14-1006,0.0,22.22222222222222,83.95061728395062,2.4691358024691357,0.0,7.407407407407407,0.0,14.814814814814815,2.4691358024691357,0.0,0.0,0.0,34.5679012345679,49.382716049382715,4.938271604938271,301.2345679012346,7.407407407407407,4.938271604938271,24.691358024691358,2.4691358024691357,0.0,2.4691358024691357,0.0,17.28395061728395,0.0,0.0,2.4691358024691357,2.4691358024691357,12.345679012345679,2.4691358024691357,2.4691358024691357,2.4691358024691357,4.938271604938271,0.0,0.0,0.0,0.0,2.4691358024691357,111.1111111111111,56.79012345679013,9.876543209876543,39.50617283950617,0.49743589743589745,5.456410256410257,7.407407407407407,0.0,0.0,0.0,2.4691358024691357,0.0,17.28395061728395,7.407407407407407,0.0,0.0,0.0,14.814814814814815,2.4691358024691357,0.0,0.0,0.0,2.4691358024691357,0.0,7.407407407407407,9.876543209876543,4.938271604938271,0.0,2.4691358024691357
C16-1165,0.0,16.949152542372882,50.84745762711865,2.4213075060532687,9.685230024213075,14.527845036319613,0.0,2.4213075060532687,9.685230024213075,0.0,0.0,0.0,19.37046004842615,48.426150121065376,7.263922518159807,297.82082324455206,12.106537530266344,0.0,14.527845036319613,0.0,2.4213075060532687,0.0,2.4213075060532687,26.634382566585955,0.0,0.0,0.0,2.4213075060532687,2.4213075060532687,0.0,2.4213075060532687,0.0,0.0,0.0,0.0,0.0,0.0,2.4213075060532687,123.48668280871671,72.63922518159806,9.685230024213075,58.11138014527845,0.5452261306532663,5.236180904522613,9.685230024213075,2.4213075060532687,0.0,2.4213075060532687,2.4213075060532687,0.0,9.685230024213075,0.0,2.4213075060532687,0.0,0.0,16.949152542372882,4.842615012106537,4.842615012106537,0.0,0.0,0.0,2.4213075060532687,12.106537530266344,4.842615012106537,0.0,0.0,2.4213075060532687
C12-1156,2.4271844660194173,2.4271844660194173,75.24271844660194,4.854368932038835,0.0,7.281553398058253,4.854368932038835,0.0,9.70873786407767,2.4271844660194173,0.0,2.4271844660194173,4.854368932038835,43.689320388349515,0.0,305.8252427184466,16.990291262135923,4.854368932038835,9.70873786407767,2.4271844660194173,0.0,0.0,0.0,4.854368932038835,0.0,0.0,2.4271844660194173,2.4271844660194173,0.0,0.0,0.0,0.0,0.0,0.0,2.4271844660194173,0.0,0.0,9.70873786407767,109.22330097087378,97.08737864077669,0.0,48.543689320388346,0.6821515892420538,5.9486552567237165,4.854368932038835,7.281553398058253,0.0,0.0,2.4271844660194173,0.0,7.281553398058253,2.4271844660194173,0.0,0.0,0.0,19.41747572815534,2.4271844660194173,0.0,0.0,0.0,0.0,2.4271844660194173,7.281553398058253,12.135922330097086,0.0,0.0,12.135922330097086
D17-1205,6.83371298405467,9.111617312072893,68.3371298405467,0.0,0.0,18.223234624145785,0.0,4.555808656036446,9.111617312072893,0.0,0.0,2.277904328018223,9.111617312072893,45.558086560364465,11.389521640091116,332.5740318906606,13.66742596810934,0.0,22.779043280182233,2.277904328018223,11.389521640091116,0.0,0.0,27.33485193621868,0.0,0.0,0.0,2.277904328018223,6.83371298405467,0.0,0.0,0.0,0.0,0.0,0.0,0.0,0.0,9.111617312072893,107.0615034168565,47.83599088838269,4.555808656036446,38.724373576309794,0.5224586288416075,5.139479905437352,2.277904328018223,0.0,0.0,4.555808656036446,0.0,0.0,6.83371298405467,2.277904328018223,0.0,0.0,2.277904328018223,13.66742596810934,15.945330296127564,2.277904328018223,0.0,2.277904328018223,0.0,0.0,4.555808656036446,6.83371298405467,0.0,0.0,2.277904328018223
P14-1029,0.0,0.0,61.576354679802954,0.0,4.926108374384237,7.389162561576354,0.0,0.0,7.389162561576354,0.0,0.0,0.0,7.389162561576354,56.65024630541872,2.4630541871921183,305.4187192118227,4.926108374384237,2.4630541871921183,22.167487684729064,0.0,9.852216748768473,0.0,0.0,7.389162561576354,0.0,0.0,0.0,2.4630541871921183,4.926108374384237,0.0,0.0,0.0,0.0,2.4630541871921183,0.0,0.0,0.0,4.926108374384237,125.61576354679804,49.26108374384237,2.4630541871921183,49.26108374384237,0.43958868894601544,4.912596401028278,14.778325123152708,0.0,0.0,7.389162561576354,2.4630541871921183,0.0,4.926108374384237,9.852216748768473,0.0,0.0,2.4630541871921183,17.241379310344826,4.926108374384237,0.0,7.389162561576354,0.0,0.0,0.0,7.389162561576354,12.315270935960593,7.389162561576354,0.0,7.389162561576354
P16-1074,2.4752475247524752,7.425742574257425,76.73267326732673,2.4752475247524752,2.4752475247524752,2.4752475247524752,0.0,7.425742574257425,2.4752475247524752,2.4752475247524752,0.0,0.0,24.752475247524753,27.22772277227723,0.0,277.2277227722773,12.376237623762377,0.0,34.65346534653466,0.0,0.0,0.0,2.4752475247524752,17.32673267326733,2.4752475247524752,0.0,7.425742574257425,2.4752475247524752,12.376237623762377,0.0,0.0,0.0,0.0,0.0,0.0,4.9504950495049505,0.0,12.376237623762377,99.00990099009901,71.78217821782178,14.85148514851485,56.93069306930693,0.5089058524173028,5.162849872773537,7.425742574257425,2.4752475247524752,0.0,2.4752475247524752,9.900990099009901,0.0,12.376237623762377,4.9504950495049505,0.0,0.0,0.0,9.900990099009901,9.900990099009901,0.0,0.0,0.0,0.0,2.4752475247524752,4.9504950495049505,2.4752475247524752,2.4752475247524752,0.0,4.9504950495049505
P16-1158,0.0,7.462686567164179,57.21393034825871,0.0,2.487562189054726,7.462686567164179,0.0,7.462686567164179,2.487562189054726,0.0,0.0,0.0,12.437810945273633,67.16417910447761,9.950248756218905,333.3333333333333,7.462686567164179,0.0,17.412935323383085,0.0,2.487562189054726,0.0,0.0,19.90049751243781,0.0,0.0,9.950248756218905,4.975124378109452,4.975124378109452,0.0,0.0,0.0,0.0,2.487562189054726,2.487562189054726,0.0,0.0,4.975124378109452,94.5273631840796,89.55223880597015,4.975124378109452,37.31343283582089,0.5714285714285714,5.405612244897959,4.975124378109452,2.487562189054726,0.0,0.0,0.0,0.0,9.950248756218905,2.487562189054726,2.487562189054726,0.0,9.950248756218905,9.950248756218905,2.487562189054726,7.462686567164179,0.0,2.487562189054726,0.0,0.0,0.0,4.975124378109452,0.0,0.0,4.975124378109452
C10-1127,4.901960784313726,2.450980392156863,68.62745098039217,2.450980392156863,2.450980392156863,34.313725490196084,0.0,2.450980392156863,2.450980392156863,0.0,0.0,2.450980392156863,19.607843137254903,78.43137254901961,7.352941176470588,257.35294117647055,12.254901960784313,4.901960784313726,19.607843137254903,0.0,0.0,0.0,0.0,24.509803921568626,0.0,0.0,4.901960784313726,2.450980392156863,7.352941176470588,0.0,2.450980392156863,0.0,2.450980392156863,4.901960784313726,0.0,0.0,0.0,0.0,117.6470588235294,66.17647058823529,4.901960784313726,41.666666666666664,0.5631313131313131,5.502525252525253,12.254901960784313,0.0,0.0,2.450980392156863,4.901960784313726,0.0,9.803921568627452,12.254901960784313,0.0,0.0,2.450980392156863,17.156862745098042,2.450980392156863,0.0,0.0,0.0,0.0,2.450980392156863,2.450980392156863,19.607843137254903,4.901960784313726,2.450980392156863,2.450980392156863
D17-1008,0.0,4.7281323877068555,47.28132387706856,0.0,0.0,2.3640661938534278,0.0,0.0,11.82033096926714,2.3640661938534278,2.3640661938534278,0.0,14.184397163120567,14.184397163120567,2.3640661938534278,328.60520094562645,18.912529550827422,0.0,14.184397163120567,2.3640661938534278,0.0,0.0,0.0,23.64066193853428,0.0,0.0,4.7281323877068555,4.7281323877068555,2.3640661938534278,0.0,7.092198581560283,0.0,2.3640661938534278,2.3640661938534278,0.0,0.0,0.0,7.092198581560283,139.47990543735224,66.19385342789597,0.0,28.368794326241133,0.5277108433734939,5.055421686746988,21.27659574468085,0.0,2.3640661938534278,0.0,0.0,0.0,7.092198581560283,9.456264775413711,0.0,2.3640661938534278,0.0,9.456264775413711,4.7281323877068555,0.0,0.0,0.0,0.0,0.0,2.3640661938534278,4.7281323877068555,0.0,0.0,2.3640661938534278
C14-1024,0.0,2.375296912114014,49.8812351543943,0.0,4.750593824228028,14.251781472684087,0.0,4.750593824228028,4.750593824228028,0.0,0.0,0.0,4.750593824228028,57.00712589073635,7.125890736342043,342.042755344418,9.501187648456057,4.750593824228028,14.251781472684087,0.0,2.375296912114014,2.375296912114014,0.0,19.002375296912113,2.375296912114014,0.0,2.375296912114014,2.375296912114014,0.0,0.0,0.0,0.0,0.0,0.0,0.0,0.0,0.0,0.0,123.51543942992873,128.26603325415678,4.750593824228028,52.25653206650831,0.5487804878048781,5.5512195121951216,33.2541567695962,2.375296912114014,2.375296912114014,0.0,2.375296912114014,0.0,11.876484560570072,0.0,0.0,0.0,2.375296912114014,4.750593824228028,2.375296912114014,0.0,0.0,0.0,0.0,2.375296912114014,2.375296912114014,9.501187648456057,0.0,0.0,2.375296912114014
D18-1246,19.41747572815534,7.281553398058253,33.980582524271846,2.4271844660194173,2.4271844660194173,0.0,0.0,0.0,7.281553398058253,0.0,0.0,0.0,7.281553398058253,67.96116504854369,4.854368932038835,356.79611650485435,21.844660194174757,0.0,7.281553398058253,0.0,0.0,0.0,2.4271844660194173,7.281553398058253,2.4271844660194173,0.0,4.854368932038835,0.0,0.0,0.0,0.0,0.0,0.0,4.854368932038835,0.0,0.0,0.0,9.70873786407767,116.50485436893204,72.81553398058252,4.854368932038835,24.271844660194173,0.5402597402597402,5.05974025974026,2.4271844660194173,0.0,0.0,0.0,2.4271844660194173,0.0,0.0,7.281553398058253,0.0,0.0,4.854368932038835,19.41747572815534,2.4271844660194173,2.4271844660194173,0.0,0.0,0.0,0.0,0.0,0.0,0.0,0.0,0.0
N15-1164,0.0,4.7281323877068555,66.19385342789597,0.0,2.3640661938534278,11.82033096926714,0.0,7.092198581560283,7.092198581560283,0.0,2.3640661938534278,0.0,21.27659574468085,40.189125295508276,11.82033096926714,309.69267139479905,14.184397163120567,0.0,21.27659574468085,4.7281323877068555,0.0,2.3640661938534278,0.0,11.82033096926714,2.3640661938534278,0.0,7.092198581560283,2.3640661938534278,9.456264775413711,0.0,0.0,0.0,0.0,9.456264775413711,2.3640661938534278,0.0,2.3640661938534278,2.3640661938534278,125.29550827423166,40.189125295508276,4.7281323877068555,59.1016548463357,0.5144927536231884,5.236714975845411,14.184397163120567,2.3640661938534278,0.0,2.3640661938534278,7.092198581560283,0.0,7.092198581560283,14.184397163120567,2.3640661938534278,0.0,4.7281323877068555,7.092198581560283,2.3640661938534278,2.3640661938534278,0.0,0.0,0.0,2.3640661938534278,4.7281323877068555,7.092198581560283,2.3640661938534278,0.0,2.3640661938534278
N09-1068,0.0,0.0,58.96805896805897,9.828009828009828,0.0,17.1990171990172,0.0,0.0,12.285012285012284,4.914004914004914,0.0,0.0,12.285012285012284,36.85503685503686,12.285012285012284,250.61425061425064,9.828009828009828,0.0,36.85503685503686,2.457002457002457,2.457002457002457,0.0,0.0,22.11302211302211,0.0,0.0,0.0,0.0,0.0,2.457002457002457,0.0,0.0,0.0,4.914004914004914,2.457002457002457,0.0,2.457002457002457,2.457002457002457,132.67813267813267,83.53808353808354,9.828009828009828,61.42506142506143,0.47044334975369456,4.886699507389163,2.457002457002457,4.914004914004914,0.0,2.457002457002457,12.285012285012284,0.0,7.371007371007371,14.742014742014742,0.0,4.914004914004914,4.914004914004914,4.914004914004914,2.457002457002457,0.0,0.0,0.0,0.0,0.0,0.0,4.914004914004914,4.914004914004914,0.0,7.371007371007371
D15-1025,0.0,0.0,77.3067331670823,0.0,0.0,14.962593516209475,0.0,0.0,4.987531172069826,2.493765586034913,0.0,0.0,19.950124688279303,29.92518703241895,9.975062344139651,304.23940149625935,12.468827930174564,2.493765586034913,22.443890274314214,2.493765586034913,4.987531172069826,0.0,0.0,12.468827930174564,2.493765586034913,0.0,2.493765586034913,2.493765586034913,12.468827930174564,0.0,0.0,0.0,4.987531172069826,0.0,2.493765586034913,0.0,0.0,7.481296758104738,92.26932668329177,84.78802992518703,4.987531172069826,52.36907730673317,0.5710659898477157,5.385786802030457,7.481296758104738,2.493765586034913,0.0,7.481296758104738,7.481296758104738,0.0,22.443890274314214,12.468827930174564,0.0,0.0,0.0,32.418952618453865,7.481296758104738,0.0,0.0,0.0,0.0,2.493765586034913,9.975062344139651,9.975062344139651,0.0,0.0,4.987531172069826
P12-1087,7.481296758104738,4.987531172069826,52.36907730673317,2.493765586034913,0.0,4.987531172069826,0.0,4.987531172069826,2.493765586034913,0.0,0.0,0.0,17.456359102244388,44.88778054862843,0.0,324.1895261845387,7.481296758104738,4.987531172069826,34.912718204488776,2.493765586034913,2.493765586034913,0.0,0.0,9.975062344139651,0.0,0.0,4.987531172069826,0.0,12.468827930174564,0.0,0.0,0.0,2.493765586034913,0.0,0.0,0.0,0.0,12.468827930174564,114.713216957606,89.77556109725685,4.987531172069826,42.394014962593516,0.5398457583547558,5.208226221079691,17.456359102244388,0.0,0.0,2.493765586034913,0.0,0.0,7.481296758104738,14.962593516209475,2.493765586034913,7.481296758104738,0.0,9.975062344139651,2.493765586034913,0.0,0.0,0.0,0.0,0.0,2.493765586034913,7.481296758104738,2.493765586034913,2.493765586034913,9.975062344139651
N13-1121,2.450980392156863,4.901960784313726,46.568627450980394,0.0,2.450980392156863,4.901960784313726,0.0,12.254901960784313,0.0,0.0,0.0,0.0,7.352941176470588,39.21568627450981,9.803921568627452,384.80392156862746,7.352941176470588,0.0,9.803921568627452,4.901960784313726,0.0,0.0,0.0,4.901960784313726,0.0,0.0,4.901960784313726,2.450980392156863,7.352941176470588,2.450980392156863,0.0,0.0,0.0,0.0,0.0,0.0,2.450980392156863,0.0,117.6470588235294,66.17647058823529,0.0,53.92156862745098,0.5012987012987012,5.246753246753247,17.156862745098042,4.901960784313726,0.0,0.0,0.0,0.0,7.352941176470588,7.352941176470588,2.450980392156863,2.450980392156863,4.901960784313726,7.352941176470588,2.450980392156863,0.0,0.0,0.0,0.0,0.0,4.901960784313726,12.254901960784313,7.352941176470588,2.450980392156863,4.901960784313726
N16-1045,12.165450121654501,0.0,51.09489051094891,2.4330900243309004,2.4330900243309004,9.732360097323602,0.0,7.299270072992701,0.0,0.0,0.0,0.0,12.165450121654501,36.4963503649635,9.732360097323602,394.16058394160586,0.0,0.0,17.0316301703163,2.4330900243309004,4.866180048661801,0.0,0.0,7.299270072992701,2.4330900243309004,0.0,2.4330900243309004,4.866180048661801,9.732360097323602,0.0,2.4330900243309004,0.0,0.0,0.0,0.0,0.0,0.0,2.4330900243309004,97.32360097323601,82.7250608272506,2.4330900243309004,36.4963503649635,0.6134663341645885,5.369077306733167,14.598540145985401,2.4330900243309004,0.0,2.4330900243309004,0.0,0.0,4.866180048661801,9.732360097323602,0.0,2.4330900243309004,0.0,7.299270072992701,2.4330900243309004,0.0,0.0,0.0,0.0,0.0,0.0,17.0316301703163,4.866180048661801,0.0,2.4330900243309004
D15-1238,0.0,2.487562189054726,57.21393034825871,2.487562189054726,0.0,7.462686567164179,0.0,17.412935323383085,4.975124378109452,0.0,0.0,2.487562189054726,14.925373134328359,42.28855721393035,4.975124378109452,286.0696517412935,22.388059701492537,0.0,27.36318407960199,0.0,2.487562189054726,0.0,2.487562189054726,14.925373134328359,2.487562189054726,0.0,0.0,0.0,0.0,2.487562189054726,0.0,0.0,0.0,0.0,2.487562189054726,0.0,2.487562189054726,7.462686567164179,106.96517412935323,54.72636815920398,7.462686567164179,49.75124378109453,0.6198979591836735,5.288265306122449,9.950248756218905,2.487562189054726,0.0,2.487562189054726,9.950248756218905,0.0,2.487562189054726,17.412935323383085,2.487562189054726,7.462686567164179,2.487562189054726,12.437810945273633,4.975124378109452,0.0,0.0,0.0,0.0,2.487562189054726,7.462686567164179,4.975124378109452,4.975124378109452,0.0,2.487562189054726
D09-1114,11.82033096926714,11.82033096926714,37.825059101654844,0.0,0.0,7.092198581560283,0.0,2.3640661938534278,0.0,0.0,0.0,0.0,9.456264775413711,63.82978723404255,2.3640661938534278,373.5224586288416,11.82033096926714,0.0,14.184397163120567,4.7281323877068555,2.3640661938534278,0.0,0.0,7.092198581560283,0.0,0.0,11.82033096926714,2.3640661938534278,0.0,0.0,2.3640661938534278,0.0,2.3640661938534278,2.3640661938534278,0.0,2.3640661938534278,0.0,2.3640661938534278,134.75177304964538,70.92198581560284,0.0,26.004728132387708,0.49144254278728605,5.36919315403423,7.092198581560283,2.3640661938534278,0.0,0.0,14.184397163120567,0.0,4.7281323877068555,7.092198581560283,0.0,0.0,0.0,4.7281323877068555,2.3640661938534278,0.0,0.0,0.0,0.0,0.0,4.7281323877068555,9.456264775413711,2.3640661938534278,2.3640661938534278,2.3640661938534278
P15-1024,2.2988505747126435,0.0,52.87356321839081,2.2988505747126435,0.0,16.091954022988507,0.0,0.0,2.2988505747126435,0.0,0.0,0.0,9.195402298850574,48.275862068965516,2.2988505747126435,319.5402298850575,16.091954022988507,0.0,9.195402298850574,0.0,0.0,0.0,0.0,18.39080459770115,0.0,0.0,9.195402298850574,0.0,4.597701149425287,0.0,0.0,0.0,2.2988505747126435,0.0,0.0,0.0,0.0,2.2988505747126435,124.13793103448276,55.172413793103445,2.2988505747126435,32.18390804597701,0.4916864608076009,5.34916864608076,4.597701149425287,2.2988505747126435,0.0,0.0,2.2988505747126435,0.0,6.896551724137931,9.195402298850574,0.0,0.0,0.0,27.586206896551722,9.195402298850574,0.0,0.0,0.0,0.0,0.0,2.2988505747126435,9.195402298850574,0.0,0.0,2.2988505747126435
P12-1036,7.281553398058253,4.854368932038835,72.81553398058252,0.0,0.0,12.135922330097086,0.0,14.563106796116505,7.281553398058253,0.0,0.0,0.0,16.990291262135923,26.699029126213592,9.70873786407767,298.54368932038835,21.844660194174757,0.0,21.844660194174757,0.0,0.0,2.4271844660194173,0.0,21.844660194174757,0.0,0.0,0.0,0.0,2.4271844660194173,2.4271844660194173,2.4271844660194173,0.0,0.0,4.854368932038835,2.4271844660194173,2.4271844660194173,0.0,2.4271844660194173,99.51456310679612,77.66990291262135,7.281553398058253,50.970873786407765,0.5062034739454094,4.925558312655087,12.135922330097086,4.854368932038835,0.0,0.0,0.0,0.0,4.854368932038835,12.135922330097086,0.0,0.0,4.854368932038835,7.281553398058253,7.281553398058253,0.0,0.0,0.0,2.4271844660194173,0.0,2.4271844660194173,9.70873786407767,0.0,0.0,7.281553398058253
D18-1296,7.407407407407407,4.938271604938271,54.32098765432099,2.4691358024691357,2.4691358024691357,17.28395061728395,0.0,2.4691358024691357,2.4691358024691357,2.4691358024691357,0.0,0.0,17.28395061728395,32.098765432098766,4.938271604938271,355.55555555555554,9.876543209876543,0.0,12.345679012345679,2.4691358024691357,2.4691358024691357,0.0,2.4691358024691357,24.691358024691358,4.938271604938271,2.4691358024691357,2.4691358024691357,0.0,7.407407407407407,0.0,0.0,0.0,0.0,0.0,0.0,0.0,0.0,4.938271604938271,111.1111111111111,61.72839506172839,4.938271604938271,44.44444444444444,0.5567010309278351,5.157216494845361,7.407407407407407,0.0,0.0,0.0,2.4691358024691357,0.0,2.4691358024691357,2.4691358024691357,0.0,2.4691358024691357,4.938271604938271,7.407407407407407,9.876543209876543,0.0,0.0,0.0,0.0,2.4691358024691357,7.407407407407407,7.407407407407407,4.938271604938271,0.0,2.4691358024691357
N10-1012,0.0,13.636363636363635,47.72727272727273,0.0,2.2727272727272725,11.363636363636363,0.0,4.545454545454545,4.545454545454545,2.2727272727272725,0.0,0.0,9.09090909090909,61.36363636363636,13.636363636363635,315.90909090909093,9.09090909090909,0.0,20.454545454545453,6.8181818181818175,2.2727272727272725,0.0,0.0,20.454545454545453,0.0,0.0,4.545454545454545,4.545454545454545,0.0,0.0,0.0,0.0,0.0,2.2727272727272725,0.0,0.0,0.0,2.2727272727272725,138.63636363636365,77.27272727272727,4.545454545454545,34.090909090909086,0.5116279069767442,5.4906976744186045,2.2727272727272725,2.2727272727272725,0.0,0.0,4.545454545454545,0.0,4.545454545454545,2.2727272727272725,0.0,0.0,2.2727272727272725,22.727272727272727,6.8181818181818175,0.0,0.0,0.0,0.0,0.0,2.2727272727272725,15.909090909090908,0.0,2.2727272727272725,0.0
C12-1012,0.0,2.304147465437788,59.907834101382484,0.0,0.0,13.82488479262673,0.0,4.608294930875576,6.912442396313365,0.0,0.0,0.0,13.82488479262673,41.474654377880185,16.129032258064516,283.41013824884794,25.34562211981567,0.0,18.433179723502302,2.304147465437788,0.0,0.0,0.0,11.520737327188941,0.0,0.0,0.0,0.0,6.912442396313365,2.304147465437788,0.0,0.0,0.0,0.0,0.0,0.0,0.0,2.304147465437788,152.073732718894,94.4700460829493,0.0,29.953917050691242,0.5093896713615024,5.21830985915493,2.304147465437788,4.608294930875576,0.0,2.304147465437788,4.608294930875576,0.0,4.608294930875576,9.216589861751151,0.0,2.304147465437788,6.912442396313365,16.129032258064516,2.304147465437788,0.0,0.0,0.0,0.0,0.0,4.608294930875576,6.912442396313365,0.0,0.0,0.0
P15-1165,7.481296758104738,14.962593516209475,49.87531172069826,2.493765586034913,2.493765586034913,9.975062344139651,0.0,2.493765586034913,2.493765586034913,2.493765586034913,0.0,0.0,4.987531172069826,52.36907730673317,17.456359102244388,304.23940149625935,14.962593516209475,0.0,12.468827930174564,2.493765586034913,0.0,0.0,0.0,12.468827930174564,2.493765586034913,0.0,0.0,4.987531172069826,0.0,0.0,0.0,0.0,0.0,0.0,0.0,0.0,0.0,4.987531172069826,127.18204488778053,132.16957605985039,4.987531172069826,52.36907730673317,0.4910025706940874,5.784061696658098,19.950124688279303,2.493765586034913,0.0,0.0,4.987531172069826,0.0,2.493765586034913,0.0,0.0,0.0,2.493765586034913,4.987531172069826,0.0,0.0,0.0,0.0,0.0,0.0,4.987531172069826,2.493765586034913,0.0,0.0,0.0
D18-1446,0.0,4.618937644341801,30.023094688221708,0.0,0.0,0.0,0.0,2.3094688221709005,2.3094688221709005,0.0,0.0,0.0,4.618937644341801,27.71362586605081,2.3094688221709005,445.72748267898385,6.928406466512702,2.3094688221709005,13.856812933025404,0.0,0.0,0.0,0.0,13.856812933025404,2.3094688221709005,0.0,4.618937644341801,2.3094688221709005,0.0,0.0,0.0,0.0,0.0,2.3094688221709005,0.0,0.0,0.0,0.0,94.68822170900692,78.52193995381063,4.618937644341801,43.87990762124711,0.5100502512562815,5.1206030150753765,9.237875288683602,2.3094688221709005,0.0,2.3094688221709005,2.3094688221709005,0.0,2.3094688221709005,9.237875288683602,0.0,0.0,4.618937644341801,2.3094688221709005,0.0,0.0,0.0,0.0,0.0,0.0,4.618937644341801,2.3094688221709005,0.0,0.0,6.928406466512702
N18-1008,2.4691358024691357,0.0,44.44444444444444,2.4691358024691357,0.0,22.22222222222222,0.0,2.4691358024691357,2.4691358024691357,0.0,0.0,0.0,14.814814814814815,74.07407407407408,4.938271604938271,316.04938271604937,4.938271604938271,2.4691358024691357,14.814814814814815,0.0,0.0,0.0,4.938271604938271,12.345679012345679,0.0,0.0,0.0,2.4691358024691357,4.938271604938271,0.0,0.0,0.0,2.4691358024691357,0.0,0.0,0.0,2.4691358024691357,7.407407407407407,128.39506172839506,51.85185185185185,2.4691358024691357,37.03703703703704,0.531328320802005,5.538847117794486,7.407407407407407,2.4691358024691357,0.0,2.4691358024691357,7.407407407407407,0.0,2.4691358024691357,7.407407407407407,9.876543209876543,0.0,0.0,7.407407407407407,2.4691358024691357,0.0,2.4691358024691357,2.4691358024691357,0.0,0.0,0.0,14.814814814814815,4.938271604938271,0.0,4.938271604938271
D12-1039,7.317073170731708,2.4390243902439024,60.97560975609756,0.0,0.0,2.4390243902439024,0.0,2.4390243902439024,2.4390243902439024,0.0,0.0,0.0,14.634146341463415,31.70731707317073,9.75609756097561,324.390243902439,14.634146341463415,7.317073170731708,17.073170731707318,0.0,0.0,0.0,2.4390243902439024,4.878048780487805,4.878048780487805,0.0,2.4390243902439024,2.4390243902439024,2.4390243902439024,0.0,0.0,0.0,2.4390243902439024,4.878048780487805,0.0,0.0,0.0,2.4390243902439024,134.14634146341464,63.41463414634146,7.317073170731708,39.02439024390244,0.47103274559193953,5.005037783375315,12.195121951219512,0.0,0.0,0.0,2.4390243902439024,0.0,4.878048780487805,2.4390243902439024,0.0,0.0,0.0,12.195121951219512,4.878048780487805,4.878048780487805,0.0,0.0,0.0,0.0,2.4390243902439024,14.634146341463415,2.4390243902439024,0.0,4.878048780487805
D18-1343,0.0,2.457002457002457,71.25307125307125,2.457002457002457,0.0,22.11302211302211,0.0,0.0,9.828009828009828,0.0,0.0,0.0,2.457002457002457,78.62407862407862,22.11302211302211,299.7542997542997,4.914004914004914,0.0,31.94103194103194,0.0,2.457002457002457,0.0,0.0,0.0,0.0,0.0,2.457002457002457,0.0,2.457002457002457,0.0,0.0,0.0,0.0,0.0,0.0,0.0,2.457002457002457,2.457002457002457,137.5921375921376,46.68304668304668,12.285012285012284,39.31203931203931,0.48743718592964824,5.301507537688442,17.1990171990172,2.457002457002457,0.0,0.0,4.914004914004914,0.0,7.371007371007371,2.457002457002457,0.0,2.457002457002457,2.457002457002457,4.914004914004914,0.0,0.0,0.0,0.0,0.0,0.0,2.457002457002457,17.1990171990172,4.914004914004914,0.0,12.285012285012284
C18-1157,0.0,7.299270072992701,60.82725060827251,0.0,0.0,4.866180048661801,0.0,9.732360097323602,9.732360097323602,2.4330900243309004,0.0,0.0,4.866180048661801,51.09489051094891,4.866180048661801,323.60097323600974,2.4330900243309004,0.0,14.598540145985401,0.0,0.0,0.0,0.0,9.732360097323602,2.4330900243309004,0.0,4.866180048661801,4.866180048661801,0.0,0.0,4.866180048661801,0.0,0.0,0.0,0.0,2.4330900243309004,2.4330900243309004,2.4330900243309004,107.0559610705596,94.8905109489051,0.0,58.394160583941606,0.5949367088607594,5.686075949367089,12.165450121654501,4.866180048661801,0.0,4.866180048661801,12.165450121654501,0.0,12.165450121654501,2.4330900243309004,0.0,0.0,0.0,4.866180048661801,2.4330900243309004,0.0,0.0,0.0,0.0,0.0,0.0,7.299270072992701,0.0,2.4330900243309004,2.4330900243309004
N16-1009,2.493765586034913,4.987531172069826,77.3067331670823,0.0,0.0,34.912718204488776,0.0,7.481296758104738,0.0,2.493765586034913,0.0,0.0,12.468827930174564,49.87531172069826,7.481296758104738,269.32668329177056,12.468827930174564,2.493765586034913,14.962593516209475,2.493765586034913,0.0,0.0,0.0,14.962593516209475,4.987531172069826,0.0,2.493765586034913,2.493765586034913,2.493765586034913,0.0,0.0,0.0,4.987531172069826,0.0,0.0,0.0,0.0,4.987531172069826,137.1571072319202,99.75062344139651,2.493765586034913,54.86284289276808,0.5793450881612091,5.430730478589421,7.481296758104738,0.0,0.0,0.0,4.987531172069826,0.0,7.481296758104738,0.0,0.0,0.0,0.0,7.481296758104738,9.975062344139651,0.0,0.0,0.0,0.0,2.493765586034913,4.987531172069826,7.481296758104738,2.493765586034913,0.0,9.975062344139651
D09-1076,2.403846153846154,12.01923076923077,57.69230769230769,2.403846153846154,7.211538461538462,14.423076923076923,0.0,0.0,0.0,0.0,2.403846153846154,0.0,7.211538461538462,33.65384615384615,2.403846153846154,295.6730769230769,12.01923076923077,0.0,12.01923076923077,4.807692307692308,2.403846153846154,0.0,0.0,21.634615384615383,2.403846153846154,0.0,2.403846153846154,0.0,4.807692307692308,0.0,0.0,0.0,0.0,2.403846153846154,0.0,0.0,4.807692307692308,2.403846153846154,96.15384615384616,88.9423076923077,0.0,67.3076923076923,0.5682382133995038,5.374689826302729,12.01923076923077,0.0,0.0,0.0,12.01923076923077,0.0,19.230769230769234,9.615384615384617,0.0,0.0,2.403846153846154,26.442307692307693,12.01923076923077,0.0,0.0,0.0,0.0,0.0,0.0,4.807692307692308,2.403846153846154,4.807692307692308,4.807692307692308
D09-1034,4.555808656036446,13.66742596810934,34.16856492027335,0.0,2.277904328018223,0.0,0.0,4.555808656036446,0.0,2.277904328018223,0.0,0.0,9.111617312072893,31.890660592255127,18.223234624145785,346.24145785876993,13.66742596810934,2.277904328018223,4.555808656036446,2.277904328018223,0.0,0.0,0.0,15.945330296127564,4.555808656036446,0.0,9.111617312072893,4.555808656036446,4.555808656036446,0.0,0.0,0.0,0.0,2.277904328018223,0.0,0.0,0.0,2.277904328018223,109.33940774487472,97.9498861047836,0.0,47.83599088838269,0.513189448441247,5.5587529976019185,9.111617312072893,0.0,0.0,4.555808656036446,4.555808656036446,0.0,6.83371298405467,9.111617312072893,0.0,0.0,6.83371298405467,2.277904328018223,9.111617312072893,0.0,0.0,0.0,0.0,0.0,6.83371298405467,13.66742596810934,2.277904328018223,2.277904328018223,4.555808656036446
D13-1166,0.0,7.009345794392523,58.41121495327103,0.0,2.336448598130841,4.672897196261682,0.0,4.672897196261682,9.345794392523365,0.0,2.336448598130841,0.0,16.355140186915886,32.71028037383177,9.345794392523365,264.01869158878503,11.682242990654204,2.336448598130841,14.018691588785046,0.0,2.336448598130841,0.0,2.336448598130841,14.018691588785046,2.336448598130841,2.336448598130841,2.336448598130841,4.672897196261682,7.009345794392523,0.0,0.0,0.0,0.0,4.672897196261682,0.0,2.336448598130841,0.0,0.0,149.53271028037383,95.79439252336448,7.009345794392523,51.401869158878505,0.5673758865248227,5.130023640661938,16.355140186915886,0.0,0.0,4.672897196261682,9.345794392523365,0.0,21.02803738317757,9.345794392523365,0.0,2.336448598130841,2.336448598130841,7.009345794392523,2.336448598130841,2.336448598130841,0.0,0.0,2.336448598130841,2.336448598130841,7.009345794392523,7.009345794392523,4.672897196261682,2.336448598130841,7.009345794392523
D18-1457,9.950248756218905,12.437810945273633,57.21393034825871,4.975124378109452,7.462686567164179,17.412935323383085,0.0,0.0,2.487562189054726,0.0,0.0,0.0,12.437810945273633,47.2636815920398,2.487562189054726,435.32338308457713,4.975124378109452,2.487562189054726,7.462686567164179,0.0,7.462686567164179,0.0,2.487562189054726,27.36318407960199,0.0,2.487562189054726,2.487562189054726,0.0,2.487562189054726,0.0,0.0,0.0,2.487562189054726,4.975124378109452,0.0,0.0,0.0,4.975124378109452,92.03980099502488,82.08955223880596,2.487562189054726,34.82587064676617,0.5196850393700787,5.398950131233596,7.462686567164179,2.487562189054726,0.0,0.0,4.975124378109452,0.0,4.975124378109452,0.0,0.0,2.487562189054726,0.0,9.950248756218905,4.975124378109452,0.0,0.0,0.0,0.0,0.0,4.975124378109452,9.950248756218905,0.0,0.0,0.0
N10-1074,0.0,0.0,81.9277108433735,0.0,7.228915662650603,21.686746987951807,0.0,7.228915662650603,2.4096385542168677,7.228915662650603,0.0,0.0,12.048192771084338,33.734939759036145,14.457831325301205,267.4698795180723,2.4096385542168677,0.0,16.867469879518072,2.4096385542168677,4.819277108433735,0.0,2.4096385542168677,12.048192771084338,7.228915662650603,0.0,0.0,4.819277108433735,4.819277108433735,0.0,0.0,0.0,0.0,0.0,0.0,0.0,2.4096385542168677,9.63855421686747,113.25301204819277,69.87951807228916,4.819277108433735,60.24096385542169,0.5333333333333333,5.076543209876543,9.63855421686747,2.4096385542168677,0.0,0.0,2.4096385542168677,0.0,12.048192771084338,4.819277108433735,0.0,0.0,0.0,21.686746987951807,4.819277108433735,2.4096385542168677,0.0,0.0,0.0,0.0,2.4096385542168677,7.228915662650603,4.819277108433735,0.0,9.63855421686747
C10-1072,0.0,12.40694789081886,71.96029776674938,2.4813895781637716,0.0,0.0,0.0,0.0,7.444168734491315,2.4813895781637716,0.0,0.0,4.962779156327543,116.62531017369727,2.4813895781637716,277.9156327543424,14.88833746898263,0.0,32.25806451612903,4.962779156327543,0.0,0.0,0.0,14.88833746898263,0.0,0.0,0.0,0.0,0.0,0.0,2.4813895781637716,0.0,0.0,0.0,0.0,2.4813895781637716,0.0,7.444168734491315,111.66253101736973,66.99751861042184,4.962779156327543,39.702233250620345,0.4649350649350649,5.4935064935064934,19.851116625310173,0.0,0.0,0.0,0.0,0.0,7.444168734491315,2.4813895781637716,0.0,0.0,2.4813895781637716,4.962779156327543,0.0,0.0,0.0,0.0,0.0,2.4813895781637716,4.962779156327543,19.851116625310173,0.0,0.0,9.925558312655086
D18-1227,0.0,2.4390243902439024,41.463414634146346,0.0,0.0,7.317073170731708,0.0,24.390243902439025,4.878048780487805,0.0,0.0,0.0,19.51219512195122,48.78048780487805,7.317073170731708,317.0731707317073,17.073170731707318,0.0,24.390243902439025,0.0,0.0,0.0,0.0,9.75609756097561,0.0,0.0,4.878048780487805,0.0,7.317073170731708,0.0,0.0,0.0,0.0,4.878048780487805,2.4390243902439024,0.0,2.4390243902439024,0.0,143.90243902439022,34.146341463414636,0.0,53.65853658536585,0.41044776119402987,4.818407960199005,17.073170731707318,0.0,2.4390243902439024,0.0,7.317073170731708,0.0,17.073170731707318,29.26829268292683,0.0,2.4390243902439024,12.195121951219512,12.195121951219512,2.4390243902439024,0.0,0.0,0.0,0.0,0.0,7.317073170731708,4.878048780487805,0.0,0.0,9.75609756097561
D18-1448,2.347417840375587,4.694835680751174,53.990610328638496,0.0,0.0,25.821596244131456,0.0,0.0,2.347417840375587,0.0,0.0,0.0,18.779342723004696,44.60093896713615,4.694835680751174,314.55399061032864,7.042253521126761,0.0,16.431924882629108,2.347417840375587,4.694835680751174,0.0,0.0,25.821596244131456,2.347417840375587,0.0,2.347417840375587,0.0,2.347417840375587,0.0,2.347417840375587,2.347417840375587,0.0,0.0,0.0,0.0,0.0,7.042253521126761,133.80281690140845,72.76995305164318,2.347417840375587,32.863849765258216,0.46551724137931033,5.0,4.694835680751174,4.694835680751174,0.0,0.0,7.042253521126761,0.0,9.389671361502348,7.042253521126761,0.0,4.694835680751174,2.347417840375587,7.042253521126761,4.694835680751174,0.0,0.0,0.0,0.0,2.347417840375587,4.694835680751174,11.737089201877934,2.347417840375587,2.347417840375587,0.0
P15-1116,0.0,2.4330900243309004,58.394160583941606,0.0,2.4330900243309004,2.4330900243309004,0.0,4.866180048661801,2.4330900243309004,0.0,0.0,4.866180048661801,21.897810218978105,34.0632603406326,12.165450121654501,340.632603406326,21.897810218978105,2.4330900243309004,9.732360097323602,0.0,0.0,0.0,0.0,14.598540145985401,0.0,0.0,0.0,0.0,4.866180048661801,0.0,4.866180048661801,0.0,2.4330900243309004,0.0,0.0,0.0,0.0,0.0,131.38686131386862,72.992700729927,2.4330900243309004,36.4963503649635,0.5803108808290155,5.248704663212435,14.598540145985401,2.4330900243309004,2.4330900243309004,0.0,7.299270072992701,0.0,2.4330900243309004,12.165450121654501,0.0,2.4330900243309004,0.0,7.299270072992701,12.165450121654501,0.0,0.0,0.0,2.4330900243309004,0.0,2.4330900243309004,4.866180048661801,0.0,0.0,2.4330900243309004
P14-1005,0.0,0.0,85.1581508515815,2.4330900243309004,4.866180048661801,19.464720194647203,0.0,0.0,4.866180048661801,2.4330900243309004,0.0,0.0,17.0316301703163,34.0632603406326,9.732360097323602,311.43552311435525,12.165450121654501,0.0,19.464720194647203,0.0,4.866180048661801,2.4330900243309004,0.0,4.866180048661801,0.0,4.866180048661801,0.0,2.4330900243309004,2.4330900243309004,0.0,0.0,0.0,0.0,4.866180048661801,0.0,0.0,0.0,9.732360097323602,116.78832116788321,68.1265206812652,4.866180048661801,53.5279805352798,0.5370843989769821,5.092071611253197,7.299270072992701,0.0,0.0,0.0,2.4330900243309004,0.0,12.165450121654501,0.0,0.0,2.4330900243309004,0.0,9.732360097323602,9.732360097323602,0.0,0.0,0.0,2.4330900243309004,0.0,2.4330900243309004,2.4330900243309004,7.299270072992701,0.0,7.299270072992701
D18-1549,0.0,12.468827930174564,57.356608478803,7.481296758104738,0.0,2.493765586034913,0.0,12.468827930174564,4.987531172069826,0.0,0.0,0.0,2.493765586034913,29.92518703241895,7.481296758104738,331.6708229426434,9.975062344139651,0.0,12.468827930174564,2.493765586034913,0.0,0.0,0.0,17.456359102244388,2.493765586034913,0.0,2.493765586034913,7.481296758104738,0.0,0.0,0.0,0.0,0.0,0.0,0.0,0.0,2.493765586034913,9.975062344139651,109.72568578553616,99.75062344139651,2.493765586034913,44.88778054862843,0.5747422680412371,5.541237113402062,7.481296758104738,2.493765586034913,0.0,7.481296758104738,2.493765586034913,0.0,9.975062344139651,0.0,0.0,0.0,2.493765586034913,19.950124688279303,0.0,0.0,0.0,2.493765586034913,0.0,0.0,4.987531172069826,4.987531172069826,0.0,0.0,0.0
D14-1135,0.0,4.830917874396135,67.6328502415459,0.0,0.0,9.66183574879227,0.0,9.66183574879227,0.0,2.4154589371980677,0.0,0.0,26.570048309178745,36.231884057971016,16.908212560386474,309.17874396135267,7.246376811594203,4.830917874396135,14.492753623188406,2.4154589371980677,2.4154589371980677,0.0,0.0,14.492753623188406,0.0,0.0,0.0,7.246376811594203,19.32367149758454,0.0,0.0,0.0,0.0,4.830917874396135,0.0,0.0,0.0,4.830917874396135,103.86473429951691,113.52657004830918,7.246376811594203,26.570048309178745,0.553030303030303,5.659090909090909,12.077294685990339,0.0,0.0,0.0,4.830917874396135,0.0,9.66183574879227,4.830917874396135,4.830917874396135,0.0,0.0,16.908212560386474,0.0,0.0,0.0,0.0,0.0,0.0,2.4154589371980677,12.077294685990339,2.4154589371980677,0.0,0.0
D11-1105,9.66183574879227,4.830917874396135,38.64734299516908,12.077294685990339,2.4154589371980677,16.908212560386474,0.0,12.077294685990339,7.246376811594203,0.0,0.0,0.0,16.908212560386474,48.309178743961354,2.4154589371980677,258.45410628019323,12.077294685990339,2.4154589371980677,16.908212560386474,2.4154589371980677,2.4154589371980677,0.0,0.0,21.73913043478261,0.0,2.4154589371980677,12.077294685990339,0.0,2.4154589371980677,0.0,4.830917874396135,0.0,0.0,0.0,0.0,0.0,0.0,0.0,108.69565217391305,96.61835748792271,2.4154589371980677,65.21739130434783,0.524390243902439,5.760975609756097,9.66183574879227,2.4154589371980677,0.0,0.0,4.830917874396135,0.0,14.492753623188406,19.32367149758454,4.830917874396135,0.0,2.4154589371980677,7.246376811594203,4.830917874396135,0.0,0.0,0.0,2.4154589371980677,4.830917874396135,9.66183574879227,7.246376811594203,0.0,0.0,7.246376811594203
P13-1001,0.0,2.331002331002331,60.60606060606061,0.0,0.0,0.0,0.0,2.331002331002331,6.993006993006993,0.0,0.0,0.0,6.993006993006993,41.95804195804196,9.324009324009324,389.27738927738926,11.655011655011656,0.0,16.317016317016318,2.331002331002331,0.0,0.0,0.0,20.97902097902098,0.0,0.0,0.0,0.0,0.0,0.0,0.0,0.0,2.331002331002331,4.662004662004662,2.331002331002331,2.331002331002331,0.0,20.97902097902098,95.57109557109557,72.26107226107226,4.662004662004662,51.28205128205128,0.5282555282555282,5.511056511056511,18.64801864801865,2.331002331002331,0.0,0.0,2.331002331002331,0.0,2.331002331002331,11.655011655011656,0.0,0.0,6.993006993006993,4.662004662004662,2.331002331002331,0.0,0.0,0.0,0.0,0.0,4.662004662004662,2.331002331002331,0.0,0.0,0.0
D10-1061,17.28395061728395,2.4691358024691357,39.50617283950617,0.0,7.407407407407407,0.0,0.0,7.407407407407407,0.0,4.938271604938271,0.0,0.0,17.28395061728395,49.382716049382715,4.938271604938271,286.41975308641975,14.814814814814815,4.938271604938271,9.876543209876543,0.0,2.4691358024691357,0.0,0.0,22.22222222222222,0.0,0.0,9.876543209876543,0.0,9.876543209876543,0.0,0.0,0.0,4.938271604938271,0.0,0.0,0.0,2.4691358024691357,2.4691358024691357,118.51851851851852,86.41975308641975,4.938271604938271,61.72839506172839,0.5835411471321695,5.660847880299252,7.407407407407407,0.0,0.0,0.0,4.938271604938271,0.0,12.345679012345679,9.876543209876543,0.0,2.4691358024691357,2.4691358024691357,2.4691358024691357,12.345679012345679,0.0,0.0,0.0,0.0,0.0,2.4691358024691357,7.407407407407407,4.938271604938271,0.0,4.938271604938271
C18-1185,0.0,0.0,63.87665198237885,2.2026431718061676,2.2026431718061676,22.026431718061676,0.0,6.607929515418502,8.81057268722467,0.0,0.0,0.0,11.013215859030838,22.026431718061676,6.607929515418502,292.9515418502203,11.013215859030838,4.405286343612335,22.026431718061676,2.2026431718061676,2.2026431718061676,0.0,0.0,19.823788546255507,2.2026431718061676,0.0,2.2026431718061676,0.0,2.2026431718061676,2.2026431718061676,0.0,0.0,0.0,0.0,0.0,2.2026431718061676,0.0,13.215859030837004,123.34801762114537,63.87665198237885,8.81057268722467,55.06607929515418,0.48997772828507796,4.766146993318485,8.81057268722467,2.2026431718061676,0.0,2.2026431718061676,8.81057268722467,0.0,8.81057268722467,8.81057268722467,0.0,6.607929515418502,0.0,15.418502202643172,4.405286343612335,0.0,0.0,0.0,0.0,2.2026431718061676,8.81057268722467,6.607929515418502,2.2026431718061676,0.0,4.405286343612335
N12-1061,9.876543209876543,12.345679012345679,61.72839506172839,0.0,4.938271604938271,19.753086419753085,4.938271604938271,4.938271604938271,4.938271604938271,0.0,0.0,2.4691358024691357,27.160493827160494,27.160493827160494,4.938271604938271,229.62962962962962,7.407407407407407,0.0,12.345679012345679,4.938271604938271,7.407407407407407,0.0,0.0,24.691358024691358,0.0,0.0,4.938271604938271,4.938271604938271,9.876543209876543,0.0,2.4691358024691357,0.0,0.0,0.0,0.0,0.0,2.4691358024691357,4.938271604938271,108.64197530864197,96.29629629629629,4.938271604938271,69.1358024691358,0.550761421319797,4.845177664974619,7.407407407407407,2.4691358024691357,0.0,2.4691358024691357,9.876543209876543,0.0,14.814814814814815,4.938271604938271,0.0,2.4691358024691357,0.0,27.160493827160494,7.407407407407407,2.4691358024691357,0.0,0.0,0.0,0.0,2.4691358024691357,7.407407407407407,0.0,2.4691358024691357,0.0
P14-1078,0.0,0.0,62.05250596658711,2.3866348448687353,0.0,19.093078758949883,0.0,2.3866348448687353,2.3866348448687353,0.0,0.0,0.0,14.319809069212411,90.69212410501193,7.159904534606206,236.27684964200478,14.319809069212411,0.0,14.319809069212411,2.3866348448687353,0.0,2.3866348448687353,0.0,42.959427207637226,2.3866348448687353,0.0,2.3866348448687353,2.3866348448687353,4.773269689737471,0.0,0.0,0.0,0.0,0.0,0.0,0.0,0.0,7.159904534606206,90.69212410501193,100.23866348448688,2.3866348448687353,23.86634844868735,0.5349397590361445,5.428915662650603,2.3866348448687353,0.0,0.0,2.3866348448687353,0.0,0.0,14.319809069212411,7.159904534606206,0.0,2.3866348448687353,0.0,2.3866348448687353,0.0,0.0,0.0,0.0,0.0,4.773269689737471,7.159904534606206,14.319809069212411,0.0,0.0,0.0
D17-1036,0.0,2.444987775061125,58.67970660146699,2.444987775061125,0.0,14.669926650366747,0.0,7.334963325183374,2.444987775061125,4.88997555012225,0.0,0.0,4.88997555012225,46.45476772616137,7.334963325183374,325.1833740831296,4.88997555012225,2.444987775061125,22.004889975550125,0.0,0.0,2.444987775061125,2.444987775061125,22.004889975550125,0.0,0.0,0.0,4.88997555012225,0.0,0.0,0.0,0.0,0.0,4.88997555012225,0.0,0.0,0.0,2.444987775061125,97.799511002445,78.239608801956,7.334963325183374,48.8997555012225,0.6010230179028133,5.273657289002558,7.334963325183374,2.444987775061125,0.0,2.444987775061125,4.88997555012225,0.0,17.114914425427873,7.334963325183374,0.0,0.0,0.0,12.224938875305625,4.88997555012225,0.0,0.0,0.0,2.444987775061125,0.0,0.0,4.88997555012225,0.0,0.0,4.88997555012225
C16-1247,4.597701149425287,2.2988505747126435,48.275862068965516,0.0,4.597701149425287,9.195402298850574,0.0,6.896551724137931,2.2988505747126435,0.0,0.0,0.0,6.896551724137931,57.47126436781609,6.896551724137931,296.551724137931,6.896551724137931,0.0,18.39080459770115,0.0,0.0,0.0,2.2988505747126435,20.689655172413794,2.2988505747126435,0.0,0.0,0.0,2.2988505747126435,0.0,0.0,0.0,0.0,2.2988505747126435,2.2988505747126435,0.0,2.2988505747126435,6.896551724137931,114.94252873563218,78.16091954022988,6.896551724137931,32.18390804597701,0.5587529976019184,5.227817745803358,13.793103448275861,0.0,0.0,0.0,2.2988505747126435,0.0,9.195402298850574,6.896551724137931,2.2988505747126435,0.0,2.2988505747126435,13.793103448275861,9.195402298850574,0.0,0.0,0.0,0.0,0.0,2.2988505747126435,16.091954022988507,2.2988505747126435,2.2988505747126435,2.2988505747126435
P15-1053,0.0,9.852216748768473,54.187192118226605,0.0,0.0,12.315270935960593,0.0,4.926108374384237,9.852216748768473,0.0,0.0,2.4630541871921183,7.389162561576354,44.33497536945813,7.389162561576354,386.6995073891626,4.926108374384237,0.0,22.167487684729064,2.4630541871921183,2.4630541871921183,0.0,0.0,9.852216748768473,0.0,0.0,0.0,4.926108374384237,2.4630541871921183,0.0,0.0,0.0,0.0,4.926108374384237,0.0,0.0,0.0,2.4630541871921183,115.76354679802955,51.724137931034484,4.926108374384237,32.01970443349754,0.4869791666666667,5.049479166666667,17.241379310344826,0.0,0.0,2.4630541871921183,7.389162561576354,0.0,12.315270935960593,0.0,2.4630541871921183,2.4630541871921183,4.926108374384237,4.926108374384237,2.4630541871921183,0.0,0.0,0.0,2.4630541871921183,0.0,2.4630541871921183,2.4630541871921183,2.4630541871921183,0.0,4.926108374384237
N18-1064,0.0,4.662004662004662,48.95104895104895,0.0,0.0,11.655011655011656,0.0,2.331002331002331,2.331002331002331,2.331002331002331,0.0,0.0,13.986013986013987,60.60606060606061,2.331002331002331,258.7412587412588,16.317016317016318,2.331002331002331,16.317016317016318,0.0,0.0,0.0,0.0,30.303030303030305,2.331002331002331,0.0,13.986013986013987,2.331002331002331,6.993006993006993,0.0,0.0,0.0,0.0,0.0,0.0,0.0,0.0,2.331002331002331,118.88111888111888,83.91608391608392,4.662004662004662,32.634032634032636,0.4688995215311005,5.282296650717703,2.331002331002331,0.0,0.0,0.0,0.0,0.0,4.662004662004662,16.317016317016318,0.0,0.0,2.331002331002331,13.986013986013987,9.324009324009324,0.0,0.0,0.0,0.0,2.331002331002331,6.993006993006993,4.662004662004662,0.0,0.0,2.331002331002331
P12-1076,0.0,2.398081534772182,81.5347721822542,0.0,4.796163069544364,7.194244604316547,0.0,2.398081534772182,7.194244604316547,4.796163069544364,0.0,0.0,14.388489208633095,93.52517985611512,4.796163069544364,230.21582733812951,16.786570743405274,0.0,9.592326139088728,0.0,2.398081534772182,0.0,0.0,16.786570743405274,0.0,0.0,7.194244604316547,4.796163069544364,4.796163069544364,0.0,0.0,0.0,0.0,7.194244604316547,2.398081534772182,0.0,2.398081534772182,9.592326139088728,124.70023980815348,47.961630695443645,7.194244604316547,43.16546762589928,0.47317073170731705,5.178048780487805,9.592326139088728,2.398081534772182,0.0,0.0,4.796163069544364,0.0,11.990407673860911,4.796163069544364,0.0,0.0,9.592326139088728,11.990407673860911,4.796163069544364,4.796163069544364,0.0,0.0,0.0,0.0,0.0,0.0,7.194244604316547,0.0,4.796163069544364
D13-1031,0.0,2.457002457002457,66.33906633906633,0.0,0.0,12.285012285012284,0.0,2.457002457002457,0.0,0.0,0.0,0.0,12.285012285012284,34.3980343980344,12.285012285012284,257.985257985258,17.1990171990172,0.0,22.11302211302211,0.0,4.914004914004914,0.0,0.0,17.1990171990172,0.0,0.0,7.371007371007371,0.0,4.914004914004914,0.0,0.0,0.0,0.0,4.914004914004914,0.0,2.457002457002457,0.0,2.457002457002457,115.47911547911548,90.9090909090909,4.914004914004914,66.33906633906633,0.5037406483790524,5.236907730673317,17.1990171990172,0.0,2.457002457002457,2.457002457002457,9.828009828009828,0.0,12.285012285012284,9.828009828009828,2.457002457002457,0.0,4.914004914004914,12.285012285012284,7.371007371007371,2.457002457002457,0.0,0.0,0.0,2.457002457002457,4.914004914004914,2.457002457002457,2.457002457002457,0.0,7.371007371007371
N18-1127,19.184652278177456,9.592326139088728,57.55395683453238,2.398081534772182,4.796163069544364,4.796163069544364,0.0,9.592326139088728,0.0,0.0,0.0,0.0,19.184652278177456,31.17505995203837,7.194244604316547,390.88729016786573,11.990407673860911,0.0,14.388489208633095,0.0,0.0,0.0,0.0,2.398081534772182,0.0,0.0,2.398081534772182,2.398081534772182,11.990407673860911,0.0,0.0,0.0,0.0,0.0,2.398081534772182,4.796163069544364,0.0,2.398081534772182,122.3021582733813,59.95203836930456,4.796163069544364,33.57314148681055,0.5703517587939698,5.334170854271357,11.990407673860911,2.398081534772182,0.0,0.0,2.398081534772182,0.0,7.194244604316547,0.0,0.0,0.0,2.398081534772182,16.786570743405274,9.592326139088728,0.0,0.0,0.0,0.0,0.0,0.0,2.398081534772182,4.796163069544364,0.0,2.398081534772182
C18-1231,7.194244604316547,7.194244604316547,52.75779376498801,0.0,2.398081534772182,4.796163069544364,0.0,7.194244604316547,4.796163069544364,0.0,0.0,0.0,4.796163069544364,52.75779376498801,2.398081534772182,390.88729016786573,21.58273381294964,0.0,16.786570743405274,7.194244604316547,7.194244604316547,0.0,0.0,26.378896882494004,0.0,0.0,4.796163069544364,0.0,0.0,0.0,0.0,0.0,0.0,0.0,0.0,0.0,2.398081534772182,2.398081534772182,93.52517985611512,55.15587529976019,7.194244604316547,38.36930455635491,0.5101522842639594,5.104060913705584,7.194244604316547,0.0,0.0,0.0,2.398081534772182,0.0,7.194244604316547,7.194244604316547,0.0,0.0,4.796163069544364,7.194244604316547,7.194244604316547,2.398081534772182,0.0,0.0,0.0,2.398081534772182,7.194244604316547,11.990407673860911,0.0,4.796163069544364,0.0
C18-1306,0.0,4.705882352941176,49.41176470588235,0.0,2.352941176470588,2.352941176470588,0.0,2.352941176470588,11.76470588235294,0.0,0.0,2.352941176470588,9.411764705882351,42.35294117647059,0.0,385.88235294117646,14.11764705882353,0.0,16.47058823529412,0.0,2.352941176470588,0.0,0.0,16.47058823529412,2.352941176470588,0.0,2.352941176470588,4.705882352941176,2.352941176470588,0.0,2.352941176470588,0.0,0.0,2.352941176470588,0.0,2.352941176470588,2.352941176470588,2.352941176470588,117.6470588235294,72.94117647058823,9.411764705882351,49.41176470588235,0.5303030303030303,5.154040404040404,9.411764705882351,7.058823529411765,2.352941176470588,2.352941176470588,7.058823529411765,0.0,4.705882352941176,7.058823529411765,0.0,0.0,0.0,2.352941176470588,2.352941176470588,0.0,0.0,0.0,0.0,0.0,7.058823529411765,4.705882352941176,2.352941176470588,0.0,0.0
C14-1064,0.0,2.3923444976076556,95.69377990430623,2.3923444976076556,0.0,4.784688995215311,0.0,2.3923444976076556,9.569377990430622,0.0,0.0,0.0,21.5311004784689,55.02392344497608,0.0,320.57416267942585,21.5311004784689,2.3923444976076556,31.10047846889952,4.784688995215311,7.177033492822967,0.0,0.0,21.5311004784689,2.3923444976076556,0.0,0.0,4.784688995215311,2.3923444976076556,0.0,2.3923444976076556,0.0,2.3923444976076556,9.569377990430622,2.3923444976076556,0.0,7.177033492822967,4.784688995215311,78.94736842105263,33.49282296650718,7.177033492822967,35.88516746411483,0.49242424242424243,4.984848484848484,9.569377990430622,0.0,0.0,0.0,2.3923444976076556,0.0,7.177033492822967,7.177033492822967,0.0,2.3923444976076556,2.3923444976076556,16.74641148325359,0.0,0.0,0.0,0.0,0.0,2.3923444976076556,2.3923444976076556,14.354066985645934,4.784688995215311,0.0,4.784688995215311
D14-1057,0.0,2.3696682464454977,68.72037914691943,0.0,0.0,30.805687203791468,0.0,2.3696682464454977,7.109004739336492,7.109004739336492,0.0,0.0,9.47867298578199,45.023696682464454,2.3696682464454977,319.90521327014216,9.47867298578199,2.3696682464454977,16.587677725118485,2.3696682464454977,7.109004739336492,0.0,0.0,9.47867298578199,2.3696682464454977,0.0,0.0,4.739336492890995,2.3696682464454977,0.0,4.739336492890995,0.0,2.3696682464454977,0.0,0.0,0.0,0.0,4.739336492890995,106.6350710900474,78.19905213270142,2.3696682464454977,21.32701421800948,0.5210918114143921,5.181141439205955,4.739336492890995,2.3696682464454977,0.0,0.0,2.3696682464454977,0.0,9.47867298578199,9.47867298578199,0.0,9.47867298578199,4.739336492890995,11.848341232227487,4.739336492890995,4.739336492890995,0.0,0.0,0.0,2.3696682464454977,2.3696682464454977,11.848341232227487,2.3696682464454977,2.3696682464454977,0.0
D18-1289,2.314814814814815,11.574074074074073,46.29629629629629,0.0,0.0,2.314814814814815,0.0,0.0,0.0,0.0,0.0,0.0,18.51851851851852,57.870370370370374,6.944444444444444,340.27777777777777,20.833333333333332,4.62962962962963,6.944444444444444,0.0,2.314814814814815,0.0,2.314814814814815,11.574074074074073,4.62962962962963,0.0,6.944444444444444,4.62962962962963,0.0,0.0,0.0,0.0,4.62962962962963,6.944444444444444,0.0,0.0,2.314814814814815,4.62962962962963,129.62962962962962,81.01851851851852,2.314814814814815,30.09259259259259,0.5817307692307693,5.913461538461538,16.203703703703702,0.0,0.0,0.0,2.314814814814815,0.0,4.62962962962963,2.314814814814815,2.314814814814815,0.0,6.944444444444444,23.148148148148145,4.62962962962963,0.0,0.0,2.314814814814815,0.0,0.0,2.314814814814815,13.888888888888888,0.0,0.0,2.314814814814815
D14-1033,0.0,2.4271844660194173,60.67961165048544,0.0,0.0,12.135922330097086,0.0,2.4271844660194173,0.0,0.0,0.0,0.0,7.281553398058253,53.398058252427184,7.281553398058253,315.5339805825243,16.990291262135923,2.4271844660194173,14.563106796116505,4.854368932038835,0.0,0.0,0.0,9.70873786407767,0.0,0.0,9.70873786407767,2.4271844660194173,2.4271844660194173,2.4271844660194173,0.0,0.0,0.0,4.854368932038835,0.0,0.0,0.0,2.4271844660194173,114.07766990291263,75.24271844660194,4.854368932038835,29.12621359223301,0.4701492537313433,5.241293532338308,9.70873786407767,2.4271844660194173,4.854368932038835,0.0,4.854368932038835,0.0,9.70873786407767,12.135922330097086,4.854368932038835,0.0,0.0,12.135922330097086,2.4271844660194173,0.0,0.0,0.0,0.0,0.0,2.4271844660194173,9.70873786407767,0.0,2.4271844660194173,2.4271844660194173
P13-1069,0.0,0.0,77.09750566893423,0.0,0.0,6.802721088435374,0.0,4.535147392290249,13.605442176870747,4.535147392290249,0.0,0.0,11.337868480725623,38.548752834467116,2.2675736961451247,285.7142857142857,22.675736961451246,0.0,29.478458049886623,2.2675736961451247,6.802721088435374,0.0,2.2675736961451247,6.802721088435374,0.0,0.0,0.0,4.535147392290249,4.535147392290249,0.0,0.0,0.0,0.0,2.2675736961451247,2.2675736961451247,2.2675736961451247,0.0,4.535147392290249,122.44897959183673,88.43537414965986,6.802721088435374,49.88662131519275,0.5508274231678487,5.1867612293144205,9.070294784580499,0.0,0.0,0.0,2.2675736961451247,0.0,4.535147392290249,9.070294784580499,2.2675736961451247,4.535147392290249,0.0,22.675736961451246,0.0,2.2675736961451247,0.0,0.0,0.0,0.0,4.535147392290249,4.535147392290249,4.535147392290249,4.535147392290249,4.535147392290249
N18-1082,0.0,4.901960784313726,71.07843137254902,0.0,2.450980392156863,14.705882352941176,0.0,12.254901960784313,4.901960784313726,4.901960784313726,0.0,0.0,2.450980392156863,107.84313725490196,22.058823529411764,227.94117647058823,7.352941176470588,0.0,24.509803921568626,0.0,7.352941176470588,0.0,0.0,7.352941176470588,0.0,0.0,2.450980392156863,7.352941176470588,0.0,0.0,0.0,0.0,0.0,2.450980392156863,2.450980392156863,0.0,0.0,7.352941176470588,115.19607843137254,102.94117647058823,4.901960784313726,51.470588235294116,0.5653266331658291,5.99748743718593,12.254901960784313,4.901960784313726,0.0,7.352941176470588,2.450980392156863,0.0,4.901960784313726,2.450980392156863,2.450980392156863,0.0,2.450980392156863,9.803921568627452,4.901960784313726,0.0,0.0,0.0,0.0,0.0,0.0,14.705882352941176,2.450980392156863,4.901960784313726,2.450980392156863
P15-1161,0.0,4.926108374384237,56.65024630541872,0.0,0.0,4.926108374384237,0.0,4.926108374384237,0.0,0.0,0.0,0.0,24.630541871921185,49.26108374384237,7.389162561576354,317.73399014778323,9.852216748768473,0.0,9.852216748768473,0.0,2.4630541871921183,0.0,0.0,24.630541871921185,0.0,0.0,4.926108374384237,2.4630541871921183,7.389162561576354,0.0,0.0,0.0,0.0,0.0,0.0,0.0,0.0,2.4630541871921183,140.39408866995075,96.0591133004926,0.0,29.556650246305416,0.5603015075376885,5.723618090452261,9.852216748768473,0.0,0.0,0.0,2.4630541871921183,0.0,14.778325123152708,9.852216748768473,0.0,0.0,2.4630541871921183,2.4630541871921183,2.4630541871921183,0.0,0.0,0.0,0.0,0.0,2.4630541871921183,12.315270935960593,4.926108374384237,2.4630541871921183,0.0
D18-1391,4.796163069544364,4.796163069544364,55.15587529976019,0.0,2.398081534772182,4.796163069544364,0.0,9.592326139088728,16.786570743405274,0.0,0.0,0.0,7.194244604316547,62.35011990407674,0.0,311.7505995203837,2.398081534772182,0.0,16.786570743405274,2.398081534772182,2.398081534772182,0.0,0.0,9.592326139088728,0.0,0.0,4.796163069544364,0.0,4.796163069544364,0.0,0.0,0.0,0.0,0.0,0.0,0.0,0.0,4.796163069544364,115.10791366906476,64.74820143884892,2.398081534772182,38.36930455635491,0.542997542997543,5.348894348894349,9.592326139088728,2.398081534772182,0.0,0.0,7.194244604316547,0.0,2.398081534772182,4.796163069544364,0.0,0.0,4.796163069544364,9.592326139088728,4.796163069544364,0.0,0.0,0.0,0.0,0.0,2.398081534772182,16.786570743405274,4.796163069544364,2.398081534772182,0.0
N16-1121,0.0,2.4213075060532687,38.7409200968523,0.0,2.4213075060532687,9.685230024213075,0.0,0.0,7.263922518159807,0.0,0.0,0.0,16.949152542372882,38.7409200968523,2.4213075060532687,312.34866828087166,14.527845036319613,0.0,4.842615012106537,0.0,0.0,0.0,0.0,24.213075060532688,4.842615012106537,0.0,2.4213075060532687,2.4213075060532687,4.842615012106537,0.0,0.0,0.0,4.842615012106537,4.842615012106537,0.0,0.0,0.0,0.0,125.90799031476999,89.58837772397095,0.0,53.26876513317191,0.5392405063291139,5.336708860759494,4.842615012106537,4.842615012106537,0.0,4.842615012106537,0.0,0.0,7.263922518159807,12.106537530266344,0.0,0.0,0.0,9.685230024213075,4.842615012106537,0.0,0.0,0.0,0.0,0.0,2.4213075060532687,7.263922518159807,0.0,0.0,2.4213075060532687
P16-1090,0.0,2.4691358024691357,86.41975308641975,0.0,0.0,41.97530864197531,0.0,0.0,7.407407407407407,0.0,2.4691358024691357,0.0,19.753086419753085,19.753086419753085,12.345679012345679,311.11111111111114,7.407407407407407,2.4691358024691357,29.62962962962963,0.0,0.0,0.0,0.0,12.345679012345679,0.0,0.0,0.0,2.4691358024691357,9.876543209876543,0.0,0.0,0.0,2.4691358024691357,0.0,0.0,0.0,9.876543209876543,7.407407407407407,76.54320987654322,64.19753086419753,7.407407407407407,61.72839506172839,0.520618556701031,4.724226804123711,14.814814814814815,2.4691358024691357,0.0,0.0,2.4691358024691357,0.0,12.345679012345679,9.876543209876543,4.938271604938271,0.0,9.876543209876543,27.160493827160494,4.938271604938271,0.0,7.407407407407407,0.0,4.938271604938271,0.0,0.0,2.4691358024691357,4.938271604938271,0.0,12.345679012345679
C14-1120,7.263922518159807,9.685230024213075,82.32445520581113,0.0,2.4213075060532687,2.4213075060532687,0.0,2.4213075060532687,2.4213075060532687,2.4213075060532687,0.0,0.0,9.685230024213075,19.37046004842615,19.37046004842615,288.135593220339,29.055690072639226,4.842615012106537,24.213075060532688,2.4213075060532687,0.0,0.0,0.0,12.106537530266344,0.0,0.0,9.685230024213075,2.4213075060532687,2.4213075060532687,0.0,0.0,0.0,0.0,2.4213075060532687,0.0,0.0,2.4213075060532687,4.842615012106537,87.16707021791767,94.43099273607749,7.263922518159807,31.476997578692497,0.5063291139240507,5.5240506329113925,2.4213075060532687,0.0,0.0,0.0,2.4213075060532687,0.0,7.263922518159807,4.842615012106537,0.0,0.0,4.842615012106537,4.842615012106537,4.842615012106537,0.0,0.0,0.0,0.0,0.0,7.263922518159807,38.7409200968523,7.263922518159807,4.842615012106537,9.685230024213075
N10-1084,0.0,0.0,66.01466992665037,0.0,0.0,4.88997555012225,0.0,0.0,4.88997555012225,0.0,0.0,0.0,14.669926650366747,34.229828850855746,4.88997555012225,259.1687041564792,24.44987775061125,0.0,46.45476772616137,2.444987775061125,0.0,2.444987775061125,0.0,22.004889975550125,2.444987775061125,0.0,0.0,0.0,0.0,0.0,7.334963325183374,0.0,7.334963325183374,0.0,0.0,0.0,0.0,7.334963325183374,139.3643031784841,63.56968215158924,24.44987775061125,31.78484107579462,0.4538653366583541,5.082294264339152,12.224938875305625,0.0,0.0,2.444987775061125,4.88997555012225,0.0,2.444987775061125,12.224938875305625,0.0,0.0,0.0,9.7799511002445,0.0,0.0,0.0,0.0,0.0,0.0,0.0,7.334963325183374,2.444987775061125,0.0,4.88997555012225
C16-1052,2.3809523809523814,7.142857142857142,80.95238095238096,2.3809523809523814,0.0,2.3809523809523814,0.0,7.142857142857142,4.761904761904763,0.0,0.0,2.3809523809523814,9.523809523809526,42.857142857142854,7.142857142857142,304.7619047619048,14.285714285714285,0.0,19.04761904761905,0.0,0.0,0.0,0.0,11.904761904761903,0.0,0.0,0.0,4.761904761904763,4.761904761904763,0.0,0.0,0.0,0.0,4.761904761904763,2.3809523809523814,2.3809523809523814,2.3809523809523814,4.761904761904763,116.66666666666667,114.28571428571428,7.142857142857142,47.61904761904761,0.5682926829268292,5.54390243902439,4.761904761904763,0.0,0.0,4.761904761904763,2.3809523809523814,0.0,2.3809523809523814,4.761904761904763,2.3809523809523814,0.0,0.0,7.142857142857142,2.3809523809523814,0.0,0.0,0.0,0.0,0.0,2.3809523809523814,14.285714285714285,4.761904761904763,0.0,4.761904761904763
P14-1015,9.70873786407767,9.70873786407767,55.8252427184466,2.4271844660194173,2.4271844660194173,2.4271844660194173,0.0,2.4271844660194173,4.854368932038835,4.854368932038835,0.0,0.0,14.563106796116505,33.980582524271846,2.4271844660194173,322.81553398058253,9.70873786407767,0.0,31.553398058252426,2.4271844660194173,2.4271844660194173,0.0,0.0,16.990291262135923,0.0,0.0,2.4271844660194173,7.281553398058253,9.70873786407767,0.0,0.0,0.0,0.0,0.0,0.0,2.4271844660194173,0.0,9.70873786407767,128.64077669902912,87.37864077669903,4.854368932038835,48.543689320388346,0.5188916876574308,5.397984886649874,7.281553398058253,2.4271844660194173,0.0,4.854368932038835,14.563106796116505,2.4271844660194173,2.4271844660194173,0.0,0.0,0.0,2.4271844660194173,16.990291262135923,2.4271844660194173,0.0,0.0,0.0,0.0,0.0,2.4271844660194173,2.4271844660194173,0.0,0.0,4.854368932038835
P14-1086,2.3809523809523814,9.523809523809526,64.28571428571428,0.0,0.0,14.285714285714285,0.0,4.761904761904763,0.0,2.3809523809523814,0.0,0.0,11.904761904761903,33.333333333333336,7.142857142857142,309.5238095238095,11.904761904761903,0.0,9.523809523809526,0.0,2.3809523809523814,0.0,0.0,11.904761904761903,0.0,0.0,7.142857142857142,0.0,7.142857142857142,0.0,2.3809523809523814,0.0,0.0,0.0,0.0,0.0,0.0,7.142857142857142,147.61904761904762,71.42857142857143,2.3809523809523814,33.333333333333336,0.4855072463768116,5.082125603864735,4.761904761904763,0.0,0.0,0.0,7.142857142857142,0.0,9.523809523809526,2.3809523809523814,0.0,0.0,11.904761904761903,11.904761904761903,2.3809523809523814,0.0,0.0,0.0,0.0,0.0,4.761904761904763,4.761904761904763,2.3809523809523814,0.0,4.761904761904763
D11-1009,4.796163069544364,11.990407673860911,52.75779376498801,0.0,0.0,4.796163069544364,0.0,0.0,0.0,2.398081534772182,0.0,0.0,23.980815347721823,50.35971223021583,4.796163069544364,335.73141486810556,21.58273381294964,7.194244604316547,14.388489208633095,2.398081534772182,0.0,0.0,0.0,16.786570743405274,0.0,0.0,4.796163069544364,2.398081534772182,7.194244604316547,0.0,0.0,0.0,0.0,9.592326139088728,0.0,2.398081534772182,0.0,4.796163069544364,98.32134292565947,86.33093525179856,0.0,38.36930455635491,0.49370277078085645,5.3727959697733,7.194244604316547,0.0,0.0,0.0,4.796163069544364,0.0,7.194244604316547,11.990407673860911,0.0,0.0,2.398081534772182,2.398081534772182,7.194244604316547,0.0,0.0,0.0,0.0,0.0,2.398081534772182,0.0,0.0,0.0,7.194244604316547
D16-1055,4.88997555012225,4.88997555012225,46.45476772616137,0.0,2.444987775061125,9.7799511002445,0.0,2.444987775061125,12.224938875305625,4.88997555012225,0.0,2.444987775061125,22.004889975550125,66.01466992665037,4.88997555012225,288.5085574572127,9.7799511002445,0.0,19.559902200489,0.0,2.444987775061125,0.0,0.0,19.559902200489,0.0,0.0,0.0,0.0,7.334963325183374,0.0,0.0,0.0,0.0,4.88997555012225,0.0,0.0,0.0,4.88997555012225,122.24938875305622,53.78973105134474,4.88997555012225,41.56479217603912,0.565989847715736,5.053299492385787,17.114914425427873,0.0,0.0,0.0,9.7799511002445,0.0,7.334963325183374,14.669926650366747,2.444987775061125,0.0,0.0,24.44987775061125,2.444987775061125,0.0,0.0,0.0,0.0,0.0,0.0,14.669926650366747,0.0,0.0,0.0
D18-1274,0.0,4.672897196261682,37.38317757009346,4.672897196261682,0.0,7.009345794392523,0.0,2.336448598130841,0.0,9.345794392523365,0.0,0.0,11.682242990654204,44.39252336448598,7.009345794392523,362.14953271028037,18.69158878504673,0.0,11.682242990654204,2.336448598130841,0.0,0.0,0.0,23.36448598130841,0.0,0.0,0.0,0.0,2.336448598130841,0.0,0.0,0.0,0.0,0.0,0.0,0.0,2.336448598130841,9.345794392523365,105.14018691588785,58.41121495327103,2.336448598130841,39.719626168224295,0.5036674816625917,5.254278728606357,9.345794392523365,0.0,0.0,2.336448598130841,2.336448598130841,0.0,4.672897196261682,16.355140186915886,0.0,0.0,4.672897196261682,11.682242990654204,9.345794392523365,0.0,0.0,0.0,0.0,0.0,9.345794392523365,9.345794392523365,0.0,2.336448598130841,2.336448598130841
D18-1281,4.854368932038835,2.4271844660194173,50.970873786407765,0.0,2.4271844660194173,7.281553398058253,0.0,9.70873786407767,14.563106796116505,2.4271844660194173,0.0,0.0,9.70873786407767,33.980582524271846,2.4271844660194173,388.34951456310677,19.41747572815534,0.0,19.41747572815534,0.0,2.4271844660194173,0.0,0.0,9.70873786407767,0.0,0.0,2.4271844660194173,0.0,0.0,0.0,0.0,0.0,0.0,2.4271844660194173,0.0,2.4271844660194173,0.0,9.70873786407767,116.50485436893204,67.96116504854369,7.281553398058253,46.116504854368934,0.5012722646310432,5.073791348600509,9.70873786407767,2.4271844660194173,0.0,0.0,4.854368932038835,0.0,2.4271844660194173,9.70873786407767,0.0,0.0,4.854368932038835,14.563106796116505,2.4271844660194173,0.0,0.0,0.0,0.0,0.0,2.4271844660194173,2.4271844660194173,2.4271844660194173,0.0,7.281553398058253
D17-1269,2.398081534772182,4.796163069544364,79.13669064748201,2.398081534772182,0.0,23.980815347721823,0.0,2.398081534772182,2.398081534772182,4.796163069544364,0.0,0.0,7.194244604316547,21.58273381294964,2.398081534772182,270.9832134292566,7.194244604316547,0.0,23.980815347721823,4.796163069544364,7.194244604316547,0.0,0.0,19.184652278177456,2.398081534772182,0.0,2.398081534772182,0.0,2.398081534772182,0.0,0.0,0.0,0.0,2.398081534772182,2.398081534772182,2.398081534772182,4.796163069544364,0.0,117.50599520383693,100.71942446043165,4.796163069544364,35.97122302158273,0.5632754342431762,5.034739454094293,2.398081534772182,4.796163069544364,0.0,0.0,9.592326139088728,0.0,9.592326139088728,7.194244604316547,0.0,0.0,4.796163069544364,21.58273381294964,7.194244604316547,0.0,0.0,0.0,0.0,0.0,4.796163069544364,7.194244604316547,9.592326139088728,4.796163069544364,0.0
C16-1292,0.0,7.317073170731708,51.21951219512195,0.0,0.0,9.75609756097561,0.0,2.4390243902439024,2.4390243902439024,2.4390243902439024,0.0,0.0,12.195121951219512,53.65853658536585,0.0,290.2439024390244,14.634146341463415,0.0,14.634146341463415,0.0,2.4390243902439024,0.0,0.0,24.390243902439025,4.878048780487805,0.0,0.0,0.0,7.317073170731708,0.0,0.0,0.0,0.0,0.0,0.0,2.4390243902439024,0.0,12.195121951219512,121.95121951219512,85.3658536585366,7.317073170731708,36.58536585365854,0.56,5.2775,7.317073170731708,4.878048780487805,0.0,2.4390243902439024,2.4390243902439024,0.0,14.634146341463415,7.317073170731708,0.0,0.0,7.317073170731708,7.317073170731708,4.878048780487805,0.0,0.0,0.0,0.0,0.0,4.878048780487805,14.634146341463415,2.4390243902439024,0.0,4.878048780487805
P14-1101,0.0,2.493765586034913,52.36907730673317,0.0,0.0,12.468827930174564,0.0,12.468827930174564,0.0,0.0,0.0,2.493765586034913,9.975062344139651,52.36907730673317,14.962593516209475,341.645885286783,7.481296758104738,0.0,7.481296758104738,0.0,7.481296758104738,0.0,0.0,14.962593516209475,0.0,0.0,2.493765586034913,0.0,0.0,0.0,0.0,0.0,7.481296758104738,0.0,0.0,0.0,0.0,2.493765586034913,129.67581047381546,87.28179551122194,7.481296758104738,24.93765586034913,0.5159574468085106,5.191489361702128,7.481296758104738,0.0,0.0,0.0,2.493765586034913,0.0,7.481296758104738,4.987531172069826,0.0,0.0,0.0,29.92518703241895,0.0,2.493765586034913,2.493765586034913,0.0,0.0,0.0,2.493765586034913,7.481296758104738,2.493765586034913,0.0,4.987531172069826
P16-1224,0.0,4.830917874396135,41.06280193236715,0.0,2.4154589371980677,2.4154589371980677,0.0,4.830917874396135,2.4154589371980677,2.4154589371980677,0.0,0.0,2.4154589371980677,65.21739130434783,16.908212560386474,340.57971014492756,4.830917874396135,4.830917874396135,4.830917874396135,2.4154589371980677,2.4154589371980677,0.0,0.0,12.077294685990339,0.0,0.0,2.4154589371980677,0.0,0.0,0.0,0.0,0.0,0.0,0.0,0.0,0.0,0.0,2.4154589371980677,101.44927536231884,82.1256038647343,0.0,55.55555555555555,0.4775,5.395,14.492753623188406,9.66183574879227,0.0,2.4154589371980677,0.0,0.0,2.4154589371980677,4.830917874396135,0.0,0.0,0.0,9.66183574879227,7.246376811594203,0.0,0.0,0.0,0.0,0.0,4.830917874396135,16.908212560386474,0.0,0.0,2.4154589371980677
D15-1086,2.3809523809523814,0.0,57.14285714285714,0.0,0.0,16.666666666666668,0.0,7.142857142857142,0.0,2.3809523809523814,0.0,0.0,11.904761904761903,61.904761904761905,0.0,316.66666666666663,9.523809523809526,4.761904761904763,16.666666666666668,2.3809523809523814,2.3809523809523814,0.0,0.0,23.809523809523807,0.0,0.0,7.142857142857142,0.0,0.0,0.0,2.3809523809523814,0.0,0.0,7.142857142857142,0.0,0.0,4.761904761904763,2.3809523809523814,114.28571428571428,59.52380952380952,2.3809523809523814,47.61904761904761,0.547911547911548,4.99017199017199,9.523809523809526,2.3809523809523814,0.0,0.0,2.3809523809523814,0.0,7.142857142857142,4.761904761904763,2.3809523809523814,0.0,0.0,21.428571428571427,9.523809523809526,0.0,0.0,0.0,0.0,4.761904761904763,7.142857142857142,7.142857142857142,0.0,0.0,7.142857142857142
P15-1069,0.0,0.0,36.76470588235294,0.0,0.0,4.901960784313726,0.0,0.0,0.0,2.450980392156863,0.0,0.0,12.254901960784313,34.313725490196084,0.0,306.37254901960785,12.254901960784313,2.450980392156863,12.254901960784313,0.0,0.0,0.0,0.0,22.058823529411764,4.901960784313726,0.0,19.607843137254903,0.0,0.0,0.0,0.0,0.0,2.450980392156863,2.450980392156863,0.0,0.0,0.0,4.901960784313726,112.74509803921569,95.58823529411764,4.901960784313726,58.8235294117647,0.5228426395939086,5.66243654822335,22.058823529411764,9.803921568627452,0.0,7.352941176470588,4.901960784313726,0.0,12.254901960784313,14.705882352941176,0.0,0.0,0.0,4.901960784313726,2.450980392156863,2.450980392156863,0.0,0.0,0.0,2.450980392156863,7.352941176470588,17.156862745098042,0.0,0.0,4.901960784313726
D11-1061,2.3866348448687353,7.159904534606206,45.346062052505964,2.3866348448687353,2.3866348448687353,2.3866348448687353,0.0,4.773269689737471,0.0,0.0,0.0,0.0,14.319809069212411,33.41288782816229,0.0,379.47494033412886,7.159904534606206,0.0,11.933174224343675,0.0,2.3866348448687353,0.0,0.0,4.773269689737471,0.0,0.0,9.546539379474941,0.0,7.159904534606206,0.0,0.0,0.0,0.0,0.0,0.0,0.0,0.0,0.0,112.17183770883055,97.85202863961814,2.3866348448687353,52.50596658711217,0.535,5.1,9.546539379474941,0.0,0.0,4.773269689737471,11.933174224343675,0.0,4.773269689737471,0.0,7.159904534606206,0.0,4.773269689737471,4.773269689737471,0.0,0.0,0.0,0.0,0.0,0.0,2.3866348448687353,19.093078758949883,0.0,0.0,2.3866348448687353
D17-1207,0.0,0.0,59.52380952380952,4.761904761904763,0.0,16.666666666666668,0.0,2.3809523809523814,7.142857142857142,2.3809523809523814,2.3809523809523814,0.0,7.142857142857142,66.66666666666667,9.523809523809526,254.76190476190476,9.523809523809526,4.761904761904763,9.523809523809526,4.761904761904763,4.761904761904763,0.0,0.0,19.04761904761905,0.0,0.0,0.0,0.0,4.761904761904763,0.0,0.0,0.0,2.3809523809523814,0.0,0.0,0.0,0.0,9.523809523809526,104.76190476190476,85.71428571428571,4.761904761904763,54.76190476190476,0.5307125307125307,5.6683046683046685,14.285714285714285,4.761904761904763,0.0,2.3809523809523814,4.761904761904763,0.0,11.904761904761903,9.523809523809526,2.3809523809523814,4.761904761904763,0.0,14.285714285714285,9.523809523809526,2.3809523809523814,0.0,0.0,0.0,2.3809523809523814,2.3809523809523814,4.761904761904763,2.3809523809523814,2.3809523809523814,0.0
D11-1069,2.4154589371980677,4.830917874396135,62.80193236714976,0.0,0.0,9.66183574879227,0.0,7.246376811594203,2.4154589371980677,0.0,7.246376811594203,0.0,14.492753623188406,50.72463768115942,0.0,309.17874396135267,7.246376811594203,0.0,24.154589371980677,2.4154589371980677,0.0,0.0,0.0,14.492753623188406,2.4154589371980677,0.0,0.0,4.830917874396135,7.246376811594203,0.0,2.4154589371980677,0.0,0.0,0.0,2.4154589371980677,0.0,0.0,4.830917874396135,106.28019323671498,70.04830917874396,9.66183574879227,45.893719806763286,0.5558312655086849,5.379652605459057,9.66183574879227,2.4154589371980677,0.0,0.0,9.66183574879227,0.0,7.246376811594203,7.246376811594203,0.0,2.4154589371980677,7.246376811594203,0.0,4.830917874396135,2.4154589371980677,0.0,0.0,0.0,0.0,7.246376811594203,12.077294685990339,7.246376811594203,0.0,2.4154589371980677
D15-1034,2.375296912114014,7.125890736342043,57.00712589073635,0.0,2.375296912114014,11.876484560570072,0.0,4.750593824228028,9.501187648456057,0.0,0.0,0.0,11.876484560570072,71.25890736342043,9.501187648456057,308.78859857482183,19.002375296912113,0.0,7.125890736342043,2.375296912114014,2.375296912114014,0.0,0.0,19.002375296912113,0.0,0.0,7.125890736342043,7.125890736342043,4.750593824228028,0.0,0.0,0.0,2.375296912114014,2.375296912114014,0.0,0.0,0.0,9.501187648456057,152.0190023752969,61.75771971496437,2.375296912114014,19.002375296912113,0.5412621359223301,5.415048543689321,11.876484560570072,0.0,2.375296912114014,2.375296912114014,0.0,0.0,14.251781472684087,2.375296912114014,2.375296912114014,0.0,4.750593824228028,19.002375296912113,9.501187648456057,0.0,0.0,0.0,0.0,0.0,2.375296912114014,11.876484560570072,0.0,0.0,2.375296912114014
P15-1144,0.0,7.02576112412178,49.18032786885246,0.0,2.34192037470726,16.393442622950822,0.0,4.68384074941452,0.0,0.0,2.34192037470726,0.0,16.393442622950822,60.88992974238876,9.36768149882904,379.39110070257607,14.05152224824356,0.0,9.36768149882904,0.0,0.0,0.0,0.0,11.7096018735363,2.34192037470726,0.0,2.34192037470726,0.0,7.02576112412178,0.0,0.0,0.0,0.0,4.68384074941452,0.0,2.34192037470726,0.0,0.0,117.096018735363,88.99297423887587,7.02576112412178,35.128805620608894,0.5558375634517766,5.49238578680203,0.0,0.0,0.0,0.0,7.02576112412178,0.0,2.34192037470726,4.68384074941452,0.0,0.0,0.0,9.36768149882904,2.34192037470726,2.34192037470726,0.0,0.0,0.0,0.0,0.0,4.68384074941452,4.68384074941452,0.0,4.68384074941452
C18-1167,0.0,2.4390243902439024,51.21951219512195,2.4390243902439024,0.0,2.4390243902439024,0.0,0.0,7.317073170731708,2.4390243902439024,0.0,0.0,17.073170731707318,21.95121951219512,9.75609756097561,319.5121951219512,17.073170731707318,0.0,14.634146341463415,0.0,0.0,2.4390243902439024,0.0,14.634146341463415,0.0,0.0,7.317073170731708,2.4390243902439024,0.0,0.0,14.634146341463415,0.0,0.0,0.0,0.0,0.0,0.0,4.878048780487805,148.78048780487805,73.17073170731707,7.317073170731708,46.34146341463415,0.5665024630541872,5.433497536945813,4.878048780487805,0.0,0.0,2.4390243902439024,2.4390243902439024,0.0,17.073170731707318,4.878048780487805,2.4390243902439024,4.878048780487805,4.878048780487805,9.75609756097561,2.4390243902439024,0.0,0.0,0.0,0.0,2.4390243902439024,4.878048780487805,26.829268292682926,0.0,0.0,7.317073170731708
P18-1181,4.7281323877068555,0.0,61.46572104018912,2.3640661938534278,0.0,26.004728132387708,4.7281323877068555,0.0,2.3640661938534278,4.7281323877068555,0.0,0.0,7.092198581560283,28.368794326241133,4.7281323877068555,375.88652482269504,4.7281323877068555,0.0,16.548463356973993,2.3640661938534278,4.7281323877068555,2.3640661938534278,0.0,4.7281323877068555,2.3640661938534278,0.0,9.456264775413711,0.0,4.7281323877068555,0.0,0.0,0.0,0.0,0.0,0.0,0.0,0.0,4.7281323877068555,111.1111111111111,70.92198581560284,2.3640661938534278,33.09692671394799,0.5447761194029851,4.955223880597015,7.092198581560283,4.7281323877068555,0.0,4.7281323877068555,9.456264775413711,0.0,9.456264775413711,2.3640661938534278,2.3640661938534278,2.3640661938534278,4.7281323877068555,7.092198581560283,7.092198581560283,0.0,0.0,0.0,0.0,0.0,0.0,16.548463356973993,11.82033096926714,0.0,0.0
N12-1006,0.0,7.211538461538462,74.51923076923077,0.0,0.0,12.01923076923077,0.0,4.807692307692308,9.615384615384617,0.0,0.0,2.403846153846154,26.442307692307693,33.65384615384615,7.211538461538462,271.63461538461536,16.826923076923077,0.0,14.423076923076923,0.0,4.807692307692308,0.0,0.0,7.211538461538462,0.0,0.0,2.403846153846154,2.403846153846154,2.403846153846154,0.0,0.0,0.0,2.403846153846154,12.01923076923077,0.0,0.0,2.403846153846154,2.403846153846154,139.42307692307693,91.34615384615384,0.0,67.3076923076923,0.5541871921182266,5.391625615763547,2.403846153846154,2.403846153846154,0.0,0.0,4.807692307692308,0.0,12.01923076923077,0.0,0.0,0.0,4.807692307692308,12.01923076923077,2.403846153846154,0.0,0.0,0.0,0.0,0.0,2.403846153846154,2.403846153846154,4.807692307692308,0.0,0.0
P14-1030,9.876543209876543,12.345679012345679,74.07407407407408,0.0,0.0,12.345679012345679,0.0,12.345679012345679,7.407407407407407,0.0,0.0,0.0,9.876543209876543,79.01234567901234,2.4691358024691357,353.08641975308643,7.407407407407407,2.4691358024691357,41.97530864197531,4.938271604938271,2.4691358024691357,2.4691358024691357,0.0,14.814814814814815,0.0,0.0,0.0,0.0,0.0,0.0,2.4691358024691357,0.0,4.938271604938271,2.4691358024691357,0.0,2.4691358024691357,4.938271604938271,2.4691358024691357,86.41975308641975,54.32098765432099,4.938271604938271,61.72839506172839,0.49104859335038364,5.542199488491049,12.345679012345679,4.938271604938271,2.4691358024691357,2.4691358024691357,4.938271604938271,0.0,14.814814814814815,4.938271604938271,0.0,2.4691358024691357,0.0,19.753086419753085,2.4691358024691357,0.0,0.0,0.0,0.0,0.0,4.938271604938271,7.407407407407407,4.938271604938271,0.0,0.0
D17-1322,4.773269689737471,7.159904534606206,59.665871121718375,2.3866348448687353,0.0,0.0,0.0,2.3866348448687353,4.773269689737471,2.3866348448687353,0.0,0.0,4.773269689737471,9.546539379474941,0.0,350.83532219570407,4.773269689737471,4.773269689737471,31.026252983293556,2.3866348448687353,9.546539379474941,0.0,0.0,14.319809069212411,2.3866348448687353,0.0,4.773269689737471,2.3866348448687353,2.3866348448687353,0.0,2.3866348448687353,0.0,0.0,0.0,0.0,0.0,0.0,0.0,114.55847255369929,97.85202863961814,4.773269689737471,54.89260143198091,0.48258706467661694,5.318407960199005,14.319809069212411,0.0,0.0,0.0,7.159904534606206,2.3866348448687353,4.773269689737471,2.3866348448687353,0.0,0.0,2.3866348448687353,14.319809069212411,2.3866348448687353,0.0,0.0,0.0,0.0,2.3866348448687353,9.546539379474941,11.933174224343675,7.159904534606206,0.0,0.0
N16-1027,2.2123893805309733,4.424778761061947,55.309734513274336,2.2123893805309733,2.2123893805309733,17.699115044247787,0.0,0.0,0.0,2.2123893805309733,0.0,0.0,15.486725663716815,30.97345132743363,26.548672566371682,327.43362831858406,4.424778761061947,0.0,13.274336283185841,0.0,8.849557522123893,0.0,0.0,4.424778761061947,6.6371681415929205,0.0,2.2123893805309733,0.0,8.849557522123893,0.0,0.0,0.0,0.0,4.424778761061947,2.2123893805309733,0.0,0.0,0.0,137.16814159292034,86.28318584070796,4.424778761061947,35.39823008849557,0.5011389521640092,5.220956719817767,8.849557522123893,2.2123893805309733,0.0,2.2123893805309733,0.0,0.0,8.849557522123893,4.424778761061947,0.0,0.0,4.424778761061947,8.849557522123893,4.424778761061947,0.0,0.0,0.0,2.2123893805309733,0.0,4.424778761061947,15.486725663716815,2.2123893805309733,0.0,4.424778761061947
C18-1125,0.0,2.4154589371980677,50.72463768115942,0.0,7.246376811594203,2.4154589371980677,0.0,7.246376811594203,9.66183574879227,2.4154589371980677,0.0,0.0,2.4154589371980677,28.985507246376812,9.66183574879227,379.22705314009664,9.66183574879227,2.4154589371980677,19.32367149758454,2.4154589371980677,0.0,0.0,0.0,24.154589371980677,0.0,0.0,4.830917874396135,2.4154589371980677,0.0,0.0,0.0,0.0,0.0,0.0,0.0,0.0,0.0,7.246376811594203,94.20289855072464,55.55555555555555,4.830917874396135,48.309178743961354,0.5806451612903226,5.300248138957817,7.246376811594203,0.0,0.0,0.0,7.246376811594203,0.0,7.246376811594203,4.830917874396135,0.0,0.0,2.4154589371980677,2.4154589371980677,4.830917874396135,0.0,0.0,0.0,0.0,0.0,2.4154589371980677,4.830917874396135,2.4154589371980677,2.4154589371980677,2.4154589371980677
D15-1099,0.0,2.4271844660194173,53.398058252427184,0.0,9.70873786407767,7.281553398058253,0.0,4.854368932038835,4.854368932038835,0.0,0.0,0.0,12.135922330097086,41.2621359223301,4.854368932038835,354.36893203883494,9.70873786407767,0.0,12.135922330097086,2.4271844660194173,2.4271844660194173,0.0,0.0,2.4271844660194173,0.0,0.0,4.854368932038835,2.4271844660194173,0.0,0.0,0.0,0.0,0.0,2.4271844660194173,0.0,0.0,0.0,0.0,109.22330097087378,72.81553398058252,4.854368932038835,41.2621359223301,0.40253164556962023,5.265822784810126,4.854368932038835,12.135922330097086,0.0,0.0,2.4271844660194173,0.0,7.281553398058253,12.135922330097086,0.0,0.0,0.0,9.70873786407767,7.281553398058253,0.0,4.854368932038835,0.0,0.0,0.0,0.0,7.281553398058253,4.854368932038835,0.0,4.854368932038835
