doc_id,f_01_past_tense,f_02_perfect_aspect,f_03_present_tense,f_04_place_adverbials,f_05_time_adverbials,f_06_first_person_pronouns,f_07_second_person_pronouns,f_08_third_person_pronouns,f_09_pronoun_it,f_10_demonstrative_pronoun,f_11_indefinite_pronouns,f_12_proverb_do,f_13_wh_question,f_14_nominalizations,f_15_gerunds,f_16_other_nouns,f_17_agentless_passives,f_18_by_passives,f_19_be_main_verb,f_20_existential_there,f_21_that_verb_comp,f_22_that_adj_comp,f_23_wh_clause,f_24_infinitives,f_25_present_participle,f_26_past_participle,f_27_past_participle_whiz,f_28_present_participle_whiz,f_29_that_subj,f_30_that_obj,f_31_wh_subj,f_32_wh_obj,f_33_pied_piping,f_34_sentence_relatives,f_35_because,f_36_though,f_37_if,f_38_other_adv_sub,f_39_prepositions,f_40_adj_attr,f_41_adj_pred,f_42_adverbs,f_43_type_token,f_44_mean_word_length,f_45_conjuncts,f_46_downtoners,f_47_hedges,f_48_amplifiers,f_49_emphatics,f_50_discourse_particles,f_51_demonstratives,f_52_modal_possibility,f_53_modal_necessity,f_54_modal_predictive,f_55_verb_public,f_56_verb_private,f_57_verb_suasive,f_58_verb_seem,f_59_contractions,f_60_that_deletion,f_61_stranded_preposition,f_62_split_infinitive,f_63_split_auxiliary,f_64_phrasal_coordination,f_65_clausal_coordination,f_66_neg_synthetic,f_67_neg_analytic
100555,98.0392156862745,7.352941176470588,29.41176470588235,9.803921568627452,7.352941176470588,100.49019607843138,12.254901960784313,4.901960784313726,19.607843137254903,4.901960784313726,0.0,2.450980392156863,26.96078431372549,22.058823529411764,7.352941176470588,159.31372549019608,2.450980392156863,0.0,31.862745098039213,0.0,0.0,2.450980392156863,2.450980392156863,22.058823529411764,9.803921568627452,2.450980392156863,0.0,0.0,4.901960784313726,0.0,0.0,0.0,0.0,0.0,0.0,0.0,4.901960784313726,14.705882352941176,83.33333333333333,56.372549019607845,9.803921568627452,63.725490196078425,0.595,4.4375,0.0,2.450980392156863,0.0,2.450980392156863,12.254901960784313,0.0,12.254901960784313,4.901960784313726,2.450980392156863,4.901960784313726,4.901960784313726,29.41176470588235,7.352941176470588,2.450980392156863,17.156862745098042,0.0,0.0,0.0,2.450980392156863,7.352941176470588,4.901960784313726,2.450980392156863,4.901960784313726
10073,68.07511737089202,9.389671361502348,18.779342723004696,7.042253521126761,0.0,35.21126760563381,2.347417840375587,28.169014084507044,21.12676056338028,7.042253521126761,2.347417840375587,0.0,7.042253521126761,23.474178403755868,2.347417840375587,232.3943661971831,2.347417840375587,0.0,35.21126760563381,2.347417840375587,7.042253521126761,0.0,0.0,11.737089201877934,2.347417840375587,0.0,2.347417840375587,2.347417840375587,4.694835680751174,0.0,0.0,0.0,0.0,2.347417840375587,0.0,0.0,4.694835680751174,9.389671361502348,119.71830985915493,53.990610328638496,4.694835680751174,65.72769953051643,0.565947242206235,4.73621103117506,0.0,2.347417840375587,0.0,2.347417840375587,11.737089201877934,0.0,0.0,11.737089201877934,0.0,2.347417840375587,7.042253521126761,28.169014084507044,0.0,2.347417840375587,18.779342723004696,0.0,0.0,0.0,0.0,11.737089201877934,11.737089201877934,0.0,16.431924882629108
101128,64.43914081145586,7.159904534606206,21.479713603818613,2.3866348448687353,4.773269689737471,16.706443914081145,23.86634844868735,19.093078758949883,2.3866348448687353,2.3866348448687353,0.0,0.0,7.159904534606206,21.479713603818613,2.3866348448687353,255.36992840095462,11.933174224343675,0.0,23.86634844868735,7.159904534606206,0.0,0.0,0.0,19.093078758949883,2.3866348448687353,0.0,4.773269689737471,0.0,0.0,0.0,4.773269689737471,0.0,0.0,0.0,0.0,0.0,2.3866348448687353,14.319809069212411,112.17183770883055,47.7326968973747,4.773269689737471,45.346062052505964,0.6116504854368932,4.861650485436893,2.3866348448687353,7.159904534606206,0.0,0.0,0.0,0.0,7.159904534606206,4.773269689737471,4.773269689737471,0.0,2.3866348448687353,7.159904534606206,4.773269689737471,0.0,2.3866348448687353,0.0,0.0,0.0,2.3866348448687353,19.093078758949883,7.159904534606206,4.773269689737471,7.159904534606206
101891,56.93069306930693,2.4752475247524752,17.32673267326733,0.0,2.4752475247524752,64.35643564356435,2.4752475247524752,9.900990099009901,14.85148514851485,2.4752475247524752,0.0,0.0,17.32673267326733,27.22772277227723,2.4752475247524752,227.72277227722773,0.0,0.0,14.85148514851485,0.0,0.0,0.0,0.0,7.425742574257425,2.4752475247524752,0.0,4.9504950495049505,2.4752475247524752,7.425742574257425,0.0,0.0,0.0,0.0,0.0,2.4752475247524752,0.0,2.4752475247524752,14.85148514851485,123.76237623762376,61.88118811881188,0.0,74.25742574257426,0.5875,4.65,4.9504950495049505,4.9504950495049505,0.0,2.4752475247524752,9.900990099009901,0.0,2.4752475247524752,19.801980198019802,0.0,0.0,2.4752475247524752,37.12871287128713,0.0,2.4752475247524752,7.425742574257425,0.0,0.0,0.0,4.9504950495049505,7.425742574257425,4.9504950495049505,0.0,7.425742574257425
103449,88.78504672897196,18.69158878504673,14.018691588785046,4.672897196261682,7.009345794392523,70.09345794392523,0.0,11.682242990654204,14.018691588785046,4.672897196261682,9.345794392523365,0.0,23.36448598130841,23.36448598130841,0.0,196.26168224299064,7.009345794392523,0.0,23.36448598130841,4.672897196261682,2.336448598130841,4.672897196261682,0.0,9.345794392523365,0.0,0.0,0.0,2.336448598130841,9.345794392523365,2.336448598130841,2.336448598130841,0.0,0.0,0.0,0.0,0.0,2.336448598130841,14.018691588785046,121.49532710280374,37.38317757009346,11.682242990654204,58.41121495327103,0.5587529976019184,4.400479616306955,0.0,0.0,0.0,0.0,18.69158878504673,0.0,7.009345794392523,9.345794392523365,0.0,2.336448598130841,7.009345794392523,11.682242990654204,4.672897196261682,11.682242990654204,14.018691588785046,2.336448598130841,0.0,0.0,2.336448598130841,11.682242990654204,9.345794392523365,2.336448598130841,9.345794392523365
106193,81.33971291866028,11.961722488038278,23.923444976076556,2.3923444976076556,7.177033492822967,57.41626794258374,0.0,28.70813397129187,7.177033492822967,4.784688995215311,4.784688995215311,0.0,14.354066985645934,31.10047846889952,4.784688995215311,167.4641148325359,19.138755980861244,0.0,26.31578947368421,0.0,0.0,0.0,0.0,19.138755980861244,4.784688995215311,2.3923444976076556,2.3923444976076556,2.3923444976076556,4.784688995215311,0.0,2.3923444976076556,0.0,0.0,0.0,0.0,0.0,2.3923444976076556,7.177033492822967,98.08612440191388,33.49282296650718,11.961722488038278,117.22488038277513,0.5975903614457831,4.436144578313253,4.784688995215311,2.3923444976076556,2.3923444976076556,0.0,7.177033492822967,0.0,7.177033492822967,0.0,0.0,0.0,2.3923444976076556,19.138755980861244,2.3923444976076556,2.3923444976076556,4.784688995215311,0.0,2.3923444976076556,2.3923444976076556,11.961722488038278,9.569377990430622,11.961722488038278,2.3923444976076556,16.74641148325359
106710,89.33002481389578,4.962779156327543,12.40694789081886,2.4813895781637716,2.4813895781637716,7.444168734491315,7.444168734491315,62.03473945409429,7.444168734491315,2.4813895781637716,2.4813895781637716,0.0,14.88833746898263,7.444168734491315,0.0,250.62034739454091,2.4813895781637716,0.0,17.3697270471464,0.0,0.0,0.0,0.0,9.925558312655086,4.962779156327543,0.0,2.4813895781637716,2.4813895781637716,0.0,0.0,4.962779156327543,0.0,0.0,2.4813895781637716,0.0,0.0,0.0,4.962779156327543,101.73697270471465,57.07196029776674,2.4813895781637716,62.03473945409429,0.6040609137055838,4.690355329949239,0.0,2.4813895781637716,2.4813895781637716,0.0,12.40694789081886,0.0,2.4813895781637716,4.962779156327543,0.0,2.4813895781637716,4.962779156327543,4.962779156327543,12.40694789081886,0.0,4.962779156327543,0.0,0.0,0.0,0.0,7.444168734491315,7.444168734491315,7.444168734491315,0.0
106841,46.116504854368934,9.70873786407767,36.40776699029126,2.4271844660194173,4.854368932038835,36.40776699029126,9.70873786407767,21.844660194174757,2.4271844660194173,2.4271844660194173,2.4271844660194173,0.0,19.41747572815534,26.699029126213592,9.70873786407767,201.45631067961165,4.854368932038835,0.0,24.271844660194173,0.0,2.4271844660194173,0.0,0.0,14.563106796116505,4.854368932038835,0.0,4.854368932038835,2.4271844660194173,7.281553398058253,2.4271844660194173,4.854368932038835,0.0,0.0,0.0,0.0,0.0,0.0,9.70873786407767,128.64077669902912,58.25242718446602,4.854368932038835,60.67961165048544,0.6039119804400978,4.572127139364303,0.0,2.4271844660194173,4.854368932038835,0.0,14.563106796116505,2.4271844660194173,2.4271844660194173,0.0,0.0,4.854368932038835,4.854368932038835,14.563106796116505,2.4271844660194173,0.0,4.854368932038835,0.0,0.0,0.0,2.4271844660194173,29.12621359223301,7.281553398058253,0.0,4.854368932038835
107113,79.40446650124069,14.88833746898263,0.0,4.962779156327543,22.332506203473944,34.7394540942928,0.0,4.962779156327543,14.88833746898263,0.0,7.444168734491315,0.0,24.81389578163772,12.40694789081886,2.4813895781637716,243.17617866004963,9.925558312655086,0.0,34.7394540942928,0.0,0.0,0.0,2.4813895781637716,2.4813895781637716,0.0,0.0,9.925558312655086,0.0,4.962779156327543,0.0,0.0,0.0,2.4813895781637716,0.0,0.0,0.0,2.4813895781637716,4.962779156327543,133.99503722084367,49.62779156327544,2.4813895781637716,69.4789081885856,0.5522388059701493,4.393034825870647,0.0,4.962779156327543,0.0,0.0,7.444168734491315,2.4813895781637716,9.925558312655086,2.4813895781637716,0.0,2.4813895781637716,0.0,12.40694789081886,0.0,0.0,2.4813895781637716,0.0,2.4813895781637716,0.0,4.962779156327543,17.3697270471464,14.88833746898263,19.851116625310173,2.4813895781637716
10897,118.35748792270532,9.66183574879227,26.570048309178745,0.0,0.0,65.21739130434783,9.66183574879227,26.570048309178745,19.32367149758454,16.908212560386474,14.492753623188406,0.0,19.32367149758454,14.492753623188406,2.4154589371980677,193.23671497584542,0.0,2.4154589371980677,48.309178743961354,0.0,0.0,0.0,0.0,4.830917874396135,2.4154589371980677,0.0,2.4154589371980677,4.830917874396135,4.830917874396135,0.0,4.830917874396135,0.0,0.0,0.0,0.0,0.0,4.830917874396135,9.66183574879227,82.1256038647343,38.64734299516908,4.830917874396135,89.37198067632849,0.5465994962216625,4.324937027707809,0.0,2.4154589371980677,2.4154589371980677,7.246376811594203,16.908212560386474,2.4154589371980677,4.830917874396135,4.830917874396135,0.0,2.4154589371980677,14.492753623188406,16.908212560386474,2.4154589371980677,2.4154589371980677,36.231884057971016,0.0,2.4154589371980677,0.0,0.0,7.246376811594203,19.32367149758454,0.0,19.32367149758454
109135,84.13461538461539,12.01923076923077,52.88461538461539,4.807692307692308,9.615384615384617,79.32692307692307,16.826923076923077,9.615384615384617,9.615384615384617,14.423076923076923,4.807692307692308,0.0,28.846153846153847,19.230769230769234,2.403846153846154,177.8846153846154,0.0,0.0,60.09615384615385,2.403846153846154,2.403846153846154,0.0,0.0,16.826923076923077,9.615384615384617,0.0,0.0,0.0,4.807692307692308,0.0,0.0,0.0,0.0,0.0,0.0,0.0,0.0,2.403846153846154,62.5,38.46153846153847,16.826923076923077,81.73076923076923,0.575682382133995,4.4665012406947895,4.807692307692308,0.0,2.403846153846154,0.0,7.211538461538462,2.403846153846154,4.807692307692308,4.807692307692308,2.403846153846154,12.01923076923077,9.615384615384617,19.230769230769234,4.807692307692308,7.211538461538462,16.826923076923077,0.0,0.0,0.0,2.403846153846154,4.807692307692308,19.230769230769234,2.403846153846154,16.826923076923077
109240,67.66917293233082,2.506265664160401,20.050125313283207,10.025062656641603,2.506265664160401,55.13784461152882,0.0,22.55639097744361,22.55639097744361,0.0,5.012531328320802,0.0,10.025062656641603,12.531328320802004,0.0,225.56390977443607,2.506265664160401,0.0,37.59398496240601,2.506265664160401,2.506265664160401,0.0,2.506265664160401,15.037593984962406,7.518796992481203,2.506265664160401,2.506265664160401,2.506265664160401,2.506265664160401,0.0,0.0,0.0,2.506265664160401,0.0,0.0,0.0,5.012531328320802,12.531328320802004,102.75689223057644,37.59398496240601,10.025062656641603,65.16290726817043,0.5833333333333334,4.414141414141414,0.0,10.025062656641603,2.506265664160401,0.0,2.506265664160401,0.0,10.025062656641603,7.518796992481203,0.0,5.012531328320802,2.506265664160401,25.062656641604008,7.518796992481203,2.506265664160401,2.506265664160401,2.506265664160401,0.0,0.0,5.012531328320802,12.531328320802004,12.531328320802004,5.012531328320802,5.012531328320802
109519,66.33906633906633,9.828009828009828,14.742014742014742,12.285012285012284,2.457002457002457,12.285012285012284,7.371007371007371,56.511056511056516,14.742014742014742,4.914004914004914,7.371007371007371,0.0,7.371007371007371,14.742014742014742,12.285012285012284,201.47420147420146,4.914004914004914,0.0,22.11302211302211,2.457002457002457,2.457002457002457,0.0,0.0,14.742014742014742,7.371007371007371,0.0,2.457002457002457,4.914004914004914,2.457002457002457,0.0,2.457002457002457,0.0,0.0,0.0,0.0,0.0,0.0,4.914004914004914,115.47911547911548,61.42506142506143,2.457002457002457,63.88206388206388,0.5866336633663366,4.537128712871287,4.914004914004914,4.914004914004914,0.0,0.0,9.828009828009828,0.0,7.371007371007371,9.828009828009828,0.0,4.914004914004914,7.371007371007371,22.11302211302211,9.828009828009828,0.0,4.914004914004914,0.0,0.0,0.0,2.457002457002457,7.371007371007371,9.828009828009828,0.0,4.914004914004914
111401,55.8252427184466,4.854368932038835,2.4271844660194173,4.854368932038835,0.0,4.854368932038835,2.4271844660194173,70.3883495145631,2.4271844660194173,0.0,9.70873786407767,2.4271844660194173,12.135922330097086,26.699029126213592,0.0,228.15533980582526,7.281553398058253,0.0,24.271844660194173,0.0,0.0,0.0,0.0,12.135922330097086,7.281553398058253,0.0,2.4271844660194173,0.0,4.854368932038835,0.0,0.0,0.0,0.0,0.0,0.0,0.0,2.4271844660194173,12.135922330097086,101.94174757281553,89.80582524271844,2.4271844660194173,97.08737864077669,0.625615763546798,5.105911330049261,2.4271844660194173,7.281553398058253,4.854368932038835,2.4271844660194173,9.70873786407767,0.0,2.4271844660194173,7.281553398058253,0.0,16.990291262135923,0.0,24.271844660194173,0.0,0.0,7.281553398058253,0.0,2.4271844660194173,2.4271844660194173,4.854368932038835,7.281553398058253,4.854368932038835,0.0,4.854368932038835
112311,85.1581508515815,19.464720194647203,0.0,0.0,2.4330900243309004,0.0,0.0,36.4963503649635,14.598540145985401,0.0,0.0,0.0,17.0316301703163,12.165450121654501,9.732360097323602,274.93917274939173,2.4330900243309004,2.4330900243309004,21.897810218978105,0.0,2.4330900243309004,0.0,0.0,14.598540145985401,4.866180048661801,0.0,2.4330900243309004,0.0,7.299270072992701,0.0,0.0,0.0,0.0,0.0,0.0,2.4330900243309004,0.0,4.866180048661801,131.38686131386862,51.09489051094891,2.4330900243309004,43.79562043795621,0.5916870415647921,5.105134474327628,2.4330900243309004,0.0,0.0,0.0,4.866180048661801,0.0,12.165450121654501,4.866180048661801,0.0,0.0,4.866180048661801,17.0316301703163,4.866180048661801,7.299270072992701,0.0,2.4330900243309004,0.0,0.0,2.4330900243309004,17.0316301703163,9.732360097323602,0.0,2.4330900243309004
112422,100.49019607843138,4.901960784313726,2.450980392156863,4.901960784313726,7.352941176470588,85.7843137254902,4.901960784313726,14.705882352941176,14.705882352941176,0.0,2.450980392156863,2.450980392156863,9.803921568627452,4.901960784313726,0.0,252.45098039215685,4.901960784313726,0.0,31.862745098039213,7.352941176470588,0.0,0.0,0.0,7.352941176470588,9.803921568627452,0.0,0.0,2.450980392156863,2.450980392156863,0.0,2.450980392156863,0.0,0.0,0.0,0.0,0.0,0.0,12.254901960784313,117.6470588235294,44.11764705882353,7.352941176470588,56.372549019607845,0.5483870967741935,4.069478908188586,0.0,4.901960784313726,0.0,0.0,4.901960784313726,0.0,0.0,2.450980392156863,0.0,2.450980392156863,0.0,17.156862745098042,2.450980392156863,0.0,2.450980392156863,2.450980392156863,0.0,0.0,2.450980392156863,2.450980392156863,9.803921568627452,2.450980392156863,9.803921568627452
113329,111.94029850746269,0.0,2.487562189054726,4.975124378109452,2.487562189054726,62.18905472636816,4.975124378109452,42.28855721393035,37.31343283582089,9.950248756218905,2.487562189054726,0.0,12.437810945273633,17.412935323383085,2.487562189054726,159.20398009950247,4.975124378109452,0.0,52.23880597014925,2.487562189054726,0.0,0.0,0.0,14.925373134328359,9.950248756218905,0.0,2.487562189054726,0.0,4.975124378109452,0.0,0.0,0.0,0.0,0.0,0.0,2.487562189054726,4.975124378109452,7.462686567164179,72.13930348258707,57.21393034825871,7.462686567164179,82.08955223880596,0.5126903553299492,4.104060913705584,0.0,7.462686567164179,0.0,0.0,19.90049751243781,0.0,7.462686567164179,4.975124378109452,0.0,2.487562189054726,7.462686567164179,22.388059701492537,2.487562189054726,0.0,14.925373134328359,0.0,2.487562189054726,0.0,2.487562189054726,12.437810945273633,22.388059701492537,0.0,14.925373134328359
113632,96.29629629629629,14.814814814814815,9.876543209876543,7.407407407407407,0.0,61.72839506172839,4.938271604938271,44.44444444444444,27.160493827160494,0.0,4.938271604938271,4.938271604938271,12.345679012345679,22.22222222222222,4.938271604938271,167.90123456790124,9.876543209876543,0.0,22.22222222222222,2.4691358024691357,0.0,0.0,0.0,17.28395061728395,4.938271604938271,0.0,7.407407407407407,0.0,4.938271604938271,2.4691358024691357,0.0,0.0,0.0,0.0,0.0,4.938271604938271,0.0,7.407407407407407,108.64197530864197,34.5679012345679,0.0,88.88888888888889,0.5793450881612091,4.198992443324937,2.4691358024691357,7.407407407407407,0.0,0.0,12.345679012345679,0.0,4.938271604938271,2.4691358024691357,0.0,2.4691358024691357,4.938271604938271,39.50617283950617,4.938271604938271,7.407407407407407,17.28395061728395,2.4691358024691357,2.4691358024691357,0.0,7.407407407407407,4.938271604938271,12.345679012345679,0.0,7.407407407407407
117222,63.56968215158924,2.444987775061125,14.669926650366747,0.0,2.444987775061125,0.0,4.88997555012225,66.01466992665037,9.7799511002445,4.88997555012225,2.444987775061125,2.444987775061125,9.7799511002445,7.334963325183374,2.444987775061125,273.83863080684597,2.444987775061125,0.0,22.004889975550125,0.0,2.444987775061125,0.0,0.0,9.7799511002445,2.444987775061125,2.444987775061125,2.444987775061125,2.444987775061125,2.444987775061125,0.0,2.444987775061125,0.0,0.0,0.0,0.0,0.0,7.334963325183374,7.334963325183374,88.0195599022005,75.79462102689487,2.444987775061125,53.78973105134474,0.6130653266331658,4.693467336683417,7.334963325183374,4.88997555012225,0.0,0.0,0.0,0.0,4.88997555012225,7.334963325183374,0.0,7.334963325183374,2.444987775061125,24.44987775061125,7.334963325183374,0.0,12.224938875305625,0.0,0.0,0.0,2.444987775061125,4.88997555012225,9.7799511002445,0.0,4.88997555012225
117710,93.36609336609337,7.371007371007371,19.656019656019655,7.371007371007371,2.457002457002457,19.656019656019655,17.1990171990172,51.597051597051596,24.570024570024568,7.371007371007371,7.371007371007371,4.914004914004914,22.11302211302211,27.027027027027028,2.457002457002457,157.24815724815724,2.457002457002457,0.0,24.570024570024568,0.0,0.0,0.0,2.457002457002457,12.285012285012284,0.0,0.0,0.0,2.457002457002457,4.914004914004914,0.0,2.457002457002457,0.0,0.0,0.0,0.0,0.0,0.0,7.371007371007371,103.19410319410319,41.76904176904177,4.914004914004914,95.82309582309583,0.5552763819095478,4.364321608040201,4.914004914004914,4.914004914004914,2.457002457002457,2.457002457002457,17.1990171990172,0.0,12.285012285012284,0.0,0.0,12.285012285012284,4.914004914004914,29.484029484029485,4.914004914004914,7.371007371007371,9.828009828009828,2.457002457002457,2.457002457002457,0.0,0.0,9.828009828009828,9.828009828009828,0.0,7.371007371007371
118256,115.94202898550725,7.246376811594203,2.4154589371980677,0.0,0.0,0.0,0.0,79.71014492753622,9.66183574879227,0.0,2.4154589371980677,0.0,26.570048309178745,31.40096618357488,9.66183574879227,222.2222222222222,0.0,0.0,24.154589371980677,0.0,4.830917874396135,0.0,0.0,12.077294685990339,0.0,0.0,0.0,2.4154589371980677,21.73913043478261,0.0,4.830917874396135,0.0,0.0,0.0,0.0,0.0,0.0,7.246376811594203,120.77294685990337,65.21739130434783,9.66183574879227,57.971014492753625,0.5995145631067961,4.70873786407767,2.4154589371980677,2.4154589371980677,0.0,0.0,9.66183574879227,0.0,7.246376811594203,2.4154589371980677,0.0,0.0,0.0,24.154589371980677,0.0,2.4154589371980677,0.0,0.0,0.0,0.0,2.4154589371980677,12.077294685990339,9.66183574879227,0.0,4.830917874396135
119957,42.394014962593516,7.481296758104738,44.88778054862843,0.0,7.481296758104738,17.456359102244388,32.418952618453865,39.900249376558605,9.975062344139651,4.987531172069826,14.962593516209475,2.493765586034913,17.456359102244388,12.468827930174564,7.481296758104738,184.53865336658353,2.493765586034913,0.0,24.93765586034913,0.0,2.493765586034913,0.0,2.493765586034913,29.92518703241895,4.987531172069826,0.0,0.0,0.0,9.975062344139651,0.0,0.0,0.0,0.0,0.0,0.0,0.0,9.975062344139651,9.975062344139651,77.3067331670823,49.87531172069826,7.481296758104738,52.36907730673317,0.5666666666666667,4.851282051282051,2.493765586034913,0.0,0.0,2.493765586034913,7.481296758104738,0.0,9.975062344139651,14.962593516209475,0.0,7.481296758104738,7.481296758104738,24.93765586034913,2.493765586034913,2.493765586034913,9.975062344139651,2.493765586034913,0.0,0.0,4.987531172069826,7.481296758104738,7.481296758104738,0.0,7.481296758104738
124317,116.62531017369727,22.332506203473944,12.40694789081886,7.444168734491315,2.4813895781637716,99.25558312655087,2.4813895781637716,39.702233250620345,27.29528535980149,7.444168734491315,4.962779156327543,4.962779156327543,24.81389578163772,4.962779156327543,2.4813895781637716,143.92059553349876,0.0,0.0,39.702233250620345,0.0,2.4813895781637716,0.0,0.0,12.40694789081886,7.444168734491315,0.0,0.0,0.0,2.4813895781637716,0.0,0.0,0.0,2.4813895781637716,0.0,0.0,4.962779156327543,4.962779156327543,17.3697270471464,81.88585607940446,32.25806451612903,4.962779156327543,129.03225806451613,0.5498721227621484,3.946291560102302,0.0,4.962779156327543,0.0,2.4813895781637716,9.925558312655086,0.0,7.444168734491315,4.962779156327543,2.4813895781637716,4.962779156327543,4.962779156327543,27.29528535980149,2.4813895781637716,2.4813895781637716,19.851116625310173,0.0,2.4813895781637716,2.4813895781637716,2.4813895781637716,4.962779156327543,12.40694789081886,0.0,17.3697270471464
126845,90.46454767726162,4.88997555012225,0.0,0.0,9.7799511002445,0.0,0.0,83.12958435207824,17.114914425427873,0.0,2.444987775061125,7.334963325183374,24.44987775061125,24.44987775061125,0.0,202.93398533007334,4.88997555012225,0.0,36.674816625916876,2.444987775061125,0.0,0.0,0.0,22.004889975550125,2.444987775061125,0.0,2.444987775061125,0.0,9.7799511002445,2.444987775061125,7.334963325183374,0.0,0.0,0.0,0.0,0.0,4.88997555012225,7.334963325183374,90.46454767726162,34.229828850855746,4.88997555012225,68.45965770171149,0.5788177339901478,4.519704433497537,0.0,7.334963325183374,0.0,0.0,4.88997555012225,0.0,4.88997555012225,12.224938875305625,2.444987775061125,9.7799511002445,2.444987775061125,4.88997555012225,12.224938875305625,0.0,4.88997555012225,0.0,0.0,2.444987775061125,4.88997555012225,17.114914425427873,24.44987775061125,2.444987775061125,4.88997555012225
127140,91.12709832134293,7.194244604316547,7.194244604316547,14.388489208633095,4.796163069544364,88.72901678657075,2.398081534772182,11.990407673860911,14.388489208633095,2.398081534772182,7.194244604316547,0.0,14.388489208633095,16.786570743405274,0.0,191.84652278177458,2.398081534772182,0.0,26.378896882494004,2.398081534772182,0.0,0.0,0.0,31.17505995203837,4.796163069544364,0.0,0.0,2.398081534772182,7.194244604316547,0.0,2.398081534772182,0.0,0.0,0.0,0.0,0.0,0.0,11.990407673860911,100.71942446043165,35.97122302158273,9.592326139088728,71.94244604316546,0.5434782608695652,4.229468599033816,0.0,2.398081534772182,0.0,2.398081534772182,11.990407673860911,0.0,11.990407673860911,2.398081534772182,0.0,0.0,7.194244604316547,21.58273381294964,4.796163069544364,0.0,7.194244604316547,0.0,0.0,2.398081534772182,7.194244604316547,2.398081534772182,14.388489208633095,4.796163069544364,11.990407673860911
128031,44.44444444444444,22.22222222222222,66.66666666666667,2.4691358024691357,17.28395061728395,76.54320987654322,14.814814814814815,17.28395061728395,14.814814814814815,9.876543209876543,4.938271604938271,0.0,12.345679012345679,12.345679012345679,0.0,195.06172839506172,2.4691358024691357,0.0,37.03703703703704,4.938271604938271,0.0,0.0,0.0,14.814814814814815,7.407407407407407,0.0,2.4691358024691357,0.0,2.4691358024691357,0.0,2.4691358024691357,0.0,0.0,0.0,0.0,2.4691358024691357,4.938271604938271,4.938271604938271,88.88888888888889,41.97530864197531,4.938271604938271,88.88888888888889,0.617948717948718,4.471794871794872,0.0,0.0,4.938271604938271,0.0,9.876543209876543,2.4691358024691357,9.876543209876543,4.938271604938271,0.0,4.938271604938271,2.4691358024691357,9.876543209876543,4.938271604938271,2.4691358024691357,34.5679012345679,0.0,0.0,0.0,2.4691358024691357,2.4691358024691357,7.407407407407407,0.0,4.938271604938271
128913,122.19451371571071,7.481296758104738,4.987531172069826,2.493765586034913,2.493765586034913,97.25685785536159,7.481296758104738,0.0,7.481296758104738,7.481296758104738,19.950124688279303,2.493765586034913,17.456359102244388,9.975062344139651,4.987531172069826,199.50124688279303,9.975062344139651,0.0,32.418952618453865,4.987531172069826,0.0,0.0,0.0,14.962593516209475,7.481296758104738,0.0,0.0,0.0,2.493765586034913,0.0,2.493765586034913,0.0,0.0,0.0,0.0,0.0,2.493765586034913,7.481296758104738,77.3067331670823,37.406483790523694,9.975062344139651,84.78802992518703,0.56,4.43,0.0,2.493765586034913,4.987531172069826,0.0,4.987531172069826,0.0,2.493765586034913,14.962593516209475,2.493765586034913,2.493765586034913,0.0,42.394014962593516,0.0,0.0,2.493765586034913,2.493765586034913,0.0,0.0,2.493765586034913,7.481296758104738,4.987531172069826,0.0,7.481296758104738
131841,99.75062344139651,19.950124688279303,27.43142144638404,2.493765586034913,7.481296758104738,92.26932668329177,24.93765586034913,12.468827930174564,9.975062344139651,7.481296758104738,7.481296758104738,0.0,32.418952618453865,19.950124688279303,0.0,177.05735660847878,9.975062344139651,0.0,32.418952618453865,4.987531172069826,0.0,0.0,2.493765586034913,14.962593516209475,4.987531172069826,2.493765586034913,2.493765586034913,0.0,2.493765586034913,0.0,0.0,0.0,0.0,0.0,0.0,0.0,4.987531172069826,2.493765586034913,114.713216957606,34.912718204488776,9.975062344139651,62.34413965087282,0.5306122448979592,4.3520408163265305,2.493765586034913,4.987531172069826,0.0,0.0,2.493765586034913,4.987531172069826,0.0,7.481296758104738,0.0,0.0,4.987531172069826,19.950124688279303,7.481296758104738,0.0,2.493765586034913,0.0,0.0,0.0,2.493765586034913,9.975062344139651,9.975062344139651,2.493765586034913,2.493765586034913
132034,84.78802992518703,4.987531172069826,27.43142144638404,4.987531172069826,4.987531172069826,92.26932668329177,2.493765586034913,34.912718204488776,9.975062344139651,2.493765586034913,14.962593516209475,4.987531172069826,12.468827930174564,4.987531172069826,0.0,192.01995012468828,9.975062344139651,0.0,19.950124688279303,0.0,0.0,0.0,0.0,9.975062344139651,0.0,4.987531172069826,0.0,0.0,7.481296758104738,0.0,2.493765586034913,0.0,0.0,0.0,2.493765586034913,0.0,2.493765586034913,7.481296758104738,82.29426433915212,57.356608478803,9.975062344139651,72.31920199501248,0.6253164556962025,4.331645569620253,0.0,2.493765586034913,4.987531172069826,4.987531172069826,4.987531172069826,0.0,2.493765586034913,14.962593516209475,0.0,0.0,12.468827930174564,22.443890274314214,4.987531172069826,2.493765586034913,14.962593516209475,2.493765586034913,0.0,0.0,4.987531172069826,7.481296758104738,17.456359102244388,0.0,9.975062344139651
132542,70.52896725440806,10.075566750629722,45.34005037783375,10.075566750629722,0.0,75.56675062972293,12.594458438287154,45.34005037783375,5.037783375314861,10.075566750629722,5.037783375314861,0.0,10.075566750629722,20.151133501259444,2.5188916876574305,201.51133501259446,2.5188916876574305,0.0,35.26448362720403,0.0,0.0,0.0,2.5188916876574305,20.151133501259444,10.075566750629722,2.5188916876574305,5.037783375314861,2.5188916876574305,2.5188916876574305,0.0,0.0,0.0,0.0,0.0,0.0,0.0,5.037783375314861,10.075566750629722,83.1234256926952,35.26448362720403,7.556675062972292,60.45340050377833,0.6062992125984252,4.648293963254593,0.0,2.5188916876574305,5.037783375314861,0.0,5.037783375314861,0.0,2.5188916876574305,5.037783375314861,2.5188916876574305,7.556675062972292,7.556675062972292,22.670025188916874,5.037783375314861,0.0,35.26448362720403,2.5188916876574305,5.037783375314861,0.0,2.5188916876574305,20.151133501259444,17.632241813602015,2.5188916876574305,15.113350125944583
134959,14.925373134328359,2.487562189054726,79.60199004975124,2.487562189054726,4.975124378109452,49.75124378109453,19.90049751243781,2.487562189054726,22.388059701492537,12.437810945273633,4.975124378109452,2.487562189054726,29.850746268656717,19.90049751243781,0.0,179.1044776119403,7.462686567164179,0.0,47.2636815920398,4.975124378109452,0.0,0.0,2.487562189054726,19.90049751243781,0.0,0.0,0.0,2.487562189054726,0.0,0.0,2.487562189054726,0.0,0.0,0.0,0.0,0.0,7.462686567164179,9.950248756218905,87.06467661691543,37.31343283582089,14.925373134328359,94.5273631840796,0.5732647814910026,4.251928020565552,4.975124378109452,2.487562189054726,7.462686567164179,0.0,19.90049751243781,0.0,7.462686567164179,9.950248756218905,0.0,12.437810945273633,7.462686567164179,17.412935323383085,2.487562189054726,0.0,32.33830845771144,4.975124378109452,2.487562189054726,0.0,2.487562189054726,12.437810945273633,12.437810945273633,0.0,14.925373134328359
137722,96.29629629629629,24.691358024691358,4.938271604938271,0.0,14.814814814814815,4.938271604938271,2.4691358024691357,46.91358024691358,19.753086419753085,0.0,2.4691358024691357,2.4691358024691357,29.62962962962963,32.098765432098766,0.0,202.46913580246914,12.345679012345679,0.0,37.03703703703704,0.0,0.0,0.0,0.0,24.691358024691358,2.4691358024691357,0.0,0.0,2.4691358024691357,7.407407407407407,0.0,9.876543209876543,0.0,0.0,0.0,0.0,0.0,2.4691358024691357,9.876543209876543,98.76543209876543,49.382716049382715,7.407407407407407,69.1358024691358,0.5707070707070707,4.664141414141414,0.0,2.4691358024691357,0.0,0.0,12.345679012345679,0.0,12.345679012345679,9.876543209876543,2.4691358024691357,2.4691358024691357,4.938271604938271,24.691358024691358,4.938271604938271,0.0,9.876543209876543,2.4691358024691357,0.0,0.0,7.407407407407407,4.938271604938271,14.814814814814815,0.0,7.407407407407407
139152,82.29426433915212,4.987531172069826,0.0,0.0,2.493765586034913,0.0,0.0,22.443890274314214,34.912718204488776,0.0,0.0,0.0,4.987531172069826,34.912718204488776,0.0,249.37655860349128,12.468827930174564,0.0,14.962593516209475,0.0,4.987531172069826,2.493765586034913,0.0,19.950124688279303,7.481296758104738,0.0,2.493765586034913,0.0,2.493765586034913,0.0,0.0,0.0,0.0,0.0,0.0,0.0,2.493765586034913,7.481296758104738,117.20698254364089,84.78802992518703,7.481296758104738,32.418952618453865,0.5340050377833753,5.168765743073048,2.493765586034913,2.493765586034913,0.0,2.493765586034913,2.493765586034913,0.0,0.0,0.0,0.0,2.493765586034913,7.481296758104738,27.43142144638404,7.481296758104738,0.0,0.0,0.0,0.0,0.0,2.493765586034913,9.975062344139651,2.493765586034913,0.0,0.0
139225,61.72839506172839,9.876543209876543,24.691358024691358,2.4691358024691357,2.4691358024691357,41.97530864197531,12.345679012345679,29.62962962962963,4.938271604938271,2.4691358024691357,0.0,0.0,14.814814814814815,14.814814814814815,14.814814814814815,234.5679012345679,14.814814814814815,0.0,29.62962962962963,0.0,0.0,0.0,0.0,22.22222222222222,2.4691358024691357,0.0,9.876543209876543,0.0,2.4691358024691357,0.0,4.938271604938271,0.0,0.0,0.0,0.0,0.0,4.938271604938271,4.938271604938271,108.64197530864197,56.79012345679013,2.4691358024691357,66.66666666666667,0.5685279187817259,4.647208121827411,12.345679012345679,0.0,0.0,0.0,9.876543209876543,0.0,7.407407407407407,4.938271604938271,2.4691358024691357,7.407407407407407,4.938271604938271,24.691358024691358,2.4691358024691357,0.0,19.753086419753085,0.0,0.0,0.0,2.4691358024691357,12.345679012345679,14.814814814814815,0.0,9.876543209876543
140022,107.39856801909308,7.159904534606206,16.706443914081145,4.773269689737471,4.773269689737471,33.41288782816229,7.159904534606206,28.639618138424822,16.706443914081145,7.159904534606206,0.0,0.0,31.026252983293556,33.41288782816229,2.3866348448687353,183.7708830548926,4.773269689737471,0.0,23.86634844868735,4.773269689737471,0.0,0.0,0.0,23.86634844868735,0.0,0.0,4.773269689737471,0.0,4.773269689737471,0.0,19.093078758949883,0.0,0.0,0.0,0.0,0.0,4.773269689737471,19.093078758949883,93.07875894988067,50.11933174224344,7.159904534606206,64.43914081145586,0.576271186440678,4.593220338983051,2.3866348448687353,2.3866348448687353,0.0,2.3866348448687353,2.3866348448687353,0.0,11.933174224343675,7.159904534606206,0.0,0.0,7.159904534606206,16.706443914081145,2.3866348448687353,4.773269689737471,11.933174224343675,2.3866348448687353,0.0,0.0,2.3866348448687353,7.159904534606206,16.706443914081145,0.0,11.933174224343675
140055,82.29426433915212,2.493765586034913,14.962593516209475,4.987531172069826,2.493765586034913,69.82543640897755,2.493765586034913,24.93765586034913,19.950124688279303,4.987531172069826,7.481296758104738,2.493765586034913,17.456359102244388,9.975062344139651,2.493765586034913,174.5635910224439,4.987531172069826,0.0,24.93765586034913,7.481296758104738,0.0,0.0,2.493765586034913,27.43142144638404,2.493765586034913,0.0,0.0,0.0,2.493765586034913,0.0,0.0,0.0,0.0,0.0,2.493765586034913,0.0,4.987531172069826,9.975062344139651,84.78802992518703,54.86284289276808,9.975062344139651,74.81296758104739,0.5714285714285714,4.244897959183674,0.0,4.987531172069826,0.0,0.0,19.950124688279303,2.493765586034913,2.493765586034913,12.468827930174564,2.493765586034913,14.962593516209475,0.0,14.962593516209475,9.975062344139651,2.493765586034913,19.950124688279303,2.493765586034913,0.0,0.0,0.0,2.493765586034913,24.93765586034913,4.987531172069826,12.468827930174564
141563,98.76543209876543,4.938271604938271,4.938271604938271,12.345679012345679,7.407407407407407,86.41975308641975,2.4691358024691357,17.28395061728395,22.22222222222222,4.938271604938271,0.0,0.0,19.753086419753085,4.938271604938271,2.4691358024691357,165.4320987654321,4.938271604938271,0.0,29.62962962962963,2.4691358024691357,0.0,0.0,0.0,9.876543209876543,0.0,0.0,0.0,2.4691358024691357,4.938271604938271,2.4691358024691357,0.0,0.0,0.0,0.0,0.0,0.0,12.345679012345679,7.407407407407407,93.82716049382717,29.62962962962963,9.876543209876543,143.20987654320987,0.5558375634517766,4.3604060913705585,4.938271604938271,7.407407407407407,0.0,0.0,12.345679012345679,2.4691358024691357,9.876543209876543,7.407407407407407,0.0,14.814814814814815,2.4691358024691357,24.691358024691358,2.4691358024691357,4.938271604938271,22.22222222222222,4.938271604938271,0.0,0.0,4.938271604938271,2.4691358024691357,29.62962962962963,4.938271604938271,14.814814814814815
142144,69.4789081885856,12.40694789081886,59.55334987593052,7.444168734491315,2.4813895781637716,96.77419354838709,0.0,14.88833746898263,42.183622828784124,2.4813895781637716,4.962779156327543,4.962779156327543,27.29528535980149,7.444168734491315,4.962779156327543,148.8833746898263,4.962779156327543,0.0,44.66501240694789,2.4813895781637716,0.0,0.0,2.4813895781637716,34.7394540942928,2.4813895781637716,0.0,0.0,2.4813895781637716,0.0,0.0,4.962779156327543,0.0,0.0,0.0,0.0,2.4813895781637716,0.0,9.925558312655086,79.40446650124069,14.88833746898263,9.925558312655086,119.10669975186104,0.5102564102564102,3.98974358974359,2.4813895781637716,0.0,2.4813895781637716,2.4813895781637716,17.3697270471464,0.0,12.40694789081886,4.962779156327543,0.0,7.444168734491315,2.4813895781637716,17.3697270471464,0.0,0.0,32.25806451612903,0.0,0.0,2.4813895781637716,4.962779156327543,7.444168734491315,24.81389578163772,2.4813895781637716,12.40694789081886
142281,106.02409638554217,14.457831325301205,14.457831325301205,2.4096385542168677,2.4096385542168677,81.9277108433735,2.4096385542168677,12.048192771084338,19.27710843373494,2.4096385542168677,14.457831325301205,7.228915662650603,14.457831325301205,21.686746987951807,2.4096385542168677,171.0843373493976,7.228915662650603,2.4096385542168677,31.32530120481928,2.4096385542168677,2.4096385542168677,0.0,0.0,12.048192771084338,4.819277108433735,2.4096385542168677,0.0,2.4096385542168677,9.63855421686747,0.0,0.0,0.0,0.0,0.0,9.63855421686747,0.0,2.4096385542168677,14.457831325301205,72.28915662650603,43.373493975903614,7.228915662650603,81.9277108433735,0.5796019900497512,4.45273631840796,4.819277108433735,2.4096385542168677,0.0,2.4096385542168677,14.457831325301205,0.0,4.819277108433735,7.228915662650603,0.0,4.819277108433735,4.819277108433735,14.457831325301205,0.0,7.228915662650603,26.50602409638554,0.0,4.819277108433735,0.0,2.4096385542168677,2.4096385542168677,16.867469879518072,2.4096385542168677,14.457831325301205
142377,73.34963325183375,0.0,24.44987775061125,9.7799511002445,7.334963325183374,48.8997555012225,12.224938875305625,9.7799511002445,9.7799511002445,0.0,2.444987775061125,0.0,9.7799511002445,9.7799511002445,4.88997555012225,188.2640586797066,7.334963325183374,0.0,24.44987775061125,0.0,0.0,0.0,0.0,19.559902200489,14.669926650366747,0.0,0.0,0.0,2.444987775061125,0.0,2.444987775061125,0.0,0.0,0.0,0.0,0.0,7.334963325183374,9.7799511002445,80.68459657701712,44.00977995110025,9.7799511002445,85.57457212713938,0.6301020408163265,4.6811224489795915,4.88997555012225,4.88997555012225,2.444987775061125,2.444987775061125,4.88997555012225,0.0,7.334963325183374,9.7799511002445,0.0,9.7799511002445,7.334963325183374,17.114914425427873,7.334963325183374,2.444987775061125,29.339853300733495,0.0,0.0,0.0,4.88997555012225,19.559902200489,14.669926650366747,0.0,14.669926650366747
144108,81.68316831683168,14.85148514851485,14.85148514851485,4.9504950495049505,0.0,7.425742574257425,7.425742574257425,56.93069306930693,9.900990099009901,0.0,4.9504950495049505,4.9504950495049505,12.376237623762377,12.376237623762377,0.0,252.4752475247525,2.4752475247524752,0.0,17.32673267326733,0.0,2.4752475247524752,0.0,0.0,12.376237623762377,4.9504950495049505,2.4752475247524752,0.0,0.0,2.4752475247524752,0.0,0.0,0.0,0.0,2.4752475247524752,0.0,2.4752475247524752,2.4752475247524752,14.85148514851485,113.86138613861387,44.554455445544555,7.425742574257425,74.25742574257426,0.5818639798488665,4.775818639798489,0.0,0.0,2.4752475247524752,0.0,9.900990099009901,0.0,2.4752475247524752,2.4752475247524752,0.0,2.4752475247524752,4.9504950495049505,14.85148514851485,4.9504950495049505,7.425742574257425,4.9504950495049505,0.0,0.0,0.0,4.9504950495049505,2.4752475247524752,9.900990099009901,0.0,7.425742574257425
144924,62.21198156682028,6.912442396313365,23.041474654377883,6.912442396313365,0.0,32.25806451612903,0.0,39.17050691244239,9.216589861751151,4.608294930875576,2.304147465437788,4.608294930875576,29.953917050691242,23.041474654377883,0.0,228.11059907834104,6.912442396313365,0.0,27.64976958525346,2.304147465437788,4.608294930875576,0.0,0.0,20.737327188940093,9.216589861751151,0.0,2.304147465437788,2.304147465437788,9.216589861751151,2.304147465437788,9.216589861751151,0.0,0.0,0.0,0.0,2.304147465437788,0.0,9.216589861751151,115.2073732718894,48.387096774193544,0.0,62.21198156682028,0.5563380281690141,4.598591549295775,2.304147465437788,4.608294930875576,2.304147465437788,0.0,6.912442396313365,0.0,2.304147465437788,2.304147465437788,0.0,6.912442396313365,0.0,16.129032258064516,4.608294930875576,0.0,11.520737327188941,0.0,2.304147465437788,0.0,6.912442396313365,9.216589861751151,4.608294930875576,0.0,6.912442396313365
146194,85.7843137254902,9.803921568627452,34.313725490196084,14.705882352941176,2.450980392156863,26.96078431372549,22.058823529411764,29.41176470588235,34.313725490196084,4.901960784313726,2.450980392156863,0.0,22.058823529411764,12.254901960784313,0.0,191.17647058823528,9.803921568627452,0.0,36.76470588235294,0.0,0.0,0.0,0.0,12.254901960784313,9.803921568627452,0.0,4.901960784313726,0.0,4.901960784313726,0.0,9.803921568627452,0.0,0.0,0.0,0.0,0.0,7.352941176470588,4.901960784313726,83.33333333333333,39.21568627450981,14.705882352941176,61.27450980392157,0.5743073047858942,4.3727959697733,0.0,2.450980392156863,0.0,2.450980392156863,4.901960784313726,0.0,12.254901960784313,9.803921568627452,0.0,2.450980392156863,7.352941176470588,22.058823529411764,7.352941176470588,0.0,22.058823529411764,2.450980392156863,2.450980392156863,2.450980392156863,0.0,12.254901960784313,4.901960784313726,2.450980392156863,7.352941176470588
147598,70.73170731707316,14.634146341463415,2.4390243902439024,7.317073170731708,4.878048780487805,39.02439024390244,0.0,17.073170731707318,21.95121951219512,7.317073170731708,9.75609756097561,0.0,14.634146341463415,9.75609756097561,0.0,229.26829268292684,7.317073170731708,0.0,19.51219512195122,0.0,2.4390243902439024,0.0,0.0,17.073170731707318,7.317073170731708,2.4390243902439024,0.0,2.4390243902439024,7.317073170731708,0.0,2.4390243902439024,0.0,0.0,2.4390243902439024,2.4390243902439024,0.0,2.4390243902439024,12.195121951219512,124.39024390243902,46.34146341463415,2.4390243902439024,87.80487804878048,0.6094527363184079,4.5721393034825875,0.0,9.75609756097561,0.0,4.878048780487805,4.878048780487805,0.0,7.317073170731708,4.878048780487805,4.878048780487805,0.0,2.4390243902439024,14.634146341463415,4.878048780487805,0.0,14.634146341463415,0.0,4.878048780487805,0.0,4.878048780487805,4.878048780487805,4.878048780487805,0.0,9.75609756097561
148569,66.99751861042184,2.4813895781637716,57.07196029776674,12.40694789081886,4.962779156327543,59.55334987593052,32.25806451612903,0.0,17.3697270471464,9.925558312655086,7.444168734491315,4.962779156327543,39.702233250620345,4.962779156327543,0.0,196.02977667493795,12.40694789081886,0.0,52.10918114143921,4.962779156327543,0.0,0.0,0.0,17.3697270471464,9.925558312655086,0.0,2.4813895781637716,0.0,9.925558312655086,0.0,0.0,0.0,0.0,2.4813895781637716,0.0,0.0,2.4813895781637716,0.0,101.73697270471465,32.25806451612903,12.40694789081886,71.96029776674938,0.5491183879093199,4.269521410579345,2.4813895781637716,2.4813895781637716,7.444168734491315,0.0,7.444168734491315,0.0,7.444168734491315,9.925558312655086,0.0,2.4813895781637716,2.4813895781637716,17.3697270471464,0.0,4.962779156327543,12.40694789081886,0.0,2.4813895781637716,0.0,2.4813895781637716,19.851116625310173,9.925558312655086,2.4813895781637716,0.0
152103,86.74698795180723,4.819277108433735,31.32530120481928,4.819277108433735,9.63855421686747,81.9277108433735,7.228915662650603,4.819277108433735,16.867469879518072,0.0,0.0,0.0,14.457831325301205,16.867469879518072,0.0,236.144578313253,4.819277108433735,0.0,26.50602409638554,2.4096385542168677,0.0,0.0,2.4096385542168677,16.867469879518072,7.228915662650603,0.0,0.0,0.0,7.228915662650603,0.0,0.0,0.0,2.4096385542168677,0.0,0.0,0.0,0.0,7.228915662650603,122.89156626506025,24.096385542168676,2.4096385542168677,55.42168674698795,0.5985401459854015,4.576642335766423,0.0,0.0,0.0,0.0,0.0,0.0,0.0,7.228915662650603,0.0,0.0,2.4096385542168677,7.228915662650603,4.819277108433735,0.0,7.228915662650603,4.819277108433735,0.0,0.0,0.0,21.686746987951807,12.048192771084338,0.0,7.228915662650603
152379,73.28605200945626,7.092198581560283,9.456264775413711,2.3640661938534278,0.0,2.3640661938534278,0.0,47.28132387706856,7.092198581560283,7.092198581560283,2.3640661938534278,0.0,18.912529550827422,16.548463356973993,0.0,255.3191489361702,11.82033096926714,2.3640661938534278,28.368794326241133,0.0,0.0,0.0,0.0,21.27659574468085,4.7281323877068555,0.0,4.7281323877068555,7.092198581560283,4.7281323877068555,0.0,2.3640661938534278,0.0,0.0,0.0,0.0,0.0,2.3640661938534278,4.7281323877068555,113.47517730496453,63.82978723404255,0.0,42.5531914893617,0.5829383886255924,4.995260663507109,4.7281323877068555,2.3640661938534278,0.0,0.0,4.7281323877068555,2.3640661938534278,9.456264775413711,2.3640661938534278,0.0,0.0,0.0,11.82033096926714,4.7281323877068555,2.3640661938534278,0.0,0.0,0.0,0.0,2.3640661938534278,18.912529550827422,4.7281323877068555,2.3640661938534278,2.3640661938534278
15421,79.80049875311721,14.962593516209475,12.468827930174564,2.493765586034913,4.987531172069826,0.0,4.987531172069826,74.81296758104739,14.962593516209475,0.0,7.481296758104738,0.0,24.93765586034913,9.975062344139651,2.493765586034913,229.426433915212,0.0,0.0,29.92518703241895,2.493765586034913,2.493765586034913,0.0,0.0,9.975062344139651,2.493765586034913,0.0,0.0,2.493765586034913,4.987531172069826,0.0,2.493765586034913,0.0,0.0,0.0,0.0,0.0,4.987531172069826,0.0,109.72568578553616,52.36907730673317,4.987531172069826,69.82543640897755,0.5728900255754475,4.375959079283888,0.0,4.987531172069826,2.493765586034913,2.493765586034913,7.481296758104738,0.0,9.975062344139651,9.975062344139651,0.0,7.481296758104738,0.0,22.443890274314214,2.493765586034913,2.493765586034913,14.962593516209475,2.493765586034913,0.0,0.0,4.987531172069826,2.493765586034913,9.975062344139651,0.0,12.468827930174564
155052,65.69343065693431,9.732360097323602,60.82725060827251,4.866180048661801,2.4330900243309004,75.42579075425792,21.897810218978105,4.866180048661801,26.7639902676399,12.165450121654501,7.299270072992701,2.4330900243309004,21.897810218978105,7.299270072992701,2.4330900243309004,160.5839416058394,7.299270072992701,0.0,38.929440389294406,2.4330900243309004,0.0,0.0,0.0,14.598540145985401,4.866180048661801,0.0,0.0,2.4330900243309004,2.4330900243309004,2.4330900243309004,0.0,0.0,0.0,0.0,0.0,0.0,4.866180048661801,12.165450121654501,72.992700729927,58.394160583941606,9.732360097323602,58.394160583941606,0.5609137055837563,4.256345177664975,0.0,7.299270072992701,4.866180048661801,0.0,9.732360097323602,0.0,2.4330900243309004,17.0316301703163,2.4330900243309004,0.0,9.732360097323602,19.464720194647203,7.299270072992701,4.866180048661801,41.3625304136253,2.4330900243309004,0.0,0.0,4.866180048661801,4.866180048661801,14.598540145985401,7.299270072992701,12.165450121654501
15957,91.56626506024097,14.457831325301205,7.228915662650603,2.4096385542168677,4.819277108433735,67.46987951807229,14.457831325301205,24.096385542168676,24.096385542168676,0.0,7.228915662650603,0.0,12.048192771084338,12.048192771084338,0.0,216.86746987951807,0.0,0.0,45.78313253012048,0.0,4.819277108433735,0.0,0.0,19.27710843373494,2.4096385542168677,0.0,0.0,0.0,4.819277108433735,4.819277108433735,0.0,0.0,0.0,0.0,0.0,0.0,2.4096385542168677,0.0,120.48192771084338,53.01204819277108,16.867469879518072,55.42168674698795,0.529126213592233,4.218446601941747,0.0,2.4096385542168677,0.0,0.0,12.048192771084338,0.0,7.228915662650603,4.819277108433735,0.0,2.4096385542168677,2.4096385542168677,16.867469879518072,0.0,2.4096385542168677,7.228915662650603,0.0,2.4096385542168677,0.0,0.0,12.048192771084338,14.457831325301205,2.4096385542168677,9.63855421686747
160266,12.658227848101266,5.063291139240507,96.20253164556962,5.063291139240507,5.063291139240507,37.9746835443038,5.063291139240507,7.594936708860759,53.164556962025316,2.5316455696202533,2.5316455696202533,2.5316455696202533,10.126582278481013,2.5316455696202533,5.063291139240507,212.65822784810126,12.658227848101266,0.0,25.31645569620253,0.0,0.0,2.5316455696202533,0.0,10.126582278481013,7.594936708860759,0.0,0.0,2.5316455696202533,2.5316455696202533,0.0,0.0,0.0,0.0,0.0,0.0,0.0,2.5316455696202533,7.594936708860759,111.39240506329114,48.10126582278481,10.126582278481013,86.07594936708861,0.6289473684210526,4.339473684210526,0.0,2.5316455696202533,2.5316455696202533,0.0,12.658227848101266,0.0,5.063291139240507,0.0,0.0,10.126582278481013,5.063291139240507,15.189873417721518,2.5316455696202533,5.063291139240507,32.911392405063296,0.0,0.0,0.0,2.5316455696202533,5.063291139240507,7.594936708860759,0.0,7.594936708860759
164430,0.0,0.0,45.67307692307692,0.0,2.403846153846154,50.48076923076923,24.03846153846154,4.807692307692308,4.807692307692308,2.403846153846154,0.0,0.0,28.846153846153847,24.03846153846154,0.0,194.71153846153845,2.403846153846154,0.0,28.846153846153847,0.0,0.0,0.0,9.615384615384617,28.846153846153847,0.0,0.0,2.403846153846154,2.403846153846154,4.807692307692308,0.0,0.0,0.0,0.0,0.0,0.0,0.0,9.615384615384617,2.403846153846154,86.53846153846153,81.73076923076923,12.01923076923077,57.69230769230769,0.5260545905707196,4.816377171215881,7.211538461538462,0.0,2.403846153846154,2.403846153846154,7.211538461538462,0.0,7.211538461538462,19.230769230769234,2.403846153846154,12.01923076923077,4.807692307692308,21.634615384615383,4.807692307692308,2.403846153846154,26.442307692307693,0.0,0.0,0.0,0.0,24.03846153846154,9.615384615384617,0.0,7.211538461538462
168580,4.739336492890995,2.3696682464454977,104.26540284360189,2.3696682464454977,2.3696682464454977,82.93838862559241,4.739336492890995,18.95734597156398,26.066350710900473,2.3696682464454977,2.3696682464454977,2.3696682464454977,14.218009478672984,18.95734597156398,4.739336492890995,229.85781990521326,4.739336492890995,0.0,35.54502369668246,0.0,2.3696682464454977,0.0,0.0,14.218009478672984,4.739336492890995,2.3696682464454977,2.3696682464454977,2.3696682464454977,2.3696682464454977,0.0,2.3696682464454977,0.0,0.0,0.0,0.0,2.3696682464454977,0.0,0.0,101.89573459715639,63.98104265402843,4.739336492890995,45.023696682464454,0.5742092457420924,4.559610705596107,0.0,2.3696682464454977,0.0,2.3696682464454977,4.739336492890995,0.0,11.848341232227487,0.0,0.0,0.0,2.3696682464454977,7.109004739336492,0.0,0.0,18.95734597156398,0.0,2.3696682464454977,0.0,2.3696682464454977,9.47867298578199,9.47867298578199,2.3696682464454977,4.739336492890995
168998,82.56880733944955,4.587155963302752,2.293577981651376,6.8807339449541285,4.587155963302752,0.0,2.293577981651376,50.45871559633028,2.293577981651376,0.0,4.587155963302752,2.293577981651376,25.22935779816514,25.22935779816514,2.293577981651376,229.35779816513764,4.587155963302752,0.0,25.22935779816514,0.0,2.293577981651376,0.0,2.293577981651376,11.46788990825688,4.587155963302752,0.0,9.174311926605505,0.0,16.055045871559635,4.587155963302752,0.0,0.0,0.0,0.0,0.0,0.0,0.0,6.8807339449541285,123.85321100917432,84.86238532110092,2.293577981651376,45.87155963302752,0.585081585081585,4.89044289044289,0.0,4.587155963302752,2.293577981651376,2.293577981651376,2.293577981651376,2.293577981651376,6.8807339449541285,4.587155963302752,0.0,4.587155963302752,9.174311926605505,22.93577981651376,2.293577981651376,4.587155963302752,2.293577981651376,2.293577981651376,0.0,0.0,0.0,9.174311926605505,0.0,2.293577981651376,9.174311926605505
172355,99.03381642512076,2.4154589371980677,7.246376811594203,2.4154589371980677,2.4154589371980677,43.47826086956522,0.0,33.81642512077295,28.985507246376812,0.0,2.4154589371980677,0.0,19.32367149758454,7.246376811594203,7.246376811594203,243.96135265700482,2.4154589371980677,0.0,26.570048309178745,0.0,0.0,0.0,4.830917874396135,9.66183574879227,2.4154589371980677,0.0,9.66183574879227,0.0,2.4154589371980677,2.4154589371980677,0.0,0.0,0.0,0.0,0.0,2.4154589371980677,0.0,9.66183574879227,115.94202898550725,45.893719806763286,4.830917874396135,62.80193236714976,0.5405405405405406,4.179361179361179,0.0,0.0,0.0,0.0,16.908212560386474,0.0,7.246376811594203,2.4154589371980677,0.0,0.0,0.0,33.81642512077295,0.0,2.4154589371980677,4.830917874396135,0.0,0.0,0.0,0.0,0.0,7.246376811594203,0.0,7.246376811594203
177552,84.15841584158416,2.4752475247524752,0.0,9.900990099009901,7.425742574257425,108.91089108910892,0.0,0.0,12.376237623762377,2.4752475247524752,14.85148514851485,2.4752475247524752,17.32673267326733,24.752475247524753,2.4752475247524752,210.3960396039604,2.4752475247524752,0.0,9.900990099009901,0.0,0.0,0.0,2.4752475247524752,17.32673267326733,4.9504950495049505,4.9504950495049505,0.0,2.4752475247524752,4.9504950495049505,2.4752475247524752,0.0,0.0,0.0,0.0,0.0,0.0,0.0,9.900990099009901,113.86138613861387,49.504950495049506,2.4752475247524752,56.93069306930693,0.5625,4.4925,0.0,7.425742574257425,0.0,4.9504950495049505,0.0,0.0,7.425742574257425,7.425742574257425,0.0,9.900990099009901,0.0,22.277227722772277,0.0,4.9504950495049505,9.900990099009901,0.0,0.0,2.4752475247524752,4.9504950495049505,12.376237623762377,7.425742574257425,0.0,2.4752475247524752
177813,103.7037037037037,14.814814814814815,4.938271604938271,12.345679012345679,9.876543209876543,76.54320987654322,0.0,9.876543209876543,17.28395061728395,0.0,9.876543209876543,0.0,17.28395061728395,14.814814814814815,2.4691358024691357,217.28395061728395,0.0,0.0,14.814814814814815,0.0,0.0,0.0,0.0,12.345679012345679,7.407407407407407,0.0,2.4691358024691357,4.938271604938271,7.407407407407407,2.4691358024691357,2.4691358024691357,0.0,0.0,0.0,0.0,2.4691358024691357,4.938271604938271,12.345679012345679,106.17283950617285,44.44444444444444,7.407407407407407,59.25925925925926,0.581453634085213,4.37593984962406,0.0,4.938271604938271,0.0,0.0,2.4691358024691357,2.4691358024691357,7.407407407407407,2.4691358024691357,0.0,0.0,4.938271604938271,14.814814814814815,9.876543209876543,7.407407407407407,9.876543209876543,0.0,0.0,0.0,0.0,9.876543209876543,19.753086419753085,0.0,4.938271604938271
178469,95.4653937947494,0.0,0.0,7.159904534606206,0.0,95.4653937947494,2.3866348448687353,0.0,14.319809069212411,7.159904534606206,7.159904534606206,0.0,31.026252983293556,4.773269689737471,4.773269689737471,221.95704057279235,2.3866348448687353,0.0,28.639618138424822,2.3866348448687353,0.0,0.0,0.0,19.093078758949883,7.159904534606206,0.0,0.0,0.0,11.933174224343675,0.0,2.3866348448687353,0.0,0.0,0.0,0.0,0.0,7.159904534606206,7.159904534606206,105.01193317422434,38.186157517899765,7.159904534606206,66.82577565632458,0.5107913669064749,4.079136690647482,0.0,2.3866348448687353,7.159904534606206,0.0,9.546539379474941,0.0,11.933174224343675,7.159904534606206,0.0,0.0,0.0,16.706443914081145,4.773269689737471,2.3866348448687353,4.773269689737471,0.0,2.3866348448687353,0.0,2.3866348448687353,19.093078758949883,14.319809069212411,7.159904534606206,4.773269689737471
178511,104.36893203883494,9.70873786407767,19.41747572815534,9.70873786407767,0.0,92.23300970873787,7.281553398058253,31.553398058252426,12.135922330097086,7.281553398058253,7.281553398058253,2.4271844660194173,31.553398058252426,9.70873786407767,2.4271844660194173,174.75728155339806,4.854368932038835,0.0,24.271844660194173,2.4271844660194173,0.0,0.0,0.0,4.854368932038835,2.4271844660194173,0.0,2.4271844660194173,0.0,9.70873786407767,7.281553398058253,0.0,0.0,0.0,0.0,0.0,0.0,0.0,21.844660194174757,89.80582524271844,48.543689320388346,0.0,70.3883495145631,0.5831265508684863,4.198511166253102,0.0,2.4271844660194173,2.4271844660194173,0.0,7.281553398058253,0.0,2.4271844660194173,9.70873786407767,0.0,4.854368932038835,12.135922330097086,21.844660194174757,7.281553398058253,0.0,19.41747572815534,0.0,0.0,0.0,0.0,2.4271844660194173,14.563106796116505,0.0,14.563106796116505
180645,79.20792079207921,17.32673267326733,29.7029702970297,7.425742574257425,4.9504950495049505,81.68316831683168,9.900990099009901,29.7029702970297,2.4752475247524752,2.4752475247524752,0.0,2.4752475247524752,12.376237623762377,7.425742574257425,2.4752475247524752,158.41584158415841,0.0,0.0,24.752475247524753,4.9504950495049505,0.0,0.0,4.9504950495049505,17.32673267326733,9.900990099009901,2.4752475247524752,0.0,0.0,4.9504950495049505,0.0,0.0,0.0,0.0,0.0,0.0,0.0,7.425742574257425,17.32673267326733,108.91089108910892,27.22772277227723,7.425742574257425,86.63366336633663,0.5784061696658098,4.071979434447301,4.9504950495049505,2.4752475247524752,0.0,2.4752475247524752,17.32673267326733,0.0,4.9504950495049505,9.900990099009901,0.0,4.9504950495049505,12.376237623762377,17.32673267326733,2.4752475247524752,2.4752475247524752,34.65346534653466,0.0,0.0,0.0,2.4752475247524752,7.425742574257425,14.85148514851485,0.0,9.900990099009901
180716,76.00950118764845,2.375296912114014,4.750593824228028,2.375296912114014,4.750593824228028,35.62945368171022,0.0,4.750593824228028,38.00475059382423,0.0,2.375296912114014,0.0,9.501187648456057,19.002375296912113,0.0,239.90498812351544,2.375296912114014,2.375296912114014,26.128266033254157,0.0,0.0,0.0,0.0,14.251781472684087,4.750593824228028,4.750593824228028,9.501187648456057,2.375296912114014,7.125890736342043,0.0,0.0,0.0,0.0,0.0,0.0,0.0,2.375296912114014,7.125890736342043,106.88836104513064,87.88598574821853,2.375296912114014,42.75534441805225,0.5478468899521531,4.638755980861244,2.375296912114014,7.125890736342043,0.0,0.0,7.125890736342043,0.0,7.125890736342043,0.0,0.0,2.375296912114014,2.375296912114014,11.876484560570072,0.0,4.750593824228028,2.375296912114014,0.0,0.0,0.0,0.0,4.750593824228028,7.125890736342043,2.375296912114014,2.375296912114014
181469,94.20289855072464,2.4154589371980677,14.492753623188406,4.830917874396135,4.830917874396135,12.077294685990339,7.246376811594203,45.893719806763286,24.154589371980677,0.0,12.077294685990339,4.830917874396135,9.66183574879227,4.830917874396135,0.0,222.2222222222222,12.077294685990339,0.0,26.570048309178745,4.830917874396135,2.4154589371980677,0.0,2.4154589371980677,28.985507246376812,2.4154589371980677,0.0,0.0,2.4154589371980677,2.4154589371980677,0.0,0.0,0.0,0.0,0.0,2.4154589371980677,0.0,4.830917874396135,14.492753623188406,86.95652173913044,41.06280193236715,4.830917874396135,70.04830917874396,0.556390977443609,4.471177944862156,2.4154589371980677,2.4154589371980677,2.4154589371980677,2.4154589371980677,16.908212560386474,0.0,7.246376811594203,4.830917874396135,0.0,4.830917874396135,2.4154589371980677,26.570048309178745,0.0,0.0,21.73913043478261,0.0,2.4154589371980677,0.0,2.4154589371980677,7.246376811594203,19.32367149758454,12.077294685990339,14.492753623188406
182060,90.69212410501193,16.706443914081145,16.706443914081145,4.773269689737471,7.159904534606206,90.69212410501193,9.546539379474941,26.252983293556085,11.933174224343675,2.3866348448687353,7.159904534606206,2.3866348448687353,9.546539379474941,21.479713603818613,0.0,188.54415274463008,4.773269689737471,0.0,21.479713603818613,7.159904534606206,0.0,0.0,0.0,16.706443914081145,4.773269689737471,0.0,4.773269689737471,0.0,0.0,0.0,4.773269689737471,0.0,0.0,0.0,0.0,0.0,0.0,14.319809069212411,102.6252983293556,28.639618138424822,4.773269689737471,59.665871121718375,0.6210268948655256,4.496332518337408,0.0,4.773269689737471,0.0,0.0,4.773269689737471,2.3866348448687353,7.159904534606206,7.159904534606206,2.3866348448687353,7.159904534606206,4.773269689737471,26.252983293556085,4.773269689737471,0.0,21.479713603818613,2.3866348448687353,0.0,0.0,2.3866348448687353,7.159904534606206,9.546539379474941,2.3866348448687353,7.159904534606206
183466,98.5576923076923,24.03846153846154,0.0,0.0,4.807692307692308,72.11538461538461,0.0,2.403846153846154,21.634615384615383,2.403846153846154,14.423076923076923,0.0,14.423076923076923,28.846153846153847,4.807692307692308,182.69230769230768,12.01923076923077,0.0,36.05769230769231,4.807692307692308,4.807692307692308,0.0,2.403846153846154,26.442307692307693,4.807692307692308,0.0,0.0,2.403846153846154,2.403846153846154,2.403846153846154,0.0,0.0,0.0,0.0,0.0,0.0,4.807692307692308,2.403846153846154,88.9423076923077,57.69230769230769,7.211538461538462,74.51923076923077,0.5498783454987834,4.532846715328467,2.403846153846154,0.0,4.807692307692308,2.403846153846154,12.01923076923077,0.0,9.615384615384617,7.211538461538462,2.403846153846154,4.807692307692308,0.0,28.846153846153847,2.403846153846154,2.403846153846154,2.403846153846154,2.403846153846154,2.403846153846154,0.0,4.807692307692308,4.807692307692308,9.615384615384617,2.403846153846154,7.211538461538462
1836,102.94117647058823,7.352941176470588,9.803921568627452,4.901960784313726,0.0,14.705882352941176,0.0,0.0,26.96078431372549,7.352941176470588,2.450980392156863,0.0,19.607843137254903,24.509803921568626,0.0,242.64705882352942,4.901960784313726,0.0,31.862745098039213,4.901960784313726,0.0,0.0,0.0,19.607843137254903,0.0,0.0,9.803921568627452,2.450980392156863,4.901960784313726,0.0,0.0,0.0,0.0,0.0,0.0,0.0,0.0,19.607843137254903,100.49019607843138,51.470588235294116,12.254901960784313,44.11764705882353,0.5392156862745098,4.490196078431373,0.0,0.0,0.0,0.0,4.901960784313726,0.0,9.803921568627452,2.450980392156863,0.0,2.450980392156863,4.901960784313726,14.705882352941176,2.450980392156863,4.901960784313726,0.0,0.0,0.0,0.0,2.450980392156863,9.803921568627452,19.607843137254903,0.0,0.0
1860,100.0,24.390243902439025,0.0,9.75609756097561,2.4390243902439024,58.53658536585366,0.0,19.51219512195122,2.4390243902439024,2.4390243902439024,0.0,0.0,31.70731707317073,7.317073170731708,2.4390243902439024,234.14634146341464,2.4390243902439024,0.0,36.58536585365854,4.878048780487805,2.4390243902439024,0.0,0.0,14.634146341463415,4.878048780487805,0.0,0.0,0.0,0.0,2.4390243902439024,14.634146341463415,0.0,0.0,2.4390243902439024,0.0,0.0,2.4390243902439024,7.317073170731708,104.8780487804878,60.97560975609756,2.4390243902439024,46.34146341463415,0.5990220048899756,4.537897310513447,4.878048780487805,0.0,0.0,2.4390243902439024,4.878048780487805,0.0,2.4390243902439024,14.634146341463415,0.0,0.0,0.0,12.195121951219512,0.0,2.4390243902439024,0.0,0.0,2.4390243902439024,0.0,7.317073170731708,7.317073170731708,9.75609756097561,2.4390243902439024,2.4390243902439024
189206,92.96482412060301,7.537688442211055,0.0,2.512562814070352,0.0,87.93969849246231,0.0,5.025125628140704,20.100502512562816,20.100502512562816,7.537688442211055,0.0,12.56281407035176,32.663316582914575,0.0,190.95477386934672,2.512562814070352,0.0,40.20100502512563,2.512562814070352,0.0,0.0,0.0,27.638190954773872,5.025125628140704,2.512562814070352,0.0,0.0,2.512562814070352,0.0,0.0,0.0,0.0,2.512562814070352,0.0,0.0,2.512562814070352,5.025125628140704,75.37688442211055,75.37688442211055,15.07537688442211,65.32663316582915,0.5597964376590331,4.676844783715013,0.0,2.512562814070352,2.512562814070352,0.0,12.56281407035176,0.0,2.512562814070352,7.537688442211055,0.0,7.537688442211055,0.0,30.15075376884422,7.537688442211055,7.537688442211055,7.537688442211055,0.0,0.0,0.0,5.025125628140704,7.537688442211055,15.07537688442211,5.025125628140704,12.56281407035176
189396,56.93069306930693,4.9504950495049505,19.801980198019802,9.900990099009901,4.9504950495049505,19.801980198019802,24.752475247524753,22.277227722772277,4.9504950495049505,2.4752475247524752,0.0,0.0,12.376237623762377,27.22772277227723,7.425742574257425,264.8514851485149,0.0,0.0,19.801980198019802,0.0,2.4752475247524752,0.0,0.0,17.32673267326733,4.9504950495049505,0.0,2.4752475247524752,0.0,0.0,0.0,4.9504950495049505,0.0,0.0,0.0,0.0,0.0,4.9504950495049505,4.9504950495049505,101.48514851485149,44.554455445544555,7.425742574257425,74.25742574257426,0.6285714285714286,4.740259740259741,2.4752475247524752,7.425742574257425,0.0,0.0,4.9504950495049505,2.4752475247524752,2.4752475247524752,7.425742574257425,2.4752475247524752,2.4752475247524752,0.0,22.277227722772277,0.0,4.9504950495049505,14.85148514851485,0.0,0.0,2.4752475247524752,4.9504950495049505,12.376237623762377,12.376237623762377,0.0,12.376237623762377
189940,2.398081534772182,0.0,52.75779376498801,4.796163069544364,4.796163069544364,38.36930455635491,40.7673860911271,9.592326139088728,7.194244604316547,2.398081534772182,0.0,0.0,28.77697841726619,14.388489208633095,9.592326139088728,155.87529976019184,4.796163069544364,0.0,28.77697841726619,2.398081534772182,0.0,0.0,2.398081534772182,38.36930455635491,0.0,0.0,7.194244604316547,0.0,9.592326139088728,2.398081534772182,2.398081534772182,0.0,0.0,0.0,0.0,0.0,9.592326139088728,9.592326139088728,79.13669064748201,40.7673860911271,14.388489208633095,57.55395683453238,0.4628712871287129,4.631188118811881,4.796163069544364,0.0,0.0,0.0,9.592326139088728,0.0,4.796163069544364,19.184652278177456,0.0,21.58273381294964,21.58273381294964,26.378896882494004,7.194244604316547,4.796163069544364,26.378896882494004,0.0,4.796163069544364,0.0,7.194244604316547,28.77697841726619,23.980815347721823,0.0,4.796163069544364
19175,96.53465346534654,19.801980198019802,9.900990099009901,0.0,2.4752475247524752,84.15841584158416,7.425742574257425,0.0,14.85148514851485,2.4752475247524752,4.9504950495049505,0.0,7.425742574257425,14.85148514851485,0.0,212.87128712871288,0.0,0.0,32.17821782178218,4.9504950495049505,0.0,0.0,0.0,7.425742574257425,7.425742574257425,0.0,2.4752475247524752,7.425742574257425,2.4752475247524752,0.0,2.4752475247524752,0.0,0.0,0.0,0.0,2.4752475247524752,2.4752475247524752,7.425742574257425,99.00990099009901,39.603960396039604,9.900990099009901,69.30693069306932,0.5561224489795918,4.303571428571429,0.0,2.4752475247524752,0.0,0.0,2.4752475247524752,2.4752475247524752,7.425742574257425,4.9504950495049505,0.0,2.4752475247524752,4.9504950495049505,19.801980198019802,0.0,0.0,9.900990099009901,0.0,2.4752475247524752,0.0,0.0,0.0,4.9504950495049505,2.4752475247524752,2.4752475247524752
191997,0.0,0.0,106.43564356435644,4.9504950495049505,7.425742574257425,0.0,0.0,84.15841584158416,27.22772277227723,0.0,4.9504950495049505,0.0,9.900990099009901,19.801980198019802,2.4752475247524752,215.34653465346534,7.425742574257425,0.0,49.504950495049506,4.9504950495049505,0.0,0.0,0.0,24.752475247524753,4.9504950495049505,0.0,4.9504950495049505,0.0,0.0,0.0,0.0,0.0,0.0,0.0,2.4752475247524752,2.4752475247524752,0.0,7.425742574257425,113.86138613861387,34.65346534653466,2.4752475247524752,66.83168316831683,0.5681233933161953,4.580976863753214,7.425742574257425,7.425742574257425,0.0,0.0,4.9504950495049505,2.4752475247524752,7.425742574257425,4.9504950495049505,0.0,0.0,0.0,27.22772277227723,4.9504950495049505,0.0,32.17821782178218,0.0,0.0,0.0,2.4752475247524752,7.425742574257425,7.425742574257425,0.0,7.425742574257425
192033,12.40694789081886,9.925558312655086,99.25558312655087,7.444168734491315,0.0,0.0,81.88585607940446,0.0,17.3697270471464,4.962779156327543,9.925558312655086,2.4813895781637716,12.40694789081886,32.25806451612903,2.4813895781637716,181.14143920595532,7.444168734491315,0.0,29.77667493796526,0.0,2.4813895781637716,0.0,0.0,27.29528535980149,7.444168734491315,0.0,0.0,0.0,2.4813895781637716,0.0,0.0,0.0,0.0,0.0,9.925558312655086,0.0,9.925558312655086,4.962779156327543,94.29280397022333,52.10918114143921,2.4813895781637716,69.4789081885856,0.5903307888040712,4.783715012722646,0.0,0.0,2.4813895781637716,0.0,9.925558312655086,0.0,7.444168734491315,12.40694789081886,0.0,4.962779156327543,0.0,37.220843672456574,4.962779156327543,0.0,24.81389578163772,0.0,2.4813895781637716,0.0,0.0,0.0,12.40694789081886,0.0,14.88833746898263
193110,61.72839506172839,2.4691358024691357,14.814814814814815,4.938271604938271,0.0,74.07407407407408,9.876543209876543,9.876543209876543,9.876543209876543,0.0,4.938271604938271,0.0,2.4691358024691357,14.814814814814815,2.4691358024691357,237.03703703703704,4.938271604938271,0.0,19.753086419753085,2.4691358024691357,0.0,0.0,0.0,27.160493827160494,7.407407407407407,0.0,4.938271604938271,0.0,0.0,0.0,2.4691358024691357,0.0,0.0,0.0,0.0,0.0,0.0,7.407407407407407,93.82716049382717,64.19753086419753,2.4691358024691357,71.60493827160494,0.5883838383838383,4.53030303030303,2.4691358024691357,4.938271604938271,0.0,2.4691358024691357,14.814814814814815,2.4691358024691357,4.938271604938271,2.4691358024691357,0.0,9.876543209876543,0.0,27.160493827160494,0.0,2.4691358024691357,9.876543209876543,0.0,0.0,0.0,2.4691358024691357,4.938271604938271,4.938271604938271,9.876543209876543,7.407407407407407
194922,58.08080808080808,2.5252525252525255,22.727272727272727,2.5252525252525255,0.0,10.101010101010102,15.151515151515152,63.131313131313135,7.575757575757576,5.050505050505051,7.575757575757576,5.050505050505051,7.575757575757576,22.727272727272727,5.050505050505051,229.79797979797982,2.5252525252525255,0.0,15.151515151515152,0.0,0.0,0.0,0.0,12.626262626262626,2.5252525252525255,0.0,7.575757575757576,2.5252525252525255,2.5252525252525255,0.0,0.0,0.0,2.5252525252525255,0.0,0.0,0.0,0.0,10.101010101010102,106.06060606060606,65.65656565656566,5.050505050505051,63.131313131313135,0.5968992248062015,4.669250645994832,2.5252525252525255,2.5252525252525255,0.0,0.0,5.050505050505051,0.0,2.5252525252525255,10.101010101010102,0.0,5.050505050505051,2.5252525252525255,22.727272727272727,0.0,2.5252525252525255,7.575757575757576,2.5252525252525255,0.0,0.0,10.101010101010102,20.202020202020204,12.626262626262626,2.5252525252525255,7.575757575757576
196037,85.71428571428571,9.523809523809526,16.666666666666668,2.3809523809523814,9.523809523809526,19.04761904761905,0.0,35.714285714285715,16.666666666666668,0.0,4.761904761904763,0.0,21.428571428571427,16.666666666666668,14.285714285714285,207.14285714285717,0.0,4.761904761904763,26.19047619047619,7.142857142857142,0.0,0.0,0.0,14.285714285714285,9.523809523809526,0.0,0.0,0.0,2.3809523809523814,0.0,0.0,0.0,0.0,0.0,0.0,0.0,4.761904761904763,14.285714285714285,85.71428571428571,64.28571428571428,7.142857142857142,102.38095238095238,0.6191646191646192,4.6928746928746925,2.3809523809523814,7.142857142857142,0.0,2.3809523809523814,11.904761904761903,2.3809523809523814,7.142857142857142,4.761904761904763,0.0,7.142857142857142,2.3809523809523814,16.666666666666668,11.904761904761903,4.761904761904763,16.666666666666668,2.3809523809523814,0.0,0.0,2.3809523809523814,7.142857142857142,11.904761904761903,4.761904761904763,11.904761904761903
196975,101.94174757281553,7.281553398058253,19.41747572815534,12.135922330097086,12.135922330097086,4.854368932038835,4.854368932038835,104.36893203883494,16.990291262135923,7.281553398058253,7.281553398058253,2.4271844660194173,14.563106796116505,0.0,7.281553398058253,169.90291262135923,2.4271844660194173,2.4271844660194173,41.2621359223301,2.4271844660194173,2.4271844660194173,0.0,4.854368932038835,9.70873786407767,4.854368932038835,0.0,0.0,0.0,2.4271844660194173,0.0,0.0,0.0,0.0,0.0,0.0,0.0,2.4271844660194173,9.70873786407767,70.3883495145631,41.2621359223301,7.281553398058253,87.37864077669903,0.5409429280397022,4.320099255583126,0.0,7.281553398058253,4.854368932038835,0.0,4.854368932038835,0.0,4.854368932038835,12.135922330097086,4.854368932038835,7.281553398058253,4.854368932038835,26.699029126213592,4.854368932038835,2.4271844660194173,21.844660194174757,2.4271844660194173,2.4271844660194173,0.0,4.854368932038835,9.70873786407767,19.41747572815534,0.0,9.70873786407767
198413,54.32098765432099,9.876543209876543,32.098765432098766,4.938271604938271,2.4691358024691357,7.407407407407407,17.28395061728395,66.66666666666667,17.28395061728395,0.0,7.407407407407407,0.0,19.753086419753085,12.345679012345679,7.407407407407407,239.50617283950618,9.876543209876543,0.0,24.691358024691358,4.938271604938271,0.0,0.0,0.0,2.4691358024691357,4.938271604938271,2.4691358024691357,7.407407407407407,2.4691358024691357,2.4691358024691357,0.0,0.0,0.0,2.4691358024691357,2.4691358024691357,0.0,0.0,0.0,4.938271604938271,130.8641975308642,44.44444444444444,0.0,64.19753086419753,0.6116751269035533,4.66243654822335,4.938271604938271,0.0,2.4691358024691357,0.0,4.938271604938271,0.0,4.938271604938271,2.4691358024691357,2.4691358024691357,12.345679012345679,2.4691358024691357,24.691358024691358,0.0,7.407407407407407,19.753086419753085,0.0,0.0,0.0,4.938271604938271,12.345679012345679,4.938271604938271,0.0,4.938271604938271
199637,69.1358024691358,7.407407407407407,27.160493827160494,0.0,2.4691358024691357,66.66666666666667,0.0,7.407407407407407,14.814814814814815,0.0,7.407407407407407,0.0,24.691358024691358,39.50617283950617,4.938271604938271,229.62962962962962,2.4691358024691357,0.0,17.28395061728395,2.4691358024691357,0.0,0.0,0.0,2.4691358024691357,2.4691358024691357,0.0,2.4691358024691357,0.0,9.876543209876543,0.0,0.0,0.0,0.0,0.0,0.0,0.0,7.407407407407407,9.876543209876543,103.7037037037037,64.19753086419753,2.4691358024691357,61.72839506172839,0.6095717884130982,5.007556675062972,2.4691358024691357,0.0,2.4691358024691357,2.4691358024691357,7.407407407407407,7.407407407407407,2.4691358024691357,14.814814814814815,0.0,4.938271604938271,9.876543209876543,17.28395061728395,7.407407407407407,0.0,7.407407407407407,0.0,0.0,0.0,4.938271604938271,9.876543209876543,9.876543209876543,4.938271604938271,9.876543209876543
200736,72.11538461538461,7.211538461538462,16.826923076923077,7.211538461538462,2.403846153846154,9.615384615384617,0.0,33.65384615384615,2.403846153846154,0.0,0.0,0.0,14.423076923076923,9.615384615384617,4.807692307692308,254.8076923076923,2.403846153846154,0.0,14.423076923076923,0.0,0.0,0.0,0.0,4.807692307692308,2.403846153846154,2.403846153846154,2.403846153846154,0.0,0.0,0.0,4.807692307692308,0.0,0.0,0.0,0.0,2.403846153846154,0.0,12.01923076923077,132.21153846153845,84.13461538461539,4.807692307692308,52.88461538461539,0.6299019607843137,4.7181372549019605,2.403846153846154,0.0,0.0,0.0,7.211538461538462,0.0,0.0,12.01923076923077,0.0,2.403846153846154,2.403846153846154,21.634615384615383,0.0,0.0,7.211538461538462,0.0,0.0,0.0,0.0,9.615384615384617,4.807692307692308,0.0,12.01923076923077
201072,19.093078758949883,7.159904534606206,88.3054892601432,0.0,9.546539379474941,66.82577565632458,4.773269689737471,23.86634844868735,14.319809069212411,4.773269689737471,11.933174224343675,0.0,23.86634844868735,14.319809069212411,2.3866348448687353,167.06443914081146,2.3866348448687353,0.0,45.346062052505964,4.773269689737471,0.0,0.0,0.0,7.159904534606206,4.773269689737471,0.0,2.3866348448687353,2.3866348448687353,7.159904534606206,0.0,2.3866348448687353,0.0,0.0,0.0,0.0,0.0,0.0,4.773269689737471,100.23866348448688,54.89260143198091,11.933174224343675,93.07875894988067,0.5781637717121588,4.573200992555831,0.0,2.3866348448687353,0.0,4.773269689737471,9.546539379474941,0.0,7.159904534606206,7.159904534606206,2.3866348448687353,0.0,2.3866348448687353,23.86634844868735,7.159904534606206,0.0,35.79952267303103,0.0,2.3866348448687353,0.0,9.546539379474941,19.093078758949883,19.093078758949883,0.0,4.773269689737471
20208,110.57692307692307,9.615384615384617,0.0,2.403846153846154,4.807692307692308,0.0,0.0,50.48076923076923,21.634615384615383,2.403846153846154,0.0,0.0,12.01923076923077,9.615384615384617,4.807692307692308,266.8269230769231,0.0,0.0,43.26923076923077,0.0,0.0,0.0,0.0,2.403846153846154,2.403846153846154,0.0,0.0,2.403846153846154,7.211538461538462,0.0,2.403846153846154,0.0,0.0,0.0,0.0,0.0,0.0,9.615384615384617,127.40384615384615,76.92307692307693,12.01923076923077,43.26923076923077,0.5749385749385749,4.697788697788698,0.0,4.807692307692308,0.0,2.403846153846154,4.807692307692308,0.0,0.0,0.0,0.0,0.0,4.807692307692308,2.403846153846154,2.403846153846154,2.403846153846154,12.01923076923077,0.0,0.0,0.0,0.0,12.01923076923077,16.826923076923077,0.0,12.01923076923077
202837,12.468827930174564,14.962593516209475,77.3067331670823,4.987531172069826,9.975062344139651,47.38154613466334,0.0,29.92518703241895,9.975062344139651,4.987531172069826,7.481296758104738,0.0,17.456359102244388,4.987531172069826,4.987531172069826,219.45137157107231,2.493765586034913,0.0,37.406483790523694,2.493765586034913,0.0,0.0,0.0,27.43142144638404,4.987531172069826,0.0,0.0,2.493765586034913,4.987531172069826,0.0,2.493765586034913,0.0,0.0,0.0,0.0,0.0,0.0,2.493765586034913,114.713216957606,62.34413965087282,12.468827930174564,64.83790523690773,0.5818181818181818,4.5636363636363635,4.987531172069826,0.0,0.0,0.0,2.493765586034913,0.0,2.493765586034913,4.987531172069826,0.0,0.0,2.493765586034913,12.468827930174564,2.493765586034913,2.493765586034913,24.93765586034913,0.0,2.493765586034913,0.0,0.0,19.950124688279303,14.962593516209475,0.0,7.481296758104738
204344,95.35452322738386,19.559902200489,0.0,2.444987775061125,2.444987775061125,73.34963325183375,0.0,7.334963325183374,22.004889975550125,4.88997555012225,2.444987775061125,0.0,12.224938875305625,12.224938875305625,0.0,188.2640586797066,12.224938875305625,0.0,29.339853300733495,12.224938875305625,0.0,0.0,4.88997555012225,4.88997555012225,2.444987775061125,0.0,0.0,2.444987775061125,2.444987775061125,0.0,0.0,0.0,2.444987775061125,0.0,0.0,0.0,4.88997555012225,4.88997555012225,102.68948655256723,44.00977995110025,9.7799511002445,97.799511002445,0.5382716049382716,4.274074074074074,2.444987775061125,4.88997555012225,2.444987775061125,0.0,12.224938875305625,0.0,7.334963325183374,7.334963325183374,0.0,4.88997555012225,7.334963325183374,19.559902200489,2.444987775061125,2.444987775061125,4.88997555012225,2.444987775061125,0.0,0.0,4.88997555012225,7.334963325183374,12.224938875305625,2.444987775061125,9.7799511002445
204723,116.2227602905569,9.685230024213075,0.0,7.263922518159807,2.4213075060532687,0.0,4.842615012106537,38.7409200968523,36.31961259079903,0.0,4.842615012106537,0.0,16.949152542372882,19.37046004842615,2.4213075060532687,186.4406779661017,7.263922518159807,0.0,46.00484261501211,7.263922518159807,2.4213075060532687,2.4213075060532687,2.4213075060532687,12.106537530266344,2.4213075060532687,0.0,2.4213075060532687,2.4213075060532687,4.842615012106537,2.4213075060532687,0.0,0.0,0.0,0.0,0.0,0.0,2.4213075060532687,19.37046004842615,92.00968523002422,62.953995157384995,9.685230024213075,84.7457627118644,0.5285359801488834,4.555831265508685,0.0,2.4213075060532687,0.0,2.4213075060532687,12.106537530266344,0.0,9.685230024213075,7.263922518159807,0.0,0.0,4.842615012106537,16.949152542372882,14.527845036319613,0.0,9.685230024213075,0.0,2.4213075060532687,2.4213075060532687,4.842615012106537,4.842615012106537,9.685230024213075,2.4213075060532687,12.106537530266344
211323,65.85365853658537,12.195121951219512,26.829268292682926,2.4390243902439024,0.0,24.390243902439025,14.634146341463415,24.390243902439025,9.75609756097561,9.75609756097561,4.878048780487805,0.0,17.073170731707318,14.634146341463415,12.195121951219512,209.7560975609756,4.878048780487805,0.0,34.146341463414636,2.4390243902439024,0.0,0.0,2.4390243902439024,29.26829268292683,2.4390243902439024,0.0,2.4390243902439024,7.317073170731708,4.878048780487805,0.0,0.0,0.0,0.0,0.0,0.0,0.0,7.317073170731708,12.195121951219512,87.80487804878048,53.65853658536585,7.317073170731708,73.17073170731707,0.6269035532994924,4.83502538071066,4.878048780487805,2.4390243902439024,2.4390243902439024,0.0,9.75609756097561,0.0,2.4390243902439024,7.317073170731708,0.0,9.75609756097561,7.317073170731708,12.195121951219512,2.4390243902439024,0.0,24.390243902439025,0.0,2.4390243902439024,0.0,4.878048780487805,2.4390243902439024,7.317073170731708,0.0,7.317073170731708
211513,89.58837772397095,9.685230024213075,31.476997578692497,0.0,9.685230024213075,65.37530266343826,16.949152542372882,7.263922518159807,26.634382566585955,0.0,4.842615012106537,2.4213075060532687,9.685230024213075,2.4213075060532687,2.4213075060532687,188.86198547215497,9.685230024213075,0.0,33.898305084745765,4.842615012106537,7.263922518159807,0.0,2.4213075060532687,12.106537530266344,0.0,0.0,0.0,0.0,2.4213075060532687,0.0,0.0,0.0,0.0,0.0,0.0,0.0,0.0,9.685230024213075,82.32445520581113,29.055690072639226,7.263922518159807,77.4818401937046,0.585427135678392,4.251256281407035,0.0,2.4213075060532687,0.0,0.0,9.685230024213075,2.4213075060532687,2.4213075060532687,7.263922518159807,0.0,16.949152542372882,7.263922518159807,29.055690072639226,0.0,2.4213075060532687,26.634382566585955,0.0,0.0,0.0,2.4213075060532687,7.263922518159807,14.527845036319613,0.0,9.685230024213075
213127,99.7566909975669,0.0,0.0,12.165450121654501,4.866180048661801,72.992700729927,0.0,4.866180048661801,36.4963503649635,2.4330900243309004,4.866180048661801,0.0,9.732360097323602,7.299270072992701,2.4330900243309004,165.4501216545012,7.299270072992701,0.0,21.897810218978105,4.866180048661801,0.0,0.0,0.0,26.7639902676399,4.866180048661801,0.0,0.0,0.0,4.866180048661801,0.0,0.0,0.0,0.0,0.0,0.0,0.0,7.299270072992701,12.165450121654501,90.02433090024331,55.961070559610704,4.866180048661801,87.59124087591242,0.5185185185185185,4.135802469135802,2.4330900243309004,2.4330900243309004,2.4330900243309004,0.0,9.732360097323602,0.0,9.732360097323602,4.866180048661801,0.0,7.299270072992701,0.0,14.598540145985401,9.732360097323602,7.299270072992701,9.732360097323602,0.0,2.4330900243309004,0.0,0.0,9.732360097323602,12.165450121654501,2.4330900243309004,14.598540145985401
213816,68.7960687960688,9.828009828009828,29.484029484029485,9.828009828009828,0.0,49.140049140049136,24.570024570024568,27.027027027027028,4.914004914004914,0.0,0.0,0.0,17.1990171990172,24.570024570024568,2.457002457002457,235.87223587223588,12.285012285012284,0.0,22.11302211302211,0.0,2.457002457002457,0.0,0.0,17.1990171990172,4.914004914004914,2.457002457002457,2.457002457002457,2.457002457002457,0.0,0.0,2.457002457002457,0.0,0.0,0.0,0.0,2.457002457002457,2.457002457002457,12.285012285012284,113.02211302211303,61.42506142506143,4.914004914004914,34.3980343980344,0.5969773299748111,4.949622166246852,2.457002457002457,0.0,0.0,0.0,2.457002457002457,2.457002457002457,9.828009828009828,0.0,0.0,4.914004914004914,4.914004914004914,24.570024570024568,9.828009828009828,0.0,12.285012285012284,0.0,2.457002457002457,0.0,2.457002457002457,9.828009828009828,7.371007371007371,0.0,2.457002457002457
215787,117.20698254364089,14.962593516209475,0.0,2.493765586034913,4.987531172069826,0.0,0.0,104.73815461346634,32.418952618453865,9.975062344139651,9.975062344139651,0.0,29.92518703241895,4.987531172069826,0.0,174.5635910224439,2.493765586034913,0.0,37.406483790523694,4.987531172069826,0.0,0.0,0.0,17.456359102244388,0.0,2.493765586034913,0.0,2.493765586034913,4.987531172069826,0.0,0.0,2.493765586034913,0.0,0.0,0.0,0.0,0.0,14.962593516209475,92.26932668329177,37.406483790523694,4.987531172069826,72.31920199501248,0.5089058524173028,4.190839694656488,2.493765586034913,0.0,2.493765586034913,0.0,7.481296758104738,0.0,9.975062344139651,7.481296758104738,0.0,9.975062344139651,0.0,29.92518703241895,0.0,9.975062344139651,19.950124688279303,0.0,0.0,0.0,4.987531172069826,7.481296758104738,19.950124688279303,7.481296758104738,2.493765586034913
227355,73.17073170731707,9.75609756097561,14.634146341463415,4.878048780487805,4.878048780487805,43.90243902439024,0.0,17.073170731707318,19.51219512195122,2.4390243902439024,4.878048780487805,0.0,17.073170731707318,19.51219512195122,2.4390243902439024,246.34146341463415,17.073170731707318,0.0,9.75609756097561,0.0,0.0,0.0,4.878048780487805,21.95121951219512,4.878048780487805,2.4390243902439024,7.317073170731708,2.4390243902439024,7.317073170731708,0.0,2.4390243902439024,0.0,0.0,0.0,0.0,0.0,4.878048780487805,7.317073170731708,121.95121951219512,36.58536585365854,7.317073170731708,39.02439024390244,0.5533498759305211,4.67741935483871,0.0,2.4390243902439024,0.0,0.0,2.4390243902439024,0.0,12.195121951219512,4.878048780487805,2.4390243902439024,2.4390243902439024,12.195121951219512,26.829268292682926,2.4390243902439024,2.4390243902439024,0.0,0.0,2.4390243902439024,0.0,2.4390243902439024,9.75609756097561,9.75609756097561,2.4390243902439024,2.4390243902439024
228678,69.87951807228916,12.048192771084338,21.686746987951807,9.63855421686747,0.0,0.0,0.0,98.79518072289156,2.4096385542168677,0.0,0.0,2.4096385542168677,26.50602409638554,26.50602409638554,7.228915662650603,238.55421686746988,0.0,0.0,21.686746987951807,2.4096385542168677,0.0,0.0,0.0,14.457831325301205,4.819277108433735,0.0,2.4096385542168677,0.0,2.4096385542168677,0.0,2.4096385542168677,0.0,2.4096385542168677,0.0,0.0,0.0,0.0,12.048192771084338,115.66265060240964,67.46987951807229,0.0,60.24096385542169,0.5911330049261084,4.75615763546798,2.4096385542168677,0.0,0.0,0.0,2.4096385542168677,0.0,7.228915662650603,4.819277108433735,2.4096385542168677,0.0,2.4096385542168677,19.27710843373494,2.4096385542168677,4.819277108433735,9.63855421686747,0.0,0.0,0.0,0.0,9.63855421686747,4.819277108433735,2.4096385542168677,4.819277108433735
229835,66.01466992665037,2.444987775061125,24.44987775061125,7.334963325183374,0.0,12.224938875305625,2.444987775061125,26.89486552567237,14.669926650366747,2.444987775061125,0.0,0.0,9.7799511002445,7.334963325183374,0.0,300.7334963325183,12.224938875305625,4.88997555012225,17.114914425427873,0.0,2.444987775061125,0.0,0.0,12.224938875305625,7.334963325183374,0.0,7.334963325183374,0.0,2.444987775061125,0.0,0.0,0.0,0.0,0.0,0.0,0.0,2.444987775061125,4.88997555012225,102.68948655256723,48.8997555012225,4.88997555012225,70.90464547677261,0.6340852130325815,4.887218045112782,2.444987775061125,2.444987775061125,2.444987775061125,2.444987775061125,9.7799511002445,0.0,0.0,2.444987775061125,0.0,2.444987775061125,12.224938875305625,24.44987775061125,2.444987775061125,0.0,12.224938875305625,0.0,0.0,0.0,2.444987775061125,4.88997555012225,4.88997555012225,0.0,7.334963325183374
231183,94.56264775413712,2.3640661938534278,14.184397163120567,2.3640661938534278,4.7281323877068555,47.28132387706856,21.27659574468085,21.27659574468085,7.092198581560283,0.0,0.0,2.3640661938534278,35.46099290780142,11.82033096926714,4.7281323877068555,189.12529550827423,4.7281323877068555,0.0,37.825059101654844,0.0,2.3640661938534278,0.0,0.0,9.456264775413711,7.092198581560283,0.0,2.3640661938534278,7.092198581560283,21.27659574468085,2.3640661938534278,2.3640661938534278,0.0,0.0,0.0,0.0,0.0,2.3640661938534278,14.184397163120567,87.47044917257683,37.825059101654844,9.456264775413711,85.1063829787234,0.6072289156626506,4.706024096385542,0.0,2.3640661938534278,0.0,2.3640661938534278,16.548463356973993,0.0,9.456264775413711,14.184397163120567,2.3640661938534278,4.7281323877068555,4.7281323877068555,26.004728132387708,4.7281323877068555,0.0,9.456264775413711,4.7281323877068555,0.0,2.3640661938534278,7.092198581560283,7.092198581560283,9.456264775413711,0.0,7.092198581560283
235905,87.75981524249423,0.0,9.237875288683602,9.237875288683602,2.3094688221709005,50.80831408775981,0.0,48.49884526558892,11.547344110854503,2.3094688221709005,9.237875288683602,0.0,13.856812933025404,13.856812933025404,2.3094688221709005,175.51963048498845,4.618937644341801,0.0,32.33256351039261,2.3094688221709005,2.3094688221709005,0.0,0.0,13.856812933025404,4.618937644341801,0.0,4.618937644341801,9.237875288683602,2.3094688221709005,0.0,2.3094688221709005,0.0,0.0,4.618937644341801,0.0,0.0,9.237875288683602,9.237875288683602,103.92609699769054,64.66512702078522,6.928406466512702,85.45034642032333,0.5771028037383178,4.58411214953271,2.3094688221709005,4.618937644341801,0.0,4.618937644341801,11.547344110854503,0.0,4.618937644341801,4.618937644341801,0.0,2.3094688221709005,2.3094688221709005,13.856812933025404,0.0,2.3094688221709005,11.547344110854503,0.0,0.0,0.0,4.618937644341801,6.928406466512702,6.928406466512702,4.618937644341801,13.856812933025404
236889,65.37530266343826,4.842615012106537,7.263922518159807,0.0,2.4213075060532687,31.476997578692497,7.263922518159807,46.00484261501211,7.263922518159807,0.0,0.0,0.0,19.37046004842615,31.476997578692497,4.842615012106537,217.91767554479418,4.842615012106537,2.4213075060532687,12.106537530266344,2.4213075060532687,0.0,0.0,2.4213075060532687,7.263922518159807,2.4213075060532687,0.0,0.0,4.842615012106537,7.263922518159807,0.0,0.0,0.0,0.0,2.4213075060532687,2.4213075060532687,2.4213075060532687,0.0,14.527845036319613,116.2227602905569,70.2179176755448,4.842615012106537,55.69007263922518,0.6592592592592592,5.088888888888889,0.0,0.0,0.0,2.4213075060532687,4.842615012106537,0.0,4.842615012106537,4.842615012106537,0.0,2.4213075060532687,2.4213075060532687,14.527845036319613,2.4213075060532687,2.4213075060532687,9.685230024213075,0.0,0.0,0.0,4.842615012106537,9.685230024213075,4.842615012106537,7.263922518159807,4.842615012106537
237180,88.45208845208845,0.0,7.371007371007371,0.0,7.371007371007371,93.36609336609337,0.0,24.570024570024568,4.914004914004914,0.0,4.914004914004914,0.0,17.1990171990172,17.1990171990172,4.914004914004914,228.5012285012285,2.457002457002457,0.0,22.11302211302211,0.0,4.914004914004914,0.0,0.0,12.285012285012284,4.914004914004914,0.0,2.457002457002457,0.0,4.914004914004914,0.0,0.0,0.0,0.0,0.0,0.0,0.0,7.371007371007371,7.371007371007371,110.56511056511056,61.42506142506143,9.828009828009828,63.88206388206388,0.6130653266331658,4.532663316582915,2.457002457002457,0.0,0.0,4.914004914004914,7.371007371007371,0.0,4.914004914004914,7.371007371007371,0.0,2.457002457002457,4.914004914004914,17.1990171990172,0.0,0.0,4.914004914004914,0.0,0.0,0.0,2.457002457002457,7.371007371007371,7.371007371007371,0.0,7.371007371007371
238133,74.62686567164178,2.487562189054726,57.21393034825871,9.950248756218905,0.0,67.16417910447761,24.875621890547265,24.875621890547265,22.388059701492537,9.950248756218905,24.875621890547265,4.975124378109452,12.437810945273633,27.36318407960199,0.0,151.74129353233832,0.0,0.0,44.776119402985074,2.487562189054726,0.0,0.0,0.0,19.90049751243781,7.462686567164179,0.0,2.487562189054726,0.0,0.0,0.0,0.0,0.0,2.487562189054726,0.0,0.0,0.0,4.975124378109452,9.950248756218905,97.01492537313433,29.850746268656717,14.925373134328359,97.01492537313433,0.578125,4.2734375,2.487562189054726,0.0,9.950248756218905,0.0,27.36318407960199,2.487562189054726,2.487562189054726,4.975124378109452,0.0,2.487562189054726,9.950248756218905,14.925373134328359,4.975124378109452,0.0,39.80099502487562,0.0,0.0,0.0,0.0,14.925373134328359,17.412935323383085,0.0,14.925373134328359
239166,2.4390243902439024,0.0,60.97560975609756,0.0,4.878048780487805,51.21951219512195,41.463414634146346,4.878048780487805,4.878048780487805,0.0,0.0,0.0,4.878048780487805,36.58536585365854,0.0,170.7317073170732,7.317073170731708,0.0,21.95121951219512,2.4390243902439024,0.0,0.0,0.0,34.146341463414636,0.0,0.0,7.317073170731708,2.4390243902439024,2.4390243902439024,0.0,0.0,0.0,0.0,0.0,0.0,2.4390243902439024,19.51219512195122,2.4390243902439024,82.92682926829269,70.73170731707316,14.634146341463415,36.58536585365854,0.49746192893401014,4.700507614213198,2.4390243902439024,0.0,0.0,4.878048780487805,0.0,0.0,12.195121951219512,7.317073170731708,0.0,17.073170731707318,9.75609756097561,34.146341463414636,9.75609756097561,2.4390243902439024,36.58536585365854,2.4390243902439024,2.4390243902439024,0.0,0.0,24.390243902439025,19.51219512195122,0.0,2.4390243902439024
241934,66.82577565632458,4.773269689737471,26.252983293556085,7.159904534606206,2.3866348448687353,45.346062052505964,4.773269689737471,33.41288782816229,14.319809069212411,4.773269689737471,2.3866348448687353,0.0,7.159904534606206,19.093078758949883,2.3866348448687353,207.63723150357995,4.773269689737471,2.3866348448687353,7.159904534606206,0.0,4.773269689737471,0.0,0.0,7.159904534606206,0.0,2.3866348448687353,0.0,2.3866348448687353,0.0,0.0,0.0,0.0,0.0,0.0,0.0,0.0,7.159904534606206,14.319809069212411,124.10501193317423,59.665871121718375,4.773269689737471,40.572792362768496,0.6317073170731707,4.560975609756097,0.0,0.0,0.0,2.3866348448687353,7.159904534606206,2.3866348448687353,2.3866348448687353,7.159904534606206,0.0,2.3866348448687353,4.773269689737471,9.546539379474941,7.159904534606206,4.773269689737471,14.319809069212411,2.3866348448687353,0.0,0.0,0.0,0.0,7.159904534606206,4.773269689737471,2.3866348448687353
244836,79.51807228915662,2.4096385542168677,0.0,4.819277108433735,7.228915662650603,0.0,0.0,9.63855421686747,14.457831325301205,0.0,2.4096385542168677,0.0,2.4096385542168677,33.734939759036145,4.819277108433735,226.50602409638554,16.867469879518072,0.0,9.63855421686747,2.4096385542168677,0.0,0.0,0.0,21.686746987951807,7.228915662650603,4.819277108433735,4.819277108433735,0.0,2.4096385542168677,0.0,0.0,0.0,0.0,0.0,0.0,2.4096385542168677,2.4096385542168677,7.228915662650603,115.66265060240964,89.1566265060241,4.819277108433735,62.65060240963856,0.6343825665859564,5.423728813559322,0.0,2.4096385542168677,2.4096385542168677,0.0,7.228915662650603,0.0,12.048192771084338,2.4096385542168677,0.0,4.819277108433735,0.0,12.048192771084338,4.819277108433735,2.4096385542168677,0.0,0.0,0.0,0.0,4.819277108433735,21.686746987951807,4.819277108433735,2.4096385542168677,0.0
245258,97.32360097323601,4.866180048661801,14.598540145985401,7.299270072992701,0.0,17.0316301703163,7.299270072992701,90.02433090024331,9.732360097323602,2.4330900243309004,12.165450121654501,0.0,12.165450121654501,4.866180048661801,2.4330900243309004,228.71046228710463,2.4330900243309004,0.0,17.0316301703163,0.0,0.0,0.0,4.866180048661801,4.866180048661801,4.866180048661801,0.0,2.4330900243309004,4.866180048661801,0.0,0.0,0.0,0.0,0.0,0.0,0.0,0.0,0.0,14.598540145985401,102.18978102189782,43.79562043795621,9.732360097323602,63.26034063260341,0.589873417721519,4.369620253164557,0.0,7.299270072992701,0.0,0.0,7.299270072992701,0.0,2.4330900243309004,4.866180048661801,0.0,2.4330900243309004,7.299270072992701,14.598540145985401,4.866180048661801,4.866180048661801,14.598540145985401,0.0,0.0,0.0,2.4330900243309004,4.866180048661801,12.165450121654501,0.0,12.165450121654501
245650,99.00990099009901,7.425742574257425,12.376237623762377,4.9504950495049505,0.0,51.980198019801975,14.85148514851485,7.425742574257425,12.376237623762377,4.9504950495049505,2.4752475247524752,0.0,24.752475247524753,22.277227722772277,2.4752475247524752,180.69306930693068,7.425742574257425,0.0,24.752475247524753,4.9504950495049505,2.4752475247524752,0.0,0.0,4.9504950495049505,7.425742574257425,2.4752475247524752,4.9504950495049505,2.4752475247524752,7.425742574257425,0.0,9.900990099009901,0.0,0.0,0.0,0.0,0.0,7.425742574257425,17.32673267326733,99.00990099009901,59.4059405940594,4.9504950495049505,69.30693069306932,0.568922305764411,4.5814536340852134,0.0,0.0,0.0,0.0,9.900990099009901,0.0,2.4752475247524752,2.4752475247524752,0.0,9.900990099009901,2.4752475247524752,32.17821782178218,2.4752475247524752,4.9504950495049505,7.425742574257425,0.0,0.0,0.0,4.9504950495049505,7.425742574257425,9.900990099009901,4.9504950495049505,2.4752475247524752
246886,117.20698254364089,4.987531172069826,4.987531172069826,4.987531172069826,2.493765586034913,29.92518703241895,0.0,12.468827930174564,14.962593516209475,7.481296758104738,7.481296758104738,0.0,9.975062344139651,17.456359102244388,4.987531172069826,246.88279301745635,4.987531172069826,0.0,37.406483790523694,2.493765586034913,0.0,0.0,0.0,17.456359102244388,2.493765586034913,0.0,0.0,0.0,4.987531172069826,0.0,0.0,0.0,0.0,0.0,0.0,0.0,0.0,4.987531172069826,117.20698254364089,52.36907730673317,4.987531172069826,67.33167082294264,0.5776081424936387,4.67175572519084,0.0,2.493765586034913,0.0,0.0,4.987531172069826,2.493765586034913,0.0,4.987531172069826,0.0,0.0,2.493765586034913,12.468827930174564,0.0,0.0,14.962593516209475,0.0,0.0,0.0,4.987531172069826,7.481296758104738,2.493765586034913,4.987531172069826,17.456359102244388
247115,112.46943765281173,9.7799511002445,12.224938875305625,7.334963325183374,7.334963325183374,58.67970660146699,2.444987775061125,7.334963325183374,41.56479217603912,7.334963325183374,12.224938875305625,2.444987775061125,12.224938875305625,12.224938875305625,0.0,173.59413202933985,7.334963325183374,0.0,51.344743276283616,4.88997555012225,0.0,2.444987775061125,0.0,12.224938875305625,2.444987775061125,0.0,0.0,4.88997555012225,0.0,2.444987775061125,0.0,0.0,0.0,0.0,0.0,0.0,4.88997555012225,9.7799511002445,92.90953545232274,39.119804400978,7.334963325183374,102.68948655256723,0.543859649122807,4.205513784461153,2.444987775061125,0.0,4.88997555012225,2.444987775061125,26.89486552567237,0.0,2.444987775061125,2.444987775061125,2.444987775061125,0.0,2.444987775061125,24.44987775061125,2.444987775061125,4.88997555012225,24.44987775061125,0.0,2.444987775061125,0.0,4.88997555012225,4.88997555012225,26.89486552567237,0.0,17.114914425427873
247371,113.30049261083744,12.315270935960593,2.4630541871921183,2.4630541871921183,0.0,49.26108374384237,4.926108374384237,22.167487684729064,14.778325123152708,12.315270935960593,9.852216748768473,0.0,32.01970443349754,17.241379310344826,2.4630541871921183,192.1182266009852,17.241379310344826,2.4630541871921183,27.093596059113302,4.926108374384237,0.0,2.4630541871921183,0.0,36.94581280788178,7.389162561576354,2.4630541871921183,2.4630541871921183,2.4630541871921183,12.315270935960593,0.0,9.852216748768473,0.0,0.0,0.0,0.0,0.0,2.4630541871921183,14.778325123152708,100.98522167487685,46.79802955665024,4.926108374384237,39.40886699507389,0.5703703703703704,4.48641975308642,4.926108374384237,2.4630541871921183,0.0,0.0,0.0,0.0,2.4630541871921183,0.0,0.0,4.926108374384237,2.4630541871921183,17.241379310344826,4.926108374384237,7.389162561576354,0.0,0.0,0.0,2.4630541871921183,2.4630541871921183,9.852216748768473,2.4630541871921183,0.0,4.926108374384237
249857,83.53808353808354,7.371007371007371,22.11302211302211,4.914004914004914,9.828009828009828,83.53808353808354,7.371007371007371,0.0,17.1990171990172,7.371007371007371,4.914004914004914,0.0,9.828009828009828,22.11302211302211,2.457002457002457,201.47420147420146,9.828009828009828,0.0,36.85503685503686,4.914004914004914,0.0,0.0,0.0,9.828009828009828,7.371007371007371,0.0,0.0,2.457002457002457,2.457002457002457,0.0,0.0,0.0,0.0,0.0,0.0,0.0,2.457002457002457,7.371007371007371,117.93611793611794,46.68304668304668,2.457002457002457,88.45208845208845,0.5944584382871536,4.445843828715366,0.0,4.914004914004914,0.0,0.0,9.828009828009828,0.0,0.0,2.457002457002457,0.0,0.0,2.457002457002457,14.742014742014742,0.0,4.914004914004914,17.1990171990172,0.0,4.914004914004914,0.0,4.914004914004914,4.914004914004914,12.285012285012284,7.371007371007371,9.828009828009828
250661,104.54545454545453,6.8181818181818175,0.0,4.545454545454545,2.2727272727272725,86.36363636363636,0.0,43.18181818181818,4.545454545454545,6.8181818181818175,6.8181818181818175,2.2727272727272725,15.909090909090908,22.727272727272727,4.545454545454545,154.54545454545453,0.0,2.2727272727272725,25.0,2.2727272727272725,0.0,0.0,2.2727272727272725,22.727272727272727,4.545454545454545,0.0,2.2727272727272725,0.0,4.545454545454545,0.0,0.0,0.0,0.0,0.0,0.0,0.0,6.8181818181818175,20.454545454545453,100.0,27.27272727272727,9.09090909090909,54.54545454545454,0.5197215777262181,4.232018561484919,2.2727272727272725,6.8181818181818175,0.0,2.2727272727272725,2.2727272727272725,2.2727272727272725,6.8181818181818175,6.8181818181818175,0.0,4.545454545454545,9.09090909090909,20.454545454545453,4.545454545454545,4.545454545454545,4.545454545454545,0.0,0.0,0.0,0.0,0.0,20.454545454545453,0.0,6.8181818181818175
252877,98.98477157360406,5.076142131979695,32.994923857868024,10.15228426395939,5.076142131979695,98.98477157360406,17.766497461928935,25.380710659898476,12.690355329949238,2.5380710659898473,10.15228426395939,0.0,20.30456852791878,2.5380710659898473,2.5380710659898473,200.50761421319797,5.076142131979695,0.0,45.68527918781726,5.076142131979695,0.0,0.0,2.5380710659898473,12.690355329949238,2.5380710659898473,0.0,0.0,0.0,0.0,0.0,0.0,0.0,0.0,0.0,0.0,0.0,0.0,7.614213197969543,109.13705583756345,17.766497461928935,15.228426395939087,71.06598984771574,0.5331632653061225,4.045918367346939,0.0,0.0,0.0,2.5380710659898473,7.614213197969543,2.5380710659898473,7.614213197969543,7.614213197969543,0.0,2.5380710659898473,2.5380710659898473,38.07106598984772,2.5380710659898473,2.5380710659898473,5.076142131979695,0.0,0.0,0.0,2.5380710659898473,10.15228426395939,25.380710659898476,2.5380710659898473,12.690355329949238
253283,14.492753623188406,2.4154589371980677,57.971014492753625,24.154589371980677,4.830917874396135,70.04830917874396,0.0,19.32367149758454,7.246376811594203,2.4154589371980677,4.830917874396135,2.4154589371980677,2.4154589371980677,12.077294685990339,2.4154589371980677,231.8840579710145,4.830917874396135,0.0,9.66183574879227,0.0,0.0,0.0,0.0,21.73913043478261,0.0,2.4154589371980677,9.66183574879227,4.830917874396135,0.0,0.0,0.0,0.0,0.0,0.0,4.830917874396135,0.0,4.830917874396135,19.32367149758454,123.18840579710145,57.971014492753625,2.4154589371980677,70.04830917874396,0.6004842615012107,4.506053268765133,2.4154589371980677,2.4154589371980677,2.4154589371980677,0.0,2.4154589371980677,0.0,7.246376811594203,2.4154589371980677,0.0,2.4154589371980677,0.0,12.077294685990339,0.0,0.0,2.4154589371980677,0.0,2.4154589371980677,0.0,2.4154589371980677,4.830917874396135,14.492753623188406,0.0,9.66183574879227
25331,74.62686567164178,9.950248756218905,27.36318407960199,2.487562189054726,0.0,9.950248756218905,14.925373134328359,22.388059701492537,42.28855721393035,9.950248756218905,4.975124378109452,2.487562189054726,19.90049751243781,14.925373134328359,7.462686567164179,203.98009950248755,7.462686567164179,0.0,42.28855721393035,0.0,0.0,0.0,2.487562189054726,39.80099502487562,4.975124378109452,2.487562189054726,9.950248756218905,0.0,9.950248756218905,2.487562189054726,0.0,0.0,0.0,0.0,2.487562189054726,0.0,4.975124378109452,4.975124378109452,79.60199004975124,39.80099502487562,9.950248756218905,57.21393034825871,0.5856777493606138,4.764705882352941,2.487562189054726,0.0,2.487562189054726,0.0,2.487562189054726,0.0,2.487562189054726,17.412935323383085,0.0,0.0,4.975124378109452,34.82587064676617,4.975124378109452,0.0,12.437810945273633,2.487562189054726,0.0,0.0,4.975124378109452,7.462686567164179,9.950248756218905,2.487562189054726,12.437810945273633
255531,94.05940594059406,17.32673267326733,12.376237623762377,4.9504950495049505,4.9504950495049505,17.32673267326733,7.425742574257425,69.30693069306932,12.376237623762377,4.9504950495049505,2.4752475247524752,0.0,9.900990099009901,7.425742574257425,0.0,210.3960396039604,4.9504950495049505,0.0,29.7029702970297,4.9504950495049505,0.0,0.0,0.0,9.900990099009901,7.425742574257425,2.4752475247524752,2.4752475247524752,4.9504950495049505,2.4752475247524752,0.0,0.0,0.0,0.0,0.0,0.0,0.0,4.9504950495049505,7.425742574257425,99.00990099009901,54.45544554455446,2.4752475247524752,89.10891089108911,0.5717884130982368,4.513853904282116,2.4752475247524752,0.0,0.0,2.4752475247524752,9.900990099009901,2.4752475247524752,4.9504950495049505,0.0,7.425742574257425,4.9504950495049505,12.376237623762377,29.7029702970297,7.425742574257425,2.4752475247524752,14.85148514851485,0.0,0.0,0.0,4.9504950495049505,0.0,12.376237623762377,2.4752475247524752,7.425742574257425
257022,104.11622276029055,9.685230024213075,33.898305084745765,2.4213075060532687,0.0,50.84745762711865,36.31961259079903,77.4818401937046,19.37046004842615,7.263922518159807,12.106537530266344,4.842615012106537,21.791767554479417,7.263922518159807,0.0,140.4358353510896,4.842615012106537,0.0,43.583535108958834,2.4213075060532687,0.0,0.0,0.0,14.527845036319613,4.842615012106537,0.0,0.0,0.0,2.4213075060532687,0.0,2.4213075060532687,0.0,0.0,0.0,2.4213075060532687,0.0,7.263922518159807,2.4213075060532687,67.79661016949153,21.791767554479417,7.263922518159807,89.58837772397095,0.5329949238578681,4.461928934010152,0.0,0.0,2.4213075060532687,2.4213075060532687,9.685230024213075,0.0,4.842615012106537,9.685230024213075,0.0,0.0,2.4213075060532687,31.476997578692497,2.4213075060532687,0.0,43.583535108958834,0.0,0.0,4.842615012106537,4.842615012106537,7.263922518159807,26.634382566585955,2.4213075060532687,29.055690072639226
260564,100.49019607843138,4.901960784313726,29.41176470588235,0.0,17.156862745098042,78.43137254901961,24.509803921568626,4.901960784313726,22.058823529411764,0.0,0.0,9.803921568627452,17.156862745098042,14.705882352941176,4.901960784313726,178.921568627451,4.901960784313726,2.450980392156863,22.058823529411764,2.450980392156863,0.0,0.0,0.0,19.607843137254903,0.0,2.450980392156863,0.0,0.0,4.901960784313726,0.0,4.901960784313726,0.0,0.0,0.0,0.0,0.0,2.450980392156863,0.0,73.52941176470588,36.76470588235294,4.901960784313726,88.23529411764706,0.525,4.2,0.0,4.901960784313726,0.0,0.0,9.803921568627452,0.0,2.450980392156863,7.352941176470588,0.0,9.803921568627452,12.254901960784313,24.509803921568626,0.0,4.901960784313726,12.254901960784313,2.450980392156863,0.0,2.450980392156863,12.254901960784313,4.901960784313726,34.313725490196084,0.0,9.803921568627452
261814,95.58823529411764,7.352941176470588,0.0,4.901960784313726,4.901960784313726,0.0,0.0,78.43137254901961,0.0,4.901960784313726,2.450980392156863,0.0,44.11764705882353,14.705882352941176,0.0,213.23529411764704,2.450980392156863,4.901960784313726,19.607843137254903,0.0,0.0,2.450980392156863,0.0,14.705882352941176,0.0,0.0,0.0,0.0,19.607843137254903,0.0,12.254901960784313,0.0,0.0,0.0,0.0,2.450980392156863,2.450980392156863,7.352941176470588,117.6470588235294,44.11764705882353,9.803921568627452,71.07843137254902,0.5615763546798029,4.561576354679803,0.0,2.450980392156863,0.0,0.0,7.352941176470588,0.0,0.0,4.901960784313726,0.0,0.0,4.901960784313726,19.607843137254903,4.901960784313726,7.352941176470588,2.450980392156863,0.0,0.0,0.0,4.901960784313726,14.705882352941176,9.803921568627452,0.0,9.803921568627452
262204,99.27360774818402,7.263922518159807,0.0,2.4213075060532687,4.842615012106537,4.842615012106537,65.37530266343826,9.685230024213075,21.791767554479417,0.0,7.263922518159807,0.0,16.949152542372882,12.106537530266344,4.842615012106537,191.28329297820824,9.685230024213075,0.0,16.949152542372882,0.0,0.0,0.0,0.0,21.791767554479417,12.106537530266344,0.0,0.0,0.0,4.842615012106537,0.0,4.842615012106537,0.0,0.0,0.0,0.0,0.0,2.4213075060532687,7.263922518159807,101.6949152542373,50.84745762711865,0.0,84.7457627118644,0.5770171149144254,4.52322738386308,12.106537530266344,2.4213075060532687,0.0,2.4213075060532687,12.106537530266344,0.0,0.0,2.4213075060532687,2.4213075060532687,12.106537530266344,4.842615012106537,26.634382566585955,2.4213075060532687,2.4213075060532687,7.263922518159807,0.0,0.0,0.0,0.0,12.106537530266344,9.685230024213075,0.0,9.685230024213075
263117,47.61904761904761,7.518796992481203,22.55639097744361,0.0,0.0,27.56892230576441,32.581453634085214,32.581453634085214,5.012531328320802,2.506265664160401,2.506265664160401,2.506265664160401,15.037593984962406,10.025062656641603,10.025062656641603,197.99498746867167,5.012531328320802,0.0,30.075187969924812,0.0,2.506265664160401,0.0,2.506265664160401,27.56892230576441,7.518796992481203,0.0,0.0,0.0,5.012531328320802,0.0,0.0,0.0,0.0,0.0,0.0,0.0,10.025062656641603,7.518796992481203,70.17543859649122,70.17543859649122,12.531328320802004,55.13784461152882,0.6072351421188631,4.677002583979328,5.012531328320802,0.0,0.0,0.0,2.506265664160401,0.0,10.025062656641603,22.55639097744361,0.0,10.025062656641603,2.506265664160401,27.56892230576441,5.012531328320802,0.0,27.56892230576441,0.0,0.0,0.0,5.012531328320802,20.050125313283207,17.543859649122805,0.0,10.025062656641603
26314,69.4789081885856,12.40694789081886,14.88833746898263,4.962779156327543,9.925558312655086,22.332506203473944,0.0,39.702233250620345,9.925558312655086,4.962779156327543,0.0,2.4813895781637716,17.3697270471464,24.81389578163772,2.4813895781637716,240.69478908188586,7.444168734491315,0.0,22.332506203473944,2.4813895781637716,0.0,0.0,0.0,24.81389578163772,2.4813895781637716,2.4813895781637716,2.4813895781637716,2.4813895781637716,7.444168734491315,0.0,4.962779156327543,0.0,0.0,0.0,0.0,2.4813895781637716,2.4813895781637716,4.962779156327543,109.18114143920596,57.07196029776674,2.4813895781637716,62.03473945409429,0.5892857142857143,4.862244897959184,0.0,2.4813895781637716,2.4813895781637716,2.4813895781637716,4.962779156327543,2.4813895781637716,4.962779156327543,7.444168734491315,2.4813895781637716,0.0,4.962779156327543,24.81389578163772,2.4813895781637716,2.4813895781637716,7.444168734491315,0.0,0.0,0.0,0.0,7.444168734491315,2.4813895781637716,0.0,4.962779156327543
26339,85.91885441527445,7.159904534606206,0.0,4.773269689737471,4.773269689737471,0.0,0.0,81.14558472553699,26.252983293556085,2.3866348448687353,7.159904534606206,0.0,21.479713603818613,21.479713603818613,4.773269689737471,195.70405727923628,2.3866348448687353,0.0,38.186157517899765,0.0,2.3866348448687353,0.0,0.0,9.546539379474941,7.159904534606206,2.3866348448687353,2.3866348448687353,2.3866348448687353,7.159904534606206,7.159904534606206,2.3866348448687353,0.0,0.0,0.0,2.3866348448687353,2.3866348448687353,4.773269689737471,7.159904534606206,105.01193317422434,78.75894988066825,11.933174224343675,66.82577565632458,0.5558252427184466,4.830097087378641,2.3866348448687353,14.319809069212411,2.3866348448687353,4.773269689737471,7.159904534606206,0.0,9.546539379474941,16.706443914081145,0.0,2.3866348448687353,0.0,21.479713603818613,2.3866348448687353,2.3866348448687353,14.319809069212411,0.0,0.0,0.0,7.159904534606206,9.546539379474941,7.159904534606206,0.0,14.319809069212411
265057,89.55223880597015,12.437810945273633,9.950248756218905,7.462686567164179,0.0,44.776119402985074,0.0,42.28855721393035,9.950248756218905,4.975124378109452,4.975124378109452,2.487562189054726,9.950248756218905,4.975124378109452,7.462686567164179,228.85572139303483,0.0,0.0,39.80099502487562,2.487562189054726,0.0,0.0,2.487562189054726,22.388059701492537,12.437810945273633,2.487562189054726,2.487562189054726,0.0,0.0,0.0,0.0,0.0,0.0,0.0,0.0,0.0,0.0,4.975124378109452,72.13930348258707,42.28855721393035,4.975124378109452,72.13930348258707,0.5969773299748111,4.251889168765743,0.0,4.975124378109452,0.0,2.487562189054726,7.462686567164179,0.0,9.950248756218905,0.0,0.0,12.437810945273633,4.975124378109452,22.388059701492537,7.462686567164179,0.0,9.950248756218905,0.0,0.0,0.0,2.487562189054726,2.487562189054726,17.412935323383085,2.487562189054726,7.462686567164179
265073,105.3921568627451,26.96078431372549,0.0,17.156862745098042,4.901960784313726,36.76470588235294,0.0,4.901960784313726,19.607843137254903,7.352941176470588,12.254901960784313,0.0,19.607843137254903,12.254901960784313,4.901960784313726,227.94117647058823,7.352941176470588,0.0,41.666666666666664,2.450980392156863,0.0,0.0,0.0,7.352941176470588,0.0,0.0,2.450980392156863,4.901960784313726,4.901960784313726,0.0,2.450980392156863,0.0,0.0,0.0,0.0,0.0,2.450980392156863,9.803921568627452,122.54901960784314,41.666666666666664,19.607843137254903,63.725490196078425,0.5781637717121588,4.461538461538462,0.0,2.450980392156863,0.0,0.0,14.705882352941176,0.0,0.0,2.450980392156863,0.0,0.0,7.352941176470588,12.254901960784313,4.901960784313726,0.0,7.352941176470588,0.0,0.0,0.0,2.450980392156863,9.803921568627452,26.96078431372549,0.0,7.352941176470588
266104,53.65853658536585,12.195121951219512,51.21951219512195,4.878048780487805,9.75609756097561,73.17073170731707,41.463414634146346,0.0,21.95121951219512,7.317073170731708,4.878048780487805,4.878048780487805,14.634146341463415,4.878048780487805,7.317073170731708,170.7317073170732,2.4390243902439024,0.0,26.829268292682926,2.4390243902439024,0.0,0.0,0.0,14.634146341463415,7.317073170731708,0.0,0.0,0.0,2.4390243902439024,0.0,0.0,0.0,0.0,0.0,2.4390243902439024,0.0,4.878048780487805,7.317073170731708,85.3658536585366,39.02439024390244,7.317073170731708,85.3658536585366,0.6010230179028133,4.268542199488491,2.4390243902439024,0.0,2.4390243902439024,2.4390243902439024,17.073170731707318,4.878048780487805,7.317073170731708,0.0,2.4390243902439024,7.317073170731708,7.317073170731708,4.878048780487805,7.317073170731708,2.4390243902439024,41.463414634146346,2.4390243902439024,0.0,0.0,4.878048780487805,2.4390243902439024,19.51219512195122,2.4390243902439024,2.4390243902439024
267732,110.83743842364532,12.315270935960593,17.241379310344826,2.4630541871921183,2.4630541871921183,88.66995073891626,2.4630541871921183,27.093596059113302,14.778325123152708,2.4630541871921183,2.4630541871921183,2.4630541871921183,14.778325123152708,14.778325123152708,4.926108374384237,165.02463054187191,12.315270935960593,0.0,56.65024630541872,0.0,0.0,0.0,0.0,19.704433497536947,4.926108374384237,2.4630541871921183,2.4630541871921183,0.0,0.0,0.0,4.926108374384237,0.0,0.0,2.4630541871921183,0.0,0.0,2.4630541871921183,12.315270935960593,86.20689655172414,34.48275862068965,9.852216748768473,88.66995073891626,0.5703517587939698,4.5125628140703515,0.0,2.4630541871921183,0.0,0.0,12.315270935960593,0.0,0.0,4.926108374384237,2.4630541871921183,0.0,7.389162561576354,22.167487684729064,4.926108374384237,2.4630541871921183,14.778325123152708,0.0,4.926108374384237,0.0,4.926108374384237,12.315270935960593,14.778325123152708,2.4630541871921183,9.852216748768473
272764,83.95061728395062,17.28395061728395,7.407407407407407,2.4691358024691357,2.4691358024691357,59.25925925925926,0.0,27.160493827160494,9.876543209876543,2.4691358024691357,0.0,0.0,19.753086419753085,19.753086419753085,7.407407407407407,192.59259259259258,2.4691358024691357,0.0,27.160493827160494,0.0,0.0,0.0,0.0,19.753086419753085,2.4691358024691357,0.0,0.0,2.4691358024691357,9.876543209876543,0.0,2.4691358024691357,0.0,0.0,0.0,0.0,0.0,0.0,9.876543209876543,103.7037037037037,83.95061728395062,0.0,71.60493827160494,0.6115288220551378,4.448621553884712,0.0,2.4691358024691357,4.938271604938271,2.4691358024691357,12.345679012345679,0.0,9.876543209876543,7.407407407407407,0.0,4.938271604938271,0.0,19.753086419753085,7.407407407407407,2.4691358024691357,7.407407407407407,0.0,2.4691358024691357,0.0,2.4691358024691357,0.0,9.876543209876543,9.876543209876543,7.407407407407407
273561,95.58823529411764,4.901960784313726,2.450980392156863,2.450980392156863,2.450980392156863,39.21568627450981,0.0,22.058823529411764,17.156862745098042,2.450980392156863,4.901960784313726,2.450980392156863,26.96078431372549,26.96078431372549,2.450980392156863,237.74509803921566,4.901960784313726,0.0,24.509803921568626,0.0,2.450980392156863,0.0,0.0,14.705882352941176,2.450980392156863,0.0,2.450980392156863,0.0,9.803921568627452,0.0,2.450980392156863,0.0,0.0,2.450980392156863,0.0,0.0,0.0,9.803921568627452,110.29411764705883,68.62745098039217,7.352941176470588,46.568627450980394,0.6083743842364532,4.958128078817734,2.450980392156863,0.0,0.0,0.0,2.450980392156863,0.0,4.901960784313726,9.803921568627452,0.0,0.0,4.901960784313726,2.450980392156863,0.0,0.0,0.0,0.0,0.0,0.0,0.0,7.352941176470588,9.803921568627452,2.450980392156863,2.450980392156863
274076,62.34413965087282,12.468827930174564,7.481296758104738,2.493765586034913,9.975062344139651,9.975062344139651,0.0,14.962593516209475,22.443890274314214,9.975062344139651,0.0,0.0,4.987531172069826,19.950124688279303,4.987531172069826,261.8453865336659,4.987531172069826,0.0,22.443890274314214,2.493765586034913,0.0,0.0,0.0,9.975062344139651,4.987531172069826,0.0,0.0,0.0,0.0,0.0,0.0,0.0,0.0,0.0,0.0,2.493765586034913,0.0,12.468827930174564,114.713216957606,82.29426433915212,4.987531172069826,69.82543640897755,0.6091370558375635,4.868020304568528,0.0,2.493765586034913,4.987531172069826,0.0,7.481296758104738,0.0,4.987531172069826,2.493765586034913,0.0,4.987531172069826,2.493765586034913,7.481296758104738,0.0,0.0,4.987531172069826,0.0,2.493765586034913,0.0,7.481296758104738,12.468827930174564,7.481296758104738,0.0,0.0
274185,99.00990099009901,7.425742574257425,14.85148514851485,9.900990099009901,4.9504950495049505,76.73267326732673,0.0,22.277227722772277,17.32673267326733,7.425742574257425,9.900990099009901,2.4752475247524752,27.22772277227723,9.900990099009901,4.9504950495049505,158.41584158415841,4.9504950495049505,0.0,24.752475247524753,2.4752475247524752,0.0,0.0,0.0,32.17821782178218,4.9504950495049505,2.4752475247524752,0.0,4.9504950495049505,0.0,2.4752475247524752,4.9504950495049505,0.0,0.0,4.9504950495049505,0.0,0.0,4.9504950495049505,7.425742574257425,89.10891089108911,56.93069306930693,7.425742574257425,79.20792079207921,0.550251256281407,4.261306532663316,2.4752475247524752,4.9504950495049505,0.0,0.0,9.900990099009901,0.0,7.425742574257425,2.4752475247524752,0.0,7.425742574257425,0.0,24.752475247524753,2.4752475247524752,9.900990099009901,14.85148514851485,2.4752475247524752,7.425742574257425,0.0,7.425742574257425,9.900990099009901,17.32673267326733,2.4752475247524752,12.376237623762377
274231,76.00950118764845,2.375296912114014,14.251781472684087,0.0,0.0,61.75771971496437,2.375296912114014,28.503562945368174,9.501187648456057,4.750593824228028,0.0,2.375296912114014,7.125890736342043,4.750593824228028,0.0,254.15676959619955,4.750593824228028,2.375296912114014,19.002375296912113,0.0,2.375296912114014,0.0,0.0,16.6270783847981,4.750593824228028,2.375296912114014,4.750593824228028,4.750593824228028,0.0,0.0,0.0,0.0,0.0,0.0,4.750593824228028,0.0,0.0,4.750593824228028,97.38717339667458,90.26128266033254,0.0,47.50593824228029,0.5912408759124088,4.467153284671533,0.0,2.375296912114014,0.0,0.0,0.0,0.0,2.375296912114014,0.0,0.0,2.375296912114014,2.375296912114014,23.752969121140143,4.750593824228028,0.0,9.501187648456057,2.375296912114014,0.0,0.0,0.0,2.375296912114014,11.876484560570072,0.0,4.750593824228028
274544,113.30049261083744,17.241379310344826,4.926108374384237,0.0,2.4630541871921183,0.0,2.4630541871921183,78.81773399014779,17.241379310344826,2.4630541871921183,12.315270935960593,2.4630541871921183,17.241379310344826,19.704433497536947,9.852216748768473,211.82266009852216,0.0,0.0,17.241379310344826,0.0,0.0,0.0,2.4630541871921183,17.241379310344826,4.926108374384237,2.4630541871921183,0.0,0.0,7.389162561576354,0.0,2.4630541871921183,0.0,0.0,0.0,0.0,0.0,2.4630541871921183,17.241379310344826,108.37438423645321,54.187192118226605,4.926108374384237,54.187192118226605,0.5909090909090909,4.66919191919192,2.4630541871921183,7.389162561576354,0.0,0.0,2.4630541871921183,0.0,2.4630541871921183,2.4630541871921183,0.0,2.4630541871921183,0.0,27.093596059113302,2.4630541871921183,4.926108374384237,4.926108374384237,0.0,0.0,0.0,4.926108374384237,7.389162561576354,17.241379310344826,2.4630541871921183,9.852216748768473
276071,93.75,19.230769230769234,14.423076923076923,0.0,16.826923076923077,9.615384615384617,2.403846153846154,69.71153846153847,24.03846153846154,2.403846153846154,14.423076923076923,2.403846153846154,12.01923076923077,14.423076923076923,2.403846153846154,209.1346153846154,0.0,0.0,16.826923076923077,0.0,0.0,0.0,0.0,2.403846153846154,2.403846153846154,0.0,4.807692307692308,0.0,4.807692307692308,0.0,4.807692307692308,0.0,0.0,0.0,0.0,0.0,4.807692307692308,0.0,129.80769230769232,60.09615384615385,0.0,60.09615384615385,0.5714285714285714,4.685230024213075,0.0,2.403846153846154,4.807692307692308,0.0,7.211538461538462,0.0,2.403846153846154,12.01923076923077,2.403846153846154,2.403846153846154,9.615384615384617,26.442307692307693,0.0,2.403846153846154,7.211538461538462,0.0,0.0,0.0,2.403846153846154,9.615384615384617,14.423076923076923,2.403846153846154,7.211538461538462
277623,74.44168734491315,0.0,44.66501240694789,7.444168734491315,2.4813895781637716,76.92307692307693,2.4813895781637716,47.146401985111666,17.3697270471464,4.962779156327543,12.40694789081886,0.0,32.25806451612903,4.962779156327543,2.4813895781637716,166.2531017369727,2.4813895781637716,0.0,34.7394540942928,0.0,0.0,0.0,2.4813895781637716,22.332506203473944,4.962779156327543,0.0,0.0,0.0,9.925558312655086,0.0,2.4813895781637716,0.0,0.0,0.0,0.0,0.0,0.0,4.962779156327543,94.29280397022333,39.702233250620345,4.962779156327543,96.77419354838709,0.5564102564102564,4.343589743589743,2.4813895781637716,0.0,4.962779156327543,2.4813895781637716,17.3697270471464,0.0,7.444168734491315,12.40694789081886,0.0,7.444168734491315,0.0,22.332506203473944,7.444168734491315,7.444168734491315,27.29528535980149,0.0,0.0,0.0,0.0,2.4813895781637716,22.332506203473944,0.0,14.88833746898263
278615,84.7457627118644,4.842615012106537,24.213075060532688,4.842615012106537,7.263922518159807,84.7457627118644,29.055690072639226,9.685230024213075,16.949152542372882,4.842615012106537,9.685230024213075,0.0,16.949152542372882,14.527845036319613,2.4213075060532687,181.59806295399517,2.4213075060532687,2.4213075060532687,46.00484261501211,0.0,0.0,0.0,2.4213075060532687,14.527845036319613,2.4213075060532687,2.4213075060532687,0.0,0.0,0.0,0.0,0.0,0.0,0.0,0.0,0.0,0.0,2.4213075060532687,9.685230024213075,89.58837772397095,53.26876513317191,7.263922518159807,96.85230024213075,0.538083538083538,4.336609336609337,0.0,9.685230024213075,0.0,2.4213075060532687,9.685230024213075,0.0,4.842615012106537,4.842615012106537,0.0,2.4213075060532687,4.842615012106537,19.37046004842615,7.263922518159807,0.0,12.106537530266344,0.0,0.0,0.0,0.0,14.527845036319613,12.106537530266344,0.0,12.106537530266344
279065,59.8503740648379,0.0,9.975062344139651,4.987531172069826,2.493765586034913,37.406483790523694,4.987531172069826,79.80049875311721,12.468827930174564,12.468827930174564,2.493765586034913,0.0,22.443890274314214,24.93765586034913,4.987531172069826,201.99501246882792,7.481296758104738,0.0,12.468827930174564,0.0,0.0,0.0,0.0,14.962593516209475,7.481296758104738,2.493765586034913,0.0,0.0,4.987531172069826,0.0,7.481296758104738,0.0,0.0,0.0,2.493765586034913,0.0,0.0,0.0,119.7007481296758,37.406483790523694,2.493765586034913,84.78802992518703,0.6253229974160207,4.555555555555555,0.0,7.481296758104738,2.493765586034913,0.0,7.481296758104738,0.0,7.481296758104738,4.987531172069826,0.0,32.418952618453865,7.481296758104738,17.456359102244388,2.493765586034913,0.0,27.43142144638404,0.0,0.0,0.0,7.481296758104738,4.987531172069826,17.456359102244388,0.0,9.975062344139651
280078,83.53808353808354,4.914004914004914,4.914004914004914,7.371007371007371,4.914004914004914,63.88206388206388,0.0,14.742014742014742,12.285012285012284,2.457002457002457,2.457002457002457,0.0,12.285012285012284,12.285012285012284,2.457002457002457,243.24324324324326,4.914004914004914,0.0,19.656019656019655,0.0,0.0,2.457002457002457,0.0,4.914004914004914,2.457002457002457,0.0,2.457002457002457,0.0,0.0,0.0,2.457002457002457,0.0,0.0,2.457002457002457,0.0,0.0,2.457002457002457,9.828009828009828,122.85012285012286,49.140049140049136,4.914004914004914,61.42506142506143,0.6271604938271605,4.392592592592592,0.0,0.0,2.457002457002457,0.0,14.742014742014742,0.0,4.914004914004914,7.371007371007371,4.914004914004914,2.457002457002457,4.914004914004914,4.914004914004914,0.0,7.371007371007371,4.914004914004914,0.0,0.0,0.0,7.371007371007371,2.457002457002457,9.828009828009828,0.0,0.0
282075,77.85888077858881,2.4330900243309004,0.0,2.4330900243309004,0.0,65.69343065693431,9.732360097323602,4.866180048661801,26.7639902676399,2.4330900243309004,4.866180048661801,2.4330900243309004,17.0316301703163,14.598540145985401,0.0,221.41119221411194,12.165450121654501,0.0,17.0316301703163,0.0,0.0,0.0,0.0,14.598540145985401,0.0,2.4330900243309004,2.4330900243309004,2.4330900243309004,12.165450121654501,4.866180048661801,0.0,0.0,0.0,0.0,0.0,0.0,4.866180048661801,19.464720194647203,107.0559610705596,21.897810218978105,4.866180048661801,55.961070559610704,0.5373134328358209,4.41542288557214,0.0,4.866180048661801,0.0,0.0,17.0316301703163,0.0,2.4330900243309004,7.299270072992701,2.4330900243309004,0.0,0.0,12.165450121654501,7.299270072992701,4.866180048661801,7.299270072992701,0.0,0.0,0.0,0.0,9.732360097323602,12.165450121654501,0.0,7.299270072992701
282381,81.96721311475409,11.7096018735363,2.34192037470726,4.68384074941452,9.36768149882904,44.49648711943794,0.0,14.05152224824356,30.44496487119438,7.02576112412178,7.02576112412178,2.34192037470726,7.02576112412178,18.73536299765808,4.68384074941452,180.32786885245903,0.0,0.0,37.47072599531616,0.0,7.02576112412178,0.0,0.0,21.07728337236534,7.02576112412178,0.0,0.0,0.0,0.0,0.0,2.34192037470726,0.0,0.0,0.0,0.0,0.0,0.0,9.36768149882904,88.99297423887587,53.86416861826697,14.05152224824356,88.99297423887587,0.5404761904761904,4.538095238095238,0.0,4.68384074941452,2.34192037470726,2.34192037470726,23.4192037470726,2.34192037470726,16.393442622950822,11.7096018735363,0.0,4.68384074941452,2.34192037470726,32.786885245901644,2.34192037470726,2.34192037470726,14.05152224824356,0.0,2.34192037470726,0.0,4.68384074941452,9.36768149882904,9.36768149882904,0.0,16.393442622950822
285242,107.3170731707317,4.878048780487805,7.317073170731708,2.4390243902439024,4.878048780487805,82.92682926829269,4.878048780487805,48.78048780487805,9.75609756097561,2.4390243902439024,2.4390243902439024,0.0,26.829268292682926,9.75609756097561,0.0,182.9268292682927,2.4390243902439024,0.0,39.02439024390244,2.4390243902439024,2.4390243902439024,0.0,2.4390243902439024,17.073170731707318,7.317073170731708,0.0,2.4390243902439024,2.4390243902439024,7.317073170731708,2.4390243902439024,0.0,0.0,0.0,0.0,0.0,2.4390243902439024,2.4390243902439024,21.95121951219512,92.6829268292683,43.90243902439024,21.95121951219512,97.5609756097561,0.5860349127182045,4.077306733167083,0.0,9.75609756097561,2.4390243902439024,0.0,14.634146341463415,0.0,4.878048780487805,4.878048780487805,0.0,12.195121951219512,0.0,31.70731707317073,7.317073170731708,4.878048780487805,17.073170731707318,0.0,0.0,0.0,7.317073170731708,2.4390243902439024,14.634146341463415,0.0,4.878048780487805
285494,99.50248756218906,7.462686567164179,9.950248756218905,14.925373134328359,2.487562189054726,2.487562189054726,0.0,9.950248756218905,24.875621890547265,2.487562189054726,4.975124378109452,0.0,17.412935323383085,4.975124378109452,0.0,268.65671641791045,9.950248756218905,2.487562189054726,24.875621890547265,0.0,2.487562189054726,0.0,0.0,14.925373134328359,7.462686567164179,0.0,7.462686567164179,0.0,0.0,0.0,2.487562189054726,0.0,0.0,0.0,0.0,0.0,0.0,12.437810945273633,89.55223880597015,47.2636815920398,4.975124378109452,77.11442786069651,0.5869017632241813,4.712846347607053,9.950248756218905,0.0,0.0,0.0,7.462686567164179,0.0,12.437810945273633,2.487562189054726,0.0,0.0,2.487562189054726,9.950248756218905,2.487562189054726,2.487562189054726,2.487562189054726,0.0,2.487562189054726,0.0,7.462686567164179,17.412935323383085,7.462686567164179,0.0,2.487562189054726
289695,90.68627450980392,7.352941176470588,9.803921568627452,7.352941176470588,7.352941176470588,0.0,17.156862745098042,63.725490196078425,14.705882352941176,2.450980392156863,7.352941176470588,0.0,14.705882352941176,26.96078431372549,4.901960784313726,223.03921568627453,7.352941176470588,0.0,24.509803921568626,0.0,2.450980392156863,0.0,0.0,24.509803921568626,7.352941176470588,0.0,4.901960784313726,0.0,2.450980392156863,0.0,2.450980392156863,0.0,0.0,0.0,0.0,0.0,2.450980392156863,9.803921568627452,85.7843137254902,41.666666666666664,7.352941176470588,66.17647058823529,0.6297229219143576,4.80352644836272,0.0,0.0,0.0,0.0,9.803921568627452,2.450980392156863,2.450980392156863,4.901960784313726,0.0,12.254901960784313,7.352941176470588,26.96078431372549,4.901960784313726,7.352941176470588,12.254901960784313,0.0,2.450980392156863,0.0,0.0,7.352941176470588,7.352941176470588,0.0,7.352941176470588
291435,81.73076923076923,14.423076923076923,0.0,0.0,4.807692307692308,0.0,0.0,4.807692307692308,21.634615384615383,0.0,4.807692307692308,0.0,21.634615384615383,26.442307692307693,9.615384615384617,225.96153846153845,16.826923076923077,2.403846153846154,21.634615384615383,4.807692307692308,0.0,0.0,0.0,12.01923076923077,0.0,2.403846153846154,7.211538461538462,0.0,9.615384615384617,0.0,2.403846153846154,0.0,4.807692307692308,0.0,0.0,0.0,0.0,2.403846153846154,120.1923076923077,100.96153846153847,4.807692307692308,33.65384615384615,0.6024096385542169,4.932530120481927,2.403846153846154,0.0,0.0,0.0,4.807692307692308,0.0,0.0,4.807692307692308,0.0,0.0,4.807692307692308,9.615384615384617,2.403846153846154,2.403846153846154,0.0,0.0,0.0,0.0,2.403846153846154,21.634615384615383,9.615384615384617,12.01923076923077,0.0
291613,103.96039603960395,0.0,27.22772277227723,2.4752475247524752,4.9504950495049505,86.63366336633663,12.376237623762377,14.85148514851485,22.277227722772277,12.376237623762377,2.4752475247524752,0.0,27.22772277227723,19.801980198019802,0.0,183.16831683168317,2.4752475247524752,0.0,42.07920792079208,2.4752475247524752,0.0,0.0,2.4752475247524752,12.376237623762377,4.9504950495049505,0.0,0.0,0.0,2.4752475247524752,2.4752475247524752,0.0,0.0,0.0,0.0,0.0,0.0,0.0,2.4752475247524752,94.05940594059406,12.376237623762377,7.425742574257425,76.73267326732673,0.5191815856777494,3.9437340153452687,2.4752475247524752,0.0,7.425742574257425,2.4752475247524752,7.425742574257425,0.0,2.4752475247524752,9.900990099009901,0.0,2.4752475247524752,4.9504950495049505,22.277227722772277,4.9504950495049505,2.4752475247524752,19.801980198019802,0.0,2.4752475247524752,0.0,0.0,4.9504950495049505,7.425742574257425,2.4752475247524752,7.425742574257425
292180,75.65011820330969,26.004728132387708,11.82033096926714,14.184397163120567,7.092198581560283,11.82033096926714,0.0,54.37352245862884,9.456264775413711,2.3640661938534278,2.3640661938534278,0.0,4.7281323877068555,7.092198581560283,2.3640661938534278,260.04728132387703,0.0,0.0,30.73286052009456,2.3640661938534278,0.0,0.0,0.0,9.456264775413711,0.0,0.0,0.0,0.0,2.3640661938534278,0.0,0.0,0.0,0.0,2.3640661938534278,0.0,2.3640661938534278,0.0,21.27659574468085,106.38297872340425,23.64066193853428,4.7281323877068555,92.19858156028369,0.5525672371638142,4.447432762836185,0.0,9.456264775413711,0.0,0.0,4.7281323877068555,0.0,2.3640661938534278,4.7281323877068555,0.0,0.0,0.0,7.092198581560283,0.0,2.3640661938534278,9.456264775413711,0.0,0.0,0.0,0.0,4.7281323877068555,9.456264775413711,0.0,4.7281323877068555
295281,95.23809523809523,10.025062656641603,0.0,5.012531328320802,7.518796992481203,0.0,2.506265664160401,22.55639097744361,20.050125313283207,5.012531328320802,0.0,2.506265664160401,20.050125313283207,22.55639097744361,2.506265664160401,275.6892230576441,10.025062656641603,0.0,10.025062656641603,0.0,0.0,0.0,0.0,17.543859649122805,7.518796992481203,0.0,5.012531328320802,2.506265664160401,2.506265664160401,0.0,10.025062656641603,0.0,0.0,0.0,2.506265664160401,0.0,0.0,7.518796992481203,100.25062656641603,75.18796992481202,0.0,60.150375939849624,0.6430379746835443,5.111392405063291,2.506265664160401,2.506265664160401,0.0,0.0,12.531328320802004,0.0,5.012531328320802,0.0,0.0,5.012531328320802,0.0,20.050125313283207,5.012531328320802,0.0,5.012531328320802,2.506265664160401,0.0,0.0,5.012531328320802,10.025062656641603,5.012531328320802,0.0,5.012531328320802
295432,77.4818401937046,4.842615012106537,9.685230024213075,16.949152542372882,7.263922518159807,62.953995157384995,7.263922518159807,2.4213075060532687,19.37046004842615,4.842615012106537,2.4213075060532687,2.4213075060532687,12.106537530266344,4.842615012106537,9.685230024213075,203.3898305084746,2.4213075060532687,2.4213075060532687,26.634382566585955,4.842615012106537,0.0,0.0,0.0,16.949152542372882,0.0,0.0,4.842615012106537,0.0,2.4213075060532687,0.0,2.4213075060532687,0.0,0.0,0.0,0.0,0.0,2.4213075060532687,4.842615012106537,104.11622276029055,36.31961259079903,4.842615012106537,77.4818401937046,0.5475,4.115,2.4213075060532687,0.0,2.4213075060532687,2.4213075060532687,2.4213075060532687,2.4213075060532687,2.4213075060532687,0.0,2.4213075060532687,12.106537530266344,2.4213075060532687,19.37046004842615,0.0,2.4213075060532687,21.791767554479417,0.0,0.0,0.0,7.263922518159807,2.4213075060532687,14.527845036319613,2.4213075060532687,4.842615012106537
297830,77.5,12.5,2.5,10.0,5.0,0.0,0.0,140.0,10.0,0.0,5.0,0.0,10.0,20.0,2.5,202.5,0.0,0.0,27.5,5.0,0.0,0.0,0.0,20.0,2.5,2.5,7.5,2.5,2.5,0.0,0.0,0.0,0.0,0.0,0.0,2.5,0.0,2.5,107.5,55.0,2.5,70.0,0.5707070707070707,4.643939393939394,2.5,5.0,0.0,7.5,2.5,0.0,5.0,12.5,0.0,0.0,2.5,35.0,10.0,2.5,5.0,2.5,0.0,0.0,10.0,7.5,7.5,5.0,5.0
298790,91.13300492610837,12.315270935960593,24.630541871921185,9.852216748768473,2.4630541871921183,56.65024630541872,0.0,29.556650246305416,7.389162561576354,9.852216748768473,12.315270935960593,0.0,27.093596059113302,7.389162561576354,2.4630541871921183,197.04433497536948,0.0,2.4630541871921183,39.40886699507389,2.4630541871921183,0.0,0.0,4.926108374384237,9.852216748768473,7.389162561576354,0.0,0.0,2.4630541871921183,17.241379310344826,0.0,0.0,0.0,0.0,0.0,0.0,0.0,2.4630541871921183,4.926108374384237,86.20689655172414,56.65024630541872,7.389162561576354,88.66995073891626,0.6329113924050633,4.468354430379747,0.0,2.4630541871921183,0.0,2.4630541871921183,4.926108374384237,0.0,4.926108374384237,4.926108374384237,0.0,0.0,2.4630541871921183,12.315270935960593,2.4630541871921183,0.0,17.241379310344826,0.0,0.0,0.0,4.926108374384237,14.778325123152708,27.093596059113302,0.0,12.315270935960593
299032,74.25742574257426,0.0,4.9504950495049505,9.900990099009901,2.4752475247524752,32.17821782178218,4.9504950495049505,9.900990099009901,17.32673267326733,0.0,2.4752475247524752,0.0,14.85148514851485,19.801980198019802,4.9504950495049505,269.8019801980198,7.425742574257425,2.4752475247524752,22.277227722772277,2.4752475247524752,2.4752475247524752,0.0,0.0,4.9504950495049505,2.4752475247524752,0.0,4.9504950495049505,2.4752475247524752,9.900990099009901,0.0,2.4752475247524752,0.0,0.0,0.0,0.0,0.0,0.0,4.9504950495049505,123.76237623762376,59.4059405940594,2.4752475247524752,61.88118811881188,0.6439393939393939,4.570707070707071,0.0,4.9504950495049505,2.4752475247524752,0.0,9.900990099009901,0.0,9.900990099009901,2.4752475247524752,0.0,0.0,4.9504950495049505,4.9504950495049505,0.0,2.4752475247524752,9.900990099009901,0.0,0.0,0.0,0.0,9.900990099009901,4.9504950495049505,9.900990099009901,7.425742574257425
299902,91.56626506024097,2.4096385542168677,4.819277108433735,4.819277108433735,4.819277108433735,55.42168674698795,4.819277108433735,26.50602409638554,12.048192771084338,2.4096385542168677,12.048192771084338,4.819277108433735,19.27710843373494,26.50602409638554,7.228915662650603,175.9036144578313,9.63855421686747,0.0,26.50602409638554,7.228915662650603,0.0,0.0,0.0,12.048192771084338,4.819277108433735,0.0,2.4096385542168677,2.4096385542168677,4.819277108433735,0.0,2.4096385542168677,0.0,0.0,0.0,0.0,0.0,4.819277108433735,12.048192771084338,108.43373493975903,57.83132530120482,9.63855421686747,62.65060240963856,0.5773955773955773,4.476658476658477,2.4096385542168677,0.0,2.4096385542168677,2.4096385542168677,7.228915662650603,2.4096385542168677,9.63855421686747,7.228915662650603,0.0,2.4096385542168677,2.4096385542168677,19.27710843373494,7.228915662650603,4.819277108433735,12.048192771084338,0.0,0.0,0.0,2.4096385542168677,7.228915662650603,7.228915662650603,7.228915662650603,7.228915662650603
301824,85.995085995086,4.914004914004914,19.656019656019655,12.285012285012284,2.457002457002457,51.597051597051596,4.914004914004914,7.371007371007371,24.570024570024568,4.914004914004914,2.457002457002457,2.457002457002457,12.285012285012284,19.656019656019655,0.0,213.75921375921376,2.457002457002457,2.457002457002457,31.94103194103194,0.0,0.0,0.0,0.0,19.656019656019655,4.914004914004914,0.0,2.457002457002457,2.457002457002457,7.371007371007371,0.0,0.0,0.0,0.0,0.0,0.0,0.0,4.914004914004914,14.742014742014742,108.10810810810811,49.140049140049136,4.914004914004914,66.33906633906633,0.5583126550868487,4.258064516129032,2.457002457002457,2.457002457002457,2.457002457002457,2.457002457002457,9.828009828009828,0.0,7.371007371007371,0.0,0.0,0.0,0.0,27.027027027027028,2.457002457002457,2.457002457002457,7.371007371007371,0.0,0.0,0.0,0.0,12.285012285012284,12.285012285012284,0.0,4.914004914004914
31261,67.96116504854369,4.854368932038835,12.135922330097086,0.0,0.0,9.70873786407767,7.281553398058253,67.96116504854369,4.854368932038835,0.0,0.0,0.0,16.990291262135923,29.12621359223301,0.0,233.0097087378641,4.854368932038835,0.0,41.2621359223301,0.0,2.4271844660194173,0.0,0.0,21.844660194174757,4.854368932038835,2.4271844660194173,2.4271844660194173,0.0,9.70873786407767,0.0,0.0,0.0,0.0,0.0,0.0,0.0,4.854368932038835,4.854368932038835,80.09708737864078,65.53398058252426,9.70873786407767,63.10679611650485,0.5671641791044776,4.8059701492537314,2.4271844660194173,4.854368932038835,0.0,0.0,16.990291262135923,0.0,0.0,4.854368932038835,0.0,9.70873786407767,4.854368932038835,9.70873786407767,4.854368932038835,2.4271844660194173,14.563106796116505,0.0,4.854368932038835,0.0,0.0,26.699029126213592,12.135922330097086,0.0,12.135922330097086
31951,4.854368932038835,0.0,55.8252427184466,0.0,0.0,50.970873786407765,46.116504854368934,7.281553398058253,7.281553398058253,2.4271844660194173,2.4271844660194173,0.0,31.553398058252426,19.41747572815534,4.854368932038835,143.20388349514562,2.4271844660194173,0.0,31.553398058252426,2.4271844660194173,0.0,0.0,4.854368932038835,33.980582524271846,2.4271844660194173,0.0,4.854368932038835,0.0,12.135922330097086,0.0,4.854368932038835,0.0,0.0,0.0,0.0,0.0,24.271844660194173,7.281553398058253,70.3883495145631,58.25242718446602,26.699029126213592,50.970873786407765,0.4642857142857143,4.469387755102041,4.854368932038835,4.854368932038835,0.0,4.854368932038835,0.0,0.0,7.281553398058253,14.563106796116505,0.0,26.699029126213592,12.135922330097086,26.699029126213592,2.4271844660194173,0.0,38.83495145631068,2.4271844660194173,2.4271844660194173,0.0,2.4271844660194173,14.563106796116505,21.844660194174757,2.4271844660194173,9.70873786407767
36188,81.14558472553699,9.546539379474941,14.319809069212411,2.3866348448687353,2.3866348448687353,16.706443914081145,2.3866348448687353,23.86634844868735,16.706443914081145,9.546539379474941,0.0,0.0,9.546539379474941,16.706443914081145,9.546539379474941,298.32935560859187,11.933174224343675,0.0,14.319809069212411,0.0,2.3866348448687353,0.0,0.0,9.546539379474941,9.546539379474941,4.773269689737471,4.773269689737471,0.0,2.3866348448687353,0.0,2.3866348448687353,0.0,0.0,0.0,0.0,0.0,4.773269689737471,9.546539379474941,114.55847255369929,71.59904534606206,0.0,28.639618138424822,0.5951807228915663,5.040963855421687,0.0,0.0,2.3866348448687353,0.0,0.0,0.0,2.3866348448687353,0.0,0.0,0.0,2.3866348448687353,26.252983293556085,0.0,2.3866348448687353,0.0,0.0,2.3866348448687353,0.0,2.3866348448687353,7.159904534606206,0.0,0.0,2.3866348448687353
36866,82.74231678486997,14.184397163120567,2.3640661938534278,7.092198581560283,0.0,56.737588652482266,4.7281323877068555,2.3640661938534278,11.82033096926714,4.7281323877068555,2.3640661938534278,0.0,14.184397163120567,40.189125295508276,7.092198581560283,215.13002364066193,2.3640661938534278,0.0,26.004728132387708,2.3640661938534278,4.7281323877068555,0.0,0.0,21.27659574468085,4.7281323877068555,2.3640661938534278,0.0,2.3640661938534278,2.3640661938534278,0.0,0.0,0.0,0.0,0.0,0.0,0.0,2.3640661938534278,4.7281323877068555,111.1111111111111,66.19385342789597,7.092198581560283,44.917257683215134,0.5985576923076923,4.990384615384615,2.3640661938534278,0.0,2.3640661938534278,0.0,2.3640661938534278,0.0,2.3640661938534278,7.092198581560283,0.0,7.092198581560283,0.0,14.184397163120567,2.3640661938534278,0.0,14.184397163120567,0.0,0.0,0.0,2.3640661938534278,0.0,16.548463356973993,0.0,4.7281323877068555
3835,105.3921568627451,12.254901960784313,2.450980392156863,4.901960784313726,0.0,0.0,7.352941176470588,88.23529411764706,12.254901960784313,4.901960784313726,0.0,2.450980392156863,4.901960784313726,0.0,0.0,218.13725490196077,0.0,0.0,19.607843137254903,2.450980392156863,0.0,2.450980392156863,0.0,31.862745098039213,4.901960784313726,0.0,2.450980392156863,2.450980392156863,0.0,4.901960784313726,0.0,0.0,0.0,0.0,0.0,0.0,2.450980392156863,12.254901960784313,105.3921568627451,39.21568627450981,9.803921568627452,61.27450980392157,0.547979797979798,4.244949494949495,0.0,0.0,0.0,2.450980392156863,14.705882352941176,0.0,9.803921568627452,0.0,0.0,4.901960784313726,4.901960784313726,19.607843137254903,4.901960784313726,4.901960784313726,4.901960784313726,0.0,0.0,0.0,0.0,14.705882352941176,14.705882352941176,2.450980392156863,4.901960784313726
40088,82.7250608272506,12.165450121654501,4.866180048661801,9.732360097323602,9.732360097323602,82.7250608272506,0.0,31.630170316301705,9.732360097323602,2.4330900243309004,7.299270072992701,4.866180048661801,7.299270072992701,21.897810218978105,4.866180048661801,192.21411192214111,0.0,0.0,7.299270072992701,0.0,0.0,0.0,0.0,17.0316301703163,2.4330900243309004,2.4330900243309004,2.4330900243309004,0.0,0.0,0.0,0.0,0.0,0.0,0.0,0.0,0.0,0.0,2.4330900243309004,102.18978102189782,43.79562043795621,2.4330900243309004,87.59124087591242,0.5660847880299252,4.286783042394015,4.866180048661801,4.866180048661801,0.0,0.0,4.866180048661801,0.0,4.866180048661801,7.299270072992701,4.866180048661801,4.866180048661801,2.4330900243309004,24.330900243309003,14.598540145985401,0.0,17.0316301703163,0.0,0.0,0.0,7.299270072992701,7.299270072992701,19.464720194647203,2.4330900243309004,7.299270072992701
41960,81.88585607940446,14.88833746898263,0.0,17.3697270471464,0.0,0.0,0.0,22.332506203473944,19.851116625310173,2.4813895781637716,14.88833746898263,0.0,19.851116625310173,29.77667493796526,2.4813895781637716,265.50868486352357,9.925558312655086,0.0,14.88833746898263,0.0,2.4813895781637716,0.0,0.0,7.444168734491315,4.962779156327543,0.0,2.4813895781637716,4.962779156327543,7.444168734491315,2.4813895781637716,2.4813895781637716,0.0,0.0,0.0,0.0,0.0,0.0,2.4813895781637716,121.58808933002481,57.07196029776674,4.962779156327543,42.183622828784124,0.6294416243654822,5.043147208121828,0.0,0.0,0.0,2.4813895781637716,2.4813895781637716,0.0,2.4813895781637716,2.4813895781637716,0.0,2.4813895781637716,2.4813895781637716,17.3697270471464,0.0,0.0,2.4813895781637716,0.0,0.0,0.0,4.962779156327543,9.925558312655086,4.962779156327543,0.0,4.962779156327543
42065,105.13447432762835,12.224938875305625,7.334963325183374,12.224938875305625,9.7799511002445,105.13447432762835,0.0,0.0,22.004889975550125,12.224938875305625,0.0,0.0,9.7799511002445,31.78484107579462,7.334963325183374,183.37408312958436,7.334963325183374,0.0,29.339853300733495,0.0,7.334963325183374,2.444987775061125,2.444987775061125,19.559902200489,9.7799511002445,2.444987775061125,0.0,0.0,4.88997555012225,0.0,0.0,0.0,0.0,0.0,2.444987775061125,0.0,4.88997555012225,7.334963325183374,90.46454767726162,36.674816625916876,0.0,70.90464547677261,0.5160493827160494,4.3580246913580245,0.0,2.444987775061125,7.334963325183374,0.0,4.88997555012225,0.0,7.334963325183374,4.88997555012225,0.0,0.0,2.444987775061125,29.339853300733495,2.444987775061125,7.334963325183374,2.444987775061125,0.0,0.0,0.0,7.334963325183374,17.114914425427873,7.334963325183374,0.0,2.444987775061125
42521,47.38154613466334,14.962593516209475,49.87531172069826,4.987531172069826,2.493765586034913,54.86284289276808,7.481296758104738,4.987531172069826,22.443890274314214,4.987531172069826,9.975062344139651,4.987531172069826,17.456359102244388,14.962593516209475,4.987531172069826,209.47630922693267,12.468827930174564,0.0,37.406483790523694,4.987531172069826,0.0,0.0,0.0,9.975062344139651,2.493765586034913,2.493765586034913,0.0,4.987531172069826,2.493765586034913,0.0,2.493765586034913,0.0,2.493765586034913,0.0,2.493765586034913,0.0,0.0,14.962593516209475,117.20698254364089,32.418952618453865,9.975062344139651,92.26932668329177,0.6169665809768637,4.359897172236503,2.493765586034913,0.0,2.493765586034913,2.493765586034913,7.481296758104738,0.0,2.493765586034913,0.0,0.0,2.493765586034913,2.493765586034913,7.481296758104738,4.987531172069826,2.493765586034913,22.443890274314214,0.0,0.0,0.0,4.987531172069826,4.987531172069826,7.481296758104738,2.493765586034913,9.975062344139651
44779,99.50248756218906,2.487562189054726,0.0,2.487562189054726,4.975124378109452,0.0,0.0,116.91542288557214,9.950248756218905,2.487562189054726,4.975124378109452,2.487562189054726,29.850746268656717,24.875621890547265,9.950248756218905,216.4179104477612,2.487562189054726,2.487562189054726,22.388059701492537,0.0,0.0,0.0,2.487562189054726,4.975124378109452,0.0,0.0,0.0,4.975124378109452,4.975124378109452,2.487562189054726,2.487562189054726,0.0,0.0,4.975124378109452,0.0,2.487562189054726,0.0,7.462686567164179,124.37810945273633,69.65174129353234,2.487562189054726,79.60199004975124,0.59,4.9775,2.487562189054726,0.0,0.0,0.0,9.950248756218905,0.0,0.0,4.975124378109452,0.0,0.0,2.487562189054726,17.412935323383085,0.0,0.0,2.487562189054726,0.0,0.0,2.487562189054726,4.975124378109452,12.437810945273633,4.975124378109452,0.0,9.950248756218905
45625,96.3855421686747,7.228915662650603,21.686746987951807,7.228915662650603,9.63855421686747,38.55421686746988,0.0,16.867469879518072,31.32530120481928,0.0,9.63855421686747,0.0,16.867469879518072,9.63855421686747,4.819277108433735,190.36144578313252,2.4096385542168677,0.0,31.32530120481928,0.0,2.4096385542168677,0.0,2.4096385542168677,12.048192771084338,0.0,0.0,0.0,0.0,4.819277108433735,2.4096385542168677,0.0,0.0,0.0,0.0,0.0,0.0,12.048192771084338,9.63855421686747,110.8433734939759,38.55421686746988,9.63855421686747,81.9277108433735,0.5525672371638142,4.271393643031785,0.0,0.0,0.0,4.819277108433735,9.63855421686747,2.4096385542168677,7.228915662650603,2.4096385542168677,0.0,7.228915662650603,2.4096385542168677,14.457831325301205,4.819277108433735,0.0,14.457831325301205,0.0,0.0,0.0,2.4096385542168677,7.228915662650603,16.867469879518072,0.0,4.819277108433735
48393,96.53465346534654,7.425742574257425,9.900990099009901,2.4752475247524752,2.4752475247524752,81.68316831683168,0.0,4.9504950495049505,19.801980198019802,2.4752475247524752,12.376237623762377,12.376237623762377,4.9504950495049505,12.376237623762377,7.425742574257425,180.69306930693068,4.9504950495049505,0.0,22.277227722772277,0.0,2.4752475247524752,0.0,0.0,17.32673267326733,4.9504950495049505,2.4752475247524752,0.0,0.0,0.0,0.0,0.0,0.0,0.0,0.0,2.4752475247524752,0.0,4.9504950495049505,2.4752475247524752,81.68316831683168,66.83168316831683,14.85148514851485,94.05940594059406,0.6084788029925187,4.805486284289277,0.0,4.9504950495049505,0.0,2.4752475247524752,9.900990099009901,0.0,7.425742574257425,4.9504950495049505,2.4752475247524752,2.4752475247524752,0.0,17.32673267326733,2.4752475247524752,2.4752475247524752,4.9504950495049505,0.0,0.0,2.4752475247524752,2.4752475247524752,17.32673267326733,22.277227722772277,9.900990099009901,4.9504950495049505
50826,92.5,2.5,2.5,2.5,2.5,95.0,0.0,10.0,7.5,2.5,2.5,0.0,12.5,17.5,12.5,212.5,7.5,0.0,27.5,0.0,0.0,0.0,0.0,25.0,10.0,0.0,0.0,2.5,0.0,0.0,0.0,0.0,0.0,0.0,0.0,0.0,12.5,15.0,90.0,32.5,10.0,60.0,0.5739795918367347,4.362244897959184,2.5,5.0,2.5,0.0,7.5,0.0,2.5,5.0,0.0,7.5,0.0,12.5,0.0,0.0,10.0,0.0,2.5,0.0,7.5,5.0,12.5,2.5,5.0
51526,51.724137931034484,2.4630541871921183,0.0,4.926108374384237,0.0,0.0,0.0,14.778325123152708,0.0,2.4630541871921183,0.0,0.0,7.389162561576354,34.48275862068965,9.852216748768473,275.8620689655172,12.315270935960593,4.926108374384237,4.926108374384237,0.0,0.0,0.0,0.0,4.926108374384237,2.4630541871921183,0.0,17.241379310344826,2.4630541871921183,0.0,0.0,2.4630541871921183,0.0,0.0,0.0,0.0,0.0,0.0,0.0,160.0985221674877,66.50246305418719,2.4630541871921183,39.40886699507389,0.607940446650124,5.424317617866005,14.778325123152708,0.0,0.0,0.0,2.4630541871921183,0.0,9.852216748768473,0.0,0.0,0.0,0.0,14.778325123152708,4.926108374384237,0.0,2.4630541871921183,0.0,2.4630541871921183,0.0,0.0,27.093596059113302,4.926108374384237,0.0,12.315270935960593
52648,75.42579075425792,7.299270072992701,2.4330900243309004,7.299270072992701,0.0,0.0,0.0,26.7639902676399,19.464720194647203,0.0,0.0,0.0,9.732360097323602,12.165450121654501,9.732360097323602,277.37226277372264,4.866180048661801,0.0,19.464720194647203,0.0,0.0,0.0,0.0,2.4330900243309004,0.0,0.0,2.4330900243309004,7.299270072992701,4.866180048661801,0.0,0.0,0.0,0.0,0.0,0.0,0.0,4.866180048661801,4.866180048661801,124.08759124087591,82.7250608272506,2.4330900243309004,65.69343065693431,0.5955882352941176,4.742647058823529,0.0,2.4330900243309004,2.4330900243309004,0.0,9.732360097323602,0.0,0.0,0.0,0.0,2.4330900243309004,2.4330900243309004,14.598540145985401,4.866180048661801,0.0,0.0,0.0,0.0,0.0,4.866180048661801,14.598540145985401,2.4330900243309004,0.0,9.732360097323602
52654,48.78048780487805,7.317073170731708,31.70731707317073,2.4390243902439024,2.4390243902439024,9.75609756097561,14.634146341463415,29.26829268292683,17.073170731707318,2.4390243902439024,7.317073170731708,0.0,17.073170731707318,9.75609756097561,7.317073170731708,226.82926829268294,7.317073170731708,0.0,29.26829268292683,7.317073170731708,0.0,0.0,0.0,9.75609756097561,0.0,0.0,0.0,0.0,9.75609756097561,0.0,2.4390243902439024,0.0,0.0,0.0,0.0,0.0,9.75609756097561,14.634146341463415,104.8780487804878,53.65853658536585,4.878048780487805,75.60975609756098,0.615,4.8425,0.0,2.4390243902439024,2.4390243902439024,0.0,2.4390243902439024,2.4390243902439024,2.4390243902439024,9.75609756097561,0.0,9.75609756097561,7.317073170731708,14.634146341463415,0.0,2.4390243902439024,9.75609756097561,0.0,2.4390243902439024,0.0,7.317073170731708,17.073170731707318,2.4390243902439024,0.0,4.878048780487805
53126,84.95145631067962,9.70873786407767,0.0,7.281553398058253,14.563106796116505,0.0,0.0,29.12621359223301,7.281553398058253,0.0,0.0,0.0,24.271844660194173,33.980582524271846,7.281553398058253,233.0097087378641,16.990291262135923,0.0,33.980582524271846,0.0,0.0,2.4271844660194173,0.0,12.135922330097086,7.281553398058253,0.0,4.854368932038835,0.0,12.135922330097086,0.0,2.4271844660194173,0.0,0.0,4.854368932038835,0.0,0.0,0.0,0.0,143.20388349514562,55.8252427184466,4.854368932038835,63.10679611650485,0.4975609756097561,4.61219512195122,0.0,0.0,0.0,0.0,9.70873786407767,4.854368932038835,7.281553398058253,0.0,0.0,4.854368932038835,0.0,4.854368932038835,0.0,0.0,2.4271844660194173,0.0,0.0,0.0,4.854368932038835,21.844660194174757,7.281553398058253,0.0,7.281553398058253
53736,106.69975186104217,9.925558312655086,9.925558312655086,9.925558312655086,4.962779156327543,101.73697270471465,2.4813895781637716,7.444168734491315,12.40694789081886,2.4813895781637716,14.88833746898263,0.0,17.3697270471464,7.444168734491315,4.962779156327543,230.76923076923077,4.962779156327543,0.0,39.702233250620345,2.4813895781637716,0.0,0.0,4.962779156327543,9.925558312655086,0.0,0.0,0.0,0.0,4.962779156327543,0.0,0.0,0.0,0.0,0.0,2.4813895781637716,0.0,2.4813895781637716,4.962779156327543,116.62531017369727,34.7394540942928,2.4813895781637716,76.92307692307693,0.6025316455696202,4.336708860759494,2.4813895781637716,2.4813895781637716,2.4813895781637716,0.0,17.3697270471464,0.0,2.4813895781637716,2.4813895781637716,0.0,4.962779156327543,4.962779156327543,7.444168734491315,0.0,0.0,12.40694789081886,0.0,0.0,0.0,2.4813895781637716,12.40694789081886,22.332506203473944,7.444168734491315,12.40694789081886
5420,94.05940594059406,14.85148514851485,0.0,7.425742574257425,12.376237623762377,4.9504950495049505,0.0,12.376237623762377,29.7029702970297,0.0,0.0,0.0,9.900990099009901,27.22772277227723,7.425742574257425,237.6237623762376,7.425742574257425,2.4752475247524752,9.900990099009901,0.0,2.4752475247524752,0.0,0.0,12.376237623762377,2.4752475247524752,0.0,2.4752475247524752,0.0,7.425742574257425,0.0,0.0,0.0,0.0,2.4752475247524752,0.0,0.0,0.0,12.376237623762377,89.10891089108911,71.78217821782178,0.0,101.48514851485149,0.6262626262626263,5.116161616161616,0.0,7.425742574257425,0.0,4.9504950495049505,14.85148514851485,2.4752475247524752,2.4752475247524752,2.4752475247524752,0.0,0.0,0.0,14.85148514851485,4.9504950495049505,0.0,7.425742574257425,0.0,0.0,0.0,9.900990099009901,14.85148514851485,12.376237623762377,0.0,9.900990099009901
54268,74.44168734491315,4.962779156327543,17.3697270471464,0.0,4.962779156327543,52.10918114143921,2.4813895781637716,27.29528535980149,9.925558312655086,4.962779156327543,4.962779156327543,9.925558312655086,22.332506203473944,17.3697270471464,0.0,225.80645161290323,12.40694789081886,0.0,39.702233250620345,0.0,0.0,0.0,0.0,14.88833746898263,0.0,0.0,2.4813895781637716,2.4813895781637716,7.444168734491315,0.0,2.4813895781637716,2.4813895781637716,0.0,2.4813895781637716,4.962779156327543,2.4813895781637716,2.4813895781637716,4.962779156327543,101.73697270471465,62.03473945409429,2.4813895781637716,76.92307692307693,0.6138107416879796,4.432225063938619,0.0,7.444168734491315,2.4813895781637716,4.962779156327543,7.444168734491315,0.0,7.444168734491315,9.925558312655086,0.0,7.444168734491315,7.444168734491315,12.40694789081886,9.925558312655086,0.0,19.851116625310173,0.0,2.4813895781637716,0.0,2.4813895781637716,7.444168734491315,12.40694789081886,2.4813895781637716,14.88833746898263
54645,115.0,12.5,7.5,5.0,7.5,72.5,2.5,25.0,20.0,7.5,5.0,2.5,17.5,12.5,5.0,210.0,10.0,0.0,40.0,2.5,0.0,0.0,0.0,15.0,2.5,0.0,0.0,0.0,7.5,0.0,0.0,0.0,0.0,0.0,0.0,0.0,0.0,5.0,72.5,67.5,10.0,72.5,0.625,4.405612244897959,2.5,5.0,0.0,2.5,7.5,0.0,0.0,10.0,0.0,5.0,5.0,22.5,0.0,2.5,12.5,0.0,0.0,0.0,7.5,7.5,15.0,2.5,12.5
55778,94.76309226932668,9.975062344139651,12.468827930174564,4.987531172069826,9.975062344139651,82.29426433915212,9.975062344139651,7.481296758104738,32.418952618453865,2.493765586034913,9.975062344139651,2.493765586034913,24.93765586034913,37.406483790523694,0.0,157.10723192019952,2.493765586034913,0.0,37.406483790523694,0.0,0.0,0.0,0.0,24.93765586034913,0.0,0.0,2.493765586034913,0.0,9.975062344139651,2.493765586034913,4.987531172069826,0.0,0.0,0.0,0.0,0.0,0.0,4.987531172069826,77.3067331670823,49.87531172069826,2.493765586034913,104.73815461346634,0.569620253164557,4.627848101265823,2.493765586034913,7.481296758104738,0.0,2.493765586034913,12.468827930174564,0.0,4.987531172069826,0.0,2.493765586034913,4.987531172069826,0.0,7.481296758104738,7.481296758104738,0.0,14.962593516209475,0.0,0.0,2.493765586034913,2.493765586034913,9.975062344139651,14.962593516209475,7.481296758104738,7.481296758104738
61334,71.96029776674938,4.962779156327543,24.81389578163772,0.0,7.444168734491315,4.962779156327543,7.444168734491315,52.10918114143921,9.925558312655086,2.4813895781637716,2.4813895781637716,2.4813895781637716,22.332506203473944,17.3697270471464,0.0,258.06451612903226,7.444168734491315,2.4813895781637716,14.88833746898263,2.4813895781637716,0.0,0.0,0.0,19.851116625310173,2.4813895781637716,2.4813895781637716,2.4813895781637716,0.0,12.40694789081886,0.0,0.0,0.0,0.0,0.0,0.0,0.0,0.0,7.444168734491315,116.62531017369727,71.96029776674938,4.962779156327543,34.7394540942928,0.5885286783042394,4.785536159600998,4.962779156327543,0.0,2.4813895781637716,2.4813895781637716,0.0,0.0,7.444168734491315,2.4813895781637716,0.0,4.962779156327543,4.962779156327543,9.925558312655086,0.0,4.962779156327543,0.0,0.0,0.0,0.0,2.4813895781637716,9.925558312655086,12.40694789081886,0.0,2.4813895781637716
61596,92.6829268292683,17.073170731707318,9.75609756097561,7.317073170731708,4.878048780487805,58.53658536585366,9.75609756097561,12.195121951219512,17.073170731707318,0.0,2.4390243902439024,0.0,24.390243902439025,9.75609756097561,2.4390243902439024,214.6341463414634,4.878048780487805,0.0,34.146341463414636,0.0,2.4390243902439024,0.0,0.0,21.95121951219512,2.4390243902439024,2.4390243902439024,0.0,0.0,4.878048780487805,0.0,0.0,0.0,0.0,2.4390243902439024,0.0,0.0,0.0,4.878048780487805,85.3658536585366,46.34146341463415,4.878048780487805,75.60975609756098,0.5841584158415841,4.257425742574258,0.0,4.878048780487805,0.0,0.0,9.75609756097561,0.0,9.75609756097561,2.4390243902439024,2.4390243902439024,7.317073170731708,9.75609756097561,12.195121951219512,4.878048780487805,0.0,12.195121951219512,0.0,0.0,0.0,7.317073170731708,12.195121951219512,12.195121951219512,0.0,4.878048780487805
6306,72.42990654205607,11.682242990654204,18.69158878504673,7.009345794392523,4.672897196261682,56.074766355140184,9.345794392523365,32.71028037383177,28.037383177570092,4.672897196261682,4.672897196261682,0.0,30.373831775700936,21.02803738317757,4.672897196261682,172.89719626168224,0.0,2.336448598130841,30.373831775700936,0.0,0.0,0.0,0.0,18.69158878504673,0.0,0.0,2.336448598130841,0.0,7.009345794392523,0.0,4.672897196261682,0.0,2.336448598130841,0.0,2.336448598130841,0.0,4.672897196261682,4.672897196261682,100.46728971962617,46.72897196261682,9.345794392523365,102.80373831775701,0.6,4.421428571428572,4.672897196261682,4.672897196261682,0.0,0.0,11.682242990654204,0.0,11.682242990654204,7.009345794392523,0.0,0.0,9.345794392523365,30.373831775700936,0.0,4.672897196261682,14.018691588785046,0.0,0.0,0.0,2.336448598130841,9.345794392523365,9.345794392523365,0.0,16.355140186915886
65101,75.06053268765133,12.106537530266344,0.0,7.263922518159807,2.4213075060532687,29.055690072639226,2.4213075060532687,7.263922518159807,19.37046004842615,2.4213075060532687,7.263922518159807,0.0,12.106537530266344,14.527845036319613,2.4213075060532687,256.6585956416465,2.4213075060532687,0.0,9.685230024213075,0.0,0.0,0.0,0.0,16.949152542372882,2.4213075060532687,0.0,4.842615012106537,0.0,9.685230024213075,2.4213075060532687,0.0,0.0,0.0,0.0,0.0,2.4213075060532687,2.4213075060532687,12.106537530266344,125.90799031476999,58.11138014527845,7.263922518159807,62.953995157384995,0.6231527093596059,4.859605911330049,2.4213075060532687,4.842615012106537,0.0,2.4213075060532687,2.4213075060532687,0.0,4.842615012106537,2.4213075060532687,0.0,0.0,2.4213075060532687,12.106537530266344,2.4213075060532687,0.0,2.4213075060532687,0.0,0.0,0.0,4.842615012106537,24.213075060532688,9.685230024213075,4.842615012106537,2.4213075060532687
68990,100.98522167487685,9.852216748768473,0.0,2.4630541871921183,9.852216748768473,61.576354679802954,2.4630541871921183,14.778325123152708,9.852216748768473,4.926108374384237,2.4630541871921183,0.0,22.167487684729064,19.704433497536947,12.315270935960593,201.9704433497537,2.4630541871921183,0.0,29.556650246305416,0.0,0.0,0.0,2.4630541871921183,9.852216748768473,7.389162561576354,4.926108374384237,2.4630541871921183,2.4630541871921183,12.315270935960593,0.0,0.0,0.0,0.0,0.0,0.0,0.0,0.0,4.926108374384237,110.83743842364532,56.65024630541872,2.4630541871921183,86.20689655172414,0.6144278606965174,4.6940298507462686,2.4630541871921183,2.4630541871921183,0.0,2.4630541871921183,4.926108374384237,0.0,7.389162561576354,0.0,0.0,2.4630541871921183,0.0,9.852216748768473,0.0,2.4630541871921183,9.852216748768473,0.0,0.0,0.0,7.389162561576354,4.926108374384237,9.852216748768473,0.0,7.389162561576354
70759,87.06467661691543,9.950248756218905,4.975124378109452,4.975124378109452,4.975124378109452,52.23880597014925,4.975124378109452,14.925373134328359,24.875621890547265,9.950248756218905,4.975124378109452,0.0,9.950248756218905,12.437810945273633,7.462686567164179,211.44278606965176,2.487562189054726,0.0,39.80099502487562,2.487562189054726,0.0,0.0,0.0,2.487562189054726,0.0,0.0,4.975124378109452,0.0,2.487562189054726,0.0,0.0,0.0,0.0,0.0,0.0,0.0,2.487562189054726,2.487562189054726,106.96517412935323,67.16417910447761,12.437810945273633,82.08955223880596,0.5949367088607594,4.4379746835443035,4.975124378109452,4.975124378109452,0.0,0.0,9.950248756218905,0.0,2.487562189054726,2.487562189054726,0.0,12.437810945273633,4.975124378109452,7.462686567164179,0.0,0.0,9.950248756218905,0.0,0.0,0.0,4.975124378109452,4.975124378109452,9.950248756218905,2.487562189054726,4.975124378109452
71683,89.80582524271844,7.281553398058253,14.563106796116505,2.4271844660194173,0.0,60.67961165048544,24.271844660194173,9.70873786407767,24.271844660194173,2.4271844660194173,4.854368932038835,0.0,12.135922330097086,12.135922330097086,2.4271844660194173,203.88349514563106,2.4271844660194173,0.0,16.990291262135923,2.4271844660194173,2.4271844660194173,0.0,2.4271844660194173,7.281553398058253,4.854368932038835,0.0,2.4271844660194173,0.0,4.854368932038835,0.0,0.0,0.0,0.0,2.4271844660194173,0.0,0.0,2.4271844660194173,9.70873786407767,104.36893203883494,38.83495145631068,2.4271844660194173,82.5242718446602,0.571078431372549,4.404411764705882,0.0,2.4271844660194173,0.0,4.854368932038835,2.4271844660194173,0.0,4.854368932038835,4.854368932038835,9.70873786407767,7.281553398058253,2.4271844660194173,12.135922330097086,4.854368932038835,7.281553398058253,7.281553398058253,0.0,2.4271844660194173,0.0,0.0,7.281553398058253,14.563106796116505,2.4271844660194173,12.135922330097086
71812,98.28009828009827,2.457002457002457,2.457002457002457,0.0,4.914004914004914,0.0,0.0,34.3980343980344,4.914004914004914,2.457002457002457,12.285012285012284,4.914004914004914,24.570024570024568,12.285012285012284,0.0,275.1842751842752,4.914004914004914,0.0,24.570024570024568,2.457002457002457,0.0,0.0,0.0,12.285012285012284,2.457002457002457,2.457002457002457,2.457002457002457,0.0,9.828009828009828,2.457002457002457,0.0,0.0,0.0,0.0,0.0,0.0,2.457002457002457,27.027027027027028,88.45208845208845,61.42506142506143,0.0,68.7960687960688,0.5717821782178217,5.079207920792079,4.914004914004914,0.0,0.0,2.457002457002457,4.914004914004914,0.0,12.285012285012284,12.285012285012284,0.0,0.0,2.457002457002457,17.1990171990172,0.0,7.371007371007371,7.371007371007371,0.0,0.0,0.0,0.0,9.828009828009828,4.914004914004914,0.0,12.285012285012284
71856,119.40298507462687,12.437810945273633,9.950248756218905,9.950248756218905,4.975124378109452,0.0,14.925373134328359,74.62686567164178,7.462686567164179,0.0,4.975124378109452,0.0,29.850746268656717,32.33830845771144,4.975124378109452,169.1542288557214,14.925373134328359,0.0,34.82587064676617,2.487562189054726,0.0,2.487562189054726,0.0,7.462686567164179,7.462686567164179,0.0,0.0,0.0,19.90049751243781,0.0,0.0,0.0,0.0,0.0,0.0,0.0,0.0,17.412935323383085,92.03980099502488,39.80099502487562,4.975124378109452,89.55223880597015,0.5639097744360902,4.629072681704261,0.0,2.487562189054726,0.0,2.487562189054726,17.412935323383085,4.975124378109452,12.437810945273633,4.975124378109452,0.0,4.975124378109452,2.487562189054726,24.875621890547265,2.487562189054726,0.0,0.0,0.0,2.487562189054726,0.0,2.487562189054726,14.925373134328359,19.90049751243781,7.462686567164179,14.925373134328359
72335,93.59605911330048,14.778325123152708,17.241379310344826,0.0,4.926108374384237,9.852216748768473,12.315270935960593,103.44827586206897,14.778325123152708,0.0,2.4630541871921183,4.926108374384237,19.704433497536947,29.556650246305416,2.4630541871921183,174.8768472906404,2.4630541871921183,0.0,29.556650246305416,0.0,0.0,0.0,0.0,32.01970443349754,7.389162561576354,0.0,0.0,7.389162561576354,4.926108374384237,0.0,4.926108374384237,0.0,0.0,0.0,0.0,0.0,0.0,12.315270935960593,83.74384236453201,51.724137931034484,7.389162561576354,56.65024630541872,0.5607940446650124,4.518610421836228,0.0,0.0,0.0,4.926108374384237,7.389162561576354,2.4630541871921183,7.389162561576354,4.926108374384237,4.926108374384237,4.926108374384237,4.926108374384237,22.167487684729064,7.389162561576354,0.0,7.389162561576354,0.0,2.4630541871921183,2.4630541871921183,7.389162561576354,4.926108374384237,9.852216748768473,0.0,4.926108374384237
73710,104.11622276029055,2.4213075060532687,9.685230024213075,7.263922518159807,2.4213075060532687,53.26876513317191,0.0,16.949152542372882,26.634382566585955,0.0,0.0,2.4213075060532687,24.213075060532688,4.842615012106537,2.4213075060532687,200.9685230024213,21.791767554479417,0.0,48.426150121065376,7.263922518159807,0.0,0.0,4.842615012106537,16.949152542372882,4.842615012106537,0.0,2.4213075060532687,0.0,2.4213075060532687,0.0,2.4213075060532687,0.0,0.0,2.4213075060532687,0.0,0.0,0.0,9.685230024213075,84.7457627118644,60.53268765133172,9.685230024213075,82.32445520581113,0.5707317073170731,4.590243902439024,7.263922518159807,2.4213075060532687,0.0,2.4213075060532687,4.842615012106537,0.0,4.842615012106537,7.263922518159807,0.0,0.0,2.4213075060532687,14.527845036319613,7.263922518159807,2.4213075060532687,7.263922518159807,0.0,0.0,0.0,7.263922518159807,14.527845036319613,12.106537530266344,4.842615012106537,12.106537530266344
74990,82.7250608272506,0.0,0.0,2.4330900243309004,2.4330900243309004,26.7639902676399,0.0,12.165450121654501,2.4330900243309004,0.0,0.0,0.0,14.598540145985401,24.330900243309003,2.4330900243309004,262.77372262773724,2.4330900243309004,0.0,21.897810218978105,4.866180048661801,0.0,0.0,0.0,4.866180048661801,9.732360097323602,2.4330900243309004,0.0,4.866180048661801,0.0,0.0,2.4330900243309004,0.0,0.0,0.0,0.0,0.0,2.4330900243309004,9.732360097323602,148.41849148418493,51.09489051094891,7.299270072992701,34.0632603406326,0.5506172839506173,4.674074074074074,0.0,0.0,0.0,4.866180048661801,0.0,0.0,7.299270072992701,2.4330900243309004,0.0,0.0,0.0,14.598540145985401,4.866180048661801,2.4330900243309004,0.0,0.0,2.4330900243309004,0.0,0.0,17.0316301703163,4.866180048661801,2.4330900243309004,0.0
78215,78.38479809976246,7.125890736342043,9.501187648456057,11.876484560570072,7.125890736342043,4.750593824228028,2.375296912114014,16.6270783847981,23.752969121140143,4.750593824228028,2.375296912114014,0.0,11.876484560570072,19.002375296912113,4.750593824228028,237.5296912114014,4.750593824228028,0.0,19.002375296912113,0.0,4.750593824228028,0.0,0.0,11.876484560570072,9.501187648456057,2.375296912114014,2.375296912114014,2.375296912114014,2.375296912114014,0.0,2.375296912114014,0.0,0.0,0.0,0.0,0.0,7.125890736342043,9.501187648456057,102.1377672209026,73.63420427553444,2.375296912114014,52.25653206650831,0.6430317848410758,4.7799511002444985,0.0,2.375296912114014,0.0,2.375296912114014,11.876484560570072,0.0,4.750593824228028,7.125890736342043,2.375296912114014,0.0,7.125890736342043,9.501187648456057,2.375296912114014,0.0,9.501187648456057,0.0,2.375296912114014,0.0,4.750593824228028,4.750593824228028,0.0,0.0,4.750593824228028
7873,110.31175059952038,14.388489208633095,2.398081534772182,9.592326139088728,2.398081534772182,71.94244604316546,0.0,26.378896882494004,21.58273381294964,0.0,2.398081534772182,7.194244604316547,21.58273381294964,9.592326139088728,9.592326139088728,172.66187050359713,4.796163069544364,2.398081534772182,35.97122302158273,2.398081534772182,0.0,0.0,0.0,11.990407673860911,4.796163069544364,0.0,2.398081534772182,0.0,4.796163069544364,0.0,0.0,0.0,0.0,0.0,0.0,4.796163069544364,4.796163069544364,11.990407673860911,107.91366906474819,52.75779376498801,2.398081534772182,69.54436450839329,0.5480769230769231,4.5576923076923075,2.398081534772182,4.796163069544364,0.0,2.398081534772182,7.194244604316547,2.398081534772182,9.592326139088728,4.796163069544364,0.0,0.0,4.796163069544364,11.990407673860911,7.194244604316547,7.194244604316547,2.398081534772182,0.0,2.398081534772182,0.0,2.398081534772182,4.796163069544364,19.184652278177456,4.796163069544364,9.592326139088728
78998,104.21836228287842,9.925558312655086,14.88833746898263,9.925558312655086,2.4813895781637716,76.92307692307693,2.4813895781637716,39.702233250620345,24.81389578163772,9.925558312655086,2.4813895781637716,4.962779156327543,19.851116625310173,12.40694789081886,0.0,178.66004962779155,7.444168734491315,0.0,37.220843672456574,2.4813895781637716,0.0,0.0,0.0,17.3697270471464,17.3697270471464,2.4813895781637716,2.4813895781637716,0.0,7.444168734491315,0.0,0.0,0.0,0.0,0.0,0.0,0.0,9.925558312655086,9.925558312655086,76.92307692307693,29.77667493796526,4.962779156327543,81.88585607940446,0.5934343434343434,4.103535353535354,0.0,4.962779156327543,2.4813895781637716,0.0,7.444168734491315,0.0,2.4813895781637716,4.962779156327543,0.0,2.4813895781637716,7.444168734491315,24.81389578163772,7.444168734491315,2.4813895781637716,14.88833746898263,2.4813895781637716,0.0,0.0,2.4813895781637716,4.962779156327543,19.851116625310173,4.962779156327543,9.925558312655086
81368,90.69212410501193,2.3866348448687353,4.773269689737471,4.773269689737471,7.159904534606206,69.21241050119332,0.0,0.0,23.86634844868735,2.3866348448687353,0.0,0.0,21.479713603818613,19.093078758949883,4.773269689737471,245.8233890214797,2.3866348448687353,0.0,28.639618138424822,0.0,0.0,0.0,0.0,7.159904534606206,2.3866348448687353,0.0,2.3866348448687353,2.3866348448687353,16.706443914081145,0.0,0.0,0.0,0.0,0.0,0.0,0.0,0.0,9.546539379474941,140.8114558472554,71.59904534606206,2.3866348448687353,57.279236276849645,0.5799522673031027,4.534606205250597,0.0,2.3866348448687353,0.0,2.3866348448687353,4.773269689737471,0.0,0.0,0.0,0.0,0.0,2.3866348448687353,9.546539379474941,4.773269689737471,0.0,0.0,0.0,0.0,0.0,0.0,4.773269689737471,9.546539379474941,0.0,0.0
82414,87.16707021791767,12.106537530266344,0.0,7.263922518159807,4.842615012106537,0.0,0.0,33.898305084745765,29.055690072639226,2.4213075060532687,4.842615012106537,0.0,9.685230024213075,16.949152542372882,2.4213075060532687,237.28813559322035,2.4213075060532687,0.0,26.634382566585955,0.0,0.0,2.4213075060532687,0.0,16.949152542372882,9.685230024213075,2.4213075060532687,0.0,0.0,2.4213075060532687,0.0,4.842615012106537,0.0,0.0,0.0,0.0,4.842615012106537,0.0,9.685230024213075,123.48668280871671,58.11138014527845,4.842615012106537,58.11138014527845,0.5682926829268292,4.546341463414634,4.842615012106537,2.4213075060532687,0.0,0.0,12.106537530266344,0.0,9.685230024213075,0.0,0.0,2.4213075060532687,0.0,9.685230024213075,2.4213075060532687,4.842615012106537,0.0,0.0,2.4213075060532687,0.0,16.949152542372882,16.949152542372882,14.527845036319613,2.4213075060532687,2.4213075060532687
86334,81.68316831683168,22.277227722772277,19.801980198019802,0.0,2.4752475247524752,27.22772277227723,0.0,84.15841584158416,12.376237623762377,0.0,2.4752475247524752,0.0,7.425742574257425,19.801980198019802,0.0,198.01980198019803,2.4752475247524752,0.0,24.752475247524753,0.0,0.0,0.0,0.0,22.277227722772277,4.9504950495049505,0.0,2.4752475247524752,0.0,2.4752475247524752,0.0,2.4752475247524752,0.0,0.0,0.0,2.4752475247524752,0.0,2.4752475247524752,19.801980198019802,101.48514851485149,44.554455445544555,7.425742574257425,66.83168316831683,0.6045340050377834,4.594458438287154,4.9504950495049505,0.0,0.0,0.0,17.32673267326733,0.0,0.0,4.9504950495049505,0.0,7.425742574257425,4.9504950495049505,12.376237623762377,2.4752475247524752,0.0,14.85148514851485,0.0,0.0,0.0,7.425742574257425,2.4752475247524752,12.376237623762377,0.0,9.900990099009901
87670,53.398058252427184,2.4271844660194173,24.271844660194173,0.0,0.0,26.699029126213592,24.271844660194173,60.67961165048544,2.4271844660194173,4.854368932038835,4.854368932038835,0.0,14.563106796116505,9.70873786407767,4.854368932038835,208.73786407766988,2.4271844660194173,0.0,26.699029126213592,0.0,0.0,0.0,0.0,21.844660194174757,0.0,0.0,2.4271844660194173,0.0,4.854368932038835,0.0,0.0,0.0,0.0,0.0,0.0,0.0,14.563106796116505,4.854368932038835,92.23300970873787,46.116504854368934,7.281553398058253,65.53398058252426,0.5363408521303258,4.228070175438597,12.135922330097086,2.4271844660194173,4.854368932038835,0.0,12.135922330097086,0.0,2.4271844660194173,12.135922330097086,0.0,16.990291262135923,4.854368932038835,24.271844660194173,4.854368932038835,0.0,21.844660194174757,2.4271844660194173,2.4271844660194173,0.0,2.4271844660194173,12.135922330097086,14.563106796116505,7.281553398058253,9.70873786407767
87936,84.78802992518703,4.987531172069826,2.493765586034913,2.493765586034913,7.481296758104738,94.76309226932668,0.0,4.987531172069826,22.443890274314214,4.987531172069826,12.468827930174564,2.493765586034913,12.468827930174564,9.975062344139651,0.0,209.47630922693267,7.481296758104738,0.0,24.93765586034913,0.0,2.493765586034913,0.0,0.0,7.481296758104738,4.987531172069826,0.0,4.987531172069826,0.0,4.987531172069826,2.493765586034913,2.493765586034913,0.0,0.0,0.0,0.0,0.0,2.493765586034913,22.443890274314214,112.21945137157108,42.394014962593516,9.975062344139651,62.34413965087282,0.5919395465994962,4.471032745591939,4.987531172069826,4.987531172069826,0.0,0.0,7.481296758104738,4.987531172069826,4.987531172069826,17.456359102244388,0.0,9.975062344139651,0.0,27.43142144638404,7.481296758104738,2.493765586034913,4.987531172069826,2.493765586034913,0.0,0.0,9.975062344139651,7.481296758104738,4.987531172069826,0.0,0.0
90094,78.04878048780488,17.073170731707318,19.51219512195122,0.0,7.317073170731708,29.26829268292683,0.0,24.390243902439025,7.317073170731708,0.0,4.878048780487805,0.0,19.51219512195122,19.51219512195122,2.4390243902439024,270.7317073170732,4.878048780487805,0.0,12.195121951219512,0.0,2.4390243902439024,0.0,0.0,21.95121951219512,7.317073170731708,0.0,0.0,2.4390243902439024,7.317073170731708,0.0,2.4390243902439024,0.0,0.0,2.4390243902439024,0.0,0.0,0.0,2.4390243902439024,90.24390243902438,46.34146341463415,2.4390243902439024,53.65853658536585,0.5903307888040712,4.900763358778626,7.317073170731708,2.4390243902439024,0.0,4.878048780487805,4.878048780487805,0.0,2.4390243902439024,0.0,0.0,7.317073170731708,4.878048780487805,12.195121951219512,2.4390243902439024,0.0,9.75609756097561,0.0,0.0,0.0,7.317073170731708,12.195121951219512,12.195121951219512,7.317073170731708,0.0
91270,114.14392059553349,7.444168734491315,7.444168734491315,4.962779156327543,0.0,66.99751861042184,7.444168734491315,9.925558312655086,19.851116625310173,4.962779156327543,4.962779156327543,0.0,29.77667493796526,12.40694789081886,2.4813895781637716,178.66004962779155,0.0,0.0,37.220843672456574,2.4813895781637716,0.0,0.0,0.0,27.29528535980149,4.962779156327543,0.0,0.0,0.0,4.962779156327543,0.0,0.0,0.0,0.0,0.0,0.0,2.4813895781637716,4.962779156327543,12.40694789081886,106.69975186104217,44.66501240694789,4.962779156327543,64.51612903225806,0.5465994962216625,4.234256926952141,2.4813895781637716,0.0,0.0,0.0,2.4813895781637716,0.0,4.962779156327543,2.4813895781637716,0.0,0.0,9.925558312655086,9.925558312655086,4.962779156327543,2.4813895781637716,14.88833746898263,0.0,2.4813895781637716,0.0,2.4813895781637716,17.3697270471464,17.3697270471464,0.0,12.40694789081886
92620,74.62686567164178,19.90049751243781,2.487562189054726,9.950248756218905,0.0,0.0,0.0,74.62686567164178,14.925373134328359,0.0,4.975124378109452,2.487562189054726,7.462686567164179,14.925373134328359,9.950248756218905,251.24378109452738,2.487562189054726,2.487562189054726,17.412935323383085,2.487562189054726,0.0,0.0,0.0,9.950248756218905,4.975124378109452,0.0,0.0,0.0,4.975124378109452,0.0,2.487562189054726,0.0,0.0,0.0,0.0,0.0,0.0,12.437810945273633,104.4776119402985,49.75124378109453,0.0,49.75124378109453,0.5808080808080808,4.494949494949495,2.487562189054726,4.975124378109452,0.0,4.975124378109452,2.487562189054726,0.0,4.975124378109452,0.0,0.0,2.487562189054726,2.487562189054726,14.925373134328359,4.975124378109452,2.487562189054726,2.487562189054726,0.0,0.0,0.0,2.487562189054726,12.437810945273633,7.462686567164179,2.487562189054726,4.975124378109452
9326,62.21198156682028,18.433179723502302,18.433179723502302,0.0,0.0,9.216589861751151,13.82488479262673,34.562211981566826,6.912442396313365,0.0,0.0,2.304147465437788,16.129032258064516,11.520737327188941,11.520737327188941,264.97695852534565,9.216589861751151,2.304147465437788,11.520737327188941,0.0,0.0,0.0,0.0,29.953917050691242,11.520737327188941,0.0,4.608294930875576,0.0,2.304147465437788,0.0,2.304147465437788,0.0,0.0,0.0,0.0,0.0,0.0,4.608294930875576,94.4700460829493,48.387096774193544,4.608294930875576,41.474654377880185,0.5768321513002365,4.886524822695035,2.304147465437788,0.0,0.0,2.304147465437788,13.82488479262673,0.0,6.912442396313365,4.608294930875576,0.0,2.304147465437788,4.608294930875576,18.433179723502302,6.912442396313365,4.608294930875576,9.216589861751151,2.304147465437788,0.0,0.0,2.304147465437788,11.520737327188941,16.129032258064516,0.0,4.608294930875576
93748,34.7394540942928,0.0,29.77667493796526,2.4813895781637716,0.0,12.40694789081886,9.925558312655086,42.183622828784124,4.962779156327543,0.0,2.4813895781637716,0.0,9.925558312655086,24.81389578163772,7.444168734491315,238.2133995037221,4.962779156327543,2.4813895781637716,24.81389578163772,0.0,2.4813895781637716,0.0,0.0,29.77667493796526,0.0,0.0,2.4813895781637716,2.4813895781637716,4.962779156327543,0.0,2.4813895781637716,0.0,0.0,2.4813895781637716,0.0,0.0,7.444168734491315,2.4813895781637716,114.14392059553349,71.96029776674938,9.925558312655086,37.220843672456574,0.5964912280701754,5.132832080200501,9.925558312655086,0.0,0.0,2.4813895781637716,2.4813895781637716,0.0,19.851116625310173,9.925558312655086,4.962779156327543,4.962779156327543,4.962779156327543,17.3697270471464,7.444168734491315,4.962779156327543,7.444168734491315,0.0,0.0,0.0,4.962779156327543,29.77667493796526,12.40694789081886,0.0,4.962779156327543
94833,75.79462102689487,22.004889975550125,0.0,0.0,17.114914425427873,0.0,0.0,31.78484107579462,7.334963325183374,2.444987775061125,4.88997555012225,0.0,17.114914425427873,19.559902200489,12.224938875305625,188.2640586797066,7.334963325183374,2.444987775061125,19.559902200489,7.334963325183374,2.444987775061125,0.0,0.0,19.559902200489,2.444987775061125,2.444987775061125,0.0,2.444987775061125,4.88997555012225,0.0,4.88997555012225,0.0,0.0,0.0,0.0,0.0,0.0,4.88997555012225,107.57946210268948,78.239608801956,7.334963325183374,83.12958435207824,0.5882352941176471,5.036764705882353,2.444987775061125,9.7799511002445,2.444987775061125,4.88997555012225,7.334963325183374,0.0,9.7799511002445,7.334963325183374,0.0,9.7799511002445,7.334963325183374,34.229828850855746,4.88997555012225,0.0,0.0,2.444987775061125,0.0,2.444987775061125,7.334963325183374,7.334963325183374,4.88997555012225,0.0,4.88997555012225
95143,111.1111111111111,7.407407407407407,4.938271604938271,4.938271604938271,0.0,0.0,0.0,86.41975308641975,4.938271604938271,2.4691358024691357,2.4691358024691357,2.4691358024691357,27.160493827160494,19.753086419753085,0.0,227.1604938271605,7.407407407407407,0.0,27.160493827160494,4.938271604938271,0.0,0.0,0.0,9.876543209876543,0.0,0.0,0.0,0.0,12.345679012345679,2.4691358024691357,0.0,0.0,0.0,0.0,2.4691358024691357,0.0,0.0,9.876543209876543,123.45679012345678,34.5679012345679,7.407407407407407,66.66666666666667,0.5236907730673317,4.513715710723192,2.4691358024691357,0.0,0.0,2.4691358024691357,4.938271604938271,0.0,2.4691358024691357,4.938271604938271,0.0,2.4691358024691357,2.4691358024691357,19.753086419753085,4.938271604938271,0.0,0.0,4.938271604938271,0.0,0.0,0.0,4.938271604938271,4.938271604938271,0.0,4.938271604938271
96016,97.32360097323601,4.866180048661801,0.0,17.0316301703163,2.4330900243309004,72.992700729927,4.866180048661801,9.732360097323602,14.598540145985401,2.4330900243309004,7.299270072992701,0.0,12.165450121654501,12.165450121654501,12.165450121654501,221.41119221411194,9.732360097323602,0.0,26.7639902676399,2.4330900243309004,2.4330900243309004,0.0,0.0,12.165450121654501,4.866180048661801,0.0,0.0,0.0,9.732360097323602,0.0,2.4330900243309004,0.0,0.0,0.0,0.0,0.0,0.0,21.897810218978105,114.35523114355232,36.4963503649635,7.299270072992701,70.5596107055961,0.5294117647058824,4.387254901960785,0.0,2.4330900243309004,0.0,0.0,9.732360097323602,0.0,7.299270072992701,2.4330900243309004,0.0,4.866180048661801,0.0,24.330900243309003,2.4330900243309004,0.0,7.299270072992701,0.0,0.0,0.0,4.866180048661801,9.732360097323602,12.165450121654501,0.0,4.866180048661801
99220,61.88118811881188,7.425742574257425,42.07920792079208,2.4752475247524752,4.9504950495049505,69.30693069306932,22.277227722772277,12.376237623762377,22.277227722772277,4.9504950495049505,0.0,2.4752475247524752,34.65346534653466,9.900990099009901,0.0,148.5148514851485,4.9504950495049505,0.0,29.7029702970297,0.0,0.0,0.0,0.0,24.752475247524753,7.425742574257425,0.0,0.0,0.0,4.9504950495049505,0.0,7.425742574257425,0.0,2.4752475247524752,0.0,0.0,0.0,4.9504950495049505,2.4752475247524752,113.86138613861387,42.07920792079208,2.4752475247524752,79.20792079207921,0.5620253164556962,4.1367088607594935,2.4752475247524752,0.0,4.9504950495049505,2.4752475247524752,12.376237623762377,4.9504950495049505,2.4752475247524752,2.4752475247524752,2.4752475247524752,7.425742574257425,4.9504950495049505,27.22772277227723,2.4752475247524752,7.425742574257425,19.801980198019802,2.4752475247524752,0.0,0.0,0.0,9.900990099009901,12.376237623762377,7.425742574257425,7.425742574257425
99686,64.03940886699507,19.704433497536947,51.724137931034484,2.4630541871921183,12.315270935960593,76.35467980295567,27.093596059113302,39.40886699507389,14.778325123152708,4.926108374384237,2.4630541871921183,2.4630541871921183,27.093596059113302,9.852216748768473,0.0,167.48768472906403,4.926108374384237,0.0,36.94581280788178,0.0,0.0,0.0,0.0,17.241379310344826,2.4630541871921183,0.0,2.4630541871921183,2.4630541871921183,9.852216748768473,0.0,2.4630541871921183,0.0,2.4630541871921183,0.0,4.926108374384237,0.0,2.4630541871921183,2.4630541871921183,115.76354679802955,29.556650246305416,9.852216748768473,83.74384236453201,0.5816326530612245,4.10969387755102,2.4630541871921183,4.926108374384237,0.0,0.0,4.926108374384237,0.0,9.852216748768473,2.4630541871921183,0.0,2.4630541871921183,4.926108374384237,22.167487684729064,7.389162561576354,4.926108374384237,34.48275862068965,0.0,0.0,0.0,0.0,14.778325123152708,17.241379310344826,0.0,4.926108374384237
103712,82.32445520581113,4.842615012106537,2.4213075060532687,14.527845036319613,2.4213075060532687,67.79661016949153,2.4213075060532687,16.949152542372882,7.263922518159807,2.4213075060532687,2.4213075060532687,0.0,2.4213075060532687,19.37046004842615,0.0,232.4455205811138,4.842615012106537,0.0,14.527845036319613,0.0,2.4213075060532687,0.0,0.0,21.791767554479417,7.263922518159807,0.0,0.0,0.0,2.4213075060532687,0.0,0.0,0.0,0.0,0.0,0.0,0.0,2.4213075060532687,4.842615012106537,123.48668280871671,55.69007263922518,7.263922518159807,70.2179176755448,0.624390243902439,4.5634146341463415,2.4213075060532687,9.685230024213075,2.4213075060532687,2.4213075060532687,12.106537530266344,0.0,2.4213075060532687,4.842615012106537,0.0,0.0,2.4213075060532687,19.37046004842615,4.842615012106537,7.263922518159807,2.4213075060532687,0.0,0.0,0.0,2.4213075060532687,7.263922518159807,9.685230024213075,2.4213075060532687,2.4213075060532687
104036,54.59057071960298,2.4813895781637716,27.29528535980149,7.444168734491315,0.0,9.925558312655086,2.4813895781637716,74.44168734491315,7.444168734491315,2.4813895781637716,0.0,0.0,22.332506203473944,39.702233250620345,7.444168734491315,220.8436724565757,2.4813895781637716,0.0,17.3697270471464,0.0,2.4813895781637716,0.0,0.0,14.88833746898263,2.4813895781637716,2.4813895781637716,4.962779156327543,4.962779156327543,7.444168734491315,0.0,0.0,2.4813895781637716,0.0,0.0,0.0,0.0,2.4813895781637716,14.88833746898263,126.55086848635236,79.40446650124069,2.4813895781637716,39.702233250620345,0.6105527638190955,5.07286432160804,2.4813895781637716,2.4813895781637716,0.0,0.0,0.0,0.0,12.40694789081886,12.40694789081886,0.0,0.0,2.4813895781637716,24.81389578163772,2.4813895781637716,0.0,2.4813895781637716,0.0,0.0,2.4813895781637716,2.4813895781637716,9.925558312655086,9.925558312655086,0.0,7.444168734491315
105881,107.84313725490196,34.313725490196084,2.450980392156863,9.803921568627452,4.901960784313726,80.88235294117648,2.450980392156863,12.254901960784313,29.41176470588235,0.0,7.352941176470588,0.0,31.862745098039213,17.156862745098042,2.450980392156863,186.27450980392157,7.352941176470588,0.0,34.313725490196084,0.0,0.0,2.450980392156863,0.0,14.705882352941176,4.901960784313726,0.0,0.0,2.450980392156863,9.803921568627452,0.0,0.0,0.0,2.450980392156863,0.0,0.0,0.0,2.450980392156863,17.156862745098042,93.13725490196079,31.862745098039213,7.352941176470588,88.23529411764706,0.57,4.3775,0.0,4.901960784313726,0.0,2.450980392156863,9.803921568627452,0.0,9.803921568627452,4.901960784313726,0.0,7.352941176470588,4.901960784313726,14.705882352941176,2.450980392156863,4.901960784313726,17.156862745098042,0.0,2.450980392156863,0.0,2.450980392156863,4.901960784313726,9.803921568627452,2.450980392156863,9.803921568627452
106028,61.88118811881188,2.4752475247524752,14.85148514851485,0.0,0.0,39.603960396039604,2.4752475247524752,14.85148514851485,7.425742574257425,12.376237623762377,2.4752475247524752,0.0,17.32673267326733,7.425742574257425,2.4752475247524752,269.8019801980198,4.9504950495049505,2.4752475247524752,19.801980198019802,0.0,2.4752475247524752,0.0,0.0,7.425742574257425,0.0,2.4752475247524752,7.425742574257425,4.9504950495049505,2.4752475247524752,0.0,9.900990099009901,0.0,0.0,0.0,2.4752475247524752,0.0,0.0,0.0,111.38613861386139,74.25742574257426,0.0,49.504950495049506,0.6227848101265823,4.610126582278481,0.0,4.9504950495049505,0.0,2.4752475247524752,7.425742574257425,2.4752475247524752,2.4752475247524752,4.9504950495049505,0.0,12.376237623762377,2.4752475247524752,17.32673267326733,12.376237623762377,0.0,19.801980198019802,2.4752475247524752,0.0,0.0,2.4752475247524752,12.376237623762377,9.900990099009901,0.0,12.376237623762377
107269,110.29411764705883,7.352941176470588,7.352941176470588,4.901960784313726,4.901960784313726,0.0,2.450980392156863,105.3921568627451,9.803921568627452,4.901960784313726,7.352941176470588,0.0,12.254901960784313,4.901960784313726,4.901960784313726,218.13725490196077,0.0,2.450980392156863,39.21568627450981,2.450980392156863,0.0,0.0,0.0,12.254901960784313,2.450980392156863,0.0,0.0,0.0,0.0,2.450980392156863,4.901960784313726,0.0,0.0,0.0,0.0,0.0,0.0,7.352941176470588,93.13725490196079,49.01960784313725,4.901960784313726,66.17647058823529,0.5497512437810945,4.378109452736318,2.450980392156863,2.450980392156863,0.0,2.450980392156863,9.803921568627452,0.0,7.352941176470588,7.352941176470588,0.0,4.901960784313726,2.450980392156863,9.803921568627452,2.450980392156863,2.450980392156863,12.254901960784313,0.0,0.0,0.0,0.0,7.352941176470588,22.058823529411764,0.0,4.901960784313726
108485,55.0,2.5,45.0,7.5,2.5,55.0,20.0,32.5,12.5,0.0,5.0,2.5,15.0,2.5,5.0,212.5,2.5,0.0,25.0,2.5,2.5,0.0,0.0,12.5,12.5,0.0,2.5,5.0,0.0,0.0,5.0,0.0,0.0,0.0,0.0,0.0,2.5,5.0,87.5,57.5,2.5,102.5,0.627906976744186,4.521963824289406,0.0,5.0,0.0,2.5,17.5,0.0,5.0,2.5,0.0,2.5,5.0,20.0,2.5,2.5,20.0,0.0,0.0,0.0,0.0,0.0,15.0,2.5,20.0
109349,99.25558312655087,7.444168734491315,7.444168734491315,2.4813895781637716,4.962779156327543,49.62779156327544,0.0,14.88833746898263,24.81389578163772,0.0,4.962779156327543,0.0,17.3697270471464,14.88833746898263,0.0,176.17866004962778,2.4813895781637716,0.0,22.332506203473944,0.0,0.0,0.0,0.0,27.29528535980149,2.4813895781637716,0.0,2.4813895781637716,2.4813895781637716,2.4813895781637716,0.0,4.962779156327543,0.0,0.0,0.0,0.0,0.0,9.925558312655086,14.88833746898263,86.848635235732,69.4789081885856,9.925558312655086,99.25558312655087,0.543859649122807,4.370927318295739,2.4813895781637716,9.925558312655086,0.0,0.0,19.851116625310173,0.0,17.3697270471464,2.4813895781637716,0.0,4.962779156327543,0.0,14.88833746898263,4.962779156327543,14.88833746898263,9.925558312655086,0.0,0.0,0.0,2.4813895781637716,2.4813895781637716,12.40694789081886,0.0,7.444168734491315
113967,101.89573459715639,4.739336492890995,26.066350710900473,11.848341232227487,4.739336492890995,85.30805687203792,16.587677725118485,16.587677725118485,42.65402843601896,0.0,4.739336492890995,2.3696682464454977,28.43601895734597,9.47867298578199,4.739336492890995,187.2037914691943,0.0,0.0,23.696682464454973,0.0,0.0,0.0,0.0,9.47867298578199,2.3696682464454977,2.3696682464454977,2.3696682464454977,2.3696682464454977,7.109004739336492,0.0,2.3696682464454977,0.0,0.0,0.0,0.0,0.0,0.0,14.218009478672984,99.5260663507109,52.132701421800945,7.109004739336492,87.67772511848341,0.594272076372315,4.5608591885441525,0.0,0.0,0.0,0.0,14.218009478672984,0.0,4.739336492890995,0.0,0.0,0.0,16.587677725118485,23.696682464454973,0.0,4.739336492890995,2.3696682464454977,2.3696682464454977,0.0,2.3696682464454977,2.3696682464454977,7.109004739336492,18.95734597156398,0.0,4.739336492890995
114778,119.10669975186104,9.925558312655086,4.962779156327543,9.925558312655086,4.962779156327543,84.36724565756825,7.444168734491315,2.4813895781637716,19.851116625310173,12.40694789081886,12.40694789081886,0.0,12.40694789081886,9.925558312655086,4.962779156327543,161.29032258064515,2.4813895781637716,0.0,47.146401985111666,4.962779156327543,0.0,0.0,0.0,24.81389578163772,2.4813895781637716,0.0,2.4813895781637716,4.962779156327543,2.4813895781637716,0.0,0.0,0.0,0.0,0.0,0.0,0.0,2.4813895781637716,4.962779156327543,79.40446650124069,42.183622828784124,14.88833746898263,96.77419354838709,0.5776081424936387,4.340966921119593,0.0,7.444168734491315,0.0,4.962779156327543,7.444168734491315,2.4813895781637716,0.0,4.962779156327543,0.0,0.0,4.962779156327543,19.851116625310173,4.962779156327543,2.4813895781637716,24.81389578163772,0.0,0.0,0.0,2.4813895781637716,4.962779156327543,14.88833746898263,4.962779156327543,14.88833746898263
115189,84.78802992518703,2.493765586034913,27.43142144638404,12.468827930174564,2.493765586034913,22.443890274314214,7.481296758104738,47.38154613466334,12.468827930174564,9.975062344139651,2.493765586034913,2.493765586034913,22.443890274314214,7.481296758104738,2.493765586034913,226.93266832917706,4.987531172069826,0.0,17.456359102244388,2.493765586034913,0.0,0.0,0.0,14.962593516209475,4.987531172069826,0.0,0.0,4.987531172069826,2.493765586034913,0.0,2.493765586034913,0.0,0.0,0.0,0.0,0.0,0.0,7.481296758104738,82.29426433915212,49.87531172069826,4.987531172069826,89.77556109725685,0.5717948717948718,4.515384615384615,2.493765586034913,0.0,0.0,2.493765586034913,7.481296758104738,2.493765586034913,4.987531172069826,4.987531172069826,0.0,2.493765586034913,0.0,19.950124688279303,0.0,0.0,17.456359102244388,2.493765586034913,2.493765586034913,0.0,0.0,2.493765586034913,7.481296758104738,7.481296758104738,12.468827930174564
116191,79.71014492753622,14.492753623188406,7.246376811594203,4.830917874396135,0.0,33.81642512077295,0.0,31.40096618357488,19.32367149758454,2.4154589371980677,7.246376811594203,2.4154589371980677,33.81642512077295,21.73913043478261,0.0,200.4830917874396,4.830917874396135,2.4154589371980677,21.73913043478261,0.0,0.0,0.0,0.0,16.908212560386474,4.830917874396135,0.0,0.0,2.4154589371980677,4.830917874396135,0.0,12.077294685990339,0.0,0.0,0.0,0.0,0.0,0.0,2.4154589371980677,94.20289855072464,67.6328502415459,4.830917874396135,72.46376811594203,0.5878048780487805,4.597560975609756,7.246376811594203,2.4154589371980677,0.0,0.0,4.830917874396135,0.0,0.0,12.077294685990339,0.0,4.830917874396135,4.830917874396135,12.077294685990339,7.246376811594203,0.0,4.830917874396135,0.0,0.0,0.0,9.66183574879227,9.66183574879227,14.492753623188406,0.0,4.830917874396135
120061,111.1111111111111,18.51851851851852,4.62962962962963,2.314814814814815,2.314814814814815,0.0,0.0,92.59259259259258,18.51851851851852,0.0,4.62962962962963,0.0,9.25925925925926,9.25925925925926,0.0,196.75925925925927,6.944444444444444,0.0,27.777777777777775,0.0,2.314814814814815,0.0,0.0,13.888888888888888,9.25925925925926,0.0,0.0,0.0,4.62962962962963,2.314814814814815,0.0,0.0,0.0,0.0,0.0,0.0,2.314814814814815,11.574074074074073,74.07407407407408,39.351851851851855,23.148148148148145,76.3888888888889,0.5390070921985816,4.66903073286052,2.314814814814815,4.62962962962963,0.0,2.314814814814815,4.62962962962963,0.0,2.314814814814815,16.203703703703702,0.0,0.0,0.0,30.09259259259259,0.0,4.62962962962963,16.203703703703702,2.314814814814815,2.314814814814815,0.0,2.314814814814815,13.888888888888888,16.203703703703702,0.0,18.51851851851852
121222,14.85148514851485,4.9504950495049505,81.68316831683168,12.376237623762377,2.4752475247524752,2.4752475247524752,2.4752475247524752,54.45544554455446,19.801980198019802,4.9504950495049505,4.9504950495049505,0.0,14.85148514851485,22.277227722772277,0.0,240.0990099009901,0.0,0.0,27.22772277227723,2.4752475247524752,0.0,0.0,0.0,9.900990099009901,4.9504950495049505,2.4752475247524752,7.425742574257425,0.0,4.9504950495049505,0.0,9.900990099009901,0.0,0.0,0.0,0.0,0.0,0.0,12.376237623762377,103.96039603960395,64.35643564356435,4.9504950495049505,61.88118811881188,0.6354430379746835,4.577215189873418,0.0,9.900990099009901,0.0,2.4752475247524752,7.425742574257425,0.0,9.900990099009901,2.4752475247524752,0.0,0.0,2.4752475247524752,14.85148514851485,2.4752475247524752,2.4752475247524752,17.32673267326733,2.4752475247524752,0.0,0.0,0.0,22.277227722772277,12.376237623762377,4.9504950495049505,7.425742574257425
1213,117.20698254364089,7.481296758104738,7.481296758104738,4.987531172069826,9.975062344139651,32.418952618453865,19.950124688279303,14.962593516209475,49.87531172069826,2.493765586034913,12.468827930174564,0.0,17.456359102244388,17.456359102244388,4.987531172069826,164.58852867830424,4.987531172069826,0.0,59.8503740648379,0.0,2.493765586034913,0.0,0.0,17.456359102244388,2.493765586034913,0.0,0.0,2.493765586034913,4.987531172069826,0.0,2.493765586034913,0.0,0.0,0.0,0.0,0.0,0.0,7.481296758104738,92.26932668329177,37.406483790523694,14.962593516209475,79.80049875311721,0.5355329949238579,4.258883248730965,2.493765586034913,7.481296758104738,0.0,0.0,9.975062344139651,2.493765586034913,2.493765586034913,7.481296758104738,0.0,2.493765586034913,4.987531172069826,7.481296758104738,0.0,0.0,12.468827930174564,2.493765586034913,0.0,2.493765586034913,2.493765586034913,9.975062344139651,12.468827930174564,0.0,12.468827930174564
121362,121.06537530266344,7.263922518159807,4.842615012106537,2.4213075060532687,4.842615012106537,36.31961259079903,0.0,12.106537530266344,14.527845036319613,2.4213075060532687,4.842615012106537,0.0,19.37046004842615,29.055690072639226,0.0,227.60290556900725,4.842615012106537,0.0,24.213075060532688,7.263922518159807,0.0,0.0,0.0,31.476997578692497,0.0,2.4213075060532687,2.4213075060532687,0.0,0.0,2.4213075060532687,7.263922518159807,0.0,0.0,0.0,0.0,0.0,0.0,12.106537530266344,79.90314769975787,70.2179176755448,4.842615012106537,60.53268765133172,0.6043689320388349,4.978155339805825,0.0,0.0,0.0,0.0,2.4213075060532687,0.0,0.0,4.842615012106537,0.0,0.0,2.4213075060532687,16.949152542372882,0.0,0.0,2.4213075060532687,0.0,0.0,0.0,0.0,19.37046004842615,14.527845036319613,0.0,2.4213075060532687
121396,51.724137931034484,2.4630541871921183,39.40886699507389,4.926108374384237,4.926108374384237,7.389162561576354,29.556650246305416,27.093596059113302,17.241379310344826,7.389162561576354,0.0,0.0,22.167487684729064,24.630541871921185,2.4630541871921183,258.62068965517244,2.4630541871921183,2.4630541871921183,29.556650246305416,2.4630541871921183,0.0,0.0,0.0,14.778325123152708,0.0,0.0,4.926108374384237,0.0,0.0,2.4630541871921183,4.926108374384237,0.0,0.0,0.0,0.0,2.4630541871921183,0.0,4.926108374384237,105.91133004926108,49.26108374384237,0.0,81.2807881773399,0.589873417721519,4.587341772151898,0.0,2.4630541871921183,2.4630541871921183,0.0,9.852216748768473,0.0,12.315270935960593,2.4630541871921183,0.0,4.926108374384237,4.926108374384237,17.241379310344826,9.852216748768473,0.0,17.241379310344826,4.926108374384237,0.0,0.0,2.4630541871921183,7.389162561576354,2.4630541871921183,4.926108374384237,14.778325123152708
12163,66.17647058823529,4.901960784313726,29.41176470588235,2.450980392156863,4.901960784313726,17.156862745098042,0.0,17.156862745098042,17.156862745098042,4.901960784313726,4.901960784313726,0.0,19.607843137254903,22.058823529411764,2.450980392156863,252.45098039215685,2.450980392156863,0.0,46.568627450980394,0.0,0.0,0.0,0.0,12.254901960784313,0.0,0.0,0.0,0.0,7.352941176470588,0.0,0.0,0.0,0.0,0.0,0.0,0.0,4.901960784313726,4.901960784313726,115.19607843137254,61.27450980392157,9.803921568627452,61.27450980392157,0.615,4.985,2.450980392156863,2.450980392156863,0.0,0.0,19.607843137254903,0.0,4.901960784313726,2.450980392156863,0.0,0.0,2.450980392156863,4.901960784313726,0.0,2.450980392156863,12.254901960784313,0.0,0.0,0.0,0.0,7.352941176470588,12.254901960784313,0.0,4.901960784313726
123248,80.0,25.0,7.5,7.5,5.0,2.5,5.0,70.0,32.5,0.0,2.5,0.0,15.0,27.5,2.5,195.0,2.5,0.0,37.5,2.5,0.0,0.0,0.0,12.5,5.0,0.0,2.5,0.0,7.5,0.0,2.5,0.0,0.0,0.0,0.0,0.0,2.5,5.0,120.0,50.0,15.0,85.0,0.5459183673469388,4.451530612244898,2.5,0.0,2.5,0.0,5.0,0.0,7.5,2.5,2.5,2.5,2.5,12.5,5.0,2.5,15.0,0.0,0.0,0.0,5.0,5.0,5.0,2.5,20.0
123932,90.69212410501193,16.706443914081145,4.773269689737471,0.0,4.773269689737471,57.279236276849645,11.933174224343675,7.159904534606206,38.186157517899765,2.3866348448687353,19.093078758949883,0.0,21.479713603818613,7.159904534606206,2.3866348448687353,174.22434367541766,0.0,0.0,31.026252983293556,7.159904534606206,0.0,0.0,2.3866348448687353,21.479713603818613,4.773269689737471,0.0,0.0,4.773269689737471,9.546539379474941,2.3866348448687353,0.0,0.0,0.0,0.0,0.0,0.0,2.3866348448687353,11.933174224343675,93.07875894988067,42.959427207637226,11.933174224343675,64.43914081145586,0.522673031026253,4.212410501193317,0.0,2.3866348448687353,0.0,0.0,9.546539379474941,0.0,0.0,7.159904534606206,0.0,14.319809069212411,4.773269689737471,23.86634844868735,9.546539379474941,4.773269689737471,0.0,2.3866348448687353,2.3866348448687353,0.0,2.3866348448687353,4.773269689737471,9.546539379474941,0.0,2.3866348448687353
126834,93.59605911330048,2.4630541871921183,7.389162561576354,2.4630541871921183,2.4630541871921183,0.0,0.0,76.35467980295567,22.167487684729064,2.4630541871921183,7.389162561576354,2.4630541871921183,12.315270935960593,9.852216748768473,4.926108374384237,231.5270935960591,7.389162561576354,0.0,27.093596059113302,2.4630541871921183,0.0,0.0,2.4630541871921183,14.778325123152708,0.0,0.0,2.4630541871921183,4.926108374384237,4.926108374384237,0.0,0.0,0.0,0.0,0.0,0.0,0.0,2.4630541871921183,12.315270935960593,100.98522167487685,51.724137931034484,14.778325123152708,64.03940886699507,0.6386138613861386,4.5495049504950495,0.0,2.4630541871921183,2.4630541871921183,0.0,4.926108374384237,0.0,2.4630541871921183,2.4630541871921183,0.0,2.4630541871921183,4.926108374384237,7.389162561576354,0.0,4.926108374384237,2.4630541871921183,0.0,2.4630541871921183,0.0,2.4630541871921183,2.4630541871921183,7.389162561576354,2.4630541871921183,2.4630541871921183
126947,9.66183574879227,9.66183574879227,89.37198067632849,4.830917874396135,0.0,0.0,0.0,24.154589371980677,9.66183574879227,4.830917874396135,2.4154589371980677,0.0,31.40096618357488,14.492753623188406,4.830917874396135,224.63768115942028,7.246376811594203,0.0,26.570048309178745,4.830917874396135,4.830917874396135,0.0,0.0,2.4154589371980677,7.246376811594203,2.4154589371980677,0.0,0.0,14.492753623188406,0.0,0.0,0.0,0.0,2.4154589371980677,0.0,2.4154589371980677,4.830917874396135,16.908212560386474,113.52657004830918,101.44927536231884,2.4154589371980677,57.971014492753625,0.6310679611650486,4.953883495145631,2.4154589371980677,7.246376811594203,0.0,2.4154589371980677,0.0,0.0,14.492753623188406,7.246376811594203,0.0,0.0,7.246376811594203,14.492753623188406,4.830917874396135,0.0,2.4154589371980677,0.0,0.0,0.0,2.4154589371980677,9.66183574879227,12.077294685990339,2.4154589371980677,4.830917874396135
128811,101.23456790123457,0.0,4.938271604938271,2.4691358024691357,7.407407407407407,86.41975308641975,2.4691358024691357,4.938271604938271,12.345679012345679,2.4691358024691357,14.814814814814815,0.0,7.407407407407407,12.345679012345679,9.876543209876543,192.59259259259258,7.407407407407407,0.0,27.160493827160494,2.4691358024691357,0.0,2.4691358024691357,0.0,14.814814814814815,7.407407407407407,0.0,0.0,4.938271604938271,0.0,0.0,0.0,0.0,0.0,0.0,0.0,0.0,0.0,9.876543209876543,103.7037037037037,51.85185185185185,2.4691358024691357,66.66666666666667,0.56,4.305,0.0,0.0,0.0,0.0,2.4691358024691357,0.0,2.4691358024691357,9.876543209876543,0.0,4.938271604938271,4.938271604938271,22.22222222222222,4.938271604938271,2.4691358024691357,12.345679012345679,0.0,0.0,0.0,4.938271604938271,4.938271604938271,22.22222222222222,2.4691358024691357,9.876543209876543
133397,99.51456310679612,7.281553398058253,19.41747572815534,2.4271844660194173,2.4271844660194173,38.83495145631068,12.135922330097086,31.553398058252426,29.12621359223301,0.0,2.4271844660194173,2.4271844660194173,14.563106796116505,29.12621359223301,2.4271844660194173,184.46601941747574,12.135922330097086,0.0,41.2621359223301,2.4271844660194173,0.0,0.0,0.0,14.563106796116505,0.0,0.0,0.0,0.0,12.135922330097086,0.0,2.4271844660194173,0.0,0.0,0.0,0.0,0.0,0.0,12.135922330097086,121.35922330097088,41.2621359223301,12.135922330097086,55.8252427184466,0.5714285714285714,4.4926108374384235,2.4271844660194173,4.854368932038835,0.0,0.0,9.70873786407767,0.0,14.563106796116505,7.281553398058253,2.4271844660194173,4.854368932038835,4.854368932038835,7.281553398058253,9.70873786407767,0.0,4.854368932038835,0.0,0.0,0.0,4.854368932038835,2.4271844660194173,14.563106796116505,2.4271844660194173,7.281553398058253
133717,66.83168316831683,2.4752475247524752,42.07920792079208,4.9504950495049505,2.4752475247524752,84.15841584158416,14.85148514851485,54.45544554455446,32.17821782178218,7.425742574257425,4.9504950495049505,0.0,27.22772277227723,4.9504950495049505,4.9504950495049505,155.94059405940595,7.425742574257425,0.0,47.02970297029703,0.0,0.0,0.0,7.425742574257425,24.752475247524753,7.425742574257425,2.4752475247524752,0.0,0.0,7.425742574257425,0.0,0.0,0.0,0.0,0.0,0.0,0.0,2.4752475247524752,4.9504950495049505,71.78217821782178,42.07920792079208,14.85148514851485,91.58415841584159,0.5703324808184144,4.209718670076726,0.0,0.0,0.0,0.0,9.900990099009901,0.0,2.4752475247524752,14.85148514851485,0.0,0.0,4.9504950495049505,24.752475247524753,7.425742574257425,0.0,32.17821782178218,0.0,0.0,2.4752475247524752,2.4752475247524752,7.425742574257425,9.900990099009901,0.0,17.32673267326733
134398,93.24009324009324,9.324009324009324,2.331002331002331,4.662004662004662,0.0,0.0,0.0,62.93706293706294,16.317016317016318,2.331002331002331,9.324009324009324,0.0,23.31002331002331,6.993006993006993,0.0,221.44522144522145,2.331002331002331,0.0,27.972027972027973,2.331002331002331,0.0,0.0,0.0,41.95804195804196,0.0,0.0,4.662004662004662,0.0,2.331002331002331,0.0,6.993006993006993,0.0,0.0,0.0,4.662004662004662,0.0,0.0,6.993006993006993,93.24009324009324,46.62004662004662,4.662004662004662,48.95104895104895,0.5201900237529691,4.467933491686461,0.0,2.331002331002331,0.0,0.0,9.324009324009324,0.0,2.331002331002331,6.993006993006993,0.0,6.993006993006993,4.662004662004662,25.64102564102564,2.331002331002331,2.331002331002331,9.324009324009324,2.331002331002331,4.662004662004662,0.0,2.331002331002331,11.655011655011656,16.317016317016318,0.0,6.993006993006993
13754,108.37438423645321,19.704433497536947,2.4630541871921183,2.4630541871921183,7.389162561576354,59.11330049261083,2.4630541871921183,0.0,61.576354679802954,2.4630541871921183,0.0,0.0,7.389162561576354,17.241379310344826,2.4630541871921183,179.80295566502463,4.926108374384237,0.0,32.01970443349754,0.0,4.926108374384237,0.0,0.0,17.241379310344826,4.926108374384237,0.0,2.4630541871921183,0.0,2.4630541871921183,2.4630541871921183,0.0,0.0,2.4630541871921183,0.0,0.0,2.4630541871921183,0.0,17.241379310344826,93.59605911330048,64.03940886699507,0.0,71.42857142857143,0.5522388059701493,4.385572139303482,7.389162561576354,2.4630541871921183,0.0,2.4630541871921183,12.315270935960593,0.0,4.926108374384237,0.0,2.4630541871921183,0.0,9.852216748768473,22.167487684729064,19.704433497536947,2.4630541871921183,7.389162561576354,0.0,0.0,0.0,2.4630541871921183,9.852216748768473,9.852216748768473,2.4630541871921183,7.389162561576354
139329,67.46987951807229,4.819277108433735,14.457831325301205,7.228915662650603,0.0,9.63855421686747,4.819277108433735,43.373493975903614,19.27710843373494,4.819277108433735,2.4096385542168677,0.0,7.228915662650603,4.819277108433735,2.4096385542168677,238.55421686746988,0.0,0.0,26.50602409638554,4.819277108433735,4.819277108433735,0.0,0.0,4.819277108433735,4.819277108433735,0.0,2.4096385542168677,0.0,4.819277108433735,0.0,0.0,0.0,0.0,0.0,0.0,0.0,0.0,7.228915662650603,106.02409638554217,89.1566265060241,7.228915662650603,74.6987951807229,0.5728155339805825,4.633495145631068,0.0,4.819277108433735,2.4096385542168677,2.4096385542168677,14.457831325301205,0.0,7.228915662650603,16.867469879518072,0.0,7.228915662650603,2.4096385542168677,14.457831325301205,2.4096385542168677,7.228915662650603,4.819277108433735,0.0,0.0,0.0,2.4096385542168677,7.228915662650603,9.63855421686747,0.0,4.819277108433735
139907,118.93203883495146,16.990291262135923,0.0,12.135922330097086,4.854368932038835,53.398058252427184,0.0,36.40776699029126,21.844660194174757,2.4271844660194173,9.70873786407767,2.4271844660194173,16.990291262135923,12.135922330097086,0.0,208.73786407766988,4.854368932038835,2.4271844660194173,19.41747572815534,7.281553398058253,0.0,0.0,0.0,12.135922330097086,4.854368932038835,0.0,0.0,2.4271844660194173,7.281553398058253,0.0,2.4271844660194173,0.0,2.4271844660194173,0.0,0.0,0.0,2.4271844660194173,19.41747572815534,106.79611650485437,50.970873786407765,4.854368932038835,55.8252427184466,0.5560975609756098,4.385365853658537,0.0,2.4271844660194173,0.0,0.0,9.70873786407767,0.0,14.563106796116505,0.0,0.0,0.0,4.854368932038835,7.281553398058253,12.135922330097086,4.854368932038835,4.854368932038835,2.4271844660194173,0.0,0.0,0.0,0.0,7.281553398058253,0.0,0.0
14000,93.82716049382717,9.876543209876543,12.345679012345679,4.938271604938271,9.876543209876543,0.0,0.0,111.1111111111111,14.814814814814815,0.0,4.938271604938271,4.938271604938271,17.28395061728395,12.345679012345679,4.938271604938271,185.18518518518516,9.876543209876543,0.0,37.03703703703704,2.4691358024691357,2.4691358024691357,0.0,2.4691358024691357,29.62962962962963,4.938271604938271,0.0,0.0,0.0,0.0,2.4691358024691357,0.0,0.0,0.0,0.0,0.0,0.0,9.876543209876543,12.345679012345679,61.72839506172839,24.691358024691358,9.876543209876543,76.54320987654322,0.5264483627204031,4.596977329974811,0.0,0.0,2.4691358024691357,0.0,17.28395061728395,0.0,4.938271604938271,17.28395061728395,0.0,12.345679012345679,2.4691358024691357,32.098765432098766,4.938271604938271,4.938271604938271,17.28395061728395,2.4691358024691357,0.0,0.0,2.4691358024691357,7.407407407407407,17.28395061728395,0.0,12.345679012345679
141596,66.97459584295612,16.166281755196305,2.3094688221709005,4.618937644341801,4.618937644341801,43.87990762124711,0.0,4.618937644341801,11.547344110854503,0.0,4.618937644341801,0.0,13.856812933025404,11.547344110854503,2.3094688221709005,251.73210161662817,6.928406466512702,0.0,16.166281755196305,4.618937644341801,0.0,0.0,0.0,0.0,9.237875288683602,0.0,4.618937644341801,2.3094688221709005,9.237875288683602,0.0,0.0,0.0,0.0,0.0,0.0,0.0,0.0,11.547344110854503,133.94919168591224,62.35565819861432,2.3094688221709005,62.35565819861432,0.5555555555555556,4.484633569739953,0.0,2.3094688221709005,0.0,0.0,2.3094688221709005,0.0,4.618937644341801,4.618937644341801,0.0,0.0,0.0,18.475750577367204,2.3094688221709005,0.0,6.928406466512702,0.0,0.0,0.0,4.618937644341801,20.785219399538104,6.928406466512702,0.0,4.618937644341801
141652,100.98522167487685,9.852216748768473,0.0,4.926108374384237,2.4630541871921183,0.0,0.0,39.40886699507389,12.315270935960593,0.0,4.926108374384237,0.0,14.778325123152708,14.778325123152708,9.852216748768473,214.28571428571428,2.4630541871921183,0.0,19.704433497536947,2.4630541871921183,2.4630541871921183,0.0,0.0,9.852216748768473,12.315270935960593,2.4630541871921183,4.926108374384237,0.0,12.315270935960593,0.0,0.0,0.0,0.0,0.0,0.0,0.0,7.389162561576354,12.315270935960593,115.76354679802955,64.03940886699507,9.852216748768473,56.65024630541872,0.6083743842364532,4.864532019704433,2.4630541871921183,7.389162561576354,0.0,2.4630541871921183,4.926108374384237,0.0,4.926108374384237,0.0,0.0,0.0,2.4630541871921183,14.778325123152708,2.4630541871921183,2.4630541871921183,0.0,2.4630541871921183,0.0,0.0,2.4630541871921183,14.778325123152708,4.926108374384237,4.926108374384237,0.0
1423,80.88235294117648,0.0,29.41176470588235,4.901960784313726,12.254901960784313,31.862745098039213,22.058823529411764,51.470588235294116,12.254901960784313,4.901960784313726,7.352941176470588,0.0,7.352941176470588,17.156862745098042,4.901960784313726,242.64705882352942,2.450980392156863,0.0,22.058823529411764,2.450980392156863,0.0,0.0,0.0,19.607843137254903,2.450980392156863,0.0,0.0,2.450980392156863,2.450980392156863,0.0,0.0,0.0,0.0,0.0,0.0,0.0,4.901960784313726,2.450980392156863,93.13725490196079,26.96078431372549,4.901960784313726,83.33333333333333,0.5909090909090909,4.601010101010101,4.901960784313726,0.0,0.0,2.450980392156863,14.705882352941176,9.803921568627452,4.901960784313726,4.901960784313726,0.0,0.0,12.254901960784313,17.156862745098042,0.0,2.450980392156863,17.156862745098042,0.0,0.0,0.0,0.0,7.352941176470588,0.0,0.0,7.352941176470588
142780,34.7394540942928,2.4813895781637716,71.96029776674938,0.0,0.0,81.88585607940446,9.925558312655086,12.40694789081886,22.332506203473944,2.4813895781637716,7.444168734491315,0.0,9.925558312655086,2.4813895781637716,0.0,205.95533498759306,12.40694789081886,0.0,29.77667493796526,4.962779156327543,0.0,0.0,0.0,12.40694789081886,0.0,0.0,4.962779156327543,9.925558312655086,2.4813895781637716,0.0,2.4813895781637716,0.0,0.0,0.0,0.0,0.0,2.4813895781637716,7.444168734491315,86.848635235732,54.59057071960298,9.925558312655086,86.848635235732,0.6469072164948454,4.262886597938144,0.0,4.962779156327543,2.4813895781637716,0.0,4.962779156327543,0.0,0.0,9.925558312655086,0.0,0.0,0.0,29.77667493796526,4.962779156327543,2.4813895781637716,34.7394540942928,2.4813895781637716,0.0,2.4813895781637716,2.4813895781637716,0.0,19.851116625310173,0.0,17.3697270471464
147919,83.95061728395062,2.4691358024691357,4.938271604938271,4.938271604938271,7.407407407407407,0.0,0.0,44.44444444444444,14.814814814814815,2.4691358024691357,12.345679012345679,2.4691358024691357,19.753086419753085,9.876543209876543,0.0,279.01234567901236,0.0,0.0,24.691358024691358,2.4691358024691357,0.0,0.0,0.0,2.4691358024691357,4.938271604938271,0.0,0.0,2.4691358024691357,14.814814814814815,0.0,0.0,0.0,0.0,0.0,0.0,0.0,2.4691358024691357,4.938271604938271,116.04938271604938,106.17283950617285,2.4691358024691357,59.25925925925926,0.5660847880299252,5.204488778054863,2.4691358024691357,2.4691358024691357,0.0,0.0,4.938271604938271,0.0,2.4691358024691357,2.4691358024691357,0.0,0.0,0.0,17.28395061728395,2.4691358024691357,0.0,0.0,0.0,0.0,0.0,0.0,19.753086419753085,12.345679012345679,0.0,0.0
148364,42.25352112676056,2.347417840375587,14.084507042253522,0.0,2.347417840375587,28.169014084507044,14.084507042253522,2.347417840375587,4.694835680751174,2.347417840375587,0.0,0.0,7.042253521126761,28.169014084507044,14.084507042253522,291.07981220657274,0.0,2.347417840375587,16.431924882629108,0.0,0.0,0.0,0.0,23.474178403755868,4.694835680751174,0.0,14.084507042253522,2.347417840375587,2.347417840375587,0.0,2.347417840375587,0.0,0.0,0.0,0.0,0.0,0.0,7.042253521126761,115.02347417840375,77.46478873239435,2.347417840375587,25.821596244131456,0.6309523809523809,5.314285714285714,0.0,0.0,0.0,0.0,0.0,0.0,2.347417840375587,4.694835680751174,0.0,0.0,9.389671361502348,18.779342723004696,4.694835680751174,2.347417840375587,2.347417840375587,0.0,0.0,0.0,2.347417840375587,11.737089201877934,2.347417840375587,0.0,4.694835680751174
149046,115.76354679802955,7.389162561576354,7.389162561576354,9.852216748768473,0.0,98.52216748768474,0.0,2.4630541871921183,22.167487684729064,2.4630541871921183,9.852216748768473,0.0,14.778325123152708,12.315270935960593,4.926108374384237,145.32019704433498,4.926108374384237,2.4630541871921183,44.33497536945813,2.4630541871921183,9.852216748768473,0.0,0.0,7.389162561576354,2.4630541871921183,0.0,2.4630541871921183,0.0,7.389162561576354,2.4630541871921183,0.0,0.0,0.0,0.0,0.0,0.0,9.852216748768473,17.241379310344826,100.98522167487685,39.40886699507389,12.315270935960593,115.76354679802955,0.5225,4.1225,2.4630541871921183,7.389162561576354,0.0,2.4630541871921183,7.389162561576354,0.0,7.389162561576354,4.926108374384237,0.0,2.4630541871921183,2.4630541871921183,39.40886699507389,0.0,4.926108374384237,14.778325123152708,0.0,0.0,0.0,7.389162561576354,7.389162561576354,17.241379310344826,9.852216748768473,12.315270935960593
149505,63.56968215158924,9.7799511002445,7.334963325183374,4.88997555012225,7.334963325183374,29.339853300733495,0.0,9.7799511002445,12.224938875305625,0.0,4.88997555012225,0.0,7.334963325183374,26.89486552567237,4.88997555012225,232.27383863080684,4.88997555012225,2.444987775061125,17.114914425427873,4.88997555012225,2.444987775061125,0.0,0.0,4.88997555012225,4.88997555012225,0.0,4.88997555012225,0.0,2.444987775061125,0.0,2.444987775061125,0.0,0.0,0.0,0.0,0.0,9.7799511002445,7.334963325183374,112.46943765281173,83.12958435207824,0.0,51.344743276283616,0.6094527363184079,4.865671641791045,2.444987775061125,0.0,2.444987775061125,0.0,4.88997555012225,2.444987775061125,0.0,2.444987775061125,0.0,14.669926650366747,4.88997555012225,12.224938875305625,4.88997555012225,2.444987775061125,7.334963325183374,0.0,0.0,0.0,4.88997555012225,7.334963325183374,12.224938875305625,2.444987775061125,4.88997555012225
151279,115.47911547911548,17.1990171990172,0.0,2.457002457002457,7.371007371007371,103.19410319410319,0.0,9.828009828009828,31.94103194103194,4.914004914004914,14.742014742014742,2.457002457002457,31.94103194103194,7.371007371007371,9.828009828009828,127.76412776412776,7.371007371007371,0.0,36.85503685503686,0.0,0.0,0.0,0.0,9.828009828009828,2.457002457002457,0.0,2.457002457002457,0.0,2.457002457002457,0.0,2.457002457002457,0.0,0.0,0.0,4.914004914004914,0.0,19.656019656019655,12.285012285012284,88.45208845208845,41.76904176904177,7.371007371007371,110.56511056511056,0.5314861460957179,4.17632241813602,2.457002457002457,12.285012285012284,0.0,4.914004914004914,17.1990171990172,0.0,2.457002457002457,7.371007371007371,0.0,9.828009828009828,2.457002457002457,22.11302211302211,2.457002457002457,0.0,17.1990171990172,0.0,2.457002457002457,0.0,2.457002457002457,7.371007371007371,22.11302211302211,2.457002457002457,14.742014742014742
15486,84.78802992518703,7.481296758104738,0.0,2.493765586034913,0.0,0.0,0.0,64.83790523690773,4.987531172069826,0.0,0.0,7.481296758104738,19.950124688279303,17.456359102244388,2.493765586034913,266.83291770573567,9.975062344139651,2.493765586034913,14.962593516209475,0.0,0.0,0.0,4.987531172069826,24.93765586034913,4.987531172069826,0.0,4.987531172069826,0.0,0.0,0.0,4.987531172069826,0.0,0.0,4.987531172069826,0.0,0.0,2.493765586034913,7.481296758104738,94.76309226932668,57.356608478803,2.493765586034913,59.8503740648379,0.6111111111111112,4.765151515151516,4.987531172069826,0.0,2.493765586034913,2.493765586034913,2.493765586034913,0.0,4.987531172069826,2.493765586034913,0.0,0.0,0.0,29.92518703241895,2.493765586034913,0.0,0.0,0.0,2.493765586034913,4.987531172069826,7.481296758104738,12.468827930174564,2.493765586034913,0.0,2.493765586034913
156571,59.4059405940594,12.376237623762377,27.22772277227723,4.9504950495049505,4.9504950495049505,39.603960396039604,22.277227722772277,66.83168316831683,4.9504950495049505,2.4752475247524752,4.9504950495049505,4.9504950495049505,12.376237623762377,24.752475247524753,2.4752475247524752,220.2970297029703,2.4752475247524752,0.0,9.900990099009901,2.4752475247524752,0.0,0.0,0.0,9.900990099009901,7.425742574257425,0.0,0.0,0.0,2.4752475247524752,2.4752475247524752,2.4752475247524752,0.0,0.0,0.0,0.0,0.0,2.4752475247524752,7.425742574257425,101.48514851485149,42.07920792079208,2.4752475247524752,49.504950495049506,0.5934343434343434,4.590909090909091,2.4752475247524752,2.4752475247524752,2.4752475247524752,0.0,4.9504950495049505,0.0,2.4752475247524752,2.4752475247524752,0.0,0.0,0.0,17.32673267326733,9.900990099009901,0.0,9.900990099009901,0.0,0.0,0.0,2.4752475247524752,7.425742574257425,14.85148514851485,0.0,2.4752475247524752
156726,66.83168316831683,4.9504950495049505,24.752475247524753,4.9504950495049505,9.900990099009901,14.85148514851485,22.277227722772277,49.504950495049506,4.9504950495049505,7.425742574257425,9.900990099009901,0.0,14.85148514851485,39.603960396039604,0.0,205.44554455445544,4.9504950495049505,0.0,17.32673267326733,2.4752475247524752,0.0,0.0,0.0,14.85148514851485,0.0,0.0,0.0,2.4752475247524752,4.9504950495049505,0.0,2.4752475247524752,0.0,2.4752475247524752,0.0,0.0,2.4752475247524752,2.4752475247524752,7.425742574257425,84.15841584158416,61.88118811881188,2.4752475247524752,76.73267326732673,0.6363636363636364,4.992424242424242,4.9504950495049505,7.425742574257425,0.0,0.0,2.4752475247524752,0.0,14.85148514851485,7.425742574257425,4.9504950495049505,0.0,7.425742574257425,14.85148514851485,14.85148514851485,2.4752475247524752,14.85148514851485,0.0,4.9504950495049505,0.0,4.9504950495049505,14.85148514851485,9.900990099009901,0.0,14.85148514851485
15730,77.11442786069651,7.462686567164179,4.975124378109452,9.950248756218905,4.975124378109452,57.21393034825871,0.0,2.487562189054726,19.90049751243781,4.975124378109452,7.462686567164179,0.0,12.437810945273633,17.412935323383085,0.0,246.2686567164179,2.487562189054726,0.0,29.850746268656717,0.0,0.0,0.0,0.0,9.950248756218905,7.462686567164179,0.0,0.0,7.462686567164179,2.487562189054726,0.0,0.0,0.0,0.0,2.487562189054726,0.0,0.0,4.975124378109452,4.975124378109452,114.42786069651741,47.2636815920398,7.462686567164179,47.2636815920398,0.5891472868217055,4.594315245478036,2.487562189054726,0.0,0.0,0.0,12.437810945273633,0.0,7.462686567164179,4.975124378109452,2.487562189054726,4.975124378109452,2.487562189054726,4.975124378109452,2.487562189054726,7.462686567164179,4.975124378109452,0.0,0.0,0.0,0.0,7.462686567164179,12.437810945273633,0.0,4.975124378109452
157325,95.58823529411764,14.705882352941176,9.803921568627452,4.901960784313726,2.450980392156863,58.8235294117647,4.901960784313726,14.705882352941176,19.607843137254903,2.450980392156863,4.901960784313726,0.0,26.96078431372549,12.254901960784313,4.901960784313726,215.68627450980392,4.901960784313726,2.450980392156863,26.96078431372549,0.0,0.0,0.0,0.0,14.705882352941176,4.901960784313726,0.0,7.352941176470588,2.450980392156863,12.254901960784313,0.0,4.901960784313726,0.0,0.0,0.0,0.0,2.450980392156863,2.450980392156863,9.803921568627452,100.49019607843138,61.27450980392157,4.901960784313726,58.8235294117647,0.5915841584158416,4.824257425742574,2.450980392156863,0.0,0.0,0.0,0.0,0.0,2.450980392156863,4.901960784313726,0.0,2.450980392156863,2.450980392156863,19.607843137254903,2.450980392156863,9.803921568627452,0.0,0.0,0.0,0.0,2.450980392156863,19.607843137254903,9.803921568627452,0.0,7.352941176470588
159005,93.43434343434343,12.626262626262626,2.5252525252525255,12.626262626262626,2.5252525252525255,95.95959595959596,0.0,10.101010101010102,27.777777777777775,2.5252525252525255,0.0,5.050505050505051,17.676767676767675,10.101010101010102,0.0,189.3939393939394,2.5252525252525255,0.0,25.252525252525253,2.5252525252525255,0.0,0.0,5.050505050505051,22.727272727272727,5.050505050505051,0.0,2.5252525252525255,5.050505050505051,5.050505050505051,0.0,0.0,0.0,2.5252525252525255,0.0,0.0,2.5252525252525255,5.050505050505051,12.626262626262626,90.9090909090909,37.87878787878788,7.575757575757576,75.75757575757576,0.5892857142857143,4.25765306122449,2.5252525252525255,2.5252525252525255,0.0,0.0,5.050505050505051,0.0,0.0,10.101010101010102,0.0,2.5252525252525255,0.0,15.151515151515152,5.050505050505051,7.575757575757576,2.5252525252525255,0.0,0.0,0.0,2.5252525252525255,5.050505050505051,20.202020202020204,0.0,2.5252525252525255
159862,116.04938271604938,4.938271604938271,2.4691358024691357,4.938271604938271,2.4691358024691357,103.7037037037037,0.0,9.876543209876543,12.345679012345679,4.938271604938271,2.4691358024691357,0.0,14.814814814814815,19.753086419753085,4.938271604938271,195.06172839506172,0.0,0.0,29.62962962962963,0.0,0.0,0.0,0.0,27.160493827160494,4.938271604938271,0.0,2.4691358024691357,2.4691358024691357,12.345679012345679,0.0,0.0,0.0,0.0,0.0,0.0,0.0,2.4691358024691357,12.345679012345679,106.17283950617285,61.72839506172839,7.407407407407407,44.44444444444444,0.5885286783042394,4.369077306733167,0.0,4.938271604938271,2.4691358024691357,0.0,7.407407407407407,0.0,0.0,2.4691358024691357,2.4691358024691357,0.0,2.4691358024691357,9.876543209876543,2.4691358024691357,9.876543209876543,4.938271604938271,0.0,0.0,0.0,4.938271604938271,4.938271604938271,4.938271604938271,0.0,7.407407407407407
16099,78.04878048780488,14.634146341463415,4.878048780487805,7.317073170731708,4.878048780487805,58.53658536585366,0.0,2.4390243902439024,14.634146341463415,2.4390243902439024,0.0,0.0,19.51219512195122,17.073170731707318,4.878048780487805,226.82926829268294,0.0,0.0,24.390243902439025,0.0,0.0,0.0,0.0,9.75609756097561,4.878048780487805,0.0,12.195121951219512,7.317073170731708,2.4390243902439024,0.0,2.4390243902439024,0.0,0.0,0.0,0.0,0.0,4.878048780487805,7.317073170731708,121.95121951219512,73.17073170731707,7.317073170731708,68.29268292682927,0.6197530864197531,4.775308641975308,0.0,7.317073170731708,0.0,0.0,12.195121951219512,0.0,9.75609756097561,7.317073170731708,0.0,0.0,2.4390243902439024,17.073170731707318,0.0,4.878048780487805,4.878048780487805,0.0,0.0,0.0,2.4390243902439024,14.634146341463415,2.4390243902439024,4.878048780487805,4.878048780487805
16121,52.36907730673317,14.962593516209475,57.356608478803,2.493765586034913,17.456359102244388,67.33167082294264,0.0,12.468827930174564,9.975062344139651,7.481296758104738,0.0,0.0,22.443890274314214,7.481296758104738,0.0,209.47630922693267,4.987531172069826,4.987531172069826,34.912718204488776,0.0,2.493765586034913,0.0,0.0,17.456359102244388,0.0,0.0,2.493765586034913,0.0,4.987531172069826,0.0,0.0,0.0,0.0,0.0,0.0,0.0,2.493765586034913,12.468827930174564,94.76309226932668,29.92518703241895,2.493765586034913,92.26932668329177,0.5438144329896907,4.018041237113402,0.0,2.493765586034913,0.0,0.0,19.950124688279303,0.0,4.987531172069826,4.987531172069826,0.0,2.493765586034913,0.0,17.456359102244388,4.987531172069826,2.493765586034913,32.418952618453865,4.987531172069826,2.493765586034913,0.0,0.0,17.456359102244388,9.975062344139651,0.0,14.962593516209475
162795,106.69975186104217,22.332506203473944,7.444168734491315,4.962779156327543,7.444168734491315,84.36724565756825,4.962779156327543,12.40694789081886,14.88833746898263,4.962779156327543,4.962779156327543,2.4813895781637716,19.851116625310173,12.40694789081886,2.4813895781637716,210.91811414392058,4.962779156327543,0.0,32.25806451612903,2.4813895781637716,0.0,0.0,0.0,12.40694789081886,0.0,2.4813895781637716,0.0,4.962779156327543,7.444168734491315,0.0,2.4813895781637716,0.0,0.0,0.0,0.0,2.4813895781637716,2.4813895781637716,7.444168734491315,99.25558312655087,79.40446650124069,7.444168734491315,59.55334987593052,0.5793450881612091,4.498740554156171,0.0,4.962779156327543,0.0,2.4813895781637716,4.962779156327543,2.4813895781637716,9.925558312655086,2.4813895781637716,0.0,2.4813895781637716,7.444168734491315,24.81389578163772,0.0,2.4813895781637716,2.4813895781637716,0.0,0.0,0.0,7.444168734491315,9.925558312655086,9.925558312655086,0.0,0.0
162928,79.51807228915662,9.63855421686747,7.228915662650603,12.048192771084338,2.4096385542168677,45.78313253012048,2.4096385542168677,53.01204819277108,21.686746987951807,0.0,4.819277108433735,0.0,16.867469879518072,7.228915662650603,4.819277108433735,216.86746987951807,9.63855421686747,0.0,19.27710843373494,2.4096385542168677,0.0,0.0,2.4096385542168677,4.819277108433735,12.048192771084338,0.0,2.4096385542168677,4.819277108433735,9.63855421686747,0.0,0.0,0.0,0.0,0.0,0.0,0.0,4.819277108433735,0.0,125.30120481927712,45.78313253012048,9.63855421686747,81.9277108433735,0.5857843137254902,4.419117647058823,0.0,4.819277108433735,0.0,0.0,2.4096385542168677,0.0,0.0,9.63855421686747,2.4096385542168677,2.4096385542168677,2.4096385542168677,21.686746987951807,4.819277108433735,4.819277108433735,9.63855421686747,0.0,4.819277108433735,0.0,4.819277108433735,4.819277108433735,7.228915662650603,0.0,9.63855421686747
167272,95.92326139088729,2.398081534772182,11.990407673860911,4.796163069544364,2.398081534772182,4.796163069544364,0.0,59.95203836930456,0.0,7.194244604316547,4.796163069544364,0.0,26.378896882494004,11.990407673860911,4.796163069544364,258.9928057553957,11.990407673860911,0.0,19.184652278177456,0.0,0.0,0.0,0.0,16.786570743405274,9.592326139088728,2.398081534772182,9.592326139088728,2.398081534772182,9.592326139088728,0.0,7.194244604316547,0.0,0.0,0.0,0.0,0.0,0.0,2.398081534772182,100.71942446043165,33.57314148681055,9.592326139088728,40.7673860911271,0.537712895377129,4.759124087591241,0.0,0.0,0.0,0.0,2.398081534772182,0.0,4.796163069544364,2.398081534772182,0.0,0.0,2.398081534772182,31.17505995203837,11.990407673860911,0.0,2.398081534772182,0.0,0.0,0.0,2.398081534772182,21.58273381294964,14.388489208633095,7.194244604316547,4.796163069544364
168021,69.4789081885856,12.40694789081886,14.88833746898263,7.444168734491315,0.0,57.07196029776674,4.962779156327543,24.81389578163772,7.444168734491315,4.962779156327543,7.444168734491315,0.0,19.851116625310173,19.851116625310173,2.4813895781637716,223.32506203473946,2.4813895781637716,0.0,34.7394540942928,0.0,0.0,0.0,0.0,12.40694789081886,4.962779156327543,0.0,2.4813895781637716,0.0,2.4813895781637716,0.0,4.962779156327543,0.0,0.0,0.0,0.0,0.0,0.0,4.962779156327543,124.06947890818859,64.51612903225806,4.962779156327543,81.88585607940446,0.6419437340153452,4.58312020460358,2.4813895781637716,0.0,2.4813895781637716,4.962779156327543,12.40694789081886,0.0,2.4813895781637716,4.962779156327543,2.4813895781637716,0.0,7.444168734491315,9.925558312655086,0.0,4.962779156327543,19.851116625310173,0.0,2.4813895781637716,0.0,7.444168734491315,7.444168734491315,2.4813895781637716,0.0,9.925558312655086
168550,80.48780487804878,17.073170731707318,4.878048780487805,9.75609756097561,4.878048780487805,19.51219512195122,0.0,9.75609756097561,26.829268292682926,2.4390243902439024,4.878048780487805,0.0,26.829268292682926,2.4390243902439024,2.4390243902439024,241.46341463414635,4.878048780487805,2.4390243902439024,24.390243902439025,0.0,0.0,0.0,0.0,0.0,9.75609756097561,2.4390243902439024,7.317073170731708,0.0,17.073170731707318,0.0,2.4390243902439024,0.0,0.0,0.0,0.0,0.0,2.4390243902439024,7.317073170731708,126.82926829268293,53.65853658536585,4.878048780487805,65.85365853658537,0.5574572127139364,4.383863080684597,0.0,7.317073170731708,0.0,2.4390243902439024,17.073170731707318,0.0,9.75609756097561,2.4390243902439024,0.0,2.4390243902439024,0.0,17.073170731707318,2.4390243902439024,0.0,0.0,0.0,0.0,0.0,2.4390243902439024,17.073170731707318,4.878048780487805,0.0,0.0
169572,79.90314769975787,4.842615012106537,0.0,0.0,2.4213075060532687,0.0,0.0,29.055690072639226,24.213075060532688,2.4213075060532687,0.0,0.0,21.791767554479417,29.055690072639226,2.4213075060532687,239.7094430992736,9.685230024213075,0.0,16.949152542372882,0.0,0.0,0.0,0.0,12.106537530266344,2.4213075060532687,0.0,4.842615012106537,0.0,9.685230024213075,0.0,2.4213075060532687,0.0,0.0,0.0,0.0,0.0,0.0,7.263922518159807,116.2227602905569,60.53268765133172,2.4213075060532687,62.953995157384995,0.5644768856447688,5.221411192214112,4.842615012106537,0.0,0.0,0.0,9.685230024213075,0.0,2.4213075060532687,2.4213075060532687,2.4213075060532687,4.842615012106537,2.4213075060532687,26.634382566585955,0.0,0.0,0.0,0.0,0.0,0.0,0.0,12.106537530266344,14.527845036319613,0.0,16.949152542372882
170378,90.69212410501193,7.159904534606206,2.3866348448687353,2.3866348448687353,0.0,0.0,2.3866348448687353,73.98568019093078,7.159904534606206,2.3866348448687353,11.933174224343675,2.3866348448687353,16.706443914081145,23.86634844868735,0.0,207.63723150357995,2.3866348448687353,0.0,38.186157517899765,0.0,2.3866348448687353,0.0,2.3866348448687353,9.546539379474941,0.0,0.0,0.0,2.3866348448687353,4.773269689737471,2.3866348448687353,0.0,0.0,0.0,0.0,0.0,0.0,0.0,7.159904534606206,97.85202863961814,40.572792362768496,11.933174224343675,88.3054892601432,0.5609756097560976,4.765853658536585,4.773269689737471,2.3866348448687353,4.773269689737471,7.159904534606206,2.3866348448687353,2.3866348448687353,4.773269689737471,4.773269689737471,2.3866348448687353,9.546539379474941,0.0,35.79952267303103,2.3866348448687353,0.0,16.706443914081145,0.0,4.773269689737471,0.0,4.773269689737471,7.159904534606206,9.546539379474941,0.0,16.706443914081145
171742,74.5920745920746,4.662004662004662,6.993006993006993,6.993006993006993,0.0,32.634032634032636,0.0,30.303030303030305,6.993006993006993,2.331002331002331,0.0,0.0,18.64801864801865,13.986013986013987,2.331002331002331,249.41724941724942,9.324009324009324,0.0,20.97902097902098,0.0,0.0,0.0,0.0,16.317016317016318,6.993006993006993,0.0,6.993006993006993,0.0,6.993006993006993,0.0,2.331002331002331,0.0,0.0,6.993006993006993,0.0,0.0,2.331002331002331,4.662004662004662,128.2051282051282,72.26107226107226,2.331002331002331,48.95104895104895,0.607565011820331,4.706855791962175,2.331002331002331,9.324009324009324,2.331002331002331,4.662004662004662,0.0,0.0,2.331002331002331,2.331002331002331,0.0,0.0,0.0,9.324009324009324,2.331002331002331,0.0,6.993006993006993,0.0,0.0,0.0,0.0,18.64801864801865,6.993006993006993,0.0,11.655011655011656
174449,75.29411764705881,18.823529411764703,2.352941176470588,7.058823529411765,0.0,47.05882352941176,0.0,7.058823529411765,23.52941176470588,2.352941176470588,0.0,4.705882352941176,21.176470588235293,4.705882352941176,4.705882352941176,195.2941176470588,18.823529411764703,0.0,18.823529411764703,0.0,2.352941176470588,0.0,0.0,16.47058823529412,0.0,0.0,2.352941176470588,2.352941176470588,4.705882352941176,0.0,2.352941176470588,0.0,0.0,0.0,0.0,0.0,2.352941176470588,9.411764705882351,108.23529411764706,49.41176470588235,4.705882352941176,72.94117647058823,0.5471698113207547,4.431603773584905,0.0,2.352941176470588,0.0,7.058823529411765,7.058823529411765,0.0,16.47058823529412,9.411764705882351,0.0,4.705882352941176,7.058823529411765,18.823529411764703,4.705882352941176,0.0,0.0,0.0,0.0,0.0,4.705882352941176,21.176470588235293,4.705882352941176,4.705882352941176,2.352941176470588
175900,78.81773399014779,7.389162561576354,4.926108374384237,0.0,0.0,4.926108374384237,9.852216748768473,41.87192118226601,12.315270935960593,4.926108374384237,4.926108374384237,0.0,24.630541871921185,27.093596059113302,2.4630541871921183,211.82266009852216,2.4630541871921183,0.0,36.94581280788178,0.0,2.4630541871921183,0.0,0.0,14.778325123152708,4.926108374384237,0.0,4.926108374384237,0.0,2.4630541871921183,0.0,2.4630541871921183,0.0,0.0,0.0,4.926108374384237,0.0,0.0,4.926108374384237,88.66995073891626,59.11330049261083,14.778325123152708,73.89162561576356,0.5877862595419847,4.931297709923665,2.4630541871921183,4.926108374384237,2.4630541871921183,4.926108374384237,7.389162561576354,0.0,9.852216748768473,17.241379310344826,2.4630541871921183,9.852216748768473,9.852216748768473,24.630541871921185,2.4630541871921183,7.389162561576354,4.926108374384237,0.0,0.0,0.0,4.926108374384237,9.852216748768473,14.778325123152708,2.4630541871921183,12.315270935960593
175973,87.28179551122194,17.456359102244388,67.33167082294264,0.0,4.987531172069826,89.77556109725685,34.912718204488776,12.468827930174564,17.456359102244388,14.962593516209475,12.468827930174564,4.987531172069826,22.443890274314214,14.962593516209475,0.0,152.11970074812967,7.481296758104738,0.0,57.356608478803,4.987531172069826,2.493765586034913,0.0,0.0,4.987531172069826,2.493765586034913,0.0,4.987531172069826,0.0,7.481296758104738,4.987531172069826,0.0,0.0,0.0,0.0,0.0,0.0,4.987531172069826,4.987531172069826,69.82543640897755,19.950124688279303,24.93765586034913,74.81296758104739,0.550531914893617,4.159574468085107,0.0,2.493765586034913,0.0,0.0,4.987531172069826,2.493765586034913,2.493765586034913,9.975062344139651,0.0,7.481296758104738,2.493765586034913,22.443890274314214,0.0,7.481296758104738,44.88778054862843,0.0,2.493765586034913,0.0,7.481296758104738,12.468827930174564,14.962593516209475,12.468827930174564,12.468827930174564
177107,79.20792079207921,2.4752475247524752,4.9504950495049505,7.425742574257425,4.9504950495049505,4.9504950495049505,2.4752475247524752,99.00990099009901,32.17821782178218,0.0,2.4752475247524752,0.0,24.752475247524753,12.376237623762377,2.4752475247524752,190.59405940594058,4.9504950495049505,0.0,14.85148514851485,2.4752475247524752,0.0,0.0,4.9504950495049505,19.801980198019802,7.425742574257425,2.4752475247524752,7.425742574257425,4.9504950495049505,2.4752475247524752,0.0,0.0,0.0,0.0,0.0,0.0,0.0,4.9504950495049505,9.900990099009901,86.63366336633663,47.02970297029703,4.9504950495049505,84.15841584158416,0.5873417721518988,4.473417721518987,0.0,7.425742574257425,0.0,0.0,9.900990099009901,0.0,9.900990099009901,9.900990099009901,0.0,9.900990099009901,2.4752475247524752,24.752475247524753,9.900990099009901,2.4752475247524752,17.32673267326733,0.0,0.0,0.0,4.9504950495049505,2.4752475247524752,4.9504950495049505,0.0,12.376237623762377
179094,7.281553398058253,2.4271844660194173,53.398058252427184,0.0,0.0,24.271844660194173,7.281553398058253,0.0,2.4271844660194173,9.70873786407767,12.135922330097086,0.0,14.563106796116505,26.699029126213592,9.70873786407767,286.40776699029124,7.281553398058253,0.0,21.844660194174757,0.0,0.0,0.0,0.0,14.563106796116505,0.0,0.0,0.0,0.0,2.4271844660194173,0.0,7.281553398058253,0.0,0.0,0.0,0.0,0.0,2.4271844660194173,9.70873786407767,109.22330097087378,75.24271844660194,12.135922330097086,38.83495145631068,0.6231527093596059,5.022167487684729,2.4271844660194173,0.0,2.4271844660194173,0.0,4.854368932038835,0.0,0.0,9.70873786407767,2.4271844660194173,4.854368932038835,2.4271844660194173,4.854368932038835,4.854368932038835,0.0,4.854368932038835,0.0,0.0,0.0,4.854368932038835,9.70873786407767,9.70873786407767,4.854368932038835,2.4271844660194173
179190,83.53221957040573,9.546539379474941,7.159904534606206,2.3866348448687353,7.159904534606206,69.21241050119332,0.0,11.933174224343675,21.479713603818613,2.3866348448687353,4.773269689737471,2.3866348448687353,7.159904534606206,16.706443914081145,2.3866348448687353,219.57040572792363,4.773269689737471,2.3866348448687353,28.639618138424822,7.159904534606206,0.0,0.0,0.0,23.86634844868735,7.159904534606206,0.0,2.3866348448687353,0.0,2.3866348448687353,0.0,0.0,0.0,0.0,2.3866348448687353,2.3866348448687353,0.0,2.3866348448687353,9.546539379474941,95.4653937947494,71.59904534606206,4.773269689737471,50.11933174224344,0.6073170731707317,4.64390243902439,4.773269689737471,0.0,0.0,0.0,11.933174224343675,0.0,7.159904534606206,4.773269689737471,2.3866348448687353,4.773269689737471,0.0,16.706443914081145,2.3866348448687353,7.159904534606206,9.546539379474941,0.0,0.0,0.0,2.3866348448687353,4.773269689737471,7.159904534606206,0.0,2.3866348448687353
179941,63.56968215158924,4.88997555012225,17.114914425427873,2.444987775061125,2.444987775061125,7.334963325183374,9.7799511002445,14.669926650366747,41.56479217603912,2.444987775061125,0.0,2.444987775061125,9.7799511002445,19.559902200489,9.7799511002445,205.37897310513446,0.0,2.444987775061125,19.559902200489,2.444987775061125,2.444987775061125,0.0,0.0,4.88997555012225,2.444987775061125,2.444987775061125,2.444987775061125,0.0,7.334963325183374,0.0,0.0,0.0,0.0,0.0,0.0,0.0,4.88997555012225,14.669926650366747,124.69437652811736,75.79462102689487,0.0,61.12469437652811,0.5823095823095823,4.594594594594595,2.444987775061125,2.444987775061125,0.0,4.88997555012225,4.88997555012225,0.0,9.7799511002445,0.0,9.7799511002445,2.444987775061125,9.7799511002445,7.334963325183374,7.334963325183374,0.0,0.0,0.0,0.0,0.0,0.0,17.114914425427873,7.334963325183374,0.0,14.669926650366747
181349,75.18796992481202,2.506265664160401,25.062656641604008,5.012531328320802,0.0,12.531328320802004,0.0,45.11278195488722,27.56892230576441,7.518796992481203,7.518796992481203,0.0,10.025062656641603,17.543859649122805,0.0,253.1328320802005,2.506265664160401,2.506265664160401,32.581453634085214,0.0,2.506265664160401,0.0,0.0,15.037593984962406,7.518796992481203,5.012531328320802,0.0,0.0,5.012531328320802,0.0,0.0,0.0,0.0,0.0,0.0,2.506265664160401,2.506265664160401,10.025062656641603,65.16290726817043,65.16290726817043,5.012531328320802,55.13784461152882,0.5813953488372093,4.79328165374677,0.0,5.012531328320802,0.0,0.0,5.012531328320802,0.0,2.506265664160401,7.518796992481203,0.0,2.506265664160401,2.506265664160401,17.543859649122805,0.0,2.506265664160401,12.531328320802004,0.0,0.0,0.0,5.012531328320802,7.518796992481203,7.518796992481203,0.0,7.518796992481203
181539,53.65853658536585,2.4390243902439024,34.146341463414636,7.317073170731708,4.878048780487805,73.17073170731707,4.878048780487805,0.0,24.390243902439025,7.317073170731708,7.317073170731708,0.0,7.317073170731708,29.26829268292683,2.4390243902439024,248.78048780487805,7.317073170731708,0.0,31.70731707317073,2.4390243902439024,0.0,0.0,2.4390243902439024,9.75609756097561,2.4390243902439024,0.0,2.4390243902439024,7.317073170731708,0.0,0.0,0.0,0.0,0.0,0.0,0.0,0.0,0.0,9.75609756097561,104.8780487804878,58.53658536585366,7.317073170731708,60.97560975609756,0.6272040302267002,4.768261964735516,0.0,2.4390243902439024,2.4390243902439024,0.0,9.75609756097561,0.0,4.878048780487805,7.317073170731708,0.0,4.878048780487805,2.4390243902439024,21.95121951219512,0.0,2.4390243902439024,19.51219512195122,0.0,0.0,0.0,2.4390243902439024,4.878048780487805,2.4390243902439024,2.4390243902439024,12.195121951219512
185422,114.42786069651741,17.412935323383085,2.487562189054726,12.437810945273633,7.462686567164179,62.18905472636816,0.0,44.776119402985074,27.36318407960199,0.0,9.950248756218905,4.975124378109452,19.90049751243781,17.412935323383085,2.487562189054726,159.20398009950247,2.487562189054726,0.0,14.925373134328359,2.487562189054726,0.0,0.0,2.487562189054726,7.462686567164179,4.975124378109452,0.0,0.0,2.487562189054726,4.975124378109452,2.487562189054726,0.0,0.0,0.0,4.975124378109452,0.0,0.0,7.462686567164179,12.437810945273633,114.42786069651741,37.31343283582089,2.487562189054726,87.06467661691543,0.5667506297229219,4.239294710327456,4.975124378109452,7.462686567164179,0.0,2.487562189054726,4.975124378109452,0.0,0.0,4.975124378109452,2.487562189054726,0.0,4.975124378109452,24.875621890547265,4.975124378109452,2.487562189054726,4.975124378109452,2.487562189054726,2.487562189054726,0.0,0.0,4.975124378109452,14.925373134328359,7.462686567164179,2.487562189054726
186150,106.02409638554217,7.228915662650603,26.50602409638554,4.819277108433735,0.0,69.87951807228916,12.048192771084338,43.373493975903614,24.096385542168676,4.819277108433735,12.048192771084338,2.4096385542168677,12.048192771084338,4.819277108433735,0.0,159.03614457831324,2.4096385542168677,0.0,36.144578313253014,7.228915662650603,0.0,0.0,0.0,14.457831325301205,12.048192771084338,0.0,0.0,2.4096385542168677,4.819277108433735,0.0,2.4096385542168677,0.0,0.0,0.0,2.4096385542168677,2.4096385542168677,7.228915662650603,4.819277108433735,89.1566265060241,45.78313253012048,12.048192771084338,89.1566265060241,0.5635910224438903,4.204488778054863,0.0,7.228915662650603,0.0,0.0,26.50602409638554,2.4096385542168677,2.4096385542168677,0.0,0.0,2.4096385542168677,12.048192771084338,26.50602409638554,7.228915662650603,2.4096385542168677,24.096385542168676,0.0,0.0,0.0,4.819277108433735,4.819277108433735,21.686746987951807,0.0,4.819277108433735
186598,7.125890736342043,0.0,66.5083135391924,0.0,7.125890736342043,30.878859857482183,30.878859857482183,7.125890736342043,4.750593824228028,2.375296912114014,0.0,0.0,26.128266033254157,35.62945368171022,9.501187648456057,173.39667458432302,4.750593824228028,2.375296912114014,23.752969121140143,0.0,0.0,0.0,0.0,11.876484560570072,2.375296912114014,0.0,9.501187648456057,2.375296912114014,23.752969121140143,0.0,2.375296912114014,0.0,0.0,0.0,0.0,0.0,9.501187648456057,2.375296912114014,87.88598574821853,76.00950118764845,9.501187648456057,57.00712589073635,0.5060532687651331,5.026634382566586,9.501187648456057,2.375296912114014,2.375296912114014,2.375296912114014,7.125890736342043,2.375296912114014,7.125890736342043,16.6270783847981,0.0,14.251781472684087,14.251781472684087,14.251781472684087,9.501187648456057,2.375296912114014,16.6270783847981,0.0,0.0,0.0,0.0,33.2541567695962,11.876484560570072,0.0,7.125890736342043
188289,98.28009828009827,4.914004914004914,12.285012285012284,4.914004914004914,0.0,71.25307125307125,2.457002457002457,14.742014742014742,22.11302211302211,2.457002457002457,9.828009828009828,7.371007371007371,17.1990171990172,22.11302211302211,0.0,186.73218673218673,4.914004914004914,0.0,22.11302211302211,4.914004914004914,0.0,0.0,0.0,12.285012285012284,7.371007371007371,0.0,0.0,2.457002457002457,12.285012285012284,0.0,2.457002457002457,0.0,0.0,0.0,0.0,0.0,0.0,7.371007371007371,113.02211302211303,51.597051597051596,9.828009828009828,63.88206388206388,0.5753086419753086,4.375308641975309,2.457002457002457,0.0,4.914004914004914,0.0,9.828009828009828,0.0,14.742014742014742,2.457002457002457,2.457002457002457,0.0,0.0,27.027027027027028,4.914004914004914,0.0,2.457002457002457,0.0,0.0,0.0,2.457002457002457,9.828009828009828,7.371007371007371,0.0,4.914004914004914
189038,100.49019607843138,2.450980392156863,14.705882352941176,4.901960784313726,4.901960784313726,44.11764705882353,4.901960784313726,39.21568627450981,4.901960784313726,2.450980392156863,0.0,0.0,14.705882352941176,19.607843137254903,0.0,230.39215686274508,4.901960784313726,0.0,29.41176470588235,0.0,0.0,0.0,0.0,7.352941176470588,2.450980392156863,0.0,2.450980392156863,7.352941176470588,7.352941176470588,0.0,0.0,0.0,0.0,0.0,0.0,2.450980392156863,0.0,9.803921568627452,107.84313725490196,61.27450980392157,2.450980392156863,68.62745098039217,0.6024691358024692,4.562962962962963,2.450980392156863,2.450980392156863,2.450980392156863,2.450980392156863,2.450980392156863,2.450980392156863,7.352941176470588,2.450980392156863,0.0,2.450980392156863,0.0,14.705882352941176,2.450980392156863,4.901960784313726,7.352941176470588,0.0,0.0,0.0,0.0,9.803921568627452,9.803921568627452,2.450980392156863,9.803921568627452
190986,94.8905109489051,4.866180048661801,14.598540145985401,4.866180048661801,2.4330900243309004,48.661800486618006,9.732360097323602,29.197080291970803,9.732360097323602,4.866180048661801,4.866180048661801,2.4330900243309004,14.598540145985401,2.4330900243309004,0.0,209.24574209245742,4.866180048661801,0.0,19.464720194647203,0.0,0.0,0.0,2.4330900243309004,17.0316301703163,14.598540145985401,2.4330900243309004,2.4330900243309004,0.0,4.866180048661801,0.0,0.0,0.0,0.0,0.0,0.0,2.4330900243309004,4.866180048661801,9.732360097323602,68.1265206812652,36.4963503649635,9.732360097323602,99.7566909975669,0.6246913580246913,4.37037037037037,0.0,2.4330900243309004,4.866180048661801,2.4330900243309004,7.299270072992701,0.0,4.866180048661801,7.299270072992701,0.0,4.866180048661801,21.897810218978105,19.464720194647203,9.732360097323602,0.0,7.299270072992701,0.0,2.4330900243309004,0.0,0.0,2.4330900243309004,7.299270072992701,7.299270072992701,4.866180048661801
194258,120.85308056872037,9.47867298578199,2.3696682464454977,4.739336492890995,4.739336492890995,78.19905213270142,4.739336492890995,45.023696682464454,11.848341232227487,11.848341232227487,7.109004739336492,0.0,18.95734597156398,18.95734597156398,0.0,172.98578199052133,7.109004739336492,0.0,26.066350710900473,2.3696682464454977,0.0,0.0,0.0,14.218009478672984,2.3696682464454977,0.0,0.0,0.0,2.3696682464454977,0.0,4.739336492890995,0.0,0.0,2.3696682464454977,0.0,0.0,2.3696682464454977,4.739336492890995,111.37440758293839,42.65402843601896,4.739336492890995,68.72037914691943,0.5710843373493976,4.190361445783132,2.3696682464454977,2.3696682464454977,0.0,0.0,4.739336492890995,2.3696682464454977,0.0,4.739336492890995,0.0,0.0,11.848341232227487,21.32701421800948,7.109004739336492,2.3696682464454977,16.587677725118485,0.0,0.0,0.0,0.0,7.109004739336492,16.587677725118485,0.0,18.95734597156398
194499,91.12709832134293,7.194244604316547,11.990407673860911,2.398081534772182,2.398081534772182,52.75779376498801,2.398081534772182,38.36930455635491,14.388489208633095,7.194244604316547,4.796163069544364,0.0,31.17505995203837,11.990407673860911,2.398081534772182,182.25419664268586,7.194244604316547,0.0,9.592326139088728,2.398081534772182,0.0,0.0,0.0,14.388489208633095,4.796163069544364,4.796163069544364,0.0,0.0,9.592326139088728,2.398081534772182,7.194244604316547,0.0,0.0,0.0,0.0,0.0,2.398081534772182,14.388489208633095,110.31175059952038,43.16546762589928,7.194244604316547,81.5347721822542,0.6044226044226044,4.253071253071253,7.194244604316547,7.194244604316547,7.194244604316547,0.0,9.592326139088728,0.0,11.990407673860911,4.796163069544364,0.0,0.0,7.194244604316547,26.378896882494004,0.0,2.398081534772182,21.58273381294964,2.398081534772182,2.398081534772182,0.0,0.0,16.786570743405274,11.990407673860911,2.398081534772182,16.786570743405274
196097,46.45476772616137,7.334963325183374,41.56479217603912,4.88997555012225,4.88997555012225,56.23471882640587,0.0,31.78484107579462,34.229828850855746,4.88997555012225,9.7799511002445,4.88997555012225,17.114914425427873,22.004889975550125,4.88997555012225,207.8239608801956,12.224938875305625,4.88997555012225,22.004889975550125,0.0,0.0,0.0,0.0,26.89486552567237,4.88997555012225,0.0,2.444987775061125,4.88997555012225,2.444987775061125,0.0,4.88997555012225,0.0,0.0,0.0,0.0,2.444987775061125,0.0,2.444987775061125,85.57457212713938,34.229828850855746,12.224938875305625,51.344743276283616,0.6126582278481013,4.407594936708861,0.0,4.88997555012225,0.0,0.0,12.224938875305625,0.0,0.0,12.224938875305625,0.0,2.444987775061125,2.444987775061125,14.669926650366747,2.444987775061125,2.444987775061125,29.339853300733495,0.0,0.0,0.0,0.0,9.7799511002445,14.669926650366747,2.444987775061125,4.88997555012225
196100,118.0722891566265,2.4096385542168677,0.0,2.4096385542168677,2.4096385542168677,0.0,0.0,69.87951807228916,50.60240963855422,7.228915662650603,12.048192771084338,0.0,21.686746987951807,7.228915662650603,9.63855421686747,159.03614457831324,0.0,0.0,50.60240963855422,4.819277108433735,0.0,0.0,0.0,21.686746987951807,2.4096385542168677,0.0,2.4096385542168677,0.0,16.867469879518072,2.4096385542168677,0.0,0.0,0.0,0.0,0.0,2.4096385542168677,9.63855421686747,21.686746987951807,93.97590361445783,48.19277108433735,14.457831325301205,65.06024096385542,0.4951219512195122,4.092682926829268,2.4096385542168677,2.4096385542168677,0.0,0.0,9.63855421686747,0.0,0.0,7.228915662650603,0.0,0.0,2.4096385542168677,31.32530120481928,2.4096385542168677,4.819277108433735,12.048192771084338,0.0,0.0,0.0,2.4096385542168677,9.63855421686747,12.048192771084338,4.819277108433735,12.048192771084338
19653,57.5,7.5,47.5,0.0,10.0,15.0,42.5,15.0,27.5,2.5,12.5,5.0,22.5,20.0,0.0,165.0,5.0,0.0,20.0,2.5,0.0,0.0,2.5,22.5,2.5,0.0,5.0,2.5,15.0,0.0,0.0,0.0,0.0,0.0,0.0,0.0,15.0,2.5,102.5,22.5,15.0,72.5,0.5861182519280206,4.3573264781491,2.5,0.0,0.0,0.0,7.5,0.0,7.5,7.5,0.0,12.5,0.0,25.0,10.0,15.0,27.5,5.0,2.5,0.0,5.0,5.0,5.0,2.5,12.5
198111,19.950124688279303,24.93765586034913,89.77556109725685,0.0,9.975062344139651,74.81296758104739,2.493765586034913,0.0,22.443890274314214,14.962593516209475,14.962593516209475,2.493765586034913,22.443890274314214,12.468827930174564,0.0,199.50124688279303,4.987531172069826,0.0,42.394014962593516,7.481296758104738,0.0,0.0,4.987531172069826,14.962593516209475,4.987531172069826,2.493765586034913,0.0,0.0,2.493765586034913,2.493765586034913,0.0,0.0,0.0,0.0,4.987531172069826,0.0,2.493765586034913,4.987531172069826,82.29426433915212,44.88778054862843,12.468827930174564,99.75062344139651,0.6031746031746031,4.235449735449736,2.493765586034913,2.493765586034913,4.987531172069826,0.0,12.468827930174564,2.493765586034913,2.493765586034913,9.975062344139651,2.493765586034913,2.493765586034913,0.0,32.418952618453865,4.987531172069826,0.0,42.394014962593516,0.0,4.987531172069826,0.0,4.987531172069826,9.975062344139651,7.481296758104738,7.481296758104738,14.962593516209475
203178,84.36724565756825,0.0,7.444168734491315,4.962779156327543,4.962779156327543,7.444168734491315,22.332506203473944,49.62779156327544,4.962779156327543,7.444168734491315,2.4813895781637716,0.0,9.925558312655086,12.40694789081886,0.0,260.545905707196,4.962779156327543,0.0,17.3697270471464,0.0,0.0,0.0,0.0,27.29528535980149,0.0,0.0,0.0,0.0,4.962779156327543,0.0,0.0,0.0,0.0,0.0,4.962779156327543,0.0,0.0,7.444168734491315,94.29280397022333,76.92307692307693,4.962779156327543,57.07196029776674,0.6224489795918368,4.895408163265306,9.925558312655086,0.0,0.0,0.0,4.962779156327543,0.0,7.444168734491315,0.0,0.0,7.444168734491315,7.444168734491315,17.3697270471464,7.444168734491315,0.0,4.962779156327543,0.0,2.4813895781637716,0.0,0.0,4.962779156327543,9.925558312655086,0.0,2.4813895781637716
203370,94.29280397022333,7.444168734491315,9.925558312655086,2.4813895781637716,2.4813895781637716,62.03473945409429,12.40694789081886,22.332506203473944,24.81389578163772,2.4813895781637716,12.40694789081886,0.0,24.81389578163772,12.40694789081886,4.962779156327543,166.2531017369727,2.4813895781637716,0.0,27.29528535980149,4.962779156327543,0.0,0.0,0.0,7.444168734491315,4.962779156327543,0.0,0.0,2.4813895781637716,7.444168734491315,0.0,0.0,0.0,0.0,0.0,0.0,0.0,2.4813895781637716,4.962779156327543,106.69975186104217,42.183622828784124,2.4813895781637716,71.96029776674938,0.5478036175710594,4.27906976744186,2.4813895781637716,7.444168734491315,2.4813895781637716,0.0,2.4813895781637716,0.0,7.444168734491315,9.925558312655086,0.0,9.925558312655086,2.4813895781637716,17.3697270471464,4.962779156327543,4.962779156327543,27.29528535980149,0.0,0.0,0.0,2.4813895781637716,7.444168734491315,14.88833746898263,7.444168734491315,17.3697270471464
20357,66.66666666666667,7.142857142857142,14.285714285714285,2.3809523809523814,4.761904761904763,78.57142857142857,2.3809523809523814,0.0,21.428571428571427,2.3809523809523814,4.761904761904763,0.0,11.904761904761903,21.428571428571427,9.523809523809526,214.28571428571428,7.142857142857142,0.0,4.761904761904763,0.0,0.0,0.0,0.0,16.666666666666668,4.761904761904763,2.3809523809523814,2.3809523809523814,2.3809523809523814,9.523809523809526,0.0,0.0,0.0,0.0,0.0,0.0,0.0,4.761904761904763,11.904761904761903,111.90476190476191,42.857142857142854,4.761904761904763,50.0,0.5898058252427184,4.524271844660194,0.0,0.0,0.0,2.3809523809523814,7.142857142857142,2.3809523809523814,4.761904761904763,9.523809523809526,0.0,4.761904761904763,4.761904761904763,11.904761904761903,4.761904761904763,0.0,14.285714285714285,0.0,0.0,0.0,2.3809523809523814,7.142857142857142,4.761904761904763,0.0,7.142857142857142
208784,66.01466992665037,9.7799511002445,24.44987775061125,0.0,2.444987775061125,0.0,0.0,56.23471882640587,17.114914425427873,0.0,0.0,2.444987775061125,24.44987775061125,22.004889975550125,2.444987775061125,222.49388753056235,4.88997555012225,0.0,26.89486552567237,2.444987775061125,0.0,0.0,0.0,22.004889975550125,7.334963325183374,0.0,2.444987775061125,0.0,9.7799511002445,0.0,2.444987775061125,0.0,0.0,0.0,0.0,0.0,0.0,4.88997555012225,105.13447432762835,48.8997555012225,4.88997555012225,78.239608801956,0.6262376237623762,4.849009900990099,0.0,7.334963325183374,0.0,0.0,14.669926650366747,0.0,0.0,4.88997555012225,0.0,2.444987775061125,4.88997555012225,22.004889975550125,2.444987775061125,0.0,7.334963325183374,0.0,2.444987775061125,2.444987775061125,4.88997555012225,7.334963325183374,7.334963325183374,9.7799511002445,4.88997555012225
211092,7.281553398058253,0.0,38.83495145631068,2.4271844660194173,0.0,21.844660194174757,9.70873786407767,19.41747572815534,12.135922330097086,2.4271844660194173,7.281553398058253,0.0,16.990291262135923,41.2621359223301,2.4271844660194173,182.03883495145632,16.990291262135923,0.0,21.844660194174757,0.0,0.0,0.0,2.4271844660194173,31.553398058252426,2.4271844660194173,0.0,0.0,2.4271844660194173,2.4271844660194173,0.0,2.4271844660194173,0.0,0.0,2.4271844660194173,2.4271844660194173,2.4271844660194173,9.70873786407767,4.854368932038835,111.6504854368932,65.53398058252426,9.70873786407767,38.83495145631068,0.5,4.924019607843137,9.70873786407767,0.0,0.0,0.0,7.281553398058253,0.0,9.70873786407767,29.12621359223301,0.0,14.563106796116505,2.4271844660194173,14.563106796116505,0.0,2.4271844660194173,9.70873786407767,0.0,0.0,0.0,4.854368932038835,21.844660194174757,14.563106796116505,0.0,2.4271844660194173
212708,79.60199004975124,14.925373134328359,29.850746268656717,4.975124378109452,0.0,77.11442786069651,4.975124378109452,9.950248756218905,14.925373134328359,0.0,2.487562189054726,0.0,12.437810945273633,12.437810945273633,4.975124378109452,176.61691542288557,9.950248756218905,0.0,27.36318407960199,4.975124378109452,0.0,0.0,0.0,14.925373134328359,4.975124378109452,4.975124378109452,2.487562189054726,4.975124378109452,4.975124378109452,0.0,0.0,0.0,0.0,0.0,0.0,0.0,7.462686567164179,7.462686567164179,94.5273631840796,54.72636815920398,2.487562189054726,77.11442786069651,0.6126582278481013,4.531645569620253,2.487562189054726,7.462686567164179,0.0,2.487562189054726,9.950248756218905,0.0,4.975124378109452,4.975124378109452,0.0,4.975124378109452,7.462686567164179,27.36318407960199,4.975124378109452,7.462686567164179,9.950248756218905,0.0,0.0,0.0,7.462686567164179,12.437810945273633,22.388059701492537,9.950248756218905,7.462686567164179
214595,69.65174129353234,0.0,0.0,9.950248756218905,2.487562189054726,0.0,9.950248756218905,4.975124378109452,29.850746268656717,4.975124378109452,4.975124378109452,0.0,12.437810945273633,24.875621890547265,9.950248756218905,226.3681592039801,19.90049751243781,2.487562189054726,24.875621890547265,2.487562189054726,0.0,0.0,0.0,17.412935323383085,0.0,0.0,9.950248756218905,0.0,9.950248756218905,0.0,0.0,0.0,0.0,2.487562189054726,0.0,0.0,7.462686567164179,2.487562189054726,116.91542288557214,82.08955223880596,7.462686567164179,47.2636815920398,0.5552763819095478,5.105527638190955,9.950248756218905,2.487562189054726,2.487562189054726,4.975124378109452,12.437810945273633,0.0,12.437810945273633,17.412935323383085,0.0,2.487562189054726,0.0,12.437810945273633,0.0,0.0,0.0,0.0,0.0,0.0,0.0,19.90049751243781,0.0,0.0,9.950248756218905
215049,88.88888888888889,4.938271604938271,2.4691358024691357,4.938271604938271,2.4691358024691357,59.25925925925926,0.0,19.753086419753085,19.753086419753085,0.0,12.345679012345679,0.0,22.22222222222222,9.876543209876543,2.4691358024691357,244.44444444444443,0.0,0.0,14.814814814814815,0.0,0.0,0.0,0.0,9.876543209876543,4.938271604938271,0.0,2.4691358024691357,0.0,12.345679012345679,0.0,0.0,0.0,0.0,0.0,0.0,0.0,4.938271604938271,22.22222222222222,98.76543209876543,54.32098765432099,4.938271604938271,64.19753086419753,0.6309226932668329,4.531172069825437,2.4691358024691357,4.938271604938271,2.4691358024691357,4.938271604938271,9.876543209876543,2.4691358024691357,0.0,7.407407407407407,0.0,2.4691358024691357,2.4691358024691357,9.876543209876543,4.938271604938271,0.0,7.407407407407407,0.0,4.938271604938271,0.0,2.4691358024691357,4.938271604938271,4.938271604938271,4.938271604938271,9.876543209876543
215749,97.32360097323601,9.732360097323602,2.4330900243309004,2.4330900243309004,0.0,0.0,0.0,72.992700729927,9.732360097323602,2.4330900243309004,17.0316301703163,7.299270072992701,31.630170316301705,9.732360097323602,4.866180048661801,209.24574209245742,9.732360097323602,0.0,26.7639902676399,0.0,0.0,0.0,4.866180048661801,14.598540145985401,7.299270072992701,2.4330900243309004,0.0,0.0,14.598540145985401,2.4330900243309004,2.4330900243309004,0.0,0.0,0.0,0.0,0.0,0.0,4.866180048661801,104.62287104622871,43.79562043795621,4.866180048661801,116.78832116788321,0.5632754342431762,4.622828784119107,4.866180048661801,2.4330900243309004,0.0,2.4330900243309004,14.598540145985401,0.0,7.299270072992701,7.299270072992701,2.4330900243309004,4.866180048661801,12.165450121654501,36.4963503649635,2.4330900243309004,2.4330900243309004,14.598540145985401,0.0,0.0,0.0,7.299270072992701,12.165450121654501,9.732360097323602,7.299270072992701,12.165450121654501
217318,79.08163265306123,2.5510204081632653,43.36734693877551,2.5510204081632653,10.204081632653061,45.91836734693878,17.857142857142858,17.857142857142858,15.306122448979592,7.653061224489796,5.1020408163265305,5.1020408163265305,7.653061224489796,25.510204081632654,2.5510204081632653,270.40816326530614,5.1020408163265305,0.0,22.95918367346939,2.5510204081632653,2.5510204081632653,0.0,0.0,2.5510204081632653,2.5510204081632653,0.0,0.0,0.0,0.0,0.0,0.0,0.0,0.0,0.0,0.0,2.5510204081632653,5.1020408163265305,5.1020408163265305,86.73469387755102,45.91836734693878,12.755102040816327,58.673469387755105,0.6569920844327177,4.9762532981530345,0.0,0.0,0.0,0.0,5.1020408163265305,0.0,0.0,2.5510204081632653,0.0,2.5510204081632653,7.653061224489796,22.95918367346939,2.5510204081632653,2.5510204081632653,7.653061224489796,0.0,2.5510204081632653,0.0,5.1020408163265305,7.653061224489796,2.5510204081632653,2.5510204081632653,10.204081632653061
218166,67.16417910447761,12.437810945273633,12.437810945273633,0.0,2.487562189054726,0.0,0.0,49.75124378109453,19.90049751243781,2.487562189054726,2.487562189054726,2.487562189054726,24.875621890547265,19.90049751243781,2.487562189054726,266.16915422885575,9.950248756218905,0.0,14.925373134328359,0.0,2.487562189054726,0.0,0.0,2.487562189054726,4.975124378109452,2.487562189054726,4.975124378109452,0.0,2.487562189054726,2.487562189054726,2.487562189054726,0.0,0.0,0.0,0.0,0.0,0.0,0.0,131.8407960199005,49.75124378109453,0.0,62.18905472636816,0.5721518987341773,4.688607594936709,2.487562189054726,2.487562189054726,0.0,7.462686567164179,4.975124378109452,0.0,7.462686567164179,7.462686567164179,0.0,2.487562189054726,2.487562189054726,22.388059701492537,2.487562189054726,2.487562189054726,7.462686567164179,0.0,0.0,0.0,0.0,17.412935323383085,14.925373134328359,0.0,7.462686567164179
218302,92.03980099502488,9.950248756218905,2.487562189054726,4.975124378109452,4.975124378109452,32.33830845771144,0.0,44.776119402985074,24.875621890547265,7.462686567164179,12.437810945273633,0.0,24.875621890547265,9.950248756218905,2.487562189054726,189.0547263681592,2.487562189054726,0.0,44.776119402985074,2.487562189054726,0.0,0.0,0.0,2.487562189054726,0.0,0.0,7.462686567164179,0.0,7.462686567164179,0.0,7.462686567164179,0.0,0.0,0.0,0.0,0.0,2.487562189054726,12.437810945273633,106.96517412935323,54.72636815920398,0.0,89.55223880597015,0.565989847715736,4.482233502538071,0.0,2.487562189054726,0.0,2.487562189054726,4.975124378109452,0.0,4.975124378109452,7.462686567164179,2.487562189054726,7.462686567164179,0.0,4.975124378109452,0.0,2.487562189054726,2.487562189054726,2.487562189054726,0.0,0.0,2.487562189054726,7.462686567164179,7.462686567164179,9.950248756218905,4.975124378109452
218425,73.17073170731707,19.51219512195122,0.0,7.317073170731708,0.0,2.4390243902439024,0.0,43.90243902439024,21.95121951219512,4.878048780487805,4.878048780487805,2.4390243902439024,7.317073170731708,4.878048780487805,0.0,236.58536585365852,0.0,0.0,21.95121951219512,0.0,0.0,0.0,2.4390243902439024,29.26829268292683,2.4390243902439024,0.0,0.0,0.0,0.0,0.0,0.0,0.0,0.0,0.0,0.0,2.4390243902439024,7.317073170731708,19.51219512195122,100.0,39.02439024390244,4.878048780487805,58.53658536585366,0.529113924050633,4.356962025316456,0.0,2.4390243902439024,0.0,0.0,12.195121951219512,0.0,4.878048780487805,0.0,2.4390243902439024,14.634146341463415,0.0,21.95121951219512,4.878048780487805,2.4390243902439024,12.195121951219512,0.0,2.4390243902439024,0.0,4.878048780487805,4.878048780487805,4.878048780487805,0.0,4.878048780487805
218921,9.732360097323602,17.0316301703163,75.42579075425792,7.299270072992701,7.299270072992701,38.929440389294406,60.82725060827251,2.4330900243309004,12.165450121654501,9.732360097323602,9.732360097323602,4.866180048661801,21.897810218978105,17.0316301703163,2.4330900243309004,150.85158150851584,4.866180048661801,0.0,24.330900243309003,0.0,0.0,0.0,0.0,19.464720194647203,0.0,4.866180048661801,2.4330900243309004,2.4330900243309004,0.0,0.0,0.0,0.0,2.4330900243309004,0.0,2.4330900243309004,0.0,0.0,4.866180048661801,99.7566909975669,48.661800486618006,9.732360097323602,90.02433090024331,0.5891472868217055,4.4186046511627906,0.0,0.0,0.0,0.0,7.299270072992701,0.0,12.165450121654501,0.0,2.4330900243309004,2.4330900243309004,4.866180048661801,12.165450121654501,2.4330900243309004,0.0,51.09489051094891,0.0,4.866180048661801,0.0,2.4330900243309004,4.866180048661801,12.165450121654501,0.0,9.732360097323602
221074,62.80193236714976,12.077294685990339,45.893719806763286,19.32367149758454,7.246376811594203,72.46376811594203,4.830917874396135,2.4154589371980677,16.908212560386474,4.830917874396135,4.830917874396135,0.0,21.73913043478261,26.570048309178745,2.4154589371980677,185.9903381642512,2.4154589371980677,0.0,19.32367149758454,0.0,2.4154589371980677,0.0,0.0,21.73913043478261,4.830917874396135,0.0,2.4154589371980677,0.0,9.66183574879227,0.0,0.0,0.0,0.0,0.0,0.0,2.4154589371980677,0.0,7.246376811594203,113.52657004830918,53.14009661835749,0.0,86.95652173913044,0.6188118811881188,4.797029702970297,0.0,0.0,0.0,2.4154589371980677,7.246376811594203,0.0,2.4154589371980677,2.4154589371980677,2.4154589371980677,0.0,2.4154589371980677,9.66183574879227,0.0,7.246376811594203,12.077294685990339,0.0,2.4154589371980677,0.0,2.4154589371980677,9.66183574879227,2.4154589371980677,0.0,4.830917874396135
222328,96.0591133004926,4.926108374384237,7.389162561576354,4.926108374384237,2.4630541871921183,14.778325123152708,7.389162561576354,7.389162561576354,4.926108374384237,2.4630541871921183,4.926108374384237,2.4630541871921183,7.389162561576354,29.556650246305416,0.0,224.13793103448276,14.778325123152708,0.0,17.241379310344826,4.926108374384237,2.4630541871921183,2.4630541871921183,0.0,22.167487684729064,7.389162561576354,0.0,4.926108374384237,0.0,2.4630541871921183,0.0,0.0,0.0,0.0,0.0,0.0,2.4630541871921183,2.4630541871921183,7.389162561576354,96.0591133004926,78.81773399014779,7.389162561576354,61.576354679802954,0.64,5.1925,7.389162561576354,0.0,0.0,0.0,7.389162561576354,0.0,7.389162561576354,2.4630541871921183,0.0,7.389162561576354,4.926108374384237,7.389162561576354,7.389162561576354,4.926108374384237,12.315270935960593,0.0,0.0,0.0,2.4630541871921183,12.315270935960593,9.852216748768473,2.4630541871921183,2.4630541871921183
22317,105.91133004926108,4.926108374384237,12.315270935960593,2.4630541871921183,19.704433497536947,76.35467980295567,0.0,17.241379310344826,39.40886699507389,7.389162561576354,17.241379310344826,4.926108374384237,14.778325123152708,4.926108374384237,7.389162561576354,128.07881773399015,2.4630541871921183,0.0,68.9655172413793,0.0,0.0,0.0,4.926108374384237,12.315270935960593,2.4630541871921183,0.0,0.0,2.4630541871921183,0.0,0.0,0.0,0.0,0.0,0.0,2.4630541871921183,0.0,4.926108374384237,22.167487684729064,61.576354679802954,29.556650246305416,7.389162561576354,130.54187192118226,0.5064935064935064,4.090909090909091,0.0,0.0,2.4630541871921183,0.0,22.167487684729064,4.926108374384237,2.4630541871921183,2.4630541871921183,4.926108374384237,22.167487684729064,0.0,22.167487684729064,0.0,7.389162561576354,29.556650246305416,0.0,0.0,0.0,7.389162561576354,9.852216748768473,24.630541871921185,0.0,12.315270935960593
230092,58.96805896805897,7.371007371007371,49.140049140049136,7.371007371007371,2.457002457002457,0.0,22.11302211302211,49.140049140049136,58.96805896805897,2.457002457002457,0.0,0.0,14.742014742014742,7.371007371007371,0.0,191.64619164619165,0.0,0.0,27.027027027027028,4.914004914004914,0.0,0.0,4.914004914004914,17.1990171990172,9.828009828009828,0.0,4.914004914004914,2.457002457002457,9.828009828009828,0.0,0.0,0.0,0.0,0.0,0.0,0.0,2.457002457002457,7.371007371007371,103.19410319410319,14.742014742014742,4.914004914004914,95.82309582309583,0.555,4.105,2.457002457002457,0.0,0.0,0.0,7.371007371007371,2.457002457002457,2.457002457002457,2.457002457002457,0.0,7.371007371007371,0.0,34.3980343980344,9.828009828009828,0.0,17.1990171990172,7.371007371007371,4.914004914004914,0.0,2.457002457002457,2.457002457002457,12.285012285012284,4.914004914004914,7.371007371007371
2310,26.442307692307693,14.423076923076923,60.09615384615385,7.211538461538462,2.403846153846154,76.92307692307693,7.211538461538462,16.826923076923077,14.423076923076923,0.0,2.403846153846154,2.403846153846154,7.211538461538462,26.442307692307693,4.807692307692308,218.75,2.403846153846154,0.0,21.634615384615383,2.403846153846154,2.403846153846154,0.0,0.0,9.615384615384617,7.211538461538462,0.0,9.615384615384617,4.807692307692308,0.0,0.0,2.403846153846154,0.0,0.0,2.403846153846154,0.0,0.0,2.403846153846154,7.211538461538462,117.78846153846153,50.48076923076923,4.807692307692308,62.5,0.6221662468513854,4.554156171284634,2.403846153846154,2.403846153846154,2.403846153846154,0.0,7.211538461538462,0.0,4.807692307692308,4.807692307692308,0.0,4.807692307692308,14.423076923076923,14.423076923076923,7.211538461538462,0.0,33.65384615384615,0.0,0.0,0.0,2.403846153846154,7.211538461538462,16.826923076923077,0.0,12.01923076923077
231452,89.2018779342723,2.347417840375587,14.084507042253522,0.0,9.389671361502348,53.990610328638496,9.389671361502348,21.12676056338028,18.779342723004696,0.0,4.694835680751174,4.694835680751174,23.474178403755868,18.779342723004696,2.347417840375587,194.83568075117373,9.389671361502348,2.347417840375587,18.779342723004696,0.0,7.042253521126761,0.0,0.0,21.12676056338028,2.347417840375587,0.0,0.0,0.0,4.694835680751174,0.0,4.694835680751174,0.0,0.0,2.347417840375587,2.347417840375587,0.0,4.694835680751174,4.694835680751174,77.46478873239435,51.64319248826291,2.347417840375587,117.37089201877934,0.5655339805825242,4.470873786407767,0.0,0.0,0.0,2.347417840375587,28.169014084507044,2.347417840375587,11.737089201877934,7.042253521126761,0.0,11.737089201877934,2.347417840375587,11.737089201877934,4.694835680751174,0.0,28.169014084507044,0.0,0.0,4.694835680751174,9.389671361502348,2.347417840375587,9.389671361502348,2.347417840375587,21.12676056338028
231730,74.07407407407408,9.876543209876543,4.938271604938271,7.407407407407407,7.407407407407407,2.4691358024691357,2.4691358024691357,74.07407407407408,7.407407407407407,2.4691358024691357,0.0,0.0,14.814814814814815,14.814814814814815,2.4691358024691357,244.44444444444443,0.0,0.0,12.345679012345679,0.0,0.0,0.0,0.0,9.876543209876543,2.4691358024691357,0.0,0.0,0.0,4.938271604938271,2.4691358024691357,0.0,0.0,0.0,2.4691358024691357,0.0,0.0,2.4691358024691357,4.938271604938271,140.74074074074076,51.85185185185185,9.876543209876543,44.44444444444444,0.5875,4.5525,0.0,0.0,0.0,0.0,2.4691358024691357,2.4691358024691357,7.407407407407407,2.4691358024691357,0.0,4.938271604938271,2.4691358024691357,7.407407407407407,4.938271604938271,0.0,0.0,0.0,0.0,0.0,0.0,2.4691358024691357,4.938271604938271,0.0,2.4691358024691357
233175,82.7250608272506,2.4330900243309004,0.0,4.866180048661801,0.0,0.0,0.0,29.197080291970803,14.598540145985401,4.866180048661801,2.4330900243309004,0.0,9.732360097323602,19.464720194647203,0.0,231.1435523114355,19.464720194647203,2.4330900243309004,21.897810218978105,0.0,2.4330900243309004,0.0,0.0,7.299270072992701,0.0,0.0,2.4330900243309004,4.866180048661801,2.4330900243309004,0.0,2.4330900243309004,0.0,0.0,0.0,0.0,0.0,4.866180048661801,7.299270072992701,131.38686131386862,70.5596107055961,0.0,53.5279805352798,0.5609756097560976,4.824390243902439,0.0,4.866180048661801,0.0,2.4330900243309004,4.866180048661801,0.0,12.165450121654501,2.4330900243309004,0.0,0.0,4.866180048661801,12.165450121654501,2.4330900243309004,2.4330900243309004,0.0,0.0,0.0,0.0,7.299270072992701,17.0316301703163,7.299270072992701,0.0,4.866180048661801
233723,75.11737089201878,0.0,0.0,9.389671361502348,0.0,0.0,2.347417840375587,21.12676056338028,9.389671361502348,4.694835680751174,4.694835680751174,0.0,32.863849765258216,21.12676056338028,0.0,274.6478873239437,4.694835680751174,2.347417840375587,11.737089201877934,2.347417840375587,0.0,0.0,0.0,7.042253521126761,4.694835680751174,0.0,4.694835680751174,2.347417840375587,23.474178403755868,0.0,2.347417840375587,0.0,0.0,0.0,0.0,0.0,2.347417840375587,2.347417840375587,117.37089201877934,65.72769953051643,0.0,63.38028169014084,0.5843230403800475,4.904988123515439,2.347417840375587,4.694835680751174,0.0,0.0,7.042253521126761,0.0,4.694835680751174,2.347417840375587,0.0,4.694835680751174,2.347417840375587,7.042253521126761,0.0,2.347417840375587,0.0,0.0,0.0,2.347417840375587,7.042253521126761,16.431924882629108,4.694835680751174,2.347417840375587,0.0
235863,110.04784688995215,14.354066985645934,2.3923444976076556,16.74641148325359,7.177033492822967,7.177033492822967,0.0,105.26315789473684,16.74641148325359,4.784688995215311,9.569377990430622,0.0,2.3923444976076556,7.177033492822967,0.0,186.60287081339712,2.3923444976076556,0.0,21.5311004784689,0.0,2.3923444976076556,0.0,0.0,14.354066985645934,14.354066985645934,2.3923444976076556,0.0,4.784688995215311,2.3923444976076556,2.3923444976076556,0.0,0.0,0.0,0.0,0.0,0.0,2.3923444976076556,4.784688995215311,81.33971291866028,47.84688995215311,4.784688995215311,98.08612440191388,0.5849514563106796,4.434466019417476,2.3923444976076556,4.784688995215311,0.0,0.0,4.784688995215311,0.0,7.177033492822967,7.177033492822967,0.0,4.784688995215311,2.3923444976076556,23.923444976076556,16.74641148325359,2.3923444976076556,14.354066985645934,0.0,2.3923444976076556,0.0,7.177033492822967,9.569377990430622,19.138755980861244,7.177033492822967,16.74641148325359
238232,98.28009828009827,14.742014742014742,2.457002457002457,7.371007371007371,0.0,76.16707616707617,0.0,4.914004914004914,4.914004914004914,4.914004914004914,4.914004914004914,0.0,19.656019656019655,24.570024570024568,0.0,270.27027027027026,0.0,0.0,24.570024570024568,0.0,0.0,0.0,0.0,12.285012285012284,7.371007371007371,0.0,4.914004914004914,0.0,4.914004914004914,2.457002457002457,0.0,0.0,0.0,0.0,0.0,0.0,2.457002457002457,4.914004914004914,110.56511056511056,49.140049140049136,0.0,49.140049140049136,0.555,4.6275,0.0,0.0,0.0,0.0,4.914004914004914,0.0,4.914004914004914,7.371007371007371,0.0,0.0,0.0,14.742014742014742,4.914004914004914,2.457002457002457,2.457002457002457,0.0,0.0,0.0,0.0,7.371007371007371,14.742014742014742,0.0,9.828009828009828
238980,51.980198019801975,17.32673267326733,19.801980198019802,2.4752475247524752,4.9504950495049505,32.17821782178218,0.0,19.801980198019802,9.900990099009901,4.9504950495049505,2.4752475247524752,0.0,9.900990099009901,32.17821782178218,7.425742574257425,212.87128712871288,7.425742574257425,0.0,19.801980198019802,0.0,0.0,0.0,0.0,22.277227722772277,2.4752475247524752,0.0,2.4752475247524752,2.4752475247524752,4.9504950495049505,0.0,0.0,0.0,0.0,0.0,0.0,0.0,0.0,2.4752475247524752,99.00990099009901,99.00990099009901,0.0,49.504950495049506,0.6277915632754343,5.535980148883374,2.4752475247524752,0.0,0.0,2.4752475247524752,9.900990099009901,0.0,2.4752475247524752,12.376237623762377,2.4752475247524752,2.4752475247524752,9.900990099009901,22.277227722772277,7.425742574257425,4.9504950495049505,2.4752475247524752,2.4752475247524752,2.4752475247524752,0.0,9.900990099009901,7.425742574257425,4.9504950495049505,9.900990099009901,2.4752475247524752
239819,118.22660098522167,9.852216748768473,7.389162561576354,2.4630541871921183,7.389162561576354,100.98522167487685,0.0,7.389162561576354,22.167487684729064,2.4630541871921183,2.4630541871921183,0.0,22.167487684729064,12.315270935960593,4.926108374384237,192.1182266009852,12.315270935960593,0.0,34.48275862068965,2.4630541871921183,4.926108374384237,0.0,2.4630541871921183,9.852216748768473,4.926108374384237,0.0,0.0,2.4630541871921183,2.4630541871921183,0.0,0.0,0.0,0.0,0.0,4.926108374384237,0.0,0.0,2.4630541871921183,83.74384236453201,41.87192118226601,4.926108374384237,96.0591133004926,0.5580808080808081,4.3106060606060606,0.0,0.0,0.0,2.4630541871921183,12.315270935960593,0.0,2.4630541871921183,0.0,0.0,17.241379310344826,7.389162561576354,17.241379310344826,7.389162561576354,2.4630541871921183,14.778325123152708,0.0,0.0,0.0,4.926108374384237,2.4630541871921183,14.778325123152708,2.4630541871921183,12.315270935960593
241571,79.51807228915662,21.686746987951807,38.55421686746988,4.819277108433735,2.4096385542168677,0.0,0.0,84.33734939759036,21.686746987951807,2.4096385542168677,7.228915662650603,2.4096385542168677,28.91566265060241,9.63855421686747,2.4096385542168677,195.18072289156626,2.4096385542168677,0.0,36.144578313253014,7.228915662650603,0.0,0.0,0.0,12.048192771084338,2.4096385542168677,2.4096385542168677,2.4096385542168677,0.0,7.228915662650603,0.0,7.228915662650603,0.0,0.0,0.0,0.0,2.4096385542168677,7.228915662650603,9.63855421686747,84.33734939759036,55.42168674698795,9.63855421686747,103.61445783132531,0.5901234567901235,4.604938271604938,4.819277108433735,4.819277108433735,0.0,2.4096385542168677,19.27710843373494,0.0,2.4096385542168677,0.0,0.0,2.4096385542168677,0.0,16.867469879518072,0.0,0.0,16.867469879518072,0.0,0.0,0.0,4.819277108433735,4.819277108433735,14.457831325301205,9.63855421686747,7.228915662650603
242180,109.72568578553616,37.406483790523694,2.493765586034913,2.493765586034913,4.987531172069826,2.493765586034913,2.493765586034913,89.77556109725685,14.962593516209475,9.975062344139651,14.962593516209475,0.0,24.93765586034913,12.468827930174564,4.987531172069826,187.03241895261846,4.987531172069826,0.0,32.418952618453865,0.0,0.0,0.0,0.0,12.468827930174564,0.0,0.0,0.0,0.0,9.975062344139651,0.0,0.0,0.0,0.0,2.493765586034913,0.0,0.0,2.493765586034913,4.987531172069826,117.20698254364089,49.87531172069826,12.468827930174564,77.3067331670823,0.5303030303030303,4.232323232323233,2.493765586034913,0.0,2.493765586034913,0.0,4.987531172069826,0.0,7.481296758104738,7.481296758104738,0.0,0.0,2.493765586034913,39.900249376558605,0.0,2.493765586034913,7.481296758104738,0.0,0.0,0.0,7.481296758104738,2.493765586034913,12.468827930174564,2.493765586034913,4.987531172069826
244420,121.28712871287128,19.801980198019802,2.4752475247524752,0.0,4.9504950495049505,71.78217821782178,0.0,14.85148514851485,9.900990099009901,9.900990099009901,7.425742574257425,2.4752475247524752,27.22772277227723,14.85148514851485,0.0,210.3960396039604,4.9504950495049505,0.0,39.603960396039604,2.4752475247524752,0.0,0.0,0.0,12.376237623762377,2.4752475247524752,0.0,0.0,2.4752475247524752,9.900990099009901,0.0,0.0,0.0,0.0,0.0,0.0,0.0,7.425742574257425,4.9504950495049505,101.48514851485149,47.02970297029703,4.9504950495049505,86.63366336633663,0.5380710659898477,4.342639593908629,2.4752475247524752,7.425742574257425,2.4752475247524752,0.0,14.85148514851485,0.0,12.376237623762377,2.4752475247524752,0.0,2.4752475247524752,0.0,47.02970297029703,0.0,4.9504950495049505,22.277227722772277,0.0,0.0,0.0,9.900990099009901,2.4752475247524752,12.376237623762377,0.0,12.376237623762377
245718,82.93838862559241,14.218009478672984,4.739336492890995,9.47867298578199,7.109004739336492,66.35071090047394,2.3696682464454977,2.3696682464454977,23.696682464454973,2.3696682464454977,4.739336492890995,0.0,11.848341232227487,14.218009478672984,2.3696682464454977,244.07582938388626,9.47867298578199,0.0,28.43601895734597,2.3696682464454977,2.3696682464454977,0.0,0.0,7.109004739336492,2.3696682464454977,0.0,0.0,0.0,2.3696682464454977,2.3696682464454977,0.0,0.0,0.0,0.0,0.0,0.0,2.3696682464454977,7.109004739336492,104.26540284360189,40.28436018957346,4.739336492890995,87.67772511848341,0.5514705882352942,4.5931372549019605,0.0,7.109004739336492,0.0,2.3696682464454977,16.587677725118485,0.0,14.218009478672984,0.0,0.0,7.109004739336492,2.3696682464454977,18.95734597156398,2.3696682464454977,0.0,4.739336492890995,0.0,0.0,2.3696682464454977,2.3696682464454977,9.47867298578199,16.587677725118485,0.0,16.587677725118485
251620,54.89260143198091,9.546539379474941,50.11933174224344,2.3866348448687353,4.773269689737471,78.75894988066825,26.252983293556085,11.933174224343675,7.159904534606206,4.773269689737471,2.3866348448687353,2.3866348448687353,19.093078758949883,28.639618138424822,2.3866348448687353,143.1980906921241,7.159904534606206,0.0,23.86634844868735,0.0,0.0,0.0,2.3866348448687353,23.86634844868735,7.159904534606206,0.0,2.3866348448687353,2.3866348448687353,4.773269689737471,0.0,0.0,0.0,0.0,0.0,0.0,2.3866348448687353,2.3866348448687353,9.546539379474941,90.69212410501193,35.79952267303103,2.3866348448687353,121.71837708830549,0.6129032258064516,4.3424317617866,0.0,0.0,0.0,0.0,9.546539379474941,9.546539379474941,2.3866348448687353,9.546539379474941,0.0,7.159904534606206,11.933174224343675,26.252983293556085,4.773269689737471,0.0,28.639618138424822,2.3866348448687353,0.0,0.0,4.773269689737471,0.0,9.546539379474941,0.0,14.319809069212411
253711,82.08955223880596,0.0,2.487562189054726,4.975124378109452,0.0,57.21393034825871,0.0,59.701492537313435,12.437810945273633,0.0,0.0,0.0,19.90049751243781,17.412935323383085,0.0,228.85572139303483,2.487562189054726,2.487562189054726,27.36318407960199,0.0,0.0,0.0,0.0,9.950248756218905,4.975124378109452,4.975124378109452,2.487562189054726,4.975124378109452,7.462686567164179,2.487562189054726,0.0,0.0,2.487562189054726,0.0,0.0,0.0,4.975124378109452,7.462686567164179,124.37810945273633,62.18905472636816,0.0,57.21393034825871,0.5692695214105793,4.4634760705289676,0.0,4.975124378109452,0.0,4.975124378109452,7.462686567164179,0.0,9.950248756218905,2.487562189054726,0.0,22.388059701492537,2.487562189054726,14.925373134328359,2.487562189054726,0.0,9.950248756218905,0.0,0.0,0.0,4.975124378109452,12.437810945273633,9.950248756218905,0.0,0.0
254554,66.33906633906633,4.914004914004914,34.3980343980344,0.0,2.457002457002457,78.62407862407862,31.94103194103194,0.0,34.3980343980344,9.828009828009828,2.457002457002457,4.914004914004914,17.1990171990172,24.570024570024568,7.371007371007371,181.8181818181818,4.914004914004914,0.0,17.1990171990172,0.0,0.0,0.0,0.0,12.285012285012284,12.285012285012284,0.0,0.0,2.457002457002457,4.914004914004914,0.0,2.457002457002457,0.0,0.0,0.0,0.0,0.0,7.371007371007371,4.914004914004914,110.56511056511056,63.88206388206388,4.914004914004914,63.88206388206388,0.565,4.5925,2.457002457002457,2.457002457002457,0.0,0.0,7.371007371007371,0.0,7.371007371007371,9.828009828009828,0.0,4.914004914004914,7.371007371007371,17.1990171990172,7.371007371007371,9.828009828009828,14.742014742014742,2.457002457002457,0.0,0.0,0.0,0.0,7.371007371007371,0.0,9.828009828009828
254804,115.86901763224182,10.075566750629722,7.556675062972292,0.0,0.0,78.08564231738035,5.037783375314861,0.0,45.34005037783375,2.5188916876574305,7.556675062972292,2.5188916876574305,15.113350125944583,12.594458438287154,5.037783375314861,193.95465994962217,12.594458438287154,0.0,45.34005037783375,0.0,0.0,0.0,0.0,10.075566750629722,2.5188916876574305,5.037783375314861,0.0,0.0,5.037783375314861,0.0,0.0,0.0,0.0,0.0,0.0,0.0,0.0,15.113350125944583,103.27455919395466,70.52896725440806,12.594458438287154,57.93450881612091,0.5641025641025641,4.543589743589743,0.0,5.037783375314861,0.0,2.5188916876574305,10.075566750629722,0.0,7.556675062972292,7.556675062972292,0.0,2.5188916876574305,0.0,25.188916876574307,7.556675062972292,2.5188916876574305,12.594458438287154,0.0,2.5188916876574305,2.5188916876574305,2.5188916876574305,0.0,10.075566750629722,2.5188916876574305,5.037783375314861
258803,74.76635514018692,11.682242990654204,4.672897196261682,2.336448598130841,2.336448598130841,0.0,11.682242990654204,60.74766355140187,0.0,0.0,4.672897196261682,2.336448598130841,7.009345794392523,37.38317757009346,2.336448598130841,226.6355140186916,7.009345794392523,0.0,21.02803738317757,4.672897196261682,0.0,0.0,2.336448598130841,9.345794392523365,7.009345794392523,2.336448598130841,2.336448598130841,0.0,2.336448598130841,0.0,0.0,0.0,0.0,0.0,0.0,0.0,2.336448598130841,11.682242990654204,128.50467289719626,63.0841121495327,2.336448598130841,67.75700934579439,0.5910165484633569,4.933806146572104,2.336448598130841,2.336448598130841,0.0,0.0,11.682242990654204,0.0,4.672897196261682,9.345794392523365,0.0,9.345794392523365,9.345794392523365,32.71028037383177,7.009345794392523,0.0,4.672897196261682,0.0,2.336448598130841,0.0,7.009345794392523,21.02803738317757,9.345794392523365,0.0,9.345794392523365
261295,114.713216957606,4.987531172069826,17.456359102244388,14.962593516209475,2.493765586034913,72.31920199501248,0.0,9.975062344139651,37.406483790523694,7.481296758104738,4.987531172069826,0.0,12.468827930174564,2.493765586034913,0.0,167.08229426433914,0.0,0.0,24.93765586034913,2.493765586034913,0.0,0.0,0.0,12.468827930174564,4.987531172069826,2.493765586034913,0.0,0.0,7.481296758104738,2.493765586034913,0.0,0.0,0.0,0.0,0.0,0.0,2.493765586034913,19.950124688279303,97.25685785536159,37.406483790523694,7.481296758104738,114.713216957606,0.5555555555555556,4.161616161616162,7.481296758104738,4.987531172069826,4.987531172069826,2.493765586034913,9.975062344139651,0.0,9.975062344139651,0.0,0.0,4.987531172069826,4.987531172069826,29.92518703241895,4.987531172069826,2.493765586034913,12.468827930174564,2.493765586034913,0.0,0.0,2.493765586034913,4.987531172069826,14.962593516209475,0.0,14.962593516209475
262495,70.5596107055961,0.0,9.732360097323602,2.4330900243309004,0.0,0.0,0.0,2.4330900243309004,63.26034063260341,2.4330900243309004,7.299270072992701,0.0,14.598540145985401,17.0316301703163,4.866180048661801,243.30900243309003,9.732360097323602,4.866180048661801,26.7639902676399,2.4330900243309004,0.0,0.0,0.0,12.165450121654501,4.866180048661801,0.0,7.299270072992701,2.4330900243309004,7.299270072992701,0.0,2.4330900243309004,0.0,0.0,0.0,0.0,0.0,4.866180048661801,4.866180048661801,119.2214111922141,58.394160583941606,0.0,77.85888077858881,0.5232273838630807,4.508557457212714,2.4330900243309004,2.4330900243309004,0.0,4.866180048661801,2.4330900243309004,0.0,4.866180048661801,2.4330900243309004,0.0,4.866180048661801,0.0,9.732360097323602,7.299270072992701,0.0,2.4330900243309004,0.0,0.0,0.0,0.0,26.7639902676399,4.866180048661801,7.299270072992701,24.330900243309003
262629,67.96116504854369,9.70873786407767,63.10679611650485,4.854368932038835,4.854368932038835,80.09708737864078,9.70873786407767,21.844660194174757,12.135922330097086,4.854368932038835,4.854368932038835,2.4271844660194173,14.563106796116505,7.281553398058253,0.0,174.75728155339806,0.0,0.0,43.689320388349515,2.4271844660194173,0.0,2.4271844660194173,2.4271844660194173,12.135922330097086,4.854368932038835,4.854368932038835,0.0,0.0,0.0,2.4271844660194173,0.0,0.0,0.0,0.0,0.0,4.854368932038835,12.135922330097086,7.281553398058253,80.09708737864078,50.970873786407765,4.854368932038835,94.66019417475728,0.592964824120603,4.133165829145729,0.0,2.4271844660194173,0.0,0.0,9.70873786407767,2.4271844660194173,2.4271844660194173,9.70873786407767,0.0,7.281553398058253,4.854368932038835,14.563106796116505,7.281553398058253,0.0,33.980582524271846,0.0,2.4271844660194173,0.0,2.4271844660194173,4.854368932038835,9.70873786407767,2.4271844660194173,12.135922330097086
264230,83.95061728395062,17.28395061728395,2.4691358024691357,7.407407407407407,0.0,0.0,0.0,79.01234567901234,32.098765432098766,2.4691358024691357,2.4691358024691357,0.0,24.691358024691358,24.691358024691358,2.4691358024691357,207.4074074074074,7.407407407407407,0.0,22.22222222222222,0.0,0.0,0.0,0.0,14.814814814814815,4.938271604938271,0.0,0.0,0.0,12.345679012345679,4.938271604938271,4.938271604938271,0.0,0.0,0.0,0.0,0.0,4.938271604938271,7.407407407407407,111.1111111111111,54.32098765432099,4.938271604938271,64.19753086419753,0.5703517587939698,4.701005025125628,0.0,0.0,0.0,0.0,9.876543209876543,0.0,4.938271604938271,7.407407407407407,0.0,0.0,4.938271604938271,22.22222222222222,0.0,0.0,9.876543209876543,0.0,0.0,0.0,0.0,7.407407407407407,14.814814814814815,0.0,12.345679012345679
264543,98.5576923076923,26.442307692307693,9.615384615384617,0.0,2.403846153846154,76.92307692307693,0.0,21.634615384615383,12.01923076923077,2.403846153846154,4.807692307692308,0.0,26.442307692307693,21.634615384615383,0.0,216.34615384615387,9.615384615384617,0.0,45.67307692307692,2.403846153846154,2.403846153846154,0.0,0.0,19.230769230769234,7.211538461538462,0.0,2.403846153846154,0.0,7.211538461538462,0.0,7.211538461538462,0.0,0.0,0.0,0.0,0.0,0.0,16.826923076923077,88.9423076923077,64.90384615384616,7.211538461538462,43.26923076923077,0.5097087378640777,4.262135922330097,0.0,4.807692307692308,0.0,0.0,7.211538461538462,0.0,7.211538461538462,0.0,0.0,7.211538461538462,0.0,16.826923076923077,7.211538461538462,0.0,4.807692307692308,0.0,0.0,0.0,2.403846153846154,7.211538461538462,14.423076923076923,0.0,2.403846153846154
266414,76.92307692307693,2.403846153846154,0.0,0.0,2.403846153846154,0.0,0.0,64.90384615384616,12.01923076923077,2.403846153846154,9.615384615384617,4.807692307692308,24.03846153846154,19.230769230769234,0.0,242.78846153846155,4.807692307692308,2.403846153846154,26.442307692307693,0.0,0.0,0.0,0.0,19.230769230769234,2.403846153846154,0.0,2.403846153846154,0.0,4.807692307692308,0.0,4.807692307692308,0.0,0.0,0.0,2.403846153846154,0.0,0.0,9.615384615384617,117.78846153846153,60.09615384615385,9.615384615384617,57.69230769230769,0.5658536585365853,4.65609756097561,0.0,0.0,0.0,0.0,4.807692307692308,0.0,4.807692307692308,9.615384615384617,2.403846153846154,4.807692307692308,0.0,16.826923076923077,2.403846153846154,0.0,12.01923076923077,0.0,0.0,0.0,4.807692307692308,16.826923076923077,9.615384615384617,9.615384615384617,9.615384615384617
270168,93.13725490196079,2.450980392156863,2.450980392156863,4.901960784313726,2.450980392156863,4.901960784313726,2.450980392156863,51.470588235294116,14.705882352941176,0.0,14.705882352941176,0.0,44.11764705882353,22.058823529411764,2.450980392156863,198.52941176470588,4.901960784313726,0.0,22.058823529411764,0.0,0.0,0.0,0.0,17.156862745098042,0.0,0.0,0.0,0.0,9.803921568627452,2.450980392156863,12.254901960784313,0.0,0.0,0.0,0.0,0.0,2.450980392156863,9.803921568627452,105.3921568627451,71.07843137254902,4.901960784313726,78.43137254901961,0.5985221674876847,4.689655172413793,2.450980392156863,0.0,2.450980392156863,0.0,4.901960784313726,0.0,0.0,9.803921568627452,0.0,4.901960784313726,0.0,19.607843137254903,0.0,2.450980392156863,4.901960784313726,0.0,0.0,0.0,0.0,19.607843137254903,12.254901960784313,2.450980392156863,4.901960784313726
271508,80.88235294117648,9.803921568627452,17.156862745098042,4.901960784313726,2.450980392156863,61.27450980392157,4.901960784313726,41.666666666666664,12.254901960784313,2.450980392156863,12.254901960784313,2.450980392156863,17.156862745098042,29.41176470588235,2.450980392156863,176.47058823529412,4.901960784313726,0.0,29.41176470588235,7.352941176470588,0.0,0.0,0.0,7.352941176470588,2.450980392156863,0.0,4.901960784313726,0.0,2.450980392156863,0.0,2.450980392156863,0.0,0.0,0.0,0.0,0.0,4.901960784313726,14.705882352941176,115.19607843137254,66.17647058823529,0.0,73.52941176470588,0.6,4.723456790123457,2.450980392156863,4.901960784313726,0.0,2.450980392156863,12.254901960784313,0.0,0.0,9.803921568627452,0.0,2.450980392156863,7.352941176470588,9.803921568627452,2.450980392156863,2.450980392156863,2.450980392156863,0.0,0.0,0.0,2.450980392156863,4.901960784313726,17.156862745098042,0.0,4.901960784313726
271840,91.34615384615384,12.01923076923077,21.634615384615383,7.211538461538462,2.403846153846154,9.615384615384617,2.403846153846154,79.32692307692307,28.846153846153847,2.403846153846154,24.03846153846154,4.807692307692308,24.03846153846154,12.01923076923077,0.0,165.8653846153846,7.211538461538462,0.0,26.442307692307693,0.0,0.0,0.0,0.0,16.826923076923077,9.615384615384617,2.403846153846154,0.0,0.0,0.0,0.0,7.211538461538462,0.0,0.0,0.0,0.0,0.0,2.403846153846154,4.807692307692308,115.38461538461539,31.25,0.0,76.92307692307693,0.5295566502463054,4.54679802955665,0.0,2.403846153846154,4.807692307692308,4.807692307692308,7.211538461538462,2.403846153846154,9.615384615384617,12.01923076923077,2.403846153846154,2.403846153846154,12.01923076923077,31.25,7.211538461538462,2.403846153846154,21.634615384615383,2.403846153846154,4.807692307692308,0.0,2.403846153846154,4.807692307692308,21.634615384615383,0.0,12.01923076923077
272265,83.95061728395062,17.28395061728395,17.28395061728395,0.0,2.4691358024691357,22.22222222222222,12.345679012345679,83.95061728395062,7.407407407407407,2.4691358024691357,4.938271604938271,2.4691358024691357,17.28395061728395,14.814814814814815,4.938271604938271,237.03703703703704,9.876543209876543,4.938271604938271,22.22222222222222,2.4691358024691357,0.0,0.0,0.0,14.814814814814815,4.938271604938271,4.938271604938271,4.938271604938271,0.0,4.938271604938271,0.0,4.938271604938271,0.0,0.0,0.0,0.0,0.0,0.0,2.4691358024691357,111.1111111111111,37.03703703703704,0.0,61.72839506172839,0.5939086294416244,4.885786802030457,4.938271604938271,2.4691358024691357,0.0,2.4691358024691357,7.407407407407407,0.0,9.876543209876543,7.407407407407407,0.0,7.407407407407407,0.0,17.28395061728395,2.4691358024691357,0.0,19.753086419753085,0.0,0.0,0.0,4.938271604938271,0.0,7.407407407407407,2.4691358024691357,9.876543209876543
273067,71.25307125307125,4.914004914004914,4.914004914004914,9.828009828009828,2.457002457002457,4.914004914004914,0.0,24.570024570024568,9.828009828009828,2.457002457002457,2.457002457002457,0.0,4.914004914004914,24.570024570024568,2.457002457002457,292.38329238329237,2.457002457002457,0.0,17.1990171990172,0.0,0.0,0.0,2.457002457002457,22.11302211302211,9.828009828009828,0.0,4.914004914004914,2.457002457002457,0.0,0.0,0.0,0.0,0.0,0.0,0.0,2.457002457002457,0.0,12.285012285012284,113.02211302211303,58.96805896805897,0.0,39.31203931203931,0.5810473815461347,4.957605985037406,0.0,2.457002457002457,0.0,0.0,0.0,2.457002457002457,4.914004914004914,0.0,0.0,0.0,4.914004914004914,14.742014742014742,2.457002457002457,4.914004914004914,0.0,0.0,0.0,0.0,0.0,4.914004914004914,0.0,0.0,0.0
274581,97.08737864077669,2.4271844660194173,7.281553398058253,0.0,2.4271844660194173,2.4271844660194173,9.70873786407767,48.543689320388346,26.699029126213592,4.854368932038835,4.854368932038835,0.0,26.699029126213592,9.70873786407767,2.4271844660194173,203.88349514563106,12.135922330097086,0.0,43.689320388349515,0.0,0.0,0.0,0.0,4.854368932038835,0.0,2.4271844660194173,2.4271844660194173,2.4271844660194173,4.854368932038835,0.0,2.4271844660194173,0.0,0.0,2.4271844660194173,0.0,0.0,2.4271844660194173,9.70873786407767,104.36893203883494,72.81553398058252,9.70873786407767,75.24271844660194,0.5696517412935324,4.743781094527363,4.854368932038835,2.4271844660194173,0.0,0.0,12.135922330097086,0.0,29.12621359223301,12.135922330097086,0.0,2.4271844660194173,0.0,38.83495145631068,2.4271844660194173,2.4271844660194173,14.563106796116505,0.0,0.0,0.0,0.0,7.281553398058253,16.990291262135923,0.0,14.563106796116505
277863,66.99751861042184,7.444168734491315,64.51612903225806,7.444168734491315,2.4813895781637716,76.92307692307693,27.29528535980149,22.332506203473944,9.925558312655086,12.40694789081886,4.962779156327543,0.0,22.332506203473944,7.444168734491315,0.0,198.51116625310175,4.962779156327543,0.0,37.220843672456574,0.0,0.0,2.4813895781637716,0.0,29.77667493796526,2.4813895781637716,0.0,0.0,0.0,0.0,0.0,2.4813895781637716,0.0,0.0,0.0,2.4813895781637716,0.0,2.4813895781637716,12.40694789081886,59.55334987593052,22.332506203473944,14.88833746898263,101.73697270471465,0.5793650793650794,4.042328042328043,0.0,4.962779156327543,2.4813895781637716,0.0,9.925558312655086,2.4813895781637716,2.4813895781637716,4.962779156327543,2.4813895781637716,4.962779156327543,7.444168734491315,9.925558312655086,0.0,4.962779156327543,44.66501240694789,0.0,0.0,0.0,4.962779156327543,2.4813895781637716,9.925558312655086,0.0,14.88833746898263
278851,77.28337236533959,14.05152224824356,2.34192037470726,2.34192037470726,11.7096018735363,72.59953161592506,0.0,0.0,7.02576112412178,2.34192037470726,2.34192037470726,2.34192037470726,30.44496487119438,16.393442622950822,2.34192037470726,199.0632318501171,9.36768149882904,0.0,21.07728337236534,0.0,0.0,0.0,0.0,7.02576112412178,11.7096018735363,0.0,0.0,4.68384074941452,16.393442622950822,0.0,2.34192037470726,0.0,0.0,0.0,0.0,0.0,4.68384074941452,2.34192037470726,121.77985948477752,51.52224824355972,4.68384074941452,56.20608899297424,0.559322033898305,4.288135593220339,2.34192037470726,2.34192037470726,0.0,0.0,4.68384074941452,0.0,0.0,4.68384074941452,0.0,21.07728337236534,0.0,11.7096018735363,2.34192037470726,0.0,32.786885245901644,0.0,0.0,0.0,4.68384074941452,7.02576112412178,4.68384074941452,4.68384074941452,4.68384074941452
278854,70.73170731707316,14.634146341463415,19.51219512195122,7.317073170731708,0.0,53.65853658536585,9.75609756097561,12.195121951219512,14.634146341463415,7.317073170731708,2.4390243902439024,2.4390243902439024,14.634146341463415,24.390243902439025,2.4390243902439024,212.1951219512195,0.0,0.0,26.829268292682926,0.0,2.4390243902439024,0.0,0.0,9.75609756097561,4.878048780487805,4.878048780487805,0.0,4.878048780487805,0.0,0.0,0.0,0.0,0.0,0.0,0.0,0.0,2.4390243902439024,14.634146341463415,114.63414634146342,53.65853658536585,7.317073170731708,58.53658536585366,0.6157760814249363,4.493638676844784,0.0,0.0,4.878048780487805,0.0,14.634146341463415,0.0,4.878048780487805,12.195121951219512,2.4390243902439024,2.4390243902439024,2.4390243902439024,17.073170731707318,4.878048780487805,2.4390243902439024,17.073170731707318,2.4390243902439024,2.4390243902439024,0.0,2.4390243902439024,2.4390243902439024,14.634146341463415,0.0,12.195121951219512
278856,0.0,0.0,51.344743276283616,0.0,0.0,29.339853300733495,22.004889975550125,9.7799511002445,2.444987775061125,2.444987775061125,4.88997555012225,0.0,22.004889975550125,17.114914425427873,7.334963325183374,198.0440097799511,2.444987775061125,0.0,14.669926650366747,2.444987775061125,0.0,0.0,2.444987775061125,31.78484107579462,0.0,0.0,7.334963325183374,14.669926650366747,12.224938875305625,0.0,0.0,0.0,0.0,2.444987775061125,0.0,0.0,19.559902200489,2.444987775061125,75.79462102689487,83.12958435207824,14.669926650366747,56.23471882640587,0.5365239294710328,5.138539042821159,12.224938875305625,0.0,0.0,0.0,7.334963325183374,0.0,4.88997555012225,22.004889975550125,2.444987775061125,9.7799511002445,7.334963325183374,29.339853300733495,4.88997555012225,0.0,22.004889975550125,0.0,2.444987775061125,0.0,2.444987775061125,19.559902200489,14.669926650366747,0.0,9.7799511002445
280494,86.33093525179856,4.796163069544364,0.0,2.398081534772182,4.796163069544364,0.0,0.0,35.97122302158273,11.990407673860911,4.796163069544364,0.0,0.0,16.786570743405274,31.17505995203837,2.398081534772182,258.9928057553957,0.0,2.398081534772182,11.990407673860911,0.0,4.796163069544364,0.0,0.0,2.398081534772182,2.398081534772182,2.398081534772182,2.398081534772182,0.0,14.388489208633095,0.0,0.0,0.0,0.0,0.0,0.0,0.0,0.0,9.592326139088728,110.31175059952038,95.92326139088729,4.796163069544364,43.16546762589928,0.5498783454987834,5.547445255474453,4.796163069544364,2.398081534772182,2.398081534772182,0.0,9.592326139088728,0.0,9.592326139088728,0.0,0.0,0.0,7.194244604316547,0.0,9.592326139088728,0.0,4.796163069544364,0.0,0.0,0.0,2.398081534772182,16.786570743405274,7.194244604316547,0.0,4.796163069544364
28121,65.21739130434783,4.830917874396135,16.908212560386474,2.4154589371980677,2.4154589371980677,2.4154589371980677,4.830917874396135,36.231884057971016,19.32367149758454,0.0,0.0,0.0,14.492753623188406,4.830917874396135,2.4154589371980677,268.11594202898556,9.66183574879227,0.0,19.32367149758454,0.0,0.0,0.0,0.0,9.66183574879227,7.246376811594203,2.4154589371980677,4.830917874396135,0.0,2.4154589371980677,0.0,0.0,0.0,2.4154589371980677,2.4154589371980677,0.0,0.0,2.4154589371980677,12.077294685990339,106.28019323671498,48.309178743961354,0.0,74.8792270531401,0.5792079207920792,4.388613861386139,2.4154589371980677,4.830917874396135,0.0,0.0,2.4154589371980677,0.0,2.4154589371980677,9.66183574879227,0.0,2.4154589371980677,4.830917874396135,9.66183574879227,0.0,0.0,16.908212560386474,0.0,2.4154589371980677,0.0,0.0,7.246376811594203,9.66183574879227,0.0,19.32367149758454
282163,17.1990171990172,12.285012285012284,81.08108108108108,4.914004914004914,2.457002457002457,2.457002457002457,17.1990171990172,68.7960687960688,24.570024570024568,4.914004914004914,4.914004914004914,0.0,12.285012285012284,7.371007371007371,4.914004914004914,213.75921375921376,4.914004914004914,0.0,27.027027027027028,2.457002457002457,2.457002457002457,0.0,0.0,19.656019656019655,4.914004914004914,0.0,0.0,0.0,0.0,0.0,4.914004914004914,0.0,0.0,0.0,0.0,0.0,2.457002457002457,9.828009828009828,95.82309582309583,41.76904176904177,9.828009828009828,58.96805896805897,0.5653266331658291,4.547738693467337,0.0,9.828009828009828,0.0,0.0,4.914004914004914,0.0,0.0,12.285012285012284,2.457002457002457,2.457002457002457,2.457002457002457,9.828009828009828,2.457002457002457,2.457002457002457,9.828009828009828,0.0,0.0,0.0,2.457002457002457,7.371007371007371,14.742014742014742,2.457002457002457,2.457002457002457
283302,86.65105386416862,25.76112412177986,9.36768149882904,2.34192037470726,4.68384074941452,44.49648711943794,2.34192037470726,11.7096018735363,30.44496487119438,0.0,4.68384074941452,2.34192037470726,28.10304449648712,18.73536299765808,0.0,213.11475409836063,11.7096018735363,0.0,28.10304449648712,2.34192037470726,0.0,0.0,0.0,16.393442622950822,4.68384074941452,0.0,0.0,0.0,0.0,2.34192037470726,7.02576112412178,0.0,0.0,2.34192037470726,0.0,0.0,2.34192037470726,7.02576112412178,103.04449648711945,49.18032786885246,11.7096018735363,65.57377049180329,0.5632458233890215,4.4105011933174225,0.0,2.34192037470726,0.0,0.0,4.68384074941452,0.0,7.02576112412178,4.68384074941452,2.34192037470726,9.36768149882904,9.36768149882904,21.07728337236534,16.393442622950822,7.02576112412178,4.68384074941452,2.34192037470726,2.34192037470726,2.34192037470726,16.393442622950822,9.36768149882904,7.02576112412178,7.02576112412178,7.02576112412178
284868,81.68316831683168,4.9504950495049505,24.752475247524753,9.900990099009901,4.9504950495049505,12.376237623762377,4.9504950495049505,94.05940594059406,9.900990099009901,4.9504950495049505,0.0,2.4752475247524752,27.22772277227723,2.4752475247524752,4.9504950495049505,210.3960396039604,4.9504950495049505,0.0,27.22772277227723,2.4752475247524752,0.0,0.0,0.0,4.9504950495049505,4.9504950495049505,0.0,2.4752475247524752,0.0,9.900990099009901,0.0,2.4752475247524752,0.0,0.0,0.0,2.4752475247524752,0.0,0.0,7.425742574257425,128.7128712871287,54.45544554455446,2.4752475247524752,111.38613861386139,0.6085858585858586,4.517676767676767,0.0,4.9504950495049505,0.0,9.900990099009901,7.425742574257425,0.0,0.0,2.4752475247524752,0.0,4.9504950495049505,2.4752475247524752,17.32673267326733,4.9504950495049505,4.9504950495049505,17.32673267326733,0.0,4.9504950495049505,0.0,2.4752475247524752,4.9504950495049505,12.376237623762377,0.0,12.376237623762377
28494,79.32692307692307,4.807692307692308,21.634615384615383,7.211538461538462,0.0,0.0,67.3076923076923,2.403846153846154,28.846153846153847,2.403846153846154,0.0,0.0,14.423076923076923,12.01923076923077,0.0,204.32692307692307,0.0,0.0,45.67307692307692,2.403846153846154,0.0,0.0,0.0,14.423076923076923,4.807692307692308,2.403846153846154,2.403846153846154,0.0,7.211538461538462,0.0,0.0,0.0,0.0,0.0,0.0,0.0,4.807692307692308,16.826923076923077,100.96153846153847,48.07692307692308,7.211538461538462,98.5576923076923,0.5331695331695332,4.353808353808354,0.0,14.423076923076923,4.807692307692308,4.807692307692308,14.423076923076923,0.0,7.211538461538462,9.615384615384617,0.0,0.0,2.403846153846154,7.211538461538462,0.0,9.615384615384617,19.230769230769234,0.0,0.0,0.0,4.807692307692308,9.615384615384617,12.01923076923077,2.403846153846154,14.423076923076923
2853,84.95145631067962,21.844660194174757,7.281553398058253,4.854368932038835,4.854368932038835,2.4271844660194173,2.4271844660194173,38.83495145631068,12.135922330097086,2.4271844660194173,7.281553398058253,0.0,16.990291262135923,19.41747572815534,7.281553398058253,254.85436893203882,12.135922330097086,2.4271844660194173,16.990291262135923,2.4271844660194173,2.4271844660194173,2.4271844660194173,0.0,4.854368932038835,0.0,0.0,4.854368932038835,0.0,9.70873786407767,2.4271844660194173,2.4271844660194173,0.0,2.4271844660194173,0.0,0.0,0.0,0.0,9.70873786407767,114.07766990291263,63.10679611650485,2.4271844660194173,38.83495145631068,0.5831265508684863,4.781637717121588,2.4271844660194173,0.0,0.0,2.4271844660194173,0.0,0.0,7.281553398058253,4.854368932038835,0.0,2.4271844660194173,4.854368932038835,19.41747572815534,0.0,7.281553398058253,2.4271844660194173,0.0,0.0,0.0,7.281553398058253,9.70873786407767,7.281553398058253,4.854368932038835,0.0
286398,89.1566265060241,9.63855421686747,31.32530120481928,7.228915662650603,7.228915662650603,57.83132530120482,2.4096385542168677,16.867469879518072,24.096385542168676,7.228915662650603,4.819277108433735,0.0,14.457831325301205,16.867469879518072,0.0,224.0963855421687,12.048192771084338,2.4096385542168677,31.32530120481928,9.63855421686747,0.0,0.0,0.0,7.228915662650603,4.819277108433735,0.0,0.0,2.4096385542168677,4.819277108433735,0.0,0.0,0.0,0.0,0.0,2.4096385542168677,0.0,0.0,0.0,113.25301204819277,45.78313253012048,7.228915662650603,72.28915662650603,0.5866336633663366,4.522277227722772,2.4096385542168677,0.0,0.0,0.0,19.27710843373494,0.0,0.0,0.0,0.0,2.4096385542168677,12.048192771084338,24.096385542168676,4.819277108433735,0.0,14.457831325301205,2.4096385542168677,0.0,0.0,7.228915662650603,7.228915662650603,9.63855421686747,0.0,12.048192771084338
286595,64.5933014354067,4.784688995215311,4.784688995215311,4.784688995215311,4.784688995215311,50.239234449760765,4.784688995215311,2.3923444976076556,9.569377990430622,0.0,4.784688995215311,0.0,11.961722488038278,40.66985645933014,0.0,270.3349282296651,2.3923444976076556,0.0,16.74641148325359,2.3923444976076556,2.3923444976076556,0.0,0.0,9.569377990430622,4.784688995215311,0.0,0.0,4.784688995215311,7.177033492822967,0.0,0.0,0.0,0.0,0.0,0.0,0.0,0.0,7.177033492822967,133.9712918660287,76.55502392344498,0.0,40.66985645933014,0.6207729468599034,5.021739130434782,2.3923444976076556,2.3923444976076556,0.0,0.0,4.784688995215311,0.0,4.784688995215311,7.177033492822967,0.0,4.784688995215311,7.177033492822967,16.74641148325359,2.3923444976076556,0.0,4.784688995215311,0.0,0.0,0.0,2.3923444976076556,9.569377990430622,4.784688995215311,0.0,0.0
286626,54.72636815920398,4.975124378109452,2.487562189054726,4.975124378109452,0.0,2.487562189054726,0.0,32.33830845771144,4.975124378109452,0.0,0.0,0.0,14.925373134328359,9.950248756218905,14.925373134328359,300.9950248756219,4.975124378109452,2.487562189054726,22.388059701492537,0.0,2.487562189054726,0.0,2.487562189054726,12.437810945273633,9.950248756218905,0.0,9.950248756218905,0.0,2.487562189054726,2.487562189054726,2.487562189054726,0.0,0.0,0.0,0.0,0.0,0.0,9.950248756218905,144.27860696517413,74.62686567164178,2.487562189054726,29.850746268656717,0.6080402010050251,4.8040201005025125,0.0,0.0,0.0,0.0,2.487562189054726,0.0,2.487562189054726,12.437810945273633,0.0,4.975124378109452,7.462686567164179,24.875621890547265,2.487562189054726,0.0,2.487562189054726,0.0,2.487562189054726,2.487562189054726,2.487562189054726,2.487562189054726,0.0,0.0,0.0
286840,74.16267942583733,7.177033492822967,9.569377990430622,7.177033492822967,0.0,7.177033492822967,0.0,40.66985645933014,19.138755980861244,4.784688995215311,2.3923444976076556,0.0,11.961722488038278,9.569377990430622,0.0,294.25837320574163,2.3923444976076556,0.0,33.49282296650718,9.569377990430622,0.0,0.0,0.0,4.784688995215311,11.961722488038278,0.0,4.784688995215311,2.3923444976076556,0.0,2.3923444976076556,0.0,0.0,0.0,0.0,0.0,0.0,4.784688995215311,7.177033492822967,138.755980861244,64.5933014354067,0.0,43.0622009569378,0.5780487804878048,4.619512195121951,0.0,2.3923444976076556,4.784688995215311,2.3923444976076556,4.784688995215311,0.0,2.3923444976076556,4.784688995215311,0.0,2.3923444976076556,2.3923444976076556,19.138755980861244,7.177033492822967,0.0,9.569377990430622,0.0,0.0,0.0,0.0,7.177033492822967,9.569377990430622,0.0,2.3923444976076556
288048,100.49019607843138,22.058823529411764,0.0,2.450980392156863,4.901960784313726,0.0,0.0,34.313725490196084,49.01960784313725,0.0,2.450980392156863,0.0,19.607843137254903,31.862745098039213,4.901960784313726,208.33333333333334,2.450980392156863,0.0,39.21568627450981,0.0,2.450980392156863,2.450980392156863,0.0,9.803921568627452,2.450980392156863,0.0,0.0,0.0,4.901960784313726,4.901960784313726,2.450980392156863,0.0,0.0,0.0,0.0,0.0,0.0,2.450980392156863,105.3921568627451,88.23529411764706,4.901960784313726,68.62745098039217,0.49261083743842365,4.862068965517241,0.0,0.0,0.0,0.0,9.803921568627452,0.0,4.901960784313726,2.450980392156863,0.0,0.0,0.0,14.705882352941176,2.450980392156863,0.0,0.0,0.0,0.0,0.0,0.0,24.509803921568626,17.156862745098042,0.0,14.705882352941176
29016,79.20792079207921,7.425742574257425,32.17821782178218,4.9504950495049505,0.0,86.63366336633663,34.65346534653466,2.4752475247524752,27.22772277227723,0.0,2.4752475247524752,0.0,22.277227722772277,14.85148514851485,2.4752475247524752,185.64356435643563,2.4752475247524752,0.0,29.7029702970297,2.4752475247524752,2.4752475247524752,0.0,0.0,14.85148514851485,7.425742574257425,0.0,0.0,0.0,2.4752475247524752,0.0,0.0,0.0,0.0,0.0,0.0,0.0,2.4752475247524752,2.4752475247524752,89.10891089108911,42.07920792079208,2.4752475247524752,64.35643564356435,0.5696517412935324,4.291044776119403,2.4752475247524752,2.4752475247524752,2.4752475247524752,9.900990099009901,4.9504950495049505,0.0,0.0,4.9504950495049505,2.4752475247524752,2.4752475247524752,7.425742574257425,19.801980198019802,0.0,7.425742574257425,0.0,0.0,0.0,2.4752475247524752,2.4752475247524752,12.376237623762377,17.32673267326733,0.0,2.4752475247524752
291500,43.583535108958834,4.842615012106537,101.6949152542373,4.842615012106537,4.842615012106537,50.84745762711865,2.4213075060532687,36.31961259079903,24.213075060532688,9.685230024213075,4.842615012106537,2.4213075060532687,26.634382566585955,9.685230024213075,0.0,200.9685230024213,2.4213075060532687,0.0,43.583535108958834,4.842615012106537,0.0,0.0,2.4213075060532687,21.791767554479417,2.4213075060532687,0.0,0.0,0.0,0.0,0.0,2.4213075060532687,0.0,0.0,0.0,0.0,0.0,9.685230024213075,7.263922518159807,84.7457627118644,14.527845036319613,7.263922518159807,77.4818401937046,0.5205128205128206,4.423076923076923,0.0,2.4213075060532687,0.0,2.4213075060532687,21.791767554479417,4.842615012106537,0.0,9.685230024213075,0.0,2.4213075060532687,16.949152542372882,41.16222760290557,2.4213075060532687,0.0,36.31961259079903,4.842615012106537,2.4213075060532687,0.0,4.842615012106537,7.263922518159807,19.37046004842615,0.0,14.527845036319613
291761,118.8118811881188,12.376237623762377,9.900990099009901,12.376237623762377,7.425742574257425,0.0,7.425742574257425,94.05940594059406,37.12871287128713,0.0,2.4752475247524752,0.0,14.85148514851485,7.425742574257425,4.9504950495049505,183.16831683168317,9.900990099009901,0.0,29.7029702970297,2.4752475247524752,0.0,0.0,2.4752475247524752,12.376237623762377,14.85148514851485,0.0,0.0,4.9504950495049505,9.900990099009901,0.0,0.0,0.0,0.0,0.0,0.0,0.0,0.0,12.376237623762377,91.58415841584159,37.12871287128713,12.376237623762377,81.68316831683168,0.5707070707070707,4.431818181818182,2.4752475247524752,4.9504950495049505,0.0,2.4752475247524752,4.9504950495049505,0.0,2.4752475247524752,12.376237623762377,0.0,0.0,4.9504950495049505,24.752475247524753,2.4752475247524752,2.4752475247524752,17.32673267326733,0.0,0.0,0.0,0.0,4.9504950495049505,24.752475247524753,0.0,9.900990099009901
291766,93.36609336609337,27.027027027027028,4.914004914004914,9.828009828009828,7.371007371007371,83.53808353808354,0.0,7.371007371007371,31.94103194103194,2.457002457002457,2.457002457002457,2.457002457002457,12.285012285012284,17.1990171990172,0.0,174.44717444717443,4.914004914004914,0.0,27.027027027027028,0.0,0.0,0.0,0.0,22.11302211302211,7.371007371007371,0.0,0.0,4.914004914004914,2.457002457002457,0.0,4.914004914004914,0.0,0.0,0.0,0.0,0.0,4.914004914004914,12.285012285012284,78.62407862407862,46.68304668304668,4.914004914004914,73.71007371007371,0.5530864197530864,4.3654320987654325,2.457002457002457,0.0,0.0,0.0,9.828009828009828,2.457002457002457,2.457002457002457,17.1990171990172,2.457002457002457,0.0,2.457002457002457,27.027027027027028,2.457002457002457,0.0,4.914004914004914,0.0,2.457002457002457,0.0,4.914004914004914,9.828009828009828,9.828009828009828,7.371007371007371,7.371007371007371
296867,61.27450980392157,17.156862745098042,75.98039215686273,2.450980392156863,0.0,93.13725490196079,14.705882352941176,24.509803921568626,26.96078431372549,12.254901960784313,4.901960784313726,7.352941176470588,14.705882352941176,26.96078431372549,0.0,186.27450980392157,4.901960784313726,0.0,44.11764705882353,2.450980392156863,0.0,0.0,2.450980392156863,12.254901960784313,4.901960784313726,0.0,0.0,0.0,4.901960784313726,2.450980392156863,0.0,0.0,0.0,0.0,4.901960784313726,0.0,0.0,12.254901960784313,80.88235294117648,34.313725490196084,9.803921568627452,46.568627450980394,0.5629820051413882,4.226221079691516,0.0,0.0,0.0,0.0,17.156862745098042,0.0,7.352941176470588,2.450980392156863,0.0,4.901960784313726,12.254901960784313,29.41176470588235,0.0,0.0,44.11764705882353,0.0,0.0,0.0,2.450980392156863,7.352941176470588,4.901960784313726,4.901960784313726,7.352941176470588
297711,71.07843137254902,4.901960784313726,2.450980392156863,4.901960784313726,2.450980392156863,24.509803921568626,0.0,22.058823529411764,17.156862745098042,0.0,2.450980392156863,0.0,7.352941176470588,31.862745098039213,0.0,286.7647058823529,7.352941176470588,0.0,22.058823529411764,0.0,0.0,0.0,2.450980392156863,14.705882352941176,9.803921568627452,0.0,0.0,0.0,0.0,0.0,0.0,0.0,0.0,0.0,0.0,0.0,4.901960784313726,14.705882352941176,112.74509803921569,41.666666666666664,7.352941176470588,51.470588235294116,0.57,4.935,0.0,4.901960784313726,0.0,0.0,9.803921568627452,0.0,4.901960784313726,7.352941176470588,0.0,9.803921568627452,0.0,31.862745098039213,0.0,0.0,2.450980392156863,0.0,2.450980392156863,0.0,2.450980392156863,9.803921568627452,9.803921568627452,0.0,2.450980392156863
301645,94.05940594059406,0.0,29.7029702970297,9.900990099009901,0.0,69.30693069306932,7.425742574257425,47.02970297029703,14.85148514851485,4.9504950495049505,2.4752475247524752,0.0,19.801980198019802,7.425742574257425,2.4752475247524752,212.87128712871288,7.425742574257425,0.0,39.603960396039604,0.0,0.0,0.0,2.4752475247524752,9.900990099009901,22.277227722772277,2.4752475247524752,0.0,2.4752475247524752,2.4752475247524752,0.0,0.0,0.0,0.0,0.0,0.0,0.0,2.4752475247524752,12.376237623762377,101.48514851485149,51.980198019801975,7.425742574257425,81.68316831683168,0.6035353535353535,4.305555555555555,0.0,4.9504950495049505,0.0,0.0,14.85148514851485,0.0,2.4752475247524752,2.4752475247524752,0.0,4.9504950495049505,19.801980198019802,19.801980198019802,2.4752475247524752,0.0,19.801980198019802,0.0,2.4752475247524752,0.0,0.0,4.9504950495049505,14.85148514851485,0.0,17.32673267326733
302912,77.3067331670823,12.468827930174564,0.0,9.975062344139651,2.493765586034913,0.0,0.0,39.900249376558605,4.987531172069826,0.0,4.987531172069826,0.0,9.975062344139651,9.975062344139651,7.481296758104738,269.32668329177056,4.987531172069826,2.493765586034913,12.468827930174564,0.0,4.987531172069826,0.0,0.0,32.418952618453865,4.987531172069826,0.0,7.481296758104738,0.0,4.987531172069826,0.0,0.0,0.0,0.0,2.493765586034913,0.0,0.0,0.0,12.468827930174564,89.77556109725685,62.34413965087282,4.987531172069826,54.86284289276808,0.5924050632911393,5.022784810126582,4.987531172069826,2.493765586034913,0.0,0.0,2.493765586034913,0.0,0.0,0.0,0.0,0.0,12.468827930174564,24.93765586034913,4.987531172069826,0.0,0.0,0.0,0.0,0.0,2.493765586034913,24.93765586034913,9.975062344139651,0.0,2.493765586034913
31479,29.7029702970297,0.0,94.05940594059406,12.376237623762377,7.425742574257425,66.83168316831683,2.4752475247524752,0.0,19.801980198019802,4.9504950495049505,7.425742574257425,0.0,17.32673267326733,12.376237623762377,0.0,185.64356435643563,2.4752475247524752,0.0,32.17821782178218,9.900990099009901,0.0,0.0,4.9504950495049505,29.7029702970297,9.900990099009901,0.0,0.0,2.4752475247524752,2.4752475247524752,0.0,0.0,0.0,0.0,0.0,0.0,0.0,4.9504950495049505,4.9504950495049505,61.88118811881188,47.02970297029703,7.425742574257425,76.73267326732673,0.5541237113402062,4.373711340206185,0.0,4.9504950495049505,0.0,0.0,7.425742574257425,0.0,4.9504950495049505,2.4752475247524752,0.0,2.4752475247524752,9.900990099009901,19.801980198019802,2.4752475247524752,0.0,32.17821782178218,0.0,0.0,2.4752475247524752,2.4752475247524752,9.900990099009901,12.376237623762377,9.900990099009901,12.376237623762377
32105,79.71014492753622,14.492753623188406,28.985507246376812,2.4154589371980677,12.077294685990339,14.492753623188406,12.077294685990339,70.04830917874396,9.66183574879227,0.0,9.66183574879227,4.830917874396135,24.154589371980677,19.32367149758454,12.077294685990339,198.06763285024152,2.4154589371980677,0.0,36.231884057971016,2.4154589371980677,2.4154589371980677,0.0,0.0,16.908212560386474,2.4154589371980677,0.0,2.4154589371980677,0.0,4.830917874396135,4.830917874396135,0.0,0.0,0.0,0.0,0.0,0.0,0.0,14.492753623188406,77.29468599033817,38.64734299516908,2.4154589371980677,89.37198067632849,0.6024691358024692,4.6345679012345675,2.4154589371980677,2.4154589371980677,0.0,2.4154589371980677,14.492753623188406,0.0,9.66183574879227,4.830917874396135,2.4154589371980677,7.246376811594203,4.830917874396135,19.32367149758454,7.246376811594203,4.830917874396135,14.492753623188406,2.4154589371980677,0.0,0.0,4.830917874396135,9.66183574879227,4.830917874396135,0.0,9.66183574879227
32455,59.8503740648379,4.987531172069826,54.86284289276808,4.987531172069826,2.493765586034913,59.8503740648379,29.92518703241895,19.950124688279303,9.975062344139651,14.962593516209475,17.456359102244388,7.481296758104738,24.93765586034913,12.468827930174564,0.0,139.6508728179551,7.481296758104738,0.0,29.92518703241895,2.493765586034913,2.493765586034913,2.493765586034913,2.493765586034913,24.93765586034913,4.987531172069826,0.0,0.0,0.0,4.987531172069826,0.0,2.493765586034913,0.0,0.0,0.0,2.493765586034913,0.0,4.987531172069826,7.481296758104738,67.33167082294264,42.394014962593516,7.481296758104738,94.76309226932668,0.5890052356020943,4.382198952879581,0.0,2.493765586034913,4.987531172069826,4.987531172069826,7.481296758104738,2.493765586034913,4.987531172069826,7.481296758104738,2.493765586034913,14.962593516209475,9.975062344139651,29.92518703241895,9.975062344139651,0.0,42.394014962593516,0.0,0.0,2.493765586034913,4.987531172069826,7.481296758104738,22.443890274314214,0.0,14.962593516209475
33265,85.995085995086,4.914004914004914,0.0,4.914004914004914,0.0,0.0,0.0,66.33906633906633,9.828009828009828,4.914004914004914,4.914004914004914,0.0,27.027027027027028,29.484029484029485,9.828009828009828,213.75921375921376,4.914004914004914,0.0,36.85503685503686,0.0,0.0,0.0,0.0,7.371007371007371,7.371007371007371,0.0,0.0,0.0,19.656019656019655,0.0,0.0,0.0,0.0,0.0,0.0,4.914004914004914,4.914004914004914,0.0,142.5061425061425,54.054054054054056,12.285012285012284,39.31203931203931,0.5333333333333333,4.925925925925926,2.457002457002457,0.0,0.0,2.457002457002457,7.371007371007371,0.0,4.914004914004914,17.1990171990172,0.0,0.0,0.0,4.914004914004914,2.457002457002457,2.457002457002457,0.0,0.0,0.0,0.0,0.0,17.1990171990172,17.1990171990172,0.0,9.828009828009828
33870,93.24009324009324,25.64102564102564,2.331002331002331,2.331002331002331,0.0,81.58508158508158,0.0,0.0,13.986013986013987,9.324009324009324,4.662004662004662,0.0,9.324009324009324,11.655011655011656,6.993006993006993,184.14918414918415,4.662004662004662,2.331002331002331,25.64102564102564,2.331002331002331,0.0,0.0,0.0,4.662004662004662,4.662004662004662,0.0,0.0,2.331002331002331,2.331002331002331,0.0,2.331002331002331,0.0,0.0,0.0,0.0,0.0,2.331002331002331,11.655011655011656,83.91608391608392,46.62004662004662,6.993006993006993,107.22610722610723,0.5738095238095238,4.5,0.0,9.324009324009324,0.0,2.331002331002331,6.993006993006993,0.0,4.662004662004662,6.993006993006993,0.0,0.0,0.0,23.31002331002331,11.655011655011656,0.0,13.986013986013987,0.0,2.331002331002331,0.0,9.324009324009324,11.655011655011656,18.64801864801865,6.993006993006993,9.324009324009324
34813,98.28009828009827,12.285012285012284,0.0,2.457002457002457,4.914004914004914,68.7960687960688,0.0,2.457002457002457,31.94103194103194,7.371007371007371,12.285012285012284,2.457002457002457,22.11302211302211,14.742014742014742,2.457002457002457,194.10319410319408,2.457002457002457,2.457002457002457,36.85503685503686,2.457002457002457,0.0,0.0,0.0,9.828009828009828,4.914004914004914,0.0,0.0,0.0,4.914004914004914,0.0,2.457002457002457,0.0,0.0,0.0,0.0,0.0,7.371007371007371,7.371007371007371,108.10810810810811,54.054054054054056,7.371007371007371,71.25307125307125,0.5668316831683168,4.163366336633663,2.457002457002457,7.371007371007371,7.371007371007371,0.0,9.828009828009828,0.0,12.285012285012284,9.828009828009828,2.457002457002457,0.0,2.457002457002457,7.371007371007371,0.0,2.457002457002457,4.914004914004914,0.0,0.0,0.0,4.914004914004914,9.828009828009828,17.1990171990172,2.457002457002457,4.914004914004914
35009,63.26034063260341,7.299270072992701,19.464720194647203,4.866180048661801,2.4330900243309004,60.82725060827251,0.0,9.732360097323602,9.732360097323602,7.299270072992701,2.4330900243309004,0.0,14.598540145985401,29.197080291970803,9.732360097323602,201.94647201946472,7.299270072992701,0.0,29.197080291970803,2.4330900243309004,0.0,0.0,0.0,2.4330900243309004,2.4330900243309004,4.866180048661801,0.0,0.0,4.866180048661801,2.4330900243309004,0.0,0.0,0.0,0.0,0.0,0.0,2.4330900243309004,2.4330900243309004,158.1508515815085,60.82725060827251,9.732360097323602,51.09489051094891,0.5717761557177615,4.489051094890511,0.0,4.866180048661801,0.0,0.0,12.165450121654501,0.0,12.165450121654501,2.4330900243309004,2.4330900243309004,4.866180048661801,2.4330900243309004,4.866180048661801,0.0,2.4330900243309004,0.0,0.0,2.4330900243309004,0.0,7.299270072992701,4.866180048661801,7.299270072992701,2.4330900243309004,9.732360097323602
35527,79.01234567901234,2.4691358024691357,32.098765432098766,4.938271604938271,2.4691358024691357,61.72839506172839,4.938271604938271,22.22222222222222,17.28395061728395,2.4691358024691357,4.938271604938271,0.0,29.62962962962963,14.814814814814815,0.0,229.62962962962962,9.876543209876543,0.0,32.098765432098766,0.0,0.0,0.0,0.0,22.22222222222222,2.4691358024691357,2.4691358024691357,4.938271604938271,0.0,9.876543209876543,0.0,2.4691358024691357,0.0,0.0,0.0,0.0,0.0,2.4691358024691357,2.4691358024691357,93.82716049382717,27.160493827160494,7.407407407407407,59.25925925925926,0.5477386934673367,4.206030150753769,0.0,7.407407407407407,0.0,0.0,4.938271604938271,0.0,0.0,2.4691358024691357,0.0,2.4691358024691357,2.4691358024691357,7.407407407407407,2.4691358024691357,2.4691358024691357,12.345679012345679,0.0,2.4691358024691357,0.0,0.0,9.876543209876543,14.814814814814815,0.0,2.4691358024691357
38068,76.92307692307693,9.925558312655086,39.702233250620345,2.4813895781637716,7.444168734491315,76.92307692307693,12.40694789081886,2.4813895781637716,32.25806451612903,4.962779156327543,2.4813895781637716,7.444168734491315,12.40694789081886,12.40694789081886,0.0,176.17866004962778,4.962779156327543,0.0,44.66501240694789,7.444168734491315,0.0,0.0,2.4813895781637716,9.925558312655086,9.925558312655086,0.0,0.0,0.0,2.4813895781637716,0.0,0.0,0.0,0.0,0.0,2.4813895781637716,0.0,4.962779156327543,9.925558312655086,79.40446650124069,42.183622828784124,4.962779156327543,76.92307692307693,0.5816326530612245,4.127551020408164,2.4813895781637716,9.925558312655086,0.0,0.0,14.88833746898263,2.4813895781637716,9.925558312655086,7.444168734491315,2.4813895781637716,2.4813895781637716,4.962779156327543,24.81389578163772,7.444168734491315,2.4813895781637716,22.332506203473944,2.4813895781637716,0.0,0.0,0.0,4.962779156327543,14.88833746898263,9.925558312655086,14.88833746898263
38326,75.79462102689487,9.7799511002445,31.78484107579462,9.7799511002445,0.0,31.78484107579462,9.7799511002445,41.56479217603912,24.44987775061125,2.444987775061125,4.88997555012225,0.0,19.559902200489,2.444987775061125,7.334963325183374,205.37897310513446,2.444987775061125,0.0,22.004889975550125,2.444987775061125,2.444987775061125,0.0,0.0,12.224938875305625,4.88997555012225,0.0,7.334963325183374,0.0,9.7799511002445,0.0,2.444987775061125,0.0,0.0,0.0,0.0,2.444987775061125,0.0,12.224938875305625,85.57457212713938,58.67970660146699,7.334963325183374,78.239608801956,0.6196473551637279,4.269521410579345,0.0,0.0,0.0,0.0,7.334963325183374,0.0,4.88997555012225,17.114914425427873,0.0,2.444987775061125,7.334963325183374,29.339853300733495,2.444987775061125,2.444987775061125,24.44987775061125,0.0,0.0,0.0,2.444987775061125,7.334963325183374,9.7799511002445,0.0,17.114914425427873
3929,102.38095238095238,4.761904761904763,7.142857142857142,11.904761904761903,0.0,52.38095238095238,0.0,9.523809523809526,16.666666666666668,4.761904761904763,16.666666666666668,0.0,19.04761904761905,30.952380952380953,4.761904761904763,209.52380952380952,4.761904761904763,0.0,38.0952380952381,9.523809523809526,0.0,0.0,0.0,7.142857142857142,4.761904761904763,4.761904761904763,4.761904761904763,0.0,11.904761904761903,0.0,2.3809523809523814,0.0,0.0,0.0,0.0,0.0,2.3809523809523814,2.3809523809523814,109.52380952380952,54.76190476190476,11.904761904761903,71.42857142857143,0.59375,4.774038461538462,0.0,7.142857142857142,2.3809523809523814,0.0,9.523809523809526,0.0,0.0,7.142857142857142,0.0,2.3809523809523814,2.3809523809523814,23.809523809523807,7.142857142857142,0.0,9.523809523809526,0.0,0.0,0.0,0.0,7.142857142857142,19.04761904761905,7.142857142857142,7.142857142857142
39646,48.309178743961354,0.0,16.908212560386474,7.246376811594203,0.0,57.971014492753625,0.0,0.0,4.830917874396135,4.830917874396135,0.0,0.0,9.66183574879227,19.32367149758454,7.246376811594203,229.46859903381642,4.830917874396135,0.0,26.570048309178745,2.4154589371980677,0.0,0.0,0.0,7.246376811594203,2.4154589371980677,0.0,4.830917874396135,0.0,4.830917874396135,2.4154589371980677,0.0,0.0,0.0,0.0,0.0,0.0,0.0,2.4154589371980677,125.60386473429952,79.71014492753622,9.66183574879227,94.20289855072464,0.5798525798525799,4.545454545454546,2.4154589371980677,7.246376811594203,7.246376811594203,0.0,14.492753623188406,0.0,12.077294685990339,2.4154589371980677,0.0,4.830917874396135,2.4154589371980677,12.077294685990339,0.0,0.0,9.66183574879227,0.0,0.0,0.0,2.4154589371980677,9.66183574879227,4.830917874396135,4.830917874396135,12.077294685990339
40598,102.24438902743142,9.975062344139651,9.975062344139651,4.987531172069826,0.0,89.77556109725685,2.493765586034913,34.912718204488776,14.962593516209475,2.493765586034913,12.468827930174564,2.493765586034913,14.962593516209475,24.93765586034913,2.493765586034913,172.06982543640896,2.493765586034913,0.0,44.88778054862843,2.493765586034913,0.0,0.0,0.0,14.962593516209475,2.493765586034913,0.0,4.987531172069826,2.493765586034913,9.975062344139651,0.0,0.0,0.0,0.0,0.0,0.0,0.0,2.493765586034913,14.962593516209475,89.77556109725685,39.900249376558605,14.962593516209475,67.33167082294264,0.6015228426395939,4.48984771573604,2.493765586034913,7.481296758104738,0.0,2.493765586034913,17.456359102244388,0.0,14.962593516209475,7.481296758104738,2.493765586034913,4.987531172069826,7.481296758104738,24.93765586034913,7.481296758104738,0.0,17.456359102244388,2.493765586034913,2.493765586034913,0.0,0.0,12.468827930174564,14.962593516209475,4.987531172069826,9.975062344139651
42993,88.88888888888889,12.345679012345679,2.4691358024691357,2.4691358024691357,0.0,0.0,0.0,69.1358024691358,9.876543209876543,0.0,4.938271604938271,0.0,39.50617283950617,19.753086419753085,0.0,229.62962962962962,4.938271604938271,0.0,17.28395061728395,2.4691358024691357,0.0,0.0,0.0,14.814814814814815,4.938271604938271,0.0,2.4691358024691357,2.4691358024691357,7.407407407407407,0.0,7.407407407407407,0.0,0.0,2.4691358024691357,0.0,0.0,7.407407407407407,12.345679012345679,101.23456790123457,41.97530864197531,0.0,69.1358024691358,0.5757575757575758,4.487373737373737,0.0,2.4691358024691357,0.0,2.4691358024691357,7.407407407407407,0.0,19.753086419753085,9.876543209876543,0.0,4.938271604938271,2.4691358024691357,24.691358024691358,2.4691358024691357,2.4691358024691357,9.876543209876543,4.938271604938271,2.4691358024691357,0.0,2.4691358024691357,9.876543209876543,7.407407407407407,2.4691358024691357,7.407407407407407
43376,89.77556109725685,7.481296758104738,7.481296758104738,2.493765586034913,0.0,62.34413965087282,0.0,14.962593516209475,17.456359102244388,2.493765586034913,4.987531172069826,0.0,19.950124688279303,24.93765586034913,7.481296758104738,194.51371571072318,4.987531172069826,0.0,44.88778054862843,0.0,0.0,0.0,0.0,9.975062344139651,4.987531172069826,0.0,2.493765586034913,4.987531172069826,4.987531172069826,0.0,4.987531172069826,0.0,0.0,0.0,0.0,0.0,4.987531172069826,12.468827930174564,112.21945137157108,64.83790523690773,9.975062344139651,79.80049875311721,0.5521628498727735,4.559796437659033,2.493765586034913,9.975062344139651,2.493765586034913,0.0,7.481296758104738,0.0,12.468827930174564,4.987531172069826,0.0,2.493765586034913,7.481296758104738,14.962593516209475,2.493765586034913,2.493765586034913,7.481296758104738,0.0,0.0,0.0,0.0,2.493765586034913,7.481296758104738,0.0,7.481296758104738
46554,122.59615384615384,14.423076923076923,4.807692307692308,12.01923076923077,2.403846153846154,96.15384615384616,14.423076923076923,16.826923076923077,24.03846153846154,2.403846153846154,0.0,0.0,21.634615384615383,12.01923076923077,4.807692307692308,144.23076923076923,9.615384615384617,0.0,31.25,2.403846153846154,0.0,2.403846153846154,4.807692307692308,19.230769230769234,2.403846153846154,0.0,0.0,2.403846153846154,2.403846153846154,0.0,0.0,0.0,0.0,0.0,0.0,0.0,2.403846153846154,7.211538461538462,88.9423076923077,43.26923076923077,2.403846153846154,84.13461538461539,0.5668316831683168,4.178217821782178,0.0,4.807692307692308,0.0,0.0,9.615384615384617,0.0,7.211538461538462,9.615384615384617,0.0,2.403846153846154,4.807692307692308,21.634615384615383,7.211538461538462,0.0,24.03846153846154,2.403846153846154,2.403846153846154,0.0,2.403846153846154,4.807692307692308,16.826923076923077,0.0,12.01923076923077
47516,78.75894988066825,7.159904534606206,0.0,2.3866348448687353,0.0,0.0,0.0,45.346062052505964,11.933174224343675,2.3866348448687353,0.0,0.0,23.86634844868735,23.86634844868735,9.546539379474941,255.36992840095462,16.706443914081145,2.3866348448687353,19.093078758949883,0.0,0.0,0.0,0.0,14.319809069212411,7.159904534606206,2.3866348448687353,0.0,2.3866348448687353,9.546539379474941,0.0,4.773269689737471,0.0,0.0,2.3866348448687353,0.0,0.0,0.0,4.773269689737471,126.49164677804295,73.98568019093078,0.0,31.026252983293556,0.5990338164251208,5.016908212560386,0.0,0.0,0.0,0.0,2.3866348448687353,0.0,11.933174224343675,2.3866348448687353,0.0,4.773269689737471,0.0,9.546539379474941,2.3866348448687353,0.0,4.773269689737471,0.0,0.0,0.0,0.0,14.319809069212411,4.773269689737471,0.0,4.773269689737471
53674,63.98104265402843,4.739336492890995,18.95734597156398,7.109004739336492,0.0,66.35071090047394,0.0,28.43601895734597,9.47867298578199,2.3696682464454977,4.739336492890995,0.0,7.109004739336492,14.218009478672984,2.3696682464454977,203.79146919431278,0.0,2.3696682464454977,18.95734597156398,2.3696682464454977,2.3696682464454977,2.3696682464454977,0.0,21.32701421800948,2.3696682464454977,2.3696682464454977,2.3696682464454977,2.3696682464454977,2.3696682464454977,0.0,0.0,0.0,0.0,0.0,0.0,0.0,2.3696682464454977,14.218009478672984,113.74407582938387,49.76303317535545,4.739336492890995,82.93838862559241,0.6072289156626506,4.3831325301204815,2.3696682464454977,7.109004739336492,0.0,0.0,11.848341232227487,0.0,4.739336492890995,2.3696682464454977,0.0,4.739336492890995,2.3696682464454977,14.218009478672984,0.0,4.739336492890995,11.848341232227487,2.3696682464454977,0.0,0.0,7.109004739336492,4.739336492890995,7.109004739336492,0.0,4.739336492890995
55410,72.46376811594203,14.492753623188406,21.73913043478261,4.830917874396135,0.0,57.971014492753625,0.0,12.077294685990339,41.06280193236715,4.830917874396135,4.830917874396135,2.4154589371980677,16.908212560386474,4.830917874396135,4.830917874396135,241.54589371980674,4.830917874396135,0.0,28.985507246376812,2.4154589371980677,0.0,0.0,2.4154589371980677,12.077294685990339,4.830917874396135,0.0,4.830917874396135,0.0,4.830917874396135,4.830917874396135,0.0,0.0,0.0,0.0,0.0,2.4154589371980677,4.830917874396135,12.077294685990339,89.37198067632849,70.04830917874396,2.4154589371980677,65.21739130434783,0.5614035087719298,4.350877192982456,2.4154589371980677,0.0,0.0,2.4154589371980677,7.246376811594203,0.0,4.830917874396135,4.830917874396135,0.0,0.0,0.0,19.32367149758454,2.4154589371980677,0.0,19.32367149758454,0.0,2.4154589371980677,0.0,0.0,14.492753623188406,9.66183574879227,0.0,7.246376811594203
56120,4.926108374384237,2.4630541871921183,78.81773399014779,2.4630541871921183,2.4630541871921183,7.389162561576354,0.0,36.94581280788178,14.778325123152708,7.389162561576354,0.0,0.0,19.704433497536947,27.093596059113302,2.4630541871921183,278.32512315270935,2.4630541871921183,0.0,29.556650246305416,0.0,0.0,0.0,0.0,14.778325123152708,4.926108374384237,0.0,9.852216748768473,2.4630541871921183,7.389162561576354,0.0,2.4630541871921183,0.0,0.0,2.4630541871921183,0.0,4.926108374384237,0.0,9.852216748768473,103.44827586206897,96.0591133004926,4.926108374384237,54.187192118226605,0.6161616161616161,4.906565656565657,0.0,2.4630541871921183,0.0,7.389162561576354,4.926108374384237,0.0,2.4630541871921183,2.4630541871921183,0.0,0.0,0.0,9.852216748768473,7.389162561576354,2.4630541871921183,7.389162561576354,0.0,0.0,0.0,0.0,7.389162561576354,7.389162561576354,0.0,2.4630541871921183
58294,93.59605911330048,2.4630541871921183,19.704433497536947,4.926108374384237,0.0,44.33497536945813,9.852216748768473,24.630541871921185,4.926108374384237,2.4630541871921183,2.4630541871921183,2.4630541871921183,17.241379310344826,32.01970443349754,2.4630541871921183,216.74876847290642,12.315270935960593,0.0,32.01970443349754,0.0,0.0,0.0,0.0,12.315270935960593,7.389162561576354,0.0,2.4630541871921183,0.0,2.4630541871921183,0.0,2.4630541871921183,0.0,0.0,0.0,0.0,0.0,0.0,7.389162561576354,93.59605911330048,39.40886699507389,12.315270935960593,46.79802955665024,0.6105527638190955,4.796482412060302,0.0,2.4630541871921183,2.4630541871921183,2.4630541871921183,4.926108374384237,2.4630541871921183,0.0,4.926108374384237,0.0,0.0,7.389162561576354,14.778325123152708,2.4630541871921183,2.4630541871921183,9.852216748768473,0.0,2.4630541871921183,0.0,0.0,7.389162561576354,12.315270935960593,4.926108374384237,2.4630541871921183
59164,85.995085995086,4.914004914004914,41.76904176904177,7.371007371007371,4.914004914004914,63.88206388206388,19.656019656019655,58.96805896805897,12.285012285012284,7.371007371007371,7.371007371007371,4.914004914004914,27.027027027027028,7.371007371007371,2.457002457002457,203.93120393120392,4.914004914004914,0.0,27.027027027027028,2.457002457002457,0.0,0.0,0.0,4.914004914004914,17.1990171990172,0.0,2.457002457002457,0.0,4.914004914004914,0.0,0.0,0.0,0.0,0.0,0.0,0.0,2.457002457002457,4.914004914004914,98.28009828009827,34.3980343980344,4.914004914004914,71.25307125307125,0.5888324873096447,4.068527918781726,2.457002457002457,2.457002457002457,4.914004914004914,0.0,7.371007371007371,0.0,7.371007371007371,2.457002457002457,2.457002457002457,0.0,9.828009828009828,24.570024570024568,4.914004914004914,2.457002457002457,27.027027027027028,2.457002457002457,2.457002457002457,0.0,4.914004914004914,2.457002457002457,9.828009828009828,2.457002457002457,12.285012285012284
59940,124.10501193317423,21.479713603818613,0.0,4.773269689737471,2.3866348448687353,0.0,0.0,54.89260143198091,11.933174224343675,7.159904534606206,11.933174224343675,2.3866348448687353,23.86634844868735,2.3866348448687353,0.0,210.02386634844868,4.773269689737471,0.0,57.279236276849645,2.3866348448687353,0.0,0.0,0.0,4.773269689737471,0.0,2.3866348448687353,0.0,2.3866348448687353,4.773269689737471,0.0,2.3866348448687353,0.0,0.0,0.0,0.0,0.0,2.3866348448687353,9.546539379474941,88.3054892601432,38.186157517899765,9.546539379474941,90.69212410501193,0.5360576923076923,4.4375,4.773269689737471,2.3866348448687353,4.773269689737471,0.0,19.093078758949883,2.3866348448687353,7.159904534606206,9.546539379474941,0.0,0.0,0.0,26.252983293556085,4.773269689737471,0.0,4.773269689737471,2.3866348448687353,0.0,0.0,4.773269689737471,9.546539379474941,14.319809069212411,7.159904534606206,7.159904534606206
60991,108.37438423645321,0.0,12.315270935960593,2.4630541871921183,2.4630541871921183,51.724137931034484,24.630541871921185,0.0,41.87192118226601,7.389162561576354,9.852216748768473,0.0,27.093596059113302,12.315270935960593,2.4630541871921183,214.28571428571428,4.926108374384237,0.0,54.187192118226605,12.315270935960593,0.0,0.0,2.4630541871921183,7.389162561576354,4.926108374384237,0.0,0.0,0.0,2.4630541871921183,0.0,0.0,0.0,0.0,0.0,7.389162561576354,0.0,4.926108374384237,7.389162561576354,73.89162561576356,49.26108374384237,12.315270935960593,73.89162561576356,0.5201005025125628,4.273869346733668,2.4630541871921183,7.389162561576354,0.0,0.0,12.315270935960593,2.4630541871921183,7.389162561576354,7.389162561576354,0.0,12.315270935960593,9.852216748768473,17.241379310344826,4.926108374384237,2.4630541871921183,17.241379310344826,0.0,0.0,0.0,0.0,12.315270935960593,24.630541871921185,14.778325123152708,4.926108374384237
62604,80.2919708029197,9.732360097323602,31.630170316301705,7.299270072992701,0.0,26.7639902676399,21.897810218978105,60.82725060827251,24.330900243309003,0.0,0.0,2.4330900243309004,12.165450121654501,7.299270072992701,7.299270072992701,209.24574209245742,2.4330900243309004,0.0,29.197080291970803,0.0,0.0,0.0,0.0,29.197080291970803,19.464720194647203,0.0,4.866180048661801,0.0,2.4330900243309004,0.0,0.0,0.0,0.0,0.0,0.0,0.0,2.4330900243309004,9.732360097323602,72.992700729927,41.3625304136253,17.0316301703163,77.85888077858881,0.5894206549118388,4.420654911838791,0.0,2.4330900243309004,2.4330900243309004,0.0,19.464720194647203,2.4330900243309004,4.866180048661801,7.299270072992701,0.0,0.0,4.866180048661801,31.630170316301705,2.4330900243309004,2.4330900243309004,24.330900243309003,2.4330900243309004,0.0,0.0,2.4330900243309004,12.165450121654501,12.165450121654501,2.4330900243309004,9.732360097323602
64347,77.11442786069651,2.487562189054726,9.950248756218905,2.487562189054726,0.0,57.21393034825871,7.462686567164179,12.437810945273633,17.412935323383085,4.975124378109452,2.487562189054726,2.487562189054726,9.950248756218905,17.412935323383085,4.975124378109452,221.39303482587064,4.975124378109452,0.0,32.33830845771144,2.487562189054726,0.0,0.0,0.0,14.925373134328359,4.975124378109452,0.0,2.487562189054726,4.975124378109452,2.487562189054726,0.0,4.975124378109452,0.0,0.0,0.0,0.0,0.0,0.0,4.975124378109452,97.01492537313433,87.06467661691543,0.0,77.11442786069651,0.6259541984732825,4.6055979643765905,0.0,7.462686567164179,0.0,0.0,4.975124378109452,0.0,4.975124378109452,2.487562189054726,0.0,2.487562189054726,2.487562189054726,19.90049751243781,7.462686567164179,0.0,12.437810945273633,2.487562189054726,0.0,0.0,4.975124378109452,2.487562189054726,17.412935323383085,2.487562189054726,14.925373134328359
64450,83.33333333333333,4.62962962962963,18.51851851851852,9.25925925925926,2.314814814814815,69.44444444444444,0.0,4.62962962962963,25.462962962962962,0.0,6.944444444444444,0.0,16.203703703703702,6.944444444444444,6.944444444444444,217.59259259259258,4.62962962962963,0.0,34.72222222222222,0.0,0.0,0.0,2.314814814814815,11.574074074074073,13.888888888888888,0.0,0.0,4.62962962962963,2.314814814814815,0.0,0.0,0.0,0.0,0.0,2.314814814814815,2.314814814814815,0.0,18.51851851851852,122.68518518518519,57.870370370370374,6.944444444444444,74.07407407407408,0.535377358490566,4.242924528301887,0.0,2.314814814814815,0.0,2.314814814814815,9.25925925925926,0.0,6.944444444444444,0.0,0.0,0.0,2.314814814814815,16.203703703703702,2.314814814814815,4.62962962962963,13.888888888888888,2.314814814814815,0.0,0.0,4.62962962962963,9.25925925925926,11.574074074074073,0.0,4.62962962962963
70031,103.7037037037037,2.4691358024691357,0.0,2.4691358024691357,0.0,2.4691358024691357,0.0,93.82716049382717,7.407407407407407,0.0,4.938271604938271,0.0,27.160493827160494,19.753086419753085,0.0,227.1604938271605,0.0,0.0,17.28395061728395,4.938271604938271,0.0,0.0,0.0,9.876543209876543,9.876543209876543,0.0,4.938271604938271,0.0,7.407407407407407,0.0,2.4691358024691357,0.0,0.0,2.4691358024691357,0.0,0.0,0.0,7.407407407407407,86.41975308641975,49.382716049382715,9.876543209876543,49.382716049382715,0.5610972568578554,4.895261845386534,2.4691358024691357,2.4691358024691357,0.0,0.0,9.876543209876543,0.0,0.0,9.876543209876543,0.0,0.0,0.0,27.160493827160494,0.0,2.4691358024691357,0.0,0.0,0.0,0.0,0.0,12.345679012345679,9.876543209876543,0.0,0.0
70266,2.3696682464454977,0.0,73.45971563981043,0.0,2.3696682464454977,37.91469194312796,26.066350710900473,0.0,7.109004739336492,2.3696682464454977,0.0,0.0,23.696682464454973,45.023696682464454,9.47867298578199,182.4644549763033,4.739336492890995,0.0,30.805687203791468,0.0,0.0,0.0,4.739336492890995,23.696682464454973,0.0,0.0,0.0,0.0,14.218009478672984,4.739336492890995,0.0,0.0,0.0,2.3696682464454977,0.0,0.0,7.109004739336492,7.109004739336492,97.1563981042654,75.82938388625593,18.95734597156398,54.502369668246445,0.4560975609756098,4.943902439024391,7.109004739336492,0.0,0.0,2.3696682464454977,9.47867298578199,0.0,16.587677725118485,14.218009478672984,0.0,11.848341232227487,11.848341232227487,14.218009478672984,14.218009478672984,4.739336492890995,26.066350710900473,2.3696682464454977,2.3696682464454977,0.0,0.0,28.43601895734597,14.218009478672984,0.0,14.218009478672984
70292,116.33663366336634,24.752475247524753,2.4752475247524752,4.9504950495049505,19.801980198019802,49.504950495049506,12.376237623762377,42.07920792079208,17.32673267326733,7.425742574257425,9.900990099009901,0.0,24.752475247524753,9.900990099009901,0.0,200.49504950495052,2.4752475247524752,0.0,37.12871287128713,0.0,0.0,0.0,0.0,7.425742574257425,7.425742574257425,0.0,0.0,0.0,7.425742574257425,0.0,7.425742574257425,0.0,0.0,0.0,0.0,2.4752475247524752,0.0,7.425742574257425,101.48514851485149,34.65346534653466,2.4752475247524752,81.68316831683168,0.513715710723192,4.279301745635911,4.9504950495049505,2.4752475247524752,0.0,4.9504950495049505,12.376237623762377,2.4752475247524752,0.0,0.0,0.0,0.0,2.4752475247524752,17.32673267326733,0.0,2.4752475247524752,2.4752475247524752,0.0,0.0,0.0,4.9504950495049505,12.376237623762377,14.85148514851485,0.0,9.900990099009901
71054,73.28605200945626,16.548463356973993,0.0,7.092198581560283,9.456264775413711,0.0,0.0,96.92671394799055,2.3640661938534278,7.092198581560283,2.3640661938534278,0.0,11.82033096926714,23.64066193853428,0.0,189.12529550827423,7.092198581560283,2.3640661938534278,28.368794326241133,2.3640661938534278,0.0,0.0,0.0,21.27659574468085,4.7281323877068555,2.3640661938534278,2.3640661938534278,0.0,2.3640661938534278,0.0,7.092198581560283,0.0,0.0,0.0,0.0,0.0,0.0,7.092198581560283,120.56737588652481,44.917257683215134,4.7281323877068555,70.92198581560284,0.5513126491646778,4.556085918854415,0.0,2.3640661938534278,0.0,0.0,4.7281323877068555,0.0,9.456264775413711,4.7281323877068555,0.0,11.82033096926714,4.7281323877068555,16.548463356973993,2.3640661938534278,0.0,4.7281323877068555,0.0,2.3640661938534278,0.0,2.3640661938534278,23.64066193853428,11.82033096926714,2.3640661938534278,2.3640661938534278
71318,97.01492537313433,4.975124378109452,22.388059701492537,7.462686567164179,2.487562189054726,12.437810945273633,9.950248756218905,57.21393034825871,22.388059701492537,4.975124378109452,9.950248756218905,4.975124378109452,12.437810945273633,9.950248756218905,0.0,241.29353233830847,0.0,2.487562189054726,34.82587064676617,4.975124378109452,0.0,0.0,0.0,24.875621890547265,4.975124378109452,0.0,2.487562189054726,0.0,7.462686567164179,0.0,0.0,0.0,0.0,0.0,0.0,0.0,0.0,9.950248756218905,69.65174129353234,44.776119402985074,7.462686567164179,67.16417910447761,0.5558375634517766,4.3908629441624365,0.0,4.975124378109452,0.0,0.0,4.975124378109452,0.0,12.437810945273633,2.487562189054726,0.0,7.462686567164179,4.975124378109452,12.437810945273633,0.0,0.0,12.437810945273633,0.0,0.0,0.0,0.0,4.975124378109452,14.925373134328359,0.0,19.90049751243781
72321,119.61722488038278,11.961722488038278,0.0,7.177033492822967,9.569377990430622,0.0,0.0,105.26315789473684,31.10047846889952,11.961722488038278,9.569377990430622,0.0,21.5311004784689,28.70813397129187,9.569377990430622,145.93301435406698,9.569377990430622,0.0,38.27751196172249,0.0,2.3923444976076556,0.0,0.0,7.177033492822967,2.3923444976076556,2.3923444976076556,0.0,0.0,9.569377990430622,2.3923444976076556,2.3923444976076556,0.0,0.0,0.0,0.0,0.0,7.177033492822967,14.354066985645934,88.51674641148325,28.70813397129187,9.569377990430622,86.1244019138756,0.5145631067961165,4.592233009708738,2.3923444976076556,0.0,0.0,2.3923444976076556,9.569377990430622,0.0,4.784688995215311,9.569377990430622,0.0,7.177033492822967,0.0,35.88516746411483,2.3923444976076556,0.0,14.354066985645934,0.0,4.784688995215311,0.0,11.961722488038278,14.354066985645934,31.10047846889952,0.0,11.961722488038278
76420,99.50248756218906,7.462686567164179,9.950248756218905,2.487562189054726,9.950248756218905,54.72636815920398,7.462686567164179,19.90049751243781,27.36318407960199,0.0,9.950248756218905,0.0,14.925373134328359,12.437810945273633,0.0,174.12935323383087,4.975124378109452,0.0,24.875621890547265,0.0,0.0,0.0,0.0,2.487562189054726,4.975124378109452,0.0,0.0,0.0,2.487562189054726,0.0,4.975124378109452,0.0,0.0,0.0,0.0,2.487562189054726,4.975124378109452,14.925373134328359,99.50248756218906,47.2636815920398,2.487562189054726,82.08955223880596,0.5558375634517766,4.281725888324873,4.975124378109452,4.975124378109452,2.487562189054726,0.0,12.437810945273633,0.0,4.975124378109452,7.462686567164179,0.0,4.975124378109452,9.950248756218905,12.437810945273633,4.975124378109452,2.487562189054726,17.412935323383085,0.0,0.0,0.0,9.950248756218905,4.975124378109452,14.925373134328359,2.487562189054726,12.437810945273633
7850,119.8044009779951,2.444987775061125,4.88997555012225,12.224938875305625,2.444987775061125,80.68459657701712,0.0,2.444987775061125,51.344743276283616,2.444987775061125,7.334963325183374,0.0,22.004889975550125,9.7799511002445,4.88997555012225,180.92909535452324,0.0,0.0,17.114914425427873,2.444987775061125,0.0,0.0,0.0,12.224938875305625,2.444987775061125,0.0,0.0,4.88997555012225,9.7799511002445,0.0,0.0,0.0,0.0,0.0,0.0,0.0,2.444987775061125,17.114914425427873,107.57946210268948,51.344743276283616,19.559902200489,78.239608801956,0.5492610837438424,4.317733990147783,2.444987775061125,4.88997555012225,0.0,0.0,4.88997555012225,0.0,2.444987775061125,4.88997555012225,2.444987775061125,2.444987775061125,2.444987775061125,46.45476772616137,2.444987775061125,2.444987775061125,7.334963325183374,2.444987775061125,0.0,0.0,0.0,4.88997555012225,14.669926650366747,4.88997555012225,12.224938875305625
79655,17.114914425427873,0.0,39.119804400978,2.444987775061125,0.0,24.44987775061125,9.7799511002445,14.669926650366747,9.7799511002445,2.444987775061125,2.444987775061125,0.0,9.7799511002445,12.224938875305625,14.669926650366747,232.27383863080684,2.444987775061125,2.444987775061125,31.78484107579462,0.0,2.444987775061125,0.0,2.444987775061125,9.7799511002445,0.0,2.444987775061125,2.444987775061125,2.444987775061125,2.444987775061125,0.0,0.0,0.0,2.444987775061125,0.0,4.88997555012225,2.444987775061125,7.334963325183374,2.444987775061125,95.35452322738386,66.01466992665037,12.224938875305625,73.34963325183375,0.5831265508684863,4.674937965260546,0.0,7.334963325183374,2.444987775061125,0.0,14.669926650366747,0.0,14.669926650366747,12.224938875305625,7.334963325183374,14.669926650366747,4.88997555012225,12.224938875305625,7.334963325183374,0.0,2.444987775061125,2.444987775061125,0.0,0.0,9.7799511002445,9.7799511002445,19.559902200489,2.444987775061125,4.88997555012225
81702,97.08737864077669,29.12621359223301,12.135922330097086,2.4271844660194173,19.41747572815534,75.24271844660194,0.0,0.0,26.699029126213592,4.854368932038835,4.854368932038835,4.854368932038835,2.4271844660194173,12.135922330097086,7.281553398058253,201.45631067961165,4.854368932038835,0.0,21.844660194174757,0.0,2.4271844660194173,0.0,0.0,12.135922330097086,2.4271844660194173,0.0,0.0,0.0,2.4271844660194173,2.4271844660194173,0.0,0.0,0.0,0.0,0.0,0.0,0.0,12.135922330097086,111.6504854368932,53.398058252427184,4.854368932038835,75.24271844660194,0.530562347188264,4.393643031784841,2.4271844660194173,0.0,7.281553398058253,0.0,7.281553398058253,4.854368932038835,7.281553398058253,4.854368932038835,0.0,2.4271844660194173,0.0,4.854368932038835,0.0,7.281553398058253,7.281553398058253,0.0,2.4271844660194173,0.0,0.0,9.70873786407767,9.70873786407767,0.0,12.135922330097086
85688,91.13300492610837,19.704433497536947,0.0,4.926108374384237,7.389162561576354,0.0,0.0,12.315270935960593,12.315270935960593,2.4630541871921183,2.4630541871921183,0.0,24.630541871921185,19.704433497536947,0.0,261.0837438423645,4.926108374384237,0.0,24.630541871921185,2.4630541871921183,0.0,0.0,0.0,7.389162561576354,0.0,2.4630541871921183,7.389162561576354,0.0,2.4630541871921183,2.4630541871921183,7.389162561576354,0.0,2.4630541871921183,0.0,0.0,0.0,0.0,4.926108374384237,120.6896551724138,68.9655172413793,2.4630541871921183,49.26108374384237,0.550251256281407,4.726130653266332,2.4630541871921183,4.926108374384237,7.389162561576354,2.4630541871921183,2.4630541871921183,2.4630541871921183,12.315270935960593,0.0,0.0,0.0,0.0,12.315270935960593,0.0,4.926108374384237,2.4630541871921183,0.0,0.0,0.0,0.0,7.389162561576354,9.852216748768473,0.0,4.926108374384237
86176,62.20095693779904,0.0,38.27751196172249,7.177033492822967,0.0,31.10047846889952,4.784688995215311,7.177033492822967,26.31578947368421,4.784688995215311,7.177033492822967,0.0,14.354066985645934,11.961722488038278,0.0,215.311004784689,7.177033492822967,0.0,28.70813397129187,2.3923444976076556,0.0,0.0,0.0,11.961722488038278,2.3923444976076556,0.0,0.0,4.784688995215311,2.3923444976076556,0.0,2.3923444976076556,0.0,0.0,0.0,7.177033492822967,0.0,2.3923444976076556,11.961722488038278,100.47846889952153,78.94736842105263,2.3923444976076556,86.1244019138756,0.6345679012345679,4.701234567901235,0.0,0.0,0.0,0.0,9.569377990430622,0.0,0.0,11.961722488038278,0.0,4.784688995215311,2.3923444976076556,14.354066985645934,0.0,2.3923444976076556,19.138755980861244,0.0,2.3923444976076556,0.0,7.177033492822967,9.569377990430622,7.177033492822967,0.0,19.138755980861244
86796,37.03703703703704,7.407407407407407,76.54320987654322,2.4691358024691357,12.345679012345679,51.85185185185185,51.85185185185185,29.62962962962963,17.28395061728395,12.345679012345679,12.345679012345679,7.407407407407407,17.28395061728395,19.753086419753085,0.0,125.92592592592591,4.938271604938271,0.0,39.50617283950617,0.0,0.0,0.0,0.0,24.691358024691358,7.407407407407407,0.0,0.0,0.0,4.938271604938271,0.0,0.0,0.0,2.4691358024691357,0.0,0.0,0.0,0.0,7.407407407407407,88.88888888888889,49.382716049382715,12.345679012345679,86.41975308641975,0.5204081632653061,4.221938775510204,0.0,2.4691358024691357,0.0,0.0,19.753086419753085,0.0,9.876543209876543,9.876543209876543,0.0,9.876543209876543,7.407407407407407,27.160493827160494,2.4691358024691357,2.4691358024691357,27.160493827160494,0.0,2.4691358024691357,2.4691358024691357,7.407407407407407,22.22222222222222,19.753086419753085,0.0,9.876543209876543
90123,91.56626506024097,16.867469879518072,12.048192771084338,9.63855421686747,2.4096385542168677,0.0,0.0,50.60240963855422,14.457831325301205,4.819277108433735,2.4096385542168677,2.4096385542168677,28.91566265060241,21.686746987951807,4.819277108433735,236.144578313253,21.686746987951807,2.4096385542168677,31.32530120481928,2.4096385542168677,2.4096385542168677,0.0,0.0,7.228915662650603,0.0,0.0,4.819277108433735,0.0,7.228915662650603,0.0,4.819277108433735,0.0,0.0,0.0,0.0,0.0,2.4096385542168677,7.228915662650603,118.0722891566265,55.42168674698795,7.228915662650603,84.33734939759036,0.5869565217391305,4.695652173913044,2.4096385542168677,2.4096385542168677,0.0,0.0,2.4096385542168677,0.0,0.0,9.63855421686747,0.0,0.0,4.819277108433735,21.686746987951807,4.819277108433735,2.4096385542168677,2.4096385542168677,0.0,0.0,0.0,9.63855421686747,4.819277108433735,12.048192771084338,4.819277108433735,9.63855421686747
90488,59.11330049261083,4.926108374384237,32.01970443349754,4.926108374384237,0.0,71.42857142857143,7.389162561576354,14.778325123152708,46.79802955665024,4.926108374384237,7.389162561576354,0.0,9.852216748768473,14.778325123152708,7.389162561576354,177.3399014778325,2.4630541871921183,0.0,36.94581280788178,0.0,0.0,0.0,0.0,9.852216748768473,2.4630541871921183,2.4630541871921183,4.926108374384237,2.4630541871921183,0.0,0.0,0.0,0.0,0.0,0.0,2.4630541871921183,0.0,4.926108374384237,14.778325123152708,108.37438423645321,59.11330049261083,2.4630541871921183,71.42857142857143,0.5620253164556962,4.210126582278481,0.0,0.0,0.0,0.0,7.389162561576354,0.0,2.4630541871921183,12.315270935960593,0.0,0.0,7.389162561576354,19.704433497536947,2.4630541871921183,0.0,19.704433497536947,0.0,0.0,0.0,2.4630541871921183,0.0,14.778325123152708,0.0,9.852216748768473
90716,110.8433734939759,7.228915662650603,0.0,4.819277108433735,0.0,74.6987951807229,0.0,19.27710843373494,16.867469879518072,0.0,12.048192771084338,0.0,38.55421686746988,9.63855421686747,0.0,173.49397590361446,4.819277108433735,0.0,36.144578313253014,4.819277108433735,0.0,0.0,0.0,9.63855421686747,0.0,0.0,0.0,0.0,16.867469879518072,0.0,4.819277108433735,0.0,0.0,0.0,2.4096385542168677,2.4096385542168677,4.819277108433735,4.819277108433735,79.51807228915662,55.42168674698795,7.228915662650603,60.24096385542169,0.5259259259259259,4.209876543209877,0.0,2.4096385542168677,2.4096385542168677,0.0,9.63855421686747,0.0,2.4096385542168677,4.819277108433735,0.0,9.63855421686747,4.819277108433735,40.96385542168675,7.228915662650603,0.0,7.228915662650603,0.0,0.0,0.0,4.819277108433735,7.228915662650603,12.048192771084338,7.228915662650603,2.4096385542168677
90906,82.7250608272506,2.4330900243309004,4.866180048661801,2.4330900243309004,0.0,0.0,0.0,68.1265206812652,2.4330900243309004,12.165450121654501,2.4330900243309004,0.0,9.732360097323602,17.0316301703163,2.4330900243309004,250.60827250608276,2.4330900243309004,0.0,24.330900243309003,0.0,0.0,0.0,0.0,12.165450121654501,0.0,4.866180048661801,2.4330900243309004,0.0,4.866180048661801,0.0,0.0,0.0,0.0,0.0,0.0,0.0,2.4330900243309004,12.165450121654501,97.32360097323601,75.42579075425792,2.4330900243309004,41.3625304136253,0.5488721804511278,4.706766917293233,2.4330900243309004,2.4330900243309004,0.0,0.0,2.4330900243309004,0.0,2.4330900243309004,4.866180048661801,0.0,9.732360097323602,4.866180048661801,17.0316301703163,4.866180048661801,2.4330900243309004,7.299270072992701,0.0,0.0,0.0,2.4330900243309004,4.866180048661801,7.299270072992701,4.866180048661801,12.165450121654501
92226,49.62779156327544,9.925558312655086,44.66501240694789,4.962779156327543,2.4813895781637716,79.40446650124069,19.851116625310173,2.4813895781637716,14.88833746898263,12.40694789081886,0.0,2.4813895781637716,14.88833746898263,22.332506203473944,2.4813895781637716,153.84615384615387,2.4813895781637716,2.4813895781637716,29.77667493796526,4.962779156327543,2.4813895781637716,2.4813895781637716,0.0,12.40694789081886,2.4813895781637716,2.4813895781637716,2.4813895781637716,0.0,0.0,0.0,0.0,0.0,0.0,2.4813895781637716,0.0,2.4813895781637716,12.40694789081886,7.444168734491315,69.4789081885856,49.62779156327544,4.962779156327543,101.73697270471465,0.5758354755784062,4.372750642673521,2.4813895781637716,4.962779156327543,0.0,0.0,17.3697270471464,2.4813895781637716,4.962779156327543,14.88833746898263,0.0,9.925558312655086,4.962779156327543,27.29528535980149,2.4813895781637716,4.962779156327543,27.29528535980149,0.0,0.0,0.0,9.925558312655086,2.4813895781637716,9.925558312655086,2.4813895781637716,12.40694789081886
95502,74.6987951807229,16.867469879518072,7.228915662650603,7.228915662650603,0.0,43.373493975903614,2.4096385542168677,7.228915662650603,12.048192771084338,2.4096385542168677,4.819277108433735,2.4096385542168677,14.457831325301205,9.63855421686747,4.819277108433735,240.96385542168676,0.0,0.0,19.27710843373494,2.4096385542168677,0.0,0.0,0.0,12.048192771084338,7.228915662650603,0.0,2.4096385542168677,2.4096385542168677,7.228915662650603,0.0,0.0,0.0,0.0,0.0,0.0,0.0,4.819277108433735,16.867469879518072,115.66265060240964,91.56626506024097,4.819277108433735,50.60240963855422,0.5995085995085995,4.899262899262899,2.4096385542168677,7.228915662650603,0.0,2.4096385542168677,7.228915662650603,0.0,4.819277108433735,4.819277108433735,0.0,0.0,0.0,26.50602409638554,0.0,0.0,7.228915662650603,0.0,0.0,0.0,2.4096385542168677,9.63855421686747,2.4096385542168677,4.819277108433735,7.228915662650603
95505,82.08955223880596,22.388059701492537,19.90049751243781,9.950248756218905,2.487562189054726,42.28855721393035,27.36318407960199,27.36318407960199,17.412935323383085,0.0,4.975124378109452,7.462686567164179,19.90049751243781,27.36318407960199,7.462686567164179,174.12935323383087,7.462686567164179,2.487562189054726,29.850746268656717,2.487562189054726,0.0,0.0,2.487562189054726,17.412935323383085,2.487562189054726,0.0,0.0,0.0,7.462686567164179,0.0,0.0,0.0,0.0,0.0,0.0,0.0,0.0,4.975124378109452,104.4776119402985,57.21393034825871,2.487562189054726,62.18905472636816,0.5804020100502513,4.4120603015075375,4.975124378109452,2.487562189054726,2.487562189054726,2.487562189054726,4.975124378109452,0.0,4.975124378109452,4.975124378109452,0.0,2.487562189054726,4.975124378109452,22.388059701492537,0.0,7.462686567164179,2.487562189054726,0.0,0.0,2.487562189054726,2.487562189054726,12.437810945273633,9.950248756218905,2.487562189054726,7.462686567164179
9572,76.35467980295567,19.704433497536947,0.0,0.0,0.0,0.0,0.0,56.65024630541872,17.241379310344826,0.0,0.0,0.0,12.315270935960593,17.241379310344826,2.4630541871921183,266.00985221674875,2.4630541871921183,0.0,24.630541871921185,2.4630541871921183,4.926108374384237,0.0,0.0,12.315270935960593,4.926108374384237,0.0,0.0,0.0,2.4630541871921183,0.0,4.926108374384237,0.0,0.0,0.0,4.926108374384237,0.0,0.0,0.0,91.13300492610837,76.35467980295567,9.852216748768473,64.03940886699507,0.5935162094763092,4.780548628428928,4.926108374384237,2.4630541871921183,0.0,0.0,14.778325123152708,0.0,2.4630541871921183,7.389162561576354,0.0,4.926108374384237,2.4630541871921183,22.167487684729064,2.4630541871921183,0.0,2.4630541871921183,4.926108374384237,0.0,0.0,2.4630541871921183,7.389162561576354,9.852216748768473,2.4630541871921183,4.926108374384237
95796,96.29629629629629,9.876543209876543,0.0,4.938271604938271,0.0,0.0,4.938271604938271,61.72839506172839,19.753086419753085,7.407407407407407,2.4691358024691357,2.4691358024691357,19.753086419753085,22.22222222222222,7.407407407407407,197.53086419753086,4.938271604938271,0.0,37.03703703703704,0.0,0.0,0.0,0.0,12.345679012345679,0.0,0.0,2.4691358024691357,4.938271604938271,4.938271604938271,0.0,2.4691358024691357,0.0,0.0,0.0,0.0,2.4691358024691357,7.407407407407407,9.876543209876543,118.51851851851852,59.25925925925926,4.938271604938271,56.79012345679013,0.54,4.7025,2.4691358024691357,0.0,2.4691358024691357,0.0,9.876543209876543,0.0,4.938271604938271,9.876543209876543,0.0,4.938271604938271,0.0,9.876543209876543,2.4691358024691357,2.4691358024691357,12.345679012345679,0.0,2.4691358024691357,0.0,4.938271604938271,7.407407407407407,12.345679012345679,0.0,14.814814814814815
97526,44.81132075471698,0.0,18.867924528301884,4.716981132075471,7.0754716981132075,2.3584905660377355,9.433962264150942,49.528301886792455,2.3584905660377355,4.716981132075471,0.0,0.0,21.22641509433962,14.150943396226415,7.0754716981132075,242.9245283018868,0.0,0.0,18.867924528301884,4.716981132075471,0.0,0.0,0.0,16.50943396226415,9.433962264150942,0.0,0.0,0.0,4.716981132075471,0.0,4.716981132075471,0.0,0.0,0.0,0.0,0.0,2.3584905660377355,9.433962264150942,108.49056603773585,61.320754716981135,0.0,66.0377358490566,0.619277108433735,4.602409638554217,0.0,2.3584905660377355,2.3584905660377355,4.716981132075471,7.0754716981132075,0.0,7.0754716981132075,9.433962264150942,2.3584905660377355,9.433962264150942,9.433962264150942,9.433962264150942,4.716981132075471,0.0,16.50943396226415,0.0,2.3584905660377355,0.0,0.0,16.50943396226415,16.50943396226415,2.3584905660377355,9.433962264150942
99004,97.01492537313433,7.462686567164179,17.412935323383085,4.975124378109452,0.0,39.80099502487562,4.975124378109452,77.11442786069651,14.925373134328359,2.487562189054726,4.975124378109452,2.487562189054726,29.850746268656717,12.437810945273633,0.0,213.93034825870646,4.975124378109452,0.0,37.31343283582089,4.975124378109452,2.487562189054726,0.0,0.0,12.437810945273633,2.487562189054726,2.487562189054726,0.0,4.975124378109452,7.462686567164179,0.0,9.950248756218905,0.0,0.0,0.0,2.487562189054726,0.0,2.487562189054726,2.487562189054726,97.01492537313433,52.23880597014925,9.950248756218905,47.2636815920398,0.568922305764411,4.4260651629072685,0.0,0.0,0.0,0.0,7.462686567164179,0.0,4.975124378109452,9.950248756218905,0.0,2.487562189054726,2.487562189054726,22.388059701492537,4.975124378109452,0.0,7.462686567164179,0.0,0.0,0.0,0.0,9.950248756218905,12.437810945273633,2.487562189054726,4.975124378109452
99454,84.33734939759036,21.686746987951807,26.50602409638554,7.228915662650603,2.4096385542168677,62.65060240963856,12.048192771084338,43.373493975903614,4.819277108433735,4.819277108433735,2.4096385542168677,2.4096385542168677,21.686746987951807,12.048192771084338,2.4096385542168677,209.63855421686748,9.63855421686747,0.0,31.32530120481928,7.228915662650603,0.0,0.0,0.0,12.048192771084338,4.819277108433735,2.4096385542168677,2.4096385542168677,0.0,7.228915662650603,2.4096385542168677,7.228915662650603,0.0,0.0,0.0,0.0,2.4096385542168677,7.228915662650603,2.4096385542168677,93.97590361445783,57.83132530120482,4.819277108433735,67.46987951807229,0.6040609137055838,4.467005076142132,0.0,2.4096385542168677,2.4096385542168677,0.0,2.4096385542168677,0.0,0.0,2.4096385542168677,0.0,4.819277108433735,7.228915662650603,7.228915662650603,4.819277108433735,2.4096385542168677,40.96385542168675,0.0,2.4096385542168677,2.4096385542168677,9.63855421686747,0.0,7.228915662650603,0.0,14.457831325301205
100027,109.7560975609756,12.195121951219512,0.0,7.317073170731708,2.4390243902439024,82.92682926829269,0.0,7.317073170731708,19.51219512195122,2.4390243902439024,7.317073170731708,0.0,7.317073170731708,12.195121951219512,2.4390243902439024,185.3658536585366,0.0,0.0,31.70731707317073,2.4390243902439024,0.0,2.4390243902439024,0.0,14.634146341463415,2.4390243902439024,0.0,2.4390243902439024,0.0,2.4390243902439024,0.0,0.0,0.0,0.0,0.0,0.0,0.0,7.317073170731708,19.51219512195122,102.4390243902439,60.97560975609756,9.75609756097561,58.53658536585366,0.542997542997543,4.3660933660933665,0.0,0.0,2.4390243902439024,2.4390243902439024,4.878048780487805,0.0,4.878048780487805,4.878048780487805,0.0,4.878048780487805,0.0,19.51219512195122,2.4390243902439024,12.195121951219512,4.878048780487805,2.4390243902439024,0.0,0.0,0.0,7.317073170731708,19.51219512195122,2.4390243902439024,7.317073170731708
102073,78.62407862407862,9.828009828009828,56.511056511056516,7.371007371007371,2.457002457002457,24.570024570024568,9.828009828009828,56.511056511056516,27.027027027027028,7.371007371007371,2.457002457002457,0.0,19.656019656019655,7.371007371007371,2.457002457002457,199.01719901719903,2.457002457002457,2.457002457002457,31.94103194103194,2.457002457002457,0.0,0.0,0.0,7.371007371007371,7.371007371007371,2.457002457002457,4.914004914004914,0.0,7.371007371007371,0.0,0.0,0.0,0.0,0.0,2.457002457002457,0.0,4.914004914004914,4.914004914004914,88.45208845208845,41.76904176904177,0.0,100.73710073710073,0.5903307888040712,4.516539440203562,0.0,2.457002457002457,2.457002457002457,2.457002457002457,7.371007371007371,2.457002457002457,2.457002457002457,2.457002457002457,0.0,0.0,0.0,24.570024570024568,2.457002457002457,0.0,29.484029484029485,0.0,0.0,0.0,4.914004914004914,2.457002457002457,19.656019656019655,0.0,12.285012285012284
103821,70.3883495145631,0.0,0.0,0.0,4.854368932038835,0.0,0.0,58.25242718446602,12.135922330097086,0.0,2.4271844660194173,0.0,16.990291262135923,19.41747572815534,0.0,245.14563106796118,2.4271844660194173,0.0,16.990291262135923,0.0,0.0,0.0,0.0,12.135922330097086,4.854368932038835,4.854368932038835,4.854368932038835,0.0,2.4271844660194173,0.0,4.854368932038835,0.0,0.0,0.0,0.0,2.4271844660194173,0.0,7.281553398058253,114.07766990291263,63.10679611650485,7.281553398058253,72.81553398058252,0.5696821515892421,4.7310513447432765,2.4271844660194173,2.4271844660194173,0.0,4.854368932038835,9.70873786407767,0.0,4.854368932038835,12.135922330097086,0.0,0.0,2.4271844660194173,21.844660194174757,2.4271844660194173,0.0,0.0,0.0,0.0,0.0,4.854368932038835,29.12621359223301,12.135922330097086,2.4271844660194173,7.281553398058253
105419,68.62745098039217,14.705882352941176,31.862745098039213,12.254901960784313,2.450980392156863,12.254901960784313,4.901960784313726,22.058823529411764,22.058823529411764,2.450980392156863,2.450980392156863,0.0,12.254901960784313,22.058823529411764,4.901960784313726,210.7843137254902,9.803921568627452,2.450980392156863,44.11764705882353,4.901960784313726,0.0,2.450980392156863,2.450980392156863,24.509803921568626,2.450980392156863,0.0,0.0,0.0,2.450980392156863,0.0,0.0,0.0,0.0,0.0,0.0,0.0,7.352941176470588,12.254901960784313,83.33333333333333,31.862745098039213,9.803921568627452,93.13725490196079,0.5801526717557252,4.516539440203562,0.0,2.450980392156863,2.450980392156863,2.450980392156863,9.803921568627452,0.0,4.901960784313726,7.352941176470588,0.0,2.450980392156863,4.901960784313726,12.254901960784313,4.901960784313726,0.0,24.509803921568626,0.0,0.0,2.450980392156863,0.0,9.803921568627452,14.705882352941176,2.450980392156863,19.607843137254903
105783,47.38154613466334,4.987531172069826,14.962593516209475,4.987531172069826,2.493765586034913,14.962593516209475,2.493765586034913,2.493765586034913,12.468827930174564,2.493765586034913,0.0,0.0,9.975062344139651,37.406483790523694,7.481296758104738,231.92019950124688,7.481296758104738,0.0,29.92518703241895,2.493765586034913,0.0,0.0,0.0,27.43142144638404,0.0,2.493765586034913,7.481296758104738,7.481296758104738,4.987531172069826,0.0,0.0,0.0,0.0,0.0,0.0,0.0,2.493765586034913,4.987531172069826,104.73815461346634,54.86284289276808,17.456359102244388,44.88778054862843,0.616751269035533,5.149746192893401,4.987531172069826,0.0,0.0,0.0,7.481296758104738,0.0,9.975062344139651,2.493765586034913,0.0,7.481296758104738,7.481296758104738,12.468827930174564,7.481296758104738,7.481296758104738,9.975062344139651,0.0,0.0,0.0,0.0,32.418952618453865,4.987531172069826,4.987531172069826,4.987531172069826
105796,45.0,7.5,77.5,2.5,2.5,65.0,22.5,30.0,17.5,12.5,0.0,2.5,25.0,10.0,2.5,192.5,7.5,0.0,37.5,2.5,0.0,0.0,0.0,7.5,2.5,2.5,2.5,2.5,7.5,0.0,5.0,0.0,0.0,0.0,7.5,0.0,2.5,7.5,85.0,70.0,5.0,70.0,0.6105263157894737,4.705263157894737,0.0,0.0,0.0,2.5,10.0,2.5,2.5,2.5,2.5,2.5,7.5,25.0,10.0,5.0,45.0,0.0,2.5,0.0,2.5,2.5,20.0,0.0,5.0
10779,94.8905109489051,12.165450121654501,4.866180048661801,7.299270072992701,7.299270072992701,34.0632603406326,0.0,4.866180048661801,34.0632603406326,4.866180048661801,12.165450121654501,0.0,14.598540145985401,19.464720194647203,2.4330900243309004,218.97810218978103,9.732360097323602,0.0,29.197080291970803,2.4330900243309004,7.299270072992701,0.0,0.0,19.464720194647203,2.4330900243309004,0.0,0.0,0.0,0.0,0.0,0.0,0.0,0.0,0.0,0.0,0.0,4.866180048661801,12.165450121654501,94.8905109489051,63.26034063260341,12.165450121654501,72.992700729927,0.5682382133995038,4.640198511166253,2.4330900243309004,0.0,4.866180048661801,0.0,7.299270072992701,0.0,4.866180048661801,7.299270072992701,0.0,2.4330900243309004,4.866180048661801,17.0316301703163,7.299270072992701,4.866180048661801,14.598540145985401,2.4330900243309004,0.0,0.0,0.0,9.732360097323602,9.732360097323602,2.4330900243309004,14.598540145985401
109302,111.1111111111111,21.73913043478261,14.492753623188406,9.66183574879227,2.4154589371980677,60.386473429951685,2.4154589371980677,41.06280193236715,12.077294685990339,7.246376811594203,16.908212560386474,0.0,24.154589371980677,12.077294685990339,4.830917874396135,157.0048309178744,14.492753623188406,0.0,43.47826086956522,9.66183574879227,2.4154589371980677,0.0,0.0,14.492753623188406,2.4154589371980677,2.4154589371980677,2.4154589371980677,0.0,12.077294685990339,2.4154589371980677,2.4154589371980677,0.0,0.0,0.0,0.0,2.4154589371980677,4.830917874396135,12.077294685990339,108.69565217391305,53.14009661835749,4.830917874396135,79.71014492753622,0.5378973105134475,4.28361858190709,0.0,4.830917874396135,2.4154589371980677,4.830917874396135,4.830917874396135,0.0,2.4154589371980677,0.0,0.0,0.0,7.246376811594203,14.492753623188406,7.246376811594203,4.830917874396135,12.077294685990339,0.0,9.66183574879227,0.0,2.4154589371980677,7.246376811594203,7.246376811594203,4.830917874396135,4.830917874396135
109529,70.73170731707316,9.75609756097561,26.829268292682926,2.4390243902439024,4.878048780487805,34.146341463414636,9.75609756097561,56.09756097560976,4.878048780487805,0.0,14.634146341463415,0.0,17.073170731707318,19.51219512195122,0.0,226.82926829268294,7.317073170731708,2.4390243902439024,26.829268292682926,0.0,0.0,0.0,0.0,14.634146341463415,4.878048780487805,2.4390243902439024,2.4390243902439024,2.4390243902439024,2.4390243902439024,0.0,4.878048780487805,0.0,0.0,0.0,0.0,0.0,9.75609756097561,7.317073170731708,90.24390243902438,43.90243902439024,7.317073170731708,63.41463414634146,0.582089552238806,4.502487562189055,0.0,0.0,2.4390243902439024,2.4390243902439024,2.4390243902439024,4.878048780487805,0.0,4.878048780487805,0.0,0.0,2.4390243902439024,17.073170731707318,4.878048780487805,2.4390243902439024,17.073170731707318,0.0,0.0,0.0,0.0,4.878048780487805,7.317073170731708,0.0,2.4390243902439024
110179,113.25301204819277,45.78313253012048,0.0,14.457831325301205,2.4096385542168677,2.4096385542168677,0.0,96.3855421686747,24.096385542168676,2.4096385542168677,4.819277108433735,0.0,16.867469879518072,16.867469879518072,7.228915662650603,166.26506024096386,7.228915662650603,0.0,28.91566265060241,0.0,0.0,0.0,2.4096385542168677,9.63855421686747,2.4096385542168677,0.0,4.819277108433735,0.0,7.228915662650603,0.0,0.0,0.0,0.0,2.4096385542168677,2.4096385542168677,0.0,0.0,19.27710843373494,77.10843373493977,28.91566265060241,4.819277108433735,84.33734939759036,0.5485436893203883,4.405339805825243,2.4096385542168677,2.4096385542168677,0.0,4.819277108433735,12.048192771084338,0.0,2.4096385542168677,4.819277108433735,0.0,0.0,7.228915662650603,24.096385542168676,0.0,0.0,4.819277108433735,0.0,2.4096385542168677,0.0,7.228915662650603,12.048192771084338,14.457831325301205,4.819277108433735,14.457831325301205
112802,69.1358024691358,4.938271604938271,17.28395061728395,2.4691358024691357,2.4691358024691357,32.098765432098766,2.4691358024691357,37.03703703703704,14.814814814814815,4.938271604938271,0.0,0.0,17.28395061728395,9.876543209876543,19.753086419753085,202.46913580246914,7.407407407407407,2.4691358024691357,17.28395061728395,0.0,0.0,0.0,0.0,12.345679012345679,2.4691358024691357,0.0,4.938271604938271,0.0,4.938271604938271,0.0,4.938271604938271,0.0,0.0,0.0,0.0,2.4691358024691357,2.4691358024691357,2.4691358024691357,123.45679012345678,88.88888888888889,0.0,61.72839506172839,0.599502487562189,4.721393034825871,4.938271604938271,0.0,0.0,0.0,27.160493827160494,0.0,4.938271604938271,0.0,0.0,17.28395061728395,9.876543209876543,12.345679012345679,9.876543209876543,2.4691358024691357,7.407407407407407,0.0,2.4691358024691357,2.4691358024691357,7.407407407407407,9.876543209876543,9.876543209876543,0.0,4.938271604938271
114565,81.5347721822542,9.592326139088728,2.398081534772182,4.796163069544364,9.592326139088728,0.0,0.0,67.1462829736211,9.592326139088728,7.194244604316547,0.0,4.796163069544364,14.388489208633095,14.388489208633095,4.796163069544364,230.21582733812951,2.398081534772182,0.0,23.980815347721823,4.796163069544364,0.0,0.0,0.0,9.592326139088728,2.398081534772182,0.0,4.796163069544364,0.0,0.0,0.0,4.796163069544364,0.0,0.0,0.0,0.0,2.398081534772182,2.398081534772182,9.592326139088728,110.31175059952038,62.35011990407674,0.0,91.12709832134293,0.6053268765133172,4.447941888619854,2.398081534772182,4.796163069544364,0.0,0.0,4.796163069544364,2.398081534772182,4.796163069544364,4.796163069544364,0.0,0.0,0.0,19.184652278177456,0.0,0.0,7.194244604316547,0.0,0.0,0.0,0.0,14.388489208633095,9.592326139088728,0.0,9.592326139088728
115312,123.45679012345678,12.345679012345679,12.345679012345679,14.814814814814815,14.814814814814815,120.98765432098766,2.4691358024691357,9.876543209876543,14.814814814814815,7.407407407407407,4.938271604938271,0.0,7.407407407407407,14.814814814814815,2.4691358024691357,180.2469135802469,2.4691358024691357,0.0,39.50617283950617,0.0,0.0,0.0,2.4691358024691357,24.691358024691358,4.938271604938271,0.0,2.4691358024691357,2.4691358024691357,0.0,0.0,0.0,0.0,0.0,0.0,2.4691358024691357,0.0,4.938271604938271,4.938271604938271,56.79012345679013,54.32098765432099,7.407407407407407,66.66666666666667,0.5286783042394015,4.43640897755611,0.0,0.0,2.4691358024691357,0.0,4.938271604938271,0.0,9.876543209876543,9.876543209876543,0.0,0.0,2.4691358024691357,41.97530864197531,2.4691358024691357,0.0,9.876543209876543,7.407407407407407,0.0,0.0,0.0,9.876543209876543,22.22222222222222,0.0,12.345679012345679
116133,74.44168734491315,2.4813895781637716,14.88833746898263,0.0,7.444168734491315,37.220843672456574,19.851116625310173,17.3697270471464,7.444168734491315,0.0,2.4813895781637716,0.0,14.88833746898263,12.40694789081886,0.0,282.87841191066997,7.444168734491315,0.0,29.77667493796526,0.0,0.0,2.4813895781637716,0.0,9.925558312655086,2.4813895781637716,0.0,2.4813895781637716,0.0,4.962779156327543,0.0,0.0,0.0,0.0,0.0,0.0,0.0,0.0,4.962779156327543,119.10669975186104,57.07196029776674,7.444168734491315,54.59057071960298,0.5848101265822785,4.6936708860759495,0.0,0.0,0.0,0.0,7.444168734491315,2.4813895781637716,0.0,2.4813895781637716,0.0,4.962779156327543,4.962779156327543,14.88833746898263,2.4813895781637716,0.0,7.444168734491315,0.0,2.4813895781637716,0.0,2.4813895781637716,12.40694789081886,9.925558312655086,0.0,4.962779156327543
118817,90.46454767726162,2.444987775061125,2.444987775061125,4.88997555012225,2.444987775061125,68.45965770171149,0.0,12.224938875305625,17.114914425427873,4.88997555012225,7.334963325183374,2.444987775061125,12.224938875305625,17.114914425427873,2.444987775061125,222.49388753056235,2.444987775061125,0.0,29.339853300733495,7.334963325183374,0.0,2.444987775061125,0.0,2.444987775061125,4.88997555012225,0.0,7.334963325183374,4.88997555012225,4.88997555012225,0.0,0.0,0.0,0.0,0.0,2.444987775061125,0.0,4.88997555012225,14.669926650366747,95.35452322738386,63.56968215158924,7.334963325183374,88.0195599022005,0.607940446650124,4.781637717121588,0.0,0.0,0.0,0.0,9.7799511002445,0.0,4.88997555012225,9.7799511002445,0.0,4.88997555012225,0.0,9.7799511002445,0.0,0.0,9.7799511002445,0.0,0.0,0.0,0.0,14.669926650366747,7.334963325183374,4.88997555012225,9.7799511002445
121389,88.66995073891626,4.926108374384237,4.926108374384237,7.389162561576354,4.926108374384237,0.0,0.0,59.11330049261083,29.556650246305416,2.4630541871921183,2.4630541871921183,2.4630541871921183,17.241379310344826,27.093596059113302,2.4630541871921183,216.74876847290642,2.4630541871921183,0.0,41.87192118226601,2.4630541871921183,0.0,0.0,0.0,9.852216748768473,4.926108374384237,0.0,4.926108374384237,2.4630541871921183,9.852216748768473,0.0,0.0,0.0,0.0,0.0,4.926108374384237,2.4630541871921183,4.926108374384237,9.852216748768473,108.37438423645321,39.40886699507389,7.389162561576354,73.89162561576356,0.5445544554455446,4.376237623762377,2.4630541871921183,2.4630541871921183,0.0,2.4630541871921183,4.926108374384237,0.0,9.852216748768473,7.389162561576354,0.0,7.389162561576354,0.0,22.167487684729064,2.4630541871921183,0.0,2.4630541871921183,0.0,0.0,0.0,7.389162561576354,9.852216748768473,12.315270935960593,4.926108374384237,17.241379310344826
121851,91.81141439205956,12.40694789081886,2.4813895781637716,0.0,4.962779156327543,0.0,0.0,39.702233250620345,9.925558312655086,4.962779156327543,0.0,2.4813895781637716,37.220843672456574,34.7394540942928,4.962779156327543,228.28784119106697,7.444168734491315,0.0,14.88833746898263,0.0,2.4813895781637716,0.0,0.0,22.332506203473944,4.962779156327543,0.0,2.4813895781637716,2.4813895781637716,4.962779156327543,0.0,7.444168734491315,0.0,0.0,0.0,0.0,0.0,2.4813895781637716,9.925558312655086,106.69975186104217,47.146401985111666,0.0,64.51612903225806,0.5875,4.72,2.4813895781637716,0.0,2.4813895781637716,0.0,7.444168734491315,0.0,4.962779156327543,14.88833746898263,0.0,4.962779156327543,2.4813895781637716,29.77667493796526,12.40694789081886,4.962779156327543,4.962779156327543,2.4813895781637716,0.0,2.4813895781637716,9.925558312655086,22.332506203473944,7.444168734491315,0.0,4.962779156327543
123242,81.08108108108108,17.1990171990172,7.371007371007371,0.0,2.457002457002457,0.0,4.914004914004914,22.11302211302211,12.285012285012284,0.0,7.371007371007371,0.0,27.027027027027028,22.11302211302211,9.828009828009828,233.41523341523342,14.742014742014742,0.0,24.570024570024568,0.0,0.0,0.0,0.0,17.1990171990172,4.914004914004914,0.0,0.0,4.914004914004914,12.285012285012284,0.0,7.371007371007371,0.0,0.0,0.0,0.0,0.0,0.0,2.457002457002457,103.19410319410319,68.7960687960688,7.371007371007371,46.68304668304668,0.5522388059701493,5.029850746268656,0.0,0.0,0.0,0.0,9.828009828009828,0.0,7.371007371007371,7.371007371007371,0.0,4.914004914004914,0.0,19.656019656019655,2.457002457002457,0.0,2.457002457002457,0.0,4.914004914004914,0.0,4.914004914004914,27.027027027027028,17.1990171990172,0.0,4.914004914004914
126512,62.79069767441861,9.30232558139535,25.58139534883721,4.651162790697675,0.0,9.30232558139535,6.976744186046512,41.860465116279066,11.627906976744185,4.651162790697675,4.651162790697675,0.0,13.953488372093023,6.976744186046512,4.651162790697675,262.7906976744186,0.0,0.0,39.53488372093023,4.651162790697675,2.3255813953488373,0.0,0.0,4.651162790697675,4.651162790697675,0.0,2.3255813953488373,0.0,4.651162790697675,0.0,2.3255813953488373,0.0,0.0,0.0,0.0,0.0,0.0,9.30232558139535,118.6046511627907,55.81395348837209,9.30232558139535,48.83720930232558,0.6097560975609756,4.453658536585366,2.3255813953488373,0.0,2.3255813953488373,0.0,11.627906976744185,0.0,2.3255813953488373,0.0,2.3255813953488373,2.3255813953488373,4.651162790697675,13.953488372093023,4.651162790697675,4.651162790697675,18.6046511627907,2.3255813953488373,0.0,0.0,0.0,11.627906976744185,9.30232558139535,0.0,6.976744186046512
126720,62.80193236714976,2.4154589371980677,26.570048309178745,9.66183574879227,4.830917874396135,16.908212560386474,14.492753623188406,41.06280193236715,16.908212560386474,4.830917874396135,7.246376811594203,0.0,12.077294685990339,12.077294685990339,9.66183574879227,171.49758454106282,4.830917874396135,0.0,31.40096618357488,4.830917874396135,0.0,0.0,0.0,14.492753623188406,0.0,0.0,2.4154589371980677,0.0,4.830917874396135,2.4154589371980677,2.4154589371980677,0.0,0.0,0.0,0.0,2.4154589371980677,9.66183574879227,14.492753623188406,101.44927536231884,60.386473429951685,16.908212560386474,62.80193236714976,0.5508684863523573,4.523573200992556,2.4154589371980677,0.0,0.0,7.246376811594203,16.908212560386474,0.0,12.077294685990339,16.908212560386474,0.0,2.4154589371980677,9.66183574879227,19.32367149758454,9.66183574879227,0.0,24.154589371980677,0.0,2.4154589371980677,0.0,0.0,19.32367149758454,19.32367149758454,0.0,9.66183574879227
128459,50.377833753148614,0.0,20.151133501259444,7.556675062972292,7.556675062972292,17.632241813602015,7.556675062972292,60.45340050377833,7.556675062972292,5.037783375314861,2.5188916876574305,0.0,5.037783375314861,22.670025188916874,5.037783375314861,221.6624685138539,7.556675062972292,0.0,37.783375314861466,5.037783375314861,0.0,0.0,0.0,22.670025188916874,0.0,0.0,2.5188916876574305,2.5188916876574305,5.037783375314861,0.0,0.0,0.0,0.0,0.0,2.5188916876574305,0.0,5.037783375314861,5.037783375314861,108.31234256926953,62.97229219143577,12.594458438287154,78.08564231738035,0.5852417302798982,4.674300254452926,5.037783375314861,0.0,2.5188916876574305,0.0,12.594458438287154,0.0,7.556675062972292,15.113350125944583,0.0,5.037783375314861,5.037783375314861,20.151133501259444,5.037783375314861,2.5188916876574305,7.556675062972292,0.0,5.037783375314861,0.0,0.0,10.075566750629722,10.075566750629722,0.0,7.556675062972292
133601,70.75471698113208,7.0754716981132075,14.150943396226415,2.3584905660377355,4.716981132075471,4.716981132075471,4.716981132075471,23.58490566037736,2.3584905660377355,0.0,0.0,0.0,7.0754716981132075,9.433962264150942,4.716981132075471,250.0,9.433962264150942,0.0,25.943396226415096,2.3584905660377355,2.3584905660377355,0.0,0.0,16.50943396226415,4.716981132075471,4.716981132075471,0.0,0.0,4.716981132075471,0.0,2.3584905660377355,0.0,0.0,0.0,0.0,0.0,0.0,9.433962264150942,108.49056603773585,63.679245283018865,4.716981132075471,82.54716981132076,0.5193236714975845,4.528985507246377,7.0754716981132075,2.3584905660377355,0.0,0.0,18.867924528301884,2.3584905660377355,4.716981132075471,4.716981132075471,0.0,0.0,9.433962264150942,9.433962264150942,2.3584905660377355,0.0,2.3584905660377355,0.0,0.0,0.0,2.3584905660377355,9.433962264150942,9.433962264150942,2.3584905660377355,18.867924528301884
134221,82.08955223880596,4.975124378109452,44.776119402985074,2.487562189054726,0.0,74.62686567164178,27.36318407960199,32.33830845771144,14.925373134328359,12.437810945273633,14.925373134328359,2.487562189054726,22.388059701492537,12.437810945273633,0.0,171.6417910447761,12.437810945273633,0.0,34.82587064676617,0.0,2.487562189054726,0.0,0.0,22.388059701492537,2.487562189054726,0.0,0.0,0.0,0.0,0.0,2.487562189054726,2.487562189054726,2.487562189054726,0.0,0.0,0.0,4.975124378109452,12.437810945273633,89.55223880597015,14.925373134328359,7.462686567164179,69.65174129353234,0.5524296675191815,4.29923273657289,7.462686567164179,2.487562189054726,2.487562189054726,0.0,4.975124378109452,2.487562189054726,7.462686567164179,7.462686567164179,2.487562189054726,7.462686567164179,4.975124378109452,22.388059701492537,7.462686567164179,0.0,24.875621890547265,0.0,4.975124378109452,0.0,0.0,0.0,17.412935323383085,17.412935323383085,4.975124378109452
134761,53.398058252427184,7.281553398058253,31.553398058252426,4.854368932038835,4.854368932038835,12.135922330097086,0.0,48.543689320388346,14.563106796116505,0.0,2.4271844660194173,0.0,9.70873786407767,21.844660194174757,2.4271844660194173,262.13592233009706,4.854368932038835,0.0,24.271844660194173,12.135922330097086,0.0,0.0,0.0,7.281553398058253,9.70873786407767,0.0,12.135922330097086,0.0,2.4271844660194173,0.0,2.4271844660194173,0.0,0.0,0.0,0.0,0.0,0.0,2.4271844660194173,99.51456310679612,33.980582524271846,9.70873786407767,63.10679611650485,0.599009900990099,4.849009900990099,2.4271844660194173,4.854368932038835,0.0,0.0,12.135922330097086,2.4271844660194173,2.4271844660194173,4.854368932038835,2.4271844660194173,12.135922330097086,16.990291262135923,26.699029126213592,4.854368932038835,0.0,2.4271844660194173,0.0,0.0,0.0,2.4271844660194173,9.70873786407767,14.563106796116505,0.0,2.4271844660194173
135111,102.68948655256723,12.224938875305625,2.444987775061125,2.444987775061125,0.0,66.01466992665037,7.334963325183374,19.559902200489,26.89486552567237,2.444987775061125,0.0,0.0,19.559902200489,2.444987775061125,4.88997555012225,210.2689486552567,4.88997555012225,2.444987775061125,31.78484107579462,0.0,0.0,0.0,0.0,22.004889975550125,2.444987775061125,0.0,0.0,2.444987775061125,4.88997555012225,0.0,4.88997555012225,0.0,0.0,0.0,0.0,4.88997555012225,4.88997555012225,9.7799511002445,90.46454767726162,48.8997555012225,9.7799511002445,88.0195599022005,0.5580246913580247,4.1234567901234565,0.0,0.0,0.0,2.444987775061125,14.669926650366747,0.0,2.444987775061125,7.334963325183374,0.0,9.7799511002445,2.444987775061125,24.44987775061125,2.444987775061125,0.0,7.334963325183374,0.0,0.0,0.0,0.0,9.7799511002445,22.004889975550125,2.444987775061125,14.669926650366747
138678,121.65450121654501,0.0,2.4330900243309004,0.0,4.866180048661801,65.69343065693431,2.4330900243309004,21.897810218978105,14.598540145985401,2.4330900243309004,9.732360097323602,0.0,17.0316301703163,9.732360097323602,0.0,206.8126520681265,4.866180048661801,2.4330900243309004,38.929440389294406,0.0,2.4330900243309004,0.0,0.0,7.299270072992701,4.866180048661801,2.4330900243309004,0.0,4.866180048661801,7.299270072992701,2.4330900243309004,0.0,0.0,0.0,0.0,0.0,0.0,2.4330900243309004,24.330900243309003,87.59124087591242,58.394160583941606,7.299270072992701,94.8905109489051,0.5703703703703704,4.3432098765432094,4.866180048661801,12.165450121654501,0.0,2.4330900243309004,7.299270072992701,0.0,2.4330900243309004,4.866180048661801,0.0,0.0,2.4330900243309004,26.7639902676399,2.4330900243309004,7.299270072992701,7.299270072992701,0.0,0.0,0.0,0.0,9.732360097323602,12.165450121654501,2.4330900243309004,9.732360097323602
139383,83.53808353808354,9.828009828009828,41.76904176904177,2.457002457002457,0.0,88.45208845208845,22.11302211302211,27.027027027027028,19.656019656019655,7.371007371007371,4.914004914004914,4.914004914004914,19.656019656019655,4.914004914004914,2.457002457002457,132.67813267813267,7.371007371007371,0.0,41.76904176904177,2.457002457002457,2.457002457002457,0.0,0.0,22.11302211302211,14.742014742014742,2.457002457002457,0.0,0.0,7.371007371007371,0.0,2.457002457002457,0.0,0.0,0.0,2.457002457002457,0.0,9.828009828009828,0.0,71.25307125307125,17.1990171990172,9.828009828009828,83.53808353808354,0.5429292929292929,3.977272727272727,0.0,0.0,4.914004914004914,0.0,17.1990171990172,0.0,7.371007371007371,12.285012285012284,0.0,7.371007371007371,7.371007371007371,22.11302211302211,2.457002457002457,2.457002457002457,24.570024570024568,0.0,0.0,0.0,7.371007371007371,4.914004914004914,17.1990171990172,2.457002457002457,9.828009828009828
140795,87.37864077669903,7.281553398058253,14.563106796116505,9.70873786407767,4.854368932038835,43.689320388349515,9.70873786407767,0.0,29.12621359223301,2.4271844660194173,14.563106796116505,0.0,24.271844660194173,19.41747572815534,0.0,189.32038834951456,7.281553398058253,0.0,41.2621359223301,7.281553398058253,0.0,0.0,2.4271844660194173,12.135922330097086,2.4271844660194173,0.0,0.0,2.4271844660194173,19.41747572815534,0.0,0.0,0.0,0.0,0.0,0.0,2.4271844660194173,0.0,0.0,104.36893203883494,43.689320388349515,7.281553398058253,82.5242718446602,0.5441176470588235,4.3431372549019605,4.854368932038835,4.854368932038835,4.854368932038835,2.4271844660194173,7.281553398058253,0.0,4.854368932038835,7.281553398058253,0.0,0.0,0.0,7.281553398058253,2.4271844660194173,2.4271844660194173,9.70873786407767,0.0,2.4271844660194173,0.0,9.70873786407767,14.563106796116505,2.4271844660194173,7.281553398058253,14.563106796116505
141638,115.47911547911548,22.11302211302211,7.371007371007371,12.285012285012284,14.742014742014742,7.371007371007371,12.285012285012284,71.25307125307125,29.484029484029485,9.828009828009828,4.914004914004914,0.0,22.11302211302211,14.742014742014742,7.371007371007371,184.27518427518427,0.0,0.0,41.76904176904177,0.0,0.0,0.0,0.0,19.656019656019655,0.0,0.0,0.0,0.0,14.742014742014742,2.457002457002457,0.0,0.0,0.0,0.0,0.0,4.914004914004914,4.914004914004914,12.285012285012284,103.19410319410319,36.85503685503686,7.371007371007371,95.82309582309583,0.5407407407407407,4.525925925925926,0.0,2.457002457002457,2.457002457002457,2.457002457002457,7.371007371007371,2.457002457002457,7.371007371007371,4.914004914004914,0.0,2.457002457002457,2.457002457002457,22.11302211302211,2.457002457002457,4.914004914004914,0.0,0.0,0.0,4.914004914004914,12.285012285012284,12.285012285012284,14.742014742014742,2.457002457002457,7.371007371007371
14195,69.82543640897755,12.468827930174564,0.0,2.493765586034913,12.468827930174564,2.493765586034913,0.0,22.443890274314214,0.0,2.493765586034913,0.0,0.0,9.975062344139651,37.406483790523694,2.493765586034913,256.857855361596,9.975062344139651,0.0,9.975062344139651,0.0,0.0,0.0,0.0,12.468827930174564,9.975062344139651,2.493765586034913,2.493765586034913,0.0,2.493765586034913,0.0,4.987531172069826,0.0,0.0,0.0,0.0,2.493765586034913,0.0,9.975062344139651,132.16957605985039,59.8503740648379,2.493765586034913,52.36907730673317,0.5653266331658291,4.934673366834171,2.493765586034913,0.0,2.493765586034913,4.987531172069826,4.987531172069826,4.987531172069826,2.493765586034913,2.493765586034913,0.0,0.0,2.493765586034913,17.456359102244388,4.987531172069826,0.0,2.493765586034913,0.0,0.0,0.0,2.493765586034913,12.468827930174564,7.481296758104738,2.493765586034913,7.481296758104738
143898,63.41463414634146,17.073170731707318,26.829268292682926,9.75609756097561,0.0,24.390243902439025,2.4390243902439024,51.21951219512195,7.317073170731708,2.4390243902439024,4.878048780487805,0.0,17.073170731707318,21.95121951219512,0.0,248.78048780487805,2.4390243902439024,0.0,17.073170731707318,0.0,0.0,0.0,0.0,9.75609756097561,2.4390243902439024,0.0,4.878048780487805,0.0,12.195121951219512,0.0,2.4390243902439024,0.0,0.0,0.0,0.0,0.0,0.0,4.878048780487805,112.19512195121952,43.90243902439024,4.878048780487805,41.463414634146346,0.5792079207920792,4.76980198019802,0.0,2.4390243902439024,0.0,0.0,0.0,0.0,0.0,2.4390243902439024,0.0,9.75609756097561,2.4390243902439024,19.51219512195122,0.0,0.0,9.75609756097561,0.0,2.4390243902439024,0.0,0.0,9.75609756097561,12.195121951219512,4.878048780487805,2.4390243902439024
147071,49.140049140049136,12.285012285012284,51.597051597051596,4.914004914004914,0.0,68.7960687960688,2.457002457002457,66.33906633906633,12.285012285012284,2.457002457002457,7.371007371007371,0.0,22.11302211302211,9.828009828009828,4.914004914004914,176.9041769041769,2.457002457002457,0.0,31.94103194103194,4.914004914004914,0.0,0.0,0.0,14.742014742014742,4.914004914004914,0.0,0.0,4.914004914004914,2.457002457002457,4.914004914004914,4.914004914004914,0.0,0.0,0.0,0.0,2.457002457002457,7.371007371007371,12.285012285012284,85.995085995086,36.85503685503686,4.914004914004914,78.62407862407862,0.5521628498727735,3.9720101781170483,0.0,4.914004914004914,0.0,0.0,9.828009828009828,0.0,4.914004914004914,4.914004914004914,0.0,17.1990171990172,4.914004914004914,34.3980343980344,2.457002457002457,0.0,34.3980343980344,2.457002457002457,2.457002457002457,0.0,0.0,2.457002457002457,14.742014742014742,2.457002457002457,14.742014742014742
150318,53.78973105134474,19.559902200489,92.90953545232274,0.0,2.444987775061125,100.24449877750611,61.12469437652811,2.444987775061125,34.229828850855746,0.0,4.88997555012225,7.334963325183374,36.674816625916876,26.89486552567237,2.444987775061125,112.46943765281173,4.88997555012225,0.0,44.00977995110025,0.0,4.88997555012225,0.0,9.7799511002445,31.78484107579462,2.444987775061125,0.0,0.0,0.0,7.334963325183374,0.0,2.444987775061125,0.0,0.0,0.0,2.444987775061125,0.0,0.0,4.88997555012225,73.34963325183375,31.78484107579462,2.444987775061125,88.0195599022005,0.49740932642487046,4.0310880829015545,0.0,0.0,0.0,4.88997555012225,7.334963325183374,0.0,7.334963325183374,7.334963325183374,0.0,4.88997555012225,7.334963325183374,39.119804400978,4.88997555012225,0.0,53.78973105134474,4.88997555012225,2.444987775061125,0.0,4.88997555012225,7.334963325183374,19.559902200489,2.444987775061125,19.559902200489
152450,106.79611650485437,7.281553398058253,4.854368932038835,2.4271844660194173,0.0,60.67961165048544,0.0,55.8252427184466,16.990291262135923,2.4271844660194173,12.135922330097086,0.0,9.70873786407767,2.4271844660194173,0.0,172.33009708737865,4.854368932038835,0.0,36.40776699029126,0.0,0.0,0.0,2.4271844660194173,12.135922330097086,12.135922330097086,0.0,2.4271844660194173,2.4271844660194173,2.4271844660194173,2.4271844660194173,0.0,0.0,0.0,0.0,0.0,0.0,9.70873786407767,16.990291262135923,106.79611650485437,36.40776699029126,9.70873786407767,89.80582524271844,0.5307125307125307,4.226044226044226,0.0,0.0,0.0,2.4271844660194173,16.990291262135923,0.0,7.281553398058253,4.854368932038835,0.0,0.0,2.4271844660194173,19.41747572815534,2.4271844660194173,7.281553398058253,7.281553398058253,0.0,0.0,0.0,0.0,9.70873786407767,12.135922330097086,0.0,9.70873786407767
15252,81.5347721822542,16.786570743405274,0.0,9.592326139088728,7.194244604316547,38.36930455635491,0.0,35.97122302158273,9.592326139088728,0.0,7.194244604316547,0.0,11.990407673860911,2.398081534772182,2.398081534772182,232.61390887290167,0.0,0.0,33.57314148681055,2.398081534772182,0.0,0.0,0.0,14.388489208633095,2.398081534772182,0.0,4.796163069544364,4.796163069544364,7.194244604316547,0.0,2.398081534772182,0.0,0.0,0.0,0.0,0.0,4.796163069544364,9.592326139088728,124.70023980815348,52.75779376498801,2.398081534772182,59.95203836930456,0.5315533980582524,4.242718446601942,0.0,4.796163069544364,2.398081534772182,0.0,9.592326139088728,0.0,7.194244604316547,9.592326139088728,0.0,2.398081534772182,4.796163069544364,16.786570743405274,2.398081534772182,0.0,7.194244604316547,0.0,2.398081534772182,0.0,2.398081534772182,0.0,14.388489208633095,0.0,9.592326139088728
153168,100.73710073710073,12.285012285012284,36.85503685503686,2.457002457002457,2.457002457002457,14.742014742014742,12.285012285012284,44.22604422604422,29.484029484029485,4.914004914004914,2.457002457002457,4.914004914004914,14.742014742014742,14.742014742014742,2.457002457002457,235.87223587223588,12.285012285012284,0.0,49.140049140049136,0.0,0.0,0.0,0.0,9.828009828009828,2.457002457002457,0.0,0.0,0.0,2.457002457002457,0.0,2.457002457002457,0.0,0.0,0.0,0.0,0.0,0.0,12.285012285012284,98.28009828009827,41.76904176904177,14.742014742014742,51.597051597051596,0.5652173913043478,4.335038363171355,0.0,0.0,0.0,0.0,4.914004914004914,2.457002457002457,0.0,0.0,2.457002457002457,7.371007371007371,2.457002457002457,12.285012285012284,4.914004914004914,0.0,19.656019656019655,0.0,0.0,0.0,4.914004914004914,2.457002457002457,9.828009828009828,0.0,2.457002457002457
15729,77.11442786069651,4.975124378109452,42.28855721393035,2.487562189054726,0.0,4.975124378109452,14.925373134328359,49.75124378109453,12.437810945273633,14.925373134328359,14.925373134328359,2.487562189054726,9.950248756218905,12.437810945273633,2.487562189054726,211.44278606965176,2.487562189054726,0.0,22.388059701492537,2.487562189054726,2.487562189054726,0.0,2.487562189054726,12.437810945273633,9.950248756218905,2.487562189054726,0.0,2.487562189054726,2.487562189054726,0.0,2.487562189054726,0.0,0.0,0.0,2.487562189054726,0.0,0.0,19.90049751243781,77.11442786069651,29.850746268656717,4.975124378109452,77.11442786069651,0.6358974358974359,4.641025641025641,0.0,0.0,9.950248756218905,0.0,12.437810945273633,0.0,0.0,4.975124378109452,0.0,4.975124378109452,9.950248756218905,34.82587064676617,0.0,4.975124378109452,19.90049751243781,0.0,2.487562189054726,0.0,7.462686567164179,7.462686567164179,4.975124378109452,2.487562189054726,7.462686567164179
159923,68.62745098039217,14.705882352941176,0.0,4.901960784313726,4.901960784313726,0.0,2.450980392156863,24.509803921568626,7.352941176470588,0.0,0.0,0.0,14.705882352941176,46.568627450980394,7.352941176470588,264.70588235294116,7.352941176470588,0.0,7.352941176470588,0.0,0.0,0.0,0.0,4.901960784313726,2.450980392156863,2.450980392156863,7.352941176470588,0.0,7.352941176470588,0.0,2.450980392156863,0.0,0.0,2.450980392156863,0.0,0.0,0.0,7.352941176470588,137.25490196078434,83.33333333333333,2.450980392156863,56.372549019607845,0.6305418719211823,5.438423645320197,2.450980392156863,7.352941176470588,2.450980392156863,2.450980392156863,7.352941176470588,0.0,12.254901960784313,2.450980392156863,0.0,0.0,2.450980392156863,4.901960784313726,2.450980392156863,0.0,0.0,0.0,0.0,0.0,2.450980392156863,14.705882352941176,0.0,2.450980392156863,2.450980392156863
159988,86.24708624708624,6.993006993006993,18.64801864801865,13.986013986013987,4.662004662004662,72.26107226107226,4.662004662004662,11.655011655011656,16.317016317016318,0.0,4.662004662004662,2.331002331002331,13.986013986013987,11.655011655011656,2.331002331002331,188.8111888111888,4.662004662004662,0.0,30.303030303030305,0.0,0.0,0.0,4.662004662004662,16.317016317016318,4.662004662004662,0.0,0.0,2.331002331002331,4.662004662004662,2.331002331002331,0.0,0.0,0.0,0.0,0.0,0.0,6.993006993006993,6.993006993006993,93.24009324009324,39.62703962703962,9.324009324009324,88.57808857808858,0.5857142857142857,4.473809523809524,4.662004662004662,4.662004662004662,0.0,0.0,16.317016317016318,2.331002331002331,0.0,6.993006993006993,0.0,9.324009324009324,2.331002331002331,13.986013986013987,4.662004662004662,4.662004662004662,20.97902097902098,2.331002331002331,0.0,0.0,4.662004662004662,4.662004662004662,9.324009324009324,0.0,6.993006993006993
160578,98.0392156862745,7.352941176470588,2.450980392156863,7.352941176470588,4.901960784313726,112.74509803921569,0.0,4.901960784313726,14.705882352941176,7.352941176470588,2.450980392156863,2.450980392156863,9.803921568627452,26.96078431372549,2.450980392156863,191.17647058823528,7.352941176470588,0.0,26.96078431372549,0.0,0.0,0.0,0.0,24.509803921568626,12.254901960784313,0.0,0.0,2.450980392156863,7.352941176470588,0.0,0.0,0.0,0.0,0.0,0.0,0.0,2.450980392156863,7.352941176470588,105.3921568627451,51.470588235294116,7.352941176470588,63.725490196078425,0.5409429280397022,4.45409429280397,4.901960784313726,0.0,0.0,2.450980392156863,2.450980392156863,0.0,4.901960784313726,14.705882352941176,0.0,7.352941176470588,9.803921568627452,29.41176470588235,2.450980392156863,0.0,4.901960784313726,0.0,4.901960784313726,0.0,2.450980392156863,4.901960784313726,17.156862745098042,4.901960784313726,9.803921568627452
162516,92.23300970873787,12.135922330097086,9.70873786407767,2.4271844660194173,2.4271844660194173,12.135922330097086,0.0,16.990291262135923,12.135922330097086,7.281553398058253,14.563106796116505,0.0,16.990291262135923,29.12621359223301,0.0,213.59223300970874,19.41747572815534,0.0,16.990291262135923,2.4271844660194173,2.4271844660194173,0.0,0.0,29.12621359223301,0.0,0.0,2.4271844660194173,0.0,2.4271844660194173,4.854368932038835,2.4271844660194173,0.0,0.0,0.0,2.4271844660194173,0.0,2.4271844660194173,9.70873786407767,92.23300970873787,92.23300970873787,2.4271844660194173,70.3883495145631,0.5914786967418546,5.383458646616542,2.4271844660194173,2.4271844660194173,0.0,2.4271844660194173,7.281553398058253,0.0,14.563106796116505,9.70873786407767,0.0,0.0,4.854368932038835,24.271844660194173,14.563106796116505,4.854368932038835,14.563106796116505,0.0,0.0,2.4271844660194173,4.854368932038835,4.854368932038835,7.281553398058253,0.0,7.281553398058253
16309,2.4691358024691357,4.938271604938271,108.64197530864197,0.0,2.4691358024691357,44.44444444444444,32.098765432098766,2.4691358024691357,22.22222222222222,12.345679012345679,0.0,0.0,19.753086419753085,19.753086419753085,2.4691358024691357,175.30864197530866,4.938271604938271,0.0,37.03703703703704,2.4691358024691357,0.0,0.0,0.0,9.876543209876543,2.4691358024691357,0.0,0.0,0.0,4.938271604938271,4.938271604938271,2.4691358024691357,0.0,0.0,2.4691358024691357,0.0,2.4691358024691357,2.4691358024691357,14.814814814814815,81.4814814814815,56.79012345679013,9.876543209876543,56.79012345679013,0.56,4.474666666666667,2.4691358024691357,2.4691358024691357,4.938271604938271,0.0,12.345679012345679,0.0,7.407407407407407,14.814814814814815,0.0,4.938271604938271,14.814814814814815,27.160493827160494,7.407407407407407,2.4691358024691357,49.382716049382715,0.0,0.0,0.0,0.0,9.876543209876543,14.814814814814815,0.0,9.876543209876543
164931,84.33734939759036,16.867469879518072,0.0,2.4096385542168677,4.819277108433735,0.0,0.0,21.686746987951807,16.867469879518072,2.4096385542168677,7.228915662650603,0.0,21.686746987951807,28.91566265060241,0.0,221.6867469879518,21.686746987951807,2.4096385542168677,28.91566265060241,2.4096385542168677,4.819277108433735,0.0,0.0,4.819277108433735,0.0,0.0,2.4096385542168677,0.0,9.63855421686747,0.0,0.0,0.0,0.0,0.0,0.0,2.4096385542168677,0.0,2.4096385542168677,120.48192771084338,93.97590361445783,4.819277108433735,65.06024096385542,0.5441176470588235,4.58578431372549,0.0,4.819277108433735,0.0,4.819277108433735,12.048192771084338,0.0,4.819277108433735,7.228915662650603,0.0,2.4096385542168677,2.4096385542168677,26.50602409638554,2.4096385542168677,0.0,2.4096385542168677,0.0,0.0,0.0,2.4096385542168677,14.457831325301205,14.457831325301205,2.4096385542168677,2.4096385542168677
165268,74.07407407407408,2.4691358024691357,54.32098765432099,4.938271604938271,2.4691358024691357,54.32098765432099,44.44444444444444,46.91358024691358,22.22222222222222,2.4691358024691357,12.345679012345679,0.0,34.5679012345679,2.4691358024691357,0.0,148.14814814814815,2.4691358024691357,0.0,49.382716049382715,4.938271604938271,0.0,0.0,0.0,12.345679012345679,4.938271604938271,0.0,2.4691358024691357,0.0,2.4691358024691357,0.0,4.938271604938271,0.0,0.0,0.0,2.4691358024691357,0.0,2.4691358024691357,4.938271604938271,79.01234567901234,34.5679012345679,17.28395061728395,71.60493827160494,0.5778894472361809,4.155778894472362,2.4691358024691357,2.4691358024691357,2.4691358024691357,0.0,4.938271604938271,0.0,4.938271604938271,4.938271604938271,0.0,14.814814814814815,4.938271604938271,27.160493827160494,2.4691358024691357,2.4691358024691357,17.28395061728395,0.0,2.4691358024691357,0.0,0.0,17.28395061728395,12.345679012345679,0.0,7.407407407407407
166937,104.21836228287842,2.4813895781637716,12.40694789081886,2.4813895781637716,0.0,4.962779156327543,9.925558312655086,91.81141439205956,7.444168734491315,4.962779156327543,4.962779156327543,7.444168734491315,22.332506203473944,9.925558312655086,0.0,208.43672456575683,0.0,0.0,32.25806451612903,2.4813895781637716,2.4813895781637716,0.0,0.0,7.444168734491315,4.962779156327543,2.4813895781637716,0.0,2.4813895781637716,9.925558312655086,0.0,2.4813895781637716,2.4813895781637716,0.0,0.0,0.0,0.0,0.0,4.962779156327543,94.29280397022333,54.59057071960298,4.962779156327543,86.848635235732,0.5888324873096447,4.631979695431472,2.4813895781637716,0.0,0.0,4.962779156327543,4.962779156327543,2.4813895781637716,7.444168734491315,0.0,0.0,7.444168734491315,2.4813895781637716,12.40694789081886,2.4813895781637716,2.4813895781637716,14.88833746898263,2.4813895781637716,2.4813895781637716,0.0,2.4813895781637716,7.444168734491315,19.851116625310173,2.4813895781637716,17.3697270471464
167501,44.66501240694789,22.332506203473944,96.77419354838709,9.925558312655086,2.4813895781637716,109.18114143920596,0.0,12.40694789081886,37.220843672456574,2.4813895781637716,7.444168734491315,2.4813895781637716,12.40694789081886,0.0,0.0,196.02977667493795,2.4813895781637716,0.0,34.7394540942928,0.0,0.0,0.0,4.962779156327543,17.3697270471464,0.0,0.0,0.0,4.962779156327543,0.0,0.0,0.0,0.0,0.0,0.0,0.0,0.0,2.4813895781637716,2.4813895781637716,71.96029776674938,14.88833746898263,17.3697270471464,66.99751861042184,0.5365853658536586,4.0,0.0,0.0,4.962779156327543,0.0,7.444168734491315,0.0,9.925558312655086,14.88833746898263,0.0,0.0,4.962779156327543,54.59057071960298,9.925558312655086,7.444168734491315,54.59057071960298,0.0,0.0,0.0,2.4813895781637716,7.444168734491315,27.29528535980149,0.0,17.3697270471464
167706,24.752475247524753,4.9504950495049505,81.68316831683168,14.85148514851485,4.9504950495049505,76.73267326732673,0.0,17.32673267326733,9.900990099009901,0.0,4.9504950495049505,0.0,22.277227722772277,9.900990099009901,4.9504950495049505,195.54455445544556,17.32673267326733,0.0,19.801980198019802,0.0,0.0,0.0,7.425742574257425,12.376237623762377,2.4752475247524752,0.0,0.0,4.9504950495049505,7.425742574257425,0.0,0.0,0.0,0.0,0.0,0.0,0.0,4.9504950495049505,12.376237623762377,99.00990099009901,34.65346534653466,4.9504950495049505,94.05940594059406,0.6050632911392405,4.210126582278481,0.0,2.4752475247524752,0.0,2.4752475247524752,2.4752475247524752,0.0,2.4752475247524752,7.425742574257425,0.0,7.425742574257425,4.9504950495049505,17.32673267326733,2.4752475247524752,2.4752475247524752,22.277227722772277,0.0,0.0,0.0,9.900990099009901,7.425742574257425,4.9504950495049505,0.0,9.900990099009901
168426,97.38717339667458,16.6270783847981,4.750593824228028,0.0,2.375296912114014,0.0,0.0,33.2541567695962,14.251781472684087,0.0,4.750593824228028,0.0,26.128266033254157,4.750593824228028,2.375296912114014,292.16152019002374,2.375296912114014,0.0,38.00475059382423,4.750593824228028,0.0,0.0,0.0,14.251781472684087,0.0,0.0,0.0,0.0,9.501187648456057,2.375296912114014,2.375296912114014,0.0,0.0,4.750593824228028,0.0,4.750593824228028,0.0,7.125890736342043,104.51306413301663,76.00950118764845,4.750593824228028,66.5083135391924,0.5898058252427184,4.934466019417476,9.501187648456057,0.0,0.0,2.375296912114014,7.125890736342043,0.0,7.125890736342043,0.0,4.750593824228028,0.0,2.375296912114014,16.6270783847981,2.375296912114014,9.501187648456057,2.375296912114014,0.0,2.375296912114014,0.0,2.375296912114014,7.125890736342043,7.125890736342043,0.0,9.501187648456057
171256,75.42579075425792,2.4330900243309004,9.732360097323602,7.299270072992701,0.0,53.5279805352798,0.0,21.897810218978105,21.897810218978105,0.0,0.0,2.4330900243309004,26.7639902676399,19.464720194647203,0.0,236.0097323600973,2.4330900243309004,0.0,19.464720194647203,0.0,4.866180048661801,0.0,2.4330900243309004,0.0,4.866180048661801,0.0,0.0,0.0,9.732360097323602,0.0,0.0,0.0,0.0,0.0,4.866180048661801,0.0,0.0,14.598540145985401,121.65450121654501,36.4963503649635,12.165450121654501,65.69343065693431,0.5615763546798029,4.475369458128079,2.4330900243309004,0.0,2.4330900243309004,0.0,2.4330900243309004,0.0,4.866180048661801,2.4330900243309004,0.0,4.866180048661801,0.0,17.0316301703163,4.866180048661801,2.4330900243309004,0.0,0.0,0.0,0.0,4.866180048661801,17.0316301703163,9.732360097323602,2.4330900243309004,4.866180048661801
173335,91.58415841584159,19.801980198019802,0.0,12.376237623762377,2.4752475247524752,44.554455445544555,2.4752475247524752,32.17821782178218,4.9504950495049505,4.9504950495049505,4.9504950495049505,0.0,9.900990099009901,9.900990099009901,2.4752475247524752,242.57425742574256,4.9504950495049505,0.0,39.603960396039604,0.0,0.0,0.0,0.0,24.752475247524753,7.425742574257425,2.4752475247524752,2.4752475247524752,7.425742574257425,2.4752475247524752,0.0,2.4752475247524752,0.0,0.0,0.0,0.0,0.0,0.0,2.4752475247524752,101.48514851485149,64.35643564356435,7.425742574257425,71.78217821782178,0.5825,4.5375,0.0,4.9504950495049505,9.900990099009901,2.4752475247524752,7.425742574257425,0.0,9.900990099009901,2.4752475247524752,0.0,4.9504950495049505,7.425742574257425,14.85148514851485,0.0,2.4752475247524752,7.425742574257425,0.0,0.0,0.0,4.9504950495049505,9.900990099009901,17.32673267326733,2.4752475247524752,7.425742574257425
173785,75.24271844660194,4.854368932038835,9.70873786407767,14.563106796116505,2.4271844660194173,55.8252427184466,7.281553398058253,4.854368932038835,24.271844660194173,4.854368932038835,2.4271844660194173,0.0,7.281553398058253,4.854368932038835,2.4271844660194173,206.31067961165047,4.854368932038835,0.0,26.699029126213592,4.854368932038835,7.281553398058253,0.0,0.0,26.699029126213592,9.70873786407767,0.0,0.0,0.0,4.854368932038835,0.0,0.0,0.0,0.0,0.0,0.0,0.0,0.0,2.4271844660194173,89.80582524271844,75.24271844660194,4.854368932038835,67.96116504854369,0.5896805896805897,4.324324324324325,2.4271844660194173,2.4271844660194173,0.0,0.0,4.854368932038835,0.0,4.854368932038835,12.135922330097086,2.4271844660194173,0.0,9.70873786407767,21.844660194174757,0.0,2.4271844660194173,4.854368932038835,0.0,0.0,0.0,2.4271844660194173,0.0,19.41747572815534,2.4271844660194173,2.4271844660194173
174783,67.33167082294264,17.456359102244388,7.481296758104738,7.481296758104738,0.0,0.0,0.0,42.394014962593516,9.975062344139651,0.0,4.987531172069826,0.0,12.468827930174564,9.975062344139651,4.987531172069826,269.32668329177056,2.493765586034913,0.0,12.468827930174564,0.0,0.0,0.0,0.0,14.962593516209475,0.0,0.0,4.987531172069826,2.493765586034913,4.987531172069826,0.0,2.493765586034913,0.0,0.0,0.0,0.0,0.0,0.0,4.987531172069826,127.18204488778053,69.82543640897755,2.493765586034913,62.34413965087282,0.5974358974358974,4.530769230769231,2.493765586034913,2.493765586034913,4.987531172069826,0.0,19.950124688279303,0.0,4.987531172069826,2.493765586034913,0.0,0.0,2.493765586034913,7.481296758104738,2.493765586034913,4.987531172069826,7.481296758104738,0.0,0.0,0.0,2.493765586034913,7.481296758104738,9.975062344139651,0.0,7.481296758104738
174829,98.8235294117647,11.76470588235294,0.0,14.11764705882353,4.705882352941176,0.0,0.0,94.11764705882352,7.058823529411765,0.0,9.411764705882351,0.0,18.823529411764703,21.176470588235293,0.0,188.23529411764704,4.705882352941176,0.0,18.823529411764703,0.0,0.0,0.0,0.0,21.176470588235293,2.352941176470588,4.705882352941176,0.0,0.0,7.058823529411765,0.0,0.0,0.0,0.0,0.0,0.0,0.0,4.705882352941176,14.11764705882353,110.58823529411765,54.11764705882353,2.352941176470588,82.3529411764706,0.6146572104018913,4.6477541371158395,4.705882352941176,4.705882352941176,2.352941176470588,0.0,2.352941176470588,2.352941176470588,0.0,4.705882352941176,0.0,0.0,0.0,23.52941176470588,9.411764705882351,7.058823529411765,2.352941176470588,0.0,2.352941176470588,0.0,0.0,9.411764705882351,14.11764705882353,7.058823529411765,4.705882352941176
174867,67.16417910447761,4.975124378109452,42.28855721393035,2.487562189054726,0.0,34.82587064676617,14.925373134328359,17.412935323383085,7.462686567164179,9.950248756218905,9.950248756218905,0.0,7.462686567164179,29.850746268656717,2.487562189054726,293.5323383084577,4.975124378109452,0.0,27.36318407960199,0.0,0.0,0.0,0.0,9.950248756218905,2.487562189054726,2.487562189054726,0.0,4.975124378109452,0.0,0.0,0.0,0.0,0.0,0.0,0.0,0.0,2.487562189054726,7.462686567164179,87.06467661691543,67.16417910447761,2.487562189054726,29.850746268656717,0.649616368286445,5.337595907928389,0.0,0.0,0.0,2.487562189054726,2.487562189054726,0.0,2.487562189054726,0.0,2.487562189054726,2.487562189054726,4.975124378109452,24.875621890547265,12.437810945273633,0.0,14.925373134328359,2.487562189054726,4.975124378109452,0.0,2.487562189054726,12.437810945273633,7.462686567164179,0.0,7.462686567164179
175467,22.388059701492537,0.0,99.50248756218906,7.462686567164179,7.462686567164179,52.23880597014925,19.90049751243781,0.0,29.850746268656717,19.90049751243781,9.950248756218905,0.0,22.388059701492537,9.950248756218905,2.487562189054726,179.1044776119403,7.462686567164179,0.0,57.21393034825871,4.975124378109452,0.0,0.0,2.487562189054726,12.437810945273633,7.462686567164179,0.0,0.0,0.0,2.487562189054726,0.0,0.0,0.0,2.487562189054726,0.0,0.0,0.0,0.0,2.487562189054726,74.62686567164178,27.36318407960199,12.437810945273633,111.94029850746269,0.6,4.228947368421053,2.487562189054726,0.0,2.487562189054726,0.0,22.388059701492537,9.950248756218905,14.925373134328359,4.975124378109452,0.0,2.487562189054726,2.487562189054726,47.2636815920398,0.0,0.0,52.23880597014925,0.0,0.0,0.0,4.975124378109452,12.437810945273633,12.437810945273633,0.0,4.975124378109452
179541,55.02392344497608,16.74641148325359,16.74641148325359,2.3923444976076556,4.784688995215311,47.84688995215311,4.784688995215311,2.3923444976076556,19.138755980861244,0.0,7.177033492822967,0.0,7.177033492822967,16.74641148325359,0.0,294.25837320574163,9.569377990430622,0.0,14.354066985645934,2.3923444976076556,0.0,0.0,2.3923444976076556,4.784688995215311,4.784688995215311,0.0,0.0,0.0,4.784688995215311,2.3923444976076556,0.0,0.0,0.0,0.0,0.0,0.0,7.177033492822967,7.177033492822967,105.26315789473684,43.0622009569378,4.784688995215311,64.5933014354067,0.5907990314769975,4.878934624697337,2.3923444976076556,4.784688995215311,0.0,2.3923444976076556,9.569377990430622,0.0,9.569377990430622,0.0,0.0,7.177033492822967,0.0,9.569377990430622,0.0,2.3923444976076556,2.3923444976076556,0.0,0.0,0.0,0.0,4.784688995215311,7.177033492822967,0.0,7.177033492822967
181045,83.93285371702639,7.194244604316547,2.398081534772182,7.194244604316547,0.0,0.0,0.0,59.95203836930456,9.592326139088728,2.398081534772182,4.796163069544364,0.0,19.184652278177456,26.378896882494004,2.398081534772182,215.82733812949638,26.378896882494004,2.398081534772182,16.786570743405274,0.0,0.0,2.398081534772182,2.398081534772182,9.592326139088728,0.0,2.398081534772182,2.398081534772182,0.0,9.592326139088728,0.0,0.0,0.0,0.0,2.398081534772182,0.0,0.0,0.0,11.990407673860911,115.10791366906476,93.52517985611512,7.194244604316547,35.97122302158273,0.5995085995085995,4.864864864864865,2.398081534772182,9.592326139088728,0.0,4.796163069544364,4.796163069544364,0.0,7.194244604316547,4.796163069544364,0.0,0.0,9.592326139088728,21.58273381294964,9.592326139088728,0.0,9.592326139088728,0.0,2.398081534772182,0.0,2.398081534772182,19.184652278177456,0.0,0.0,9.592326139088728
181354,105.0,5.0,2.5,10.0,0.0,2.5,0.0,62.5,15.0,2.5,7.5,5.0,12.5,5.0,5.0,222.5,5.0,0.0,27.5,5.0,0.0,0.0,2.5,20.0,5.0,0.0,2.5,10.0,2.5,2.5,0.0,0.0,0.0,0.0,0.0,0.0,0.0,12.5,120.0,72.5,12.5,50.0,0.5825,4.48,2.5,0.0,0.0,2.5,12.5,0.0,7.5,0.0,0.0,0.0,5.0,15.0,2.5,7.5,0.0,0.0,0.0,0.0,0.0,10.0,7.5,0.0,0.0
183392,87.06467661691543,9.950248756218905,44.776119402985074,7.462686567164179,0.0,99.50248756218906,29.850746268656717,37.31343283582089,4.975124378109452,2.487562189054726,2.487562189054726,0.0,27.36318407960199,12.437810945273633,2.487562189054726,176.61691542288557,7.462686567164179,0.0,37.31343283582089,0.0,0.0,0.0,4.975124378109452,12.437810945273633,4.975124378109452,0.0,0.0,2.487562189054726,4.975124378109452,0.0,0.0,0.0,0.0,0.0,0.0,0.0,2.487562189054726,12.437810945273633,92.03980099502488,39.80099502487562,9.950248756218905,74.62686567164178,0.5805626598465473,4.132992327365729,0.0,2.487562189054726,7.462686567164179,2.487562189054726,7.462686567164179,2.487562189054726,9.950248756218905,2.487562189054726,2.487562189054726,0.0,7.462686567164179,22.388059701492537,0.0,0.0,27.36318407960199,0.0,0.0,0.0,4.975124378109452,9.950248756218905,17.412935323383085,2.487562189054726,12.437810945273633
185975,102.5,10.0,10.0,0.0,2.5,50.0,2.5,42.5,10.0,2.5,2.5,2.5,25.0,12.5,0.0,180.0,15.0,0.0,20.0,0.0,0.0,0.0,0.0,17.5,5.0,2.5,0.0,2.5,7.5,0.0,7.5,0.0,0.0,0.0,0.0,0.0,5.0,15.0,90.0,80.0,2.5,67.5,0.6136363636363636,4.452020202020202,2.5,2.5,2.5,0.0,2.5,0.0,10.0,2.5,0.0,7.5,0.0,7.5,5.0,2.5,7.5,0.0,0.0,0.0,0.0,7.5,7.5,0.0,5.0
186340,57.14285714285714,9.523809523809526,2.3809523809523814,11.904761904761903,4.761904761904763,50.0,0.0,2.3809523809523814,14.285714285714285,2.3809523809523814,7.142857142857142,2.3809523809523814,19.04761904761905,21.428571428571427,4.761904761904763,204.76190476190476,2.3809523809523814,0.0,23.809523809523807,2.3809523809523814,0.0,0.0,0.0,19.04761904761905,0.0,0.0,4.761904761904763,0.0,7.142857142857142,0.0,0.0,0.0,2.3809523809523814,2.3809523809523814,0.0,0.0,0.0,7.142857142857142,128.57142857142856,50.0,4.761904761904763,59.52380952380952,0.6150121065375302,4.559322033898305,0.0,2.3809523809523814,0.0,0.0,4.761904761904763,0.0,14.285714285714285,7.142857142857142,0.0,9.523809523809526,4.761904761904763,2.3809523809523814,2.3809523809523814,2.3809523809523814,9.523809523809526,0.0,0.0,0.0,4.761904761904763,9.523809523809526,9.523809523809526,2.3809523809523814,4.761904761904763
187525,85.995085995086,17.1990171990172,12.285012285012284,0.0,12.285012285012284,24.570024570024568,9.828009828009828,46.68304668304668,22.11302211302211,7.371007371007371,0.0,0.0,19.656019656019655,9.828009828009828,4.914004914004914,228.5012285012285,0.0,0.0,31.94103194103194,0.0,0.0,0.0,4.914004914004914,4.914004914004914,7.371007371007371,0.0,0.0,2.457002457002457,7.371007371007371,2.457002457002457,0.0,0.0,0.0,0.0,0.0,0.0,0.0,4.914004914004914,95.82309582309583,49.140049140049136,9.828009828009828,93.36609336609337,0.5535714285714286,4.530612244897959,0.0,0.0,0.0,0.0,9.828009828009828,4.914004914004914,4.914004914004914,12.285012285012284,4.914004914004914,4.914004914004914,7.371007371007371,27.027027027027028,0.0,0.0,22.11302211302211,2.457002457002457,0.0,0.0,7.371007371007371,4.914004914004914,9.828009828009828,0.0,19.656019656019655
189007,69.4789081885856,9.925558312655086,17.3697270471464,7.444168734491315,0.0,24.81389578163772,0.0,2.4813895781637716,14.88833746898263,0.0,2.4813895781637716,0.0,29.77667493796526,24.81389578163772,0.0,253.1017369727047,0.0,2.4813895781637716,22.332506203473944,0.0,0.0,0.0,0.0,7.444168734491315,2.4813895781637716,0.0,7.444168734491315,0.0,14.88833746898263,4.962779156327543,2.4813895781637716,0.0,2.4813895781637716,0.0,0.0,0.0,2.4813895781637716,2.4813895781637716,146.40198511166253,62.03473945409429,7.444168734491315,81.88585607940446,0.6215538847117794,5.150375939849624,2.4813895781637716,2.4813895781637716,0.0,0.0,7.444168734491315,0.0,4.962779156327543,7.444168734491315,0.0,0.0,0.0,12.40694789081886,0.0,2.4813895781637716,4.962779156327543,0.0,0.0,0.0,2.4813895781637716,9.925558312655086,4.962779156327543,9.925558312655086,7.444168734491315
192233,73.89162561576356,2.4630541871921183,17.241379310344826,7.389162561576354,4.926108374384237,76.35467980295567,19.704433497536947,27.093596059113302,17.241379310344826,2.4630541871921183,4.926108374384237,2.4630541871921183,14.778325123152708,19.704433497536947,0.0,221.67487684729065,2.4630541871921183,0.0,12.315270935960593,0.0,2.4630541871921183,0.0,0.0,4.926108374384237,4.926108374384237,0.0,2.4630541871921183,2.4630541871921183,2.4630541871921183,0.0,2.4630541871921183,0.0,0.0,0.0,0.0,2.4630541871921183,0.0,12.315270935960593,123.15270935960591,27.093596059113302,9.852216748768473,54.187192118226605,0.585427135678392,4.263819095477387,0.0,2.4630541871921183,4.926108374384237,0.0,9.852216748768473,0.0,14.778325123152708,14.778325123152708,0.0,7.389162561576354,2.4630541871921183,22.167487684729064,0.0,9.852216748768473,17.241379310344826,4.926108374384237,2.4630541871921183,0.0,4.926108374384237,4.926108374384237,22.167487684729064,9.852216748768473,4.926108374384237
193262,88.45208845208845,14.742014742014742,12.285012285012284,0.0,0.0,58.96805896805897,9.828009828009828,9.828009828009828,34.3980343980344,2.457002457002457,0.0,0.0,12.285012285012284,22.11302211302211,2.457002457002457,189.1891891891892,2.457002457002457,2.457002457002457,41.76904176904177,2.457002457002457,0.0,0.0,4.914004914004914,31.94103194103194,4.914004914004914,0.0,2.457002457002457,0.0,7.371007371007371,0.0,0.0,0.0,0.0,0.0,0.0,0.0,4.914004914004914,4.914004914004914,95.82309582309583,46.68304668304668,12.285012285012284,76.16707616707617,0.5527638190954773,4.618090452261306,2.457002457002457,0.0,0.0,7.371007371007371,14.742014742014742,0.0,7.371007371007371,2.457002457002457,0.0,4.914004914004914,7.371007371007371,19.656019656019655,9.828009828009828,0.0,22.11302211302211,0.0,4.914004914004914,0.0,2.457002457002457,4.914004914004914,17.1990171990172,0.0,9.828009828009828
195215,107.23192019950125,4.987531172069826,7.481296758104738,0.0,7.481296758104738,74.81296758104739,0.0,22.443890274314214,17.456359102244388,2.493765586034913,12.468827930174564,0.0,9.975062344139651,7.481296758104738,2.493765586034913,231.92019950124688,4.987531172069826,0.0,34.912718204488776,2.493765586034913,0.0,0.0,2.493765586034913,19.950124688279303,7.481296758104738,0.0,2.493765586034913,0.0,4.987531172069826,0.0,0.0,0.0,0.0,0.0,0.0,0.0,0.0,12.468827930174564,79.80049875311721,37.406483790523694,7.481296758104738,79.80049875311721,0.5886889460154242,4.295629820051414,0.0,2.493765586034913,0.0,0.0,12.468827930174564,0.0,7.481296758104738,4.987531172069826,0.0,0.0,2.493765586034913,12.468827930174564,2.493765586034913,2.493765586034913,14.962593516209475,0.0,0.0,2.493765586034913,2.493765586034913,4.987531172069826,12.468827930174564,2.493765586034913,14.962593516209475
196409,55.8252427184466,14.563106796116505,31.553398058252426,2.4271844660194173,7.281553398058253,14.563106796116505,0.0,36.40776699029126,7.281553398058253,4.854368932038835,2.4271844660194173,0.0,7.281553398058253,33.980582524271846,4.854368932038835,259.70873786407765,7.281553398058253,0.0,29.12621359223301,2.4271844660194173,0.0,2.4271844660194173,0.0,14.563106796116505,4.854368932038835,0.0,2.4271844660194173,2.4271844660194173,2.4271844660194173,0.0,0.0,0.0,0.0,0.0,0.0,2.4271844660194173,0.0,2.4271844660194173,106.79611650485437,50.970873786407765,14.563106796116505,65.53398058252426,0.6531645569620254,5.215189873417722,2.4271844660194173,4.854368932038835,0.0,2.4271844660194173,7.281553398058253,0.0,7.281553398058253,4.854368932038835,0.0,2.4271844660194173,12.135922330097086,9.70873786407767,4.854368932038835,4.854368932038835,9.70873786407767,0.0,0.0,0.0,4.854368932038835,14.563106796116505,14.563106796116505,2.4271844660194173,9.70873786407767
196756,72.63922518159806,2.4213075060532687,0.0,4.842615012106537,0.0,0.0,2.4213075060532687,24.213075060532688,16.949152542372882,0.0,2.4213075060532687,0.0,19.37046004842615,7.263922518159807,4.842615012106537,292.9782082324455,4.842615012106537,2.4213075060532687,21.791767554479417,0.0,2.4213075060532687,0.0,0.0,21.791767554479417,2.4213075060532687,0.0,4.842615012106537,2.4213075060532687,14.527845036319613,0.0,2.4213075060532687,0.0,0.0,0.0,0.0,0.0,0.0,9.685230024213075,125.90799031476999,70.2179176755448,0.0,62.953995157384995,0.589242053789731,4.6601466992665035,2.4213075060532687,0.0,0.0,0.0,9.685230024213075,0.0,0.0,0.0,0.0,2.4213075060532687,2.4213075060532687,4.842615012106537,2.4213075060532687,9.685230024213075,0.0,0.0,0.0,0.0,7.263922518159807,7.263922518159807,7.263922518159807,0.0,4.842615012106537
200978,0.0,0.0,93.02325581395348,4.651162790697675,0.0,51.16279069767442,2.3255813953488373,11.627906976744185,27.906976744186046,0.0,0.0,0.0,11.627906976744185,11.627906976744185,9.30232558139535,276.74418604651163,4.651162790697675,0.0,44.18604651162791,0.0,0.0,0.0,0.0,6.976744186046512,2.3255813953488373,0.0,0.0,9.30232558139535,2.3255813953488373,0.0,2.3255813953488373,0.0,0.0,0.0,0.0,0.0,0.0,6.976744186046512,109.30232558139535,67.44186046511628,4.651162790697675,55.81395348837209,0.5794621026894865,4.550122249388753,0.0,0.0,0.0,0.0,2.3255813953488373,0.0,2.3255813953488373,4.651162790697675,0.0,0.0,4.651162790697675,2.3255813953488373,2.3255813953488373,0.0,27.906976744186046,0.0,0.0,0.0,2.3255813953488373,13.953488372093023,11.627906976744185,0.0,2.3255813953488373
203189,97.32360097323601,21.897810218978105,0.0,14.598540145985401,0.0,58.394160583941606,0.0,17.0316301703163,26.7639902676399,2.4330900243309004,14.598540145985401,0.0,12.165450121654501,12.165450121654501,2.4330900243309004,187.34793187347933,4.866180048661801,0.0,36.4963503649635,2.4330900243309004,2.4330900243309004,0.0,0.0,12.165450121654501,9.732360097323602,0.0,0.0,2.4330900243309004,4.866180048661801,0.0,2.4330900243309004,0.0,0.0,0.0,0.0,2.4330900243309004,4.866180048661801,7.299270072992701,111.92214111922141,51.09489051094891,9.732360097323602,82.7250608272506,0.5583126550868487,4.290322580645161,0.0,7.299270072992701,0.0,0.0,4.866180048661801,0.0,0.0,9.732360097323602,0.0,2.4330900243309004,0.0,24.330900243309003,4.866180048661801,0.0,14.598540145985401,0.0,0.0,0.0,7.299270072992701,12.165450121654501,17.0316301703163,4.866180048661801,17.0316301703163
20741,118.64406779661017,12.106537530266344,9.685230024213075,2.4213075060532687,2.4213075060532687,14.527845036319613,12.106537530266344,108.95883777239709,16.949152542372882,2.4213075060532687,0.0,4.842615012106537,16.949152542372882,14.527845036319613,14.527845036319613,188.86198547215497,4.842615012106537,0.0,31.476997578692497,0.0,0.0,0.0,0.0,12.106537530266344,4.842615012106537,0.0,0.0,2.4213075060532687,4.842615012106537,0.0,0.0,0.0,4.842615012106537,0.0,2.4213075060532687,0.0,4.842615012106537,4.842615012106537,94.43099273607749,43.583535108958834,12.106537530266344,55.69007263922518,0.5245098039215687,4.419117647058823,0.0,0.0,0.0,2.4213075060532687,7.263922518159807,0.0,7.263922518159807,4.842615012106537,0.0,2.4213075060532687,2.4213075060532687,12.106537530266344,7.263922518159807,4.842615012106537,4.842615012106537,0.0,0.0,0.0,7.263922518159807,9.685230024213075,14.527845036319613,0.0,9.685230024213075
207821,72.59953161592506,0.0,0.0,7.02576112412178,4.68384074941452,70.25761124121779,0.0,28.10304449648712,7.02576112412178,0.0,2.34192037470726,0.0,11.7096018735363,7.02576112412178,0.0,231.85011709601875,14.05152224824356,0.0,25.76112412177986,0.0,0.0,0.0,0.0,11.7096018735363,7.02576112412178,0.0,9.36768149882904,4.68384074941452,0.0,0.0,2.34192037470726,0.0,0.0,0.0,0.0,0.0,0.0,4.68384074941452,112.41217798594847,63.231850117096016,0.0,93.6768149882904,0.580952380952381,4.288095238095238,4.68384074941452,7.02576112412178,0.0,4.68384074941452,4.68384074941452,0.0,4.68384074941452,0.0,0.0,16.393442622950822,2.34192037470726,21.07728337236534,0.0,2.34192037470726,4.68384074941452,0.0,2.34192037470726,0.0,0.0,0.0,0.0,0.0,7.02576112412178
21042,94.66019417475728,12.135922330097086,16.990291262135923,0.0,4.854368932038835,55.8252427184466,2.4271844660194173,7.281553398058253,38.83495145631068,9.70873786407767,4.854368932038835,2.4271844660194173,9.70873786407767,12.135922330097086,7.281553398058253,206.31067961165047,4.854368932038835,0.0,21.844660194174757,2.4271844660194173,0.0,0.0,0.0,9.70873786407767,4.854368932038835,0.0,0.0,2.4271844660194173,7.281553398058253,0.0,0.0,0.0,0.0,0.0,0.0,0.0,2.4271844660194173,9.70873786407767,126.2135922330097,31.553398058252426,16.990291262135923,63.10679611650485,0.5541871921182266,4.37192118226601,0.0,0.0,0.0,0.0,2.4271844660194173,0.0,7.281553398058253,0.0,0.0,7.281553398058253,0.0,33.980582524271846,2.4271844660194173,2.4271844660194173,12.135922330097086,0.0,0.0,0.0,0.0,4.854368932038835,16.990291262135923,4.854368932038835,7.281553398058253
212837,48.78048780487805,4.878048780487805,12.195121951219512,0.0,0.0,7.317073170731708,7.317073170731708,60.97560975609756,17.073170731707318,2.4390243902439024,0.0,0.0,9.75609756097561,21.95121951219512,2.4390243902439024,248.78048780487805,14.634146341463415,2.4390243902439024,12.195121951219512,2.4390243902439024,2.4390243902439024,0.0,2.4390243902439024,14.634146341463415,0.0,0.0,4.878048780487805,0.0,2.4390243902439024,0.0,0.0,0.0,0.0,2.4390243902439024,0.0,2.4390243902439024,0.0,4.878048780487805,114.63414634146342,41.463414634146346,7.317073170731708,46.34146341463415,0.5528255528255528,4.57002457002457,0.0,2.4390243902439024,0.0,2.4390243902439024,9.75609756097561,0.0,2.4390243902439024,4.878048780487805,0.0,4.878048780487805,2.4390243902439024,19.51219512195122,2.4390243902439024,0.0,2.4390243902439024,0.0,0.0,0.0,0.0,26.829268292682926,7.317073170731708,0.0,17.073170731707318
213667,80.2919708029197,4.866180048661801,34.0632603406326,7.299270072992701,4.866180048661801,77.85888077858881,12.165450121654501,38.929440389294406,14.598540145985401,2.4330900243309004,9.732360097323602,0.0,19.464720194647203,4.866180048661801,0.0,138.68613138686132,4.866180048661801,0.0,38.929440389294406,2.4330900243309004,2.4330900243309004,0.0,0.0,21.897810218978105,12.165450121654501,0.0,0.0,0.0,2.4330900243309004,0.0,0.0,0.0,0.0,2.4330900243309004,4.866180048661801,0.0,7.299270072992701,7.299270072992701,63.26034063260341,24.330900243309003,7.299270072992701,138.68613138686132,0.6034912718204489,4.2094763092269325,2.4330900243309004,4.866180048661801,0.0,4.866180048661801,21.897810218978105,0.0,7.299270072992701,7.299270072992701,0.0,2.4330900243309004,4.866180048661801,24.330900243309003,9.732360097323602,9.732360097323602,21.897810218978105,2.4330900243309004,0.0,4.866180048661801,9.732360097323602,9.732360097323602,21.897810218978105,0.0,17.0316301703163
213966,94.66019417475728,7.281553398058253,0.0,4.854368932038835,12.135922330097086,0.0,0.0,80.09708737864078,24.271844660194173,2.4271844660194173,2.4271844660194173,0.0,4.854368932038835,19.41747572815534,7.281553398058253,191.74757281553397,2.4271844660194173,0.0,41.2621359223301,0.0,0.0,0.0,2.4271844660194173,21.844660194174757,7.281553398058253,0.0,2.4271844660194173,4.854368932038835,2.4271844660194173,0.0,0.0,0.0,0.0,0.0,0.0,2.4271844660194173,0.0,2.4271844660194173,82.5242718446602,55.8252427184466,7.281553398058253,55.8252427184466,0.5615763546798029,4.512315270935961,2.4271844660194173,2.4271844660194173,2.4271844660194173,0.0,2.4271844660194173,0.0,7.281553398058253,7.281553398058253,0.0,4.854368932038835,0.0,16.990291262135923,2.4271844660194173,0.0,9.70873786407767,2.4271844660194173,0.0,0.0,0.0,2.4271844660194173,21.844660194174757,0.0,2.4271844660194173
215397,83.53808353808354,4.914004914004914,0.0,2.457002457002457,4.914004914004914,0.0,0.0,36.85503685503686,22.11302211302211,0.0,7.371007371007371,0.0,12.285012285012284,9.828009828009828,0.0,245.70024570024572,7.371007371007371,2.457002457002457,19.656019656019655,2.457002457002457,0.0,0.0,2.457002457002457,14.742014742014742,2.457002457002457,0.0,0.0,0.0,9.828009828009828,0.0,0.0,0.0,0.0,0.0,0.0,0.0,4.914004914004914,12.285012285012284,122.85012285012286,41.76904176904177,4.914004914004914,73.71007371007371,0.5263157894736842,4.4260651629072685,0.0,7.371007371007371,2.457002457002457,2.457002457002457,2.457002457002457,2.457002457002457,0.0,4.914004914004914,0.0,7.371007371007371,0.0,7.371007371007371,2.457002457002457,0.0,19.656019656019655,0.0,0.0,0.0,4.914004914004914,4.914004914004914,7.371007371007371,4.914004914004914,17.1990171990172
216635,82.1256038647343,9.66183574879227,16.908212560386474,14.492753623188406,12.077294685990339,79.71014492753622,9.66183574879227,16.908212560386474,16.908212560386474,0.0,4.830917874396135,0.0,16.908212560386474,16.908212560386474,2.4154589371980677,195.6521739130435,0.0,0.0,21.73913043478261,0.0,0.0,0.0,7.246376811594203,14.492753623188406,4.830917874396135,0.0,4.830917874396135,2.4154589371980677,7.246376811594203,0.0,0.0,0.0,0.0,0.0,0.0,0.0,2.4154589371980677,4.830917874396135,103.86473429951691,45.893719806763286,16.908212560386474,82.1256038647343,0.57,4.495,2.4154589371980677,7.246376811594203,0.0,0.0,0.0,2.4154589371980677,2.4154589371980677,2.4154589371980677,0.0,9.66183574879227,2.4154589371980677,19.32367149758454,2.4154589371980677,4.830917874396135,31.40096618357488,0.0,2.4154589371980677,0.0,14.492753623188406,4.830917874396135,12.077294685990339,0.0,14.492753623188406
216869,49.382716049382715,9.876543209876543,32.098765432098766,4.938271604938271,2.4691358024691357,12.345679012345679,4.938271604938271,41.97530864197531,12.345679012345679,2.4691358024691357,4.938271604938271,0.0,9.876543209876543,22.22222222222222,2.4691358024691357,224.69135802469137,17.28395061728395,0.0,17.28395061728395,0.0,2.4691358024691357,0.0,0.0,9.876543209876543,7.407407407407407,0.0,4.938271604938271,0.0,7.407407407407407,0.0,0.0,0.0,0.0,0.0,0.0,0.0,0.0,4.938271604938271,101.23456790123457,49.382716049382715,9.876543209876543,64.19753086419753,0.6215538847117794,4.796992481203008,0.0,4.938271604938271,0.0,4.938271604938271,12.345679012345679,2.4691358024691357,9.876543209876543,9.876543209876543,0.0,2.4691358024691357,2.4691358024691357,12.345679012345679,4.938271604938271,2.4691358024691357,7.407407407407407,0.0,0.0,0.0,2.4691358024691357,9.876543209876543,7.407407407407407,4.938271604938271,4.938271604938271
217489,76.73267326732673,4.9504950495049505,32.17821782178218,7.425742574257425,0.0,51.980198019801975,2.4752475247524752,42.07920792079208,17.32673267326733,2.4752475247524752,7.425742574257425,4.9504950495049505,22.277227722772277,14.85148514851485,0.0,173.26732673267327,9.900990099009901,2.4752475247524752,39.603960396039604,0.0,2.4752475247524752,0.0,4.9504950495049505,22.277227722772277,4.9504950495049505,2.4752475247524752,0.0,0.0,0.0,0.0,2.4752475247524752,0.0,0.0,0.0,2.4752475247524752,2.4752475247524752,2.4752475247524752,4.9504950495049505,94.05940594059406,42.07920792079208,9.900990099009901,89.10891089108911,0.5663265306122449,4.489795918367347,2.4752475247524752,2.4752475247524752,12.376237623762377,2.4752475247524752,17.32673267326733,2.4752475247524752,7.425742574257425,4.9504950495049505,2.4752475247524752,0.0,0.0,17.32673267326733,0.0,9.900990099009901,24.752475247524753,0.0,0.0,0.0,0.0,12.376237623762377,9.900990099009901,0.0,12.376237623762377
217648,75.79462102689487,2.444987775061125,0.0,2.444987775061125,4.88997555012225,63.56968215158924,0.0,17.114914425427873,7.334963325183374,4.88997555012225,0.0,2.444987775061125,17.114914425427873,14.669926650366747,4.88997555012225,249.38875305623472,2.444987775061125,0.0,19.559902200489,0.0,0.0,0.0,0.0,14.669926650366747,7.334963325183374,0.0,4.88997555012225,2.444987775061125,0.0,0.0,2.444987775061125,0.0,0.0,0.0,0.0,2.444987775061125,0.0,12.224938875305625,119.8044009779951,58.67970660146699,2.444987775061125,80.68459657701712,0.603448275862069,4.694581280788177,2.444987775061125,0.0,0.0,0.0,14.669926650366747,0.0,9.7799511002445,4.88997555012225,0.0,4.88997555012225,0.0,12.224938875305625,2.444987775061125,4.88997555012225,2.444987775061125,0.0,0.0,0.0,2.444987775061125,7.334963325183374,12.224938875305625,0.0,2.444987775061125
218561,77.10843373493977,14.457831325301205,0.0,9.63855421686747,2.4096385542168677,60.24096385542169,0.0,4.819277108433735,9.63855421686747,7.228915662650603,2.4096385542168677,0.0,12.048192771084338,21.686746987951807,14.457831325301205,236.144578313253,7.228915662650603,0.0,24.096385542168676,2.4096385542168677,0.0,0.0,0.0,9.63855421686747,16.867469879518072,0.0,7.228915662650603,4.819277108433735,0.0,0.0,2.4096385542168677,0.0,0.0,0.0,0.0,0.0,0.0,4.819277108433735,139.75903614457832,57.83132530120482,7.228915662650603,50.60240963855422,0.6185819070904646,4.8557457212713935,0.0,0.0,0.0,2.4096385542168677,7.228915662650603,0.0,4.819277108433735,2.4096385542168677,0.0,0.0,2.4096385542168677,14.457831325301205,0.0,0.0,4.819277108433735,0.0,0.0,0.0,2.4096385542168677,9.63855421686747,4.819277108433735,2.4096385542168677,4.819277108433735
219089,58.394160583941606,0.0,17.0316301703163,2.4330900243309004,0.0,7.299270072992701,2.4330900243309004,7.299270072992701,38.929440389294406,4.866180048661801,4.866180048661801,0.0,9.732360097323602,26.7639902676399,9.732360097323602,223.84428223844282,4.866180048661801,0.0,43.79562043795621,9.732360097323602,0.0,0.0,0.0,29.197080291970803,7.299270072992701,0.0,0.0,2.4330900243309004,2.4330900243309004,0.0,0.0,0.0,0.0,4.866180048661801,0.0,0.0,7.299270072992701,7.299270072992701,119.2214111922141,63.26034063260341,4.866180048661801,36.4963503649635,0.4658536585365854,4.426829268292683,4.866180048661801,2.4330900243309004,0.0,2.4330900243309004,0.0,0.0,12.165450121654501,2.4330900243309004,0.0,2.4330900243309004,0.0,19.464720194647203,0.0,0.0,0.0,0.0,0.0,0.0,0.0,19.464720194647203,9.732360097323602,14.598540145985401,17.0316301703163
222010,92.85714285714286,2.3809523809523814,19.04761904761905,2.3809523809523814,2.3809523809523814,0.0,4.761904761904763,21.428571428571427,16.666666666666668,7.142857142857142,0.0,2.3809523809523814,42.857142857142854,11.904761904761903,0.0,295.23809523809524,0.0,0.0,26.19047619047619,0.0,2.3809523809523814,0.0,0.0,21.428571428571427,0.0,0.0,0.0,0.0,28.57142857142857,0.0,4.761904761904763,0.0,0.0,0.0,0.0,0.0,4.761904761904763,0.0,85.71428571428571,30.952380952380953,4.761904761904763,102.38095238095238,0.3759036144578313,4.874698795180723,0.0,4.761904761904763,4.761904761904763,2.3809523809523814,28.57142857142857,0.0,7.142857142857142,2.3809523809523814,0.0,2.3809523809523814,0.0,23.809523809523807,7.142857142857142,0.0,11.904761904761903,0.0,0.0,2.3809523809523814,21.428571428571427,0.0,14.285714285714285,0.0,11.904761904761903
222998,93.07875894988067,14.319809069212411,2.3866348448687353,4.773269689737471,0.0,78.75894988066825,4.773269689737471,7.159904534606206,33.41288782816229,0.0,2.3866348448687353,2.3866348448687353,7.159904534606206,4.773269689737471,4.773269689737471,238.6634844868735,9.546539379474941,0.0,4.773269689737471,0.0,0.0,0.0,0.0,7.159904534606206,4.773269689737471,0.0,2.3866348448687353,2.3866348448687353,2.3866348448687353,0.0,0.0,0.0,0.0,0.0,0.0,0.0,4.773269689737471,23.86634844868735,116.94510739856801,50.11933174224344,9.546539379474941,64.43914081145586,0.5714285714285714,4.513317191283293,0.0,2.3866348448687353,2.3866348448687353,7.159904534606206,0.0,0.0,2.3866348448687353,4.773269689737471,0.0,0.0,2.3866348448687353,16.706443914081145,0.0,4.773269689737471,2.3866348448687353,0.0,0.0,0.0,9.546539379474941,9.546539379474941,11.933174224343675,2.3866348448687353,4.773269689737471
22403,92.03980099502488,4.975124378109452,17.412935323383085,12.437810945273633,0.0,12.437810945273633,9.950248756218905,104.4776119402985,17.412935323383085,2.487562189054726,9.950248756218905,0.0,7.462686567164179,7.462686567164179,4.975124378109452,241.29353233830847,0.0,0.0,24.875621890547265,7.462686567164179,0.0,0.0,2.487562189054726,7.462686567164179,9.950248756218905,0.0,2.487562189054726,0.0,0.0,0.0,2.487562189054726,0.0,0.0,0.0,0.0,0.0,0.0,4.975124378109452,97.01492537313433,47.2636815920398,4.975124378109452,57.21393034825871,0.5994897959183674,4.612244897959184,0.0,0.0,2.487562189054726,0.0,12.437810945273633,0.0,0.0,2.487562189054726,0.0,2.487562189054726,7.462686567164179,22.388059701492537,9.950248756218905,0.0,19.90049751243781,0.0,2.487562189054726,0.0,0.0,9.950248756218905,9.950248756218905,2.487562189054726,14.925373134328359
22533,81.68316831683168,17.32673267326733,14.85148514851485,2.4752475247524752,0.0,56.93069306930693,2.4752475247524752,32.17821782178218,9.900990099009901,4.9504950495049505,12.376237623762377,0.0,2.4752475247524752,14.85148514851485,0.0,240.0990099009901,4.9504950495049505,0.0,27.22772277227723,0.0,0.0,0.0,0.0,19.801980198019802,9.900990099009901,0.0,9.900990099009901,4.9504950495049505,0.0,0.0,0.0,0.0,0.0,0.0,2.4752475247524752,0.0,2.4752475247524752,4.9504950495049505,96.53465346534654,42.07920792079208,0.0,61.88118811881188,0.6208651399491094,4.585241730279898,4.9504950495049505,2.4752475247524752,4.9504950495049505,2.4752475247524752,9.900990099009901,0.0,2.4752475247524752,2.4752475247524752,0.0,7.425742574257425,7.425742574257425,19.801980198019802,4.9504950495049505,0.0,17.32673267326733,4.9504950495049505,0.0,0.0,7.425742574257425,0.0,12.376237623762377,0.0,12.376237623762377
225730,83.74384236453201,12.315270935960593,44.33497536945813,2.4630541871921183,4.926108374384237,78.81773399014779,32.01970443349754,17.241379310344826,14.778325123152708,7.389162561576354,4.926108374384237,2.4630541871921183,22.167487684729064,17.241379310344826,7.389162561576354,142.85714285714286,4.926108374384237,0.0,49.26108374384237,2.4630541871921183,0.0,0.0,0.0,7.389162561576354,2.4630541871921183,0.0,2.4630541871921183,0.0,2.4630541871921183,0.0,2.4630541871921183,0.0,0.0,0.0,0.0,0.0,2.4630541871921183,2.4630541871921183,61.576354679802954,19.704433497536947,14.778325123152708,81.2807881773399,0.5213032581453634,4.303258145363409,4.926108374384237,0.0,0.0,0.0,14.778325123152708,0.0,2.4630541871921183,14.778325123152708,0.0,2.4630541871921183,12.315270935960593,27.093596059113302,2.4630541871921183,4.926108374384237,17.241379310344826,0.0,2.4630541871921183,0.0,0.0,14.778325123152708,17.241379310344826,2.4630541871921183,22.167487684729064
22575,68.07511737089202,2.347417840375587,0.0,2.347417840375587,0.0,18.779342723004696,0.0,11.737089201877934,11.737089201877934,2.347417840375587,2.347417840375587,0.0,25.821596244131456,21.12676056338028,9.389671361502348,232.3943661971831,11.737089201877934,0.0,28.169014084507044,2.347417840375587,0.0,0.0,0.0,18.779342723004696,0.0,0.0,2.347417840375587,2.347417840375587,9.389671361502348,0.0,4.694835680751174,0.0,0.0,2.347417840375587,0.0,0.0,0.0,4.694835680751174,117.37089201877934,89.2018779342723,0.0,28.169014084507044,0.558252427184466,4.900485436893204,2.347417840375587,0.0,0.0,4.694835680751174,2.347417840375587,0.0,9.389671361502348,16.431924882629108,0.0,0.0,0.0,18.779342723004696,0.0,0.0,4.694835680751174,0.0,0.0,0.0,0.0,16.431924882629108,14.084507042253522,0.0,4.694835680751174
226331,77.11442786069651,17.412935323383085,14.925373134328359,4.975124378109452,2.487562189054726,14.925373134328359,2.487562189054726,42.28855721393035,19.90049751243781,0.0,4.975124378109452,0.0,19.90049751243781,7.462686567164179,0.0,246.2686567164179,9.950248756218905,2.487562189054726,32.33830845771144,0.0,0.0,0.0,0.0,9.950248756218905,0.0,0.0,0.0,2.487562189054726,7.462686567164179,0.0,4.975124378109452,0.0,0.0,0.0,0.0,0.0,4.975124378109452,12.437810945273633,114.42786069651741,52.23880597014925,2.487562189054726,72.13930348258707,0.6214833759590793,4.562659846547315,4.975124378109452,4.975124378109452,0.0,2.487562189054726,7.462686567164179,0.0,4.975124378109452,4.975124378109452,0.0,7.462686567164179,0.0,14.925373134328359,0.0,0.0,19.90049751243781,0.0,2.487562189054726,0.0,12.437810945273633,7.462686567164179,14.925373134328359,2.487562189054726,7.462686567164179
227339,99.25558312655087,22.332506203473944,2.4813895781637716,7.444168734491315,17.3697270471464,0.0,0.0,62.03473945409429,9.925558312655086,4.962779156327543,2.4813895781637716,0.0,24.81389578163772,17.3697270471464,2.4813895781637716,228.28784119106697,2.4813895781637716,0.0,14.88833746898263,2.4813895781637716,2.4813895781637716,0.0,0.0,9.925558312655086,19.851116625310173,2.4813895781637716,0.0,0.0,9.925558312655086,2.4813895781637716,4.962779156327543,0.0,0.0,0.0,0.0,0.0,0.0,4.962779156327543,124.06947890818859,52.10918114143921,0.0,64.51612903225806,0.56,4.5825,0.0,2.4813895781637716,0.0,0.0,12.40694789081886,0.0,12.40694789081886,0.0,0.0,0.0,0.0,19.851116625310173,7.444168734491315,0.0,2.4813895781637716,0.0,2.4813895781637716,0.0,12.40694789081886,17.3697270471464,9.925558312655086,2.4813895781637716,2.4813895781637716
228016,84.90566037735849,7.0754716981132075,0.0,4.716981132075471,4.716981132075471,51.88679245283019,0.0,16.50943396226415,11.79245283018868,0.0,4.716981132075471,0.0,9.433962264150942,14.150943396226415,21.22641509433962,188.67924528301887,0.0,0.0,28.30188679245283,4.716981132075471,2.3584905660377355,0.0,0.0,4.716981132075471,4.716981132075471,0.0,2.3584905660377355,7.0754716981132075,2.3584905660377355,0.0,0.0,0.0,0.0,2.3584905660377355,0.0,0.0,4.716981132075471,11.79245283018868,136.79245283018867,68.39622641509433,7.0754716981132075,82.54716981132076,0.5450236966824644,4.691943127962086,0.0,2.3584905660377355,2.3584905660377355,7.0754716981132075,16.50943396226415,0.0,4.716981132075471,4.716981132075471,0.0,0.0,2.3584905660377355,11.79245283018868,0.0,0.0,4.716981132075471,0.0,0.0,0.0,0.0,11.79245283018868,16.50943396226415,0.0,4.716981132075471
233043,109.48905109489051,2.4330900243309004,14.598540145985401,2.4330900243309004,0.0,80.2919708029197,0.0,2.4330900243309004,29.197080291970803,9.732360097323602,21.897810218978105,2.4330900243309004,19.464720194647203,7.299270072992701,4.866180048661801,197.08029197080293,0.0,0.0,43.79562043795621,0.0,2.4330900243309004,0.0,2.4330900243309004,14.598540145985401,7.299270072992701,0.0,0.0,2.4330900243309004,7.299270072992701,0.0,0.0,0.0,0.0,0.0,0.0,0.0,4.866180048661801,2.4330900243309004,104.62287104622871,38.929440389294406,17.0316301703163,68.1265206812652,0.5486284289276808,4.177057356608479,0.0,7.299270072992701,2.4330900243309004,0.0,7.299270072992701,0.0,7.299270072992701,0.0,0.0,2.4330900243309004,0.0,24.330900243309003,2.4330900243309004,4.866180048661801,21.897810218978105,0.0,0.0,0.0,0.0,4.866180048661801,21.897810218978105,0.0,17.0316301703163
23708,47.961630695443645,7.194244604316547,52.75779376498801,0.0,4.796163069544364,62.35011990407674,2.398081534772182,33.57314148681055,19.184652278177456,4.796163069544364,11.990407673860911,0.0,11.990407673860911,16.786570743405274,0.0,187.05035971223023,2.398081534772182,0.0,28.77697841726619,2.398081534772182,0.0,0.0,0.0,28.77697841726619,14.388489208633095,2.398081534772182,0.0,0.0,2.398081534772182,0.0,2.398081534772182,0.0,0.0,2.398081534772182,0.0,0.0,0.0,2.398081534772182,76.73860911270982,55.15587529976019,11.990407673860911,71.94244604316546,0.5525,4.4575,2.398081534772182,4.796163069544364,0.0,0.0,21.58273381294964,0.0,14.388489208633095,7.194244604316547,0.0,2.398081534772182,2.398081534772182,38.36930455635491,4.796163069544364,4.796163069544364,28.77697841726619,0.0,0.0,0.0,2.398081534772182,2.398081534772182,21.58273381294964,4.796163069544364,11.990407673860911
239876,61.72839506172839,7.407407407407407,24.691358024691358,4.938271604938271,7.407407407407407,37.03703703703704,37.03703703703704,2.4691358024691357,12.345679012345679,12.345679012345679,4.938271604938271,0.0,24.691358024691358,27.160493827160494,0.0,187.65432098765433,9.876543209876543,0.0,37.03703703703704,2.4691358024691357,0.0,0.0,0.0,14.814814814814815,0.0,0.0,0.0,2.4691358024691357,0.0,0.0,0.0,0.0,0.0,0.0,0.0,0.0,0.0,0.0,106.17283950617285,51.85185185185185,7.407407407407407,86.41975308641975,0.5790816326530612,4.576530612244898,0.0,2.4691358024691357,0.0,0.0,22.22222222222222,0.0,0.0,14.814814814814815,0.0,4.938271604938271,4.938271604938271,12.345679012345679,0.0,0.0,22.22222222222222,0.0,2.4691358024691357,0.0,4.938271604938271,12.345679012345679,2.4691358024691357,4.938271604938271,9.876543209876543
240056,73.89162561576356,9.852216748768473,34.48275862068965,4.926108374384237,4.926108374384237,56.65024630541872,4.926108374384237,14.778325123152708,34.48275862068965,4.926108374384237,7.389162561576354,2.4630541871921183,27.093596059113302,4.926108374384237,2.4630541871921183,177.3399014778325,4.926108374384237,4.926108374384237,22.167487684729064,2.4630541871921183,0.0,0.0,0.0,14.778325123152708,2.4630541871921183,0.0,0.0,0.0,4.926108374384237,0.0,2.4630541871921183,0.0,0.0,2.4630541871921183,0.0,0.0,0.0,4.926108374384237,91.13300492610837,64.03940886699507,4.926108374384237,91.13300492610837,0.5620253164556962,4.245569620253165,2.4630541871921183,0.0,2.4630541871921183,2.4630541871921183,17.241379310344826,0.0,2.4630541871921183,4.926108374384237,0.0,4.926108374384237,0.0,22.167487684729064,7.389162561576354,0.0,24.630541871921185,0.0,2.4630541871921183,0.0,2.4630541871921183,2.4630541871921183,17.241379310344826,0.0,12.315270935960593
241356,76.35467980295567,19.704433497536947,4.926108374384237,7.389162561576354,2.4630541871921183,12.315270935960593,4.926108374384237,27.093596059113302,27.093596059113302,2.4630541871921183,7.389162561576354,0.0,14.778325123152708,19.704433497536947,0.0,238.91625615763547,9.852216748768473,2.4630541871921183,27.093596059113302,0.0,4.926108374384237,0.0,4.926108374384237,22.167487684729064,2.4630541871921183,0.0,2.4630541871921183,2.4630541871921183,4.926108374384237,2.4630541871921183,0.0,0.0,0.0,0.0,0.0,0.0,4.926108374384237,12.315270935960593,105.91133004926108,71.42857142857143,2.4630541871921183,49.26108374384237,0.5806451612903226,4.858560794044665,4.926108374384237,0.0,0.0,0.0,2.4630541871921183,0.0,9.852216748768473,9.852216748768473,0.0,2.4630541871921183,2.4630541871921183,27.093596059113302,9.852216748768473,2.4630541871921183,4.926108374384237,0.0,0.0,0.0,4.926108374384237,7.389162561576354,9.852216748768473,12.315270935960593,7.389162561576354
242164,93.75,9.615384615384617,4.807692307692308,0.0,7.211538461538462,2.403846153846154,0.0,93.75,19.230769230769234,9.615384615384617,0.0,4.807692307692308,16.826923076923077,12.01923076923077,0.0,192.30769230769232,4.807692307692308,0.0,43.26923076923077,0.0,0.0,0.0,4.807692307692308,21.634615384615383,2.403846153846154,0.0,0.0,0.0,2.403846153846154,0.0,0.0,0.0,0.0,2.403846153846154,0.0,2.403846153846154,0.0,12.01923076923077,91.34615384615384,55.28846153846153,12.01923076923077,84.13461538461539,0.5615763546798029,4.551724137931035,0.0,7.211538461538462,4.807692307692308,0.0,12.01923076923077,2.403846153846154,0.0,14.423076923076923,0.0,16.826923076923077,4.807692307692308,21.634615384615383,0.0,0.0,16.826923076923077,0.0,0.0,0.0,2.403846153846154,0.0,12.01923076923077,0.0,16.826923076923077
244067,84.7457627118644,12.106537530266344,14.527845036319613,4.842615012106537,7.263922518159807,53.26876513317191,2.4213075060532687,29.055690072639226,9.685230024213075,7.263922518159807,0.0,9.685230024213075,9.685230024213075,14.527845036319613,7.263922518159807,210.65375302663438,2.4213075060532687,2.4213075060532687,31.476997578692497,0.0,0.0,0.0,0.0,4.842615012106537,4.842615012106537,0.0,2.4213075060532687,7.263922518159807,2.4213075060532687,0.0,2.4213075060532687,0.0,0.0,0.0,2.4213075060532687,0.0,2.4213075060532687,4.842615012106537,94.43099273607749,50.84745762711865,4.842615012106537,84.7457627118644,0.6004962779156328,4.71712158808933,0.0,2.4213075060532687,2.4213075060532687,2.4213075060532687,7.263922518159807,2.4213075060532687,4.842615012106537,2.4213075060532687,0.0,9.685230024213075,4.842615012106537,19.37046004842615,0.0,2.4213075060532687,16.949152542372882,2.4213075060532687,2.4213075060532687,0.0,0.0,2.4213075060532687,16.949152542372882,0.0,9.685230024213075
244404,96.15384615384616,4.807692307692308,2.403846153846154,0.0,2.403846153846154,4.807692307692308,0.0,43.26923076923077,9.615384615384617,4.807692307692308,2.403846153846154,0.0,21.634615384615383,24.03846153846154,12.01923076923077,245.19230769230768,12.01923076923077,0.0,16.826923076923077,0.0,2.403846153846154,0.0,0.0,19.230769230769234,7.211538461538462,2.403846153846154,2.403846153846154,0.0,4.807692307692308,0.0,0.0,0.0,0.0,7.211538461538462,0.0,2.403846153846154,0.0,0.0,93.75,96.15384615384616,0.0,79.32692307692307,0.6359223300970874,5.152912621359223,12.01923076923077,7.211538461538462,0.0,4.807692307692308,4.807692307692308,0.0,2.403846153846154,2.403846153846154,0.0,2.403846153846154,0.0,24.03846153846154,2.403846153846154,4.807692307692308,0.0,0.0,0.0,0.0,0.0,4.807692307692308,4.807692307692308,0.0,0.0
250426,76.92307692307693,2.4813895781637716,32.25806451612903,0.0,4.962779156327543,71.96029776674938,17.3697270471464,14.88833746898263,22.332506203473944,9.925558312655086,7.444168734491315,2.4813895781637716,12.40694789081886,9.925558312655086,9.925558312655086,158.80893300248138,2.4813895781637716,0.0,32.25806451612903,2.4813895781637716,2.4813895781637716,2.4813895781637716,2.4813895781637716,14.88833746898263,9.925558312655086,0.0,0.0,0.0,7.444168734491315,0.0,0.0,0.0,0.0,0.0,0.0,0.0,0.0,14.88833746898263,64.51612903225806,52.10918114143921,14.88833746898263,89.33002481389578,0.5943877551020408,4.323979591836735,0.0,4.962779156327543,2.4813895781637716,0.0,12.40694789081886,0.0,4.962779156327543,14.88833746898263,0.0,14.88833746898263,4.962779156327543,29.77667493796526,2.4813895781637716,2.4813895781637716,22.332506203473944,7.444168734491315,0.0,0.0,0.0,9.925558312655086,19.851116625310173,7.444168734491315,12.40694789081886
250845,9.925558312655086,9.925558312655086,86.848635235732,7.444168734491315,4.962779156327543,37.220843672456574,2.4813895781637716,12.40694789081886,12.40694789081886,2.4813895781637716,2.4813895781637716,4.962779156327543,27.29528535980149,27.29528535980149,4.962779156327543,250.62034739454091,12.40694789081886,0.0,29.77667493796526,2.4813895781637716,2.4813895781637716,0.0,0.0,7.444168734491315,4.962779156327543,0.0,0.0,4.962779156327543,7.444168734491315,0.0,7.444168734491315,0.0,0.0,0.0,0.0,0.0,0.0,9.925558312655086,96.77419354838709,44.66501240694789,4.962779156327543,59.55334987593052,0.6314432989690721,4.706185567010309,0.0,7.444168734491315,0.0,2.4813895781637716,0.0,0.0,0.0,2.4813895781637716,0.0,4.962779156327543,2.4813895781637716,14.88833746898263,7.444168734491315,0.0,24.81389578163772,0.0,0.0,0.0,0.0,4.962779156327543,12.40694789081886,0.0,9.925558312655086
252372,47.02970297029703,0.0,84.15841584158416,4.9504950495049505,2.4752475247524752,0.0,0.0,113.86138613861387,14.85148514851485,0.0,2.4752475247524752,0.0,19.801980198019802,9.900990099009901,0.0,190.59405940594058,4.9504950495049505,0.0,34.65346534653466,2.4752475247524752,0.0,0.0,2.4752475247524752,22.277227722772277,7.425742574257425,2.4752475247524752,0.0,0.0,7.425742574257425,0.0,0.0,0.0,0.0,0.0,0.0,2.4752475247524752,2.4752475247524752,19.801980198019802,76.73267326732673,29.7029702970297,12.376237623762377,113.86138613861387,0.5746835443037974,4.3924050632911396,0.0,2.4752475247524752,0.0,7.425742574257425,14.85148514851485,0.0,0.0,2.4752475247524752,0.0,0.0,0.0,14.85148514851485,2.4752475247524752,0.0,22.277227722772277,0.0,0.0,4.9504950495049505,2.4752475247524752,9.900990099009901,12.376237623762377,0.0,12.376237623762377
252991,69.65174129353234,17.412935323383085,14.925373134328359,0.0,0.0,37.31343283582089,0.0,52.23880597014925,14.925373134328359,4.975124378109452,7.462686567164179,0.0,22.388059701492537,24.875621890547265,0.0,203.98009950248755,2.487562189054726,0.0,34.82587064676617,0.0,2.487562189054726,0.0,0.0,22.388059701492537,0.0,0.0,4.975124378109452,2.487562189054726,7.462686567164179,0.0,0.0,0.0,0.0,0.0,0.0,0.0,2.487562189054726,2.487562189054726,99.50248756218906,57.21393034825871,4.975124378109452,72.13930348258707,0.5818639798488665,4.571788413098237,7.462686567164179,4.975124378109452,0.0,0.0,14.925373134328359,2.487562189054726,2.487562189054726,4.975124378109452,0.0,4.975124378109452,4.975124378109452,24.875621890547265,2.487562189054726,2.487562189054726,12.437810945273633,2.487562189054726,0.0,0.0,2.487562189054726,7.462686567164179,9.950248756218905,0.0,4.975124378109452
253245,86.848635235732,9.925558312655086,4.962779156327543,4.962779156327543,0.0,2.4813895781637716,7.444168734491315,71.96029776674938,14.88833746898263,0.0,9.925558312655086,0.0,14.88833746898263,22.332506203473944,4.962779156327543,188.58560794044666,4.962779156327543,0.0,27.29528535980149,2.4813895781637716,2.4813895781637716,0.0,0.0,9.925558312655086,9.925558312655086,0.0,0.0,0.0,4.962779156327543,0.0,0.0,0.0,0.0,0.0,0.0,0.0,2.4813895781637716,7.444168734491315,89.33002481389578,52.10918114143921,12.40694789081886,91.81141439205956,0.5892857142857143,4.5561224489795915,0.0,2.4813895781637716,2.4813895781637716,0.0,7.444168734491315,0.0,2.4813895781637716,9.925558312655086,0.0,9.925558312655086,0.0,42.183622828784124,4.962779156327543,4.962779156327543,24.81389578163772,0.0,2.4813895781637716,0.0,9.925558312655086,12.40694789081886,17.3697270471464,12.40694789081886,19.851116625310173
254328,87.71929824561403,2.506265664160401,2.506265664160401,2.506265664160401,7.518796992481203,55.13784461152882,0.0,5.012531328320802,37.59398496240601,2.506265664160401,5.012531328320802,0.0,2.506265664160401,15.037593984962406,12.531328320802004,192.98245614035088,2.506265664160401,0.0,37.59398496240601,2.506265664160401,0.0,0.0,0.0,25.062656641604008,12.531328320802004,2.506265664160401,0.0,10.025062656641603,0.0,0.0,0.0,0.0,0.0,0.0,0.0,0.0,5.012531328320802,7.518796992481203,100.25062656641603,70.17543859649122,10.025062656641603,80.20050125313283,0.5721518987341773,4.5620253164556965,2.506265664160401,2.506265664160401,0.0,5.012531328320802,5.012531328320802,2.506265664160401,5.012531328320802,5.012531328320802,2.506265664160401,5.012531328320802,2.506265664160401,22.55639097744361,7.518796992481203,5.012531328320802,7.518796992481203,0.0,0.0,0.0,5.012531328320802,0.0,5.012531328320802,2.506265664160401,10.025062656641603
254509,49.62779156327544,2.4813895781637716,24.81389578163772,4.962779156327543,2.4813895781637716,4.962779156327543,0.0,4.962779156327543,14.88833746898263,2.4813895781637716,4.962779156327543,0.0,24.81389578163772,22.332506203473944,4.962779156327543,317.61786600496276,2.4813895781637716,2.4813895781637716,22.332506203473944,0.0,0.0,0.0,0.0,4.962779156327543,7.444168734491315,0.0,2.4813895781637716,0.0,14.88833746898263,0.0,0.0,0.0,0.0,0.0,0.0,0.0,0.0,4.962779156327543,101.73697270471465,81.88585607940446,0.0,54.59057071960298,0.6108247422680413,5.536082474226804,0.0,2.4813895781637716,0.0,0.0,9.925558312655086,0.0,12.40694789081886,2.4813895781637716,0.0,0.0,2.4813895781637716,12.40694789081886,2.4813895781637716,2.4813895781637716,4.962779156327543,0.0,0.0,0.0,0.0,0.0,2.4813895781637716,0.0,0.0
255053,87.37864077669903,19.41747572815534,9.70873786407767,7.281553398058253,9.70873786407767,4.854368932038835,4.854368932038835,43.689320388349515,14.563106796116505,4.854368932038835,2.4271844660194173,2.4271844660194173,33.980582524271846,4.854368932038835,0.0,233.0097087378641,2.4271844660194173,0.0,33.980582524271846,2.4271844660194173,0.0,0.0,0.0,7.281553398058253,2.4271844660194173,0.0,9.70873786407767,0.0,14.563106796116505,0.0,7.281553398058253,0.0,0.0,2.4271844660194173,0.0,0.0,0.0,7.281553398058253,118.93203883495146,53.398058252427184,7.281553398058253,75.24271844660194,0.5640394088669951,4.433497536945813,2.4271844660194173,4.854368932038835,0.0,4.854368932038835,7.281553398058253,0.0,4.854368932038835,9.70873786407767,0.0,0.0,2.4271844660194173,16.990291262135923,4.854368932038835,0.0,7.281553398058253,0.0,0.0,0.0,4.854368932038835,9.70873786407767,4.854368932038835,0.0,4.854368932038835
255438,101.23456790123457,22.22222222222222,4.938271604938271,0.0,0.0,0.0,2.4691358024691357,46.91358024691358,14.814814814814815,2.4691358024691357,4.938271604938271,0.0,19.753086419753085,24.691358024691358,0.0,200.0,7.407407407407407,0.0,32.098765432098766,0.0,2.4691358024691357,0.0,0.0,17.28395061728395,0.0,0.0,7.407407407407407,0.0,2.4691358024691357,0.0,7.407407407407407,0.0,2.4691358024691357,2.4691358024691357,0.0,0.0,0.0,12.345679012345679,101.23456790123457,54.32098765432099,17.28395061728395,49.382716049382715,0.5606060606060606,4.598484848484849,2.4691358024691357,7.407407407407407,0.0,0.0,4.938271604938271,0.0,12.345679012345679,4.938271604938271,0.0,2.4691358024691357,4.938271604938271,19.753086419753085,0.0,0.0,9.876543209876543,0.0,0.0,0.0,4.938271604938271,12.345679012345679,7.407407407407407,0.0,14.814814814814815
25988,83.73205741626795,16.74641148325359,19.138755980861244,2.3923444976076556,4.784688995215311,2.3923444976076556,2.3923444976076556,55.02392344497608,11.961722488038278,7.177033492822967,9.569377990430622,0.0,28.70813397129187,19.138755980861244,2.3923444976076556,239.23444976076556,4.784688995215311,0.0,28.70813397129187,0.0,0.0,0.0,0.0,19.138755980861244,4.784688995215311,2.3923444976076556,2.3923444976076556,2.3923444976076556,11.961722488038278,0.0,4.784688995215311,0.0,2.3923444976076556,2.3923444976076556,0.0,0.0,2.3923444976076556,7.177033492822967,95.69377990430623,50.239234449760765,2.3923444976076556,50.239234449760765,0.5501222493887531,4.513447432762836,0.0,2.3923444976076556,2.3923444976076556,0.0,11.961722488038278,2.3923444976076556,2.3923444976076556,9.569377990430622,0.0,0.0,7.177033492822967,23.923444976076556,11.961722488038278,4.784688995215311,11.961722488038278,0.0,0.0,0.0,4.784688995215311,11.961722488038278,9.569377990430622,2.3923444976076556,4.784688995215311
261525,88.0195599022005,14.669926650366747,0.0,2.444987775061125,4.88997555012225,0.0,0.0,97.799511002445,4.88997555012225,0.0,0.0,0.0,14.669926650366747,14.669926650366747,4.88997555012225,222.49388753056235,2.444987775061125,0.0,26.89486552567237,0.0,4.88997555012225,0.0,0.0,12.224938875305625,0.0,0.0,0.0,0.0,7.334963325183374,0.0,2.444987775061125,0.0,4.88997555012225,0.0,0.0,0.0,0.0,4.88997555012225,83.12958435207824,39.119804400978,12.224938875305625,78.239608801956,0.5552763819095478,4.71356783919598,0.0,7.334963325183374,0.0,2.444987775061125,9.7799511002445,2.444987775061125,4.88997555012225,4.88997555012225,0.0,17.114914425427873,2.444987775061125,34.229828850855746,4.88997555012225,4.88997555012225,12.224938875305625,0.0,2.444987775061125,0.0,9.7799511002445,4.88997555012225,12.224938875305625,2.444987775061125,9.7799511002445
26395,87.59124087591242,0.0,9.732360097323602,2.4330900243309004,4.866180048661801,48.661800486618006,7.299270072992701,24.330900243309003,12.165450121654501,7.299270072992701,12.165450121654501,0.0,19.464720194647203,19.464720194647203,2.4330900243309004,184.91484184914842,0.0,0.0,17.0316301703163,0.0,0.0,0.0,4.866180048661801,17.0316301703163,4.866180048661801,0.0,0.0,0.0,4.866180048661801,0.0,0.0,0.0,0.0,0.0,0.0,0.0,2.4330900243309004,14.598540145985401,104.62287104622871,60.82725060827251,4.866180048661801,65.69343065693431,0.5925,4.5575,0.0,0.0,0.0,2.4330900243309004,17.0316301703163,0.0,4.866180048661801,2.4330900243309004,2.4330900243309004,4.866180048661801,4.866180048661801,24.330900243309003,2.4330900243309004,0.0,17.0316301703163,0.0,0.0,0.0,2.4330900243309004,9.732360097323602,19.464720194647203,7.299270072992701,9.732360097323602
264894,97.5609756097561,7.317073170731708,12.195121951219512,2.4390243902439024,0.0,2.4390243902439024,12.195121951219512,97.5609756097561,14.634146341463415,0.0,14.634146341463415,0.0,14.634146341463415,4.878048780487805,0.0,200.0,2.4390243902439024,0.0,21.95121951219512,0.0,0.0,0.0,2.4390243902439024,19.51219512195122,12.195121951219512,0.0,2.4390243902439024,0.0,2.4390243902439024,0.0,0.0,0.0,0.0,0.0,0.0,0.0,12.195121951219512,7.317073170731708,102.4390243902439,56.09756097560976,4.878048780487805,58.53658536585366,0.5771144278606966,4.206467661691542,0.0,2.4390243902439024,2.4390243902439024,0.0,9.75609756097561,0.0,7.317073170731708,9.75609756097561,0.0,7.317073170731708,0.0,31.70731707317073,12.195121951219512,4.878048780487805,12.195121951219512,0.0,4.878048780487805,0.0,0.0,7.317073170731708,17.073170731707318,2.4390243902439024,12.195121951219512
266238,87.88598574821853,4.750593824228028,2.375296912114014,7.125890736342043,2.375296912114014,2.375296912114014,0.0,23.752969121140143,11.876484560570072,4.750593824228028,7.125890736342043,2.375296912114014,23.752969121140143,19.002375296912113,7.125890736342043,258.90736342042754,7.125890736342043,0.0,33.2541567695962,0.0,0.0,0.0,0.0,7.125890736342043,2.375296912114014,0.0,2.375296912114014,2.375296912114014,7.125890736342043,2.375296912114014,0.0,0.0,2.375296912114014,4.750593824228028,0.0,0.0,0.0,2.375296912114014,130.64133016627076,76.00950118764845,4.750593824228028,64.13301662707839,0.6049382716049383,5.0395061728395065,0.0,4.750593824228028,0.0,4.750593824228028,7.125890736342043,0.0,4.750593824228028,2.375296912114014,0.0,0.0,4.750593824228028,11.876484560570072,0.0,0.0,14.251781472684087,0.0,0.0,2.375296912114014,7.125890736342043,7.125890736342043,7.125890736342043,2.375296912114014,16.6270783847981
266437,105.51558752997602,0.0,0.0,9.592326139088728,4.796163069544364,107.91366906474819,0.0,0.0,16.786570743405274,2.398081534772182,7.194244604316547,0.0,14.388489208633095,11.990407673860911,0.0,206.23501199040766,0.0,0.0,19.184652278177456,4.796163069544364,0.0,0.0,0.0,16.786570743405274,14.388489208633095,2.398081534772182,2.398081534772182,0.0,9.592326139088728,0.0,0.0,0.0,0.0,0.0,2.398081534772182,0.0,4.796163069544364,7.194244604316547,105.51558752997602,50.35971223021583,2.398081534772182,67.1462829736211,0.5443645083932853,4.249400479616307,4.796163069544364,7.194244604316547,2.398081534772182,2.398081534772182,0.0,0.0,4.796163069544364,9.592326139088728,0.0,2.398081534772182,2.398081534772182,23.980815347721823,7.194244604316547,2.398081534772182,0.0,0.0,0.0,0.0,2.398081534772182,11.990407673860911,19.184652278177456,7.194244604316547,0.0
26749,68.62745098039217,29.41176470588235,0.0,4.901960784313726,24.509803921568626,12.254901960784313,0.0,4.901960784313726,12.254901960784313,0.0,0.0,0.0,14.705882352941176,34.313725490196084,7.352941176470588,262.2549019607843,4.901960784313726,0.0,17.156862745098042,0.0,0.0,0.0,0.0,4.901960784313726,2.450980392156863,0.0,4.901960784313726,0.0,9.803921568627452,0.0,0.0,0.0,0.0,0.0,0.0,0.0,2.450980392156863,9.803921568627452,132.35294117647058,102.94117647058823,2.450980392156863,56.372549019607845,0.5915841584158416,5.242574257425742,0.0,0.0,0.0,0.0,4.901960784313726,4.901960784313726,7.352941176470588,2.450980392156863,0.0,0.0,0.0,9.803921568627452,2.450980392156863,0.0,0.0,0.0,0.0,0.0,7.352941176470588,7.352941176470588,0.0,0.0,0.0
267601,85.57457212713938,9.7799511002445,2.444987775061125,2.444987775061125,2.444987775061125,75.79462102689487,0.0,22.004889975550125,24.44987775061125,2.444987775061125,0.0,0.0,17.114914425427873,0.0,2.444987775061125,193.15403422982885,0.0,0.0,24.44987775061125,2.444987775061125,0.0,2.444987775061125,0.0,19.559902200489,4.88997555012225,0.0,2.444987775061125,2.444987775061125,12.224938875305625,0.0,0.0,0.0,0.0,0.0,0.0,0.0,0.0,12.224938875305625,117.35941320293398,22.004889975550125,0.0,95.35452322738386,0.5685785536159601,4.201995012468828,0.0,14.669926650366747,2.444987775061125,0.0,7.334963325183374,0.0,7.334963325183374,9.7799511002445,0.0,2.444987775061125,0.0,14.669926650366747,0.0,2.444987775061125,9.7799511002445,0.0,0.0,0.0,2.444987775061125,14.669926650366747,26.89486552567237,2.444987775061125,4.88997555012225
268817,81.68316831683168,0.0,2.4752475247524752,4.9504950495049505,0.0,12.376237623762377,0.0,59.4059405940594,14.85148514851485,2.4752475247524752,2.4752475247524752,0.0,9.900990099009901,14.85148514851485,2.4752475247524752,269.8019801980198,2.4752475247524752,0.0,22.277227722772277,0.0,2.4752475247524752,0.0,0.0,7.425742574257425,7.425742574257425,0.0,0.0,12.376237623762377,2.4752475247524752,0.0,0.0,0.0,0.0,0.0,0.0,0.0,2.4752475247524752,4.9504950495049505,136.13861386138615,51.980198019801975,2.4752475247524752,49.504950495049506,0.5696517412935324,4.606965174129353,0.0,2.4752475247524752,0.0,2.4752475247524752,14.85148514851485,0.0,4.9504950495049505,2.4752475247524752,0.0,2.4752475247524752,2.4752475247524752,14.85148514851485,4.9504950495049505,0.0,2.4752475247524752,0.0,2.4752475247524752,0.0,0.0,17.32673267326733,7.425742574257425,0.0,7.425742574257425
269489,70.73170731707316,4.878048780487805,12.195121951219512,7.317073170731708,7.317073170731708,39.02439024390244,2.4390243902439024,21.95121951219512,14.634146341463415,2.4390243902439024,0.0,0.0,14.634146341463415,17.073170731707318,2.4390243902439024,236.58536585365852,7.317073170731708,0.0,17.073170731707318,0.0,2.4390243902439024,0.0,0.0,14.634146341463415,2.4390243902439024,2.4390243902439024,2.4390243902439024,2.4390243902439024,4.878048780487805,0.0,2.4390243902439024,0.0,0.0,2.4390243902439024,0.0,0.0,0.0,9.75609756097561,109.7560975609756,53.65853658536585,2.4390243902439024,68.29268292682927,0.6093366093366094,4.444717444717445,0.0,4.878048780487805,0.0,2.4390243902439024,2.4390243902439024,2.4390243902439024,7.317073170731708,4.878048780487805,2.4390243902439024,7.317073170731708,2.4390243902439024,9.75609756097561,7.317073170731708,2.4390243902439024,2.4390243902439024,0.0,2.4390243902439024,2.4390243902439024,7.317073170731708,14.634146341463415,14.634146341463415,0.0,4.878048780487805
269636,100.73710073710073,7.371007371007371,0.0,4.914004914004914,0.0,0.0,0.0,76.16707616707617,24.570024570024568,2.457002457002457,12.285012285012284,2.457002457002457,17.1990171990172,9.828009828009828,4.914004914004914,216.21621621621622,14.742014742014742,0.0,17.1990171990172,0.0,0.0,0.0,2.457002457002457,9.828009828009828,2.457002457002457,0.0,0.0,0.0,4.914004914004914,2.457002457002457,0.0,0.0,0.0,0.0,0.0,0.0,0.0,17.1990171990172,103.19410319410319,66.33906633906633,2.457002457002457,71.25307125307125,0.5693069306930693,4.457920792079208,0.0,7.371007371007371,4.914004914004914,2.457002457002457,2.457002457002457,0.0,4.914004914004914,4.914004914004914,0.0,2.457002457002457,0.0,24.570024570024568,2.457002457002457,4.914004914004914,4.914004914004914,2.457002457002457,2.457002457002457,0.0,7.371007371007371,12.285012285012284,7.371007371007371,0.0,2.457002457002457
272745,83.95061728395062,12.345679012345679,41.97530864197531,2.4691358024691357,4.938271604938271,17.28395061728395,34.5679012345679,74.07407407407408,19.753086419753085,4.938271604938271,2.4691358024691357,0.0,17.28395061728395,12.345679012345679,0.0,197.53086419753086,2.4691358024691357,0.0,29.62962962962963,0.0,4.938271604938271,2.4691358024691357,0.0,17.28395061728395,7.407407407407407,4.938271604938271,2.4691358024691357,0.0,0.0,0.0,2.4691358024691357,0.0,0.0,0.0,2.4691358024691357,2.4691358024691357,9.876543209876543,9.876543209876543,88.88888888888889,56.79012345679013,4.938271604938271,79.01234567901234,0.5703324808184144,4.698209718670077,0.0,2.4691358024691357,0.0,2.4691358024691357,9.876543209876543,0.0,7.407407407407407,4.938271604938271,0.0,0.0,12.345679012345679,32.098765432098766,7.407407407407407,0.0,24.691358024691358,0.0,0.0,0.0,9.876543209876543,4.938271604938271,7.407407407407407,0.0,7.407407407407407
273359,57.69230769230769,7.211538461538462,36.05769230769231,12.01923076923077,2.403846153846154,36.05769230769231,7.211538461538462,14.423076923076923,28.846153846153847,2.403846153846154,0.0,0.0,14.423076923076923,14.423076923076923,4.807692307692308,182.69230769230768,7.211538461538462,2.403846153846154,28.846153846153847,4.807692307692308,2.403846153846154,0.0,2.403846153846154,14.423076923076923,9.615384615384617,0.0,4.807692307692308,4.807692307692308,4.807692307692308,2.403846153846154,0.0,0.0,0.0,2.403846153846154,0.0,0.0,2.403846153846154,7.211538461538462,96.15384615384616,72.11538461538461,0.0,69.71153846153847,0.5995085995085995,4.670761670761671,2.403846153846154,7.211538461538462,0.0,9.615384615384617,2.403846153846154,0.0,14.423076923076923,7.211538461538462,4.807692307692308,9.615384615384617,9.615384615384617,21.634615384615383,16.826923076923077,0.0,16.826923076923077,4.807692307692308,0.0,0.0,7.211538461538462,4.807692307692308,7.211538461538462,0.0,9.615384615384617
273504,60.82725060827251,12.165450121654501,43.79562043795621,2.4330900243309004,2.4330900243309004,60.82725060827251,4.866180048661801,17.0316301703163,21.897810218978105,7.299270072992701,7.299270072992701,0.0,19.464720194647203,21.897810218978105,7.299270072992701,206.8126520681265,2.4330900243309004,2.4330900243309004,43.79562043795621,2.4330900243309004,2.4330900243309004,0.0,0.0,9.732360097323602,0.0,0.0,2.4330900243309004,2.4330900243309004,7.299270072992701,2.4330900243309004,0.0,0.0,0.0,0.0,0.0,0.0,2.4330900243309004,4.866180048661801,92.45742092457421,51.09489051094891,7.299270072992701,104.62287104622871,0.6096938775510204,4.760204081632653,0.0,7.299270072992701,4.866180048661801,0.0,7.299270072992701,0.0,2.4330900243309004,7.299270072992701,0.0,2.4330900243309004,2.4330900243309004,14.598540145985401,2.4330900243309004,2.4330900243309004,31.630170316301705,0.0,0.0,0.0,9.732360097323602,9.732360097323602,12.165450121654501,4.866180048661801,9.732360097323602
27374,91.78743961352657,2.4154589371980677,21.73913043478261,9.66183574879227,4.830917874396135,45.893719806763286,9.66183574879227,26.570048309178745,28.985507246376812,7.246376811594203,7.246376811594203,0.0,36.231884057971016,24.154589371980677,2.4154589371980677,173.91304347826087,7.246376811594203,0.0,38.64734299516908,4.830917874396135,0.0,0.0,0.0,4.830917874396135,2.4154589371980677,0.0,0.0,0.0,2.4154589371980677,0.0,0.0,0.0,0.0,0.0,0.0,0.0,2.4154589371980677,7.246376811594203,84.54106280193237,36.231884057971016,7.246376811594203,120.77294685990337,0.57,4.2475,0.0,4.830917874396135,12.077294685990339,2.4154589371980677,14.492753623188406,0.0,2.4154589371980677,9.66183574879227,0.0,2.4154589371980677,4.830917874396135,9.66183574879227,2.4154589371980677,4.830917874396135,16.908212560386474,0.0,4.830917874396135,0.0,0.0,7.246376811594203,14.492753623188406,12.077294685990339,12.077294685990339
274746,89.55223880597015,7.462686567164179,12.437810945273633,0.0,2.487562189054726,77.11442786069651,0.0,0.0,22.388059701492537,0.0,9.950248756218905,2.487562189054726,17.412935323383085,4.975124378109452,4.975124378109452,196.51741293532336,2.487562189054726,0.0,29.850746268656717,9.950248756218905,0.0,0.0,2.487562189054726,22.388059701492537,0.0,0.0,2.487562189054726,0.0,7.462686567164179,0.0,0.0,0.0,0.0,0.0,0.0,0.0,7.462686567164179,7.462686567164179,84.5771144278607,39.80099502487562,7.462686567164179,74.62686567164178,0.6010230179028133,4.452685421994885,0.0,4.975124378109452,2.487562189054726,0.0,0.0,0.0,7.462686567164179,7.462686567164179,0.0,7.462686567164179,0.0,27.36318407960199,2.487562189054726,0.0,24.875621890547265,0.0,2.487562189054726,2.487562189054726,4.975124378109452,12.437810945273633,9.950248756218905,9.950248756218905,12.437810945273633
275893,42.75534441805225,7.125890736342043,42.75534441805225,7.125890736342043,9.501187648456057,59.38242280285035,0.0,7.125890736342043,23.752969121140143,2.375296912114014,9.501187648456057,0.0,4.750593824228028,14.251781472684087,0.0,237.5296912114014,0.0,0.0,40.38004750593824,0.0,0.0,0.0,2.375296912114014,14.251781472684087,7.125890736342043,2.375296912114014,7.125890736342043,7.125890736342043,0.0,0.0,0.0,0.0,0.0,0.0,0.0,0.0,2.375296912114014,2.375296912114014,99.7624703087886,76.00950118764845,19.002375296912113,80.76009501187649,0.6069651741293532,4.711442786069652,0.0,0.0,0.0,0.0,4.750593824228028,2.375296912114014,2.375296912114014,2.375296912114014,0.0,4.750593824228028,0.0,14.251781472684087,0.0,0.0,35.62945368171022,0.0,2.375296912114014,0.0,2.375296912114014,9.501187648456057,19.002375296912113,0.0,14.251781472684087
276047,69.82543640897755,2.493765586034913,2.493765586034913,9.975062344139651,4.987531172069826,44.88778054862843,12.468827930174564,2.493765586034913,17.456359102244388,4.987531172069826,4.987531172069826,0.0,4.987531172069826,24.93765586034913,4.987531172069826,214.4638403990025,2.493765586034913,0.0,37.406483790523694,2.493765586034913,0.0,0.0,0.0,9.975062344139651,7.481296758104738,2.493765586034913,0.0,4.987531172069826,2.493765586034913,0.0,0.0,0.0,0.0,0.0,2.493765586034913,0.0,0.0,0.0,129.67581047381546,69.82543640897755,4.987531172069826,67.33167082294264,0.5541561712846348,4.236775818639798,0.0,12.468827930174564,2.493765586034913,0.0,9.975062344139651,0.0,4.987531172069826,4.987531172069826,2.493765586034913,4.987531172069826,0.0,14.962593516209475,0.0,0.0,9.975062344139651,0.0,0.0,0.0,2.493765586034913,9.975062344139651,17.456359102244388,14.962593516209475,9.975062344139651
276806,113.86138613861387,19.801980198019802,0.0,4.9504950495049505,0.0,74.25742574257426,0.0,7.425742574257425,27.22772277227723,0.0,4.9504950495049505,4.9504950495049505,19.801980198019802,14.85148514851485,0.0,198.01980198019803,2.4752475247524752,0.0,34.65346534653466,0.0,2.4752475247524752,0.0,0.0,9.900990099009901,4.9504950495049505,0.0,2.4752475247524752,2.4752475247524752,7.425742574257425,2.4752475247524752,0.0,0.0,2.4752475247524752,0.0,0.0,0.0,0.0,7.425742574257425,81.68316831683168,56.93069306930693,4.9504950495049505,69.30693069306932,0.5415617128463476,4.287153652392947,0.0,0.0,2.4752475247524752,0.0,14.85148514851485,0.0,14.85148514851485,4.9504950495049505,0.0,0.0,2.4752475247524752,9.900990099009901,0.0,0.0,12.376237623762377,0.0,2.4752475247524752,0.0,2.4752475247524752,2.4752475247524752,12.376237623762377,0.0,17.32673267326733
277076,34.5679012345679,9.876543209876543,56.79012345679013,9.876543209876543,2.4691358024691357,22.22222222222222,4.938271604938271,41.97530864197531,19.753086419753085,0.0,7.407407407407407,0.0,9.876543209876543,19.753086419753085,4.938271604938271,217.28395061728395,2.4691358024691357,0.0,24.691358024691358,0.0,0.0,0.0,0.0,9.876543209876543,4.938271604938271,0.0,0.0,0.0,2.4691358024691357,0.0,0.0,0.0,0.0,0.0,0.0,0.0,4.938271604938271,7.407407407407407,101.23456790123457,66.66666666666667,2.4691358024691357,83.95061728395062,0.6391752577319587,5.005154639175258,2.4691358024691357,9.876543209876543,0.0,0.0,9.876543209876543,0.0,2.4691358024691357,12.345679012345679,0.0,2.4691358024691357,12.345679012345679,14.814814814814815,0.0,9.876543209876543,24.691358024691358,0.0,0.0,0.0,7.407407407407407,4.938271604938271,17.28395061728395,0.0,12.345679012345679
278116,84.36724565756825,19.851116625310173,2.4813895781637716,7.444168734491315,0.0,4.962779156327543,4.962779156327543,64.51612903225806,19.851116625310173,0.0,2.4813895781637716,0.0,12.40694789081886,39.702233250620345,0.0,210.91811414392058,12.40694789081886,0.0,19.851116625310173,0.0,0.0,0.0,0.0,14.88833746898263,2.4813895781637716,0.0,2.4813895781637716,2.4813895781637716,2.4813895781637716,0.0,9.925558312655086,0.0,0.0,0.0,0.0,0.0,0.0,9.925558312655086,99.25558312655087,49.62779156327544,2.4813895781637716,64.51612903225806,0.6361323155216285,4.908396946564886,2.4813895781637716,2.4813895781637716,0.0,4.962779156327543,2.4813895781637716,2.4813895781637716,12.40694789081886,7.444168734491315,0.0,4.962779156327543,0.0,12.40694789081886,2.4813895781637716,4.962779156327543,12.40694789081886,0.0,2.4813895781637716,2.4813895781637716,2.4813895781637716,2.4813895781637716,7.444168734491315,4.962779156327543,4.962779156327543
278179,72.63922518159806,12.106537530266344,38.7409200968523,0.0,0.0,24.213075060532688,14.527845036319613,36.31961259079903,9.685230024213075,9.685230024213075,9.685230024213075,4.842615012106537,26.634382566585955,21.791767554479417,12.106537530266344,222.7602905569007,4.842615012106537,0.0,19.37046004842615,2.4213075060532687,0.0,0.0,2.4213075060532687,16.949152542372882,0.0,0.0,2.4213075060532687,0.0,2.4213075060532687,0.0,0.0,0.0,0.0,2.4213075060532687,2.4213075060532687,0.0,2.4213075060532687,4.842615012106537,104.11622276029055,89.58837772397095,2.4213075060532687,65.37530266343826,0.6203473945409429,5.0,2.4213075060532687,0.0,0.0,0.0,7.263922518159807,0.0,0.0,7.263922518159807,0.0,0.0,14.527845036319613,14.527845036319613,2.4213075060532687,2.4213075060532687,19.37046004842615,0.0,2.4213075060532687,0.0,2.4213075060532687,9.685230024213075,2.4213075060532687,0.0,12.106537530266344
278930,77.3067331670823,7.481296758104738,7.481296758104738,4.987531172069826,2.493765586034913,62.34413965087282,2.493765586034913,29.92518703241895,7.481296758104738,2.493765586034913,2.493765586034913,2.493765586034913,9.975062344139651,12.468827930174564,0.0,271.82044887780546,9.975062344139651,0.0,2.493765586034913,0.0,0.0,0.0,0.0,14.962593516209475,7.481296758104738,0.0,4.987531172069826,0.0,0.0,0.0,0.0,0.0,0.0,2.493765586034913,0.0,0.0,4.987531172069826,14.962593516209475,112.21945137157108,37.406483790523694,0.0,54.86284289276808,0.610126582278481,4.959493670886076,0.0,0.0,0.0,0.0,4.987531172069826,0.0,12.468827930174564,7.481296758104738,0.0,7.481296758104738,2.493765586034913,9.975062344139651,12.468827930174564,2.493765586034913,7.481296758104738,0.0,0.0,0.0,2.493765586034913,7.481296758104738,7.481296758104738,0.0,7.481296758104738
280068,73.04785894206549,17.632241813602015,0.0,5.037783375314861,2.5188916876574305,0.0,0.0,27.707808564231737,10.075566750629722,0.0,0.0,0.0,17.632241813602015,22.670025188916874,2.5188916876574305,272.0403022670025,5.037783375314861,0.0,17.632241813602015,2.5188916876574305,0.0,0.0,0.0,22.670025188916874,2.5188916876574305,0.0,2.5188916876574305,2.5188916876574305,17.632241813602015,0.0,0.0,0.0,0.0,0.0,0.0,0.0,2.5188916876574305,7.556675062972292,143.57682619647355,73.04785894206549,2.5188916876574305,40.30226700251889,0.6142131979695431,5.091370558375634,2.5188916876574305,0.0,0.0,2.5188916876574305,5.037783375314861,0.0,10.075566750629722,2.5188916876574305,0.0,2.5188916876574305,0.0,10.075566750629722,2.5188916876574305,0.0,0.0,0.0,2.5188916876574305,0.0,0.0,12.594458438287154,7.556675062972292,7.556675062972292,7.556675062972292
284225,81.08108108108108,7.371007371007371,22.11302211302211,7.371007371007371,2.457002457002457,93.36609336609337,14.742014742014742,46.68304668304668,7.371007371007371,4.914004914004914,2.457002457002457,2.457002457002457,14.742014742014742,9.828009828009828,0.0,164.61916461916462,2.457002457002457,0.0,19.656019656019655,2.457002457002457,0.0,0.0,0.0,9.828009828009828,12.285012285012284,7.371007371007371,0.0,0.0,7.371007371007371,0.0,0.0,0.0,0.0,2.457002457002457,0.0,0.0,2.457002457002457,4.914004914004914,100.73710073710073,17.1990171990172,4.914004914004914,98.28009828009827,0.6061381074168798,4.189258312020461,2.457002457002457,4.914004914004914,2.457002457002457,0.0,7.371007371007371,0.0,0.0,7.371007371007371,0.0,4.914004914004914,9.828009828009828,12.285012285012284,2.457002457002457,4.914004914004914,36.85503685503686,0.0,0.0,0.0,0.0,9.828009828009828,9.828009828009828,0.0,31.94103194103194
284710,99.07834101382488,18.433179723502302,6.912442396313365,9.216589861751151,2.304147465437788,64.51612903225806,0.0,13.82488479262673,23.041474654377883,0.0,4.608294930875576,0.0,36.866359447004605,16.129032258064516,6.912442396313365,188.9400921658986,11.520737327188941,0.0,23.041474654377883,2.304147465437788,2.304147465437788,0.0,0.0,20.737327188940093,4.608294930875576,0.0,0.0,0.0,25.34562211981567,0.0,2.304147465437788,0.0,0.0,0.0,0.0,0.0,2.304147465437788,6.912442396313365,112.90322580645162,64.51612903225806,9.216589861751151,43.77880184331797,0.6082949308755761,4.622119815668203,0.0,4.608294930875576,0.0,2.304147465437788,4.608294930875576,0.0,4.608294930875576,4.608294930875576,0.0,2.304147465437788,2.304147465437788,16.129032258064516,2.304147465437788,4.608294930875576,0.0,0.0,0.0,2.304147465437788,2.304147465437788,9.216589861751151,9.216589861751151,0.0,0.0
285153,100.49019607843138,12.254901960784313,17.156862745098042,4.901960784313726,0.0,0.0,7.352941176470588,56.372549019607845,31.862745098039213,7.352941176470588,4.901960784313726,0.0,19.607843137254903,9.803921568627452,9.803921568627452,203.4313725490196,2.450980392156863,0.0,31.862745098039213,2.450980392156863,2.450980392156863,0.0,0.0,9.803921568627452,2.450980392156863,2.450980392156863,2.450980392156863,2.450980392156863,2.450980392156863,0.0,2.450980392156863,0.0,0.0,0.0,0.0,0.0,7.352941176470588,14.705882352941176,110.29411764705883,49.01960784313725,4.901960784313726,66.17647058823529,0.59,4.6125,0.0,7.352941176470588,2.450980392156863,0.0,9.803921568627452,0.0,2.450980392156863,2.450980392156863,0.0,2.450980392156863,2.450980392156863,22.058823529411764,2.450980392156863,4.901960784313726,14.705882352941176,2.450980392156863,2.450980392156863,0.0,7.352941176470588,4.901960784313726,2.450980392156863,0.0,9.803921568627452
286037,83.1353919239905,2.375296912114014,7.125890736342043,4.750593824228028,2.375296912114014,35.62945368171022,2.375296912114014,14.251781472684087,21.377672209026127,4.750593824228028,11.876484560570072,0.0,16.6270783847981,28.503562945368174,0.0,190.02375296912115,9.501187648456057,0.0,23.752969121140143,0.0,0.0,0.0,0.0,14.251781472684087,0.0,0.0,0.0,0.0,7.125890736342043,4.750593824228028,2.375296912114014,0.0,0.0,0.0,0.0,0.0,7.125890736342043,2.375296912114014,114.0142517814727,64.13301662707839,7.125890736342043,78.38479809976246,0.6004842615012107,4.619854721549637,4.750593824228028,4.750593824228028,2.375296912114014,0.0,9.501187648456057,0.0,2.375296912114014,7.125890736342043,0.0,11.876484560570072,2.375296912114014,28.503562945368174,4.750593824228028,2.375296912114014,14.251781472684087,0.0,0.0,0.0,2.375296912114014,2.375296912114014,11.876484560570072,0.0,14.251781472684087
28653,105.65110565110565,19.656019656019655,12.285012285012284,4.914004914004914,7.371007371007371,98.28009828009827,0.0,17.1990171990172,19.656019656019655,2.457002457002457,0.0,4.914004914004914,12.285012285012284,14.742014742014742,4.914004914004914,152.33415233415235,4.914004914004914,2.457002457002457,29.484029484029485,2.457002457002457,2.457002457002457,0.0,0.0,19.656019656019655,2.457002457002457,0.0,0.0,2.457002457002457,0.0,0.0,0.0,0.0,0.0,0.0,0.0,0.0,0.0,7.371007371007371,90.9090909090909,31.94103194103194,4.914004914004914,122.85012285012286,0.5894206549118388,4.355163727959698,7.371007371007371,2.457002457002457,7.371007371007371,0.0,22.11302211302211,0.0,12.285012285012284,9.828009828009828,0.0,2.457002457002457,2.457002457002457,22.11302211302211,4.914004914004914,2.457002457002457,19.656019656019655,0.0,0.0,0.0,9.828009828009828,7.371007371007371,14.742014742014742,0.0,12.285012285012284
288443,76.92307692307693,2.4813895781637716,7.444168734491315,19.851116625310173,4.962779156327543,2.4813895781637716,0.0,59.55334987593052,7.444168734491315,0.0,2.4813895781637716,0.0,9.925558312655086,14.88833746898263,4.962779156327543,210.91811414392058,7.444168734491315,0.0,24.81389578163772,2.4813895781637716,0.0,0.0,0.0,14.88833746898263,9.925558312655086,0.0,0.0,0.0,4.962779156327543,0.0,0.0,0.0,0.0,0.0,0.0,0.0,12.40694789081886,9.925558312655086,133.99503722084367,66.99751861042184,0.0,74.44168734491315,0.5667506297229219,4.405541561712846,7.444168734491315,7.444168734491315,0.0,0.0,2.4813895781637716,0.0,7.444168734491315,2.4813895781637716,0.0,2.4813895781637716,0.0,4.962779156327543,2.4813895781637716,9.925558312655086,9.925558312655086,0.0,2.4813895781637716,0.0,0.0,4.962779156327543,2.4813895781637716,0.0,7.444168734491315
288488,71.42857142857143,2.4630541871921183,34.48275862068965,9.852216748768473,0.0,49.26108374384237,7.389162561576354,19.704433497536947,24.630541871921185,2.4630541871921183,4.926108374384237,0.0,7.389162561576354,32.01970443349754,7.389162561576354,204.43349753694582,4.926108374384237,2.4630541871921183,36.94581280788178,0.0,0.0,0.0,0.0,2.4630541871921183,7.389162561576354,0.0,4.926108374384237,4.926108374384237,2.4630541871921183,0.0,0.0,0.0,0.0,0.0,0.0,0.0,7.389162561576354,2.4630541871921183,100.98522167487685,49.26108374384237,7.389162561576354,78.81773399014779,0.6195372750642674,4.668380462724936,0.0,0.0,0.0,2.4630541871921183,7.389162561576354,0.0,0.0,2.4630541871921183,0.0,0.0,4.926108374384237,17.241379310344826,7.389162561576354,0.0,27.093596059113302,0.0,0.0,0.0,0.0,7.389162561576354,7.389162561576354,0.0,19.704433497536947
288580,110.29411764705883,14.705882352941176,14.705882352941176,2.450980392156863,9.803921568627452,78.43137254901961,2.450980392156863,53.92156862745098,7.352941176470588,2.450980392156863,4.901960784313726,0.0,22.058823529411764,9.803921568627452,4.901960784313726,159.31372549019608,2.450980392156863,0.0,44.11764705882353,0.0,0.0,0.0,0.0,14.705882352941176,7.352941176470588,0.0,2.450980392156863,4.901960784313726,0.0,0.0,4.901960784313726,0.0,0.0,0.0,0.0,0.0,2.450980392156863,7.352941176470588,110.29411764705883,44.11764705882353,12.254901960784313,80.88235294117648,0.5775,4.2175,0.0,4.901960784313726,2.450980392156863,0.0,12.254901960784313,2.450980392156863,0.0,4.901960784313726,0.0,2.450980392156863,9.803921568627452,19.607843137254903,2.450980392156863,2.450980392156863,19.607843137254903,0.0,0.0,0.0,0.0,2.450980392156863,19.607843137254903,0.0,12.254901960784313
288973,0.0,0.0,46.568627450980394,2.450980392156863,2.450980392156863,2.450980392156863,53.92156862745098,0.0,22.058823529411764,2.450980392156863,0.0,0.0,14.705882352941176,7.352941176470588,4.901960784313726,257.35294117647055,2.450980392156863,2.450980392156863,24.509803921568626,4.901960784313726,0.0,0.0,0.0,24.509803921568626,0.0,0.0,2.450980392156863,0.0,7.352941176470588,0.0,0.0,0.0,0.0,0.0,0.0,0.0,7.352941176470588,7.352941176470588,80.88235294117648,51.470588235294116,4.901960784313726,44.11764705882353,0.46733668341708545,4.449748743718593,2.450980392156863,0.0,0.0,0.0,4.901960784313726,2.450980392156863,2.450980392156863,12.254901960784313,4.901960784313726,2.450980392156863,2.450980392156863,14.705882352941176,12.254901960784313,2.450980392156863,7.352941176470588,0.0,0.0,0.0,4.901960784313726,17.156862745098042,2.450980392156863,4.901960784313726,0.0
293489,95.82309582309583,4.914004914004914,12.285012285012284,2.457002457002457,4.914004914004914,14.742014742014742,0.0,51.597051597051596,12.285012285012284,7.371007371007371,0.0,2.457002457002457,14.742014742014742,14.742014742014742,7.371007371007371,223.58722358722358,12.285012285012284,2.457002457002457,29.484029484029485,0.0,4.914004914004914,0.0,0.0,4.914004914004914,2.457002457002457,0.0,4.914004914004914,0.0,9.828009828009828,0.0,0.0,0.0,0.0,0.0,0.0,0.0,2.457002457002457,12.285012285012284,115.47911547911548,54.054054054054056,7.371007371007371,73.71007371007371,0.5675,4.9175,2.457002457002457,4.914004914004914,2.457002457002457,2.457002457002457,12.285012285012284,0.0,7.371007371007371,7.371007371007371,2.457002457002457,0.0,7.371007371007371,24.570024570024568,0.0,0.0,9.828009828009828,0.0,0.0,0.0,2.457002457002457,7.371007371007371,7.371007371007371,0.0,12.285012285012284
293763,107.23192019950125,0.0,0.0,7.481296758104738,4.987531172069826,72.31920199501248,4.987531172069826,22.443890274314214,12.468827930174564,12.468827930174564,4.987531172069826,0.0,14.962593516209475,4.987531172069826,4.987531172069826,159.60099750623442,9.975062344139651,0.0,47.38154613466334,0.0,0.0,2.493765586034913,4.987531172069826,27.43142144638404,0.0,0.0,0.0,0.0,4.987531172069826,0.0,0.0,0.0,0.0,0.0,0.0,0.0,9.975062344139651,7.481296758104738,84.78802992518703,62.34413965087282,17.456359102244388,82.29426433915212,0.5645569620253165,4.331645569620253,0.0,4.987531172069826,0.0,2.493765586034913,9.975062344139651,0.0,2.493765586034913,12.468827930174564,0.0,4.987531172069826,0.0,27.43142144638404,0.0,7.481296758104738,12.468827930174564,0.0,2.493765586034913,0.0,2.493765586034913,9.975062344139651,24.93765586034913,2.493765586034913,17.456359102244388
294718,61.576354679802954,7.389162561576354,19.704433497536947,2.4630541871921183,4.926108374384237,36.94581280788178,4.926108374384237,39.40886699507389,7.389162561576354,4.926108374384237,2.4630541871921183,0.0,12.315270935960593,17.241379310344826,7.389162561576354,221.67487684729065,4.926108374384237,2.4630541871921183,14.778325123152708,0.0,0.0,0.0,0.0,27.093596059113302,4.926108374384237,2.4630541871921183,7.389162561576354,0.0,0.0,0.0,4.926108374384237,0.0,0.0,0.0,0.0,0.0,0.0,7.389162561576354,93.59605911330048,61.576354679802954,7.389162561576354,73.89162561576356,0.6531645569620254,4.670886075949367,0.0,0.0,2.4630541871921183,2.4630541871921183,7.389162561576354,0.0,7.389162561576354,7.389162561576354,2.4630541871921183,7.389162561576354,4.926108374384237,24.630541871921185,4.926108374384237,0.0,12.315270935960593,0.0,0.0,0.0,2.4630541871921183,0.0,2.4630541871921183,0.0,7.389162561576354
296190,103.96039603960395,0.0,4.9504950495049505,17.32673267326733,2.4752475247524752,69.30693069306932,4.9504950495049505,27.22772277227723,7.425742574257425,0.0,4.9504950495049505,0.0,14.85148514851485,9.900990099009901,2.4752475247524752,202.97029702970298,0.0,0.0,19.801980198019802,0.0,0.0,0.0,4.9504950495049505,9.900990099009901,7.425742574257425,4.9504950495049505,0.0,2.4752475247524752,4.9504950495049505,0.0,0.0,0.0,0.0,0.0,0.0,0.0,4.9504950495049505,12.376237623762377,108.91089108910892,69.30693069306932,4.9504950495049505,74.25742574257426,0.571072319201995,4.369077306733167,0.0,7.425742574257425,4.9504950495049505,0.0,7.425742574257425,0.0,4.9504950495049505,2.4752475247524752,0.0,0.0,4.9504950495049505,12.376237623762377,0.0,2.4752475247524752,4.9504950495049505,0.0,0.0,0.0,0.0,4.9504950495049505,12.376237623762377,0.0,7.425742574257425
296231,59.3607305936073,9.1324200913242,34.24657534246575,4.5662100456621,2.28310502283105,25.11415525114155,22.831050228310502,31.963470319634702,18.2648401826484,2.28310502283105,2.28310502283105,2.28310502283105,20.54794520547945,27.397260273972602,2.28310502283105,191.7808219178082,2.28310502283105,2.28310502283105,27.397260273972602,0.0,2.28310502283105,0.0,4.5662100456621,22.831050228310502,6.8493150684931505,0.0,2.28310502283105,0.0,4.5662100456621,2.28310502283105,0.0,0.0,0.0,0.0,0.0,0.0,9.1324200913242,0.0,114.15525114155251,47.94520547945205,9.1324200913242,61.64383561643835,0.5619266055045872,4.724770642201835,4.5662100456621,2.28310502283105,0.0,0.0,4.5662100456621,0.0,4.5662100456621,11.415525114155251,0.0,6.8493150684931505,4.5662100456621,31.963470319634702,4.5662100456621,0.0,2.28310502283105,2.28310502283105,0.0,4.5662100456621,6.8493150684931505,13.698630136986301,11.415525114155251,4.5662100456621,9.1324200913242
296745,90.69212410501193,0.0,2.3866348448687353,4.773269689737471,2.3866348448687353,59.665871121718375,2.3866348448687353,4.773269689737471,19.093078758949883,0.0,9.546539379474941,0.0,9.546539379474941,14.319809069212411,2.3866348448687353,210.02386634844868,2.3866348448687353,0.0,26.252983293556085,0.0,2.3866348448687353,0.0,0.0,14.319809069212411,2.3866348448687353,0.0,4.773269689737471,2.3866348448687353,2.3866348448687353,0.0,0.0,0.0,0.0,2.3866348448687353,0.0,0.0,0.0,7.159904534606206,112.17183770883055,81.14558472553699,16.706443914081145,69.21241050119332,0.5721153846153846,4.65625,2.3866348448687353,7.159904534606206,2.3866348448687353,0.0,21.479713603818613,0.0,2.3866348448687353,2.3866348448687353,0.0,0.0,7.159904534606206,11.933174224343675,0.0,9.546539379474941,2.3866348448687353,0.0,0.0,2.3866348448687353,2.3866348448687353,16.706443914081145,9.546539379474941,0.0,4.773269689737471
297884,95.35452322738386,7.334963325183374,0.0,7.334963325183374,4.88997555012225,61.12469437652811,0.0,0.0,14.669926650366747,2.444987775061125,0.0,0.0,7.334963325183374,12.224938875305625,2.444987775061125,224.93887530562347,0.0,0.0,26.89486552567237,2.444987775061125,0.0,2.444987775061125,4.88997555012225,14.669926650366747,7.334963325183374,0.0,2.444987775061125,4.88997555012225,2.444987775061125,0.0,0.0,0.0,0.0,0.0,0.0,0.0,2.444987775061125,9.7799511002445,124.69437652811736,73.34963325183375,9.7799511002445,44.00977995110025,0.5703703703703704,4.397530864197531,0.0,4.88997555012225,0.0,0.0,2.444987775061125,0.0,4.88997555012225,0.0,0.0,4.88997555012225,0.0,12.224938875305625,0.0,2.444987775061125,7.334963325183374,2.444987775061125,2.444987775061125,0.0,2.444987775061125,9.7799511002445,7.334963325183374,2.444987775061125,2.444987775061125
298094,114.14392059553349,2.4813895781637716,9.925558312655086,4.962779156327543,4.962779156327543,76.92307692307693,7.444168734491315,2.4813895781637716,24.81389578163772,0.0,4.962779156327543,0.0,17.3697270471464,12.40694789081886,2.4813895781637716,191.0669975186104,0.0,0.0,42.183622828784124,2.4813895781637716,2.4813895781637716,0.0,4.962779156327543,14.88833746898263,7.444168734491315,2.4813895781637716,2.4813895781637716,0.0,2.4813895781637716,2.4813895781637716,0.0,0.0,0.0,0.0,0.0,0.0,2.4813895781637716,4.962779156327543,81.88585607940446,57.07196029776674,2.4813895781637716,106.69975186104217,0.549367088607595,4.167088607594937,0.0,0.0,4.962779156327543,12.40694789081886,7.444168734491315,0.0,0.0,0.0,0.0,2.4813895781637716,7.444168734491315,22.332506203473944,4.962779156327543,4.962779156327543,19.851116625310173,0.0,2.4813895781637716,0.0,0.0,9.925558312655086,17.3697270471464,0.0,14.88833746898263
29844,106.69975186104217,17.3697270471464,12.40694789081886,0.0,2.4813895781637716,74.44168734491315,4.962779156327543,17.3697270471464,19.851116625310173,2.4813895781637716,9.925558312655086,2.4813895781637716,19.851116625310173,7.444168734491315,2.4813895781637716,178.66004962779155,9.925558312655086,0.0,39.702233250620345,2.4813895781637716,0.0,0.0,0.0,14.88833746898263,2.4813895781637716,0.0,2.4813895781637716,0.0,7.444168734491315,2.4813895781637716,2.4813895781637716,0.0,0.0,2.4813895781637716,0.0,0.0,2.4813895781637716,7.444168734491315,96.77419354838709,47.146401985111666,4.962779156327543,54.59057071960298,0.5688775510204082,4.066326530612245,0.0,0.0,2.4813895781637716,0.0,7.444168734491315,0.0,2.4813895781637716,9.925558312655086,0.0,2.4813895781637716,4.962779156327543,9.925558312655086,0.0,0.0,27.29528535980149,2.4813895781637716,4.962779156327543,0.0,0.0,2.4813895781637716,12.40694789081886,2.4813895781637716,14.88833746898263
299226,105.3921568627451,19.607843137254903,12.254901960784313,0.0,14.705882352941176,0.0,2.450980392156863,68.62745098039217,14.705882352941176,4.901960784313726,4.901960784313726,0.0,22.058823529411764,17.156862745098042,2.450980392156863,181.37254901960785,17.156862745098042,0.0,24.509803921568626,2.450980392156863,0.0,2.450980392156863,4.901960784313726,24.509803921568626,4.901960784313726,0.0,2.450980392156863,4.901960784313726,14.705882352941176,0.0,0.0,0.0,0.0,0.0,0.0,0.0,0.0,4.901960784313726,98.0392156862745,49.01960784313725,9.803921568627452,90.68627450980392,0.5829145728643216,4.630653266331659,0.0,2.450980392156863,0.0,2.450980392156863,9.803921568627452,0.0,2.450980392156863,2.450980392156863,2.450980392156863,0.0,0.0,36.76470588235294,0.0,7.352941176470588,17.156862745098042,2.450980392156863,2.450980392156863,2.450980392156863,4.901960784313726,9.803921568627452,12.254901960784313,0.0,7.352941176470588
299305,89.55223880597015,0.0,0.0,0.0,4.975124378109452,119.40298507462687,0.0,2.487562189054726,24.875621890547265,0.0,4.975124378109452,0.0,9.950248756218905,24.875621890547265,2.487562189054726,151.74129353233832,7.462686567164179,0.0,32.33830845771144,2.487562189054726,0.0,0.0,0.0,22.388059701492537,2.487562189054726,0.0,0.0,2.487562189054726,0.0,0.0,0.0,0.0,0.0,0.0,0.0,2.487562189054726,2.487562189054726,9.950248756218905,94.5273631840796,32.33830845771144,19.90049751243781,106.96517412935323,0.535175879396985,4.5954773869346734,2.487562189054726,4.975124378109452,0.0,4.975124378109452,9.950248756218905,0.0,7.462686567164179,9.950248756218905,0.0,12.437810945273633,2.487562189054726,27.36318407960199,2.487562189054726,4.975124378109452,4.975124378109452,0.0,0.0,0.0,0.0,2.487562189054726,4.975124378109452,0.0,4.975124378109452
302273,0.0,2.4096385542168677,62.65060240963856,0.0,0.0,31.32530120481928,28.91566265060241,4.819277108433735,2.4096385542168677,2.4096385542168677,2.4096385542168677,0.0,14.457831325301205,21.686746987951807,2.4096385542168677,187.95180722891567,0.0,0.0,14.457831325301205,0.0,2.4096385542168677,0.0,2.4096385542168677,36.144578313253014,7.228915662650603,0.0,2.4096385542168677,0.0,7.228915662650603,0.0,0.0,0.0,0.0,0.0,0.0,0.0,14.457831325301205,4.819277108433735,89.1566265060241,57.83132530120482,12.048192771084338,60.24096385542169,0.5148514851485149,4.883663366336633,9.63855421686747,0.0,2.4096385542168677,2.4096385542168677,4.819277108433735,0.0,9.63855421686747,12.048192771084338,0.0,9.63855421686747,14.457831325301205,9.63855421686747,7.228915662650603,0.0,21.686746987951807,2.4096385542168677,0.0,0.0,0.0,2.4096385542168677,7.228915662650603,0.0,4.819277108433735
302442,90.24390243902438,4.878048780487805,4.878048780487805,0.0,9.75609756097561,7.317073170731708,0.0,46.34146341463415,29.26829268292683,2.4390243902439024,0.0,2.4390243902439024,14.634146341463415,29.26829268292683,2.4390243902439024,241.46341463414635,2.4390243902439024,0.0,26.829268292682926,2.4390243902439024,0.0,0.0,0.0,12.195121951219512,4.878048780487805,0.0,2.4390243902439024,2.4390243902439024,2.4390243902439024,0.0,2.4390243902439024,0.0,0.0,0.0,0.0,0.0,4.878048780487805,9.75609756097561,82.92682926829269,51.21951219512195,4.878048780487805,73.17073170731707,0.6094527363184079,4.7288557213930345,2.4390243902439024,2.4390243902439024,2.4390243902439024,0.0,7.317073170731708,2.4390243902439024,0.0,2.4390243902439024,0.0,9.75609756097561,4.878048780487805,17.073170731707318,0.0,0.0,12.195121951219512,0.0,0.0,0.0,0.0,7.317073170731708,7.317073170731708,0.0,2.4390243902439024
32236,37.406483790523694,7.481296758104738,94.76309226932668,2.493765586034913,0.0,34.912718204488776,4.987531172069826,24.93765586034913,39.900249376558605,9.975062344139651,7.481296758104738,2.493765586034913,22.443890274314214,7.481296758104738,2.493765586034913,197.0074812967581,2.493765586034913,0.0,49.87531172069826,9.975062344139651,2.493765586034913,0.0,0.0,7.481296758104738,4.987531172069826,0.0,0.0,0.0,4.987531172069826,0.0,0.0,0.0,0.0,0.0,2.493765586034913,0.0,9.975062344139651,7.481296758104738,77.3067331670823,39.900249376558605,9.975062344139651,82.29426433915212,0.5264550264550265,4.521164021164021,2.493765586034913,0.0,9.975062344139651,0.0,27.43142144638404,2.493765586034913,4.987531172069826,4.987531172069826,0.0,0.0,17.456359102244388,19.950124688279303,9.975062344139651,0.0,49.87531172069826,2.493765586034913,2.493765586034913,0.0,2.493765586034913,4.987531172069826,4.987531172069826,0.0,9.975062344139651
32250,99.51456310679612,14.563106796116505,0.0,7.281553398058253,0.0,53.398058252427184,0.0,4.854368932038835,19.41747572815534,2.4271844660194173,0.0,0.0,26.699029126213592,19.41747572815534,14.563106796116505,211.16504854368932,0.0,0.0,36.40776699029126,0.0,0.0,0.0,0.0,21.844660194174757,4.854368932038835,0.0,4.854368932038835,2.4271844660194173,16.990291262135923,0.0,0.0,0.0,0.0,0.0,0.0,0.0,2.4271844660194173,2.4271844660194173,121.35922330097088,67.96116504854369,2.4271844660194173,46.116504854368934,0.5425790754257908,4.462287104622871,2.4271844660194173,2.4271844660194173,0.0,4.854368932038835,4.854368932038835,0.0,7.281553398058253,2.4271844660194173,0.0,2.4271844660194173,9.70873786407767,9.70873786407767,0.0,2.4271844660194173,0.0,0.0,2.4271844660194173,0.0,2.4271844660194173,31.553398058252426,16.990291262135923,2.4271844660194173,4.854368932038835
32923,53.92156862745098,2.450980392156863,39.21568627450981,4.901960784313726,2.450980392156863,34.313725490196084,4.901960784313726,9.803921568627452,31.862745098039213,2.450980392156863,7.352941176470588,0.0,19.607843137254903,0.0,0.0,210.7843137254902,9.803921568627452,0.0,41.666666666666664,7.352941176470588,0.0,0.0,2.450980392156863,14.705882352941176,7.352941176470588,0.0,7.352941176470588,4.901960784313726,2.450980392156863,0.0,0.0,0.0,0.0,0.0,0.0,0.0,4.901960784313726,9.803921568627452,110.29411764705883,49.01960784313725,4.901960784313726,75.98039215686273,0.5518987341772152,4.19746835443038,0.0,4.901960784313726,0.0,2.450980392156863,2.450980392156863,0.0,7.352941176470588,0.0,0.0,4.901960784313726,0.0,19.607843137254903,2.450980392156863,4.901960784313726,26.96078431372549,0.0,0.0,0.0,2.450980392156863,9.803921568627452,9.803921568627452,0.0,9.803921568627452
33149,128.39506172839506,9.876543209876543,4.938271604938271,7.407407407407407,0.0,0.0,7.407407407407407,81.4814814814815,14.814814814814815,0.0,9.876543209876543,0.0,29.62962962962963,12.345679012345679,0.0,177.77777777777777,7.407407407407407,0.0,37.03703703703704,4.938271604938271,2.4691358024691357,0.0,2.4691358024691357,24.691358024691358,4.938271604938271,0.0,0.0,0.0,0.0,0.0,2.4691358024691357,0.0,0.0,0.0,0.0,2.4691358024691357,0.0,22.22222222222222,79.01234567901234,34.5679012345679,7.407407407407407,88.88888888888889,0.5323383084577115,4.3159203980099505,2.4691358024691357,2.4691358024691357,0.0,0.0,9.876543209876543,0.0,7.407407407407407,0.0,0.0,4.938271604938271,4.938271604938271,24.691358024691358,14.814814814814815,4.938271604938271,4.938271604938271,0.0,0.0,2.4691358024691357,9.876543209876543,12.345679012345679,24.691358024691358,0.0,2.4691358024691357
35342,84.36724565756825,7.444168734491315,7.444168734491315,2.4813895781637716,9.925558312655086,52.10918114143921,4.962779156327543,2.4813895781637716,32.25806451612903,4.962779156327543,4.962779156327543,2.4813895781637716,19.851116625310173,7.444168734491315,0.0,205.95533498759306,0.0,0.0,32.25806451612903,0.0,0.0,0.0,0.0,9.925558312655086,12.40694789081886,0.0,4.962779156327543,0.0,4.962779156327543,2.4813895781637716,0.0,0.0,0.0,0.0,0.0,0.0,2.4813895781637716,14.88833746898263,111.66253101736973,71.96029776674938,2.4813895781637716,96.77419354838709,0.5903307888040712,4.302798982188295,0.0,0.0,4.962779156327543,0.0,4.962779156327543,0.0,7.444168734491315,2.4813895781637716,0.0,9.925558312655086,0.0,22.332506203473944,4.962779156327543,2.4813895781637716,17.3697270471464,0.0,2.4813895781637716,0.0,0.0,2.4813895781637716,14.88833746898263,0.0,14.88833746898263
35981,91.78743961352657,4.830917874396135,9.66183574879227,12.077294685990339,0.0,0.0,12.077294685990339,79.71014492753622,14.492753623188406,0.0,2.4154589371980677,0.0,21.73913043478261,14.492753623188406,4.830917874396135,173.91304347826087,2.4154589371980677,0.0,28.985507246376812,2.4154589371980677,2.4154589371980677,0.0,2.4154589371980677,9.66183574879227,4.830917874396135,0.0,0.0,2.4154589371980677,0.0,0.0,0.0,0.0,0.0,0.0,0.0,2.4154589371980677,0.0,14.492753623188406,108.69565217391305,57.971014492753625,4.830917874396135,91.78743961352657,0.5911330049261084,4.561576354679803,2.4154589371980677,12.077294685990339,0.0,4.830917874396135,7.246376811594203,0.0,4.830917874396135,4.830917874396135,0.0,2.4154589371980677,0.0,26.570048309178745,4.830917874396135,2.4154589371980677,16.908212560386474,0.0,2.4154589371980677,0.0,7.246376811594203,7.246376811594203,9.66183574879227,7.246376811594203,12.077294685990339
36220,60.67961165048544,14.563106796116505,12.135922330097086,7.281553398058253,7.281553398058253,16.990291262135923,0.0,29.12621359223301,7.281553398058253,4.854368932038835,2.4271844660194173,2.4271844660194173,19.41747572815534,31.553398058252426,12.135922330097086,242.71844660194176,14.563106796116505,4.854368932038835,16.990291262135923,0.0,7.281553398058253,0.0,0.0,4.854368932038835,2.4271844660194173,0.0,2.4271844660194173,4.854368932038835,9.70873786407767,2.4271844660194173,4.854368932038835,0.0,0.0,0.0,0.0,0.0,0.0,2.4271844660194173,126.2135922330097,65.53398058252426,0.0,72.81553398058252,0.5839598997493735,5.0776942355889725,4.854368932038835,4.854368932038835,0.0,2.4271844660194173,9.70873786407767,0.0,4.854368932038835,14.563106796116505,0.0,2.4271844660194173,7.281553398058253,12.135922330097086,9.70873786407767,0.0,4.854368932038835,0.0,0.0,0.0,9.70873786407767,12.135922330097086,2.4271844660194173,0.0,9.70873786407767
37470,118.6046511627907,16.27906976744186,6.976744186046512,4.651162790697675,0.0,55.81395348837209,0.0,53.48837209302326,20.930232558139533,4.651162790697675,0.0,2.3255813953488373,11.627906976744185,11.627906976744185,11.627906976744185,190.69767441860466,6.976744186046512,0.0,30.232558139534884,0.0,2.3255813953488373,0.0,0.0,9.30232558139535,4.651162790697675,0.0,0.0,0.0,2.3255813953488373,0.0,6.976744186046512,0.0,0.0,0.0,0.0,0.0,0.0,23.25581395348837,79.06976744186046,53.48837209302326,2.3255813953488373,60.46511627906977,0.5751173708920188,4.415492957746479,0.0,2.3255813953488373,2.3255813953488373,0.0,4.651162790697675,0.0,13.953488372093023,6.976744186046512,2.3255813953488373,0.0,4.651162790697675,20.930232558139533,2.3255813953488373,2.3255813953488373,6.976744186046512,0.0,0.0,0.0,2.3255813953488373,11.627906976744185,16.27906976744186,6.976744186046512,9.30232558139535
38764,99.7566909975669,9.732360097323602,12.165450121654501,4.866180048661801,0.0,82.7250608272506,19.464720194647203,2.4330900243309004,36.4963503649635,0.0,12.165450121654501,2.4330900243309004,12.165450121654501,4.866180048661801,0.0,209.24574209245742,12.165450121654501,0.0,36.4963503649635,2.4330900243309004,0.0,0.0,4.866180048661801,14.598540145985401,7.299270072992701,2.4330900243309004,0.0,0.0,0.0,0.0,0.0,0.0,0.0,2.4330900243309004,0.0,0.0,2.4330900243309004,9.732360097323602,92.45742092457421,55.961070559610704,2.4330900243309004,53.5279805352798,0.5563725490196079,4.151960784313726,2.4330900243309004,0.0,0.0,0.0,17.0316301703163,0.0,9.732360097323602,7.299270072992701,2.4330900243309004,2.4330900243309004,14.598540145985401,26.7639902676399,0.0,0.0,2.4330900243309004,0.0,0.0,0.0,2.4330900243309004,0.0,19.464720194647203,4.866180048661801,4.866180048661801
39626,79.60199004975124,4.975124378109452,34.82587064676617,0.0,2.487562189054726,54.72636815920398,27.36318407960199,9.950248756218905,7.462686567164179,0.0,9.950248756218905,2.487562189054726,19.90049751243781,14.925373134328359,4.975124378109452,218.90547263681592,4.975124378109452,0.0,34.82587064676617,2.487562189054726,2.487562189054726,0.0,0.0,24.875621890547265,2.487562189054726,0.0,2.487562189054726,2.487562189054726,4.975124378109452,0.0,0.0,0.0,0.0,0.0,2.487562189054726,0.0,2.487562189054726,12.437810945273633,99.50248756218906,44.776119402985074,12.437810945273633,59.701492537313435,0.6116751269035533,4.380710659898477,0.0,2.487562189054726,2.487562189054726,0.0,9.950248756218905,0.0,2.487562189054726,2.487562189054726,0.0,4.975124378109452,4.975124378109452,17.412935323383085,0.0,7.462686567164179,7.462686567164179,0.0,0.0,0.0,2.487562189054726,2.487562189054726,12.437810945273633,4.975124378109452,7.462686567164179
4010,66.33906633906633,17.1990171990172,31.94103194103194,17.1990171990172,2.457002457002457,54.054054054054056,19.656019656019655,22.11302211302211,9.828009828009828,0.0,0.0,0.0,17.1990171990172,7.371007371007371,4.914004914004914,228.5012285012285,4.914004914004914,0.0,19.656019656019655,4.914004914004914,0.0,0.0,0.0,19.656019656019655,7.371007371007371,0.0,2.457002457002457,9.828009828009828,2.457002457002457,0.0,4.914004914004914,0.0,0.0,0.0,0.0,0.0,2.457002457002457,9.828009828009828,95.82309582309583,56.511056511056516,2.457002457002457,73.71007371007371,0.6556962025316456,4.567088607594937,2.457002457002457,2.457002457002457,0.0,0.0,4.914004914004914,7.371007371007371,0.0,4.914004914004914,0.0,4.914004914004914,9.828009828009828,7.371007371007371,2.457002457002457,4.914004914004914,17.1990171990172,0.0,2.457002457002457,0.0,4.914004914004914,4.914004914004914,7.371007371007371,2.457002457002457,7.371007371007371
40815,91.35802469135803,27.160493827160494,7.407407407407407,7.407407407407407,4.938271604938271,46.91358024691358,0.0,19.753086419753085,19.753086419753085,2.4691358024691357,9.876543209876543,0.0,22.22222222222222,34.5679012345679,2.4691358024691357,167.90123456790124,2.4691358024691357,0.0,37.03703703703704,0.0,0.0,0.0,0.0,7.407407407407407,2.4691358024691357,0.0,0.0,0.0,7.407407407407407,0.0,2.4691358024691357,0.0,0.0,0.0,0.0,0.0,0.0,7.407407407407407,125.92592592592591,49.382716049382715,7.407407407407407,88.88888888888889,0.5653266331658291,4.796482412060302,2.4691358024691357,2.4691358024691357,2.4691358024691357,0.0,19.753086419753085,2.4691358024691357,9.876543209876543,12.345679012345679,4.938271604938271,4.938271604938271,0.0,12.345679012345679,0.0,7.407407407407407,17.28395061728395,0.0,2.4691358024691357,0.0,4.938271604938271,4.938271604938271,12.345679012345679,0.0,7.407407407407407
41203,79.90314769975787,2.4213075060532687,9.685230024213075,9.685230024213075,0.0,72.63922518159806,2.4213075060532687,16.949152542372882,7.263922518159807,7.263922518159807,12.106537530266344,0.0,12.106537530266344,21.791767554479417,4.842615012106537,213.07506053268764,0.0,0.0,21.791767554479417,0.0,2.4213075060532687,0.0,0.0,7.263922518159807,4.842615012106537,2.4213075060532687,2.4213075060532687,7.263922518159807,7.263922518159807,0.0,0.0,2.4213075060532687,0.0,0.0,0.0,0.0,2.4213075060532687,9.685230024213075,92.00968523002422,50.84745762711865,4.842615012106537,62.953995157384995,0.6163366336633663,4.618811881188119,7.263922518159807,4.842615012106537,4.842615012106537,0.0,4.842615012106537,0.0,4.842615012106537,4.842615012106537,0.0,0.0,2.4213075060532687,21.791767554479417,4.842615012106537,2.4213075060532687,12.106537530266344,0.0,0.0,0.0,0.0,4.842615012106537,4.842615012106537,2.4213075060532687,12.106537530266344
41742,59.701492537313435,4.975124378109452,12.437810945273633,4.975124378109452,4.975124378109452,24.875621890547265,0.0,24.875621890547265,0.0,2.487562189054726,0.0,0.0,12.437810945273633,59.701492537313435,4.975124378109452,263.681592039801,2.487562189054726,2.487562189054726,12.437810945273633,0.0,2.487562189054726,0.0,0.0,7.462686567164179,0.0,0.0,0.0,2.487562189054726,4.975124378109452,0.0,0.0,0.0,0.0,0.0,0.0,2.487562189054726,0.0,9.950248756218905,139.30348258706468,104.4776119402985,2.487562189054726,69.65174129353234,0.6105527638190955,5.914572864321608,2.487562189054726,0.0,0.0,4.975124378109452,2.487562189054726,0.0,12.437810945273633,0.0,0.0,2.487562189054726,0.0,19.90049751243781,0.0,2.487562189054726,0.0,0.0,2.487562189054726,2.487562189054726,7.462686567164179,27.36318407960199,4.975124378109452,0.0,2.487562189054726
42980,84.7457627118644,0.0,55.69007263922518,2.4213075060532687,4.842615012106537,70.2179176755448,26.634382566585955,79.90314769975787,7.263922518159807,2.4213075060532687,0.0,0.0,24.213075060532688,12.106537530266344,0.0,169.4915254237288,0.0,0.0,31.476997578692497,0.0,0.0,0.0,2.4213075060532687,7.263922518159807,9.685230024213075,0.0,2.4213075060532687,0.0,0.0,0.0,0.0,0.0,0.0,0.0,9.685230024213075,0.0,7.263922518159807,9.685230024213075,77.4818401937046,43.583535108958834,7.263922518159807,79.90314769975787,0.5171568627450981,4.16421568627451,0.0,2.4213075060532687,0.0,7.263922518159807,7.263922518159807,2.4213075060532687,7.263922518159807,4.842615012106537,0.0,4.842615012106537,16.949152542372882,9.685230024213075,7.263922518159807,0.0,9.685230024213075,0.0,0.0,0.0,0.0,2.4213075060532687,33.898305084745765,0.0,2.4213075060532687
43465,51.21951219512195,4.878048780487805,2.4390243902439024,2.4390243902439024,4.878048780487805,29.26829268292683,0.0,7.317073170731708,4.878048780487805,0.0,0.0,0.0,12.195121951219512,41.463414634146346,0.0,297.5609756097561,2.4390243902439024,4.878048780487805,21.95121951219512,2.4390243902439024,2.4390243902439024,0.0,0.0,19.51219512195122,4.878048780487805,2.4390243902439024,0.0,2.4390243902439024,4.878048780487805,0.0,0.0,0.0,2.4390243902439024,2.4390243902439024,0.0,0.0,0.0,4.878048780487805,92.6829268292683,80.48780487804878,2.4390243902439024,43.90243902439024,0.5984848484848485,5.2853535353535355,0.0,2.4390243902439024,0.0,2.4390243902439024,2.4390243902439024,0.0,2.4390243902439024,2.4390243902439024,0.0,0.0,2.4390243902439024,12.195121951219512,0.0,2.4390243902439024,0.0,2.4390243902439024,0.0,2.4390243902439024,2.4390243902439024,19.51219512195122,2.4390243902439024,2.4390243902439024,4.878048780487805
48293,84.5771144278607,9.950248756218905,7.462686567164179,7.462686567164179,0.0,0.0,7.462686567164179,49.75124378109453,7.462686567164179,0.0,4.975124378109452,0.0,24.875621890547265,7.462686567164179,2.487562189054726,253.7313432835821,9.950248756218905,2.487562189054726,24.875621890547265,0.0,0.0,0.0,2.487562189054726,12.437810945273633,2.487562189054726,0.0,4.975124378109452,0.0,12.437810945273633,0.0,0.0,0.0,0.0,0.0,0.0,0.0,2.487562189054726,9.950248756218905,124.37810945273633,69.65174129353234,2.487562189054726,54.72636815920398,0.571072319201995,4.605985037406484,0.0,2.487562189054726,2.487562189054726,2.487562189054726,4.975124378109452,0.0,7.462686567164179,2.487562189054726,0.0,0.0,0.0,17.412935323383085,2.487562189054726,2.487562189054726,0.0,0.0,0.0,0.0,0.0,2.487562189054726,7.462686567164179,2.487562189054726,2.487562189054726
49495,65.53398058252426,14.563106796116505,9.70873786407767,4.854368932038835,4.854368932038835,4.854368932038835,0.0,12.135922330097086,7.281553398058253,7.281553398058253,2.4271844660194173,4.854368932038835,12.135922330097086,14.563106796116505,0.0,262.13592233009706,9.70873786407767,0.0,9.70873786407767,0.0,0.0,0.0,0.0,14.563106796116505,4.854368932038835,0.0,0.0,0.0,2.4271844660194173,0.0,4.854368932038835,0.0,0.0,0.0,0.0,0.0,2.4271844660194173,7.281553398058253,109.22330097087378,67.96116504854369,2.4271844660194173,46.116504854368934,0.6327543424317618,4.923076923076923,2.4271844660194173,2.4271844660194173,0.0,0.0,12.135922330097086,2.4271844660194173,0.0,2.4271844660194173,0.0,0.0,2.4271844660194173,2.4271844660194173,0.0,0.0,4.854368932038835,0.0,0.0,0.0,0.0,2.4271844660194173,9.70873786407767,0.0,2.4271844660194173
5023,113.86138613861387,14.85148514851485,2.4752475247524752,2.4752475247524752,2.4752475247524752,51.980198019801975,0.0,4.9504950495049505,17.32673267326733,4.9504950495049505,0.0,0.0,24.752475247524753,22.277227722772277,4.9504950495049505,217.82178217821783,7.425742574257425,2.4752475247524752,29.7029702970297,0.0,0.0,0.0,0.0,9.900990099009901,4.9504950495049505,0.0,2.4752475247524752,0.0,22.277227722772277,0.0,2.4752475247524752,0.0,0.0,0.0,0.0,0.0,0.0,7.425742574257425,84.15841584158416,56.93069306930693,7.425742574257425,71.78217821782178,0.606516290726817,4.839598997493734,2.4752475247524752,4.9504950495049505,0.0,0.0,9.900990099009901,0.0,0.0,2.4752475247524752,0.0,0.0,4.9504950495049505,12.376237623762377,2.4752475247524752,0.0,2.4752475247524752,0.0,0.0,0.0,17.32673267326733,7.425742574257425,4.9504950495049505,4.9504950495049505,7.425742574257425
5099,106.43564356435644,7.425742574257425,9.900990099009901,7.425742574257425,4.9504950495049505,66.83168316831683,2.4752475247524752,7.425742574257425,29.7029702970297,4.9504950495049505,14.85148514851485,0.0,12.376237623762377,4.9504950495049505,0.0,178.21782178217822,7.425742574257425,0.0,39.603960396039604,2.4752475247524752,2.4752475247524752,0.0,2.4752475247524752,14.85148514851485,9.900990099009901,0.0,0.0,0.0,2.4752475247524752,0.0,0.0,0.0,0.0,0.0,0.0,0.0,7.425742574257425,2.4752475247524752,103.96039603960395,44.554455445544555,7.425742574257425,79.20792079207921,0.5839793281653747,4.2015503875969,0.0,2.4752475247524752,2.4752475247524752,2.4752475247524752,7.425742574257425,0.0,2.4752475247524752,2.4752475247524752,0.0,4.9504950495049505,0.0,19.801980198019802,4.9504950495049505,2.4752475247524752,17.32673267326733,0.0,0.0,0.0,2.4752475247524752,4.9504950495049505,7.425742574257425,0.0,12.376237623762377
51293,95.0,15.0,27.5,2.5,5.0,92.5,10.0,30.0,25.0,2.5,7.5,0.0,10.0,25.0,0.0,177.5,0.0,0.0,25.0,2.5,0.0,0.0,2.5,12.5,7.5,0.0,0.0,2.5,5.0,0.0,0.0,0.0,0.0,0.0,0.0,0.0,2.5,5.0,97.5,32.5,12.5,82.5,0.5949367088607594,4.4759493670886075,0.0,5.0,2.5,5.0,17.5,0.0,10.0,7.5,2.5,0.0,7.5,15.0,0.0,0.0,10.0,5.0,0.0,0.0,2.5,2.5,17.5,5.0,7.5
5289,74.62686567164178,12.437810945273633,34.82587064676617,0.0,0.0,14.925373134328359,17.412935323383085,64.67661691542288,4.975124378109452,4.975124378109452,2.487562189054726,2.487562189054726,14.925373134328359,22.388059701492537,7.462686567164179,228.85572139303483,2.487562189054726,2.487562189054726,19.90049751243781,0.0,4.975124378109452,0.0,0.0,12.437810945273633,2.487562189054726,0.0,0.0,2.487562189054726,2.487562189054726,0.0,7.462686567164179,0.0,0.0,0.0,0.0,0.0,2.487562189054726,4.975124378109452,97.01492537313433,69.65174129353234,7.462686567164179,49.75124378109453,0.6237113402061856,4.93298969072165,0.0,2.487562189054726,0.0,0.0,7.462686567164179,0.0,4.975124378109452,2.487562189054726,2.487562189054726,4.975124378109452,9.950248756218905,24.875621890547265,9.950248756218905,0.0,19.90049751243781,0.0,2.487562189054726,0.0,4.975124378109452,2.487562189054726,4.975124378109452,0.0,4.975124378109452
53374,102.1377672209026,9.501187648456057,0.0,9.501187648456057,2.375296912114014,57.00712589073635,0.0,0.0,54.63182897862233,0.0,2.375296912114014,7.125890736342043,23.752969121140143,14.251781472684087,7.125890736342043,171.021377672209,0.0,0.0,30.878859857482183,0.0,0.0,0.0,2.375296912114014,16.6270783847981,0.0,0.0,2.375296912114014,0.0,9.501187648456057,0.0,0.0,0.0,0.0,0.0,0.0,0.0,4.750593824228028,11.876484560570072,92.63657957244656,45.13064133016627,4.750593824228028,104.51306413301663,0.533816425120773,4.519323671497585,0.0,0.0,2.375296912114014,0.0,14.251781472684087,0.0,11.876484560570072,9.501187648456057,0.0,7.125890736342043,0.0,21.377672209026127,7.125890736342043,4.750593824228028,16.6270783847981,0.0,0.0,0.0,2.375296912114014,7.125890736342043,11.876484560570072,0.0,11.876484560570072
54689,27.027027027027028,0.0,41.76904176904177,2.457002457002457,4.914004914004914,19.656019656019655,31.94103194103194,14.742014742014742,7.371007371007371,0.0,2.457002457002457,0.0,12.285012285012284,9.828009828009828,7.371007371007371,235.87223587223588,2.457002457002457,0.0,31.94103194103194,2.457002457002457,0.0,0.0,0.0,34.3980343980344,9.828009828009828,0.0,2.457002457002457,2.457002457002457,2.457002457002457,2.457002457002457,0.0,0.0,0.0,2.457002457002457,0.0,0.0,12.285012285012284,7.371007371007371,88.45208845208845,61.42506142506143,19.656019656019655,51.597051597051596,0.609254498714653,4.897172236503856,9.828009828009828,0.0,0.0,0.0,4.914004914004914,0.0,7.371007371007371,7.371007371007371,0.0,14.742014742014742,4.914004914004914,17.1990171990172,4.914004914004914,2.457002457002457,34.3980343980344,0.0,2.457002457002457,0.0,0.0,12.285012285012284,7.371007371007371,2.457002457002457,7.371007371007371
56232,69.71153846153847,14.423076923076923,4.807692307692308,0.0,4.807692307692308,64.90384615384616,0.0,7.211538461538462,9.615384615384617,4.807692307692308,4.807692307692308,0.0,9.615384615384617,16.826923076923077,2.403846153846154,223.55769230769232,4.807692307692308,0.0,16.826923076923077,4.807692307692308,0.0,0.0,0.0,12.01923076923077,0.0,0.0,0.0,2.403846153846154,2.403846153846154,0.0,0.0,0.0,0.0,0.0,0.0,0.0,4.807692307692308,2.403846153846154,115.38461538461539,48.07692307692308,7.211538461538462,98.5576923076923,0.6127450980392157,4.602941176470588,2.403846153846154,0.0,2.403846153846154,0.0,12.01923076923077,0.0,4.807692307692308,2.403846153846154,0.0,9.615384615384617,9.615384615384617,16.826923076923077,2.403846153846154,2.403846153846154,9.615384615384617,0.0,0.0,0.0,9.615384615384617,4.807692307692308,12.01923076923077,0.0,12.01923076923077
60156,93.36609336609337,12.285012285012284,14.742014742014742,2.457002457002457,4.914004914004914,34.3980343980344,2.457002457002457,22.11302211302211,12.285012285012284,4.914004914004914,7.371007371007371,0.0,14.742014742014742,19.656019656019655,4.914004914004914,218.67321867321868,2.457002457002457,0.0,29.484029484029485,0.0,0.0,0.0,0.0,7.371007371007371,4.914004914004914,2.457002457002457,0.0,0.0,7.371007371007371,0.0,2.457002457002457,0.0,0.0,0.0,0.0,0.0,0.0,9.828009828009828,98.28009828009827,68.7960687960688,9.828009828009828,68.7960687960688,0.6140350877192983,4.543859649122807,4.914004914004914,7.371007371007371,0.0,0.0,9.828009828009828,4.914004914004914,4.914004914004914,2.457002457002457,0.0,2.457002457002457,0.0,17.1990171990172,2.457002457002457,2.457002457002457,14.742014742014742,0.0,0.0,0.0,2.457002457002457,12.285012285012284,14.742014742014742,0.0,9.828009828009828
61434,108.37438423645321,24.630541871921185,9.852216748768473,4.926108374384237,9.852216748768473,64.03940886699507,9.852216748768473,7.389162561576354,32.01970443349754,7.389162561576354,7.389162561576354,4.926108374384237,22.167487684729064,7.389162561576354,7.389162561576354,169.95073891625614,4.926108374384237,0.0,17.241379310344826,0.0,0.0,0.0,2.4630541871921183,7.389162561576354,9.852216748768473,2.4630541871921183,0.0,2.4630541871921183,2.4630541871921183,0.0,0.0,0.0,0.0,0.0,0.0,0.0,2.4630541871921183,4.926108374384237,93.59605911330048,59.11330049261083,2.4630541871921183,91.13300492610837,0.5919395465994962,4.534005037783375,2.4630541871921183,9.852216748768473,0.0,2.4630541871921183,4.926108374384237,2.4630541871921183,2.4630541871921183,2.4630541871921183,0.0,2.4630541871921183,4.926108374384237,17.241379310344826,4.926108374384237,0.0,14.778325123152708,2.4630541871921183,0.0,0.0,4.926108374384237,12.315270935960593,19.704433497536947,4.926108374384237,4.926108374384237
62825,82.32445520581113,14.527845036319613,14.527845036319613,0.0,2.4213075060532687,67.79661016949153,7.263922518159807,14.527845036319613,14.527845036319613,2.4213075060532687,2.4213075060532687,0.0,12.106537530266344,29.055690072639226,7.263922518159807,184.01937046004844,7.263922518159807,2.4213075060532687,16.949152542372882,0.0,0.0,2.4213075060532687,0.0,9.685230024213075,7.263922518159807,0.0,2.4213075060532687,2.4213075060532687,4.842615012106537,0.0,2.4213075060532687,0.0,0.0,0.0,0.0,2.4213075060532687,7.263922518159807,12.106537530266344,106.53753026634382,58.11138014527845,7.263922518159807,46.00484261501211,0.5823095823095823,4.57002457002457,0.0,0.0,0.0,0.0,12.106537530266344,0.0,9.685230024213075,4.842615012106537,0.0,0.0,2.4213075060532687,26.634382566585955,0.0,4.842615012106537,0.0,2.4213075060532687,0.0,0.0,2.4213075060532687,9.685230024213075,12.106537530266344,0.0,0.0
64759,107.57946210268948,22.004889975550125,0.0,2.444987775061125,4.88997555012225,0.0,0.0,63.56968215158924,51.344743276283616,2.444987775061125,9.7799511002445,2.444987775061125,17.114914425427873,9.7799511002445,0.0,215.15892420537895,0.0,0.0,24.44987775061125,4.88997555012225,2.444987775061125,0.0,0.0,12.224938875305625,2.444987775061125,2.444987775061125,2.444987775061125,2.444987775061125,2.444987775061125,0.0,2.444987775061125,0.0,0.0,0.0,0.0,0.0,0.0,7.334963325183374,95.35452322738386,26.89486552567237,2.444987775061125,100.24449877750611,0.5333333333333333,4.291358024691358,0.0,7.334963325183374,0.0,2.444987775061125,14.669926650366747,2.444987775061125,2.444987775061125,4.88997555012225,0.0,2.444987775061125,0.0,26.89486552567237,0.0,2.444987775061125,4.88997555012225,0.0,0.0,0.0,7.334963325183374,14.669926650366747,17.114914425427873,0.0,4.88997555012225
67135,111.1111111111111,12.077294685990339,2.4154589371980677,12.077294685990339,2.4154589371980677,48.309178743961354,0.0,101.44927536231884,2.4154589371980677,2.4154589371980677,7.246376811594203,0.0,14.492753623188406,7.246376811594203,0.0,222.2222222222222,7.246376811594203,0.0,24.154589371980677,0.0,2.4154589371980677,0.0,0.0,7.246376811594203,2.4154589371980677,0.0,0.0,2.4154589371980677,2.4154589371980677,4.830917874396135,2.4154589371980677,0.0,0.0,0.0,0.0,0.0,0.0,4.830917874396135,99.03381642512076,67.6328502415459,2.4154589371980677,62.80193236714976,0.511002444987775,4.352078239608802,0.0,12.077294685990339,0.0,2.4154589371980677,9.66183574879227,0.0,4.830917874396135,7.246376811594203,0.0,4.830917874396135,4.830917874396135,43.47826086956522,4.830917874396135,2.4154589371980677,7.246376811594203,4.830917874396135,0.0,0.0,0.0,2.4154589371980677,12.077294685990339,4.830917874396135,9.66183574879227
68006,78.81773399014779,9.852216748768473,0.0,4.926108374384237,2.4630541871921183,0.0,0.0,27.093596059113302,9.852216748768473,0.0,0.0,0.0,9.852216748768473,22.167487684729064,7.389162561576354,251.23152709359607,7.389162561576354,0.0,22.167487684729064,0.0,2.4630541871921183,0.0,0.0,7.389162561576354,7.389162561576354,0.0,0.0,2.4630541871921183,0.0,0.0,2.4630541871921183,0.0,0.0,0.0,0.0,0.0,2.4630541871921183,7.389162561576354,113.30049261083744,93.59605911330048,0.0,59.11330049261083,0.6138613861386139,4.824257425742574,7.389162561576354,4.926108374384237,0.0,7.389162561576354,7.389162561576354,2.4630541871921183,7.389162561576354,0.0,2.4630541871921183,0.0,2.4630541871921183,19.704433497536947,0.0,2.4630541871921183,0.0,2.4630541871921183,0.0,0.0,0.0,19.704433497536947,7.389162561576354,0.0,7.389162561576354
78646,102.94117647058823,12.254901960784313,9.803921568627452,4.901960784313726,4.901960784313726,73.52941176470588,12.254901960784313,0.0,41.666666666666664,0.0,7.352941176470588,0.0,12.254901960784313,24.509803921568626,0.0,203.4313725490196,2.450980392156863,0.0,22.058823529411764,0.0,0.0,0.0,2.450980392156863,12.254901960784313,4.901960784313726,0.0,2.450980392156863,4.901960784313726,9.803921568627452,0.0,0.0,0.0,0.0,0.0,0.0,0.0,4.901960784313726,9.803921568627452,105.3921568627451,51.470588235294116,0.0,61.27450980392157,0.5591133004926109,4.593596059113301,4.901960784313726,2.450980392156863,2.450980392156863,2.450980392156863,4.901960784313726,0.0,2.450980392156863,2.450980392156863,0.0,0.0,4.901960784313726,26.96078431372549,2.450980392156863,2.450980392156863,4.901960784313726,0.0,0.0,0.0,0.0,12.254901960784313,14.705882352941176,2.450980392156863,4.901960784313726
79550,90.46454767726162,2.444987775061125,19.559902200489,0.0,9.7799511002445,29.339853300733495,0.0,61.12469437652811,2.444987775061125,7.334963325183374,2.444987775061125,0.0,17.114914425427873,4.88997555012225,2.444987775061125,276.2836185819071,2.444987775061125,0.0,31.78484107579462,0.0,2.444987775061125,0.0,2.444987775061125,12.224938875305625,4.88997555012225,0.0,0.0,0.0,2.444987775061125,0.0,2.444987775061125,0.0,0.0,0.0,0.0,0.0,2.444987775061125,7.334963325183374,112.46943765281173,39.119804400978,0.0,63.56968215158924,0.5522388059701493,4.22636815920398,0.0,0.0,0.0,0.0,7.334963325183374,2.444987775061125,4.88997555012225,2.444987775061125,0.0,0.0,2.444987775061125,29.339853300733495,0.0,0.0,12.224938875305625,0.0,2.444987775061125,0.0,0.0,9.7799511002445,17.114914425427873,0.0,9.7799511002445
79677,97.01492537313433,12.437810945273633,2.487562189054726,4.975124378109452,0.0,4.975124378109452,0.0,14.925373134328359,22.388059701492537,0.0,0.0,0.0,27.36318407960199,9.950248756218905,7.462686567164179,233.83084577114428,17.412935323383085,0.0,9.950248756218905,0.0,0.0,4.975124378109452,2.487562189054726,14.925373134328359,2.487562189054726,0.0,0.0,0.0,17.412935323383085,0.0,0.0,0.0,0.0,0.0,0.0,0.0,2.487562189054726,4.975124378109452,109.45273631840796,34.82587064676617,2.487562189054726,77.11442786069651,0.5829145728643216,4.472361809045226,4.975124378109452,4.975124378109452,2.487562189054726,2.487562189054726,4.975124378109452,0.0,7.462686567164179,0.0,0.0,2.487562189054726,0.0,17.412935323383085,2.487562189054726,9.950248756218905,0.0,0.0,0.0,0.0,2.487562189054726,19.90049751243781,12.437810945273633,0.0,4.975124378109452
80149,86.24708624708624,6.993006993006993,13.986013986013987,4.662004662004662,4.662004662004662,67.5990675990676,4.662004662004662,0.0,25.64102564102564,6.993006993006993,6.993006993006993,2.331002331002331,20.97902097902098,20.97902097902098,0.0,209.7902097902098,2.331002331002331,0.0,44.28904428904429,2.331002331002331,0.0,0.0,0.0,16.317016317016318,2.331002331002331,2.331002331002331,0.0,2.331002331002331,4.662004662004662,2.331002331002331,0.0,0.0,0.0,0.0,2.331002331002331,0.0,2.331002331002331,4.662004662004662,116.55011655011654,34.96503496503497,6.993006993006993,86.24708624708624,0.5450236966824644,4.374407582938389,0.0,0.0,2.331002331002331,0.0,11.655011655011656,2.331002331002331,0.0,4.662004662004662,0.0,0.0,2.331002331002331,20.97902097902098,2.331002331002331,9.324009324009324,6.993006993006993,0.0,0.0,2.331002331002331,2.331002331002331,16.317016317016318,11.655011655011656,4.662004662004662,16.317016317016318
80664,102.80373831775701,7.009345794392523,0.0,2.336448598130841,0.0,0.0,0.0,49.06542056074766,39.719626168224295,4.672897196261682,4.672897196261682,0.0,28.037383177570092,7.009345794392523,2.336448598130841,212.61682242990653,4.672897196261682,0.0,37.38317757009346,0.0,0.0,0.0,0.0,16.355140186915886,0.0,0.0,0.0,2.336448598130841,4.672897196261682,2.336448598130841,2.336448598130841,0.0,0.0,0.0,7.009345794392523,0.0,2.336448598130841,7.009345794392523,91.1214953271028,39.719626168224295,9.345794392523365,88.78504672897196,0.5071428571428571,4.366666666666666,0.0,0.0,0.0,0.0,4.672897196261682,0.0,2.336448598130841,9.345794392523365,0.0,4.672897196261682,7.009345794392523,23.36448598130841,2.336448598130841,2.336448598130841,4.672897196261682,0.0,0.0,0.0,0.0,9.345794392523365,11.682242990654204,0.0,7.009345794392523
80754,81.73076923076923,9.615384615384617,38.46153846153847,2.403846153846154,2.403846153846154,2.403846153846154,14.423076923076923,52.88461538461539,12.01923076923077,7.211538461538462,7.211538461538462,2.403846153846154,21.634615384615383,19.230769230769234,4.807692307692308,230.76923076923077,4.807692307692308,0.0,21.634615384615383,0.0,0.0,0.0,0.0,7.211538461538462,4.807692307692308,0.0,0.0,0.0,12.01923076923077,0.0,0.0,0.0,0.0,0.0,0.0,0.0,0.0,9.615384615384617,108.17307692307693,74.51923076923077,4.807692307692308,67.3076923076923,0.5785536159600998,5.059850374064838,0.0,4.807692307692308,0.0,0.0,12.01923076923077,0.0,0.0,0.0,0.0,0.0,4.807692307692308,24.03846153846154,4.807692307692308,2.403846153846154,26.442307692307693,0.0,7.211538461538462,2.403846153846154,9.615384615384617,14.423076923076923,12.01923076923077,4.807692307692308,9.615384615384617
8078,84.5771144278607,4.975124378109452,19.90049751243781,0.0,0.0,72.13930348258707,9.950248756218905,27.36318407960199,22.388059701492537,9.950248756218905,4.975124378109452,0.0,24.875621890547265,4.975124378109452,0.0,189.0547263681592,2.487562189054726,0.0,44.776119402985074,0.0,0.0,0.0,0.0,22.388059701492537,0.0,0.0,2.487562189054726,0.0,0.0,0.0,7.462686567164179,0.0,0.0,2.487562189054726,0.0,0.0,4.975124378109452,2.487562189054726,77.11442786069651,37.31343283582089,12.437810945273633,99.50248756218906,0.5268542199488491,4.158567774936062,4.975124378109452,4.975124378109452,14.925373134328359,0.0,14.925373134328359,0.0,2.487562189054726,4.975124378109452,2.487562189054726,4.975124378109452,19.90049751243781,19.90049751243781,0.0,0.0,19.90049751243781,2.487562189054726,0.0,0.0,2.487562189054726,4.975124378109452,14.925373134328359,2.487562189054726,17.412935323383085
87515,122.89156626506025,16.867469879518072,2.4096385542168677,4.819277108433735,0.0,101.20481927710844,0.0,28.91566265060241,33.734939759036145,4.819277108433735,4.819277108433735,0.0,16.867469879518072,7.228915662650603,2.4096385542168677,187.95180722891567,4.819277108433735,0.0,38.55421686746988,0.0,2.4096385542168677,0.0,4.819277108433735,21.686746987951807,2.4096385542168677,2.4096385542168677,2.4096385542168677,0.0,4.819277108433735,0.0,0.0,0.0,0.0,0.0,0.0,0.0,2.4096385542168677,14.457831325301205,96.3855421686747,28.91566265060241,12.048192771084338,45.78313253012048,0.5097087378640777,4.174757281553398,0.0,4.819277108433735,0.0,0.0,2.4096385542168677,0.0,9.63855421686747,4.819277108433735,0.0,0.0,4.819277108433735,28.91566265060241,2.4096385542168677,0.0,4.819277108433735,0.0,2.4096385542168677,0.0,0.0,14.457831325301205,21.686746987951807,0.0,4.819277108433735
89770,73.52941176470588,4.901960784313726,4.901960784313726,4.901960784313726,9.803921568627452,7.352941176470588,0.0,53.92156862745098,9.803921568627452,7.352941176470588,7.352941176470588,0.0,9.803921568627452,34.313725490196084,2.450980392156863,245.09803921568627,4.901960784313726,0.0,14.705882352941176,0.0,0.0,0.0,0.0,12.254901960784313,4.901960784313726,2.450980392156863,2.450980392156863,4.901960784313726,4.901960784313726,0.0,0.0,0.0,0.0,0.0,0.0,0.0,0.0,12.254901960784313,107.84313725490196,93.13725490196079,2.450980392156863,49.01960784313725,0.5975,5.2525,2.450980392156863,0.0,0.0,0.0,2.450980392156863,0.0,2.450980392156863,0.0,2.450980392156863,0.0,4.901960784313726,19.607843137254903,2.450980392156863,4.901960784313726,4.901960784313726,0.0,0.0,0.0,0.0,9.803921568627452,4.901960784313726,0.0,2.450980392156863
90736,4.866180048661801,4.866180048661801,99.7566909975669,2.4330900243309004,2.4330900243309004,17.0316301703163,14.598540145985401,75.42579075425792,24.330900243309003,0.0,0.0,0.0,41.3625304136253,26.7639902676399,0.0,204.37956204379563,2.4330900243309004,0.0,36.4963503649635,0.0,0.0,0.0,0.0,7.299270072992701,4.866180048661801,0.0,4.866180048661801,2.4330900243309004,34.0632603406326,2.4330900243309004,0.0,0.0,0.0,0.0,0.0,2.4330900243309004,0.0,2.4330900243309004,77.85888077858881,55.961070559610704,7.299270072992701,82.7250608272506,0.5843520782396088,4.594132029339853,2.4330900243309004,2.4330900243309004,2.4330900243309004,2.4330900243309004,7.299270072992701,0.0,2.4330900243309004,7.299270072992701,0.0,0.0,4.866180048661801,21.897810218978105,7.299270072992701,2.4330900243309004,4.866180048661801,0.0,0.0,0.0,0.0,26.7639902676399,14.598540145985401,0.0,12.165450121654501
91060,117.20698254364089,7.481296758104738,17.456359102244388,4.987531172069826,0.0,69.82543640897755,2.493765586034913,39.900249376558605,7.481296758104738,2.493765586034913,2.493765586034913,0.0,22.443890274314214,0.0,4.987531172069826,201.99501246882792,7.481296758104738,0.0,37.406483790523694,0.0,4.987531172069826,0.0,2.493765586034913,14.962593516209475,2.493765586034913,0.0,2.493765586034913,0.0,9.975062344139651,2.493765586034913,0.0,0.0,0.0,0.0,0.0,2.493765586034913,2.493765586034913,2.493765586034913,94.76309226932668,39.900249376558605,4.987531172069826,82.29426433915212,0.5703517587939698,4.293969849246231,2.493765586034913,7.481296758104738,0.0,7.481296758104738,2.493765586034913,0.0,0.0,2.493765586034913,0.0,0.0,9.975062344139651,24.93765586034913,7.481296758104738,12.468827930174564,7.481296758104738,0.0,0.0,0.0,7.481296758104738,19.950124688279303,22.443890274314214,2.493765586034913,4.987531172069826
96391,82.7250608272506,4.866180048661801,9.732360097323602,4.866180048661801,2.4330900243309004,53.5279805352798,17.0316301703163,2.4330900243309004,17.0316301703163,4.866180048661801,4.866180048661801,0.0,9.732360097323602,14.598540145985401,4.866180048661801,192.21411192214111,2.4330900243309004,2.4330900243309004,26.7639902676399,2.4330900243309004,2.4330900243309004,0.0,0.0,19.464720194647203,4.866180048661801,0.0,0.0,0.0,4.866180048661801,0.0,0.0,0.0,0.0,0.0,4.866180048661801,4.866180048661801,0.0,4.866180048661801,99.7566909975669,43.79562043795621,7.299270072992701,75.42579075425792,0.5588235294117647,4.360294117647059,4.866180048661801,0.0,2.4330900243309004,4.866180048661801,9.732360097323602,0.0,9.732360097323602,2.4330900243309004,0.0,4.866180048661801,0.0,29.197080291970803,0.0,12.165450121654501,4.866180048661801,0.0,2.4330900243309004,0.0,4.866180048661801,31.630170316301705,12.165450121654501,2.4330900243309004,9.732360097323602
96499,0.0,2.444987775061125,117.35941320293398,0.0,0.0,92.90953545232274,7.334963325183374,19.559902200489,24.44987775061125,9.7799511002445,4.88997555012225,0.0,9.7799511002445,4.88997555012225,2.444987775061125,161.36919315403424,4.88997555012225,2.444987775061125,63.56968215158924,2.444987775061125,2.444987775061125,0.0,0.0,24.44987775061125,4.88997555012225,0.0,0.0,0.0,0.0,4.88997555012225,2.444987775061125,0.0,0.0,0.0,4.88997555012225,2.444987775061125,0.0,7.334963325183374,85.57457212713938,36.674816625916876,22.004889975550125,80.68459657701712,0.4753246753246753,3.911688311688312,2.444987775061125,2.444987775061125,4.88997555012225,0.0,19.559902200489,2.444987775061125,2.444987775061125,4.88997555012225,0.0,0.0,2.444987775061125,19.559902200489,0.0,7.334963325183374,58.67970660146699,2.444987775061125,0.0,0.0,4.88997555012225,9.7799511002445,22.004889975550125,0.0,7.334963325183374
98911,63.10679611650485,12.135922330097086,33.980582524271846,2.4271844660194173,2.4271844660194173,67.96116504854369,12.135922330097086,16.990291262135923,19.41747572815534,2.4271844660194173,2.4271844660194173,0.0,29.12621359223301,48.543689320388346,4.854368932038835,152.9126213592233,2.4271844660194173,2.4271844660194173,29.12621359223301,0.0,9.70873786407767,0.0,0.0,2.4271844660194173,4.854368932038835,0.0,0.0,0.0,2.4271844660194173,0.0,0.0,0.0,0.0,0.0,0.0,0.0,4.854368932038835,4.854368932038835,106.79611650485437,58.25242718446602,12.135922330097086,84.95145631067962,0.5753086419753086,4.708641975308642,2.4271844660194173,0.0,0.0,0.0,7.281553398058253,0.0,7.281553398058253,14.563106796116505,0.0,2.4271844660194173,7.281553398058253,29.12621359223301,4.854368932038835,0.0,14.563106796116505,4.854368932038835,0.0,0.0,2.4271844660194173,4.854368932038835,9.70873786407767,0.0,12.135922330097086
