doc_id,f_01_past_tense,f_02_perfect_aspect,f_03_present_tense,f_04_place_adverbials,f_05_time_adverbials,f_06_first_person_pronouns,f_07_second_person_pronouns,f_08_third_person_pronouns,f_09_pronoun_it,f_10_demonstrative_pronoun,f_11_indefinite_pronouns,f_12_proverb_do,f_13_wh_question,f_14_nominalizations,f_15_gerunds,f_16_other_nouns,f_17_agentless_passives,f_18_by_passives,f_19_be_main_verb,f_20_existential_there,f_21_that_verb_comp,f_22_that_adj_comp,f_23_wh_clause,f_24_infinitives,f_25_present_participle,f_26_past_participle,f_27_past_participle_whiz,f_28_present_participle_whiz,f_29_that_subj,f_30_that_obj,f_31_wh_subj,f_32_wh_obj,f_33_pied_piping,f_34_sentence_relatives,f_35_because,f_36_though,f_37_if,f_38_other_adv_sub,f_39_prepositions,f_40_adj_attr,f_41_adj_pred,f_42_adverbs,f_43_type_token,f_44_mean_word_length,f_45_conjuncts,f_46_downtoners,f_47_hedges,f_48_amplifiers,f_49_emphatics,f_50_discourse_particles,f_51_demonstratives,f_52_modal_possibility,f_53_modal_necessity,f_54_modal_predictive,f_55_verb_public,f_56_verb_private,f_57_verb_suasive,f_58_verb_seem,f_59_contractions,f_60_that_deletion,f_61_stranded_preposition,f_62_split_infinitive,f_63_split_auxiliary,f_64_phrasal_coordination,f_65_clausal_coordination,f_66_neg_synthetic,f_67_neg_analytic
C10-1039,0.0,4.901960784313726,58.8235294117647,0.0,0.0,2.450980392156863,0.0,7.352941176470588,4.901960784313726,0.0,0.0,0.0,14.705882352941176,44.11764705882353,4.901960784313726,257.35294117647055,4.901960784313726,2.450980392156863,4.901960784313726,0.0,2.450980392156863,0.0,0.0,17.156862745098042,7.352941176470588,0.0,2.450980392156863,0.0,9.803921568627452,0.0,0.0,0.0,0.0,2.450980392156863,0.0,0.0,0.0,9.803921568627452,115.19607843137254,107.84313725490196,0.0,61.27450980392157,0.5563725490196079,6.022058823529412,7.352941176470588,2.450980392156863,0.0,4.901960784313726,12.254901960784313,0.0,9.803921568627452,4.901960784313726,0.0,0.0,2.450980392156863,7.352941176470588,2.450980392156863,0.0,0.0,0.0,0.0,2.450980392156863,9.803921568627452,36.76470588235294,4.901960784313726,0.0,2.450980392156863
C10-1054,0.0,4.962779156327543,59.55334987593052,0.0,2.4813895781637716,19.851116625310173,0.0,2.4813895781637716,0.0,0.0,0.0,0.0,12.40694789081886,39.702233250620345,9.925558312655086,258.06451612903226,4.962779156327543,0.0,19.851116625310173,2.4813895781637716,4.962779156327543,0.0,0.0,22.332506203473944,4.962779156327543,0.0,7.444168734491315,0.0,7.444168734491315,0.0,0.0,0.0,0.0,2.4813895781637716,0.0,0.0,0.0,2.4813895781637716,114.14392059553349,114.14392059553349,4.962779156327543,42.183622828784124,0.5125,5.7125,4.962779156327543,0.0,0.0,0.0,2.4813895781637716,0.0,9.925558312655086,0.0,0.0,0.0,2.4813895781637716,9.925558312655086,2.4813895781637716,0.0,0.0,0.0,0.0,2.4813895781637716,2.4813895781637716,22.332506203473944,2.4813895781637716,2.4813895781637716,2.4813895781637716
C10-1082,0.0,2.4813895781637716,62.03473945409429,0.0,0.0,14.88833746898263,0.0,2.4813895781637716,7.444168734491315,2.4813895781637716,0.0,0.0,19.851116625310173,76.92307692307693,4.962779156327543,267.99007444168734,4.962779156327543,0.0,14.88833746898263,0.0,7.444168734491315,0.0,0.0,9.925558312655086,9.925558312655086,0.0,0.0,0.0,12.40694789081886,0.0,0.0,0.0,0.0,2.4813895781637716,0.0,0.0,0.0,2.4813895781637716,133.99503722084367,106.69975186104217,7.444168734491315,27.29528535980149,0.4949748743718593,5.967336683417085,2.4813895781637716,0.0,0.0,0.0,0.0,0.0,12.40694789081886,9.925558312655086,0.0,0.0,0.0,12.40694789081886,4.962779156327543,0.0,0.0,2.4813895781637716,0.0,2.4813895781637716,4.962779156327543,24.81389578163772,2.4813895781637716,0.0,4.962779156327543
C10-1085,0.0,2.457002457002457,71.25307125307125,0.0,0.0,12.285012285012284,0.0,2.457002457002457,0.0,2.457002457002457,0.0,0.0,24.570024570024568,66.33906633906633,22.11302211302211,201.47420147420146,12.285012285012284,0.0,12.285012285012284,2.457002457002457,4.914004914004914,0.0,0.0,14.742014742014742,0.0,0.0,2.457002457002457,2.457002457002457,14.742014742014742,0.0,0.0,0.0,0.0,4.914004914004914,0.0,0.0,0.0,7.371007371007371,130.2211302211302,132.67813267813267,2.457002457002457,51.597051597051596,0.5405405405405406,6.046683046683047,2.457002457002457,2.457002457002457,0.0,0.0,4.914004914004914,0.0,7.371007371007371,4.914004914004914,0.0,0.0,2.457002457002457,9.828009828009828,7.371007371007371,0.0,0.0,0.0,0.0,0.0,7.371007371007371,22.11302211302211,2.457002457002457,0.0,4.914004914004914
C10-1087,0.0,4.750593824228028,52.25653206650831,0.0,0.0,11.876484560570072,0.0,2.375296912114014,4.750593824228028,2.375296912114014,0.0,0.0,16.6270783847981,66.5083135391924,35.62945368171022,232.7790973871734,14.251781472684087,0.0,9.501187648456057,0.0,4.750593824228028,0.0,0.0,11.876484560570072,4.750593824228028,0.0,0.0,0.0,11.876484560570072,0.0,0.0,0.0,2.375296912114014,0.0,0.0,0.0,0.0,7.125890736342043,144.89311163895488,85.5106888361045,2.375296912114014,45.13064133016627,0.49403341288782815,5.883054892601432,2.375296912114014,0.0,0.0,0.0,11.876484560570072,0.0,14.251781472684087,11.876484560570072,2.375296912114014,0.0,2.375296912114014,19.002375296912113,4.750593824228028,0.0,0.0,0.0,0.0,4.750593824228028,14.251781472684087,19.002375296912113,2.375296912114014,0.0,0.0
C10-1130,0.0,4.878048780487805,60.97560975609756,0.0,0.0,9.75609756097561,0.0,2.4390243902439024,4.878048780487805,0.0,0.0,0.0,12.195121951219512,102.4390243902439,2.4390243902439024,251.21951219512195,2.4390243902439024,0.0,9.75609756097561,0.0,2.4390243902439024,0.0,0.0,4.878048780487805,7.317073170731708,0.0,0.0,0.0,7.317073170731708,0.0,0.0,0.0,0.0,2.4390243902439024,0.0,0.0,0.0,4.878048780487805,139.02439024390245,124.39024390243902,2.4390243902439024,51.21951219512195,0.5503685503685504,6.068796068796069,4.878048780487805,0.0,0.0,0.0,4.878048780487805,0.0,17.073170731707318,2.4390243902439024,0.0,0.0,0.0,9.75609756097561,4.878048780487805,0.0,0.0,0.0,0.0,0.0,2.4390243902439024,21.95121951219512,2.4390243902439024,0.0,0.0
C12-1033,0.0,7.092198581560283,52.009456264775416,0.0,2.3640661938534278,14.184397163120567,0.0,7.092198581560283,2.3640661938534278,0.0,0.0,0.0,11.82033096926714,87.47044917257683,7.092198581560283,257.6832151300236,2.3640661938534278,0.0,7.092198581560283,0.0,2.3640661938534278,0.0,0.0,14.184397163120567,2.3640661938534278,0.0,4.7281323877068555,0.0,4.7281323877068555,0.0,0.0,0.0,0.0,7.092198581560283,0.0,0.0,0.0,4.7281323877068555,127.6595744680851,115.83924349881796,4.7281323877068555,37.825059101654844,0.5,5.821428571428571,7.092198581560283,2.3640661938534278,0.0,0.0,7.092198581560283,0.0,16.548463356973993,7.092198581560283,0.0,0.0,0.0,4.7281323877068555,9.456264775413711,0.0,0.0,0.0,0.0,0.0,2.3640661938534278,23.64066193853428,0.0,0.0,2.3640661938534278
C12-1060,0.0,12.01923076923077,67.3076923076923,4.807692307692308,2.403846153846154,14.423076923076923,0.0,2.403846153846154,2.403846153846154,2.403846153846154,0.0,0.0,12.01923076923077,67.3076923076923,2.403846153846154,271.63461538461536,9.615384615384617,4.807692307692308,9.615384615384617,0.0,12.01923076923077,0.0,0.0,9.615384615384617,7.211538461538462,0.0,4.807692307692308,0.0,7.211538461538462,0.0,0.0,0.0,0.0,4.807692307692308,0.0,0.0,0.0,2.403846153846154,132.21153846153845,81.73076923076923,2.403846153846154,24.03846153846154,0.5218446601941747,5.691747572815534,2.403846153846154,2.403846153846154,0.0,0.0,0.0,0.0,21.634615384615383,2.403846153846154,0.0,0.0,7.211538461538462,9.615384615384617,7.211538461538462,0.0,0.0,0.0,0.0,0.0,2.403846153846154,14.423076923076923,0.0,0.0,2.403846153846154
C12-1079,0.0,0.0,55.13784461152882,0.0,0.0,17.543859649122805,0.0,5.012531328320802,0.0,0.0,0.0,0.0,15.037593984962406,62.65664160401002,17.543859649122805,250.62656641604008,7.518796992481203,2.506265664160401,10.025062656641603,0.0,2.506265664160401,0.0,2.506265664160401,20.050125313283207,10.025062656641603,0.0,15.037593984962406,0.0,5.012531328320802,0.0,0.0,0.0,0.0,5.012531328320802,0.0,0.0,0.0,5.012531328320802,132.83208020050125,80.20050125313283,2.506265664160401,37.59398496240601,0.5580808080808081,6.095959595959596,2.506265664160401,0.0,0.0,0.0,0.0,0.0,15.037593984962406,0.0,0.0,0.0,2.506265664160401,17.543859649122805,10.025062656641603,0.0,0.0,0.0,0.0,2.506265664160401,5.012531328320802,22.55639097744361,0.0,0.0,0.0
C12-1089,0.0,12.376237623762377,56.93069306930693,4.9504950495049505,0.0,22.277227722772277,0.0,7.425742574257425,2.4752475247524752,4.9504950495049505,0.0,0.0,19.801980198019802,84.15841584158416,7.425742574257425,225.24752475247524,12.376237623762377,0.0,7.425742574257425,0.0,2.4752475247524752,0.0,0.0,17.32673267326733,2.4752475247524752,0.0,4.9504950495049505,2.4752475247524752,9.900990099009901,0.0,0.0,0.0,0.0,0.0,0.0,0.0,0.0,7.425742574257425,143.56435643564356,86.63366336633663,2.4752475247524752,39.603960396039604,0.5247524752475248,6.012376237623762,0.0,0.0,0.0,0.0,2.4752475247524752,0.0,9.900990099009901,4.9504950495049505,0.0,0.0,2.4752475247524752,7.425742574257425,7.425742574257425,0.0,0.0,0.0,0.0,2.4752475247524752,9.900990099009901,17.32673267326733,2.4752475247524752,0.0,2.4752475247524752
C12-1112,0.0,4.640371229698376,60.324825986078885,2.320185614849188,0.0,13.921113689095128,0.0,16.241299303944317,6.960556844547564,2.320185614849188,0.0,0.0,18.561484918793504,83.52668213457076,13.921113689095128,241.29930394431554,2.320185614849188,0.0,4.640371229698376,0.0,0.0,0.0,2.320185614849188,6.960556844547564,6.960556844547564,0.0,2.320185614849188,2.320185614849188,2.320185614849188,0.0,0.0,0.0,2.320185614849188,2.320185614849188,0.0,0.0,0.0,2.320185614849188,155.4524361948956,127.61020881670534,0.0,48.72389791183294,0.5348837209302325,6.413953488372093,4.640371229698376,4.640371229698376,0.0,0.0,4.640371229698376,0.0,16.241299303944317,2.320185614849188,0.0,0.0,4.640371229698376,4.640371229698376,6.960556844547564,0.0,0.0,0.0,0.0,2.320185614849188,6.960556844547564,11.600928074245939,0.0,0.0,4.640371229698376
C12-1175,0.0,7.481296758104738,54.86284289276808,2.493765586034913,0.0,9.975062344139651,0.0,0.0,4.987531172069826,2.493765586034913,0.0,0.0,12.468827930174564,57.356608478803,17.456359102244388,291.77057356608475,2.493765586034913,0.0,7.481296758104738,0.0,2.493765586034913,0.0,0.0,14.962593516209475,4.987531172069826,2.493765586034913,0.0,0.0,4.987531172069826,0.0,0.0,0.0,0.0,2.493765586034913,0.0,0.0,0.0,2.493765586034913,112.21945137157108,94.76309226932668,4.987531172069826,47.38154613466334,0.505,5.9675,2.493765586034913,0.0,0.0,0.0,7.481296758104738,0.0,14.962593516209475,2.493765586034913,0.0,0.0,0.0,7.481296758104738,7.481296758104738,0.0,0.0,0.0,0.0,2.493765586034913,4.987531172069826,27.43142144638404,2.493765586034913,0.0,0.0
C12-1180,0.0,2.4154589371980677,55.55555555555555,0.0,0.0,0.0,0.0,7.246376811594203,0.0,2.4154589371980677,0.0,0.0,16.908212560386474,55.55555555555555,4.830917874396135,277.77777777777777,2.4154589371980677,0.0,7.246376811594203,0.0,2.4154589371980677,0.0,0.0,9.66183574879227,4.830917874396135,0.0,14.492753623188406,0.0,7.246376811594203,0.0,0.0,0.0,0.0,2.4154589371980677,0.0,0.0,0.0,4.830917874396135,132.85024154589374,82.1256038647343,4.830917874396135,57.971014492753625,0.5289855072463768,5.92512077294686,4.830917874396135,0.0,0.0,0.0,9.66183574879227,0.0,14.492753623188406,4.830917874396135,0.0,2.4154589371980677,0.0,14.492753623188406,9.66183574879227,0.0,0.0,4.830917874396135,0.0,2.4154589371980677,4.830917874396135,24.154589371980677,0.0,0.0,2.4154589371980677
C14-1012,0.0,7.142857142857142,64.28571428571428,0.0,0.0,9.523809523809526,0.0,4.761904761904763,2.3809523809523814,0.0,0.0,0.0,28.57142857142857,45.238095238095234,4.761904761904763,295.23809523809524,2.3809523809523814,0.0,11.904761904761903,0.0,0.0,0.0,0.0,19.04761904761905,7.142857142857142,0.0,2.3809523809523814,14.285714285714285,9.523809523809526,2.3809523809523814,0.0,0.0,0.0,2.3809523809523814,0.0,0.0,0.0,2.3809523809523814,135.7142857142857,88.0952380952381,9.523809523809526,57.14285714285714,0.5288461538461539,5.740384615384615,2.3809523809523814,0.0,0.0,0.0,9.523809523809526,0.0,19.04761904761905,0.0,0.0,0.0,0.0,16.666666666666668,2.3809523809523814,0.0,0.0,0.0,0.0,0.0,0.0,11.904761904761903,2.3809523809523814,0.0,2.3809523809523814
C14-1027,9.852216748768473,2.4630541871921183,54.187192118226605,0.0,0.0,12.315270935960593,0.0,4.926108374384237,4.926108374384237,0.0,0.0,0.0,17.241379310344826,61.576354679802954,4.926108374384237,280.7881773399015,14.778325123152708,4.926108374384237,9.852216748768473,0.0,2.4630541871921183,0.0,0.0,14.778325123152708,7.389162561576354,0.0,0.0,4.926108374384237,4.926108374384237,0.0,2.4630541871921183,0.0,0.0,4.926108374384237,0.0,0.0,0.0,2.4630541871921183,118.22660098522167,64.03940886699507,7.389162561576354,41.87192118226601,0.5555555555555556,5.753086419753086,2.4630541871921183,2.4630541871921183,0.0,0.0,7.389162561576354,0.0,19.704433497536947,0.0,0.0,0.0,2.4630541871921183,9.852216748768473,4.926108374384237,0.0,0.0,0.0,0.0,0.0,4.926108374384237,12.315270935960593,7.389162561576354,0.0,2.4630541871921183
C14-1046,0.0,9.47867298578199,61.611374407582936,0.0,2.3696682464454977,18.95734597156398,0.0,0.0,4.739336492890995,0.0,0.0,0.0,14.218009478672984,56.87203791469194,9.47867298578199,227.48815165876775,7.109004739336492,2.3696682464454977,14.218009478672984,0.0,11.848341232227487,0.0,0.0,9.47867298578199,4.739336492890995,0.0,2.3696682464454977,2.3696682464454977,9.47867298578199,0.0,0.0,0.0,0.0,0.0,0.0,0.0,0.0,2.3696682464454977,146.91943127962085,85.30805687203792,4.739336492890995,54.502369668246445,0.54739336492891,5.860189573459715,7.109004739336492,2.3696682464454977,0.0,0.0,11.848341232227487,0.0,14.218009478672984,9.47867298578199,0.0,0.0,9.47867298578199,7.109004739336492,7.109004739336492,0.0,0.0,0.0,0.0,0.0,2.3696682464454977,21.32701421800948,16.587677725118485,2.3696682464454977,4.739336492890995
C14-1052,0.0,4.784688995215311,50.239234449760765,2.3923444976076556,0.0,7.177033492822967,0.0,2.3923444976076556,2.3923444976076556,0.0,0.0,0.0,14.354066985645934,43.0622009569378,14.354066985645934,260.7655502392344,0.0,0.0,7.177033492822967,0.0,2.3923444976076556,0.0,0.0,11.961722488038278,7.177033492822967,0.0,7.177033492822967,2.3923444976076556,4.784688995215311,0.0,0.0,0.0,0.0,4.784688995215311,0.0,0.0,0.0,7.177033492822967,136.36363636363635,119.61722488038278,0.0,57.41626794258374,0.5611510791366906,6.110311750599521,2.3923444976076556,2.3923444976076556,0.0,0.0,7.177033492822967,0.0,14.354066985645934,7.177033492822967,0.0,0.0,4.784688995215311,7.177033492822967,16.74641148325359,0.0,0.0,2.3923444976076556,0.0,2.3923444976076556,4.784688995215311,14.354066985645934,0.0,0.0,2.3923444976076556
C14-1060,0.0,2.4691358024691357,51.85185185185185,0.0,0.0,17.28395061728395,0.0,19.753086419753085,7.407407407407407,0.0,0.0,0.0,9.876543209876543,61.72839506172839,0.0,254.320987654321,4.938271604938271,0.0,4.938271604938271,0.0,2.4691358024691357,0.0,2.4691358024691357,12.345679012345679,2.4691358024691357,0.0,9.876543209876543,0.0,4.938271604938271,0.0,0.0,0.0,0.0,2.4691358024691357,0.0,0.0,0.0,2.4691358024691357,155.55555555555557,120.98765432098766,4.938271604938271,22.22222222222222,0.5407407407407407,6.076543209876543,7.407407407407407,0.0,0.0,0.0,2.4691358024691357,0.0,17.28395061728395,2.4691358024691357,0.0,0.0,0.0,19.753086419753085,4.938271604938271,0.0,0.0,0.0,0.0,0.0,2.4691358024691357,22.22222222222222,2.4691358024691357,0.0,0.0
C14-1061,0.0,4.866180048661801,70.5596107055961,0.0,0.0,12.165450121654501,0.0,2.4330900243309004,4.866180048661801,2.4330900243309004,0.0,0.0,21.897810218978105,80.2919708029197,12.165450121654501,228.71046228710463,4.866180048661801,0.0,12.165450121654501,0.0,2.4330900243309004,0.0,0.0,24.330900243309003,2.4330900243309004,0.0,2.4330900243309004,0.0,9.732360097323602,0.0,0.0,0.0,0.0,7.299270072992701,0.0,0.0,0.0,4.866180048661801,131.38686131386862,68.1265206812652,4.866180048661801,43.79562043795621,0.5109489051094891,6.004866180048662,4.866180048661801,0.0,0.0,0.0,12.165450121654501,0.0,14.598540145985401,0.0,0.0,0.0,0.0,9.732360097323602,9.732360097323602,0.0,0.0,2.4330900243309004,0.0,2.4330900243309004,4.866180048661801,17.0316301703163,4.866180048661801,0.0,0.0
C14-1067,0.0,2.3255813953488373,60.46511627906977,0.0,0.0,23.25581395348837,0.0,0.0,0.0,4.651162790697675,0.0,0.0,16.27906976744186,67.44186046511628,4.651162790697675,223.25581395348837,13.953488372093023,0.0,6.976744186046512,0.0,2.3255813953488373,0.0,4.651162790697675,18.6046511627907,6.976744186046512,0.0,2.3255813953488373,0.0,6.976744186046512,0.0,0.0,0.0,0.0,4.651162790697675,0.0,0.0,0.0,2.3255813953488373,153.48837209302326,86.04651162790698,4.651162790697675,51.16279069767442,0.47086247086247085,5.783216783216783,6.976744186046512,0.0,0.0,0.0,6.976744186046512,0.0,13.953488372093023,9.30232558139535,0.0,0.0,0.0,6.976744186046512,6.976744186046512,2.3255813953488373,0.0,0.0,0.0,0.0,4.651162790697675,18.6046511627907,4.651162790697675,0.0,2.3255813953488373
C14-1069,0.0,12.106537530266344,75.06053268765133,2.4213075060532687,0.0,2.4213075060532687,0.0,7.263922518159807,7.263922518159807,0.0,0.0,0.0,24.213075060532688,50.84745762711865,36.31961259079903,210.65375302663438,14.527845036319613,0.0,14.527845036319613,0.0,7.263922518159807,0.0,2.4213075060532687,7.263922518159807,2.4213075060532687,2.4213075060532687,2.4213075060532687,2.4213075060532687,12.106537530266344,0.0,0.0,0.0,0.0,7.263922518159807,0.0,0.0,0.0,7.263922518159807,123.48668280871671,135.59322033898306,2.4213075060532687,62.953995157384995,0.5326876513317191,6.2058111380145276,2.4213075060532687,4.842615012106537,0.0,0.0,9.685230024213075,0.0,19.37046004842615,7.263922518159807,0.0,0.0,4.842615012106537,14.527845036319613,9.685230024213075,0.0,0.0,0.0,0.0,0.0,9.685230024213075,9.685230024213075,4.842615012106537,0.0,7.263922518159807
C14-1156,0.0,2.3866348448687353,59.665871121718375,0.0,0.0,16.706443914081145,0.0,0.0,2.3866348448687353,0.0,0.0,0.0,9.546539379474941,45.346062052505964,4.773269689737471,272.07637231503577,4.773269689737471,0.0,9.546539379474941,0.0,7.159904534606206,0.0,0.0,19.093078758949883,9.546539379474941,0.0,2.3866348448687353,2.3866348448687353,7.159904534606206,0.0,0.0,0.0,0.0,2.3866348448687353,0.0,0.0,0.0,9.546539379474941,116.94510739856801,69.21241050119332,2.3866348448687353,62.05250596658711,0.5649038461538461,5.9639423076923075,4.773269689737471,2.3866348448687353,0.0,2.3866348448687353,2.3866348448687353,0.0,11.933174224343675,2.3866348448687353,0.0,0.0,2.3866348448687353,11.933174224343675,4.773269689737471,0.0,0.0,0.0,0.0,4.773269689737471,9.546539379474941,19.093078758949883,2.3866348448687353,0.0,2.3866348448687353
C14-1180,0.0,2.336448598130841,60.74766355140187,0.0,0.0,4.672897196261682,0.0,2.336448598130841,4.672897196261682,0.0,0.0,0.0,14.018691588785046,100.46728971962617,7.009345794392523,266.3551401869159,2.336448598130841,4.672897196261682,4.672897196261682,0.0,2.336448598130841,0.0,0.0,11.682242990654204,4.672897196261682,0.0,2.336448598130841,0.0,2.336448598130841,0.0,0.0,0.0,0.0,7.009345794392523,0.0,0.0,0.0,0.0,109.81308411214953,93.45794392523364,2.336448598130841,56.074766355140184,0.5529411764705883,6.183529411764706,2.336448598130841,2.336448598130841,0.0,0.0,2.336448598130841,0.0,18.69158878504673,0.0,0.0,2.336448598130841,0.0,7.009345794392523,14.018691588785046,0.0,0.0,2.336448598130841,0.0,4.672897196261682,11.682242990654204,11.682242990654204,0.0,0.0,2.336448598130841
C16-1043,0.0,7.177033492822967,66.98564593301435,0.0,0.0,26.31578947368421,0.0,0.0,2.3923444976076556,0.0,0.0,0.0,19.138755980861244,47.84688995215311,4.784688995215311,263.1578947368421,4.784688995215311,4.784688995215311,9.569377990430622,0.0,4.784688995215311,0.0,2.3923444976076556,21.5311004784689,2.3923444976076556,0.0,7.177033492822967,0.0,9.569377990430622,0.0,0.0,0.0,0.0,2.3923444976076556,0.0,0.0,0.0,2.3923444976076556,126.79425837320574,64.5933014354067,0.0,64.5933014354067,0.5143540669856459,5.696172248803828,4.784688995215311,4.784688995215311,0.0,0.0,2.3923444976076556,0.0,16.74641148325359,4.784688995215311,0.0,0.0,2.3923444976076556,7.177033492822967,7.177033492822967,0.0,0.0,0.0,0.0,2.3923444976076556,4.784688995215311,19.138755980861244,2.3923444976076556,0.0,4.784688995215311
C16-1071,0.0,2.3696682464454977,61.611374407582936,2.3696682464454977,0.0,9.47867298578199,0.0,4.739336492890995,2.3696682464454977,4.739336492890995,0.0,0.0,16.587677725118485,54.502369668246445,9.47867298578199,289.0995260663507,4.739336492890995,2.3696682464454977,4.739336492890995,0.0,2.3696682464454977,0.0,0.0,4.739336492890995,4.739336492890995,0.0,9.47867298578199,4.739336492890995,11.848341232227487,2.3696682464454977,0.0,0.0,0.0,0.0,0.0,0.0,0.0,2.3696682464454977,132.70142180094788,123.22274881516587,0.0,42.65402843601896,0.5771971496437055,6.344418052256532,2.3696682464454977,2.3696682464454977,0.0,2.3696682464454977,4.739336492890995,0.0,9.47867298578199,4.739336492890995,0.0,0.0,0.0,4.739336492890995,2.3696682464454977,0.0,0.0,0.0,0.0,0.0,2.3696682464454977,16.587677725118485,2.3696682464454977,0.0,2.3696682464454977
C16-1137,0.0,4.807692307692308,62.5,4.807692307692308,0.0,16.826923076923077,0.0,4.807692307692308,0.0,0.0,0.0,0.0,26.442307692307693,52.88461538461539,12.01923076923077,278.84615384615387,7.211538461538462,0.0,14.423076923076923,0.0,2.403846153846154,0.0,0.0,7.211538461538462,2.403846153846154,0.0,2.403846153846154,0.0,14.423076923076923,0.0,0.0,0.0,2.403846153846154,2.403846153846154,0.0,0.0,0.0,2.403846153846154,117.78846153846153,108.17307692307693,9.615384615384617,52.88461538461539,0.48426150121065376,5.910411622276029,4.807692307692308,2.403846153846154,0.0,0.0,7.211538461538462,0.0,19.230769230769234,4.807692307692308,0.0,0.0,0.0,12.01923076923077,7.211538461538462,0.0,0.0,0.0,0.0,0.0,0.0,7.211538461538462,0.0,0.0,4.807692307692308
C16-1142,0.0,2.4752475247524752,54.45544554455446,2.4752475247524752,0.0,4.9504950495049505,0.0,0.0,4.9504950495049505,0.0,0.0,0.0,19.801980198019802,39.603960396039604,12.376237623762377,267.3267326732673,7.425742574257425,0.0,7.425742574257425,0.0,0.0,0.0,0.0,14.85148514851485,2.4752475247524752,0.0,2.4752475247524752,0.0,2.4752475247524752,0.0,0.0,0.0,2.4752475247524752,2.4752475247524752,0.0,0.0,0.0,9.900990099009901,128.7128712871287,143.56435643564356,0.0,42.07920792079208,0.5235732009925558,6.1786600496277915,2.4752475247524752,2.4752475247524752,0.0,0.0,4.9504950495049505,0.0,17.32673267326733,4.9504950495049505,0.0,0.0,0.0,4.9504950495049505,0.0,0.0,0.0,0.0,0.0,0.0,7.425742574257425,12.376237623762377,0.0,0.0,2.4752475247524752
C16-1175,0.0,9.569377990430622,83.73205741626795,0.0,0.0,14.354066985645934,0.0,7.177033492822967,4.784688995215311,2.3923444976076556,0.0,0.0,16.74641148325359,62.20095693779904,16.74641148325359,222.48803827751195,9.569377990430622,7.177033492822967,9.569377990430622,0.0,9.569377990430622,0.0,4.784688995215311,4.784688995215311,0.0,0.0,4.784688995215311,4.784688995215311,4.784688995215311,0.0,0.0,0.0,2.3923444976076556,4.784688995215311,2.3923444976076556,0.0,0.0,4.784688995215311,107.6555023923445,131.57894736842104,0.0,59.80861244019139,0.49521531100478466,5.849282296650718,4.784688995215311,0.0,0.0,2.3923444976076556,9.569377990430622,0.0,14.354066985645934,7.177033492822967,0.0,0.0,11.961722488038278,9.569377990430622,7.177033492822967,0.0,0.0,0.0,2.3923444976076556,0.0,2.3923444976076556,21.5311004784689,0.0,0.0,7.177033492822967
C16-1202,0.0,4.807692307692308,50.48076923076923,2.403846153846154,0.0,0.0,0.0,7.211538461538462,0.0,2.403846153846154,0.0,0.0,16.826923076923077,110.57692307692307,14.423076923076923,228.3653846153846,14.423076923076923,0.0,4.807692307692308,0.0,0.0,0.0,0.0,14.423076923076923,12.01923076923077,0.0,7.211538461538462,0.0,14.423076923076923,0.0,0.0,0.0,0.0,2.403846153846154,0.0,0.0,0.0,4.807692307692308,125.0,69.71153846153847,2.403846153846154,40.86538461538461,0.5625,6.1514423076923075,16.826923076923077,2.403846153846154,0.0,0.0,2.403846153846154,0.0,12.01923076923077,7.211538461538462,0.0,0.0,0.0,14.423076923076923,12.01923076923077,0.0,0.0,4.807692307692308,0.0,0.0,4.807692307692308,45.67307692307692,4.807692307692308,0.0,4.807692307692308
C16-1208,0.0,4.987531172069826,64.83790523690773,0.0,0.0,17.456359102244388,0.0,9.975062344139651,2.493765586034913,0.0,0.0,0.0,22.443890274314214,49.87531172069826,2.493765586034913,286.78304239401496,4.987531172069826,2.493765586034913,7.481296758104738,2.493765586034913,2.493765586034913,0.0,7.481296758104738,17.456359102244388,4.987531172069826,0.0,2.493765586034913,9.975062344139651,9.975062344139651,0.0,0.0,0.0,0.0,4.987531172069826,0.0,0.0,0.0,4.987531172069826,107.23192019950125,94.76309226932668,4.987531172069826,39.900249376558605,0.5363408521303258,5.834586466165414,4.987531172069826,0.0,0.0,0.0,4.987531172069826,0.0,17.456359102244388,7.481296758104738,0.0,0.0,0.0,14.962593516209475,4.987531172069826,0.0,0.0,0.0,0.0,0.0,0.0,14.962593516209475,2.493765586034913,0.0,2.493765586034913
C16-1287,0.0,4.901960784313726,56.372549019607845,12.254901960784313,0.0,0.0,0.0,2.450980392156863,9.803921568627452,0.0,0.0,0.0,17.156862745098042,71.07843137254902,9.803921568627452,242.64705882352942,7.352941176470588,0.0,7.352941176470588,0.0,0.0,0.0,0.0,12.254901960784313,4.901960784313726,0.0,0.0,0.0,9.803921568627452,0.0,0.0,0.0,0.0,2.450980392156863,0.0,0.0,0.0,0.0,137.25490196078434,115.19607843137254,0.0,51.470588235294116,0.5728395061728395,6.0395061728395065,2.450980392156863,4.901960784313726,0.0,4.901960784313726,2.450980392156863,0.0,22.058823529411764,4.901960784313726,0.0,0.0,0.0,4.901960784313726,2.450980392156863,0.0,0.0,0.0,0.0,0.0,4.901960784313726,22.058823529411764,4.901960784313726,0.0,4.901960784313726
C16-1314,0.0,7.462686567164179,54.72636815920398,2.487562189054726,0.0,14.925373134328359,0.0,2.487562189054726,4.975124378109452,4.975124378109452,0.0,0.0,9.950248756218905,57.21393034825871,12.437810945273633,298.5074626865671,4.975124378109452,0.0,7.462686567164179,0.0,2.487562189054726,0.0,0.0,9.950248756218905,2.487562189054726,0.0,0.0,0.0,2.487562189054726,0.0,2.487562189054726,0.0,0.0,4.975124378109452,0.0,0.0,0.0,2.487562189054726,131.8407960199005,129.35323383084577,0.0,29.850746268656717,0.5386533665835411,5.965087281795511,4.975124378109452,4.975124378109452,0.0,0.0,0.0,0.0,14.925373134328359,2.487562189054726,0.0,0.0,7.462686567164179,14.925373134328359,4.975124378109452,0.0,0.0,0.0,0.0,0.0,0.0,22.388059701492537,0.0,0.0,4.975124378109452
C16-1328,0.0,2.331002331002331,65.26806526806527,2.331002331002331,0.0,6.993006993006993,0.0,0.0,0.0,4.662004662004662,0.0,0.0,23.31002331002331,53.613053613053616,11.655011655011656,272.7272727272727,4.662004662004662,0.0,13.986013986013987,2.331002331002331,6.993006993006993,0.0,2.331002331002331,6.993006993006993,4.662004662004662,0.0,2.331002331002331,0.0,9.324009324009324,0.0,0.0,0.0,0.0,6.993006993006993,0.0,0.0,0.0,2.331002331002331,146.85314685314685,107.22610722610723,4.662004662004662,51.28205128205128,0.5245901639344263,6.105386416861827,4.662004662004662,4.662004662004662,0.0,0.0,6.993006993006993,0.0,16.317016317016318,6.993006993006993,0.0,0.0,0.0,9.324009324009324,0.0,0.0,0.0,0.0,0.0,0.0,0.0,16.317016317016318,4.662004662004662,0.0,4.662004662004662
C16-1330,0.0,7.537688442211055,60.30150753768844,5.025125628140704,0.0,20.100502512562816,0.0,2.512562814070352,2.512562814070352,7.537688442211055,0.0,0.0,12.56281407035176,27.638190954773872,10.050251256281408,298.9949748743719,10.050251256281408,5.025125628140704,12.56281407035176,0.0,10.050251256281408,0.0,0.0,20.100502512562816,10.050251256281408,0.0,2.512562814070352,0.0,5.025125628140704,0.0,0.0,0.0,0.0,2.512562814070352,0.0,0.0,0.0,5.025125628140704,128.14070351758795,65.32663316582915,0.0,55.276381909547744,0.5382653061224489,5.38265306122449,5.025125628140704,5.025125628140704,0.0,0.0,10.050251256281408,0.0,12.56281407035176,0.0,5.025125628140704,0.0,7.537688442211055,10.050251256281408,7.537688442211055,0.0,0.0,0.0,0.0,0.0,10.050251256281408,12.56281407035176,2.512562814070352,0.0,0.0
C18-1087,0.0,2.444987775061125,46.45476772616137,4.88997555012225,0.0,2.444987775061125,0.0,0.0,4.88997555012225,2.444987775061125,0.0,0.0,14.669926650366747,88.0195599022005,4.88997555012225,239.6088019559902,9.7799511002445,0.0,14.669926650366747,0.0,0.0,0.0,0.0,19.559902200489,4.88997555012225,0.0,2.444987775061125,0.0,9.7799511002445,0.0,0.0,0.0,0.0,4.88997555012225,0.0,0.0,0.0,0.0,124.69437652811736,92.90953545232274,2.444987775061125,39.119804400978,0.5232273838630807,6.10757946210269,4.88997555012225,2.444987775061125,0.0,2.444987775061125,9.7799511002445,0.0,17.114914425427873,4.88997555012225,2.444987775061125,0.0,0.0,4.88997555012225,7.334963325183374,0.0,0.0,4.88997555012225,2.444987775061125,0.0,0.0,29.339853300733495,0.0,0.0,4.88997555012225
C18-1105,0.0,0.0,52.50596658711217,4.773269689737471,0.0,11.933174224343675,0.0,2.3866348448687353,0.0,0.0,0.0,0.0,9.546539379474941,71.59904534606206,14.319809069212411,293.5560859188544,4.773269689737471,0.0,9.546539379474941,0.0,4.773269689737471,0.0,0.0,11.933174224343675,9.546539379474941,0.0,0.0,2.3866348448687353,2.3866348448687353,0.0,0.0,0.0,0.0,4.773269689737471,0.0,0.0,0.0,2.3866348448687353,121.71837708830549,90.69212410501193,4.773269689737471,64.43914081145586,0.5734939759036145,6.510843373493976,4.773269689737471,7.159904534606206,0.0,0.0,0.0,0.0,14.319809069212411,2.3866348448687353,2.3866348448687353,0.0,4.773269689737471,11.933174224343675,2.3866348448687353,0.0,0.0,0.0,0.0,0.0,2.3866348448687353,11.933174224343675,0.0,0.0,4.773269689737471
C18-1146,0.0,7.481296758104738,57.356608478803,0.0,0.0,12.468827930174564,0.0,4.987531172069826,2.493765586034913,2.493765586034913,0.0,0.0,12.468827930174564,57.356608478803,4.987531172069826,259.3516209476309,4.987531172069826,2.493765586034913,7.481296758104738,2.493765586034913,4.987531172069826,0.0,0.0,19.950124688279303,7.481296758104738,0.0,0.0,0.0,4.987531172069826,0.0,0.0,0.0,0.0,7.481296758104738,0.0,0.0,0.0,2.493765586034913,122.19451371571071,97.25685785536159,7.481296758104738,49.87531172069826,0.5527638190954773,5.994974874371859,7.481296758104738,4.987531172069826,0.0,2.493765586034913,2.493765586034913,0.0,17.456359102244388,7.481296758104738,0.0,0.0,0.0,9.975062344139651,7.481296758104738,0.0,0.0,0.0,0.0,2.493765586034913,4.987531172069826,22.443890274314214,2.493765586034913,0.0,7.481296758104738
C18-1152,0.0,0.0,71.25307125307125,0.0,0.0,19.656019656019655,0.0,12.285012285012284,12.285012285012284,0.0,0.0,0.0,19.656019656019655,76.16707616707617,22.11302211302211,218.67321867321868,7.371007371007371,0.0,14.742014742014742,0.0,4.914004914004914,0.0,0.0,24.570024570024568,7.371007371007371,0.0,4.914004914004914,2.457002457002457,9.828009828009828,0.0,0.0,0.0,0.0,0.0,0.0,0.0,0.0,2.457002457002457,122.85012285012286,100.73710073710073,7.371007371007371,36.85503685503686,0.5184275184275184,6.054054054054054,7.371007371007371,0.0,0.0,0.0,7.371007371007371,0.0,22.11302211302211,4.914004914004914,0.0,0.0,0.0,9.828009828009828,7.371007371007371,0.0,0.0,0.0,0.0,2.457002457002457,2.457002457002457,29.484029484029485,0.0,0.0,0.0
C18-1223,4.819277108433735,0.0,57.83132530120482,7.228915662650603,0.0,14.457831325301205,0.0,2.4096385542168677,0.0,2.4096385542168677,0.0,0.0,16.867469879518072,55.42168674698795,7.228915662650603,260.2409638554217,9.63855421686747,0.0,14.457831325301205,0.0,9.63855421686747,0.0,0.0,12.048192771084338,4.819277108433735,0.0,2.4096385542168677,2.4096385542168677,7.228915662650603,0.0,0.0,0.0,0.0,4.819277108433735,0.0,2.4096385542168677,0.0,7.228915662650603,127.71084337349397,93.97590361445783,9.63855421686747,36.144578313253014,0.5794621026894865,6.039119804400978,2.4096385542168677,0.0,0.0,0.0,2.4096385542168677,0.0,26.50602409638554,14.457831325301205,0.0,0.0,7.228915662650603,12.048192771084338,12.048192771084338,0.0,0.0,0.0,0.0,2.4096385542168677,4.819277108433735,12.048192771084338,0.0,0.0,2.4096385542168677
C18-1291,0.0,2.4752475247524752,44.554455445544555,0.0,2.4752475247524752,22.277227722772277,0.0,4.9504950495049505,0.0,2.4752475247524752,0.0,0.0,12.376237623762377,71.78217821782178,27.22772277227723,230.1980198019802,2.4752475247524752,0.0,9.900990099009901,0.0,4.9504950495049505,0.0,0.0,22.277227722772277,4.9504950495049505,0.0,0.0,0.0,4.9504950495049505,0.0,0.0,0.0,0.0,0.0,0.0,0.0,0.0,0.0,138.61386138613864,123.76237623762376,4.9504950495049505,39.603960396039604,0.5049751243781094,5.778606965174129,2.4752475247524752,2.4752475247524752,0.0,0.0,4.9504950495049505,0.0,12.376237623762377,4.9504950495049505,0.0,0.0,0.0,17.32673267326733,7.425742574257425,0.0,0.0,0.0,0.0,4.9504950495049505,7.425742574257425,14.85148514851485,2.4752475247524752,0.0,0.0
C18-1313,0.0,2.4813895781637716,59.55334987593052,4.962779156327543,0.0,12.40694789081886,0.0,4.962779156327543,0.0,0.0,0.0,0.0,17.3697270471464,96.77419354838709,14.88833746898263,265.50868486352357,4.962779156327543,0.0,2.4813895781637716,0.0,2.4813895781637716,0.0,0.0,7.444168734491315,4.962779156327543,0.0,14.88833746898263,4.962779156327543,7.444168734491315,0.0,0.0,0.0,0.0,9.925558312655086,0.0,0.0,0.0,2.4813895781637716,129.03225806451613,99.25558312655087,0.0,27.29528535980149,0.5422885572139303,6.106965174129353,4.962779156327543,2.4813895781637716,0.0,0.0,4.962779156327543,0.0,14.88833746898263,0.0,0.0,0.0,2.4813895781637716,4.962779156327543,0.0,0.0,0.0,0.0,0.0,0.0,0.0,14.88833746898263,4.962779156327543,0.0,2.4813895781637716
D09-1002,0.0,0.0,63.725490196078425,2.450980392156863,0.0,24.509803921568626,0.0,2.450980392156863,4.901960784313726,2.450980392156863,0.0,0.0,22.058823529411764,34.313725490196084,24.509803921568626,245.09803921568627,7.352941176470588,0.0,7.352941176470588,0.0,2.450980392156863,0.0,0.0,17.156862745098042,2.450980392156863,0.0,4.901960784313726,0.0,4.901960784313726,0.0,0.0,0.0,2.450980392156863,4.901960784313726,0.0,0.0,0.0,0.0,127.45098039215685,127.45098039215685,2.450980392156863,56.372549019607845,0.515970515970516,5.594594594594595,2.450980392156863,2.450980392156863,0.0,0.0,4.901960784313726,0.0,14.705882352941176,0.0,0.0,2.450980392156863,0.0,7.352941176470588,4.901960784313726,0.0,0.0,0.0,0.0,0.0,2.450980392156863,22.058823529411764,4.901960784313726,0.0,4.901960784313726
D09-1009,0.0,4.7281323877068555,59.1016548463357,0.0,0.0,21.27659574468085,0.0,2.3640661938534278,0.0,0.0,0.0,2.3640661938534278,16.548463356973993,47.28132387706856,26.004728132387708,260.04728132387703,4.7281323877068555,0.0,7.092198581560283,0.0,9.456264775413711,0.0,4.7281323877068555,11.82033096926714,9.456264775413711,0.0,4.7281323877068555,0.0,4.7281323877068555,0.0,0.0,0.0,0.0,0.0,0.0,0.0,0.0,4.7281323877068555,120.56737588652481,94.56264775413712,2.3640661938534278,66.19385342789597,0.5153664302600472,5.92434988179669,7.092198581560283,2.3640661938534278,0.0,0.0,14.184397163120567,0.0,11.82033096926714,11.82033096926714,0.0,0.0,2.3640661938534278,14.184397163120567,11.82033096926714,0.0,0.0,0.0,0.0,0.0,2.3640661938534278,16.548463356973993,0.0,0.0,2.3640661938534278
D09-1012,0.0,5.0,55.0,0.0,0.0,12.5,0.0,2.5,2.5,0.0,0.0,0.0,15.0,55.0,10.0,297.5,7.5,0.0,0.0,0.0,2.5,0.0,0.0,22.5,7.5,0.0,2.5,2.5,5.0,0.0,0.0,0.0,0.0,5.0,0.0,0.0,0.0,5.0,100.0,80.0,0.0,57.5,0.5588972431077694,5.979949874686716,2.5,5.0,0.0,0.0,10.0,0.0,15.0,7.5,0.0,0.0,2.5,17.5,5.0,0.0,0.0,2.5,0.0,0.0,5.0,15.0,0.0,0.0,5.0
D09-1029,0.0,4.914004914004914,51.597051597051596,2.457002457002457,0.0,12.285012285012284,0.0,2.457002457002457,4.914004914004914,0.0,0.0,0.0,9.828009828009828,46.68304668304668,14.742014742014742,245.70024570024572,12.285012285012284,0.0,7.371007371007371,0.0,4.914004914004914,0.0,0.0,9.828009828009828,9.828009828009828,0.0,2.457002457002457,0.0,4.914004914004914,0.0,0.0,0.0,2.457002457002457,0.0,0.0,0.0,0.0,0.0,142.5061425061425,117.93611793611794,0.0,54.054054054054056,0.5420792079207921,5.826732673267327,4.914004914004914,4.914004914004914,0.0,0.0,7.371007371007371,0.0,19.656019656019655,2.457002457002457,0.0,0.0,4.914004914004914,4.914004914004914,2.457002457002457,0.0,0.0,0.0,0.0,4.914004914004914,7.371007371007371,17.1990171990172,0.0,0.0,4.914004914004914
D09-1084,0.0,0.0,68.18181818181817,4.545454545454545,2.2727272727272725,20.454545454545453,0.0,2.2727272727272725,2.2727272727272725,0.0,0.0,0.0,22.727272727272727,52.272727272727266,11.363636363636363,256.8181818181818,11.363636363636363,0.0,11.363636363636363,2.2727272727272725,2.2727272727272725,0.0,2.2727272727272725,6.8181818181818175,9.09090909090909,0.0,2.2727272727272725,0.0,9.09090909090909,2.2727272727272725,0.0,0.0,0.0,6.8181818181818175,0.0,0.0,0.0,0.0,136.36363636363635,127.27272727272727,2.2727272727272725,45.45454545454545,0.5273972602739726,5.97945205479452,4.545454545454545,4.545454545454545,0.0,0.0,4.545454545454545,0.0,13.636363636363635,2.2727272727272725,0.0,0.0,0.0,4.545454545454545,2.2727272727272725,0.0,0.0,0.0,0.0,0.0,4.545454545454545,9.09090909090909,2.2727272727272725,0.0,4.545454545454545
D09-1085,0.0,7.371007371007371,66.33906633906633,2.457002457002457,0.0,4.914004914004914,0.0,4.914004914004914,4.914004914004914,0.0,0.0,0.0,19.656019656019655,49.140049140049136,2.457002457002457,262.8992628992629,12.285012285012284,0.0,9.828009828009828,0.0,0.0,0.0,0.0,14.742014742014742,2.457002457002457,0.0,4.914004914004914,0.0,12.285012285012284,0.0,0.0,0.0,0.0,2.457002457002457,0.0,0.0,0.0,7.371007371007371,140.04914004914005,115.47911547911548,7.371007371007371,51.597051597051596,0.5371287128712872,6.064356435643564,4.914004914004914,0.0,0.0,0.0,4.914004914004914,0.0,24.570024570024568,2.457002457002457,0.0,0.0,0.0,12.285012285012284,4.914004914004914,0.0,0.0,0.0,0.0,0.0,7.371007371007371,9.828009828009828,0.0,0.0,4.914004914004914
D09-1151,0.0,2.375296912114014,71.25890736342043,0.0,4.750593824228028,0.0,0.0,7.125890736342043,11.876484560570072,2.375296912114014,0.0,0.0,21.377672209026127,42.75534441805225,4.750593824228028,254.15676959619955,9.501187648456057,0.0,11.876484560570072,0.0,4.750593824228028,0.0,2.375296912114014,4.750593824228028,2.375296912114014,0.0,7.125890736342043,0.0,7.125890736342043,0.0,0.0,0.0,0.0,2.375296912114014,2.375296912114014,0.0,0.0,4.750593824228028,130.64133016627076,109.26365795724466,0.0,64.13301662707839,0.46080760095011875,5.864608076009501,2.375296912114014,2.375296912114014,0.0,2.375296912114014,4.750593824228028,0.0,7.125890736342043,2.375296912114014,0.0,0.0,4.750593824228028,9.501187648456057,14.251781472684087,0.0,0.0,0.0,0.0,0.0,0.0,14.251781472684087,2.375296912114014,2.375296912114014,4.750593824228028
D09-1152,0.0,4.830917874396135,65.21739130434783,0.0,0.0,9.66183574879227,0.0,7.246376811594203,0.0,0.0,2.4154589371980677,0.0,31.40096618357488,60.386473429951685,12.077294685990339,251.20772946859904,12.077294685990339,2.4154589371980677,7.246376811594203,0.0,4.830917874396135,0.0,0.0,7.246376811594203,2.4154589371980677,2.4154589371980677,0.0,0.0,19.32367149758454,0.0,0.0,0.0,0.0,7.246376811594203,0.0,0.0,0.0,0.0,125.60386473429952,113.52657004830918,2.4154589371980677,50.72463768115942,0.5569007263922519,6.186440677966102,2.4154589371980677,0.0,0.0,0.0,4.830917874396135,0.0,12.077294685990339,12.077294685990339,0.0,2.4154589371980677,2.4154589371980677,7.246376811594203,9.66183574879227,2.4154589371980677,0.0,0.0,0.0,0.0,2.4154589371980677,12.077294685990339,4.830917874396135,0.0,4.830917874396135
D09-1158,0.0,4.796163069544364,59.95203836930456,2.398081534772182,0.0,14.388489208633095,0.0,2.398081534772182,7.194244604316547,4.796163069544364,0.0,0.0,16.786570743405274,50.35971223021583,11.990407673860911,261.3908872901678,14.388489208633095,0.0,19.184652278177456,0.0,2.398081534772182,0.0,0.0,26.378896882494004,7.194244604316547,0.0,2.398081534772182,0.0,4.796163069544364,0.0,0.0,0.0,0.0,4.796163069544364,2.398081534772182,0.0,0.0,4.796163069544364,129.49640287769785,64.74820143884892,2.398081534772182,57.55395683453238,0.5299760191846523,5.541966426858513,4.796163069544364,0.0,0.0,4.796163069544364,0.0,0.0,11.990407673860911,7.194244604316547,0.0,0.0,0.0,7.194244604316547,2.398081534772182,0.0,0.0,0.0,0.0,0.0,9.592326139088728,19.184652278177456,0.0,0.0,0.0
D10-1038,0.0,2.3866348448687353,57.279236276849645,2.3866348448687353,0.0,14.319809069212411,0.0,14.319809069212411,4.773269689737471,2.3866348448687353,0.0,0.0,14.319809069212411,62.05250596658711,9.546539379474941,284.00954653937947,7.159904534606206,2.3866348448687353,7.159904534606206,2.3866348448687353,2.3866348448687353,0.0,0.0,19.093078758949883,2.3866348448687353,2.3866348448687353,4.773269689737471,2.3866348448687353,11.933174224343675,0.0,0.0,0.0,0.0,0.0,0.0,0.0,0.0,4.773269689737471,143.1980906921241,66.82577565632458,2.3866348448687353,33.41288782816229,0.5526315789473685,5.842105263157895,4.773269689737471,2.3866348448687353,0.0,0.0,2.3866348448687353,0.0,21.479713603818613,2.3866348448687353,0.0,0.0,0.0,16.706443914081145,7.159904534606206,0.0,0.0,0.0,0.0,0.0,0.0,16.706443914081145,0.0,0.0,2.3866348448687353
D10-1053,2.4154589371980677,9.66183574879227,55.55555555555555,2.4154589371980677,0.0,19.32367149758454,0.0,7.246376811594203,0.0,0.0,0.0,2.4154589371980677,14.492753623188406,103.86473429951691,4.830917874396135,224.63768115942028,4.830917874396135,0.0,2.4154589371980677,0.0,7.246376811594203,0.0,0.0,9.66183574879227,7.246376811594203,0.0,16.908212560386474,2.4154589371980677,12.077294685990339,0.0,0.0,0.0,0.0,0.0,0.0,0.0,0.0,2.4154589371980677,137.68115942028984,111.1111111111111,0.0,55.55555555555555,0.533816425120773,6.154589371980676,0.0,4.830917874396135,0.0,0.0,7.246376811594203,0.0,16.908212560386474,7.246376811594203,0.0,0.0,4.830917874396135,7.246376811594203,9.66183574879227,0.0,0.0,0.0,2.4154589371980677,2.4154589371980677,9.66183574879227,14.492753623188406,0.0,0.0,2.4154589371980677
D10-1117,0.0,14.669926650366747,58.67970660146699,0.0,0.0,14.669926650366747,0.0,7.334963325183374,0.0,4.88997555012225,0.0,0.0,14.669926650366747,44.00977995110025,12.224938875305625,239.6088019559902,7.334963325183374,0.0,14.669926650366747,0.0,2.444987775061125,0.0,0.0,29.339853300733495,0.0,0.0,7.334963325183374,0.0,4.88997555012225,0.0,0.0,0.0,0.0,4.88997555012225,0.0,0.0,0.0,4.88997555012225,119.8044009779951,127.13936430317848,2.444987775061125,63.56968215158924,0.5452322738386308,5.841075794621027,2.444987775061125,0.0,0.0,0.0,7.334963325183374,0.0,14.669926650366747,2.444987775061125,0.0,0.0,0.0,12.224938875305625,2.444987775061125,0.0,0.0,0.0,0.0,0.0,7.334963325183374,22.004889975550125,2.444987775061125,0.0,4.88997555012225
D10-1119,0.0,4.784688995215311,52.63157894736842,2.3923444976076556,2.3923444976076556,26.31578947368421,0.0,4.784688995215311,2.3923444976076556,2.3923444976076556,0.0,0.0,14.354066985645934,52.63157894736842,19.138755980861244,251.1961722488038,7.177033492822967,0.0,4.784688995215311,0.0,7.177033492822967,0.0,0.0,11.961722488038278,9.569377990430622,0.0,0.0,2.3923444976076556,9.569377990430622,0.0,0.0,0.0,0.0,2.3923444976076556,0.0,0.0,0.0,4.784688995215311,129.1866028708134,107.6555023923445,0.0,40.66985645933014,0.5334928229665071,5.990430622009569,4.784688995215311,4.784688995215311,0.0,0.0,4.784688995215311,0.0,14.354066985645934,7.177033492822967,0.0,0.0,4.784688995215311,14.354066985645934,9.569377990430622,0.0,0.0,0.0,0.0,0.0,0.0,21.5311004784689,0.0,0.0,4.784688995215311
D11-1043,0.0,9.280742459396752,55.68445475638051,6.960556844547564,0.0,23.201856148491878,0.0,2.320185614849188,6.960556844547564,2.320185614849188,0.0,0.0,6.960556844547564,92.80742459396751,16.241299303944317,213.4570765661253,4.640371229698376,0.0,11.600928074245939,0.0,9.280742459396752,0.0,0.0,16.241299303944317,0.0,0.0,0.0,2.320185614849188,4.640371229698376,0.0,0.0,0.0,0.0,0.0,0.0,0.0,0.0,4.640371229698376,132.2505800464037,71.92575406032482,2.320185614849188,46.403712296983755,0.5359628770301624,6.018561484918793,4.640371229698376,0.0,0.0,0.0,11.600928074245939,0.0,11.600928074245939,6.960556844547564,0.0,2.320185614849188,2.320185614849188,9.280742459396752,6.960556844547564,0.0,0.0,0.0,0.0,0.0,6.960556844547564,23.201856148491878,2.320185614849188,0.0,4.640371229698376
D11-1112,0.0,7.228915662650603,53.01204819277108,0.0,0.0,14.457831325301205,0.0,4.819277108433735,2.4096385542168677,2.4096385542168677,0.0,0.0,16.867469879518072,79.51807228915662,9.63855421686747,231.32530120481928,9.63855421686747,0.0,14.457831325301205,2.4096385542168677,2.4096385542168677,0.0,0.0,2.4096385542168677,7.228915662650603,2.4096385542168677,0.0,0.0,9.63855421686747,0.0,0.0,0.0,0.0,2.4096385542168677,0.0,0.0,0.0,2.4096385542168677,163.855421686747,84.33734939759036,4.819277108433735,45.78313253012048,0.5253012048192771,5.855421686746988,7.228915662650603,4.819277108433735,0.0,0.0,7.228915662650603,0.0,12.048192771084338,4.819277108433735,0.0,0.0,0.0,7.228915662650603,4.819277108433735,2.4096385542168677,0.0,0.0,0.0,0.0,2.4096385542168677,9.63855421686747,2.4096385542168677,0.0,4.819277108433735
D11-1124,0.0,2.4390243902439024,56.09756097560976,2.4390243902439024,0.0,4.878048780487805,0.0,2.4390243902439024,2.4390243902439024,2.4390243902439024,0.0,0.0,9.75609756097561,39.02439024390244,2.4390243902439024,280.4878048780488,0.0,2.4390243902439024,7.317073170731708,0.0,4.878048780487805,0.0,0.0,12.195121951219512,17.073170731707318,0.0,0.0,0.0,7.317073170731708,0.0,0.0,0.0,0.0,0.0,0.0,0.0,0.0,4.878048780487805,117.07317073170732,60.97560975609756,4.878048780487805,63.41463414634146,0.547911547911548,5.921375921375922,4.878048780487805,4.878048780487805,0.0,0.0,7.317073170731708,0.0,14.634146341463415,7.317073170731708,0.0,0.0,0.0,12.195121951219512,12.195121951219512,0.0,0.0,2.4390243902439024,0.0,0.0,4.878048780487805,26.829268292682926,2.4390243902439024,0.0,7.317073170731708
D11-1128,0.0,0.0,56.79012345679013,7.407407407407407,0.0,17.28395061728395,0.0,0.0,2.4691358024691357,0.0,0.0,0.0,14.814814814814815,59.25925925925926,32.098765432098766,281.4814814814815,7.407407407407407,0.0,2.4691358024691357,0.0,0.0,0.0,0.0,7.407407407407407,4.938271604938271,0.0,0.0,0.0,9.876543209876543,0.0,0.0,0.0,0.0,2.4691358024691357,0.0,0.0,0.0,2.4691358024691357,130.8641975308642,79.01234567901234,4.938271604938271,37.03703703703704,0.5443037974683544,6.311392405063291,4.938271604938271,2.4691358024691357,0.0,0.0,2.4691358024691357,0.0,14.814814814814815,0.0,0.0,0.0,4.938271604938271,4.938271604938271,4.938271604938271,0.0,0.0,2.4691358024691357,0.0,2.4691358024691357,7.407407407407407,14.814814814814815,4.938271604938271,0.0,2.4691358024691357
D11-1138,0.0,0.0,49.504950495049506,2.4752475247524752,0.0,12.376237623762377,0.0,4.9504950495049505,4.9504950495049505,0.0,0.0,0.0,17.32673267326733,61.88118811881188,14.85148514851485,274.7524752475248,7.425742574257425,2.4752475247524752,7.425742574257425,0.0,4.9504950495049505,0.0,0.0,9.900990099009901,2.4752475247524752,0.0,2.4752475247524752,0.0,4.9504950495049505,0.0,0.0,0.0,0.0,2.4752475247524752,0.0,0.0,0.0,2.4752475247524752,126.23762376237624,118.8118811881188,2.4752475247524752,56.93069306930693,0.5373134328358209,6.002487562189055,4.9504950495049505,4.9504950495049505,0.0,2.4752475247524752,4.9504950495049505,0.0,14.85148514851485,7.425742574257425,4.9504950495049505,0.0,2.4752475247524752,4.9504950495049505,4.9504950495049505,0.0,0.0,0.0,0.0,0.0,7.425742574257425,12.376237623762377,0.0,0.0,7.425742574257425
D11-1143,0.0,7.462686567164179,54.72636815920398,0.0,0.0,9.950248756218905,0.0,4.975124378109452,0.0,0.0,0.0,0.0,14.925373134328359,59.701492537313435,34.82587064676617,248.75621890547265,2.487562189054726,0.0,12.437810945273633,0.0,2.487562189054726,0.0,0.0,17.412935323383085,12.437810945273633,0.0,0.0,0.0,7.462686567164179,0.0,0.0,0.0,0.0,2.487562189054726,0.0,0.0,0.0,4.975124378109452,141.7910447761194,99.50248756218906,2.487562189054726,37.31343283582089,0.5461346633416458,6.062344139650873,2.487562189054726,0.0,0.0,0.0,7.462686567164179,0.0,14.925373134328359,2.487562189054726,0.0,0.0,0.0,2.487562189054726,4.975124378109452,0.0,0.0,0.0,0.0,0.0,0.0,24.875621890547265,4.975124378109452,0.0,0.0
D12-1015,0.0,4.68384074941452,65.57377049180329,0.0,0.0,11.7096018735363,0.0,2.34192037470726,4.68384074941452,0.0,0.0,0.0,32.786885245901644,117.096018735363,2.34192037470726,180.32786885245903,2.34192037470726,7.02576112412178,14.05152224824356,0.0,4.68384074941452,0.0,2.34192037470726,21.07728337236534,9.36768149882904,0.0,2.34192037470726,0.0,11.7096018735363,0.0,0.0,0.0,4.68384074941452,7.02576112412178,0.0,0.0,0.0,7.02576112412178,114.75409836065575,84.30913348946136,4.68384074941452,60.88992974238876,0.5175644028103045,5.971896955503513,4.68384074941452,2.34192037470726,0.0,0.0,2.34192037470726,0.0,18.73536299765808,16.393442622950822,0.0,0.0,4.68384074941452,11.7096018735363,7.02576112412178,4.68384074941452,0.0,0.0,0.0,2.34192037470726,7.02576112412178,14.05152224824356,2.34192037470726,0.0,2.34192037470726
D12-1023,0.0,7.334963325183374,51.344743276283616,7.334963325183374,0.0,12.224938875305625,0.0,0.0,2.444987775061125,0.0,0.0,0.0,0.0,61.12469437652811,14.669926650366747,276.2836185819071,7.334963325183374,0.0,12.224938875305625,0.0,7.334963325183374,0.0,0.0,17.114914425427873,7.334963325183374,0.0,4.88997555012225,2.444987775061125,0.0,0.0,0.0,0.0,0.0,0.0,2.444987775061125,0.0,0.0,2.444987775061125,141.80929095354523,92.90953545232274,0.0,61.12469437652811,0.5735294117647058,6.122549019607843,7.334963325183374,0.0,0.0,0.0,9.7799511002445,0.0,12.224938875305625,4.88997555012225,0.0,0.0,0.0,17.114914425427873,7.334963325183374,2.444987775061125,0.0,0.0,0.0,0.0,2.444987775061125,24.44987775061125,0.0,0.0,4.88997555012225
D12-1034,2.444987775061125,4.88997555012225,63.56968215158924,0.0,2.444987775061125,24.44987775061125,0.0,2.444987775061125,4.88997555012225,4.88997555012225,0.0,0.0,22.004889975550125,73.34963325183375,14.669926650366747,220.0488997555012,7.334963325183374,2.444987775061125,9.7799511002445,0.0,2.444987775061125,0.0,0.0,12.224938875305625,4.88997555012225,0.0,0.0,0.0,4.88997555012225,0.0,0.0,0.0,0.0,4.88997555012225,0.0,0.0,0.0,4.88997555012225,132.02933985330074,95.35452322738386,0.0,53.78973105134474,0.5481481481481482,5.5777777777777775,2.444987775061125,2.444987775061125,0.0,0.0,4.88997555012225,0.0,7.334963325183374,0.0,0.0,0.0,4.88997555012225,4.88997555012225,7.334963325183374,0.0,0.0,0.0,0.0,2.444987775061125,2.444987775061125,19.559902200489,2.444987775061125,0.0,2.444987775061125
D12-1126,0.0,4.640371229698376,60.324825986078885,0.0,0.0,6.960556844547564,0.0,0.0,0.0,4.640371229698376,0.0,0.0,18.561484918793504,27.842227378190255,20.88167053364269,273.7819025522042,9.280742459396752,0.0,6.960556844547564,0.0,2.320185614849188,0.0,0.0,16.241299303944317,4.640371229698376,0.0,2.320185614849188,0.0,9.280742459396752,0.0,0.0,0.0,0.0,6.960556844547564,0.0,0.0,0.0,0.0,134.5707656612529,97.44779582366588,0.0,62.64501160092807,0.4895591647331787,5.540603248259861,4.640371229698376,4.640371229698376,0.0,0.0,4.640371229698376,0.0,16.241299303944317,0.0,0.0,0.0,4.640371229698376,4.640371229698376,4.640371229698376,0.0,0.0,0.0,0.0,0.0,9.280742459396752,18.561484918793504,2.320185614849188,0.0,6.960556844547564
D13-1023,0.0,2.403846153846154,67.3076923076923,0.0,2.403846153846154,24.03846153846154,0.0,4.807692307692308,7.211538461538462,0.0,0.0,0.0,7.211538461538462,64.90384615384616,7.211538461538462,300.4807692307692,0.0,0.0,7.211538461538462,0.0,7.211538461538462,0.0,0.0,9.615384615384617,7.211538461538462,4.807692307692308,9.615384615384617,2.403846153846154,2.403846153846154,0.0,0.0,0.0,0.0,0.0,0.0,2.403846153846154,0.0,4.807692307692308,115.38461538461539,69.71153846153847,7.211538461538462,48.07692307692308,0.5384615384615384,5.8125,2.403846153846154,2.403846153846154,0.0,0.0,4.807692307692308,0.0,16.826923076923077,0.0,0.0,0.0,0.0,9.615384615384617,9.615384615384617,0.0,0.0,0.0,0.0,2.403846153846154,2.403846153846154,26.442307692307693,0.0,0.0,2.403846153846154
D13-1055,0.0,2.314814814814815,60.18518518518518,0.0,0.0,23.148148148148145,0.0,4.62962962962963,0.0,0.0,0.0,0.0,11.574074074074073,62.5,2.314814814814815,296.2962962962963,4.62962962962963,0.0,4.62962962962963,0.0,4.62962962962963,0.0,0.0,9.25925925925926,6.944444444444444,0.0,6.944444444444444,0.0,4.62962962962963,0.0,0.0,0.0,0.0,4.62962962962963,0.0,0.0,0.0,2.314814814814815,159.7222222222222,78.70370370370371,2.314814814814815,34.72222222222222,0.5407925407925408,5.997668997668998,4.62962962962963,2.314814814814815,0.0,0.0,4.62962962962963,0.0,9.25925925925926,2.314814814814815,0.0,0.0,4.62962962962963,9.25925925925926,2.314814814814815,0.0,0.0,0.0,0.0,0.0,0.0,20.833333333333332,2.314814814814815,0.0,2.314814814814815
D13-1075,12.468827930174564,7.481296758104738,59.8503740648379,14.962593516209475,0.0,17.456359102244388,0.0,4.987531172069826,9.975062344139651,4.987531172069826,0.0,0.0,22.443890274314214,44.88778054862843,12.468827930174564,281.7955112219451,12.468827930174564,0.0,19.950124688279303,0.0,12.468827930174564,0.0,2.493765586034913,9.975062344139651,7.481296758104738,0.0,9.975062344139651,0.0,4.987531172069826,0.0,0.0,0.0,0.0,4.987531172069826,0.0,0.0,0.0,2.493765586034913,122.19451371571071,94.76309226932668,4.987531172069826,54.86284289276808,0.5829145728643216,5.871859296482412,4.987531172069826,2.493765586034913,0.0,2.493765586034913,4.987531172069826,0.0,9.975062344139651,4.987531172069826,0.0,0.0,9.975062344139651,17.456359102244388,2.493765586034913,0.0,0.0,0.0,0.0,0.0,4.987531172069826,4.987531172069826,2.493765586034913,0.0,4.987531172069826
D13-1082,0.0,14.88833746898263,54.59057071960298,0.0,0.0,12.40694789081886,0.0,9.925558312655086,2.4813895781637716,0.0,0.0,0.0,17.3697270471464,57.07196029776674,14.88833746898263,312.6550868486352,9.925558312655086,0.0,9.925558312655086,0.0,2.4813895781637716,0.0,0.0,14.88833746898263,2.4813895781637716,0.0,2.4813895781637716,0.0,2.4813895781637716,0.0,0.0,0.0,0.0,7.444168734491315,0.0,0.0,0.0,4.962779156327543,136.47642679900744,84.36724565756825,4.962779156327543,27.29528535980149,0.53,5.6875,2.4813895781637716,0.0,0.0,0.0,0.0,0.0,14.88833746898263,7.444168734491315,0.0,0.0,0.0,4.962779156327543,7.444168734491315,0.0,0.0,0.0,0.0,0.0,7.444168734491315,12.40694789081886,2.4813895781637716,0.0,2.4813895781637716
D13-1084,0.0,4.9504950495049505,64.35643564356435,0.0,0.0,19.801980198019802,0.0,7.425742574257425,2.4752475247524752,0.0,0.0,0.0,17.32673267326733,76.73267326732673,9.900990099009901,279.7029702970297,2.4752475247524752,2.4752475247524752,9.900990099009901,0.0,0.0,0.0,0.0,12.376237623762377,4.9504950495049505,0.0,4.9504950495049505,2.4752475247524752,7.425742574257425,0.0,2.4752475247524752,0.0,2.4752475247524752,2.4752475247524752,0.0,0.0,0.0,4.9504950495049505,123.76237623762376,91.58415841584159,9.900990099009901,47.02970297029703,0.5472636815920398,6.2388059701492535,4.9504950495049505,2.4752475247524752,0.0,0.0,2.4752475247524752,0.0,14.85148514851485,4.9504950495049505,0.0,0.0,0.0,7.425742574257425,2.4752475247524752,4.9504950495049505,0.0,0.0,0.0,0.0,7.425742574257425,22.277227722772277,0.0,0.0,4.9504950495049505
D14-1101,0.0,12.01923076923077,60.09615384615385,0.0,0.0,14.423076923076923,0.0,4.807692307692308,0.0,2.403846153846154,0.0,0.0,19.230769230769234,33.65384615384615,21.634615384615383,254.8076923076923,4.807692307692308,2.403846153846154,2.403846153846154,0.0,4.807692307692308,0.0,0.0,14.423076923076923,4.807692307692308,0.0,2.403846153846154,0.0,12.01923076923077,0.0,0.0,0.0,0.0,2.403846153846154,0.0,0.0,0.0,2.403846153846154,103.36538461538461,149.03846153846155,0.0,60.09615384615385,0.563855421686747,5.83855421686747,7.211538461538462,2.403846153846154,0.0,2.403846153846154,4.807692307692308,0.0,19.230769230769234,14.423076923076923,0.0,0.0,2.403846153846154,4.807692307692308,12.01923076923077,0.0,0.0,2.403846153846154,2.403846153846154,2.403846153846154,16.826923076923077,12.01923076923077,0.0,0.0,9.615384615384617
D14-1125,2.375296912114014,2.375296912114014,61.75771971496437,0.0,0.0,4.750593824228028,0.0,9.501187648456057,4.750593824228028,2.375296912114014,0.0,0.0,28.503562945368174,66.5083135391924,9.501187648456057,263.65795724465556,2.375296912114014,2.375296912114014,9.501187648456057,0.0,0.0,0.0,2.375296912114014,11.876484560570072,9.501187648456057,0.0,2.375296912114014,4.750593824228028,14.251781472684087,0.0,0.0,0.0,2.375296912114014,7.125890736342043,0.0,0.0,0.0,2.375296912114014,137.76722090261282,83.1353919239905,4.750593824228028,52.25653206650831,0.5215311004784688,5.6746411483253585,4.750593824228028,2.375296912114014,0.0,0.0,9.501187648456057,0.0,16.6270783847981,4.750593824228028,0.0,0.0,0.0,14.251781472684087,2.375296912114014,0.0,0.0,0.0,0.0,0.0,0.0,21.377672209026127,2.375296912114014,0.0,7.125890736342043
D14-1136,0.0,0.0,61.42506142506143,0.0,0.0,9.828009828009828,0.0,7.371007371007371,4.914004914004914,2.457002457002457,0.0,0.0,14.742014742014742,81.08108108108108,22.11302211302211,240.78624078624077,7.371007371007371,0.0,4.914004914004914,0.0,2.457002457002457,0.0,0.0,9.828009828009828,4.914004914004914,0.0,2.457002457002457,0.0,7.371007371007371,0.0,0.0,0.0,0.0,4.914004914004914,0.0,0.0,0.0,2.457002457002457,125.30712530712532,105.65110565110565,2.457002457002457,44.22604422604422,0.5012345679012346,6.155555555555556,2.457002457002457,2.457002457002457,0.0,0.0,7.371007371007371,0.0,9.828009828009828,4.914004914004914,0.0,0.0,0.0,7.371007371007371,9.828009828009828,0.0,0.0,2.457002457002457,0.0,0.0,4.914004914004914,39.31203931203931,0.0,0.0,2.457002457002457
D14-1177,0.0,2.4271844660194173,77.66990291262135,9.70873786407767,0.0,26.699029126213592,0.0,9.70873786407767,0.0,0.0,0.0,0.0,21.844660194174757,75.24271844660194,0.0,235.4368932038835,7.281553398058253,2.4271844660194173,12.135922330097086,2.4271844660194173,4.854368932038835,0.0,0.0,12.135922330097086,2.4271844660194173,0.0,0.0,0.0,9.70873786407767,0.0,0.0,0.0,2.4271844660194173,4.854368932038835,0.0,0.0,0.0,2.4271844660194173,121.35922330097088,114.07766990291263,2.4271844660194173,50.970873786407765,0.558252427184466,5.864077669902913,7.281553398058253,0.0,0.0,2.4271844660194173,2.4271844660194173,0.0,14.563106796116505,4.854368932038835,0.0,0.0,0.0,9.70873786407767,4.854368932038835,2.4271844660194173,0.0,0.0,0.0,0.0,4.854368932038835,19.41747572815534,2.4271844660194173,0.0,4.854368932038835
D14-1212,0.0,9.900990099009901,49.504950495049506,0.0,2.4752475247524752,7.425742574257425,0.0,2.4752475247524752,4.9504950495049505,2.4752475247524752,0.0,0.0,9.900990099009901,54.45544554455446,4.9504950495049505,299.5049504950495,7.425742574257425,0.0,4.9504950495049505,2.4752475247524752,2.4752475247524752,0.0,0.0,19.801980198019802,4.9504950495049505,2.4752475247524752,0.0,0.0,4.9504950495049505,0.0,0.0,0.0,0.0,4.9504950495049505,0.0,0.0,0.0,4.9504950495049505,128.7128712871287,81.68316831683168,0.0,47.02970297029703,0.5149253731343284,5.442786069651741,9.900990099009901,0.0,0.0,0.0,7.425742574257425,0.0,14.85148514851485,4.9504950495049505,0.0,0.0,0.0,7.425742574257425,7.425742574257425,0.0,0.0,0.0,0.0,0.0,12.376237623762377,32.17821782178218,0.0,0.0,0.0
D14-1219,0.0,2.3094688221709005,64.66512702078522,0.0,0.0,16.166281755196305,0.0,4.618937644341801,2.3094688221709005,2.3094688221709005,0.0,0.0,18.475750577367204,30.023094688221708,23.094688221709006,311.7782909930716,6.928406466512702,2.3094688221709005,9.237875288683602,2.3094688221709005,4.618937644341801,0.0,0.0,11.547344110854503,4.618937644341801,0.0,6.928406466512702,0.0,6.928406466512702,0.0,0.0,0.0,0.0,0.0,0.0,0.0,0.0,4.618937644341801,136.25866050808312,96.99769053117784,4.618937644341801,43.87990762124711,0.5116822429906542,5.983644859813084,2.3094688221709005,2.3094688221709005,0.0,0.0,4.618937644341801,0.0,13.856812933025404,2.3094688221709005,2.3094688221709005,0.0,0.0,9.237875288683602,4.618937644341801,0.0,0.0,0.0,0.0,0.0,4.618937644341801,6.928406466512702,0.0,0.0,2.3094688221709005
D15-1021,0.0,12.285012285012284,46.68304668304668,0.0,0.0,12.285012285012284,0.0,4.914004914004914,2.457002457002457,0.0,0.0,0.0,4.914004914004914,73.71007371007371,4.914004914004914,253.07125307125307,0.0,2.457002457002457,2.457002457002457,0.0,2.457002457002457,0.0,0.0,12.285012285012284,14.742014742014742,2.457002457002457,0.0,0.0,2.457002457002457,0.0,0.0,0.0,0.0,0.0,0.0,0.0,0.0,4.914004914004914,125.30712530712532,100.73710073710073,0.0,44.22604422604422,0.5405405405405406,5.877149877149877,2.457002457002457,0.0,0.0,0.0,17.1990171990172,0.0,19.656019656019655,0.0,0.0,0.0,2.457002457002457,12.285012285012284,2.457002457002457,0.0,0.0,0.0,0.0,2.457002457002457,4.914004914004914,46.68304668304668,2.457002457002457,0.0,0.0
D15-1098,0.0,4.987531172069826,59.8503740648379,0.0,0.0,17.456359102244388,0.0,7.481296758104738,0.0,0.0,0.0,0.0,12.468827930174564,44.88778054862843,24.93765586034913,244.38902743142143,12.468827930174564,0.0,14.962593516209475,0.0,4.987531172069826,0.0,0.0,12.468827930174564,7.481296758104738,0.0,0.0,0.0,2.493765586034913,0.0,0.0,0.0,0.0,7.481296758104738,0.0,0.0,0.0,0.0,117.20698254364089,107.23192019950125,2.493765586034913,62.34413965087282,0.5588972431077694,6.120300751879699,4.987531172069826,4.987531172069826,0.0,0.0,4.987531172069826,0.0,17.456359102244388,4.987531172069826,2.493765586034913,0.0,2.493765586034913,4.987531172069826,4.987531172069826,0.0,0.0,0.0,0.0,0.0,7.481296758104738,24.93765586034913,2.493765586034913,0.0,7.481296758104738
D15-1211,0.0,4.773269689737471,64.43914081145586,0.0,2.3866348448687353,21.479713603818613,0.0,4.773269689737471,2.3866348448687353,4.773269689737471,0.0,0.0,21.479713603818613,54.89260143198091,14.319809069212411,269.6897374701671,7.159904534606206,0.0,7.159904534606206,0.0,2.3866348448687353,0.0,0.0,9.546539379474941,9.546539379474941,0.0,0.0,0.0,7.159904534606206,0.0,0.0,0.0,0.0,9.546539379474941,0.0,0.0,0.0,4.773269689737471,133.65155131264916,95.4653937947494,2.3866348448687353,38.186157517899765,0.5311004784688995,5.818181818181818,0.0,2.3866348448687353,0.0,0.0,0.0,0.0,14.319809069212411,2.3866348448687353,0.0,0.0,2.3866348448687353,7.159904534606206,14.319809069212411,0.0,0.0,0.0,0.0,0.0,0.0,9.546539379474941,0.0,0.0,2.3866348448687353
D15-1236,0.0,0.0,54.66970387243736,0.0,0.0,15.945330296127564,0.0,4.555808656036446,0.0,2.277904328018223,0.0,0.0,27.33485193621868,54.66970387243736,25.056947608200456,218.67881548974944,2.277904328018223,0.0,11.389521640091116,0.0,2.277904328018223,0.0,2.277904328018223,22.779043280182233,4.555808656036446,0.0,4.555808656036446,0.0,13.66742596810934,2.277904328018223,0.0,0.0,0.0,4.555808656036446,0.0,0.0,0.0,2.277904328018223,113.89521640091115,86.56036446469248,2.277904328018223,70.61503416856492,0.481651376146789,5.8807339449541285,2.277904328018223,6.83371298405467,0.0,0.0,6.83371298405467,0.0,6.83371298405467,9.111617312072893,2.277904328018223,2.277904328018223,2.277904328018223,9.111617312072893,15.945330296127564,0.0,0.0,0.0,0.0,2.277904328018223,4.555808656036446,29.612756264236904,4.555808656036446,0.0,9.111617312072893
D15-1259,0.0,2.403846153846154,72.11538461538461,2.403846153846154,0.0,21.634615384615383,0.0,4.807692307692308,2.403846153846154,0.0,0.0,0.0,14.423076923076923,52.88461538461539,2.403846153846154,305.28846153846155,4.807692307692308,0.0,12.01923076923077,0.0,4.807692307692308,0.0,0.0,21.634615384615383,7.211538461538462,0.0,2.403846153846154,7.211538461538462,12.01923076923077,0.0,0.0,0.0,0.0,2.403846153846154,0.0,0.0,0.0,4.807692307692308,125.0,72.11538461538461,4.807692307692308,31.25,0.5628019323671497,6.055555555555555,4.807692307692308,0.0,0.0,0.0,7.211538461538462,0.0,16.826923076923077,2.403846153846154,0.0,0.0,2.403846153846154,7.211538461538462,4.807692307692308,0.0,0.0,0.0,0.0,2.403846153846154,7.211538461538462,19.230769230769234,4.807692307692308,0.0,0.0
D16-1035,0.0,7.177033492822967,52.63157894736842,0.0,0.0,19.138755980861244,0.0,2.3923444976076556,7.177033492822967,2.3923444976076556,0.0,0.0,14.354066985645934,57.41626794258374,26.31578947368421,279.9043062200957,2.3923444976076556,0.0,9.569377990430622,0.0,4.784688995215311,0.0,0.0,14.354066985645934,4.784688995215311,0.0,2.3923444976076556,0.0,7.177033492822967,0.0,0.0,0.0,0.0,2.3923444976076556,0.0,0.0,0.0,2.3923444976076556,117.22488038277513,114.83253588516747,4.784688995215311,26.31578947368421,0.5419664268585132,6.124700239808154,7.177033492822967,0.0,0.0,0.0,7.177033492822967,0.0,11.961722488038278,2.3923444976076556,0.0,0.0,2.3923444976076556,11.961722488038278,9.569377990430622,0.0,0.0,0.0,0.0,2.3923444976076556,4.784688995215311,33.49282296650718,0.0,0.0,0.0
D16-1042,0.0,9.950248756218905,67.16417910447761,0.0,0.0,4.975124378109452,0.0,9.950248756218905,2.487562189054726,4.975124378109452,0.0,0.0,17.412935323383085,49.75124378109453,19.90049751243781,266.16915422885575,7.462686567164179,0.0,9.950248756218905,0.0,2.487562189054726,0.0,0.0,27.36318407960199,7.462686567164179,0.0,2.487562189054726,4.975124378109452,9.950248756218905,0.0,0.0,0.0,0.0,4.975124378109452,0.0,0.0,0.0,2.487562189054726,136.81592039800995,84.5771144278607,0.0,47.2636815920398,0.5552763819095478,5.71356783919598,2.487562189054726,0.0,0.0,0.0,7.462686567164179,0.0,9.950248756218905,0.0,0.0,0.0,2.487562189054726,9.950248756218905,12.437810945273633,0.0,0.0,0.0,0.0,7.462686567164179,9.950248756218905,14.925373134328359,0.0,0.0,2.487562189054726
D16-1058,0.0,2.3809523809523814,61.904761904761905,0.0,0.0,4.761904761904763,0.0,2.3809523809523814,7.142857142857142,0.0,0.0,0.0,11.904761904761903,80.95238095238096,2.3809523809523814,295.23809523809524,7.142857142857142,0.0,11.904761904761903,0.0,2.3809523809523814,0.0,2.3809523809523814,9.523809523809526,14.285714285714285,0.0,4.761904761904763,0.0,4.761904761904763,0.0,0.0,0.0,0.0,4.761904761904763,0.0,0.0,0.0,2.3809523809523814,128.57142857142856,59.52380952380952,9.523809523809526,47.61904761904761,0.5083532219570406,5.894988066825776,2.3809523809523814,2.3809523809523814,0.0,2.3809523809523814,9.523809523809526,0.0,11.904761904761903,0.0,0.0,0.0,0.0,11.904761904761903,11.904761904761903,0.0,0.0,0.0,0.0,2.3809523809523814,7.142857142857142,11.904761904761903,2.3809523809523814,0.0,4.761904761904763
D16-1070,0.0,7.092198581560283,63.82978723404255,4.7281323877068555,0.0,14.184397163120567,0.0,7.092198581560283,2.3640661938534278,2.3640661938534278,0.0,0.0,16.548463356973993,63.82978723404255,21.27659574468085,219.8581560283688,2.3640661938534278,2.3640661938534278,11.82033096926714,0.0,4.7281323877068555,0.0,0.0,14.184397163120567,2.3640661938534278,0.0,4.7281323877068555,0.0,4.7281323877068555,2.3640661938534278,0.0,0.0,0.0,2.3640661938534278,0.0,0.0,0.0,7.092198581560283,139.47990543735224,132.38770685579195,7.092198581560283,59.1016548463357,0.5390070921985816,5.921985815602837,2.3640661938534278,7.092198581560283,0.0,0.0,7.092198581560283,0.0,14.184397163120567,0.0,0.0,0.0,4.7281323877068555,11.82033096926714,7.092198581560283,0.0,0.0,0.0,0.0,2.3640661938534278,7.092198581560283,18.912529550827422,0.0,0.0,7.092198581560283
D16-1105,0.0,4.716981132075471,44.81132075471698,4.716981132075471,0.0,28.30188679245283,0.0,2.3584905660377355,9.433962264150942,0.0,0.0,0.0,11.79245283018868,44.81132075471698,9.433962264150942,245.28301886792454,11.79245283018868,0.0,11.79245283018868,2.3584905660377355,0.0,0.0,0.0,21.22641509433962,2.3584905660377355,0.0,2.3584905660377355,0.0,2.3584905660377355,0.0,0.0,0.0,0.0,4.716981132075471,0.0,0.0,0.0,7.0754716981132075,129.71698113207546,80.18867924528301,7.0754716981132075,51.88679245283019,0.5613207547169812,5.636792452830188,4.716981132075471,2.3584905660377355,0.0,2.3584905660377355,2.3584905660377355,0.0,4.716981132075471,9.433962264150942,0.0,0.0,0.0,14.150943396226415,7.0754716981132075,0.0,0.0,0.0,0.0,4.716981132075471,11.79245283018868,18.867924528301884,2.3584905660377355,0.0,2.3584905660377355
D16-1145,0.0,7.092198581560283,54.37352245862884,0.0,2.3640661938534278,14.184397163120567,0.0,9.456264775413711,2.3640661938534278,0.0,0.0,0.0,11.82033096926714,30.73286052009456,7.092198581560283,297.8723404255319,2.3640661938534278,2.3640661938534278,4.7281323877068555,0.0,2.3640661938534278,0.0,0.0,11.82033096926714,2.3640661938534278,0.0,0.0,0.0,7.092198581560283,0.0,0.0,0.0,0.0,4.7281323877068555,0.0,0.0,0.0,9.456264775413711,132.38770685579195,99.29078014184398,2.3640661938534278,40.189125295508276,0.5390070921985816,5.673758865248227,7.092198581560283,2.3640661938534278,0.0,0.0,0.0,0.0,16.548463356973993,9.456264775413711,0.0,0.0,0.0,7.092198581560283,7.092198581560283,0.0,0.0,0.0,0.0,2.3640661938534278,9.456264775413711,18.912529550827422,4.7281323877068555,0.0,4.7281323877068555
D16-1193,0.0,9.456264775413711,49.64539007092199,4.7281323877068555,0.0,11.82033096926714,0.0,7.092198581560283,4.7281323877068555,0.0,0.0,0.0,14.184397163120567,26.004728132387708,26.004728132387708,319.1489361702128,2.3640661938534278,0.0,11.82033096926714,2.3640661938534278,2.3640661938534278,0.0,0.0,9.456264775413711,7.092198581560283,2.3640661938534278,2.3640661938534278,0.0,9.456264775413711,0.0,0.0,0.0,0.0,4.7281323877068555,0.0,0.0,0.0,2.3640661938534278,130.02364066193851,99.29078014184398,2.3640661938534278,35.46099290780142,0.566350710900474,5.822274881516588,4.7281323877068555,0.0,0.0,0.0,4.7281323877068555,0.0,9.456264775413711,4.7281323877068555,0.0,0.0,4.7281323877068555,9.456264775413711,2.3640661938534278,0.0,0.0,0.0,0.0,0.0,4.7281323877068555,23.64066193853428,2.3640661938534278,0.0,0.0
D16-1201,0.0,9.828009828009828,54.054054054054056,4.914004914004914,0.0,12.285012285012284,0.0,0.0,4.914004914004914,2.457002457002457,0.0,0.0,7.371007371007371,63.88206388206388,9.828009828009828,277.64127764127767,4.914004914004914,0.0,4.914004914004914,0.0,2.457002457002457,0.0,0.0,14.742014742014742,4.914004914004914,0.0,4.914004914004914,0.0,7.371007371007371,0.0,0.0,0.0,0.0,0.0,0.0,0.0,0.0,4.914004914004914,130.2211302211302,90.9090909090909,2.457002457002457,19.656019656019655,0.5467980295566502,5.963054187192118,4.914004914004914,0.0,0.0,0.0,2.457002457002457,0.0,14.742014742014742,0.0,0.0,0.0,0.0,4.914004914004914,4.914004914004914,0.0,0.0,2.457002457002457,0.0,0.0,2.457002457002457,27.027027027027028,0.0,0.0,0.0
D16-1226,0.0,0.0,43.16546762589928,2.398081534772182,0.0,26.378896882494004,0.0,4.796163069544364,4.796163069544364,4.796163069544364,0.0,0.0,7.194244604316547,67.1462829736211,4.796163069544364,302.158273381295,4.796163069544364,0.0,9.592326139088728,0.0,4.796163069544364,0.0,0.0,14.388489208633095,2.398081534772182,0.0,7.194244604316547,7.194244604316547,2.398081534772182,0.0,0.0,0.0,2.398081534772182,2.398081534772182,0.0,0.0,0.0,4.796163069544364,134.2925659472422,69.54436450839329,4.796163069544364,21.58273381294964,0.5221674876847291,5.788177339901478,4.796163069544364,2.398081534772182,0.0,0.0,0.0,0.0,9.592326139088728,9.592326139088728,0.0,0.0,2.398081534772182,16.786570743405274,4.796163069544364,0.0,0.0,0.0,0.0,0.0,0.0,21.58273381294964,0.0,0.0,2.398081534772182
D17-1035,0.0,4.88997555012225,51.344743276283616,7.334963325183374,2.444987775061125,14.669926650366747,0.0,2.444987775061125,0.0,0.0,0.0,0.0,9.7799511002445,63.56968215158924,14.669926650366747,288.5085574572127,4.88997555012225,0.0,9.7799511002445,0.0,4.88997555012225,0.0,0.0,14.669926650366747,4.88997555012225,0.0,4.88997555012225,0.0,7.334963325183374,0.0,0.0,0.0,0.0,0.0,0.0,0.0,0.0,2.444987775061125,141.80929095354523,92.90953545232274,4.88997555012225,51.344743276283616,0.5643564356435643,5.881188118811881,4.88997555012225,2.444987775061125,0.0,0.0,9.7799511002445,0.0,17.114914425427873,7.334963325183374,0.0,0.0,4.88997555012225,9.7799511002445,4.88997555012225,0.0,0.0,0.0,0.0,0.0,4.88997555012225,14.669926650366747,2.444987775061125,0.0,2.444987775061125
D17-1081,0.0,2.320185614849188,55.68445475638051,6.960556844547564,2.320185614849188,16.241299303944317,0.0,4.640371229698376,0.0,0.0,0.0,0.0,9.280742459396752,34.80278422273782,11.600928074245939,278.42227378190256,6.960556844547564,2.320185614849188,11.600928074245939,0.0,4.640371229698376,0.0,0.0,13.921113689095128,4.640371229698376,0.0,0.0,0.0,6.960556844547564,0.0,0.0,0.0,0.0,0.0,0.0,0.0,0.0,0.0,136.8909512761021,99.76798143851508,4.640371229698376,53.364269141531324,0.54292343387471,5.928074245939675,4.640371229698376,9.280742459396752,0.0,0.0,0.0,0.0,18.561484918793504,2.320185614849188,0.0,0.0,0.0,11.600928074245939,4.640371229698376,0.0,0.0,0.0,2.320185614849188,0.0,2.320185614849188,16.241299303944317,2.320185614849188,0.0,11.600928074245939
D17-1092,0.0,2.4154589371980677,55.55555555555555,2.4154589371980677,2.4154589371980677,24.154589371980677,0.0,2.4154589371980677,0.0,0.0,0.0,0.0,16.908212560386474,89.37198067632849,9.66183574879227,224.63768115942028,4.830917874396135,0.0,9.66183574879227,0.0,0.0,0.0,0.0,14.492753623188406,12.077294685990339,0.0,2.4154589371980677,0.0,4.830917874396135,0.0,0.0,0.0,0.0,9.66183574879227,0.0,0.0,0.0,0.0,142.51207729468598,101.44927536231884,9.66183574879227,50.72463768115942,0.5655339805825242,6.012135922330097,4.830917874396135,2.4154589371980677,0.0,0.0,2.4154589371980677,0.0,12.077294685990339,2.4154589371980677,0.0,0.0,0.0,14.492753623188406,9.66183574879227,0.0,0.0,0.0,0.0,7.246376811594203,7.246376811594203,19.32367149758454,0.0,0.0,2.4154589371980677
D17-1105,0.0,12.01923076923077,64.90384615384616,4.807692307692308,2.403846153846154,14.423076923076923,0.0,4.807692307692308,2.403846153846154,2.403846153846154,0.0,0.0,14.423076923076923,43.26923076923077,4.807692307692308,269.2307692307692,4.807692307692308,0.0,4.807692307692308,0.0,4.807692307692308,0.0,2.403846153846154,14.423076923076923,7.211538461538462,2.403846153846154,2.403846153846154,0.0,2.403846153846154,0.0,0.0,0.0,0.0,2.403846153846154,0.0,0.0,0.0,4.807692307692308,117.78846153846153,120.1923076923077,2.403846153846154,45.67307692307692,0.5277108433734939,5.706024096385542,2.403846153846154,2.403846153846154,0.0,0.0,2.403846153846154,0.0,12.01923076923077,4.807692307692308,0.0,0.0,2.403846153846154,14.423076923076923,4.807692307692308,0.0,0.0,0.0,0.0,2.403846153846154,9.615384615384617,12.01923076923077,4.807692307692308,0.0,4.807692307692308
D17-1152,0.0,2.493765586034913,52.36907730673317,4.987531172069826,0.0,24.93765586034913,0.0,2.493765586034913,9.975062344139651,0.0,0.0,0.0,9.975062344139651,52.36907730673317,2.493765586034913,276.8079800498753,2.493765586034913,0.0,9.975062344139651,0.0,2.493765586034913,0.0,0.0,14.962593516209475,9.975062344139651,0.0,2.493765586034913,0.0,0.0,0.0,0.0,0.0,0.0,2.493765586034913,0.0,0.0,0.0,2.493765586034913,132.16957605985039,92.26932668329177,2.493765586034913,42.394014962593516,0.5685785536159601,5.840399002493766,4.987531172069826,4.987531172069826,0.0,0.0,2.493765586034913,0.0,12.468827930174564,2.493765586034913,0.0,0.0,0.0,4.987531172069826,7.481296758104738,0.0,0.0,0.0,0.0,2.493765586034913,4.987531172069826,19.950124688279303,2.493765586034913,0.0,4.987531172069826
D17-1174,0.0,2.5188916876574305,52.896725440806044,2.5188916876574305,2.5188916876574305,12.594458438287154,0.0,0.0,5.037783375314861,0.0,0.0,0.0,25.188916876574307,57.93450881612091,10.075566750629722,246.85138539042822,5.037783375314861,2.5188916876574305,20.151133501259444,0.0,0.0,0.0,0.0,12.594458438287154,2.5188916876574305,0.0,0.0,0.0,10.075566750629722,0.0,0.0,0.0,0.0,7.556675062972292,0.0,0.0,0.0,2.5188916876574305,118.38790931989925,133.50125944584383,10.075566750629722,52.896725440806044,0.5415617128463476,6.06801007556675,2.5188916876574305,2.5188916876574305,0.0,2.5188916876574305,2.5188916876574305,0.0,12.594458438287154,10.075566750629722,5.037783375314861,0.0,2.5188916876574305,2.5188916876574305,2.5188916876574305,0.0,0.0,0.0,0.0,2.5188916876574305,2.5188916876574305,7.556675062972292,2.5188916876574305,0.0,2.5188916876574305
D17-1267,0.0,4.901960784313726,51.470588235294116,12.254901960784313,0.0,14.705882352941176,0.0,4.901960784313726,2.450980392156863,0.0,0.0,0.0,17.156862745098042,63.725490196078425,4.901960784313726,257.35294117647055,4.901960784313726,0.0,17.156862745098042,2.450980392156863,2.450980392156863,0.0,0.0,9.803921568627452,14.705882352941176,0.0,0.0,0.0,9.803921568627452,0.0,0.0,0.0,0.0,2.450980392156863,0.0,0.0,0.0,4.901960784313726,149.50980392156862,117.6470588235294,2.450980392156863,31.862745098039213,0.5270935960591133,6.059113300492611,4.901960784313726,0.0,0.0,0.0,0.0,0.0,12.254901960784313,4.901960784313726,0.0,0.0,2.450980392156863,7.352941176470588,2.450980392156863,0.0,0.0,0.0,0.0,0.0,0.0,19.607843137254903,0.0,0.0,0.0
D17-1284,0.0,4.854368932038835,55.8252427184466,4.854368932038835,2.4271844660194173,19.41747572815534,0.0,16.990291262135923,12.135922330097086,0.0,0.0,0.0,9.70873786407767,89.80582524271844,16.990291262135923,194.17475728155338,4.854368932038835,2.4271844660194173,12.135922330097086,2.4271844660194173,4.854368932038835,0.0,0.0,16.990291262135923,9.70873786407767,0.0,0.0,0.0,7.281553398058253,0.0,0.0,0.0,0.0,2.4271844660194173,0.0,0.0,0.0,2.4271844660194173,114.07766990291263,116.50485436893204,4.854368932038835,55.8252427184466,0.5436893203883495,5.936893203883495,9.70873786407767,0.0,0.0,0.0,2.4271844660194173,0.0,12.135922330097086,4.854368932038835,0.0,0.0,0.0,12.135922330097086,7.281553398058253,0.0,0.0,0.0,0.0,4.854368932038835,12.135922330097086,24.271844660194173,4.854368932038835,0.0,4.854368932038835
D17-1289,0.0,2.403846153846154,50.48076923076923,4.807692307692308,0.0,12.01923076923077,0.0,2.403846153846154,0.0,0.0,0.0,0.0,14.423076923076923,55.28846153846153,4.807692307692308,264.4230769230769,4.807692307692308,0.0,14.423076923076923,0.0,2.403846153846154,0.0,0.0,12.01923076923077,7.211538461538462,0.0,0.0,0.0,12.01923076923077,0.0,0.0,0.0,0.0,0.0,0.0,0.0,0.0,0.0,122.59615384615384,125.0,4.807692307692308,52.88461538461539,0.5096153846153846,5.6826923076923075,4.807692307692308,4.807692307692308,0.0,0.0,7.211538461538462,0.0,19.230769230769234,4.807692307692308,2.403846153846154,0.0,7.211538461538462,9.615384615384617,9.615384615384617,0.0,0.0,0.0,0.0,7.211538461538462,9.615384615384617,19.230769230769234,0.0,0.0,4.807692307692308
D17-1292,0.0,2.4271844660194173,60.67961165048544,0.0,0.0,21.844660194174757,0.0,4.854368932038835,2.4271844660194173,0.0,0.0,0.0,16.990291262135923,48.543689320388346,7.281553398058253,250.0,9.70873786407767,0.0,9.70873786407767,0.0,2.4271844660194173,0.0,0.0,14.563106796116505,4.854368932038835,0.0,4.854368932038835,0.0,12.135922330097086,0.0,0.0,0.0,0.0,2.4271844660194173,0.0,0.0,0.0,2.4271844660194173,116.50485436893204,138.3495145631068,2.4271844660194173,38.83495145631068,0.5509708737864077,5.985436893203883,4.854368932038835,2.4271844660194173,0.0,0.0,0.0,0.0,16.990291262135923,7.281553398058253,0.0,0.0,4.854368932038835,14.563106796116505,7.281553398058253,0.0,0.0,0.0,0.0,0.0,2.4271844660194173,19.41747572815534,0.0,0.0,4.854368932038835
D18-1010,0.0,4.914004914004914,56.511056511056516,0.0,0.0,4.914004914004914,0.0,2.457002457002457,4.914004914004914,0.0,0.0,0.0,17.1990171990172,63.88206388206388,7.371007371007371,257.985257985258,7.371007371007371,0.0,9.828009828009828,0.0,2.457002457002457,0.0,0.0,14.742014742014742,9.828009828009828,0.0,2.457002457002457,0.0,9.828009828009828,0.0,0.0,0.0,0.0,0.0,0.0,0.0,0.0,7.371007371007371,122.85012285012286,61.42506142506143,2.457002457002457,56.511056511056516,0.5061728395061729,5.637037037037037,7.371007371007371,0.0,0.0,0.0,9.828009828009828,0.0,24.570024570024568,14.742014742014742,0.0,0.0,0.0,7.371007371007371,12.285012285012284,0.0,0.0,0.0,0.0,0.0,2.457002457002457,22.11302211302211,2.457002457002457,0.0,0.0
D18-1044,0.0,4.88997555012225,63.56968215158924,2.444987775061125,2.444987775061125,4.88997555012225,0.0,7.334963325183374,2.444987775061125,2.444987775061125,0.0,0.0,19.559902200489,48.8997555012225,2.444987775061125,281.17359413202934,7.334963325183374,0.0,4.88997555012225,2.444987775061125,7.334963325183374,0.0,0.0,9.7799511002445,2.444987775061125,0.0,0.0,0.0,9.7799511002445,0.0,0.0,0.0,0.0,2.444987775061125,0.0,0.0,0.0,7.334963325183374,110.0244498777506,83.12958435207824,0.0,66.01466992665037,0.5209876543209877,5.859259259259259,4.88997555012225,7.334963325183374,0.0,2.444987775061125,4.88997555012225,0.0,14.669926650366747,2.444987775061125,0.0,0.0,9.7799511002445,9.7799511002445,12.224938875305625,0.0,0.0,0.0,0.0,0.0,2.444987775061125,12.224938875305625,0.0,2.444987775061125,2.444987775061125
D18-1045,0.0,4.739336492890995,47.393364928909946,2.3696682464454977,0.0,21.32701421800948,0.0,2.3696682464454977,2.3696682464454977,0.0,0.0,0.0,9.47867298578199,68.72037914691943,18.95734597156398,277.2511848341232,2.3696682464454977,2.3696682464454977,2.3696682464454977,0.0,4.739336492890995,0.0,2.3696682464454977,14.218009478672984,9.47867298578199,2.3696682464454977,0.0,2.3696682464454977,4.739336492890995,0.0,0.0,0.0,0.0,0.0,0.0,0.0,0.0,2.3696682464454977,144.54976303317534,104.26540284360189,2.3696682464454977,40.28436018957346,0.5155131264916468,5.873508353221957,9.47867298578199,0.0,0.0,0.0,4.739336492890995,0.0,14.218009478672984,4.739336492890995,0.0,0.0,4.739336492890995,11.848341232227487,2.3696682464454977,0.0,0.0,0.0,0.0,0.0,7.109004739336492,11.848341232227487,0.0,0.0,0.0
D18-1049,0.0,4.807692307692308,64.90384615384616,0.0,0.0,21.634615384615383,0.0,0.0,7.211538461538462,0.0,0.0,2.403846153846154,16.826923076923077,55.28846153846153,2.403846153846154,334.13461538461536,9.615384615384617,0.0,12.01923076923077,0.0,2.403846153846154,0.0,0.0,31.25,9.615384615384617,0.0,0.0,2.403846153846154,7.211538461538462,0.0,0.0,0.0,0.0,4.807692307692308,0.0,0.0,0.0,4.807692307692308,86.53846153846153,64.90384615384616,4.807692307692308,43.26923076923077,0.48668280871670705,6.043583535108959,0.0,0.0,0.0,0.0,2.403846153846154,0.0,19.230769230769234,2.403846153846154,0.0,0.0,0.0,12.01923076923077,12.01923076923077,0.0,0.0,0.0,0.0,4.807692307692308,9.615384615384617,9.615384615384617,0.0,0.0,0.0
D18-1148,0.0,4.854368932038835,50.970873786407765,2.4271844660194173,0.0,12.135922330097086,0.0,4.854368932038835,4.854368932038835,0.0,0.0,0.0,19.41747572815534,99.51456310679612,0.0,223.3009708737864,4.854368932038835,2.4271844660194173,9.70873786407767,0.0,2.4271844660194173,0.0,0.0,7.281553398058253,2.4271844660194173,0.0,2.4271844660194173,0.0,9.70873786407767,0.0,2.4271844660194173,0.0,0.0,2.4271844660194173,0.0,0.0,0.0,4.854368932038835,145.63106796116503,82.5242718446602,7.281553398058253,43.689320388349515,0.556930693069307,5.853960396039604,4.854368932038835,0.0,0.0,0.0,2.4271844660194173,0.0,24.271844660194173,12.135922330097086,0.0,0.0,0.0,16.990291262135923,0.0,0.0,0.0,0.0,0.0,0.0,2.4271844660194173,21.844660194174757,4.854368932038835,0.0,2.4271844660194173
D18-1156,0.0,4.866180048661801,58.394160583941606,2.4330900243309004,0.0,4.866180048661801,0.0,17.0316301703163,0.0,0.0,0.0,0.0,12.165450121654501,63.26034063260341,9.732360097323602,274.93917274939173,2.4330900243309004,0.0,7.299270072992701,0.0,2.4330900243309004,0.0,0.0,17.0316301703163,9.732360097323602,0.0,2.4330900243309004,2.4330900243309004,0.0,0.0,0.0,0.0,0.0,7.299270072992701,0.0,0.0,0.0,2.4330900243309004,109.48905109489051,114.35523114355232,0.0,58.394160583941606,0.5547445255474452,6.029197080291971,7.299270072992701,2.4330900243309004,0.0,0.0,7.299270072992701,0.0,9.732360097323602,2.4330900243309004,0.0,0.0,0.0,2.4330900243309004,4.866180048661801,0.0,0.0,0.0,0.0,4.866180048661801,7.299270072992701,29.197080291970803,2.4330900243309004,0.0,2.4330900243309004
D18-1173,0.0,2.450980392156863,73.52941176470588,0.0,0.0,7.352941176470588,0.0,4.901960784313726,2.450980392156863,0.0,0.0,0.0,19.607843137254903,49.01960784313725,29.41176470588235,235.2941176470588,2.450980392156863,0.0,17.156862745098042,2.450980392156863,4.901960784313726,0.0,0.0,24.509803921568626,9.803921568627452,2.450980392156863,4.901960784313726,2.450980392156863,9.803921568627452,0.0,0.0,0.0,0.0,0.0,0.0,0.0,0.0,0.0,125.0,98.0392156862745,7.352941176470588,63.725490196078425,0.5511221945137157,5.581047381546135,7.352941176470588,7.352941176470588,0.0,2.450980392156863,2.450980392156863,0.0,22.058823529411764,0.0,0.0,0.0,4.901960784313726,19.607843137254903,12.254901960784313,2.450980392156863,0.0,0.0,0.0,2.450980392156863,4.901960784313726,7.352941176470588,2.450980392156863,0.0,4.901960784313726
D18-1192,2.4390243902439024,4.878048780487805,58.53658536585366,0.0,0.0,12.195121951219512,0.0,0.0,12.195121951219512,0.0,0.0,0.0,14.634146341463415,53.65853658536585,2.4390243902439024,263.4146341463415,12.195121951219512,2.4390243902439024,2.4390243902439024,0.0,2.4390243902439024,0.0,0.0,17.073170731707318,4.878048780487805,0.0,7.317073170731708,2.4390243902439024,7.317073170731708,0.0,0.0,0.0,2.4390243902439024,0.0,0.0,0.0,2.4390243902439024,7.317073170731708,114.63414634146342,75.60975609756098,0.0,46.34146341463415,0.5196078431372549,5.541666666666667,7.317073170731708,4.878048780487805,0.0,2.4390243902439024,2.4390243902439024,0.0,17.073170731707318,4.878048780487805,2.4390243902439024,0.0,4.878048780487805,7.317073170731708,7.317073170731708,0.0,0.0,0.0,2.4390243902439024,2.4390243902439024,7.317073170731708,17.073170731707318,0.0,0.0,4.878048780487805
D18-1235,0.0,2.4154589371980677,53.14009661835749,2.4154589371980677,0.0,14.492753623188406,0.0,2.4154589371980677,0.0,0.0,0.0,0.0,12.077294685990339,48.309178743961354,9.66183574879227,260.8695652173913,4.830917874396135,0.0,12.077294685990339,0.0,7.246376811594203,0.0,0.0,12.077294685990339,9.66183574879227,0.0,12.077294685990339,0.0,7.246376811594203,0.0,0.0,0.0,2.4154589371980677,2.4154589371980677,0.0,0.0,0.0,2.4154589371980677,115.94202898550725,99.03381642512076,7.246376811594203,60.386473429951685,0.5800970873786407,5.733009708737864,7.246376811594203,2.4154589371980677,0.0,0.0,4.830917874396135,2.4154589371980677,12.077294685990339,12.077294685990339,0.0,0.0,0.0,16.908212560386474,9.66183574879227,0.0,0.0,0.0,0.0,0.0,2.4154589371980677,12.077294685990339,0.0,0.0,4.830917874396135
D18-1247,0.0,4.938271604938271,61.72839506172839,0.0,0.0,12.345679012345679,0.0,2.4691358024691357,4.938271604938271,4.938271604938271,0.0,0.0,19.753086419753085,103.7037037037037,7.407407407407407,229.62962962962962,9.876543209876543,0.0,7.407407407407407,0.0,2.4691358024691357,0.0,0.0,14.814814814814815,4.938271604938271,0.0,0.0,0.0,12.345679012345679,0.0,0.0,0.0,0.0,2.4691358024691357,0.0,0.0,0.0,0.0,135.80246913580245,91.35802469135803,2.4691358024691357,56.79012345679013,0.5533498759305211,6.096774193548387,4.938271604938271,2.4691358024691357,0.0,0.0,4.938271604938271,0.0,14.814814814814815,4.938271604938271,0.0,0.0,0.0,4.938271604938271,4.938271604938271,0.0,0.0,0.0,0.0,4.938271604938271,9.876543209876543,14.814814814814815,0.0,0.0,4.938271604938271
D18-1249,0.0,9.925558312655086,71.96029776674938,0.0,2.4813895781637716,12.40694789081886,0.0,7.444168734491315,4.962779156327543,0.0,0.0,0.0,17.3697270471464,104.21836228287842,12.40694789081886,225.80645161290323,4.962779156327543,0.0,12.40694789081886,0.0,4.962779156327543,0.0,0.0,22.332506203473944,2.4813895781637716,0.0,2.4813895781637716,0.0,9.925558312655086,0.0,0.0,0.0,0.0,2.4813895781637716,0.0,0.0,0.0,2.4813895781637716,104.21836228287842,91.81141439205956,4.962779156327543,59.55334987593052,0.5536159600997507,5.807980049875312,9.925558312655086,2.4813895781637716,0.0,0.0,0.0,0.0,14.88833746898263,0.0,0.0,0.0,0.0,9.925558312655086,4.962779156327543,0.0,0.0,0.0,0.0,7.444168734491315,7.444168734491315,32.25806451612903,4.962779156327543,0.0,4.962779156327543
D18-1254,0.0,4.987531172069826,57.356608478803,4.987531172069826,0.0,7.481296758104738,0.0,7.481296758104738,2.493765586034913,0.0,0.0,0.0,22.443890274314214,49.87531172069826,9.975062344139651,256.857855361596,9.975062344139651,2.493765586034913,14.962593516209475,0.0,0.0,0.0,0.0,22.443890274314214,4.987531172069826,0.0,2.493765586034913,0.0,2.493765586034913,0.0,0.0,0.0,0.0,7.481296758104738,0.0,0.0,0.0,7.481296758104738,109.72568578553616,114.713216957606,9.975062344139651,59.8503740648379,0.57356608478803,6.007481296758105,7.481296758104738,2.493765586034913,0.0,0.0,2.493765586034913,0.0,22.443890274314214,7.481296758104738,0.0,0.0,4.987531172069826,7.481296758104738,7.481296758104738,0.0,0.0,0.0,0.0,2.493765586034913,7.481296758104738,12.468827930174564,0.0,0.0,4.987531172069826
D18-1266,0.0,0.0,69.4789081885856,2.4813895781637716,2.4813895781637716,22.332506203473944,0.0,0.0,4.962779156327543,0.0,0.0,0.0,29.77667493796526,34.7394540942928,19.851116625310173,240.69478908188586,7.444168734491315,2.4813895781637716,14.88833746898263,0.0,2.4813895781637716,0.0,0.0,24.81389578163772,7.444168734491315,0.0,2.4813895781637716,0.0,14.88833746898263,0.0,0.0,0.0,0.0,2.4813895781637716,2.4813895781637716,0.0,0.0,0.0,89.33002481389578,109.18114143920596,0.0,54.59057071960298,0.5175,5.8,0.0,7.444168734491315,0.0,0.0,7.444168734491315,0.0,24.81389578163772,2.4813895781637716,0.0,0.0,0.0,9.925558312655086,12.40694789081886,0.0,0.0,2.4813895781637716,0.0,7.444168734491315,7.444168734491315,19.851116625310173,0.0,0.0,2.4813895781637716
D18-1290,0.0,2.398081534772182,62.35011990407674,0.0,0.0,14.388489208633095,0.0,4.796163069544364,2.398081534772182,0.0,0.0,0.0,21.58273381294964,59.95203836930456,7.194244604316547,290.16786570743403,9.592326139088728,0.0,9.592326139088728,0.0,2.398081534772182,0.0,0.0,11.990407673860911,7.194244604316547,0.0,2.398081534772182,0.0,14.388489208633095,0.0,0.0,0.0,0.0,4.796163069544364,0.0,0.0,0.0,2.398081534772182,122.3021582733813,86.33093525179856,2.398081534772182,47.961630695443645,0.5302663438256658,5.760290556900727,2.398081534772182,2.398081534772182,0.0,0.0,2.398081534772182,0.0,21.58273381294964,7.194244604316547,0.0,0.0,0.0,4.796163069544364,4.796163069544364,0.0,0.0,0.0,0.0,2.398081534772182,11.990407673860911,14.388489208633095,0.0,0.0,2.398081534772182
D18-1301,0.0,12.106537530266344,65.37530266343826,2.4213075060532687,0.0,24.213075060532688,0.0,0.0,2.4213075060532687,0.0,0.0,2.4213075060532687,16.949152542372882,62.953995157384995,12.106537530266344,249.39467312348668,7.263922518159807,0.0,7.263922518159807,0.0,7.263922518159807,0.0,0.0,12.106537530266344,0.0,2.4213075060532687,2.4213075060532687,2.4213075060532687,9.685230024213075,0.0,0.0,0.0,0.0,2.4213075060532687,0.0,0.0,0.0,2.4213075060532687,138.01452784503633,113.80145278450362,4.842615012106537,36.31961259079903,0.5485436893203883,5.657766990291262,2.4213075060532687,4.842615012106537,0.0,0.0,4.842615012106537,0.0,14.527845036319613,2.4213075060532687,0.0,0.0,2.4213075060532687,9.685230024213075,7.263922518159807,0.0,0.0,0.0,0.0,0.0,0.0,29.055690072639226,2.4213075060532687,0.0,7.263922518159807
D18-1311,0.0,7.407407407407407,59.25925925925926,0.0,0.0,12.345679012345679,0.0,4.938271604938271,2.4691358024691357,0.0,0.0,0.0,17.28395061728395,46.91358024691358,12.345679012345679,259.25925925925924,2.4691358024691357,0.0,9.876543209876543,0.0,2.4691358024691357,0.0,0.0,17.28395061728395,9.876543209876543,0.0,2.4691358024691357,0.0,12.345679012345679,0.0,0.0,0.0,0.0,4.938271604938271,0.0,0.0,0.0,4.938271604938271,116.04938271604938,118.51851851851852,4.938271604938271,51.85185185185185,0.554726368159204,6.119402985074627,9.876543209876543,0.0,0.0,0.0,4.938271604938271,0.0,19.753086419753085,2.4691358024691357,0.0,0.0,0.0,9.876543209876543,2.4691358024691357,0.0,0.0,0.0,0.0,9.876543209876543,14.814814814814815,22.22222222222222,0.0,0.0,0.0
D18-1325,0.0,9.30232558139535,60.46511627906977,4.651162790697675,0.0,16.27906976744186,0.0,0.0,2.3255813953488373,4.651162790697675,0.0,0.0,16.27906976744186,44.18604651162791,0.0,327.90697674418607,4.651162790697675,0.0,9.30232558139535,0.0,4.651162790697675,0.0,0.0,9.30232558139535,6.976744186046512,0.0,0.0,2.3255813953488373,13.953488372093023,0.0,0.0,0.0,0.0,0.0,0.0,0.0,0.0,2.3255813953488373,123.25581395348837,86.04651162790698,9.30232558139535,30.232558139534884,0.4649532710280374,6.179906542056075,2.3255813953488373,0.0,0.0,0.0,2.3255813953488373,0.0,6.976744186046512,0.0,0.0,0.0,2.3255813953488373,16.27906976744186,13.953488372093023,0.0,0.0,0.0,0.0,2.3255813953488373,6.976744186046512,25.58139534883721,9.30232558139535,0.0,0.0
D18-1347,0.0,2.403846153846154,60.09615384615385,0.0,0.0,14.423076923076923,0.0,0.0,4.807692307692308,2.403846153846154,0.0,0.0,28.846153846153847,43.26923076923077,14.423076923076923,262.0192307692308,7.211538461538462,2.403846153846154,12.01923076923077,0.0,2.403846153846154,0.0,0.0,12.01923076923077,7.211538461538462,0.0,2.403846153846154,2.403846153846154,9.615384615384617,0.0,0.0,0.0,0.0,4.807692307692308,0.0,0.0,0.0,2.403846153846154,108.17307692307693,93.75,2.403846153846154,64.90384615384616,0.5625,6.079326923076923,4.807692307692308,0.0,0.0,0.0,7.211538461538462,0.0,7.211538461538462,7.211538461538462,0.0,0.0,7.211538461538462,2.403846153846154,9.615384615384617,0.0,0.0,2.403846153846154,0.0,4.807692307692308,9.615384615384617,33.65384615384615,4.807692307692308,0.0,4.807692307692308
D18-1352,0.0,2.3094688221709005,50.80831408775981,0.0,0.0,18.475750577367204,0.0,4.618937644341801,0.0,0.0,0.0,0.0,16.166281755196305,41.57043879907621,6.928406466512702,263.2794457274827,4.618937644341801,0.0,9.237875288683602,0.0,0.0,0.0,0.0,13.856812933025404,4.618937644341801,0.0,0.0,0.0,11.547344110854503,0.0,0.0,0.0,0.0,2.3094688221709005,0.0,0.0,0.0,0.0,136.25866050808312,90.06928406466514,4.618937644341801,48.49884526558892,0.4682352941176471,5.470588235294118,2.3094688221709005,2.3094688221709005,0.0,6.928406466512702,0.0,0.0,20.785219399538104,6.928406466512702,0.0,0.0,2.3094688221709005,6.928406466512702,2.3094688221709005,4.618937644341801,0.0,0.0,0.0,0.0,0.0,13.856812933025404,2.3094688221709005,0.0,2.3094688221709005
D18-1355,0.0,12.135922330097086,58.25242718446602,0.0,0.0,16.990291262135923,0.0,4.854368932038835,0.0,0.0,0.0,0.0,14.563106796116505,87.37864077669903,7.281553398058253,259.70873786407765,2.4271844660194173,0.0,14.563106796116505,0.0,7.281553398058253,0.0,0.0,16.990291262135923,0.0,0.0,9.70873786407767,0.0,7.281553398058253,0.0,0.0,0.0,0.0,2.4271844660194173,0.0,0.0,0.0,4.854368932038835,111.6504854368932,99.51456310679612,4.854368932038835,53.398058252427184,0.5756097560975609,6.304878048780488,4.854368932038835,0.0,0.0,0.0,7.281553398058253,0.0,12.135922330097086,2.4271844660194173,0.0,0.0,0.0,12.135922330097086,4.854368932038835,0.0,0.0,2.4271844660194173,0.0,7.281553398058253,14.563106796116505,29.12621359223301,4.854368932038835,0.0,0.0
D18-1373,0.0,12.40694789081886,62.03473945409429,2.4813895781637716,0.0,2.4813895781637716,0.0,4.962779156327543,4.962779156327543,0.0,0.0,0.0,9.925558312655086,101.73697270471465,7.444168734491315,250.62034739454091,2.4813895781637716,0.0,7.444168734491315,0.0,2.4813895781637716,0.0,0.0,24.81389578163772,4.962779156327543,0.0,2.4813895781637716,0.0,4.962779156327543,0.0,0.0,0.0,0.0,2.4813895781637716,0.0,0.0,0.0,2.4813895781637716,119.10669975186104,94.29280397022333,2.4813895781637716,49.62779156327544,0.5671641791044776,6.169154228855722,9.925558312655086,2.4813895781637716,0.0,0.0,7.444168734491315,0.0,14.88833746898263,0.0,0.0,0.0,0.0,19.851116625310173,7.444168734491315,0.0,0.0,0.0,0.0,2.4813895781637716,7.444168734491315,27.29528535980149,0.0,0.0,2.4813895781637716
D18-1536,0.0,2.4213075060532687,48.426150121065376,0.0,0.0,4.842615012106537,0.0,0.0,2.4213075060532687,0.0,0.0,0.0,4.842615012106537,65.37530266343826,14.527845036319613,300.2421307506053,12.106537530266344,2.4213075060532687,4.842615012106537,2.4213075060532687,0.0,0.0,0.0,19.37046004842615,4.842615012106537,0.0,0.0,0.0,2.4213075060532687,0.0,0.0,0.0,0.0,0.0,0.0,0.0,0.0,7.263922518159807,106.53753026634382,94.43099273607749,2.4213075060532687,38.7409200968523,0.5634146341463414,5.873170731707317,2.4213075060532687,2.4213075060532687,0.0,0.0,0.0,0.0,16.949152542372882,0.0,0.0,0.0,2.4213075060532687,7.263922518159807,9.685230024213075,0.0,0.0,0.0,0.0,2.4213075060532687,2.4213075060532687,12.106537530266344,0.0,0.0,4.842615012106537
N09-1028,0.0,4.68384074941452,53.86416861826697,0.0,0.0,18.73536299765808,0.0,4.68384074941452,2.34192037470726,4.68384074941452,0.0,0.0,16.393442622950822,51.52224824355972,11.7096018735363,292.74004683840747,4.68384074941452,0.0,9.36768149882904,0.0,4.68384074941452,0.0,0.0,11.7096018735363,4.68384074941452,0.0,4.68384074941452,0.0,4.68384074941452,0.0,0.0,0.0,0.0,4.68384074941452,0.0,0.0,0.0,7.02576112412178,152.2248243559719,79.62529274004685,2.34192037470726,49.18032786885246,0.5058548009367682,5.948477751756441,4.68384074941452,2.34192037470726,0.0,0.0,4.68384074941452,0.0,11.7096018735363,7.02576112412178,0.0,0.0,2.34192037470726,4.68384074941452,7.02576112412178,0.0,0.0,0.0,0.0,0.0,11.7096018735363,9.36768149882904,0.0,0.0,2.34192037470726
N09-1044,0.0,2.3696682464454977,52.132701421800945,0.0,0.0,14.218009478672984,0.0,4.739336492890995,2.3696682464454977,0.0,0.0,0.0,18.95734597156398,68.72037914691943,2.3696682464454977,293.8388625592417,0.0,2.3696682464454977,14.218009478672984,0.0,2.3696682464454977,0.0,0.0,9.47867298578199,4.739336492890995,0.0,9.47867298578199,0.0,9.47867298578199,0.0,0.0,0.0,0.0,7.109004739336492,0.0,0.0,0.0,2.3696682464454977,130.33175355450237,125.59241706161137,4.739336492890995,35.54502369668246,0.5285714285714286,5.95952380952381,7.109004739336492,0.0,0.0,0.0,7.109004739336492,0.0,11.848341232227487,4.739336492890995,0.0,0.0,0.0,4.739336492890995,0.0,0.0,0.0,0.0,0.0,2.3696682464454977,7.109004739336492,4.739336492890995,0.0,0.0,0.0
N10-1003,4.88997555012225,4.88997555012225,58.67970660146699,0.0,2.444987775061125,17.114914425427873,0.0,4.88997555012225,2.444987775061125,0.0,0.0,0.0,17.114914425427873,39.119804400978,17.114914425427873,261.6136919315403,4.88997555012225,0.0,12.224938875305625,0.0,4.88997555012225,0.0,0.0,4.88997555012225,2.444987775061125,0.0,9.7799511002445,0.0,9.7799511002445,0.0,0.0,0.0,0.0,2.444987775061125,0.0,0.0,0.0,7.334963325183374,122.24938875305622,107.57946210268948,0.0,56.23471882640587,0.5806451612903226,5.86848635235732,4.88997555012225,2.444987775061125,0.0,2.444987775061125,0.0,0.0,22.004889975550125,9.7799511002445,0.0,0.0,0.0,14.669926650366747,9.7799511002445,0.0,0.0,0.0,0.0,0.0,4.88997555012225,9.7799511002445,0.0,0.0,4.88997555012225
N10-1019,0.0,4.651162790697675,53.48837209302326,0.0,0.0,9.30232558139535,0.0,2.3255813953488373,0.0,0.0,0.0,2.3255813953488373,11.627906976744185,48.83720930232558,20.930232558139533,283.72093023255815,4.651162790697675,2.3255813953488373,9.30232558139535,0.0,4.651162790697675,0.0,0.0,13.953488372093023,6.976744186046512,0.0,9.30232558139535,2.3255813953488373,4.651162790697675,0.0,0.0,0.0,4.651162790697675,2.3255813953488373,0.0,0.0,0.0,6.976744186046512,123.25581395348837,86.04651162790698,0.0,39.53488372093023,0.5314685314685315,5.771561771561772,4.651162790697675,4.651162790697675,0.0,0.0,0.0,0.0,20.930232558139533,6.976744186046512,0.0,0.0,2.3255813953488373,9.30232558139535,4.651162790697675,0.0,0.0,0.0,0.0,0.0,2.3255813953488373,30.232558139534884,4.651162790697675,0.0,0.0
N10-1025,0.0,4.987531172069826,62.34413965087282,2.493765586034913,0.0,14.962593516209475,0.0,4.987531172069826,0.0,0.0,0.0,0.0,17.456359102244388,72.31920199501248,2.493765586034913,279.3017456359102,7.481296758104738,0.0,4.987531172069826,0.0,2.493765586034913,0.0,0.0,17.456359102244388,4.987531172069826,0.0,0.0,0.0,9.975062344139651,0.0,0.0,0.0,0.0,4.987531172069826,0.0,0.0,0.0,4.987531172069826,132.16957605985039,84.78802992518703,2.493765586034913,39.900249376558605,0.5188916876574308,5.8085642317380355,0.0,0.0,0.0,0.0,2.493765586034913,0.0,12.468827930174564,4.987531172069826,0.0,0.0,0.0,7.481296758104738,2.493765586034913,0.0,0.0,0.0,0.0,4.987531172069826,12.468827930174564,22.443890274314214,0.0,0.0,4.987531172069826
N10-1097,0.0,2.375296912114014,64.13301662707839,2.375296912114014,0.0,9.501187648456057,0.0,4.750593824228028,4.750593824228028,0.0,0.0,0.0,19.002375296912113,64.13301662707839,4.750593824228028,254.15676959619955,7.125890736342043,0.0,9.501187648456057,0.0,4.750593824228028,0.0,0.0,9.501187648456057,2.375296912114014,0.0,0.0,0.0,16.6270783847981,0.0,0.0,0.0,0.0,0.0,0.0,0.0,0.0,7.125890736342043,133.0166270783848,95.01187648456057,4.750593824228028,47.50593824228029,0.5645933014354066,6.057416267942584,4.750593824228028,2.375296912114014,0.0,0.0,2.375296912114014,0.0,19.002375296912113,4.750593824228028,0.0,0.0,0.0,7.125890736342043,7.125890736342043,0.0,0.0,0.0,0.0,0.0,9.501187648456057,21.377672209026127,7.125890736342043,0.0,2.375296912114014
N12-1015,0.0,0.0,63.82978723404255,0.0,2.3640661938534278,14.184397163120567,0.0,2.3640661938534278,7.092198581560283,2.3640661938534278,0.0,0.0,14.184397163120567,47.28132387706856,11.82033096926714,257.6832151300236,7.092198581560283,0.0,16.548463356973993,2.3640661938534278,7.092198581560283,0.0,0.0,11.82033096926714,2.3640661938534278,0.0,2.3640661938534278,2.3640661938534278,4.7281323877068555,0.0,0.0,0.0,0.0,4.7281323877068555,0.0,0.0,0.0,4.7281323877068555,141.84397163120568,115.83924349881796,2.3640661938534278,42.5531914893617,0.5308056872037915,5.898104265402844,9.456264775413711,2.3640661938534278,0.0,0.0,0.0,0.0,18.912529550827422,0.0,0.0,0.0,2.3640661938534278,11.82033096926714,7.092198581560283,0.0,0.0,2.3640661938534278,0.0,0.0,2.3640661938534278,18.912529550827422,0.0,0.0,7.092198581560283
N12-1091,0.0,0.0,64.81481481481481,2.314814814814815,0.0,18.51851851851852,0.0,6.944444444444444,0.0,6.944444444444444,0.0,0.0,13.888888888888888,50.925925925925924,20.833333333333332,270.8333333333333,6.944444444444444,0.0,18.51851851851852,0.0,4.62962962962963,0.0,0.0,13.888888888888888,2.314814814814815,0.0,4.62962962962963,0.0,4.62962962962963,0.0,0.0,0.0,0.0,4.62962962962963,0.0,0.0,0.0,0.0,125.0,106.48148148148148,6.944444444444444,50.925925925925924,0.5185185185185185,5.888888888888889,2.314814814814815,2.314814814814815,0.0,2.314814814814815,2.314814814814815,0.0,13.888888888888888,4.62962962962963,0.0,0.0,4.62962962962963,6.944444444444444,6.944444444444444,0.0,0.0,0.0,0.0,0.0,4.62962962962963,20.833333333333332,4.62962962962963,0.0,2.314814814814815
N13-1089,0.0,0.0,72.09302325581396,0.0,0.0,9.30232558139535,0.0,4.651162790697675,4.651162790697675,2.3255813953488373,0.0,0.0,25.58139534883721,48.83720930232558,16.27906976744186,246.51162790697674,6.976744186046512,0.0,6.976744186046512,0.0,2.3255813953488373,0.0,0.0,13.953488372093023,2.3255813953488373,0.0,2.3255813953488373,0.0,9.30232558139535,0.0,0.0,0.0,0.0,11.627906976744185,0.0,0.0,0.0,2.3255813953488373,130.2325581395349,130.2325581395349,4.651162790697675,51.16279069767442,0.5257009345794392,5.883177570093458,4.651162790697675,2.3255813953488373,0.0,0.0,9.30232558139535,0.0,16.27906976744186,4.651162790697675,0.0,0.0,2.3255813953488373,6.976744186046512,9.30232558139535,0.0,0.0,2.3255813953488373,0.0,4.651162790697675,11.627906976744185,13.953488372093023,2.3255813953488373,0.0,2.3255813953488373
N13-1096,0.0,9.456264775413711,66.19385342789597,0.0,0.0,4.7281323877068555,0.0,2.3640661938534278,2.3640661938534278,0.0,0.0,0.0,26.004728132387708,33.09692671394799,14.184397163120567,319.1489361702128,2.3640661938534278,0.0,7.092198581560283,0.0,2.3640661938534278,0.0,0.0,21.27659574468085,2.3640661938534278,0.0,4.7281323877068555,0.0,16.548463356973993,0.0,0.0,0.0,0.0,4.7281323877068555,0.0,0.0,0.0,2.3640661938534278,141.84397163120568,113.47517730496453,2.3640661938534278,35.46099290780142,0.5011820330969267,5.74468085106383,4.7281323877068555,4.7281323877068555,0.0,0.0,0.0,0.0,4.7281323877068555,2.3640661938534278,0.0,0.0,0.0,4.7281323877068555,0.0,0.0,0.0,0.0,0.0,0.0,0.0,18.912529550827422,4.7281323877068555,0.0,4.7281323877068555
N13-1114,0.0,14.669926650366747,46.45476772616137,4.88997555012225,0.0,14.669926650366747,0.0,2.444987775061125,2.444987775061125,0.0,0.0,0.0,14.669926650366747,73.34963325183375,7.334963325183374,300.7334963325183,14.669926650366747,2.444987775061125,7.334963325183374,0.0,7.334963325183374,0.0,0.0,4.88997555012225,9.7799511002445,2.444987775061125,0.0,0.0,0.0,0.0,0.0,0.0,0.0,2.444987775061125,0.0,0.0,2.444987775061125,4.88997555012225,117.35941320293398,58.67970660146699,2.444987775061125,61.12469437652811,0.4841075794621027,5.84841075794621,12.224938875305625,0.0,0.0,0.0,0.0,0.0,12.224938875305625,14.669926650366747,2.444987775061125,0.0,0.0,14.669926650366747,2.444987775061125,0.0,0.0,0.0,0.0,0.0,9.7799511002445,19.559902200489,4.88997555012225,0.0,2.444987775061125
N13-1127,0.0,4.796163069544364,59.95203836930456,0.0,0.0,9.592326139088728,0.0,4.796163069544364,4.796163069544364,2.398081534772182,0.0,2.398081534772182,19.184652278177456,55.15587529976019,14.388489208633095,256.5947242206235,0.0,0.0,11.990407673860911,0.0,14.388489208633095,0.0,0.0,7.194244604316547,2.398081534772182,2.398081534772182,0.0,0.0,7.194244604316547,0.0,2.398081534772182,0.0,2.398081534772182,2.398081534772182,0.0,0.0,0.0,4.796163069544364,136.6906474820144,129.49640287769785,0.0,33.57314148681055,0.5349397590361445,5.920481927710844,2.398081534772182,4.796163069544364,0.0,0.0,2.398081534772182,0.0,14.388489208633095,7.194244604316547,4.796163069544364,0.0,9.592326139088728,9.592326139088728,11.990407673860911,0.0,0.0,0.0,0.0,0.0,0.0,16.786570743405274,0.0,0.0,4.796163069544364
N15-1040,0.0,7.352941176470588,63.725490196078425,0.0,0.0,19.607843137254903,0.0,7.352941176470588,7.352941176470588,4.901960784313726,0.0,0.0,17.156862745098042,56.372549019607845,26.96078431372549,245.09803921568627,4.901960784313726,2.450980392156863,9.803921568627452,0.0,0.0,0.0,0.0,12.254901960784313,4.901960784313726,0.0,4.901960784313726,0.0,12.254901960784313,0.0,0.0,0.0,0.0,4.901960784313726,0.0,0.0,0.0,7.352941176470588,122.54901960784314,98.0392156862745,4.901960784313726,36.76470588235294,0.5454545454545454,5.798525798525799,2.450980392156863,2.450980392156863,0.0,0.0,2.450980392156863,0.0,7.352941176470588,0.0,0.0,0.0,2.450980392156863,2.450980392156863,7.352941176470588,0.0,0.0,0.0,0.0,0.0,2.450980392156863,4.901960784313726,4.901960784313726,0.0,0.0
N15-1053,0.0,5.0,65.0,2.5,0.0,12.5,0.0,0.0,0.0,2.5,0.0,0.0,25.0,62.5,5.0,247.5,5.0,0.0,12.5,2.5,0.0,0.0,0.0,5.0,10.0,0.0,5.0,0.0,12.5,0.0,0.0,2.5,0.0,10.0,0.0,0.0,0.0,5.0,117.5,115.0,0.0,50.0,0.5289672544080605,5.816120906801007,2.5,7.5,0.0,0.0,5.0,0.0,15.0,0.0,0.0,0.0,7.5,0.0,2.5,2.5,0.0,0.0,0.0,0.0,7.5,22.5,0.0,0.0,5.0
N15-1095,2.4630541871921183,2.4630541871921183,54.187192118226605,4.926108374384237,0.0,22.167487684729064,0.0,2.4630541871921183,12.315270935960593,0.0,0.0,0.0,9.852216748768473,103.44827586206897,14.778325123152708,204.43349753694582,4.926108374384237,2.4630541871921183,7.389162561576354,0.0,2.4630541871921183,0.0,0.0,14.778325123152708,12.315270935960593,0.0,0.0,0.0,7.389162561576354,0.0,0.0,0.0,2.4630541871921183,0.0,0.0,0.0,0.0,2.4630541871921183,130.54187192118226,93.59605911330048,0.0,49.26108374384237,0.5074257425742574,6.344059405940594,12.315270935960593,4.926108374384237,0.0,0.0,4.926108374384237,0.0,12.315270935960593,2.4630541871921183,0.0,0.0,2.4630541871921183,2.4630541871921183,12.315270935960593,0.0,0.0,0.0,0.0,2.4630541871921183,2.4630541871921183,22.167487684729064,0.0,0.0,4.926108374384237
N15-1163,0.0,2.487562189054726,59.701492537313435,2.487562189054726,0.0,9.950248756218905,0.0,4.975124378109452,4.975124378109452,0.0,0.0,0.0,14.925373134328359,42.28855721393035,17.412935323383085,258.70646766169153,12.437810945273633,0.0,7.462686567164179,0.0,2.487562189054726,0.0,0.0,17.412935323383085,12.437810945273633,0.0,0.0,0.0,14.925373134328359,0.0,0.0,0.0,0.0,0.0,0.0,0.0,0.0,4.975124378109452,131.8407960199005,106.96517412935323,2.487562189054726,34.82587064676617,0.5225,5.76,7.462686567164179,2.487562189054726,0.0,0.0,7.462686567164179,0.0,22.388059701492537,0.0,0.0,0.0,2.487562189054726,4.975124378109452,9.950248756218905,0.0,0.0,2.487562189054726,0.0,0.0,2.487562189054726,9.950248756218905,0.0,0.0,2.487562189054726
N16-1007,2.4096385542168677,2.4096385542168677,57.83132530120482,0.0,0.0,21.686746987951807,0.0,0.0,4.819277108433735,4.819277108433735,0.0,0.0,19.27710843373494,48.19277108433735,2.4096385542168677,226.50602409638554,4.819277108433735,0.0,9.63855421686747,0.0,2.4096385542168677,0.0,0.0,19.27710843373494,4.819277108433735,0.0,0.0,4.819277108433735,9.63855421686747,0.0,0.0,0.0,0.0,7.228915662650603,0.0,0.0,0.0,2.4096385542168677,113.25301204819277,98.79518072289156,2.4096385542168677,55.42168674698795,0.5181598062953995,5.9757869249394675,4.819277108433735,2.4096385542168677,0.0,0.0,9.63855421686747,0.0,12.048192771084338,0.0,0.0,0.0,4.819277108433735,7.228915662650603,7.228915662650603,0.0,0.0,0.0,0.0,2.4096385542168677,2.4096385542168677,36.144578313253014,4.819277108433735,0.0,2.4096385542168677
N16-1056,2.3809523809523814,14.285714285714285,45.238095238095234,0.0,0.0,4.761904761904763,0.0,11.904761904761903,0.0,0.0,0.0,0.0,4.761904761904763,50.0,9.523809523809526,300.0,0.0,0.0,14.285714285714285,0.0,2.3809523809523814,0.0,0.0,7.142857142857142,4.761904761904763,2.3809523809523814,2.3809523809523814,4.761904761904763,2.3809523809523814,0.0,0.0,0.0,0.0,2.3809523809523814,0.0,0.0,0.0,2.3809523809523814,152.3809523809524,116.66666666666667,9.523809523809526,40.47619047619048,0.580952380952381,6.164285714285715,2.3809523809523814,0.0,0.0,2.3809523809523814,4.761904761904763,0.0,21.428571428571427,2.3809523809523814,0.0,0.0,0.0,7.142857142857142,4.761904761904763,0.0,0.0,0.0,0.0,0.0,2.3809523809523814,21.428571428571427,0.0,0.0,0.0
N16-1136,0.0,11.990407673860911,64.74820143884892,0.0,0.0,4.796163069544364,0.0,2.398081534772182,11.990407673860911,7.194244604316547,0.0,0.0,19.184652278177456,67.1462829736211,4.796163069544364,247.00239808153475,9.592326139088728,2.398081534772182,14.388489208633095,0.0,0.0,0.0,0.0,19.184652278177456,11.990407673860911,0.0,0.0,0.0,11.990407673860911,0.0,0.0,0.0,0.0,4.796163069544364,0.0,0.0,0.0,2.398081534772182,115.10791366906476,88.72901678657075,0.0,40.7673860911271,0.5432692307692307,5.877403846153846,7.194244604316547,2.398081534772182,0.0,0.0,0.0,0.0,16.786570743405274,0.0,0.0,0.0,0.0,9.592326139088728,9.592326139088728,0.0,0.0,0.0,0.0,0.0,0.0,31.17505995203837,0.0,0.0,2.398081534772182
N16-1137,0.0,9.70873786407767,63.10679611650485,0.0,0.0,9.70873786407767,0.0,4.854368932038835,2.4271844660194173,0.0,0.0,0.0,19.41747572815534,67.96116504854369,4.854368932038835,281.5533980582524,7.281553398058253,0.0,12.135922330097086,0.0,4.854368932038835,0.0,0.0,16.990291262135923,4.854368932038835,0.0,2.4271844660194173,0.0,4.854368932038835,0.0,0.0,0.0,0.0,9.70873786407767,0.0,0.0,0.0,2.4271844660194173,109.22330097087378,126.2135922330097,2.4271844660194173,50.970873786407765,0.573170731707317,5.9609756097560975,2.4271844660194173,0.0,0.0,0.0,2.4271844660194173,0.0,16.990291262135923,0.0,0.0,0.0,0.0,9.70873786407767,7.281553398058253,0.0,0.0,2.4271844660194173,0.0,0.0,2.4271844660194173,16.990291262135923,0.0,0.0,2.4271844660194173
N16-1140,0.0,2.4691358024691357,46.91358024691358,0.0,4.938271604938271,14.814814814814815,0.0,2.4691358024691357,4.938271604938271,0.0,0.0,0.0,9.876543209876543,79.01234567901234,4.938271604938271,259.25925925925924,4.938271604938271,0.0,2.4691358024691357,0.0,2.4691358024691357,0.0,0.0,9.876543209876543,9.876543209876543,0.0,2.4691358024691357,2.4691358024691357,2.4691358024691357,0.0,0.0,0.0,0.0,2.4691358024691357,0.0,0.0,0.0,0.0,133.33333333333334,106.17283950617285,0.0,66.66666666666667,0.5247524752475248,6.393564356435643,4.938271604938271,2.4691358024691357,0.0,0.0,9.876543209876543,0.0,9.876543209876543,4.938271604938271,0.0,0.0,0.0,9.876543209876543,12.345679012345679,0.0,0.0,0.0,0.0,2.4691358024691357,4.938271604938271,7.407407407407407,2.4691358024691357,0.0,2.4691358024691357
N16-1180,0.0,4.88997555012225,66.01466992665037,4.88997555012225,0.0,19.559902200489,0.0,2.444987775061125,4.88997555012225,0.0,0.0,0.0,29.339853300733495,48.8997555012225,4.88997555012225,266.5036674816626,2.444987775061125,0.0,9.7799511002445,0.0,4.88997555012225,0.0,4.88997555012225,12.224938875305625,7.334963325183374,0.0,2.444987775061125,0.0,17.114914425427873,0.0,0.0,0.0,2.444987775061125,0.0,0.0,0.0,0.0,0.0,129.5843520782396,117.35941320293398,2.444987775061125,53.78973105134474,0.5770171149144254,6.256723716381418,4.88997555012225,2.444987775061125,0.0,0.0,4.88997555012225,0.0,14.669926650366747,4.88997555012225,0.0,0.0,4.88997555012225,12.224938875305625,7.334963325183374,0.0,0.0,0.0,0.0,0.0,2.444987775061125,14.669926650366747,2.444987775061125,0.0,4.88997555012225
N18-1001,0.0,2.4096385542168677,55.42168674698795,9.63855421686747,0.0,0.0,0.0,0.0,2.4096385542168677,4.819277108433735,0.0,0.0,9.63855421686747,45.78313253012048,4.819277108433735,327.710843373494,4.819277108433735,0.0,4.819277108433735,0.0,7.228915662650603,0.0,0.0,4.819277108433735,4.819277108433735,0.0,2.4096385542168677,0.0,7.228915662650603,0.0,0.0,0.0,0.0,0.0,0.0,0.0,0.0,2.4096385542168677,130.12048192771084,110.8433734939759,2.4096385542168677,43.373493975903614,0.5845410628019324,5.913043478260869,7.228915662650603,4.819277108433735,0.0,0.0,0.0,0.0,12.048192771084338,2.4096385542168677,0.0,0.0,4.819277108433735,9.63855421686747,16.867469879518072,0.0,0.0,4.819277108433735,0.0,0.0,2.4096385542168677,14.457831325301205,2.4096385542168677,0.0,4.819277108433735
N18-1011,0.0,11.7096018735363,60.88992974238876,0.0,0.0,9.36768149882904,0.0,0.0,7.02576112412178,2.34192037470726,0.0,0.0,16.393442622950822,53.86416861826697,9.36768149882904,262.29508196721315,11.7096018735363,0.0,4.68384074941452,0.0,0.0,0.0,0.0,14.05152224824356,9.36768149882904,0.0,4.68384074941452,0.0,7.02576112412178,0.0,0.0,0.0,0.0,2.34192037470726,0.0,0.0,0.0,2.34192037470726,152.2248243559719,84.30913348946136,2.34192037470726,37.47072599531616,0.5391923990498813,5.8741092636579575,4.68384074941452,0.0,0.0,0.0,7.02576112412178,0.0,18.73536299765808,0.0,0.0,0.0,4.68384074941452,7.02576112412178,0.0,0.0,0.0,0.0,0.0,7.02576112412178,9.36768149882904,16.393442622950822,0.0,0.0,0.0
N18-1012,0.0,4.830917874396135,57.971014492753625,2.4154589371980677,0.0,19.32367149758454,0.0,0.0,4.830917874396135,0.0,0.0,0.0,9.66183574879227,72.46376811594203,4.830917874396135,282.6086956521739,12.077294685990339,2.4154589371980677,7.246376811594203,0.0,2.4154589371980677,0.0,0.0,12.077294685990339,2.4154589371980677,0.0,2.4154589371980677,0.0,7.246376811594203,0.0,0.0,0.0,0.0,2.4154589371980677,0.0,0.0,0.0,7.246376811594203,123.18840579710145,113.52657004830918,2.4154589371980677,28.985507246376812,0.5362318840579711,5.859903381642512,2.4154589371980677,0.0,0.0,0.0,4.830917874396135,2.4154589371980677,14.492753623188406,0.0,0.0,0.0,2.4154589371980677,7.246376811594203,4.830917874396135,0.0,0.0,0.0,0.0,0.0,2.4154589371980677,26.570048309178745,4.830917874396135,0.0,2.4154589371980677
N18-1018,0.0,7.371007371007371,63.88206388206388,2.457002457002457,0.0,14.742014742014742,0.0,2.457002457002457,4.914004914004914,0.0,0.0,0.0,12.285012285012284,61.42506142506143,17.1990171990172,255.52825552825553,0.0,2.457002457002457,7.371007371007371,0.0,2.457002457002457,0.0,0.0,19.656019656019655,7.371007371007371,0.0,0.0,4.914004914004914,7.371007371007371,0.0,0.0,0.0,0.0,2.457002457002457,0.0,2.457002457002457,0.0,0.0,108.10810810810811,85.995085995086,2.457002457002457,73.71007371007371,0.5753768844221105,6.14321608040201,7.371007371007371,4.914004914004914,0.0,0.0,2.457002457002457,0.0,17.1990171990172,0.0,0.0,2.457002457002457,2.457002457002457,7.371007371007371,9.828009828009828,0.0,0.0,0.0,0.0,0.0,2.457002457002457,17.1990171990172,2.457002457002457,0.0,7.371007371007371
N18-1044,0.0,5.012531328320802,55.13784461152882,2.506265664160401,0.0,22.55639097744361,0.0,2.506265664160401,2.506265664160401,0.0,0.0,0.0,22.55639097744361,37.59398496240601,17.543859649122805,223.05764411027567,0.0,2.506265664160401,7.518796992481203,0.0,0.0,0.0,7.518796992481203,17.543859649122805,7.518796992481203,0.0,5.012531328320802,0.0,7.518796992481203,0.0,0.0,0.0,2.506265664160401,5.012531328320802,0.0,0.0,0.0,2.506265664160401,130.32581453634086,122.80701754385964,5.012531328320802,52.63157894736842,0.5304568527918782,5.604060913705584,5.012531328320802,2.506265664160401,0.0,0.0,10.025062656641603,0.0,12.531328320802004,5.012531328320802,2.506265664160401,0.0,2.506265664160401,5.012531328320802,7.518796992481203,0.0,0.0,0.0,0.0,0.0,2.506265664160401,17.543859649122805,0.0,0.0,2.506265664160401
N18-1055,2.352941176470588,9.411764705882351,47.05882352941176,4.705882352941176,0.0,16.47058823529412,0.0,0.0,2.352941176470588,2.352941176470588,0.0,0.0,9.411764705882351,49.41176470588235,11.76470588235294,312.94117647058823,4.705882352941176,0.0,9.411764705882351,0.0,4.705882352941176,0.0,0.0,16.47058823529412,2.352941176470588,0.0,2.352941176470588,0.0,7.058823529411765,0.0,0.0,0.0,0.0,0.0,0.0,0.0,0.0,2.352941176470588,131.76470588235296,63.52941176470588,2.352941176470588,37.647058823529406,0.5072115384615384,5.764423076923077,7.058823529411765,0.0,0.0,0.0,4.705882352941176,0.0,18.823529411764703,7.058823529411765,0.0,0.0,4.705882352941176,9.411764705882351,2.352941176470588,0.0,0.0,0.0,0.0,2.352941176470588,7.058823529411765,16.47058823529412,4.705882352941176,0.0,2.352941176470588
N18-1072,0.0,4.830917874396135,57.971014492753625,2.4154589371980677,0.0,7.246376811594203,0.0,2.4154589371980677,0.0,2.4154589371980677,0.0,0.0,14.492753623188406,82.1256038647343,14.492753623188406,248.79227053140096,7.246376811594203,0.0,7.246376811594203,2.4154589371980677,4.830917874396135,0.0,0.0,7.246376811594203,12.077294685990339,0.0,0.0,0.0,12.077294685990339,0.0,0.0,0.0,0.0,2.4154589371980677,0.0,0.0,0.0,2.4154589371980677,132.85024154589374,91.78743961352657,2.4154589371980677,43.47826086956522,0.5485436893203883,6.293689320388349,4.830917874396135,0.0,0.0,7.246376811594203,4.830917874396135,0.0,9.66183574879227,4.830917874396135,0.0,0.0,0.0,9.66183574879227,4.830917874396135,0.0,0.0,0.0,0.0,0.0,4.830917874396135,31.40096618357488,0.0,0.0,0.0
N18-1076,0.0,4.854368932038835,70.3883495145631,0.0,0.0,16.990291262135923,0.0,16.990291262135923,2.4271844660194173,2.4271844660194173,0.0,0.0,21.844660194174757,99.51456310679612,2.4271844660194173,223.3009708737864,16.990291262135923,2.4271844660194173,9.70873786407767,0.0,4.854368932038835,0.0,0.0,12.135922330097086,2.4271844660194173,0.0,0.0,0.0,12.135922330097086,0.0,0.0,0.0,0.0,7.281553398058253,0.0,0.0,0.0,0.0,123.7864077669903,111.6504854368932,7.281553398058253,60.67961165048544,0.5315533980582524,6.133495145631068,9.70873786407767,0.0,0.0,2.4271844660194173,9.70873786407767,0.0,14.563106796116505,4.854368932038835,0.0,0.0,4.854368932038835,9.70873786407767,9.70873786407767,0.0,0.0,2.4271844660194173,0.0,0.0,12.135922330097086,26.699029126213592,2.4271844660194173,0.0,7.281553398058253
N18-1100,0.0,2.4271844660194173,63.10679611650485,0.0,0.0,12.135922330097086,0.0,4.854368932038835,7.281553398058253,4.854368932038835,0.0,0.0,16.990291262135923,80.09708737864078,7.281553398058253,223.3009708737864,4.854368932038835,2.4271844660194173,9.70873786407767,2.4271844660194173,7.281553398058253,0.0,0.0,9.70873786407767,2.4271844660194173,0.0,2.4271844660194173,2.4271844660194173,7.281553398058253,0.0,0.0,0.0,0.0,4.854368932038835,0.0,0.0,0.0,4.854368932038835,126.2135922330097,116.50485436893204,2.4271844660194173,60.67961165048544,0.5517241379310345,6.022167487684729,14.563106796116505,7.281553398058253,0.0,0.0,4.854368932038835,0.0,12.135922330097086,4.854368932038835,0.0,0.0,7.281553398058253,7.281553398058253,9.70873786407767,0.0,0.0,0.0,0.0,0.0,7.281553398058253,16.990291262135923,4.854368932038835,0.0,7.281553398058253
P09-1037,0.0,4.878048780487805,53.65853658536585,0.0,0.0,9.75609756097561,0.0,7.317073170731708,2.4390243902439024,2.4390243902439024,0.0,0.0,12.195121951219512,51.21951219512195,14.634146341463415,241.46341463414635,0.0,0.0,17.073170731707318,2.4390243902439024,4.878048780487805,0.0,0.0,17.073170731707318,2.4390243902439024,0.0,0.0,0.0,9.75609756097561,0.0,0.0,0.0,2.4390243902439024,0.0,0.0,0.0,0.0,4.878048780487805,129.26829268292684,119.51219512195121,4.878048780487805,36.58536585365854,0.5281173594132029,6.139364303178484,2.4390243902439024,0.0,0.0,0.0,7.317073170731708,0.0,19.51219512195122,9.75609756097561,0.0,0.0,4.878048780487805,4.878048780487805,7.317073170731708,0.0,0.0,0.0,0.0,0.0,2.4390243902439024,19.51219512195122,0.0,0.0,2.4390243902439024
P09-1046,0.0,4.854368932038835,60.67961165048544,4.854368932038835,0.0,14.563106796116505,0.0,4.854368932038835,0.0,2.4271844660194173,0.0,0.0,24.271844660194173,77.66990291262135,2.4271844660194173,266.99029126213594,2.4271844660194173,0.0,4.854368932038835,0.0,2.4271844660194173,0.0,4.854368932038835,4.854368932038835,12.135922330097086,0.0,0.0,0.0,9.70873786407767,0.0,0.0,0.0,0.0,7.281553398058253,0.0,0.0,0.0,2.4271844660194173,165.0485436893204,106.79611650485437,0.0,41.2621359223301,0.4803921568627451,5.8995098039215685,0.0,0.0,0.0,0.0,4.854368932038835,0.0,12.135922330097086,4.854368932038835,0.0,0.0,0.0,14.563106796116505,4.854368932038835,0.0,0.0,0.0,0.0,0.0,2.4271844660194173,12.135922330097086,2.4271844660194173,0.0,0.0
P09-1068,0.0,4.962779156327543,59.55334987593052,4.962779156327543,0.0,17.3697270471464,0.0,9.925558312655086,9.925558312655086,0.0,0.0,0.0,12.40694789081886,37.220843672456574,7.444168734491315,310.17369727047145,0.0,0.0,4.962779156327543,0.0,0.0,0.0,0.0,19.851116625310173,2.4813895781637716,0.0,0.0,0.0,9.925558312655086,2.4813895781637716,0.0,0.0,0.0,2.4813895781637716,0.0,0.0,0.0,2.4813895781637716,129.03225806451613,101.73697270471465,2.4813895781637716,37.220843672456574,0.5586034912718204,5.905236907730673,7.444168734491315,2.4813895781637716,2.4813895781637716,0.0,2.4813895781637716,0.0,14.88833746898263,0.0,0.0,0.0,0.0,19.851116625310173,7.444168734491315,0.0,0.0,0.0,0.0,0.0,2.4813895781637716,29.77667493796526,4.962779156327543,2.4813895781637716,4.962779156327543
P09-1070,0.0,0.0,56.994818652849744,2.5906735751295336,0.0,15.544041450777202,0.0,10.362694300518134,0.0,0.0,0.0,0.0,12.953367875647668,41.45077720207254,10.362694300518134,282.3834196891192,2.5906735751295336,0.0,12.953367875647668,2.5906735751295336,2.5906735751295336,0.0,0.0,2.5906735751295336,7.772020725388601,0.0,2.5906735751295336,2.5906735751295336,10.362694300518134,0.0,0.0,0.0,0.0,0.0,0.0,0.0,0.0,0.0,160.62176165803106,101.03626943005182,2.5906735751295336,33.67875647668394,0.533678756476684,5.966321243523316,5.181347150259067,2.5906735751295336,0.0,0.0,5.181347150259067,0.0,18.134715025906733,2.5906735751295336,0.0,0.0,0.0,5.181347150259067,5.181347150259067,0.0,0.0,2.5906735751295336,0.0,0.0,0.0,18.134715025906733,0.0,0.0,2.5906735751295336
P10-1041,0.0,4.694835680751174,51.64319248826291,7.042253521126761,0.0,4.694835680751174,0.0,7.042253521126761,4.694835680751174,0.0,0.0,0.0,7.042253521126761,93.89671361502347,14.084507042253522,232.3943661971831,2.347417840375587,2.347417840375587,11.737089201877934,2.347417840375587,2.347417840375587,0.0,0.0,14.084507042253522,4.694835680751174,0.0,4.694835680751174,0.0,2.347417840375587,0.0,0.0,0.0,0.0,0.0,0.0,0.0,0.0,4.694835680751174,133.80281690140845,91.54929577464789,4.694835680751174,49.29577464788732,0.5505882352941176,5.696470588235294,9.389671361502348,2.347417840375587,0.0,0.0,4.694835680751174,0.0,11.737089201877934,4.694835680751174,0.0,0.0,4.694835680751174,9.389671361502348,11.737089201877934,0.0,0.0,2.347417840375587,0.0,2.347417840375587,4.694835680751174,16.431924882629108,4.694835680751174,0.0,2.347417840375587
P10-1047,0.0,0.0,49.528301886792455,4.716981132075471,0.0,14.150943396226415,0.0,4.716981132075471,0.0,0.0,0.0,0.0,14.150943396226415,30.660377358490567,14.150943396226415,266.50943396226415,2.3584905660377355,0.0,11.79245283018868,0.0,4.716981132075471,0.0,0.0,16.50943396226415,11.79245283018868,0.0,0.0,2.3584905660377355,4.716981132075471,0.0,0.0,0.0,0.0,0.0,0.0,0.0,0.0,4.716981132075471,125.0,139.1509433962264,2.3584905660377355,58.9622641509434,0.49523809523809526,5.916666666666667,7.0754716981132075,2.3584905660377355,0.0,2.3584905660377355,0.0,0.0,16.50943396226415,4.716981132075471,0.0,0.0,0.0,7.0754716981132075,4.716981132075471,0.0,0.0,0.0,0.0,2.3584905660377355,7.0754716981132075,9.433962264150942,2.3584905660377355,0.0,7.0754716981132075
P10-1055,0.0,4.784688995215311,62.20095693779904,7.177033492822967,0.0,14.354066985645934,0.0,0.0,14.354066985645934,7.177033492822967,0.0,0.0,14.354066985645934,45.45454545454545,7.177033492822967,215.311004784689,11.961722488038278,2.3923444976076556,19.138755980861244,0.0,9.569377990430622,0.0,0.0,9.569377990430622,4.784688995215311,2.3923444976076556,4.784688995215311,2.3923444976076556,7.177033492822967,0.0,0.0,0.0,2.3923444976076556,0.0,2.3923444976076556,0.0,0.0,2.3923444976076556,143.54066985645932,110.04784688995215,7.177033492822967,64.5933014354067,0.5204819277108433,5.4963855421686745,9.569377990430622,4.784688995215311,0.0,2.3923444976076556,0.0,0.0,11.961722488038278,4.784688995215311,0.0,0.0,7.177033492822967,14.354066985645934,11.961722488038278,0.0,0.0,0.0,0.0,0.0,2.3923444976076556,11.961722488038278,0.0,0.0,9.569377990430622
P10-1093,0.0,4.694835680751174,61.032863849765256,2.347417840375587,2.347417840375587,9.389671361502348,0.0,0.0,4.694835680751174,0.0,0.0,0.0,16.431924882629108,37.55868544600939,21.12676056338028,248.82629107981222,9.389671361502348,0.0,9.389671361502348,0.0,7.042253521126761,2.347417840375587,0.0,9.389671361502348,9.389671361502348,2.347417840375587,0.0,2.347417840375587,16.431924882629108,0.0,0.0,0.0,0.0,0.0,0.0,0.0,0.0,2.347417840375587,133.80281690140845,143.1924882629108,4.694835680751174,21.12676056338028,0.5164319248826291,6.072769953051643,4.694835680751174,0.0,0.0,0.0,4.694835680751174,0.0,9.389671361502348,7.042253521126761,0.0,0.0,2.347417840375587,7.042253521126761,4.694835680751174,0.0,0.0,0.0,0.0,0.0,4.694835680751174,39.906103286384976,0.0,0.0,0.0
P10-1129,0.0,2.444987775061125,56.23471882640587,4.88997555012225,0.0,14.669926650366747,0.0,7.334963325183374,7.334963325183374,2.444987775061125,0.0,0.0,26.89486552567237,83.12958435207824,22.004889975550125,198.0440097799511,12.224938875305625,0.0,2.444987775061125,0.0,0.0,0.0,0.0,26.89486552567237,9.7799511002445,0.0,0.0,0.0,19.559902200489,0.0,0.0,0.0,0.0,0.0,0.0,0.0,0.0,0.0,110.0244498777506,85.57457212713938,2.444987775061125,51.344743276283616,0.5525672371638142,5.872860635696822,9.7799511002445,4.88997555012225,0.0,0.0,0.0,0.0,12.224938875305625,9.7799511002445,4.88997555012225,0.0,0.0,17.114914425427873,7.334963325183374,0.0,0.0,0.0,0.0,2.444987775061125,4.88997555012225,24.44987775061125,2.444987775061125,0.0,9.7799511002445
P10-1141,0.0,18.823529411764703,56.47058823529412,7.058823529411765,2.352941176470588,11.76470588235294,0.0,4.705882352941176,2.352941176470588,0.0,0.0,0.0,7.058823529411765,65.88235294117648,7.058823529411765,308.2352941176471,9.411764705882351,0.0,11.76470588235294,0.0,4.705882352941176,0.0,0.0,16.47058823529412,2.352941176470588,0.0,2.352941176470588,4.705882352941176,0.0,0.0,0.0,0.0,0.0,4.705882352941176,0.0,0.0,0.0,4.705882352941176,157.64705882352942,63.52941176470588,4.705882352941176,44.70588235294118,0.5317647058823529,5.889411764705883,4.705882352941176,0.0,0.0,0.0,11.76470588235294,0.0,16.47058823529412,2.352941176470588,0.0,0.0,4.705882352941176,11.76470588235294,9.411764705882351,0.0,0.0,0.0,0.0,0.0,2.352941176470588,11.76470588235294,2.352941176470588,0.0,0.0
P11-1013,2.457002457002457,2.457002457002457,63.88206388206388,12.285012285012284,2.457002457002457,19.656019656019655,0.0,2.457002457002457,4.914004914004914,2.457002457002457,0.0,0.0,14.742014742014742,100.73710073710073,9.828009828009828,257.985257985258,4.914004914004914,0.0,12.285012285012284,0.0,4.914004914004914,0.0,0.0,9.828009828009828,4.914004914004914,0.0,2.457002457002457,0.0,4.914004914004914,0.0,0.0,0.0,0.0,7.371007371007371,0.0,0.0,0.0,2.457002457002457,122.85012285012286,90.9090909090909,4.914004914004914,46.68304668304668,0.5530864197530864,6.049382716049383,4.914004914004914,2.457002457002457,0.0,0.0,7.371007371007371,0.0,14.742014742014742,2.457002457002457,0.0,0.0,2.457002457002457,12.285012285012284,14.742014742014742,0.0,0.0,2.457002457002457,0.0,0.0,4.914004914004914,19.656019656019655,2.457002457002457,0.0,7.371007371007371
P11-1047,0.0,4.7281323877068555,61.46572104018912,2.3640661938534278,0.0,16.548463356973993,0.0,9.456264775413711,4.7281323877068555,2.3640661938534278,0.0,0.0,16.548463356973993,82.74231678486997,18.912529550827422,219.8581560283688,4.7281323877068555,0.0,16.548463356973993,0.0,2.3640661938534278,0.0,0.0,9.456264775413711,4.7281323877068555,0.0,2.3640661938534278,0.0,7.092198581560283,0.0,0.0,0.0,0.0,4.7281323877068555,0.0,0.0,0.0,2.3640661938534278,137.1158392434988,134.75177304964538,9.456264775413711,37.825059101654844,0.5130023640661938,6.122931442080378,4.7281323877068555,2.3640661938534278,0.0,0.0,2.3640661938534278,0.0,9.456264775413711,0.0,0.0,0.0,2.3640661938534278,7.092198581560283,9.456264775413711,0.0,0.0,0.0,0.0,0.0,2.3640661938534278,28.368794326241133,7.092198581560283,0.0,7.092198581560283
P11-1158,0.0,16.867469879518072,57.83132530120482,0.0,0.0,7.228915662650603,0.0,4.819277108433735,16.867469879518072,2.4096385542168677,0.0,0.0,14.457831325301205,26.50602409638554,31.32530120481928,267.4698795180723,14.457831325301205,0.0,7.228915662650603,0.0,2.4096385542168677,0.0,0.0,12.048192771084338,9.63855421686747,0.0,2.4096385542168677,0.0,7.228915662650603,0.0,0.0,0.0,0.0,0.0,0.0,0.0,0.0,9.63855421686747,134.93975903614458,103.61445783132531,2.4096385542168677,50.60240963855422,0.5579710144927537,5.714975845410628,7.228915662650603,2.4096385542168677,0.0,2.4096385542168677,4.819277108433735,0.0,14.457831325301205,0.0,0.0,0.0,2.4096385542168677,14.457831325301205,2.4096385542168677,0.0,0.0,0.0,0.0,0.0,4.819277108433735,26.50602409638554,4.819277108433735,0.0,4.819277108433735
P12-1018,0.0,7.263922518159807,62.953995157384995,4.842615012106537,0.0,21.791767554479417,0.0,2.4213075060532687,0.0,2.4213075060532687,0.0,2.4213075060532687,24.213075060532688,55.69007263922518,4.842615012106537,261.50121065375305,9.685230024213075,0.0,2.4213075060532687,0.0,4.842615012106537,0.0,0.0,9.685230024213075,9.685230024213075,0.0,2.4213075060532687,0.0,9.685230024213075,0.0,0.0,0.0,0.0,7.263922518159807,0.0,0.0,0.0,2.4213075060532687,118.64406779661017,82.32445520581113,0.0,77.4818401937046,0.5569007263922519,5.910411622276029,7.263922518159807,0.0,0.0,2.4213075060532687,12.106537530266344,0.0,14.527845036319613,4.842615012106537,0.0,0.0,2.4213075060532687,7.263922518159807,7.263922518159807,0.0,0.0,0.0,0.0,0.0,4.842615012106537,24.213075060532688,2.4213075060532687,0.0,7.263922518159807
P12-1022,0.0,4.901960784313726,61.27450980392157,2.450980392156863,0.0,0.0,0.0,2.450980392156863,2.450980392156863,0.0,0.0,0.0,14.705882352941176,63.725490196078425,14.705882352941176,252.45098039215685,7.352941176470588,2.450980392156863,2.450980392156863,0.0,9.803921568627452,0.0,0.0,14.705882352941176,4.901960784313726,0.0,9.803921568627452,0.0,7.352941176470588,0.0,0.0,0.0,0.0,2.450980392156863,0.0,0.0,0.0,7.352941176470588,129.90196078431373,90.68627450980392,0.0,53.92156862745098,0.5528255528255528,5.955773955773956,9.803921568627452,0.0,0.0,4.901960784313726,2.450980392156863,0.0,12.254901960784313,4.901960784313726,2.450980392156863,0.0,4.901960784313726,19.607843137254903,7.352941176470588,2.450980392156863,0.0,0.0,0.0,2.450980392156863,7.352941176470588,14.705882352941176,2.450980392156863,2.450980392156863,0.0
P12-1111,0.0,2.3923444976076556,55.02392344497608,0.0,0.0,14.354066985645934,0.0,7.177033492822967,2.3923444976076556,2.3923444976076556,0.0,0.0,16.74641148325359,26.31578947368421,9.569377990430622,279.9043062200957,19.138755980861244,0.0,14.354066985645934,0.0,7.177033492822967,0.0,0.0,7.177033492822967,7.177033492822967,0.0,0.0,2.3923444976076556,11.961722488038278,0.0,0.0,0.0,0.0,2.3923444976076556,0.0,0.0,0.0,9.569377990430622,131.57894736842104,88.51674641148325,4.784688995215311,52.63157894736842,0.5023923444976076,5.696172248803828,0.0,4.784688995215311,0.0,0.0,11.961722488038278,0.0,16.74641148325359,16.74641148325359,0.0,0.0,2.3923444976076556,16.74641148325359,9.569377990430622,0.0,0.0,0.0,0.0,0.0,9.569377990430622,19.138755980861244,0.0,0.0,4.784688995215311
P13-1019,0.0,4.830917874396135,60.386473429951685,0.0,0.0,12.077294685990339,0.0,9.66183574879227,4.830917874396135,4.830917874396135,0.0,0.0,12.077294685990339,77.29468599033817,4.830917874396135,243.96135265700482,7.246376811594203,0.0,7.246376811594203,0.0,2.4154589371980677,0.0,0.0,19.32367149758454,9.66183574879227,0.0,2.4154589371980677,0.0,4.830917874396135,0.0,0.0,0.0,0.0,4.830917874396135,0.0,0.0,0.0,2.4154589371980677,120.77294685990337,86.95652173913044,4.830917874396135,36.231884057971016,0.5669099756690997,6.099756690997567,2.4154589371980677,0.0,0.0,0.0,4.830917874396135,0.0,14.492753623188406,7.246376811594203,0.0,0.0,0.0,7.246376811594203,9.66183574879227,0.0,0.0,0.0,0.0,2.4154589371980677,7.246376811594203,4.830917874396135,2.4154589371980677,0.0,0.0
P13-1059,0.0,2.4752475247524752,66.83168316831683,2.4752475247524752,0.0,29.7029702970297,0.0,4.9504950495049505,0.0,0.0,0.0,0.0,17.32673267326733,79.20792079207921,7.425742574257425,264.8514851485149,4.9504950495049505,0.0,2.4752475247524752,0.0,4.9504950495049505,0.0,0.0,19.801980198019802,4.9504950495049505,2.4752475247524752,4.9504950495049505,0.0,12.376237623762377,0.0,0.0,0.0,0.0,2.4752475247524752,0.0,0.0,0.0,0.0,106.43564356435644,79.20792079207921,0.0,49.504950495049506,0.56575682382134,6.066997518610422,2.4752475247524752,0.0,0.0,2.4752475247524752,4.9504950495049505,0.0,17.32673267326733,0.0,0.0,0.0,0.0,12.376237623762377,7.425742574257425,0.0,0.0,0.0,0.0,0.0,7.425742574257425,14.85148514851485,2.4752475247524752,0.0,0.0
P13-1088,0.0,12.165450121654501,65.69343065693431,2.4330900243309004,0.0,7.299270072992701,0.0,2.4330900243309004,4.866180048661801,0.0,0.0,0.0,24.330900243309003,43.79562043795621,24.330900243309003,243.30900243309003,12.165450121654501,0.0,9.732360097323602,0.0,2.4330900243309004,0.0,0.0,12.165450121654501,7.299270072992701,0.0,2.4330900243309004,2.4330900243309004,9.732360097323602,0.0,0.0,0.0,4.866180048661801,4.866180048661801,0.0,0.0,0.0,4.866180048661801,136.2530413625304,92.45742092457421,2.4330900243309004,46.228710462287104,0.5547445255474452,5.997566909975669,2.4330900243309004,4.866180048661801,0.0,2.4330900243309004,0.0,0.0,14.598540145985401,2.4330900243309004,0.0,0.0,0.0,14.598540145985401,12.165450121654501,0.0,0.0,0.0,0.0,0.0,4.866180048661801,19.464720194647203,0.0,0.0,4.866180048661801
P13-1122,0.0,7.246376811594203,67.6328502415459,0.0,0.0,4.830917874396135,0.0,4.830917874396135,7.246376811594203,2.4154589371980677,0.0,0.0,19.32367149758454,67.6328502415459,7.246376811594203,270.5314009661836,2.4154589371980677,0.0,2.4154589371980677,0.0,2.4154589371980677,0.0,0.0,16.908212560386474,7.246376811594203,0.0,0.0,0.0,14.492753623188406,0.0,0.0,0.0,2.4154589371980677,2.4154589371980677,0.0,0.0,0.0,2.4154589371980677,118.35748792270532,79.71014492753622,0.0,50.72463768115942,0.5869565217391305,5.780193236714976,7.246376811594203,2.4154589371980677,0.0,0.0,4.830917874396135,0.0,12.077294685990339,0.0,0.0,0.0,0.0,4.830917874396135,2.4154589371980677,0.0,0.0,0.0,0.0,0.0,2.4154589371980677,28.985507246376812,2.4154589371980677,0.0,2.4154589371980677
P13-1161,0.0,4.608294930875576,64.51612903225806,4.608294930875576,2.304147465437788,13.82488479262673,0.0,9.216589861751151,0.0,2.304147465437788,0.0,0.0,18.433179723502302,78.34101382488478,9.216589861751151,232.71889400921657,4.608294930875576,0.0,11.520737327188941,0.0,4.608294930875576,0.0,0.0,6.912442396313365,11.520737327188941,0.0,2.304147465437788,2.304147465437788,11.520737327188941,0.0,0.0,0.0,0.0,2.304147465437788,0.0,0.0,0.0,2.304147465437788,126.72811059907835,96.77419354838709,6.912442396313365,66.82027649769586,0.49078341013824883,6.078341013824885,4.608294930875576,4.608294930875576,0.0,0.0,9.216589861751151,0.0,13.82488479262673,2.304147465437788,0.0,0.0,0.0,6.912442396313365,2.304147465437788,0.0,0.0,0.0,0.0,0.0,4.608294930875576,23.041474654377883,4.608294930875576,0.0,6.912442396313365
P14-1008,0.0,7.092198581560283,56.737588652482266,2.3640661938534278,0.0,23.64066193853428,0.0,2.3640661938534278,14.184397163120567,0.0,0.0,0.0,14.184397163120567,63.82978723404255,11.82033096926714,231.67848699763593,4.7281323877068555,0.0,11.82033096926714,0.0,2.3640661938534278,0.0,0.0,14.184397163120567,9.456264775413711,0.0,0.0,2.3640661938534278,9.456264775413711,0.0,0.0,0.0,0.0,4.7281323877068555,0.0,0.0,0.0,7.092198581560283,134.75177304964538,132.38770685579195,2.3640661938534278,35.46099290780142,0.5319148936170213,6.127659574468085,7.092198581560283,2.3640661938534278,0.0,0.0,7.092198581560283,0.0,11.82033096926714,2.3640661938534278,0.0,0.0,0.0,7.092198581560283,9.456264775413711,0.0,0.0,0.0,0.0,2.3640661938534278,4.7281323877068555,14.184397163120567,0.0,0.0,2.3640661938534278
P14-1033,0.0,7.263922518159807,60.53268765133172,2.4213075060532687,0.0,9.685230024213075,0.0,0.0,2.4213075060532687,0.0,0.0,0.0,21.791767554479417,50.84745762711865,2.4213075060532687,283.29297820823246,7.263922518159807,0.0,19.37046004842615,2.4213075060532687,2.4213075060532687,0.0,0.0,12.106537530266344,4.842615012106537,0.0,2.4213075060532687,0.0,12.106537530266344,0.0,0.0,0.0,0.0,4.842615012106537,0.0,0.0,0.0,2.4213075060532687,118.64406779661017,104.11622276029055,7.263922518159807,46.00484261501211,0.5696821515892421,5.88997555012225,2.4213075060532687,0.0,0.0,0.0,4.842615012106537,0.0,19.37046004842615,2.4213075060532687,0.0,0.0,0.0,19.37046004842615,9.685230024213075,0.0,0.0,0.0,0.0,0.0,4.842615012106537,26.634382566585955,2.4213075060532687,0.0,2.4213075060532687
P14-1070,0.0,4.739336492890995,54.502369668246445,0.0,2.3696682464454977,14.218009478672984,0.0,9.47867298578199,0.0,0.0,0.0,0.0,16.587677725118485,54.502369668246445,16.587677725118485,248.81516587677723,4.739336492890995,0.0,14.218009478672984,0.0,0.0,0.0,2.3696682464454977,14.218009478672984,2.3696682464454977,0.0,0.0,2.3696682464454977,7.109004739336492,0.0,0.0,0.0,0.0,4.739336492890995,0.0,0.0,0.0,4.739336492890995,142.18009478672985,118.48341232227489,4.739336492890995,59.241706161137444,0.5130641330166271,5.983372921615202,0.0,4.739336492890995,0.0,0.0,4.739336492890995,0.0,7.109004739336492,2.3696682464454977,0.0,0.0,2.3696682464454977,2.3696682464454977,4.739336492890995,0.0,0.0,2.3696682464454977,0.0,0.0,4.739336492890995,11.848341232227487,2.3696682464454977,0.0,4.739336492890995
P14-1084,9.195402298850574,2.2988505747126435,57.47126436781609,0.0,2.2988505747126435,6.896551724137931,0.0,0.0,16.091954022988507,2.2988505747126435,0.0,2.2988505747126435,20.689655172413794,25.28735632183908,9.195402298850574,250.57471264367814,18.39080459770115,0.0,11.494252873563218,0.0,2.2988505747126435,0.0,0.0,20.689655172413794,6.896551724137931,0.0,0.0,0.0,6.896551724137931,0.0,0.0,0.0,0.0,2.2988505747126435,0.0,0.0,0.0,9.195402298850574,112.64367816091954,85.05747126436782,6.896551724137931,59.770114942528735,0.542528735632184,5.517241379310345,4.597701149425287,4.597701149425287,0.0,0.0,6.896551724137931,0.0,22.988505747126435,6.896551724137931,4.597701149425287,0.0,0.0,9.195402298850574,9.195402298850574,0.0,0.0,0.0,0.0,2.2988505747126435,6.896551724137931,25.28735632183908,6.896551724137931,0.0,9.195402298850574
P14-1098,0.0,0.0,64.83790523690773,0.0,0.0,29.92518703241895,0.0,2.493765586034913,2.493765586034913,2.493765586034913,0.0,0.0,19.950124688279303,42.394014962593516,4.987531172069826,286.78304239401496,7.481296758104738,0.0,17.456359102244388,2.493765586034913,2.493765586034913,0.0,0.0,24.93765586034913,9.975062344139651,0.0,2.493765586034913,0.0,9.975062344139651,0.0,0.0,0.0,0.0,4.987531172069826,0.0,0.0,0.0,2.493765586034913,114.713216957606,107.23192019950125,4.987531172069826,49.87531172069826,0.5858585858585859,6.204545454545454,7.481296758104738,2.493765586034913,0.0,0.0,2.493765586034913,0.0,12.468827930174564,2.493765586034913,0.0,0.0,0.0,12.468827930174564,7.481296758104738,0.0,0.0,0.0,0.0,2.493765586034913,2.493765586034913,19.950124688279303,0.0,0.0,2.493765586034913
P14-1106,0.0,2.4691358024691357,51.85185185185185,2.4691358024691357,0.0,17.28395061728395,0.0,7.407407407407407,0.0,2.4691358024691357,0.0,0.0,14.814814814814815,46.91358024691358,17.28395061728395,266.6666666666667,9.876543209876543,7.407407407407407,4.938271604938271,0.0,4.938271604938271,0.0,0.0,12.345679012345679,4.938271604938271,0.0,0.0,0.0,9.876543209876543,0.0,0.0,0.0,0.0,2.4691358024691357,0.0,0.0,2.4691358024691357,7.407407407407407,125.92592592592591,106.17283950617285,0.0,46.91358024691358,0.4975247524752475,6.121287128712871,7.407407407407407,2.4691358024691357,0.0,0.0,7.407407407407407,0.0,9.876543209876543,7.407407407407407,0.0,0.0,0.0,9.876543209876543,2.4691358024691357,0.0,0.0,0.0,0.0,0.0,9.876543209876543,17.28395061728395,0.0,0.0,2.4691358024691357
P14-1120,0.0,14.88833746898263,59.55334987593052,4.962779156327543,0.0,2.4813895781637716,0.0,9.925558312655086,2.4813895781637716,0.0,0.0,0.0,17.3697270471464,74.44168734491315,0.0,248.13895781637717,14.88833746898263,0.0,17.3697270471464,0.0,0.0,0.0,0.0,7.444168734491315,9.925558312655086,0.0,7.444168734491315,0.0,4.962779156327543,0.0,0.0,0.0,0.0,9.925558312655086,0.0,0.0,0.0,0.0,141.43920595533498,114.14392059553349,9.925558312655086,49.62779156327544,0.5513784461152882,5.904761904761905,2.4813895781637716,4.962779156327543,0.0,0.0,12.40694789081886,0.0,12.40694789081886,2.4813895781637716,0.0,0.0,2.4813895781637716,2.4813895781637716,2.4813895781637716,0.0,0.0,0.0,0.0,0.0,7.444168734491315,22.332506203473944,7.444168734491315,0.0,4.962779156327543
P15-1019,0.0,2.4271844660194173,67.96116504854369,0.0,0.0,16.990291262135923,0.0,2.4271844660194173,2.4271844660194173,2.4271844660194173,0.0,0.0,19.41747572815534,104.36893203883494,7.281553398058253,240.29126213592232,2.4271844660194173,0.0,9.70873786407767,0.0,2.4271844660194173,0.0,0.0,9.70873786407767,7.281553398058253,0.0,4.854368932038835,2.4271844660194173,14.563106796116505,0.0,0.0,0.0,0.0,4.854368932038835,0.0,0.0,0.0,2.4271844660194173,126.2135922330097,94.66019417475728,0.0,53.398058252427184,0.5145631067961165,6.021844660194175,7.281553398058253,2.4271844660194173,0.0,0.0,12.135922330097086,0.0,19.41747572815534,2.4271844660194173,0.0,0.0,2.4271844660194173,9.70873786407767,2.4271844660194173,0.0,0.0,0.0,0.0,0.0,0.0,14.563106796116505,7.281553398058253,0.0,2.4271844660194173
P15-1032,0.0,7.462686567164179,64.67661691542288,2.487562189054726,0.0,27.36318407960199,0.0,2.487562189054726,0.0,2.487562189054726,0.0,0.0,12.437810945273633,34.82587064676617,27.36318407960199,296.0199004975124,2.487562189054726,0.0,2.487562189054726,0.0,2.487562189054726,0.0,0.0,14.925373134328359,4.975124378109452,0.0,2.487562189054726,0.0,4.975124378109452,0.0,0.0,0.0,0.0,4.975124378109452,0.0,0.0,0.0,4.975124378109452,119.40298507462687,104.4776119402985,0.0,29.850746268656717,0.531328320802005,5.867167919799499,0.0,0.0,0.0,2.487562189054726,0.0,0.0,12.437810945273633,2.487562189054726,0.0,0.0,0.0,17.412935323383085,7.462686567164179,0.0,0.0,0.0,0.0,4.975124378109452,4.975124378109452,4.975124378109452,0.0,0.0,2.487562189054726
P15-1058,0.0,0.0,45.67307692307692,0.0,0.0,7.211538461538462,0.0,2.403846153846154,12.01923076923077,2.403846153846154,0.0,0.0,12.01923076923077,74.51923076923077,2.403846153846154,240.3846153846154,9.615384615384617,2.403846153846154,7.211538461538462,2.403846153846154,2.403846153846154,0.0,0.0,12.01923076923077,9.615384615384617,2.403846153846154,0.0,0.0,2.403846153846154,0.0,0.0,0.0,0.0,4.807692307692308,0.0,0.0,0.0,4.807692307692308,146.6346153846154,98.5576923076923,2.403846153846154,43.26923076923077,0.5625,5.7139423076923075,7.211538461538462,0.0,0.0,0.0,7.211538461538462,0.0,9.615384615384617,7.211538461538462,0.0,0.0,2.403846153846154,12.01923076923077,12.01923076923077,0.0,0.0,0.0,0.0,2.403846153846154,7.211538461538462,19.230769230769234,2.403846153846154,0.0,0.0
P15-1108,0.0,2.4390243902439024,48.78048780487805,0.0,2.4390243902439024,21.95121951219512,0.0,7.317073170731708,2.4390243902439024,2.4390243902439024,0.0,0.0,17.073170731707318,48.78048780487805,14.634146341463415,268.2926829268293,7.317073170731708,0.0,2.4390243902439024,0.0,2.4390243902439024,0.0,0.0,12.195121951219512,2.4390243902439024,0.0,4.878048780487805,0.0,9.75609756097561,0.0,0.0,0.0,0.0,7.317073170731708,0.0,0.0,0.0,4.878048780487805,141.46341463414632,95.1219512195122,2.4390243902439024,36.58536585365854,0.49373433583959897,6.06015037593985,4.878048780487805,2.4390243902439024,0.0,0.0,2.4390243902439024,0.0,14.634146341463415,9.75609756097561,0.0,0.0,0.0,7.317073170731708,7.317073170731708,0.0,0.0,0.0,0.0,2.4390243902439024,4.878048780487805,31.70731707317073,0.0,0.0,4.878048780487805
P16-1045,0.0,2.4213075060532687,58.11138014527845,0.0,0.0,16.949152542372882,0.0,4.842615012106537,4.842615012106537,2.4213075060532687,0.0,0.0,19.37046004842615,60.53268765133172,9.685230024213075,251.81598062953998,4.842615012106537,0.0,9.685230024213075,0.0,2.4213075060532687,0.0,0.0,14.527845036319613,7.263922518159807,0.0,0.0,2.4213075060532687,12.106537530266344,0.0,0.0,0.0,0.0,2.4213075060532687,0.0,2.4213075060532687,0.0,2.4213075060532687,116.2227602905569,125.90799031476999,2.4213075060532687,36.31961259079903,0.558252427184466,5.854368932038835,2.4213075060532687,0.0,0.0,12.106537530266344,2.4213075060532687,0.0,12.106537530266344,2.4213075060532687,0.0,0.0,2.4213075060532687,4.842615012106537,2.4213075060532687,0.0,0.0,0.0,0.0,2.4213075060532687,2.4213075060532687,24.213075060532688,2.4213075060532687,0.0,0.0
P16-1054,0.0,0.0,55.42168674698795,0.0,0.0,19.27710843373494,0.0,4.819277108433735,0.0,2.4096385542168677,0.0,0.0,14.457831325301205,79.51807228915662,2.4096385542168677,226.50602409638554,7.228915662650603,0.0,7.228915662650603,2.4096385542168677,0.0,0.0,0.0,19.27710843373494,4.819277108433735,0.0,0.0,2.4096385542168677,7.228915662650603,0.0,0.0,0.0,2.4096385542168677,2.4096385542168677,0.0,0.0,0.0,2.4096385542168677,142.16867469879517,91.56626506024097,0.0,40.96385542168675,0.4975845410628019,5.927536231884058,4.819277108433735,2.4096385542168677,0.0,0.0,2.4096385542168677,0.0,12.048192771084338,4.819277108433735,0.0,0.0,4.819277108433735,4.819277108433735,7.228915662650603,0.0,0.0,0.0,0.0,0.0,4.819277108433735,19.27710843373494,0.0,0.0,2.4096385542168677
P16-1069,0.0,2.4271844660194173,53.398058252427184,2.4271844660194173,0.0,7.281553398058253,0.0,2.4271844660194173,0.0,7.281553398058253,0.0,0.0,7.281553398058253,60.67961165048544,21.844660194174757,233.0097087378641,7.281553398058253,2.4271844660194173,9.70873786407767,2.4271844660194173,2.4271844660194173,0.0,2.4271844660194173,14.563106796116505,9.70873786407767,0.0,7.281553398058253,0.0,4.854368932038835,0.0,0.0,0.0,0.0,2.4271844660194173,0.0,0.0,12.135922330097086,4.854368932038835,133.49514563106797,133.49514563106797,2.4271844660194173,48.543689320388346,0.5328467153284672,5.992700729927007,2.4271844660194173,4.854368932038835,0.0,0.0,4.854368932038835,0.0,14.563106796116505,7.281553398058253,0.0,0.0,0.0,4.854368932038835,4.854368932038835,0.0,0.0,0.0,0.0,0.0,2.4271844660194173,24.271844660194173,4.854368932038835,0.0,4.854368932038835
P16-1076,2.3094688221709005,4.618937644341801,64.66512702078522,4.618937644341801,0.0,6.928406466512702,0.0,4.618937644341801,2.3094688221709005,2.3094688221709005,0.0,0.0,25.404157043879906,76.21247113163972,13.856812933025404,233.25635103926095,4.618937644341801,2.3094688221709005,18.475750577367204,0.0,0.0,0.0,0.0,18.475750577367204,9.237875288683602,0.0,4.618937644341801,2.3094688221709005,9.237875288683602,0.0,0.0,0.0,0.0,4.618937644341801,0.0,0.0,0.0,4.618937644341801,106.23556581986143,110.85450346420323,4.618937644341801,41.57043879907621,0.5422535211267606,5.640845070422535,4.618937644341801,0.0,0.0,0.0,11.547344110854503,0.0,13.856812933025404,2.3094688221709005,0.0,0.0,0.0,9.237875288683602,4.618937644341801,2.3094688221709005,0.0,2.3094688221709005,0.0,4.618937644341801,4.618937644341801,13.856812933025404,0.0,0.0,0.0
P16-1091,0.0,4.866180048661801,60.82725060827251,2.4330900243309004,0.0,9.732360097323602,0.0,2.4330900243309004,2.4330900243309004,0.0,0.0,0.0,9.732360097323602,38.929440389294406,17.0316301703163,265.20681265206815,2.4330900243309004,0.0,7.299270072992701,0.0,2.4330900243309004,0.0,0.0,9.732360097323602,0.0,0.0,0.0,2.4330900243309004,4.866180048661801,0.0,0.0,0.0,0.0,2.4330900243309004,0.0,0.0,0.0,7.299270072992701,133.81995133819953,126.52068126520682,4.866180048661801,46.228710462287104,0.5926829268292683,6.092682926829268,7.299270072992701,2.4330900243309004,0.0,0.0,7.299270072992701,0.0,9.732360097323602,2.4330900243309004,0.0,2.4330900243309004,2.4330900243309004,9.732360097323602,2.4330900243309004,0.0,0.0,0.0,0.0,4.866180048661801,4.866180048661801,19.464720194647203,2.4330900243309004,0.0,2.4330900243309004
P16-1135,0.0,0.0,60.386473429951685,2.4154589371980677,0.0,21.73913043478261,0.0,0.0,2.4154589371980677,4.830917874396135,0.0,0.0,16.908212560386474,60.386473429951685,7.246376811594203,207.72946859903382,7.246376811594203,0.0,16.908212560386474,0.0,2.4154589371980677,0.0,0.0,19.32367149758454,2.4154589371980677,0.0,4.830917874396135,0.0,9.66183574879227,0.0,0.0,0.0,0.0,4.830917874396135,2.4154589371980677,0.0,0.0,4.830917874396135,132.85024154589374,128.0193236714976,2.4154589371980677,60.386473429951685,0.558252427184466,5.815533980582524,9.66183574879227,0.0,0.0,0.0,4.830917874396135,0.0,16.908212560386474,7.246376811594203,0.0,0.0,0.0,16.908212560386474,7.246376811594203,2.4154589371980677,0.0,0.0,2.4154589371980677,0.0,0.0,19.32367149758454,2.4154589371980677,0.0,2.4154589371980677
P16-1205,2.450980392156863,4.901960784313726,63.725490196078425,0.0,0.0,12.254901960784313,0.0,2.450980392156863,9.803921568627452,0.0,0.0,0.0,19.607843137254903,61.27450980392157,9.803921568627452,247.54901960784315,14.705882352941176,0.0,7.352941176470588,0.0,2.450980392156863,0.0,0.0,17.156862745098042,7.352941176470588,0.0,4.901960784313726,4.901960784313726,4.901960784313726,0.0,0.0,0.0,7.352941176470588,2.450980392156863,0.0,0.0,0.0,2.450980392156863,134.80392156862743,75.98039215686273,9.803921568627452,53.92156862745098,0.5544554455445545,5.883663366336633,2.450980392156863,2.450980392156863,0.0,0.0,4.901960784313726,0.0,12.254901960784313,2.450980392156863,0.0,0.0,2.450980392156863,12.254901960784313,4.901960784313726,0.0,0.0,0.0,0.0,7.352941176470588,12.254901960784313,19.607843137254903,0.0,0.0,2.450980392156863
P16-1223,11.415525114155251,6.8493150684931505,41.0958904109589,0.0,0.0,22.831050228310502,0.0,4.5662100456621,6.8493150684931505,0.0,0.0,2.28310502283105,13.698630136986301,31.963470319634702,15.981735159817351,285.3881278538813,6.8493150684931505,0.0,15.981735159817351,0.0,4.5662100456621,0.0,0.0,20.54794520547945,2.28310502283105,0.0,4.5662100456621,0.0,11.415525114155251,0.0,0.0,0.0,0.0,0.0,0.0,0.0,0.0,9.1324200913242,121.00456621004565,68.4931506849315,2.28310502283105,45.662100456621005,0.5481651376146789,5.518348623853211,6.8493150684931505,0.0,0.0,2.28310502283105,2.28310502283105,0.0,22.831050228310502,9.1324200913242,0.0,2.28310502283105,2.28310502283105,11.415525114155251,4.5662100456621,0.0,0.0,0.0,0.0,0.0,0.0,15.981735159817351,2.28310502283105,0.0,2.28310502283105
P17-1002,0.0,6.960556844547564,55.68445475638051,4.640371229698376,0.0,13.921113689095128,0.0,4.640371229698376,0.0,4.640371229698376,0.0,0.0,11.600928074245939,53.364269141531324,18.561484918793504,259.86078886310906,0.0,0.0,9.280742459396752,2.320185614849188,6.960556844547564,0.0,0.0,16.241299303944317,6.960556844547564,0.0,6.960556844547564,0.0,6.960556844547564,0.0,0.0,0.0,0.0,4.640371229698376,0.0,0.0,0.0,2.320185614849188,122.96983758700695,116.0092807424594,4.640371229698376,44.08352668213457,0.5550351288056206,6.028103044496487,4.640371229698376,2.320185614849188,0.0,0.0,4.640371229698376,0.0,11.600928074245939,4.640371229698376,0.0,0.0,4.640371229698376,13.921113689095128,6.960556844547564,0.0,0.0,0.0,0.0,2.320185614849188,4.640371229698376,16.241299303944317,2.320185614849188,0.0,4.640371229698376
P17-1070,0.0,9.75609756097561,58.53658536585366,0.0,4.878048780487805,2.4390243902439024,0.0,2.4390243902439024,4.878048780487805,0.0,0.0,0.0,19.51219512195122,46.34146341463415,7.317073170731708,263.4146341463415,4.878048780487805,2.4390243902439024,4.878048780487805,0.0,4.878048780487805,0.0,0.0,17.073170731707318,4.878048780487805,0.0,0.0,2.4390243902439024,12.195121951219512,0.0,0.0,0.0,0.0,2.4390243902439024,0.0,0.0,0.0,0.0,92.6829268292683,126.82926829268293,4.878048780487805,65.85365853658537,0.5675675675675675,5.88943488943489,4.878048780487805,0.0,0.0,0.0,7.317073170731708,0.0,12.195121951219512,2.4390243902439024,2.4390243902439024,0.0,7.317073170731708,2.4390243902439024,9.75609756097561,0.0,0.0,0.0,0.0,9.75609756097561,17.073170731707318,24.390243902439025,4.878048780487805,0.0,0.0
P17-1071,0.0,2.4813895781637716,57.07196029776674,4.962779156327543,0.0,4.962779156327543,0.0,7.444168734491315,2.4813895781637716,0.0,0.0,0.0,19.851116625310173,69.4789081885856,9.925558312655086,272.9528535980149,2.4813895781637716,2.4813895781637716,7.444168734491315,0.0,4.962779156327543,0.0,0.0,14.88833746898263,9.925558312655086,0.0,2.4813895781637716,2.4813895781637716,12.40694789081886,0.0,0.0,0.0,0.0,4.962779156327543,0.0,0.0,0.0,0.0,131.5136476426799,124.06947890818859,7.444168734491315,42.183622828784124,0.5483870967741935,5.990074441687345,4.962779156327543,2.4813895781637716,0.0,2.4813895781637716,7.444168734491315,0.0,14.88833746898263,2.4813895781637716,0.0,0.0,2.4813895781637716,14.88833746898263,9.925558312655086,0.0,0.0,0.0,0.0,4.962779156327543,7.444168734491315,19.851116625310173,0.0,0.0,2.4813895781637716
P17-1087,0.0,5.037783375314861,68.01007556675063,0.0,0.0,22.670025188916874,0.0,5.037783375314861,0.0,2.5188916876574305,0.0,0.0,30.226700251889167,47.858942065491185,17.632241813602015,234.25692695214107,5.037783375314861,7.556675062972292,10.075566750629722,0.0,2.5188916876574305,0.0,0.0,17.632241813602015,10.075566750629722,0.0,2.5188916876574305,5.037783375314861,10.075566750629722,0.0,0.0,0.0,2.5188916876574305,7.556675062972292,0.0,0.0,0.0,5.037783375314861,128.46347607052897,110.83123425692695,5.037783375314861,52.896725440806044,0.5670886075949367,6.179746835443038,7.556675062972292,2.5188916876574305,0.0,2.5188916876574305,5.037783375314861,0.0,17.632241813602015,5.037783375314861,0.0,0.0,0.0,10.075566750629722,10.075566750629722,2.5188916876574305,0.0,0.0,0.0,2.5188916876574305,5.037783375314861,15.113350125944583,0.0,0.0,5.037783375314861
P17-1111,2.403846153846154,7.211538461538462,60.09615384615385,0.0,2.403846153846154,14.423076923076923,0.0,0.0,4.807692307692308,2.403846153846154,0.0,0.0,19.230769230769234,62.5,21.634615384615383,274.03846153846155,4.807692307692308,0.0,4.807692307692308,0.0,2.403846153846154,0.0,0.0,9.615384615384617,4.807692307692308,0.0,0.0,0.0,14.423076923076923,0.0,0.0,0.0,0.0,2.403846153846154,0.0,0.0,0.0,4.807692307692308,127.40384615384615,127.40384615384615,2.403846153846154,45.67307692307692,0.5108433734939759,6.057831325301205,7.211538461538462,0.0,0.0,0.0,4.807692307692308,0.0,16.826923076923077,2.403846153846154,0.0,0.0,0.0,4.807692307692308,9.615384615384617,0.0,0.0,0.0,0.0,2.403846153846154,2.403846153846154,16.826923076923077,0.0,0.0,0.0
P18-1071,0.0,4.854368932038835,67.96116504854369,0.0,0.0,14.563106796116505,0.0,9.70873786407767,2.4271844660194173,0.0,0.0,0.0,26.699029126213592,75.24271844660194,33.980582524271846,208.73786407766988,2.4271844660194173,2.4271844660194173,16.990291262135923,0.0,0.0,0.0,0.0,16.990291262135923,9.70873786407767,0.0,0.0,2.4271844660194173,12.135922330097086,0.0,0.0,0.0,0.0,9.70873786407767,2.4271844660194173,0.0,0.0,2.4271844660194173,118.93203883495146,123.7864077669903,2.4271844660194173,41.2621359223301,0.5339805825242718,5.827669902912621,2.4271844660194173,2.4271844660194173,0.0,2.4271844660194173,2.4271844660194173,0.0,9.70873786407767,4.854368932038835,0.0,0.0,0.0,2.4271844660194173,2.4271844660194173,0.0,0.0,0.0,0.0,4.854368932038835,4.854368932038835,21.844660194174757,2.4271844660194173,0.0,2.4271844660194173
P18-1221,0.0,2.4813895781637716,49.62779156327544,0.0,0.0,17.3697270471464,0.0,4.962779156327543,0.0,0.0,0.0,0.0,12.40694789081886,86.848635235732,7.444168734491315,258.06451612903226,12.40694789081886,0.0,9.925558312655086,0.0,2.4813895781637716,0.0,0.0,17.3697270471464,2.4813895781637716,0.0,7.444168734491315,0.0,7.444168734491315,0.0,0.0,0.0,0.0,2.4813895781637716,0.0,0.0,0.0,0.0,133.99503722084367,66.99751861042184,7.444168734491315,59.55334987593052,0.5175,5.855,7.444168734491315,2.4813895781637716,0.0,2.4813895781637716,0.0,0.0,14.88833746898263,0.0,0.0,0.0,2.4813895781637716,12.40694789081886,7.444168734491315,0.0,0.0,0.0,0.0,0.0,14.88833746898263,29.77667493796526,2.4813895781637716,0.0,2.4813895781637716
P18-1228,0.0,0.0,58.53658536585366,2.4390243902439024,0.0,7.317073170731708,0.0,4.878048780487805,9.75609756097561,0.0,0.0,0.0,19.51219512195122,65.85365853658537,19.51219512195122,243.90243902439025,7.317073170731708,0.0,12.195121951219512,2.4390243902439024,2.4390243902439024,0.0,0.0,14.634146341463415,7.317073170731708,0.0,7.317073170731708,0.0,9.75609756097561,0.0,0.0,0.0,0.0,0.0,0.0,0.0,0.0,4.878048780487805,134.14634146341464,112.19512195121952,2.4390243902439024,56.09756097560976,0.530562347188264,5.985330073349633,7.317073170731708,0.0,0.0,0.0,2.4390243902439024,0.0,9.75609756097561,7.317073170731708,0.0,0.0,0.0,9.75609756097561,7.317073170731708,0.0,0.0,0.0,0.0,0.0,7.317073170731708,21.95121951219512,0.0,0.0,4.878048780487805
C10-1012,0.0,7.194244604316547,62.35011990407674,4.796163069544364,0.0,16.786570743405274,0.0,2.398081534772182,2.398081534772182,0.0,0.0,0.0,16.786570743405274,69.54436450839329,11.990407673860911,242.2062350119904,7.194244604316547,0.0,11.990407673860911,0.0,0.0,0.0,0.0,16.786570743405274,2.398081534772182,0.0,0.0,0.0,7.194244604316547,0.0,0.0,0.0,2.398081534772182,4.796163069544364,0.0,0.0,0.0,4.796163069544364,146.2829736211031,131.89448441247004,4.796163069544364,35.97122302158273,0.5563549160671463,6.333333333333333,0.0,0.0,0.0,2.398081534772182,2.398081534772182,0.0,14.388489208633095,0.0,0.0,0.0,2.398081534772182,7.194244604316547,9.592326139088728,0.0,0.0,0.0,0.0,0.0,0.0,4.796163069544364,2.398081534772182,0.0,0.0
C10-1065,0.0,0.0,57.356608478803,0.0,2.493765586034913,14.962593516209475,0.0,2.493765586034913,7.481296758104738,0.0,0.0,0.0,14.962593516209475,89.77556109725685,4.987531172069826,254.36408977556107,4.987531172069826,0.0,9.975062344139651,2.493765586034913,2.493765586034913,0.0,0.0,9.975062344139651,2.493765586034913,0.0,0.0,0.0,4.987531172069826,0.0,0.0,0.0,0.0,7.481296758104738,0.0,0.0,0.0,4.987531172069826,137.1571072319202,79.80049875311721,2.493765586034913,54.86284289276808,0.5240506329113924,5.924050632911392,4.987531172069826,4.987531172069826,0.0,0.0,7.481296758104738,0.0,17.456359102244388,4.987531172069826,0.0,0.0,0.0,9.975062344139651,0.0,0.0,0.0,0.0,0.0,0.0,7.481296758104738,22.443890274314214,0.0,0.0,4.987531172069826
C10-1092,0.0,0.0,66.98564593301435,0.0,0.0,16.74641148325359,0.0,2.3923444976076556,4.784688995215311,0.0,0.0,0.0,19.138755980861244,122.00956937799043,2.3923444976076556,236.8421052631579,0.0,2.3923444976076556,14.354066985645934,0.0,2.3923444976076556,0.0,0.0,7.177033492822967,9.569377990430622,0.0,2.3923444976076556,0.0,11.961722488038278,0.0,0.0,0.0,0.0,4.784688995215311,0.0,0.0,0.0,4.784688995215311,124.40191387559808,86.1244019138756,7.177033492822967,45.45454545454545,0.5023923444976076,6.047846889952153,0.0,2.3923444976076556,0.0,0.0,2.3923444976076556,0.0,11.961722488038278,2.3923444976076556,0.0,2.3923444976076556,0.0,4.784688995215311,4.784688995215311,0.0,0.0,0.0,0.0,0.0,0.0,28.70813397129187,2.3923444976076556,0.0,7.177033492822967
C10-1105,0.0,6.8493150684931505,45.662100456621005,4.5662100456621,0.0,6.8493150684931505,0.0,2.28310502283105,0.0,0.0,0.0,0.0,13.698630136986301,75.34246575342465,13.698630136986301,223.74429223744292,2.28310502283105,0.0,4.5662100456621,0.0,4.5662100456621,0.0,0.0,18.2648401826484,6.8493150684931505,0.0,0.0,0.0,6.8493150684931505,0.0,0.0,0.0,0.0,2.28310502283105,0.0,0.0,0.0,4.5662100456621,105.0228310502283,125.57077625570776,2.28310502283105,68.4931506849315,0.562200956937799,6.19377990430622,6.8493150684931505,4.5662100456621,0.0,0.0,11.415525114155251,0.0,15.981735159817351,6.8493150684931505,0.0,0.0,2.28310502283105,9.1324200913242,9.1324200913242,0.0,0.0,0.0,0.0,2.28310502283105,6.8493150684931505,22.831050228310502,2.28310502283105,0.0,2.28310502283105
C10-1113,0.0,4.705882352941176,63.52941176470588,0.0,0.0,18.823529411764703,0.0,7.058823529411765,0.0,2.352941176470588,0.0,0.0,16.47058823529412,40.0,4.705882352941176,284.7058823529412,2.352941176470588,0.0,9.411764705882351,0.0,0.0,0.0,0.0,11.76470588235294,2.352941176470588,0.0,2.352941176470588,2.352941176470588,11.76470588235294,0.0,0.0,0.0,0.0,4.705882352941176,0.0,0.0,0.0,4.705882352941176,115.29411764705883,124.70588235294117,2.352941176470588,42.35294117647059,0.5508274231678487,5.898345153664303,7.058823529411765,4.705882352941176,0.0,0.0,2.352941176470588,0.0,9.411764705882351,4.705882352941176,0.0,0.0,2.352941176470588,9.411764705882351,4.705882352941176,0.0,0.0,0.0,0.0,0.0,2.352941176470588,32.94117647058824,0.0,0.0,4.705882352941176
C10-1134,0.0,4.88997555012225,51.344743276283616,0.0,0.0,9.7799511002445,0.0,4.88997555012225,4.88997555012225,2.444987775061125,0.0,0.0,17.114914425427873,102.68948655256723,4.88997555012225,224.93887530562347,4.88997555012225,0.0,7.334963325183374,0.0,2.444987775061125,0.0,0.0,14.669926650366747,7.334963325183374,0.0,7.334963325183374,0.0,2.444987775061125,0.0,0.0,0.0,2.444987775061125,7.334963325183374,0.0,0.0,0.0,4.88997555012225,141.80929095354523,73.34963325183375,0.0,53.78973105134474,0.547911547911548,5.749385749385749,9.7799511002445,0.0,0.0,0.0,4.88997555012225,0.0,19.559902200489,7.334963325183374,0.0,0.0,2.444987775061125,14.669926650366747,9.7799511002445,0.0,0.0,0.0,0.0,4.88997555012225,12.224938875305625,4.88997555012225,0.0,0.0,0.0
C10-1135,0.0,7.481296758104738,64.83790523690773,0.0,2.493765586034913,12.468827930174564,0.0,2.493765586034913,4.987531172069826,0.0,0.0,0.0,22.443890274314214,104.73815461346634,9.975062344139651,211.9700748129676,14.962593516209475,2.493765586034913,2.493765586034913,0.0,0.0,0.0,0.0,9.975062344139651,9.975062344139651,0.0,0.0,0.0,7.481296758104738,0.0,0.0,0.0,0.0,4.987531172069826,0.0,0.0,0.0,2.493765586034913,117.20698254364089,109.72568578553616,0.0,72.31920199501248,0.5588972431077694,6.238095238095238,4.987531172069826,2.493765586034913,0.0,2.493765586034913,2.493765586034913,0.0,17.456359102244388,7.481296758104738,0.0,0.0,0.0,7.481296758104738,4.987531172069826,0.0,0.0,2.493765586034913,0.0,0.0,2.493765586034913,19.950124688279303,2.493765586034913,0.0,7.481296758104738
C10-1147,0.0,2.403846153846154,69.71153846153847,0.0,2.403846153846154,12.01923076923077,0.0,2.403846153846154,0.0,0.0,0.0,0.0,26.442307692307693,69.71153846153847,14.423076923076923,290.86538461538464,9.615384615384617,0.0,16.826923076923077,0.0,4.807692307692308,0.0,0.0,19.230769230769234,4.807692307692308,0.0,0.0,0.0,19.230769230769234,0.0,0.0,0.0,0.0,2.403846153846154,0.0,0.0,0.0,2.403846153846154,117.78846153846153,67.3076923076923,7.211538461538462,43.26923076923077,0.5301204819277109,5.843373493975903,9.615384615384617,2.403846153846154,0.0,0.0,9.615384615384617,0.0,9.615384615384617,2.403846153846154,0.0,0.0,2.403846153846154,7.211538461538462,7.211538461538462,0.0,0.0,0.0,0.0,0.0,2.403846153846154,14.423076923076923,2.403846153846154,0.0,2.403846153846154
C12-1002,0.0,0.0,58.25242718446602,0.0,0.0,26.699029126213592,0.0,2.4271844660194173,7.281553398058253,0.0,0.0,0.0,16.990291262135923,106.79611650485437,9.70873786407767,220.873786407767,4.854368932038835,2.4271844660194173,9.70873786407767,0.0,2.4271844660194173,0.0,0.0,24.271844660194173,4.854368932038835,0.0,7.281553398058253,0.0,7.281553398058253,0.0,0.0,0.0,2.4271844660194173,4.854368932038835,0.0,0.0,0.0,2.4271844660194173,128.64077669902912,82.5242718446602,2.4271844660194173,48.543689320388346,0.5679611650485437,6.019417475728155,7.281553398058253,2.4271844660194173,0.0,0.0,2.4271844660194173,0.0,14.563106796116505,4.854368932038835,0.0,0.0,0.0,9.70873786407767,2.4271844660194173,0.0,0.0,0.0,0.0,4.854368932038835,7.281553398058253,14.563106796116505,0.0,0.0,2.4271844660194173
C12-1021,0.0,4.878048780487805,80.48780487804878,0.0,0.0,14.634146341463415,0.0,4.878048780487805,4.878048780487805,2.4390243902439024,0.0,0.0,31.70731707317073,53.65853658536585,12.195121951219512,278.0487804878049,7.317073170731708,2.4390243902439024,7.317073170731708,0.0,2.4390243902439024,0.0,9.75609756097561,7.317073170731708,0.0,0.0,0.0,2.4390243902439024,7.317073170731708,0.0,0.0,0.0,0.0,7.317073170731708,0.0,0.0,0.0,4.878048780487805,156.09756097560975,112.19512195121952,4.878048780487805,46.34146341463415,0.4951219512195122,5.778048780487805,4.878048780487805,0.0,0.0,0.0,0.0,0.0,19.51219512195122,2.4390243902439024,0.0,0.0,0.0,14.634146341463415,2.4390243902439024,0.0,0.0,0.0,2.4390243902439024,0.0,2.4390243902439024,14.634146341463415,0.0,0.0,4.878048780487805
C12-1077,0.0,4.926108374384237,59.11330049261083,0.0,0.0,14.778325123152708,0.0,0.0,4.926108374384237,0.0,0.0,0.0,12.315270935960593,46.79802955665024,17.241379310344826,273.3990147783251,2.4630541871921183,2.4630541871921183,17.241379310344826,0.0,2.4630541871921183,0.0,0.0,17.241379310344826,4.926108374384237,0.0,2.4630541871921183,0.0,4.926108374384237,0.0,0.0,0.0,0.0,4.926108374384237,0.0,0.0,0.0,4.926108374384237,108.37438423645321,88.66995073891626,2.4630541871921183,68.9655172413793,0.5615763546798029,5.788177339901478,2.4630541871921183,4.926108374384237,0.0,2.4630541871921183,14.778325123152708,0.0,12.315270935960593,2.4630541871921183,0.0,0.0,0.0,7.389162561576354,2.4630541871921183,0.0,0.0,0.0,0.0,0.0,7.389162561576354,22.167487684729064,0.0,0.0,4.926108374384237
C12-1100,0.0,7.462686567164179,42.28855721393035,0.0,0.0,7.462686567164179,0.0,4.975124378109452,0.0,0.0,0.0,0.0,2.487562189054726,72.13930348258707,2.487562189054726,288.55721393034827,9.950248756218905,0.0,0.0,0.0,2.487562189054726,0.0,0.0,12.437810945273633,7.462686567164179,0.0,4.975124378109452,0.0,0.0,0.0,0.0,0.0,0.0,2.487562189054726,0.0,0.0,0.0,2.487562189054726,141.7910447761194,114.42786069651741,0.0,32.33830845771144,0.495,5.825,4.975124378109452,2.487562189054726,0.0,0.0,2.487562189054726,0.0,27.36318407960199,2.487562189054726,0.0,0.0,0.0,4.975124378109452,7.462686567164179,0.0,0.0,0.0,0.0,0.0,2.487562189054726,22.388059701492537,0.0,0.0,4.975124378109452
C12-1110,0.0,4.819277108433735,62.65060240963856,2.4096385542168677,0.0,7.228915662650603,0.0,7.228915662650603,0.0,2.4096385542168677,0.0,0.0,24.096385542168676,53.01204819277108,2.4096385542168677,250.60240963855424,9.63855421686747,0.0,14.457831325301205,0.0,2.4096385542168677,0.0,0.0,14.457831325301205,0.0,0.0,0.0,0.0,14.457831325301205,0.0,0.0,0.0,0.0,4.819277108433735,0.0,0.0,0.0,2.4096385542168677,134.93975903614458,122.89156626506025,4.819277108433735,77.10843373493977,0.4963855421686747,6.2457831325301205,2.4096385542168677,2.4096385542168677,0.0,7.228915662650603,0.0,0.0,12.048192771084338,2.4096385542168677,0.0,0.0,0.0,4.819277108433735,7.228915662650603,0.0,0.0,0.0,0.0,0.0,4.819277108433735,24.096385542168676,4.819277108433735,0.0,4.819277108433735
C12-1130,0.0,2.4813895781637716,52.10918114143921,2.4813895781637716,0.0,19.851116625310173,0.0,7.444168734491315,2.4813895781637716,4.962779156327543,0.0,0.0,14.88833746898263,54.59057071960298,7.444168734491315,245.6575682382134,0.0,2.4813895781637716,9.925558312655086,0.0,0.0,0.0,0.0,9.925558312655086,7.444168734491315,2.4813895781637716,7.444168734491315,0.0,12.40694789081886,0.0,0.0,0.0,0.0,2.4813895781637716,0.0,0.0,0.0,7.444168734491315,131.5136476426799,129.03225806451613,4.962779156327543,24.81389578163772,0.5361596009975063,6.062344139650873,2.4813895781637716,0.0,0.0,0.0,4.962779156327543,0.0,14.88833746898263,2.4813895781637716,0.0,0.0,2.4813895781637716,7.444168734491315,7.444168734491315,0.0,0.0,0.0,0.0,0.0,0.0,39.702233250620345,7.444168734491315,0.0,0.0
C12-1148,0.0,4.608294930875576,52.995391705069125,0.0,0.0,13.82488479262673,0.0,2.304147465437788,0.0,0.0,0.0,0.0,13.82488479262673,59.907834101382484,11.520737327188941,278.8018433179724,4.608294930875576,0.0,9.216589861751151,0.0,2.304147465437788,0.0,0.0,9.216589861751151,2.304147465437788,0.0,2.304147465437788,0.0,9.216589861751151,0.0,0.0,0.0,0.0,2.304147465437788,0.0,0.0,0.0,9.216589861751151,152.073732718894,96.77419354838709,0.0,39.17050691244239,0.5023255813953489,5.732558139534884,4.608294930875576,2.304147465437788,0.0,0.0,0.0,0.0,16.129032258064516,6.912442396313365,0.0,0.0,0.0,13.82488479262673,4.608294930875576,2.304147465437788,0.0,0.0,0.0,0.0,2.304147465437788,16.129032258064516,0.0,0.0,2.304147465437788
C12-1150,0.0,7.263922518159807,53.26876513317191,0.0,0.0,9.685230024213075,0.0,7.263922518159807,2.4213075060532687,0.0,0.0,0.0,4.842615012106537,58.11138014527845,2.4213075060532687,297.82082324455206,7.263922518159807,0.0,12.106537530266344,0.0,2.4213075060532687,0.0,0.0,14.527845036319613,4.842615012106537,0.0,0.0,0.0,0.0,0.0,0.0,0.0,0.0,2.4213075060532687,0.0,0.0,0.0,2.4213075060532687,154.9636803874092,108.95883777239709,0.0,41.16222760290557,0.5525672371638142,5.743276283618582,2.4213075060532687,0.0,0.0,0.0,0.0,0.0,12.106537530266344,2.4213075060532687,0.0,0.0,2.4213075060532687,7.263922518159807,0.0,0.0,0.0,0.0,0.0,0.0,7.263922518159807,12.106537530266344,0.0,0.0,2.4213075060532687
C12-1169,0.0,4.597701149425287,52.87356321839081,0.0,2.2988505747126435,16.091954022988507,0.0,0.0,2.2988505747126435,2.2988505747126435,0.0,0.0,13.793103448275861,87.35632183908046,2.2988505747126435,236.7816091954023,4.597701149425287,0.0,0.0,0.0,2.2988505747126435,0.0,0.0,13.793103448275861,2.2988505747126435,0.0,6.896551724137931,2.2988505747126435,6.896551724137931,0.0,0.0,0.0,0.0,4.597701149425287,0.0,0.0,0.0,2.2988505747126435,121.83908045977012,131.0344827586207,0.0,39.08045977011494,0.5057736720554272,6.087759815242494,4.597701149425287,2.2988505747126435,0.0,0.0,4.597701149425287,0.0,6.896551724137931,0.0,0.0,0.0,0.0,9.195402298850574,2.2988505747126435,0.0,0.0,0.0,0.0,0.0,0.0,25.28735632183908,0.0,0.0,2.2988505747126435
C12-1192,0.0,0.0,51.64319248826291,2.347417840375587,0.0,23.474178403755868,0.0,7.042253521126761,0.0,7.042253521126761,0.0,0.0,11.737089201877934,49.29577464788732,2.347417840375587,321.59624413145536,2.347417840375587,0.0,9.389671361502348,0.0,0.0,0.0,2.347417840375587,16.431924882629108,2.347417840375587,0.0,4.694835680751174,0.0,4.694835680751174,0.0,0.0,0.0,0.0,4.694835680751174,0.0,0.0,0.0,2.347417840375587,126.76056338028168,70.42253521126761,4.694835680751174,42.25352112676056,0.5235849056603774,5.877358490566038,2.347417840375587,4.694835680751174,0.0,0.0,2.347417840375587,0.0,14.084507042253522,7.042253521126761,0.0,0.0,0.0,11.737089201877934,2.347417840375587,2.347417840375587,0.0,0.0,0.0,2.347417840375587,4.694835680751174,14.084507042253522,4.694835680751174,0.0,2.347417840375587
C14-1003,0.0,4.830917874396135,62.80193236714976,7.246376811594203,0.0,19.32367149758454,0.0,2.4154589371980677,7.246376811594203,2.4154589371980677,0.0,0.0,16.908212560386474,57.971014492753625,4.830917874396135,253.62318840579712,2.4154589371980677,0.0,9.66183574879227,0.0,4.830917874396135,0.0,0.0,7.246376811594203,4.830917874396135,0.0,2.4154589371980677,0.0,9.66183574879227,0.0,0.0,0.0,0.0,2.4154589371980677,0.0,0.0,0.0,4.830917874396135,130.43478260869566,123.18840579710145,4.830917874396135,43.47826086956522,0.5278450363196125,5.86682808716707,7.246376811594203,2.4154589371980677,0.0,0.0,4.830917874396135,0.0,12.077294685990339,4.830917874396135,0.0,0.0,2.4154589371980677,2.4154589371980677,4.830917874396135,0.0,0.0,0.0,0.0,0.0,0.0,14.492753623188406,0.0,0.0,2.4154589371980677
C14-1005,0.0,0.0,65.88235294117648,0.0,0.0,0.0,0.0,2.352941176470588,2.352941176470588,2.352941176470588,0.0,0.0,11.76470588235294,63.52941176470588,4.705882352941176,263.5294117647059,11.76470588235294,0.0,7.058823529411765,2.352941176470588,2.352941176470588,0.0,0.0,9.411764705882351,4.705882352941176,0.0,7.058823529411765,0.0,9.411764705882351,0.0,0.0,0.0,0.0,0.0,0.0,0.0,0.0,4.705882352941176,134.11764705882354,108.23529411764706,2.352941176470588,54.11764705882353,0.5463182897862233,5.909738717339668,7.058823529411765,2.352941176470588,0.0,0.0,9.411764705882351,0.0,11.76470588235294,2.352941176470588,0.0,0.0,0.0,7.058823529411765,0.0,0.0,0.0,0.0,0.0,2.352941176470588,2.352941176470588,23.52941176470588,2.352941176470588,0.0,4.705882352941176
C14-1023,0.0,9.685230024213075,58.11138014527845,0.0,2.4213075060532687,0.0,0.0,2.4213075060532687,12.106537530266344,0.0,0.0,0.0,14.527845036319613,38.7409200968523,29.055690072639226,232.4455205811138,4.842615012106537,0.0,4.842615012106537,0.0,4.842615012106537,0.0,2.4213075060532687,4.842615012106537,9.685230024213075,0.0,0.0,2.4213075060532687,2.4213075060532687,0.0,0.0,0.0,0.0,7.263922518159807,0.0,0.0,0.0,7.263922518159807,111.38014527845036,142.85714285714286,0.0,48.426150121065376,0.5,6.038834951456311,4.842615012106537,4.842615012106537,0.0,0.0,7.263922518159807,0.0,9.685230024213075,4.842615012106537,2.4213075060532687,0.0,7.263922518159807,7.263922518159807,7.263922518159807,2.4213075060532687,0.0,0.0,0.0,0.0,2.4213075060532687,24.213075060532688,0.0,0.0,7.263922518159807
C14-1026,4.761904761904763,7.142857142857142,57.14285714285714,0.0,0.0,9.523809523809526,0.0,2.3809523809523814,4.761904761904763,4.761904761904763,0.0,0.0,11.904761904761903,61.904761904761905,9.523809523809526,257.1428571428571,4.761904761904763,0.0,7.142857142857142,0.0,9.523809523809526,0.0,0.0,7.142857142857142,9.523809523809526,0.0,4.761904761904763,0.0,2.3809523809523814,0.0,0.0,0.0,0.0,7.142857142857142,0.0,0.0,0.0,4.761904761904763,102.38095238095238,135.7142857142857,0.0,40.47619047619048,0.46875,6.100961538461538,7.142857142857142,2.3809523809523814,0.0,0.0,7.142857142857142,0.0,11.904761904761903,2.3809523809523814,0.0,0.0,2.3809523809523814,9.523809523809526,14.285714285714285,0.0,0.0,0.0,0.0,0.0,4.761904761904763,28.57142857142857,2.3809523809523814,0.0,2.3809523809523814
C14-1088,4.987531172069826,2.493765586034913,44.88778054862843,0.0,0.0,12.468827930174564,0.0,0.0,0.0,2.493765586034913,0.0,0.0,12.468827930174564,54.86284289276808,12.468827930174564,289.2768079800499,7.481296758104738,0.0,2.493765586034913,0.0,4.987531172069826,0.0,0.0,12.468827930174564,9.975062344139651,2.493765586034913,0.0,0.0,12.468827930174564,0.0,0.0,0.0,0.0,0.0,0.0,0.0,0.0,2.493765586034913,104.73815461346634,104.73815461346634,2.493765586034913,42.394014962593516,0.5808080808080808,6.0606060606060606,2.493765586034913,2.493765586034913,0.0,7.481296758104738,2.493765586034913,0.0,9.975062344139651,2.493765586034913,2.493765586034913,0.0,4.987531172069826,7.481296758104738,4.987531172069826,0.0,0.0,0.0,0.0,0.0,4.987531172069826,9.975062344139651,2.493765586034913,0.0,2.493765586034913
C14-1094,0.0,2.403846153846154,62.5,0.0,0.0,16.826923076923077,0.0,4.807692307692308,2.403846153846154,0.0,0.0,0.0,14.423076923076923,72.11538461538461,7.211538461538462,245.19230769230768,0.0,0.0,14.423076923076923,0.0,2.403846153846154,0.0,0.0,24.03846153846154,7.211538461538462,0.0,4.807692307692308,0.0,7.211538461538462,0.0,0.0,0.0,0.0,7.211538461538462,0.0,0.0,0.0,4.807692307692308,110.57692307692307,117.78846153846153,7.211538461538462,36.05769230769231,0.5480769230769231,6.1201923076923075,0.0,0.0,0.0,0.0,2.403846153846154,0.0,16.826923076923077,4.807692307692308,0.0,0.0,0.0,4.807692307692308,2.403846153846154,0.0,0.0,0.0,0.0,0.0,2.403846153846154,12.01923076923077,2.403846153846154,0.0,0.0
C14-1111,0.0,9.900990099009901,64.35643564356435,2.4752475247524752,0.0,4.9504950495049505,0.0,7.425742574257425,7.425742574257425,0.0,0.0,0.0,19.801980198019802,42.07920792079208,9.900990099009901,284.65346534653463,14.85148514851485,2.4752475247524752,14.85148514851485,0.0,4.9504950495049505,0.0,0.0,12.376237623762377,7.425742574257425,0.0,0.0,0.0,7.425742574257425,0.0,0.0,0.0,0.0,4.9504950495049505,0.0,0.0,0.0,2.4752475247524752,123.76237623762376,101.48514851485149,4.9504950495049505,56.93069306930693,0.5536159600997507,6.114713216957606,2.4752475247524752,0.0,0.0,0.0,9.900990099009901,0.0,12.376237623762377,2.4752475247524752,0.0,0.0,2.4752475247524752,17.32673267326733,4.9504950495049505,0.0,0.0,0.0,0.0,0.0,4.9504950495049505,17.32673267326733,0.0,0.0,0.0
C14-1130,0.0,7.481296758104738,57.356608478803,2.493765586034913,0.0,2.493765586034913,0.0,9.975062344139651,7.481296758104738,2.493765586034913,0.0,0.0,17.456359102244388,44.88778054862843,12.468827930174564,209.47630922693267,7.481296758104738,2.493765586034913,12.468827930174564,0.0,0.0,0.0,2.493765586034913,12.468827930174564,12.468827930174564,0.0,0.0,0.0,9.975062344139651,0.0,0.0,0.0,0.0,2.493765586034913,0.0,0.0,0.0,9.975062344139651,127.18204488778053,164.58852867830424,4.987531172069826,29.92518703241895,0.5236907730673317,6.129675810473816,4.987531172069826,2.493765586034913,0.0,0.0,4.987531172069826,0.0,12.468827930174564,7.481296758104738,2.493765586034913,0.0,2.493765586034913,0.0,7.481296758104738,0.0,0.0,0.0,0.0,0.0,0.0,24.93765586034913,2.493765586034913,0.0,2.493765586034913
C14-1140,0.0,2.2988505747126435,62.06896551724138,2.2988505747126435,0.0,20.689655172413794,0.0,2.2988505747126435,2.2988505747126435,0.0,0.0,0.0,18.39080459770115,64.36781609195403,6.896551724137931,264.367816091954,4.597701149425287,0.0,18.39080459770115,0.0,4.597701149425287,0.0,2.2988505747126435,22.988505747126435,9.195402298850574,0.0,4.597701149425287,0.0,11.494252873563218,0.0,0.0,0.0,0.0,2.2988505747126435,0.0,0.0,0.0,2.2988505747126435,137.9310344827586,68.9655172413793,4.597701149425287,59.770114942528735,0.5092165898617511,5.645161290322581,2.2988505747126435,4.597701149425287,0.0,0.0,9.195402298850574,0.0,11.494252873563218,6.896551724137931,0.0,0.0,9.195402298850574,11.494252873563218,6.896551724137931,0.0,0.0,0.0,0.0,4.597701149425287,6.896551724137931,11.494252873563218,2.2988505747126435,0.0,9.195402298850574
C14-1211,0.0,4.987531172069826,54.86284289276808,0.0,2.493765586034913,17.456359102244388,0.0,7.481296758104738,9.975062344139651,0.0,0.0,2.493765586034913,7.481296758104738,44.88778054862843,4.987531172069826,284.28927680798006,7.481296758104738,0.0,0.0,0.0,0.0,0.0,4.987531172069826,7.481296758104738,17.456359102244388,0.0,2.493765586034913,0.0,4.987531172069826,0.0,0.0,0.0,0.0,0.0,0.0,0.0,0.0,2.493765586034913,149.62593516209478,74.81296758104739,0.0,47.38154613466334,0.5175879396984925,5.738693467336684,4.987531172069826,2.493765586034913,0.0,0.0,7.481296758104738,0.0,17.456359102244388,2.493765586034913,0.0,0.0,0.0,4.987531172069826,4.987531172069826,0.0,0.0,0.0,0.0,0.0,0.0,19.950124688279303,2.493765586034913,0.0,4.987531172069826
C16-1009,7.009345794392523,7.009345794392523,51.401869158878505,0.0,0.0,11.682242990654204,0.0,2.336448598130841,2.336448598130841,2.336448598130841,0.0,2.336448598130841,11.682242990654204,77.10280373831775,7.009345794392523,268.69158878504675,7.009345794392523,2.336448598130841,4.672897196261682,0.0,4.672897196261682,0.0,0.0,11.682242990654204,2.336448598130841,0.0,0.0,0.0,7.009345794392523,0.0,0.0,0.0,0.0,2.336448598130841,0.0,0.0,0.0,4.672897196261682,135.51401869158877,86.44859813084112,0.0,67.75700934579439,0.5292740046838408,5.709601873536299,11.682242990654204,2.336448598130841,0.0,0.0,11.682242990654204,0.0,14.018691588785046,7.009345794392523,0.0,0.0,0.0,11.682242990654204,4.672897196261682,0.0,0.0,0.0,0.0,0.0,4.672897196261682,11.682242990654204,0.0,0.0,9.345794392523365
C16-1021,0.0,0.0,65.06024096385542,0.0,0.0,16.867469879518072,0.0,2.4096385542168677,0.0,0.0,0.0,0.0,26.50602409638554,62.65060240963856,4.819277108433735,226.50602409638554,0.0,2.4096385542168677,16.867469879518072,0.0,7.228915662650603,0.0,0.0,19.27710843373494,4.819277108433735,0.0,2.4096385542168677,0.0,14.457831325301205,0.0,0.0,0.0,0.0,4.819277108433735,0.0,0.0,0.0,7.228915662650603,120.48192771084338,91.56626506024097,7.228915662650603,50.60240963855422,0.5254237288135594,5.845036319612591,4.819277108433735,4.819277108433735,0.0,0.0,4.819277108433735,0.0,12.048192771084338,9.63855421686747,0.0,0.0,4.819277108433735,9.63855421686747,12.048192771084338,0.0,0.0,0.0,0.0,0.0,0.0,21.686746987951807,4.819277108433735,0.0,4.819277108433735
C16-1027,0.0,2.3696682464454977,37.91469194312796,2.3696682464454977,0.0,18.95734597156398,0.0,0.0,0.0,0.0,0.0,0.0,9.47867298578199,49.76303317535545,2.3696682464454977,308.05687203791473,0.0,0.0,2.3696682464454977,0.0,0.0,0.0,0.0,14.218009478672984,9.47867298578199,0.0,0.0,2.3696682464454977,2.3696682464454977,0.0,0.0,0.0,0.0,2.3696682464454977,0.0,0.0,0.0,0.0,130.33175355450237,87.67772511848341,2.3696682464454977,37.91469194312796,0.5154394299287411,5.719714964370547,2.3696682464454977,0.0,0.0,0.0,2.3696682464454977,0.0,11.848341232227487,2.3696682464454977,0.0,0.0,2.3696682464454977,7.109004739336492,4.739336492890995,0.0,0.0,0.0,0.0,7.109004739336492,9.47867298578199,21.32701421800948,0.0,0.0,0.0
C16-1038,0.0,4.807692307692308,64.90384615384616,9.615384615384617,2.403846153846154,19.230769230769234,0.0,2.403846153846154,2.403846153846154,0.0,0.0,0.0,24.03846153846154,62.5,12.01923076923077,254.8076923076923,7.211538461538462,0.0,26.442307692307693,2.403846153846154,0.0,0.0,0.0,12.01923076923077,4.807692307692308,0.0,12.01923076923077,2.403846153846154,12.01923076923077,0.0,0.0,0.0,0.0,2.403846153846154,0.0,0.0,0.0,4.807692307692308,122.59615384615384,86.53846153846153,12.01923076923077,52.88461538461539,0.537712895377129,5.81265206812652,4.807692307692308,4.807692307692308,0.0,0.0,0.0,0.0,21.634615384615383,0.0,2.403846153846154,0.0,2.403846153846154,16.826923076923077,12.01923076923077,0.0,0.0,0.0,0.0,2.403846153846154,4.807692307692308,4.807692307692308,4.807692307692308,0.0,2.403846153846154
C16-1040,0.0,0.0,63.10679611650485,2.4271844660194173,0.0,19.41747572815534,0.0,0.0,9.70873786407767,0.0,0.0,0.0,26.699029126213592,41.2621359223301,26.699029126213592,186.89320388349515,7.281553398058253,2.4271844660194173,4.854368932038835,0.0,7.281553398058253,0.0,0.0,14.563106796116505,7.281553398058253,0.0,4.854368932038835,2.4271844660194173,16.990291262135923,0.0,0.0,0.0,2.4271844660194173,0.0,0.0,0.0,0.0,2.4271844660194173,116.50485436893204,162.62135922330097,0.0,80.09708737864078,0.46359223300970875,6.012135922330097,9.70873786407767,0.0,0.0,0.0,21.844660194174757,0.0,12.135922330097086,9.70873786407767,0.0,2.4271844660194173,2.4271844660194173,12.135922330097086,7.281553398058253,0.0,0.0,0.0,0.0,2.4271844660194173,9.70873786407767,19.41747572815534,2.4271844660194173,0.0,4.854368932038835
C16-1042,0.0,0.0,73.89162561576356,0.0,0.0,14.778325123152708,0.0,7.389162561576354,0.0,0.0,0.0,0.0,24.630541871921185,27.093596059113302,17.241379310344826,261.0837438423645,14.778325123152708,0.0,9.852216748768473,0.0,7.389162561576354,0.0,2.4630541871921183,9.852216748768473,4.926108374384237,0.0,2.4630541871921183,0.0,12.315270935960593,0.0,0.0,0.0,0.0,4.926108374384237,0.0,0.0,0.0,7.389162561576354,133.00492610837438,100.98522167487685,0.0,51.724137931034484,0.5467980295566502,5.6330049261083746,2.4630541871921183,0.0,0.0,0.0,4.926108374384237,0.0,17.241379310344826,9.852216748768473,0.0,0.0,4.926108374384237,9.852216748768473,9.852216748768473,0.0,0.0,2.4630541871921183,0.0,0.0,9.852216748768473,14.778325123152708,2.4630541871921183,0.0,7.389162561576354
C16-1082,0.0,0.0,49.41176470588235,4.705882352941176,0.0,11.76470588235294,0.0,4.705882352941176,0.0,2.352941176470588,0.0,0.0,9.411764705882351,103.52941176470588,4.705882352941176,261.1764705882353,2.352941176470588,0.0,2.352941176470588,0.0,2.352941176470588,0.0,0.0,7.058823529411765,7.058823529411765,0.0,2.352941176470588,0.0,2.352941176470588,0.0,0.0,0.0,0.0,4.705882352941176,0.0,0.0,0.0,2.352941176470588,160.0,96.47058823529412,0.0,32.94117647058824,0.52,6.075294117647059,2.352941176470588,0.0,0.0,0.0,4.705882352941176,0.0,18.823529411764703,0.0,0.0,0.0,2.352941176470588,7.058823529411765,2.352941176470588,0.0,0.0,0.0,0.0,0.0,0.0,14.11764705882353,0.0,0.0,0.0
C16-1110,0.0,11.876484560570072,47.50593824228029,0.0,0.0,7.125890736342043,0.0,7.125890736342043,4.750593824228028,2.375296912114014,0.0,0.0,9.501187648456057,87.88598574821853,4.750593824228028,256.53206650831356,9.501187648456057,4.750593824228028,9.501187648456057,2.375296912114014,2.375296912114014,0.0,0.0,19.002375296912113,7.125890736342043,0.0,2.375296912114014,2.375296912114014,2.375296912114014,0.0,0.0,0.0,0.0,4.750593824228028,0.0,0.0,0.0,7.125890736342043,125.89073634204276,102.1377672209026,0.0,26.128266033254157,0.5707434052757794,6.0503597122302155,2.375296912114014,0.0,0.0,0.0,7.125890736342043,0.0,16.6270783847981,7.125890736342043,0.0,0.0,2.375296912114014,4.750593824228028,2.375296912114014,0.0,0.0,0.0,0.0,0.0,4.750593824228028,19.002375296912113,0.0,0.0,2.375296912114014
C16-1149,0.0,4.750593824228028,57.00712589073635,2.375296912114014,0.0,7.125890736342043,0.0,7.125890736342043,4.750593824228028,0.0,0.0,0.0,7.125890736342043,97.38717339667458,9.501187648456057,230.40380047505937,9.501187648456057,2.375296912114014,11.876484560570072,0.0,2.375296912114014,0.0,0.0,11.876484560570072,7.125890736342043,0.0,2.375296912114014,0.0,0.0,0.0,0.0,0.0,0.0,7.125890736342043,0.0,0.0,0.0,7.125890736342043,128.26603325415678,102.1377672209026,2.375296912114014,59.38242280285035,0.5608591885441527,5.890214797136038,4.750593824228028,2.375296912114014,0.0,0.0,9.501187648456057,0.0,14.251781472684087,0.0,0.0,0.0,0.0,21.377672209026127,4.750593824228028,0.0,0.0,0.0,0.0,0.0,4.750593824228028,14.251781472684087,0.0,0.0,7.125890736342043
C16-1177,0.0,0.0,68.29268292682927,0.0,0.0,9.75609756097561,0.0,4.878048780487805,9.75609756097561,0.0,0.0,0.0,14.634146341463415,70.73170731707316,9.75609756097561,256.0975609756098,9.75609756097561,2.4390243902439024,12.195121951219512,0.0,0.0,0.0,0.0,12.195121951219512,7.317073170731708,0.0,4.878048780487805,0.0,2.4390243902439024,0.0,0.0,0.0,0.0,2.4390243902439024,0.0,0.0,0.0,9.75609756097561,117.07317073170732,92.6829268292683,9.75609756097561,48.78048780487805,0.541871921182266,6.044334975369458,4.878048780487805,2.4390243902439024,0.0,0.0,7.317073170731708,0.0,12.195121951219512,0.0,0.0,0.0,4.878048780487805,9.75609756097561,12.195121951219512,0.0,0.0,0.0,0.0,0.0,2.4390243902439024,14.634146341463415,0.0,0.0,2.4390243902439024
C16-1197,0.0,2.4154589371980677,50.72463768115942,4.830917874396135,0.0,9.66183574879227,0.0,0.0,2.4154589371980677,0.0,0.0,0.0,21.73913043478261,67.6328502415459,9.66183574879227,243.96135265700482,2.4154589371980677,0.0,7.246376811594203,0.0,0.0,0.0,0.0,21.73913043478261,4.830917874396135,0.0,2.4154589371980677,0.0,14.492753623188406,0.0,2.4154589371980677,0.0,0.0,2.4154589371980677,0.0,0.0,0.0,2.4154589371980677,106.28019323671498,132.85024154589374,0.0,41.06280193236715,0.5326876513317191,6.096852300242131,9.66183574879227,2.4154589371980677,0.0,0.0,2.4154589371980677,0.0,9.66183574879227,14.492753623188406,0.0,0.0,0.0,9.66183574879227,9.66183574879227,0.0,0.0,0.0,0.0,4.830917874396135,9.66183574879227,31.40096618357488,0.0,0.0,2.4154589371980677
C16-1206,0.0,4.784688995215311,59.80861244019139,4.784688995215311,0.0,9.569377990430622,0.0,4.784688995215311,2.3923444976076556,2.3923444976076556,0.0,0.0,14.354066985645934,64.5933014354067,19.138755980861244,246.41148325358853,2.3923444976076556,0.0,7.177033492822967,0.0,2.3923444976076556,0.0,0.0,21.5311004784689,0.0,0.0,2.3923444976076556,0.0,2.3923444976076556,0.0,0.0,0.0,0.0,4.784688995215311,0.0,0.0,0.0,4.784688995215311,124.40191387559808,90.9090909090909,2.3923444976076556,55.02392344497608,0.5323741007194245,5.932853717026379,9.569377990430622,2.3923444976076556,0.0,0.0,9.569377990430622,0.0,19.138755980861244,7.177033492822967,0.0,0.0,0.0,9.569377990430622,2.3923444976076556,0.0,0.0,0.0,0.0,0.0,2.3923444976076556,26.31578947368421,2.3923444976076556,0.0,4.784688995215311
C16-1242,0.0,9.70873786407767,55.8252427184466,2.4271844660194173,0.0,12.135922330097086,0.0,12.135922330097086,2.4271844660194173,0.0,0.0,0.0,19.41747572815534,58.25242718446602,4.854368932038835,293.6893203883495,4.854368932038835,9.70873786407767,2.4271844660194173,0.0,4.854368932038835,0.0,0.0,7.281553398058253,4.854368932038835,0.0,7.281553398058253,0.0,9.70873786407767,0.0,0.0,0.0,0.0,7.281553398058253,0.0,0.0,0.0,2.4271844660194173,135.92233009708738,87.37864077669903,0.0,46.116504854368934,0.5558252427184466,5.951456310679611,4.854368932038835,0.0,0.0,0.0,2.4271844660194173,0.0,26.699029126213592,2.4271844660194173,0.0,2.4271844660194173,2.4271844660194173,12.135922330097086,2.4271844660194173,0.0,0.0,0.0,0.0,0.0,2.4271844660194173,29.12621359223301,2.4271844660194173,0.0,2.4271844660194173
C16-1244,0.0,0.0,56.93069306930693,2.4752475247524752,0.0,14.85148514851485,0.0,17.32673267326733,2.4752475247524752,4.9504950495049505,0.0,0.0,22.277227722772277,51.980198019801975,17.32673267326733,242.57425742574256,4.9504950495049505,2.4752475247524752,4.9504950495049505,0.0,2.4752475247524752,0.0,0.0,12.376237623762377,9.900990099009901,0.0,4.9504950495049505,0.0,12.376237623762377,0.0,0.0,0.0,0.0,4.9504950495049505,0.0,0.0,0.0,2.4752475247524752,138.61386138613864,91.58415841584159,4.9504950495049505,34.65346534653466,0.527363184079602,6.012437810945274,2.4752475247524752,2.4752475247524752,0.0,0.0,2.4752475247524752,0.0,9.900990099009901,12.376237623762377,0.0,0.0,2.4752475247524752,12.376237623762377,7.425742574257425,0.0,0.0,0.0,0.0,2.4752475247524752,7.425742574257425,19.801980198019802,2.4752475247524752,0.0,2.4752475247524752
C18-1022,0.0,0.0,78.38479809976246,2.375296912114014,0.0,26.128266033254157,0.0,7.125890736342043,0.0,0.0,0.0,0.0,19.002375296912113,49.8812351543943,7.125890736342043,282.6603325415677,4.750593824228028,2.375296912114014,4.750593824228028,0.0,4.750593824228028,0.0,0.0,9.501187648456057,2.375296912114014,0.0,0.0,7.125890736342043,14.251781472684087,0.0,0.0,0.0,0.0,4.750593824228028,0.0,0.0,0.0,4.750593824228028,111.63895486935867,111.63895486935867,0.0,30.878859857482183,0.5463182897862233,6.038004750593824,4.750593824228028,2.375296912114014,0.0,0.0,4.750593824228028,0.0,19.002375296912113,0.0,0.0,0.0,4.750593824228028,4.750593824228028,4.750593824228028,0.0,0.0,0.0,0.0,0.0,4.750593824228028,28.503562945368174,2.375296912114014,0.0,2.375296912114014
C18-1041,0.0,0.0,66.66666666666667,2.3809523809523814,0.0,11.904761904761903,0.0,7.142857142857142,2.3809523809523814,0.0,0.0,0.0,33.333333333333336,57.14285714285714,9.523809523809526,233.33333333333334,7.142857142857142,0.0,14.285714285714285,2.3809523809523814,2.3809523809523814,0.0,0.0,11.904761904761903,7.142857142857142,0.0,4.761904761904763,0.0,14.285714285714285,0.0,0.0,0.0,0.0,4.761904761904763,0.0,0.0,0.0,2.3809523809523814,111.90476190476191,116.66666666666667,7.142857142857142,80.95238095238096,0.5526315789473685,5.811004784688995,7.142857142857142,11.904761904761903,0.0,0.0,4.761904761904763,0.0,14.285714285714285,11.904761904761903,2.3809523809523814,0.0,2.3809523809523814,11.904761904761903,2.3809523809523814,0.0,0.0,0.0,0.0,0.0,4.761904761904763,11.904761904761903,2.3809523809523814,0.0,4.761904761904763
C18-1067,0.0,2.4813895781637716,71.96029776674938,4.962779156327543,2.4813895781637716,14.88833746898263,0.0,2.4813895781637716,2.4813895781637716,0.0,0.0,0.0,14.88833746898263,52.10918114143921,19.851116625310173,245.6575682382134,12.40694789081886,0.0,7.444168734491315,0.0,0.0,0.0,0.0,14.88833746898263,12.40694789081886,2.4813895781637716,0.0,2.4813895781637716,4.962779156327543,0.0,0.0,0.0,0.0,4.962779156327543,0.0,0.0,0.0,7.444168734491315,96.77419354838709,89.33002481389578,4.962779156327543,54.59057071960298,0.5721518987341773,5.949367088607595,4.962779156327543,0.0,0.0,0.0,4.962779156327543,2.4813895781637716,19.851116625310173,4.962779156327543,0.0,0.0,2.4813895781637716,7.444168734491315,9.925558312655086,0.0,0.0,2.4813895781637716,0.0,4.962779156327543,9.925558312655086,22.332506203473944,0.0,0.0,4.962779156327543
C18-1081,0.0,4.901960784313726,75.98039215686273,0.0,0.0,24.509803921568626,0.0,2.450980392156863,0.0,4.901960784313726,0.0,0.0,22.058823529411764,83.33333333333333,17.156862745098042,210.7843137254902,12.254901960784313,0.0,4.901960784313726,0.0,7.352941176470588,0.0,0.0,17.156862745098042,4.901960784313726,0.0,0.0,2.450980392156863,12.254901960784313,0.0,0.0,0.0,0.0,7.352941176470588,2.450980392156863,0.0,0.0,2.450980392156863,107.84313725490196,127.45098039215685,4.901960784313726,51.470588235294116,0.5456790123456791,6.145679012345679,2.450980392156863,2.450980392156863,0.0,0.0,7.352941176470588,0.0,17.156862745098042,2.450980392156863,0.0,0.0,0.0,12.254901960784313,9.803921568627452,0.0,0.0,2.450980392156863,0.0,4.901960784313726,4.901960784313726,14.705882352941176,2.450980392156863,0.0,2.450980392156863
C18-1089,0.0,7.407407407407407,51.85185185185185,0.0,0.0,12.345679012345679,0.0,0.0,0.0,0.0,0.0,0.0,12.345679012345679,44.44444444444444,7.407407407407407,286.41975308641975,7.407407407407407,0.0,9.876543209876543,0.0,4.938271604938271,0.0,0.0,12.345679012345679,14.814814814814815,0.0,0.0,0.0,4.938271604938271,0.0,0.0,0.0,0.0,2.4691358024691357,0.0,0.0,0.0,0.0,125.92592592592591,83.95061728395062,4.938271604938271,66.66666666666667,0.5185185185185185,5.807407407407408,2.4691358024691357,2.4691358024691357,0.0,2.4691358024691357,7.407407407407407,0.0,19.753086419753085,2.4691358024691357,0.0,0.0,2.4691358024691357,12.345679012345679,14.814814814814815,0.0,0.0,0.0,0.0,2.4691358024691357,7.407407407407407,14.814814814814815,0.0,0.0,2.4691358024691357
C18-1129,0.0,4.962779156327543,52.10918114143921,2.4813895781637716,0.0,17.3697270471464,0.0,2.4813895781637716,0.0,0.0,0.0,0.0,7.444168734491315,62.03473945409429,9.925558312655086,302.7295285359802,2.4813895781637716,0.0,7.444168734491315,0.0,4.962779156327543,0.0,7.444168734491315,9.925558312655086,2.4813895781637716,0.0,2.4813895781637716,0.0,0.0,0.0,0.0,0.0,0.0,0.0,0.0,0.0,0.0,2.4813895781637716,133.99503722084367,69.4789081885856,2.4813895781637716,64.51612903225806,0.575682382133995,5.833746898263027,0.0,7.444168734491315,0.0,0.0,7.444168734491315,0.0,14.88833746898263,0.0,0.0,2.4813895781637716,2.4813895781637716,7.444168734491315,0.0,0.0,0.0,0.0,0.0,0.0,0.0,24.81389578163772,0.0,2.4813895781637716,7.444168734491315
C18-1149,0.0,4.866180048661801,51.09489051094891,0.0,0.0,19.464720194647203,0.0,2.4330900243309004,7.299270072992701,0.0,0.0,0.0,14.598540145985401,48.661800486618006,24.330900243309003,257.9075425790754,7.299270072992701,0.0,4.866180048661801,0.0,0.0,0.0,0.0,21.897810218978105,4.866180048661801,0.0,2.4330900243309004,0.0,7.299270072992701,0.0,0.0,0.0,0.0,4.866180048661801,0.0,0.0,0.0,2.4330900243309004,121.65450121654501,97.32360097323601,2.4330900243309004,53.5279805352798,0.5588235294117647,5.767156862745098,7.299270072992701,7.299270072992701,0.0,0.0,4.866180048661801,0.0,14.598540145985401,4.866180048661801,0.0,0.0,4.866180048661801,7.299270072992701,4.866180048661801,0.0,0.0,0.0,0.0,2.4330900243309004,7.299270072992701,14.598540145985401,0.0,0.0,7.299270072992701
C18-1163,0.0,2.444987775061125,46.45476772616137,2.444987775061125,0.0,17.114914425427873,0.0,0.0,2.444987775061125,4.88997555012225,0.0,0.0,9.7799511002445,41.56479217603912,12.224938875305625,268.9486552567237,4.88997555012225,0.0,12.224938875305625,0.0,4.88997555012225,0.0,0.0,12.224938875305625,9.7799511002445,0.0,4.88997555012225,4.88997555012225,7.334963325183374,0.0,0.0,0.0,0.0,0.0,0.0,0.0,0.0,4.88997555012225,129.5843520782396,117.35941320293398,4.88997555012225,22.004889975550125,0.538083538083538,5.798525798525799,2.444987775061125,0.0,0.0,0.0,2.444987775061125,0.0,7.334963325183374,7.334963325183374,0.0,2.444987775061125,2.444987775061125,9.7799511002445,7.334963325183374,0.0,0.0,0.0,2.444987775061125,0.0,7.334963325183374,26.89486552567237,0.0,0.0,0.0
C18-1270,2.4390243902439024,0.0,60.97560975609756,4.878048780487805,0.0,0.0,0.0,9.75609756097561,12.195121951219512,0.0,0.0,0.0,19.51219512195122,21.95121951219512,21.95121951219512,239.02439024390242,9.75609756097561,4.878048780487805,29.26829268292683,0.0,0.0,0.0,2.4390243902439024,14.634146341463415,4.878048780487805,0.0,4.878048780487805,2.4390243902439024,7.317073170731708,0.0,0.0,0.0,0.0,2.4390243902439024,0.0,0.0,0.0,7.317073170731708,139.02439024390245,80.48780487804878,4.878048780487805,56.09756097560976,0.526829268292683,5.807317073170732,7.317073170731708,0.0,0.0,0.0,12.195121951219512,0.0,17.073170731707318,14.634146341463415,0.0,0.0,0.0,7.317073170731708,14.634146341463415,0.0,0.0,2.4390243902439024,0.0,0.0,4.878048780487805,17.073170731707318,4.878048780487805,0.0,2.4390243902439024
C18-1326,0.0,9.237875288683602,60.046189376443415,0.0,0.0,9.237875288683602,0.0,6.928406466512702,0.0,2.3094688221709005,0.0,0.0,13.856812933025404,76.21247113163972,2.3094688221709005,263.2794457274827,9.237875288683602,0.0,2.3094688221709005,0.0,0.0,0.0,0.0,6.928406466512702,6.928406466512702,0.0,4.618937644341801,2.3094688221709005,9.237875288683602,2.3094688221709005,0.0,0.0,0.0,0.0,0.0,0.0,0.0,2.3094688221709005,140.87759815242495,96.99769053117784,0.0,41.57043879907621,0.5381062355658198,5.780600461893765,2.3094688221709005,0.0,0.0,0.0,6.928406466512702,0.0,18.475750577367204,2.3094688221709005,0.0,0.0,4.618937644341801,2.3094688221709005,4.618937644341801,0.0,0.0,0.0,0.0,0.0,0.0,30.023094688221708,2.3094688221709005,0.0,2.3094688221709005
D09-1004,0.0,2.4752475247524752,64.35643564356435,0.0,2.4752475247524752,17.32673267326733,0.0,9.900990099009901,0.0,4.9504950495049505,0.0,0.0,24.752475247524753,54.45544554455446,17.32673267326733,262.3762376237624,2.4752475247524752,0.0,14.85148514851485,2.4752475247524752,0.0,0.0,0.0,9.900990099009901,2.4752475247524752,0.0,0.0,0.0,17.32673267326733,0.0,0.0,0.0,0.0,4.9504950495049505,0.0,0.0,0.0,4.9504950495049505,131.1881188118812,89.10891089108911,0.0,34.65346534653466,0.49379652605459057,5.749379652605459,2.4752475247524752,2.4752475247524752,0.0,0.0,4.9504950495049505,0.0,7.425742574257425,4.9504950495049505,0.0,0.0,2.4752475247524752,7.425742574257425,0.0,0.0,0.0,0.0,0.0,0.0,2.4752475247524752,14.85148514851485,2.4752475247524752,0.0,2.4752475247524752
D09-1016,0.0,2.4213075060532687,72.63922518159806,0.0,2.4213075060532687,14.527845036319613,0.0,9.685230024213075,4.842615012106537,0.0,0.0,0.0,29.055690072639226,41.16222760290557,2.4213075060532687,261.50121065375305,14.527845036319613,0.0,9.685230024213075,0.0,2.4213075060532687,0.0,0.0,9.685230024213075,7.263922518159807,0.0,2.4213075060532687,2.4213075060532687,19.37046004842615,0.0,0.0,0.0,0.0,0.0,0.0,0.0,0.0,0.0,116.2227602905569,101.6949152542373,0.0,75.06053268765133,0.49878934624697335,5.767554479418886,2.4213075060532687,2.4213075060532687,0.0,0.0,9.685230024213075,0.0,16.949152542372882,7.263922518159807,2.4213075060532687,0.0,0.0,12.106537530266344,4.842615012106537,2.4213075060532687,0.0,0.0,0.0,0.0,4.842615012106537,19.37046004842615,9.685230024213075,0.0,14.527845036319613
D09-1040,0.0,7.058823529411765,56.47058823529412,0.0,0.0,9.411764705882351,0.0,0.0,2.352941176470588,0.0,0.0,0.0,14.11764705882353,47.05882352941176,9.411764705882351,268.2352941176471,9.411764705882351,0.0,14.11764705882353,0.0,2.352941176470588,0.0,0.0,18.823529411764703,9.411764705882351,0.0,0.0,0.0,7.058823529411765,0.0,0.0,0.0,0.0,2.352941176470588,0.0,0.0,0.0,2.352941176470588,124.70588235294117,120.0,4.705882352941176,61.1764705882353,0.5330188679245284,6.037735849056604,0.0,4.705882352941176,0.0,2.352941176470588,2.352941176470588,0.0,18.823529411764703,4.705882352941176,0.0,2.352941176470588,0.0,7.058823529411765,4.705882352941176,0.0,0.0,0.0,0.0,2.352941176470588,4.705882352941176,16.47058823529412,0.0,0.0,9.411764705882351
D09-1054,0.0,2.304147465437788,48.387096774193544,2.304147465437788,0.0,11.520737327188941,0.0,0.0,4.608294930875576,0.0,0.0,0.0,9.216589861751151,59.907834101382484,0.0,290.32258064516134,9.216589861751151,0.0,4.608294930875576,2.304147465437788,2.304147465437788,0.0,0.0,11.520737327188941,9.216589861751151,2.304147465437788,4.608294930875576,2.304147465437788,4.608294930875576,0.0,0.0,0.0,0.0,2.304147465437788,0.0,0.0,0.0,0.0,133.64055299539172,87.55760368663594,0.0,55.29953917050692,0.5635103926096998,6.027713625866051,6.912442396313365,2.304147465437788,0.0,0.0,6.912442396313365,0.0,16.129032258064516,6.912442396313365,0.0,0.0,0.0,11.520737327188941,9.216589861751151,0.0,0.0,0.0,0.0,2.304147465437788,11.520737327188941,32.25806451612903,2.304147465437788,0.0,4.608294930875576
D09-1065,2.3584905660377355,14.150943396226415,56.60377358490566,2.3584905660377355,0.0,14.150943396226415,0.0,7.0754716981132075,7.0754716981132075,2.3584905660377355,0.0,0.0,11.79245283018868,47.16981132075472,18.867924528301884,254.71698113207546,7.0754716981132075,2.3584905660377355,7.0754716981132075,0.0,9.433962264150942,0.0,0.0,11.79245283018868,14.150943396226415,0.0,7.0754716981132075,2.3584905660377355,0.0,0.0,0.0,0.0,2.3584905660377355,2.3584905660377355,0.0,0.0,0.0,11.79245283018868,125.0,141.50943396226415,0.0,42.45283018867924,0.5415676959619953,5.945368171021378,4.716981132075471,2.3584905660377355,0.0,0.0,2.3584905660377355,0.0,18.867924528301884,9.433962264150942,0.0,0.0,16.50943396226415,9.433962264150942,2.3584905660377355,0.0,0.0,0.0,0.0,0.0,2.3584905660377355,11.79245283018868,0.0,0.0,2.3584905660377355
D09-1110,2.3640661938534278,4.7281323877068555,52.009456264775416,0.0,0.0,9.456264775413711,0.0,0.0,2.3640661938534278,0.0,0.0,0.0,7.092198581560283,78.01418439716312,4.7281323877068555,269.50354609929076,4.7281323877068555,2.3640661938534278,2.3640661938534278,0.0,0.0,0.0,0.0,11.82033096926714,7.092198581560283,0.0,2.3640661938534278,2.3640661938534278,4.7281323877068555,0.0,0.0,0.0,0.0,2.3640661938534278,0.0,0.0,0.0,7.092198581560283,139.47990543735224,101.6548463356974,2.3640661938534278,28.368794326241133,0.5342789598108747,6.056737588652482,4.7281323877068555,2.3640661938534278,0.0,0.0,2.3640661938534278,0.0,11.82033096926714,2.3640661938534278,0.0,0.0,2.3640661938534278,9.456264775413711,7.092198581560283,0.0,0.0,0.0,0.0,0.0,4.7281323877068555,26.004728132387708,0.0,0.0,2.3640661938534278
D09-1111,0.0,7.5,70.0,0.0,0.0,27.5,0.0,2.5,2.5,2.5,0.0,0.0,12.5,62.5,12.5,282.5,5.0,0.0,7.5,0.0,10.0,0.0,0.0,5.0,2.5,0.0,2.5,0.0,2.5,0.0,0.0,0.0,0.0,7.5,0.0,0.0,0.0,2.5,142.5,102.5,2.5,40.0,0.547979797979798,6.156565656565657,5.0,2.5,0.0,0.0,5.0,0.0,10.0,2.5,0.0,0.0,2.5,10.0,10.0,0.0,0.0,0.0,0.0,0.0,7.5,15.0,2.5,0.0,2.5
D09-1160,0.0,2.375296912114014,59.38242280285035,0.0,0.0,9.501187648456057,0.0,2.375296912114014,2.375296912114014,0.0,0.0,0.0,19.002375296912113,28.503562945368174,4.750593824228028,292.16152019002374,26.128266033254157,2.375296912114014,4.750593824228028,0.0,4.750593824228028,0.0,0.0,14.251781472684087,4.750593824228028,0.0,2.375296912114014,0.0,11.876484560570072,0.0,0.0,0.0,0.0,0.0,0.0,0.0,0.0,0.0,123.51543942992873,90.26128266033254,2.375296912114014,52.25653206650831,0.5443645083932853,5.875299760191846,7.125890736342043,2.375296912114014,0.0,0.0,2.375296912114014,0.0,21.377672209026127,7.125890736342043,0.0,0.0,0.0,7.125890736342043,4.750593824228028,0.0,0.0,2.375296912114014,0.0,4.750593824228028,9.501187648456057,14.251781472684087,0.0,0.0,2.375296912114014
D10-1054,0.0,4.694835680751174,56.33802816901409,0.0,0.0,2.347417840375587,0.0,0.0,2.347417840375587,0.0,0.0,0.0,18.779342723004696,58.68544600938967,18.779342723004696,291.07981220657274,4.694835680751174,0.0,9.389671361502348,0.0,2.347417840375587,0.0,0.0,16.431924882629108,7.042253521126761,0.0,4.694835680751174,0.0,11.737089201877934,0.0,0.0,0.0,0.0,2.347417840375587,0.0,0.0,0.0,0.0,126.76056338028168,98.59154929577464,4.694835680751174,46.948356807511736,0.5165094339622641,6.139150943396227,0.0,2.347417840375587,0.0,0.0,9.389671361502348,0.0,14.084507042253522,4.694835680751174,0.0,0.0,0.0,4.694835680751174,14.084507042253522,0.0,0.0,2.347417840375587,0.0,2.347417840375587,7.042253521126761,4.694835680751174,0.0,0.0,7.042253521126761
D10-1064,0.0,2.4271844660194173,53.398058252427184,2.4271844660194173,0.0,0.0,0.0,4.854368932038835,7.281553398058253,2.4271844660194173,0.0,0.0,12.135922330097086,94.66019417475728,4.854368932038835,211.16504854368932,14.563106796116505,0.0,7.281553398058253,0.0,4.854368932038835,0.0,0.0,12.135922330097086,4.854368932038835,0.0,9.70873786407767,0.0,7.281553398058253,0.0,0.0,0.0,0.0,4.854368932038835,2.4271844660194173,0.0,0.0,2.4271844660194173,118.93203883495146,63.10679611650485,2.4271844660194173,72.81553398058252,0.5425790754257908,5.956204379562044,4.854368932038835,4.854368932038835,0.0,0.0,9.70873786407767,0.0,21.844660194174757,12.135922330097086,2.4271844660194173,0.0,0.0,9.70873786407767,9.70873786407767,0.0,0.0,0.0,0.0,2.4271844660194173,12.135922330097086,16.990291262135923,2.4271844660194173,0.0,9.70873786407767
D10-1066,4.597701149425287,11.494252873563218,68.9655172413793,0.0,0.0,4.597701149425287,0.0,4.597701149425287,2.2988505747126435,2.2988505747126435,0.0,2.2988505747126435,22.988505747126435,20.689655172413794,22.988505747126435,243.67816091954023,11.494252873563218,6.896551724137931,4.597701149425287,2.2988505747126435,4.597701149425287,0.0,0.0,11.494252873563218,6.896551724137931,0.0,4.597701149425287,0.0,9.195402298850574,0.0,0.0,0.0,0.0,9.195402298850574,0.0,0.0,0.0,13.793103448275861,103.44827586206897,101.14942528735632,0.0,73.5632183908046,0.568445475638051,5.675174013921113,2.2988505747126435,11.494252873563218,0.0,4.597701149425287,11.494252873563218,0.0,13.793103448275861,6.896551724137931,0.0,0.0,9.195402298850574,6.896551724137931,4.597701149425287,0.0,0.0,0.0,0.0,0.0,4.597701149425287,6.896551724137931,0.0,0.0,2.2988505747126435
D10-1070,0.0,2.375296912114014,61.75771971496437,0.0,0.0,21.377672209026127,0.0,2.375296912114014,11.876484560570072,2.375296912114014,0.0,0.0,14.251781472684087,68.88361045130641,26.128266033254157,232.7790973871734,9.501187648456057,4.750593824228028,9.501187648456057,0.0,2.375296912114014,0.0,0.0,7.125890736342043,4.750593824228028,0.0,0.0,0.0,7.125890736342043,0.0,0.0,0.0,0.0,4.750593824228028,0.0,2.375296912114014,0.0,2.375296912114014,130.64133016627076,95.01187648456057,2.375296912114014,45.13064133016627,0.5452380952380952,5.90952380952381,2.375296912114014,2.375296912114014,0.0,0.0,0.0,0.0,9.501187648456057,2.375296912114014,0.0,0.0,2.375296912114014,9.501187648456057,7.125890736342043,0.0,0.0,0.0,0.0,0.0,4.750593824228028,14.251781472684087,2.375296912114014,0.0,2.375296912114014
D10-1072,0.0,4.975124378109452,72.13930348258707,0.0,0.0,22.388059701492537,0.0,4.975124378109452,2.487562189054726,4.975124378109452,0.0,0.0,19.90049751243781,32.33830845771144,9.950248756218905,221.39303482587064,14.925373134328359,0.0,9.950248756218905,0.0,4.975124378109452,0.0,2.487562189054726,17.412935323383085,4.975124378109452,0.0,4.975124378109452,0.0,7.462686567164179,0.0,0.0,0.0,0.0,2.487562189054726,0.0,0.0,0.0,7.462686567164179,116.91542288557214,99.50248756218906,2.487562189054726,59.701492537313435,0.5223880597014925,5.597014925373134,0.0,4.975124378109452,0.0,0.0,4.975124378109452,0.0,12.437810945273633,14.925373134328359,0.0,0.0,2.487562189054726,12.437810945273633,7.462686567164179,0.0,0.0,0.0,0.0,0.0,4.975124378109452,9.950248756218905,0.0,0.0,2.487562189054726
D10-1106,0.0,2.487562189054726,67.16417910447761,0.0,0.0,4.975124378109452,0.0,4.975124378109452,4.975124378109452,0.0,0.0,0.0,14.925373134328359,44.776119402985074,17.412935323383085,278.60696517412936,0.0,0.0,14.925373134328359,0.0,2.487562189054726,0.0,0.0,7.462686567164179,0.0,0.0,2.487562189054726,0.0,9.950248756218905,0.0,0.0,0.0,0.0,4.975124378109452,0.0,0.0,0.0,2.487562189054726,136.81592039800995,109.45273631840796,4.975124378109452,29.850746268656717,0.56,5.8725,2.487562189054726,2.487562189054726,0.0,0.0,0.0,0.0,7.462686567164179,0.0,0.0,0.0,0.0,17.412935323383085,4.975124378109452,0.0,0.0,0.0,0.0,0.0,0.0,12.437810945273633,4.975124378109452,0.0,2.487562189054726
D10-1107,0.0,4.962779156327543,76.92307692307693,2.4813895781637716,0.0,9.925558312655086,0.0,4.962779156327543,0.0,0.0,0.0,0.0,17.3697270471464,69.4789081885856,17.3697270471464,255.5831265508685,4.962779156327543,0.0,7.444168734491315,0.0,2.4813895781637716,0.0,0.0,12.40694789081886,2.4813895781637716,0.0,2.4813895781637716,0.0,17.3697270471464,0.0,0.0,0.0,0.0,0.0,0.0,0.0,0.0,4.962779156327543,126.55086848635236,91.81141439205956,4.962779156327543,49.62779156327544,0.6075,6.2225,9.925558312655086,2.4813895781637716,0.0,0.0,2.4813895781637716,0.0,19.851116625310173,2.4813895781637716,0.0,0.0,0.0,9.925558312655086,4.962779156327543,0.0,0.0,2.4813895781637716,0.0,0.0,7.444168734491315,19.851116625310173,2.4813895781637716,0.0,4.962779156327543
D10-1120,0.0,7.5,67.5,12.5,0.0,17.5,0.0,7.5,2.5,0.0,0.0,0.0,15.0,37.5,12.5,235.0,5.0,0.0,5.0,0.0,5.0,0.0,0.0,17.5,10.0,0.0,2.5,0.0,10.0,0.0,0.0,0.0,0.0,0.0,0.0,0.0,0.0,5.0,122.5,130.0,2.5,57.5,0.545,6.3075,7.5,2.5,0.0,0.0,7.5,0.0,17.5,2.5,0.0,0.0,0.0,15.0,7.5,0.0,0.0,2.5,0.0,0.0,2.5,12.5,2.5,0.0,2.5
D11-1004,0.0,2.5316455696202533,55.69620253164557,2.5316455696202533,0.0,7.594936708860759,0.0,2.5316455696202533,5.063291139240507,2.5316455696202533,0.0,0.0,20.253164556962027,32.911392405063296,5.063291139240507,349.3670886075949,0.0,2.5316455696202533,20.253164556962027,0.0,2.5316455696202533,0.0,0.0,17.721518987341774,7.594936708860759,0.0,5.063291139240507,0.0,10.126582278481013,0.0,0.0,0.0,0.0,10.126582278481013,0.0,2.5316455696202533,0.0,0.0,129.1139240506329,91.13924050632912,10.126582278481013,35.44303797468355,0.5355329949238579,5.152284263959391,5.063291139240507,2.5316455696202533,0.0,2.5316455696202533,2.5316455696202533,0.0,5.063291139240507,2.5316455696202533,0.0,0.0,2.5316455696202533,5.063291139240507,5.063291139240507,0.0,0.0,0.0,5.063291139240507,0.0,2.5316455696202533,5.063291139240507,0.0,0.0,2.5316455696202533
D11-1008,0.0,7.425742574257425,59.4059405940594,0.0,0.0,2.4752475247524752,0.0,2.4752475247524752,7.425742574257425,4.9504950495049505,0.0,0.0,17.32673267326733,66.83168316831683,14.85148514851485,235.14851485148515,2.4752475247524752,2.4752475247524752,2.4752475247524752,0.0,4.9504950495049505,0.0,0.0,12.376237623762377,12.376237623762377,0.0,4.9504950495049505,0.0,4.9504950495049505,0.0,0.0,0.0,0.0,9.900990099009901,0.0,0.0,0.0,4.9504950495049505,126.23762376237624,111.38613861386139,0.0,47.02970297029703,0.5742574257425742,5.952970297029703,7.425742574257425,4.9504950495049505,0.0,2.4752475247524752,7.425742574257425,0.0,12.376237623762377,4.9504950495049505,0.0,0.0,2.4752475247524752,9.900990099009901,4.9504950495049505,2.4752475247524752,0.0,0.0,0.0,0.0,0.0,17.32673267326733,0.0,0.0,2.4752475247524752
D11-1014,0.0,5.012531328320802,57.64411027568922,2.506265664160401,0.0,15.037593984962406,0.0,2.506265664160401,2.506265664160401,2.506265664160401,0.0,0.0,17.543859649122805,95.23809523809523,10.025062656641603,210.52631578947367,7.518796992481203,2.506265664160401,10.025062656641603,0.0,2.506265664160401,0.0,0.0,17.543859649122805,7.518796992481203,0.0,7.518796992481203,0.0,12.531328320802004,2.506265664160401,0.0,0.0,0.0,0.0,0.0,0.0,0.0,2.506265664160401,130.32581453634086,112.78195488721803,2.506265664160401,47.61904761904761,0.5739348370927319,5.984962406015038,2.506265664160401,0.0,0.0,0.0,7.518796992481203,0.0,7.518796992481203,5.012531328320802,0.0,0.0,12.531328320802004,10.025062656641603,5.012531328320802,0.0,0.0,0.0,0.0,2.506265664160401,5.012531328320802,15.037593984962406,0.0,0.0,2.506265664160401
D11-1028,0.0,11.441647597254004,68.64988558352402,0.0,2.288329519450801,6.864988558352402,0.0,0.0,6.864988558352402,0.0,0.0,0.0,16.018306636155607,43.47826086956522,22.88329519450801,290.6178489702517,4.576659038901602,0.0,6.864988558352402,0.0,2.288329519450801,0.0,6.864988558352402,16.018306636155607,6.864988558352402,4.576659038901602,4.576659038901602,0.0,6.864988558352402,0.0,0.0,0.0,0.0,2.288329519450801,0.0,0.0,0.0,6.864988558352402,109.83981693363843,112.12814645308924,0.0,52.63157894736842,0.543778801843318,6.087557603686636,2.288329519450801,2.288329519450801,0.0,2.288329519450801,4.576659038901602,0.0,13.729977116704804,2.288329519450801,0.0,0.0,2.288329519450801,18.30663615560641,4.576659038901602,0.0,0.0,0.0,0.0,0.0,2.288329519450801,13.729977116704804,2.288329519450801,0.0,2.288329519450801
D11-1033,0.0,0.0,61.64383561643835,0.0,0.0,11.415525114155251,0.0,4.5662100456621,0.0,0.0,0.0,0.0,20.54794520547945,38.81278538812785,4.5662100456621,296.8036529680365,4.5662100456621,2.28310502283105,18.2648401826484,2.28310502283105,2.28310502283105,0.0,0.0,15.981735159817351,2.28310502283105,0.0,4.5662100456621,0.0,6.8493150684931505,0.0,0.0,0.0,0.0,4.5662100456621,0.0,0.0,0.0,2.28310502283105,118.7214611872146,73.0593607305936,2.28310502283105,47.94520547945205,0.4668192219679634,5.574370709382151,13.698630136986301,0.0,0.0,0.0,6.8493150684931505,0.0,13.698630136986301,2.28310502283105,0.0,0.0,0.0,4.5662100456621,9.1324200913242,0.0,0.0,2.28310502283105,0.0,0.0,0.0,13.698630136986301,0.0,0.0,6.8493150684931505
D11-1074,0.0,2.457002457002457,56.511056511056516,2.457002457002457,0.0,27.027027027027028,0.0,7.371007371007371,0.0,0.0,0.0,0.0,7.371007371007371,88.45208845208845,12.285012285012284,253.07125307125307,0.0,0.0,9.828009828009828,0.0,7.371007371007371,0.0,0.0,19.656019656019655,7.371007371007371,0.0,4.914004914004914,0.0,4.914004914004914,0.0,0.0,0.0,0.0,0.0,0.0,0.0,0.0,2.457002457002457,132.67813267813267,103.19410319410319,9.828009828009828,36.85503685503686,0.49876543209876545,5.928395061728395,2.457002457002457,2.457002457002457,0.0,0.0,4.914004914004914,0.0,12.285012285012284,4.914004914004914,0.0,0.0,0.0,12.285012285012284,4.914004914004914,0.0,0.0,0.0,0.0,2.457002457002457,4.914004914004914,17.1990171990172,0.0,0.0,2.457002457002457
D11-1108,0.0,7.317073170731708,58.53658536585366,4.878048780487805,0.0,21.95121951219512,0.0,0.0,12.195121951219512,4.878048780487805,0.0,0.0,24.390243902439025,70.73170731707316,9.75609756097561,224.39024390243904,4.878048780487805,0.0,14.634146341463415,0.0,0.0,0.0,2.4390243902439024,12.195121951219512,4.878048780487805,0.0,0.0,0.0,9.75609756097561,0.0,0.0,0.0,0.0,7.317073170731708,0.0,0.0,0.0,9.75609756097561,124.39024390243902,119.51219512195121,4.878048780487805,60.97560975609756,0.524390243902439,6.056097560975609,0.0,7.317073170731708,0.0,0.0,9.75609756097561,0.0,12.195121951219512,9.75609756097561,0.0,0.0,2.4390243902439024,17.073170731707318,7.317073170731708,0.0,0.0,0.0,0.0,0.0,2.4390243902439024,14.634146341463415,0.0,0.0,7.317073170731708
D11-1125,0.0,6.993006993006993,67.5990675990676,2.331002331002331,2.331002331002331,11.655011655011656,0.0,2.331002331002331,9.324009324009324,0.0,0.0,0.0,18.64801864801865,41.95804195804196,11.655011655011656,296.0372960372961,13.986013986013987,0.0,9.324009324009324,0.0,4.662004662004662,0.0,0.0,18.64801864801865,9.324009324009324,0.0,2.331002331002331,0.0,6.993006993006993,0.0,0.0,0.0,0.0,9.324009324009324,0.0,0.0,0.0,4.662004662004662,128.2051282051282,69.93006993006993,0.0,51.28205128205128,0.5737704918032787,5.625292740046838,4.662004662004662,4.662004662004662,0.0,2.331002331002331,9.324009324009324,0.0,11.655011655011656,4.662004662004662,0.0,0.0,2.331002331002331,6.993006993006993,11.655011655011656,0.0,0.0,0.0,0.0,0.0,4.662004662004662,13.986013986013987,0.0,0.0,6.993006993006993
D11-1142,0.0,2.4691358024691357,49.382716049382715,0.0,0.0,2.4691358024691357,0.0,4.938271604938271,0.0,0.0,0.0,0.0,12.345679012345679,79.01234567901234,4.938271604938271,249.38271604938274,4.938271604938271,2.4691358024691357,7.407407407407407,0.0,2.4691358024691357,0.0,0.0,12.345679012345679,9.876543209876543,0.0,9.876543209876543,2.4691358024691357,7.407407407407407,0.0,0.0,0.0,0.0,0.0,0.0,0.0,0.0,0.0,140.74074074074076,88.88888888888889,7.407407407407407,32.098765432098766,0.5810473815461347,5.820448877805486,7.407407407407407,0.0,0.0,4.938271604938271,4.938271604938271,0.0,22.22222222222222,0.0,0.0,0.0,2.4691358024691357,7.407407407407407,14.814814814814815,0.0,0.0,0.0,0.0,0.0,0.0,24.691358024691358,2.4691358024691357,0.0,4.938271604938271
D12-1014,2.3923444976076556,4.784688995215311,50.239234449760765,0.0,2.3923444976076556,4.784688995215311,0.0,0.0,2.3923444976076556,2.3923444976076556,0.0,0.0,14.354066985645934,66.98564593301435,14.354066985645934,270.3349282296651,0.0,2.3923444976076556,14.354066985645934,2.3923444976076556,2.3923444976076556,0.0,0.0,9.569377990430622,9.569377990430622,2.3923444976076556,4.784688995215311,2.3923444976076556,4.784688995215311,0.0,0.0,0.0,2.3923444976076556,2.3923444976076556,0.0,0.0,0.0,7.177033492822967,110.04784688995215,98.08612440191388,2.3923444976076556,71.77033492822966,0.5502392344497608,5.947368421052632,7.177033492822967,2.3923444976076556,0.0,0.0,9.569377990430622,0.0,19.138755980861244,7.177033492822967,0.0,0.0,2.3923444976076556,9.569377990430622,7.177033492822967,0.0,0.0,0.0,0.0,2.3923444976076556,7.177033492822967,21.5311004784689,0.0,0.0,4.784688995215311
D12-1018,0.0,7.444168734491315,59.55334987593052,7.444168734491315,0.0,19.851116625310173,0.0,4.962779156327543,2.4813895781637716,0.0,0.0,2.4813895781637716,14.88833746898263,54.59057071960298,12.40694789081886,250.62034739454091,0.0,7.444168734491315,4.962779156327543,0.0,9.925558312655086,0.0,2.4813895781637716,12.40694789081886,7.444168734491315,0.0,2.4813895781637716,2.4813895781637716,9.925558312655086,0.0,0.0,0.0,0.0,0.0,0.0,0.0,0.0,2.4813895781637716,116.62531017369727,129.03225806451613,2.4813895781637716,54.59057071960298,0.5806451612903226,6.057071960297767,2.4813895781637716,2.4813895781637716,0.0,0.0,12.40694789081886,0.0,22.332506203473944,7.444168734491315,0.0,0.0,2.4813895781637716,17.3697270471464,2.4813895781637716,0.0,0.0,0.0,0.0,0.0,4.962779156327543,14.88833746898263,2.4813895781637716,0.0,2.4813895781637716
D12-1104,0.0,0.0,61.576354679802954,4.926108374384237,0.0,7.389162561576354,0.0,2.4630541871921183,9.852216748768473,0.0,0.0,0.0,7.389162561576354,88.66995073891626,12.315270935960593,251.23152709359607,7.389162561576354,0.0,14.778325123152708,0.0,4.926108374384237,0.0,0.0,9.852216748768473,9.852216748768473,2.4630541871921183,0.0,0.0,0.0,0.0,0.0,0.0,0.0,4.926108374384237,0.0,0.0,0.0,0.0,147.78325123152712,105.91133004926108,7.389162561576354,39.40886699507389,0.5398009950248757,5.975124378109452,2.4630541871921183,4.926108374384237,0.0,0.0,2.4630541871921183,0.0,14.778325123152708,2.4630541871921183,0.0,0.0,0.0,9.852216748768473,9.852216748768473,0.0,0.0,0.0,0.0,0.0,0.0,19.704433497536947,0.0,0.0,4.926108374384237
D12-1130,0.0,7.211538461538462,79.32692307692307,0.0,0.0,14.423076923076923,0.0,0.0,0.0,2.403846153846154,0.0,0.0,19.230769230769234,52.88461538461539,19.230769230769234,192.30769230769232,19.230769230769234,2.403846153846154,7.211538461538462,0.0,16.826923076923077,0.0,0.0,7.211538461538462,2.403846153846154,0.0,0.0,2.403846153846154,14.423076923076923,0.0,2.403846153846154,0.0,0.0,0.0,0.0,0.0,0.0,0.0,120.1923076923077,132.21153846153845,0.0,55.28846153846153,0.5108433734939759,6.134939759036144,12.01923076923077,2.403846153846154,0.0,2.403846153846154,9.615384615384617,0.0,16.826923076923077,0.0,2.403846153846154,2.403846153846154,2.403846153846154,16.826923076923077,4.807692307692308,0.0,0.0,0.0,0.0,0.0,4.807692307692308,24.03846153846154,2.403846153846154,0.0,7.211538461538462
D13-1004,0.0,2.336448598130841,65.42056074766354,2.336448598130841,4.672897196261682,23.36448598130841,0.0,4.672897196261682,0.0,0.0,0.0,0.0,25.700934579439252,49.06542056074766,23.36448598130841,231.30841121495328,4.672897196261682,0.0,16.355140186915886,0.0,4.672897196261682,0.0,7.009345794392523,9.345794392523365,2.336448598130841,0.0,2.336448598130841,2.336448598130841,4.672897196261682,0.0,0.0,0.0,2.336448598130841,2.336448598130841,0.0,0.0,0.0,7.009345794392523,133.17757009345794,91.1214953271028,7.009345794392523,74.76635514018692,0.4883177570093458,6.0233644859813085,7.009345794392523,0.0,0.0,0.0,7.009345794392523,0.0,14.018691588785046,16.355140186915886,0.0,0.0,2.336448598130841,21.02803738317757,7.009345794392523,0.0,0.0,0.0,0.0,0.0,2.336448598130841,18.69158878504673,4.672897196261682,0.0,2.336448598130841
D13-1030,0.0,2.444987775061125,56.23471882640587,0.0,4.88997555012225,7.334963325183374,0.0,7.334963325183374,4.88997555012225,0.0,0.0,0.0,7.334963325183374,56.23471882640587,4.88997555012225,276.2836185819071,9.7799511002445,0.0,7.334963325183374,0.0,2.444987775061125,0.0,0.0,22.004889975550125,7.334963325183374,0.0,2.444987775061125,4.88997555012225,7.334963325183374,0.0,0.0,0.0,0.0,0.0,2.444987775061125,0.0,0.0,2.444987775061125,134.47432762836186,58.67970660146699,0.0,48.8997555012225,0.5311720698254364,5.723192019950124,2.444987775061125,2.444987775061125,0.0,0.0,4.88997555012225,0.0,31.78484107579462,2.444987775061125,0.0,0.0,2.444987775061125,4.88997555012225,2.444987775061125,0.0,0.0,0.0,0.0,2.444987775061125,12.224938875305625,12.224938875305625,0.0,0.0,2.444987775061125
D13-1035,0.0,0.0,63.10679611650485,0.0,0.0,26.699029126213592,0.0,12.135922330097086,4.854368932038835,4.854368932038835,0.0,0.0,12.135922330097086,63.10679611650485,12.135922330097086,223.3009708737864,7.281553398058253,0.0,16.990291262135923,0.0,2.4271844660194173,0.0,0.0,26.699029126213592,0.0,0.0,2.4271844660194173,0.0,4.854368932038835,0.0,0.0,0.0,0.0,0.0,0.0,0.0,0.0,9.70873786407767,123.7864077669903,87.37864077669903,7.281553398058253,50.970873786407765,0.5829268292682926,5.773170731707317,9.70873786407767,2.4271844660194173,0.0,0.0,4.854368932038835,0.0,9.70873786407767,9.70873786407767,2.4271844660194173,0.0,9.70873786407767,9.70873786407767,4.854368932038835,0.0,0.0,0.0,0.0,0.0,4.854368932038835,21.844660194174757,2.4271844660194173,0.0,2.4271844660194173
D13-1036,0.0,4.901960784313726,66.17647058823529,0.0,0.0,19.607843137254903,0.0,4.901960784313726,2.450980392156863,2.450980392156863,0.0,0.0,17.156862745098042,29.41176470588235,7.352941176470588,294.11764705882354,4.901960784313726,0.0,12.254901960784313,0.0,2.450980392156863,0.0,0.0,17.156862745098042,17.156862745098042,0.0,0.0,0.0,7.352941176470588,0.0,0.0,0.0,2.450980392156863,4.901960784313726,0.0,0.0,2.450980392156863,2.450980392156863,147.05882352941177,85.7843137254902,7.352941176470588,17.156862745098042,0.5285359801488834,5.6600496277915635,9.803921568627452,0.0,0.0,0.0,4.901960784313726,0.0,9.803921568627452,4.901960784313726,0.0,0.0,2.450980392156863,19.607843137254903,9.803921568627452,2.450980392156863,0.0,0.0,0.0,0.0,0.0,9.803921568627452,0.0,0.0,0.0
D13-1046,0.0,2.3696682464454977,59.241706161137444,4.739336492890995,0.0,14.218009478672984,0.0,0.0,0.0,2.3696682464454977,0.0,0.0,14.218009478672984,47.393364928909946,14.218009478672984,286.72985781990525,9.47867298578199,0.0,9.47867298578199,0.0,2.3696682464454977,0.0,0.0,9.47867298578199,2.3696682464454977,0.0,2.3696682464454977,0.0,7.109004739336492,0.0,0.0,0.0,0.0,2.3696682464454977,0.0,0.0,0.0,0.0,120.85308056872037,104.26540284360189,2.3696682464454977,61.611374407582936,0.5296912114014252,6.140142517814727,7.109004739336492,0.0,0.0,0.0,4.739336492890995,0.0,21.32701421800948,0.0,0.0,0.0,0.0,4.739336492890995,7.109004739336492,0.0,0.0,0.0,0.0,0.0,7.109004739336492,23.696682464454973,0.0,0.0,2.3696682464454977
D13-1064,0.0,0.0,53.5279805352798,4.866180048661801,0.0,26.7639902676399,0.0,7.299270072992701,4.866180048661801,2.4330900243309004,0.0,0.0,24.330900243309003,75.42579075425792,17.0316301703163,194.64720194647202,2.4330900243309004,0.0,9.732360097323602,2.4330900243309004,4.866180048661801,0.0,2.4330900243309004,9.732360097323602,9.732360097323602,0.0,0.0,0.0,17.0316301703163,0.0,0.0,0.0,0.0,2.4330900243309004,0.0,0.0,0.0,0.0,136.2530413625304,163.01703163017032,2.4330900243309004,46.228710462287104,0.537712895377129,6.012165450121654,4.866180048661801,2.4330900243309004,0.0,0.0,2.4330900243309004,0.0,7.299270072992701,14.598540145985401,0.0,0.0,2.4330900243309004,14.598540145985401,7.299270072992701,0.0,0.0,0.0,0.0,0.0,0.0,12.165450121654501,4.866180048661801,0.0,4.866180048661801
D13-1118,0.0,4.7281323877068555,63.82978723404255,7.092198581560283,0.0,11.82033096926714,0.0,2.3640661938534278,4.7281323877068555,0.0,0.0,0.0,26.004728132387708,75.65011820330969,4.7281323877068555,231.67848699763593,7.092198581560283,0.0,18.912529550827422,0.0,0.0,0.0,2.3640661938534278,23.64066193853428,7.092198581560283,0.0,2.3640661938534278,0.0,16.548463356973993,0.0,0.0,0.0,0.0,7.092198581560283,0.0,0.0,0.0,2.3640661938534278,125.29550827423166,108.74704491725768,7.092198581560283,37.825059101654844,0.5190476190476191,5.554761904761905,7.092198581560283,2.3640661938534278,0.0,0.0,11.82033096926714,0.0,16.548463356973993,4.7281323877068555,0.0,0.0,0.0,4.7281323877068555,21.27659574468085,0.0,0.0,0.0,0.0,0.0,2.3640661938534278,11.82033096926714,7.092198581560283,0.0,0.0
D14-1161,0.0,7.481296758104738,59.8503740648379,4.987531172069826,0.0,17.456359102244388,0.0,2.493765586034913,9.975062344139651,4.987531172069826,0.0,0.0,12.468827930174564,54.86284289276808,14.962593516209475,254.36408977556107,7.481296758104738,0.0,4.987531172069826,0.0,0.0,0.0,0.0,12.468827930174564,4.987531172069826,0.0,2.493765586034913,0.0,7.481296758104738,0.0,0.0,0.0,0.0,0.0,0.0,0.0,0.0,4.987531172069826,124.68827930174564,129.67581047381546,0.0,49.87531172069826,0.5525,5.9225,4.987531172069826,4.987531172069826,0.0,2.493765586034913,4.987531172069826,0.0,17.456359102244388,4.987531172069826,0.0,0.0,0.0,7.481296758104738,4.987531172069826,0.0,0.0,0.0,0.0,0.0,0.0,22.443890274314214,2.493765586034913,0.0,9.975062344139651
D15-1052,11.961722488038278,7.177033492822967,40.66985645933014,0.0,0.0,0.0,0.0,7.177033492822967,0.0,2.3923444976076556,0.0,0.0,14.354066985645934,88.51674641148325,9.569377990430622,236.8421052631579,11.961722488038278,2.3923444976076556,2.3923444976076556,0.0,0.0,0.0,0.0,7.177033492822967,2.3923444976076556,0.0,7.177033492822967,0.0,7.177033492822967,0.0,0.0,0.0,0.0,4.784688995215311,0.0,0.0,0.0,4.784688995215311,148.32535885167465,88.51674641148325,0.0,45.45454545454545,0.5107913669064749,5.695443645083933,4.784688995215311,4.784688995215311,0.0,0.0,2.3923444976076556,0.0,11.961722488038278,4.784688995215311,0.0,0.0,2.3923444976076556,7.177033492822967,4.784688995215311,0.0,0.0,0.0,0.0,0.0,9.569377990430622,19.138755980861244,0.0,0.0,4.784688995215311
D15-1059,0.0,0.0,60.67961165048544,0.0,0.0,29.12621359223301,0.0,2.4271844660194173,4.854368932038835,2.4271844660194173,0.0,0.0,21.844660194174757,48.543689320388346,7.281553398058253,283.9805825242718,9.70873786407767,0.0,2.4271844660194173,0.0,4.854368932038835,0.0,4.854368932038835,9.70873786407767,9.70873786407767,0.0,4.854368932038835,2.4271844660194173,9.70873786407767,0.0,0.0,0.0,0.0,0.0,0.0,0.0,0.0,2.4271844660194173,138.3495145631068,67.96116504854369,0.0,48.543689320388346,0.5365853658536586,5.658536585365853,4.854368932038835,2.4271844660194173,0.0,0.0,2.4271844660194173,0.0,16.990291262135923,7.281553398058253,0.0,0.0,4.854368932038835,14.563106796116505,4.854368932038835,0.0,0.0,0.0,0.0,0.0,7.281553398058253,9.70873786407767,0.0,0.0,4.854368932038835
D15-1095,0.0,4.914004914004914,54.054054054054056,4.914004914004914,0.0,19.656019656019655,0.0,7.371007371007371,4.914004914004914,2.457002457002457,0.0,0.0,9.828009828009828,51.597051597051596,0.0,255.52825552825553,7.371007371007371,0.0,12.285012285012284,0.0,2.457002457002457,0.0,0.0,9.828009828009828,2.457002457002457,0.0,2.457002457002457,0.0,0.0,0.0,0.0,0.0,0.0,4.914004914004914,2.457002457002457,0.0,0.0,0.0,144.96314496314497,105.65110565110565,2.457002457002457,54.054054054054056,0.56575682382134,5.866004962779156,2.457002457002457,2.457002457002457,0.0,2.457002457002457,4.914004914004914,0.0,14.742014742014742,4.914004914004914,0.0,0.0,0.0,14.742014742014742,2.457002457002457,0.0,0.0,0.0,0.0,2.457002457002457,4.914004914004914,22.11302211302211,2.457002457002457,0.0,2.457002457002457
D15-1103,0.0,6.944444444444444,48.611111111111114,0.0,0.0,9.25925925925926,0.0,2.314814814814815,9.25925925925926,0.0,0.0,0.0,13.888888888888888,60.18518518518518,18.51851851851852,266.2037037037037,2.314814814814815,0.0,4.62962962962963,0.0,4.62962962962963,0.0,0.0,20.833333333333332,9.25925925925926,2.314814814814815,6.944444444444444,0.0,9.25925925925926,0.0,0.0,0.0,0.0,0.0,0.0,0.0,0.0,2.314814814814815,118.05555555555556,90.27777777777777,2.314814814814815,67.12962962962963,0.5625,5.606481481481482,4.62962962962963,2.314814814814815,0.0,0.0,11.574074074074073,0.0,9.25925925925926,4.62962962962963,0.0,0.0,4.62962962962963,6.944444444444444,6.944444444444444,2.314814814814815,0.0,0.0,0.0,0.0,2.314814814814815,23.148148148148145,2.314814814814815,2.314814814814815,2.314814814814815
D15-1135,0.0,2.487562189054726,44.776119402985074,0.0,0.0,12.437810945273633,0.0,0.0,0.0,2.487562189054726,0.0,0.0,14.925373134328359,39.80099502487562,22.388059701492537,268.65671641791045,9.950248756218905,0.0,4.975124378109452,0.0,0.0,0.0,0.0,22.388059701492537,7.462686567164179,0.0,2.487562189054726,2.487562189054726,12.437810945273633,0.0,0.0,0.0,0.0,2.487562189054726,0.0,0.0,0.0,0.0,116.91542288557214,109.45273631840796,2.487562189054726,49.75124378109453,0.48872180451127817,5.852130325814536,2.487562189054726,4.975124378109452,0.0,0.0,4.975124378109452,0.0,12.437810945273633,7.462686567164179,0.0,0.0,0.0,9.950248756218905,4.975124378109452,0.0,0.0,0.0,0.0,2.487562189054726,4.975124378109452,19.90049751243781,0.0,0.0,4.975124378109452
D15-1166,2.450980392156863,7.352941176470588,61.27450980392157,0.0,2.450980392156863,4.901960784313726,0.0,2.450980392156863,0.0,2.450980392156863,0.0,0.0,19.607843137254903,68.62745098039217,2.450980392156863,299.01960784313724,7.352941176470588,0.0,4.901960784313726,2.450980392156863,2.450980392156863,0.0,0.0,9.803921568627452,4.901960784313726,0.0,2.450980392156863,0.0,4.901960784313726,0.0,0.0,0.0,0.0,12.254901960784313,0.0,0.0,0.0,4.901960784313726,149.50980392156862,83.33333333333333,0.0,44.11764705882353,0.556930693069307,5.935643564356436,2.450980392156863,2.450980392156863,0.0,0.0,2.450980392156863,0.0,12.254901960784313,0.0,0.0,0.0,4.901960784313726,7.352941176470588,2.450980392156863,0.0,0.0,0.0,0.0,4.901960784313726,7.352941176470588,7.352941176470588,2.450980392156863,0.0,2.450980392156863
D15-1188,0.0,4.987531172069826,62.34413965087282,0.0,0.0,19.950124688279303,0.0,0.0,9.975062344139651,2.493765586034913,0.0,0.0,24.93765586034913,49.87531172069826,27.43142144638404,214.4638403990025,9.975062344139651,4.987531172069826,9.975062344139651,0.0,0.0,0.0,4.987531172069826,9.975062344139651,2.493765586034913,0.0,0.0,2.493765586034913,4.987531172069826,0.0,0.0,0.0,0.0,7.481296758104738,0.0,0.0,0.0,7.481296758104738,154.6134663341646,119.7007481296758,0.0,52.36907730673317,0.5336658354114713,5.593516209476309,4.987531172069826,4.987531172069826,0.0,0.0,9.975062344139651,0.0,24.93765586034913,7.481296758104738,0.0,0.0,2.493765586034913,12.468827930174564,4.987531172069826,0.0,0.0,0.0,0.0,0.0,2.493765586034913,12.468827930174564,2.493765586034913,0.0,7.481296758104738
D15-1199,0.0,0.0,44.44444444444444,7.407407407407407,0.0,0.0,0.0,2.4691358024691357,2.4691358024691357,0.0,0.0,0.0,4.938271604938271,59.25925925925926,7.407407407407407,251.85185185185182,4.938271604938271,0.0,9.876543209876543,0.0,2.4691358024691357,0.0,0.0,17.28395061728395,17.28395061728395,0.0,4.938271604938271,2.4691358024691357,2.4691358024691357,0.0,0.0,0.0,0.0,2.4691358024691357,0.0,0.0,0.0,7.407407407407407,116.04938271604938,111.1111111111111,0.0,61.72839506172839,0.56575682382134,6.126550868486352,2.4691358024691357,2.4691358024691357,0.0,0.0,7.407407407407407,0.0,14.814814814814815,7.407407407407407,0.0,0.0,0.0,22.22222222222222,12.345679012345679,0.0,0.0,2.4691358024691357,0.0,0.0,4.938271604938271,24.691358024691358,0.0,0.0,2.4691358024691357
D15-1276,0.0,7.281553398058253,58.25242718446602,0.0,0.0,14.563106796116505,0.0,9.70873786407767,2.4271844660194173,4.854368932038835,0.0,0.0,21.844660194174757,36.40776699029126,4.854368932038835,271.84466019417476,9.70873786407767,2.4271844660194173,12.135922330097086,0.0,2.4271844660194173,0.0,0.0,12.135922330097086,2.4271844660194173,0.0,2.4271844660194173,0.0,9.70873786407767,0.0,0.0,0.0,0.0,12.135922330097086,0.0,0.0,0.0,0.0,152.9126213592233,133.49514563106797,4.854368932038835,41.2621359223301,0.5145631067961165,5.949029126213592,4.854368932038835,0.0,0.0,2.4271844660194173,0.0,0.0,16.990291262135923,7.281553398058253,2.4271844660194173,0.0,0.0,7.281553398058253,7.281553398058253,0.0,0.0,0.0,0.0,0.0,12.135922330097086,19.41747572815534,2.4271844660194173,0.0,4.854368932038835
D16-1041,0.0,4.773269689737471,62.05250596658711,4.773269689737471,0.0,16.706443914081145,0.0,7.159904534606206,4.773269689737471,2.3866348448687353,0.0,0.0,19.093078758949883,76.37231503579953,7.159904534606206,267.3031026252983,7.159904534606206,0.0,4.773269689737471,0.0,2.3866348448687353,0.0,0.0,7.159904534606206,9.546539379474941,0.0,7.159904534606206,0.0,7.159904534606206,0.0,0.0,0.0,0.0,4.773269689737471,0.0,0.0,0.0,0.0,124.10501193317423,119.33174224343675,2.3866348448687353,40.572792362768496,0.5727923627684964,6.355608591885441,4.773269689737471,2.3866348448687353,0.0,0.0,7.159904534606206,0.0,11.933174224343675,2.3866348448687353,0.0,2.3866348448687353,0.0,7.159904534606206,4.773269689737471,0.0,0.0,0.0,0.0,0.0,0.0,19.093078758949883,2.3866348448687353,0.0,2.3866348448687353
D16-1073,0.0,4.705882352941176,51.76470588235294,7.058823529411765,0.0,9.411764705882351,0.0,0.0,9.411764705882351,0.0,0.0,0.0,16.47058823529412,49.41176470588235,14.11764705882353,244.7058823529412,0.0,2.352941176470588,9.411764705882351,2.352941176470588,2.352941176470588,0.0,0.0,21.176470588235293,7.058823529411765,0.0,2.352941176470588,2.352941176470588,14.11764705882353,0.0,0.0,0.0,0.0,2.352941176470588,0.0,0.0,0.0,7.058823529411765,124.70588235294117,138.8235294117647,2.352941176470588,44.70588235294118,0.535377358490566,6.068396226415095,4.705882352941176,2.352941176470588,0.0,2.352941176470588,4.705882352941176,0.0,21.176470588235293,9.411764705882351,2.352941176470588,0.0,2.352941176470588,18.823529411764703,7.058823529411765,0.0,0.0,2.352941176470588,0.0,0.0,2.352941176470588,18.823529411764703,2.352941176470588,0.0,4.705882352941176
D16-1142,0.0,2.4096385542168677,62.65060240963856,2.4096385542168677,0.0,14.457831325301205,0.0,2.4096385542168677,0.0,2.4096385542168677,0.0,0.0,19.27710843373494,101.20481927710844,4.819277108433735,226.50602409638554,14.457831325301205,0.0,4.819277108433735,0.0,4.819277108433735,0.0,2.4096385542168677,16.867469879518072,4.819277108433735,0.0,0.0,0.0,7.228915662650603,2.4096385542168677,0.0,0.0,0.0,0.0,0.0,0.0,0.0,2.4096385542168677,139.75903614457832,91.56626506024097,2.4096385542168677,43.373493975903614,0.5628019323671497,5.9106280193236715,4.819277108433735,2.4096385542168677,0.0,0.0,9.63855421686747,0.0,16.867469879518072,14.457831325301205,0.0,0.0,7.228915662650603,14.457831325301205,7.228915662650603,0.0,0.0,0.0,0.0,0.0,0.0,24.096385542168676,0.0,0.0,2.4096385542168677
D16-1234,2.403846153846154,14.423076923076923,69.71153846153847,0.0,0.0,12.01923076923077,0.0,9.615384615384617,4.807692307692308,2.403846153846154,0.0,0.0,21.634615384615383,60.09615384615385,14.423076923076923,216.34615384615387,14.423076923076923,0.0,14.423076923076923,0.0,4.807692307692308,0.0,0.0,19.230769230769234,4.807692307692308,0.0,2.403846153846154,0.0,9.615384615384617,0.0,0.0,0.0,0.0,4.807692307692308,0.0,2.403846153846154,0.0,0.0,139.42307692307693,127.40384615384615,4.807692307692308,45.67307692307692,0.5445783132530121,5.903614457831325,4.807692307692308,2.403846153846154,0.0,0.0,4.807692307692308,0.0,16.826923076923077,4.807692307692308,0.0,0.0,4.807692307692308,14.423076923076923,4.807692307692308,2.403846153846154,0.0,0.0,0.0,2.403846153846154,7.211538461538462,14.423076923076923,2.403846153846154,0.0,4.807692307692308
D17-1064,0.0,4.7281323877068555,52.009456264775416,2.3640661938534278,0.0,11.82033096926714,0.0,0.0,7.092198581560283,0.0,0.0,0.0,4.7281323877068555,49.64539007092199,7.092198581560283,250.59101654846333,2.3640661938534278,0.0,7.092198581560283,0.0,0.0,0.0,0.0,11.82033096926714,0.0,0.0,4.7281323877068555,4.7281323877068555,2.3640661938534278,0.0,0.0,0.0,0.0,2.3640661938534278,0.0,0.0,0.0,7.092198581560283,137.1158392434988,96.92671394799055,0.0,44.917257683215134,0.5355450236966824,5.791469194312796,0.0,2.3640661938534278,0.0,0.0,11.82033096926714,0.0,18.912529550827422,7.092198581560283,0.0,0.0,0.0,0.0,2.3640661938534278,0.0,0.0,0.0,0.0,0.0,2.3640661938534278,21.27659574468085,4.7281323877068555,0.0,2.3640661938534278
D17-1065,0.0,2.493765586034913,69.82543640897755,2.493765586034913,0.0,0.0,0.0,2.493765586034913,2.493765586034913,0.0,0.0,0.0,14.962593516209475,39.900249376558605,12.468827930174564,279.3017456359102,2.493765586034913,0.0,9.975062344139651,0.0,2.493765586034913,0.0,0.0,19.950124688279303,12.468827930174564,0.0,2.493765586034913,0.0,12.468827930174564,0.0,0.0,0.0,0.0,2.493765586034913,0.0,0.0,0.0,4.987531172069826,107.23192019950125,107.23192019950125,0.0,44.88778054862843,0.539440203562341,6.1603053435114505,4.987531172069826,4.987531172069826,0.0,0.0,2.493765586034913,0.0,22.443890274314214,0.0,0.0,0.0,0.0,9.975062344139651,12.468827930174564,0.0,0.0,2.493765586034913,0.0,0.0,0.0,12.468827930174564,2.493765586034913,0.0,2.493765586034913
D17-1069,0.0,12.315270935960593,64.03940886699507,0.0,2.4630541871921183,7.389162561576354,0.0,12.315270935960593,4.926108374384237,0.0,0.0,0.0,19.704433497536947,64.03940886699507,17.241379310344826,248.76847290640393,9.852216748768473,0.0,7.389162561576354,0.0,0.0,0.0,0.0,14.778325123152708,4.926108374384237,0.0,0.0,2.4630541871921183,4.926108374384237,0.0,0.0,0.0,2.4630541871921183,4.926108374384237,0.0,0.0,0.0,2.4630541871921183,120.6896551724138,128.07881773399015,0.0,73.89162561576356,0.5880893300248139,6.022332506203474,9.852216748768473,2.4630541871921183,0.0,0.0,7.389162561576354,0.0,14.778325123152708,4.926108374384237,0.0,0.0,0.0,7.389162561576354,7.389162561576354,2.4630541871921183,0.0,0.0,0.0,0.0,4.926108374384237,12.315270935960593,2.4630541871921183,0.0,4.926108374384237
D17-1077,0.0,0.0,56.79012345679013,0.0,0.0,9.876543209876543,0.0,0.0,2.4691358024691357,0.0,0.0,0.0,4.938271604938271,39.50617283950617,7.407407407407407,269.1358024691358,2.4691358024691357,0.0,4.938271604938271,0.0,2.4691358024691357,0.0,0.0,12.345679012345679,4.938271604938271,0.0,0.0,7.407407407407407,2.4691358024691357,0.0,0.0,0.0,0.0,2.4691358024691357,0.0,0.0,0.0,7.407407407407407,128.39506172839506,108.64197530864197,2.4691358024691357,41.97530864197531,0.5778894472361809,5.952261306532663,4.938271604938271,2.4691358024691357,0.0,0.0,2.4691358024691357,0.0,27.160493827160494,0.0,0.0,0.0,0.0,9.876543209876543,2.4691358024691357,0.0,0.0,0.0,0.0,0.0,0.0,17.28395061728395,0.0,0.0,4.938271604938271
D17-1079,0.0,4.819277108433735,57.83132530120482,0.0,0.0,14.457831325301205,0.0,4.819277108433735,0.0,0.0,0.0,0.0,7.228915662650603,43.373493975903614,24.096385542168676,306.0240963855422,2.4096385542168677,0.0,2.4096385542168677,0.0,4.819277108433735,0.0,0.0,14.457831325301205,9.63855421686747,2.4096385542168677,7.228915662650603,0.0,2.4096385542168677,0.0,0.0,0.0,0.0,2.4096385542168677,0.0,0.0,0.0,0.0,127.71084337349397,113.25301204819277,0.0,38.55421686746988,0.5397590361445783,5.906024096385543,4.819277108433735,2.4096385542168677,0.0,2.4096385542168677,9.63855421686747,0.0,14.457831325301205,2.4096385542168677,0.0,0.0,2.4096385542168677,7.228915662650603,14.457831325301205,0.0,0.0,4.819277108433735,0.0,0.0,0.0,14.457831325301205,0.0,0.0,4.819277108433735
D17-1087,0.0,4.819277108433735,65.06024096385542,2.4096385542168677,0.0,21.686746987951807,0.0,4.819277108433735,2.4096385542168677,0.0,0.0,0.0,21.686746987951807,33.734939759036145,12.048192771084338,293.9759036144579,4.819277108433735,4.819277108433735,9.63855421686747,0.0,2.4096385542168677,0.0,0.0,16.867469879518072,4.819277108433735,0.0,7.228915662650603,0.0,4.819277108433735,0.0,0.0,0.0,0.0,2.4096385542168677,0.0,0.0,0.0,2.4096385542168677,127.71084337349397,62.65060240963856,7.228915662650603,57.83132530120482,0.49878345498783455,5.562043795620438,2.4096385542168677,2.4096385542168677,0.0,0.0,2.4096385542168677,0.0,14.457831325301205,2.4096385542168677,0.0,0.0,0.0,7.228915662650603,7.228915662650603,0.0,0.0,0.0,0.0,2.4096385542168677,7.228915662650603,16.867469879518072,2.4096385542168677,0.0,2.4096385542168677
D17-1202,0.0,2.5,62.5,2.5,0.0,22.5,0.0,10.0,5.0,0.0,0.0,0.0,20.0,72.5,10.0,267.5,2.5,0.0,7.5,2.5,5.0,0.0,0.0,7.5,7.5,0.0,2.5,0.0,10.0,0.0,0.0,0.0,0.0,7.5,0.0,0.0,0.0,2.5,132.5,87.5,5.0,35.0,0.5793450881612091,5.98992443324937,2.5,2.5,0.0,0.0,10.0,0.0,17.5,7.5,0.0,0.0,2.5,7.5,15.0,0.0,0.0,0.0,0.0,0.0,0.0,30.0,5.0,0.0,2.5
D17-1224,0.0,2.487562189054726,59.701492537313435,2.487562189054726,0.0,17.412935323383085,0.0,2.487562189054726,0.0,2.487562189054726,0.0,0.0,12.437810945273633,74.62686567164178,7.462686567164179,258.70646766169153,9.950248756218905,0.0,9.950248756218905,2.487562189054726,7.462686567164179,0.0,0.0,19.90049751243781,4.975124378109452,0.0,2.487562189054726,2.487562189054726,7.462686567164179,0.0,0.0,0.0,0.0,2.487562189054726,0.0,0.0,0.0,2.487562189054726,111.94029850746269,99.50248756218906,2.487562189054726,47.2636815920398,0.575,5.8475,2.487562189054726,2.487562189054726,0.0,0.0,4.975124378109452,2.487562189054726,12.437810945273633,0.0,0.0,2.487562189054726,2.487562189054726,9.950248756218905,14.925373134328359,0.0,0.0,0.0,0.0,0.0,2.487562189054726,22.388059701492537,0.0,0.0,2.487562189054726
D17-1233,0.0,4.761904761904763,50.0,0.0,0.0,16.666666666666668,0.0,4.761904761904763,7.142857142857142,0.0,0.0,0.0,14.285714285714285,54.76190476190476,4.761904761904763,259.5238095238095,2.3809523809523814,0.0,2.3809523809523814,0.0,2.3809523809523814,0.0,0.0,14.285714285714285,4.761904761904763,2.3809523809523814,7.142857142857142,0.0,9.523809523809526,0.0,0.0,0.0,0.0,4.761904761904763,0.0,0.0,0.0,2.3809523809523814,121.42857142857143,123.80952380952381,2.3809523809523814,40.47619047619048,0.5913461538461539,6.144230769230769,7.142857142857142,2.3809523809523814,0.0,0.0,4.761904761904763,0.0,14.285714285714285,2.3809523809523814,0.0,2.3809523809523814,0.0,4.761904761904763,9.523809523809526,0.0,0.0,0.0,0.0,2.3809523809523814,4.761904761904763,11.904761904761903,2.3809523809523814,0.0,2.3809523809523814
D18-1013,0.0,9.592326139088728,57.55395683453238,0.0,2.398081534772182,7.194244604316547,0.0,0.0,0.0,0.0,0.0,0.0,11.990407673860911,55.15587529976019,4.796163069544364,247.00239808153475,14.388489208633095,0.0,7.194244604316547,0.0,4.796163069544364,0.0,0.0,23.980815347721823,11.990407673860911,0.0,0.0,0.0,0.0,0.0,0.0,0.0,0.0,2.398081534772182,0.0,0.0,0.0,0.0,112.70983213429255,95.92326139088729,4.796163069544364,52.75779376498801,0.4892086330935252,5.693045563549161,7.194244604316547,0.0,0.0,0.0,4.796163069544364,0.0,14.388489208633095,0.0,0.0,0.0,0.0,9.592326139088728,11.990407673860911,0.0,0.0,0.0,0.0,4.796163069544364,9.592326139088728,28.77697841726619,2.398081534772182,0.0,0.0
D18-1020,0.0,2.444987775061125,48.8997555012225,2.444987775061125,0.0,22.004889975550125,0.0,0.0,0.0,4.88997555012225,0.0,0.0,12.224938875305625,58.67970660146699,24.44987775061125,222.49388753056235,2.444987775061125,0.0,17.114914425427873,0.0,7.334963325183374,0.0,0.0,19.559902200489,14.669926650366747,0.0,2.444987775061125,0.0,4.88997555012225,0.0,0.0,0.0,0.0,4.88997555012225,0.0,0.0,0.0,2.444987775061125,110.0244498777506,146.6992665036675,4.88997555012225,41.56479217603912,0.5245098039215687,6.098039215686274,7.334963325183374,2.444987775061125,0.0,0.0,9.7799511002445,0.0,12.224938875305625,4.88997555012225,0.0,0.0,2.444987775061125,17.114914425427873,9.7799511002445,0.0,0.0,0.0,0.0,0.0,4.88997555012225,24.44987775061125,2.444987775061125,0.0,2.444987775061125
D18-1122,0.0,14.634146341463415,48.78048780487805,0.0,0.0,12.195121951219512,0.0,4.878048780487805,7.317073170731708,0.0,0.0,0.0,7.317073170731708,82.92682926829269,2.4390243902439024,278.0487804878049,9.75609756097561,0.0,12.195121951219512,0.0,2.4390243902439024,0.0,2.4390243902439024,26.829268292682926,14.634146341463415,2.4390243902439024,4.878048780487805,2.4390243902439024,4.878048780487805,0.0,0.0,0.0,0.0,0.0,0.0,0.0,0.0,2.4390243902439024,119.51219512195121,107.3170731707317,4.878048780487805,34.146341463414636,0.5626535626535627,6.0884520884520885,4.878048780487805,0.0,0.0,2.4390243902439024,0.0,0.0,9.75609756097561,0.0,0.0,0.0,2.4390243902439024,9.75609756097561,7.317073170731708,0.0,0.0,0.0,0.0,2.4390243902439024,9.75609756097561,29.26829268292683,0.0,0.0,2.4390243902439024
D18-1124,0.0,0.0,55.69007263922518,0.0,0.0,14.527845036319613,0.0,2.4213075060532687,4.842615012106537,0.0,0.0,0.0,21.791767554479417,67.79661016949153,4.842615012106537,237.28813559322035,12.106537530266344,2.4213075060532687,19.37046004842615,0.0,0.0,0.0,2.4213075060532687,19.37046004842615,9.685230024213075,0.0,0.0,2.4213075060532687,7.263922518159807,0.0,0.0,0.0,0.0,4.842615012106537,0.0,0.0,0.0,2.4213075060532687,104.11622276029055,72.63922518159806,7.263922518159807,43.583535108958834,0.5536585365853659,5.7560975609756095,4.842615012106537,0.0,0.0,0.0,2.4213075060532687,0.0,16.949152542372882,9.685230024213075,0.0,0.0,4.842615012106537,7.263922518159807,4.842615012106537,0.0,0.0,0.0,0.0,0.0,2.4213075060532687,24.213075060532688,2.4213075060532687,2.4213075060532687,2.4213075060532687
D18-1167,0.0,7.352941176470588,56.372549019607845,2.450980392156863,0.0,9.803921568627452,0.0,2.450980392156863,4.901960784313726,0.0,0.0,0.0,9.803921568627452,56.372549019607845,7.352941176470588,286.7647058823529,12.254901960784313,2.450980392156863,4.901960784313726,0.0,2.450980392156863,0.0,0.0,24.509803921568626,7.352941176470588,0.0,2.450980392156863,2.450980392156863,7.352941176470588,0.0,0.0,0.0,0.0,0.0,0.0,0.0,0.0,4.901960784313726,122.54901960784314,105.3921568627451,4.901960784313726,31.862745098039213,0.5456790123456791,5.758024691358025,0.0,2.450980392156863,0.0,0.0,4.901960784313726,0.0,24.509803921568626,2.450980392156863,0.0,2.450980392156863,0.0,9.803921568627452,12.254901960784313,0.0,0.0,2.450980392156863,0.0,4.901960784313726,7.352941176470588,19.607843137254903,2.450980392156863,0.0,2.450980392156863
D18-1172,0.0,2.4271844660194173,58.25242718446602,2.4271844660194173,0.0,14.563106796116505,0.0,2.4271844660194173,4.854368932038835,7.281553398058253,0.0,0.0,16.990291262135923,60.67961165048544,21.844660194174757,252.4271844660194,2.4271844660194173,0.0,12.135922330097086,2.4271844660194173,2.4271844660194173,0.0,0.0,12.135922330097086,4.854368932038835,0.0,2.4271844660194173,0.0,14.563106796116505,0.0,0.0,0.0,0.0,2.4271844660194173,0.0,0.0,0.0,7.281553398058253,114.07766990291263,97.08737864077669,0.0,48.543689320388346,0.5853658536585366,6.021951219512195,7.281553398058253,2.4271844660194173,0.0,0.0,2.4271844660194173,0.0,7.281553398058253,12.135922330097086,0.0,0.0,4.854368932038835,16.990291262135923,12.135922330097086,0.0,0.0,0.0,0.0,0.0,0.0,19.41747572815534,4.854368932038835,0.0,4.854368932038835
D18-1174,0.0,12.531328320802004,65.16290726817043,0.0,0.0,7.518796992481203,0.0,5.012531328320802,10.025062656641603,5.012531328320802,0.0,0.0,20.050125313283207,72.68170426065163,22.55639097744361,268.17042606516287,0.0,0.0,12.531328320802004,0.0,2.506265664160401,0.0,0.0,12.531328320802004,5.012531328320802,0.0,2.506265664160401,0.0,15.037593984962406,0.0,0.0,0.0,0.0,2.506265664160401,0.0,0.0,0.0,2.506265664160401,125.31328320802004,100.25062656641603,7.518796992481203,27.56892230576441,0.5415617128463476,5.92191435768262,5.012531328320802,0.0,0.0,0.0,2.506265664160401,0.0,12.531328320802004,2.506265664160401,0.0,0.0,2.506265664160401,20.050125313283207,7.518796992481203,0.0,0.0,0.0,0.0,0.0,0.0,15.037593984962406,2.506265664160401,0.0,0.0
D18-1184,0.0,2.4213075060532687,77.4818401937046,2.4213075060532687,2.4213075060532687,16.949152542372882,0.0,9.685230024213075,4.842615012106537,2.4213075060532687,0.0,0.0,26.634382566585955,43.583535108958834,7.263922518159807,244.55205811138015,14.527845036319613,2.4213075060532687,14.527845036319613,0.0,7.263922518159807,0.0,0.0,12.106537530266344,9.685230024213075,0.0,0.0,0.0,9.685230024213075,0.0,0.0,0.0,0.0,4.842615012106537,0.0,0.0,0.0,0.0,118.64406779661017,108.95883777239709,4.842615012106537,55.69007263922518,0.5447941888619855,5.88861985472155,7.263922518159807,2.4213075060532687,0.0,0.0,4.842615012106537,0.0,9.685230024213075,4.842615012106537,0.0,0.0,2.4213075060532687,36.31961259079903,12.106537530266344,0.0,0.0,0.0,0.0,0.0,2.4213075060532687,24.213075060532688,0.0,0.0,4.842615012106537
D18-1230,2.4390243902439024,7.317073170731708,56.09756097560976,0.0,0.0,14.634146341463415,0.0,0.0,2.4390243902439024,0.0,0.0,0.0,21.95121951219512,41.463414634146346,4.878048780487805,278.0487804878049,9.75609756097561,0.0,7.317073170731708,0.0,2.4390243902439024,0.0,0.0,29.26829268292683,7.317073170731708,0.0,4.878048780487805,0.0,9.75609756097561,0.0,0.0,0.0,0.0,9.75609756097561,0.0,0.0,0.0,2.4390243902439024,92.6829268292683,102.4390243902439,2.4390243902439024,56.09756097560976,0.6024390243902439,5.953658536585366,12.195121951219512,2.4390243902439024,0.0,2.4390243902439024,4.878048780487805,0.0,12.195121951219512,9.75609756097561,0.0,0.0,0.0,7.317073170731708,9.75609756097561,0.0,0.0,0.0,0.0,4.878048780487805,12.195121951219512,12.195121951219512,4.878048780487805,0.0,0.0
D18-1258,0.0,0.0,59.11330049261083,0.0,0.0,12.315270935960593,0.0,4.926108374384237,4.926108374384237,0.0,0.0,0.0,12.315270935960593,61.576354679802954,2.4630541871921183,278.32512315270935,4.926108374384237,4.926108374384237,12.315270935960593,2.4630541871921183,2.4630541871921183,0.0,0.0,7.389162561576354,2.4630541871921183,0.0,2.4630541871921183,4.926108374384237,2.4630541871921183,0.0,0.0,0.0,0.0,7.389162561576354,0.0,0.0,0.0,0.0,123.15270935960591,88.66995073891626,2.4630541871921183,46.79802955665024,0.5597014925373134,5.758706467661692,2.4630541871921183,2.4630541871921183,0.0,4.926108374384237,0.0,0.0,12.315270935960593,0.0,0.0,0.0,0.0,4.926108374384237,7.389162561576354,0.0,0.0,0.0,0.0,0.0,2.4630541871921183,14.778325123152708,0.0,0.0,2.4630541871921183
D18-1315,0.0,12.224938875305625,51.344743276283616,7.334963325183374,0.0,14.669926650366747,0.0,2.444987775061125,4.88997555012225,2.444987775061125,0.0,0.0,7.334963325183374,41.56479217603912,2.444987775061125,266.5036674816626,4.88997555012225,0.0,9.7799511002445,0.0,0.0,0.0,0.0,17.114914425427873,9.7799511002445,0.0,0.0,0.0,2.444987775061125,0.0,0.0,0.0,0.0,2.444987775061125,0.0,0.0,0.0,2.444987775061125,136.91931540342298,134.47432762836186,4.88997555012225,34.229828850855746,0.547911547911548,5.611793611793612,7.334963325183374,4.88997555012225,0.0,0.0,2.444987775061125,0.0,17.114914425427873,0.0,0.0,0.0,2.444987775061125,9.7799511002445,9.7799511002445,0.0,0.0,0.0,0.0,0.0,4.88997555012225,7.334963325183374,0.0,0.0,2.444987775061125
D18-1365,0.0,7.228915662650603,67.46987951807229,7.228915662650603,0.0,7.228915662650603,0.0,9.63855421686747,0.0,0.0,0.0,0.0,14.457831325301205,48.19277108433735,14.457831325301205,257.83132530120486,4.819277108433735,2.4096385542168677,9.63855421686747,0.0,4.819277108433735,0.0,2.4096385542168677,14.457831325301205,4.819277108433735,0.0,4.819277108433735,0.0,4.819277108433735,2.4096385542168677,0.0,0.0,0.0,2.4096385542168677,0.0,0.0,0.0,9.63855421686747,122.89156626506025,120.48192771084338,2.4096385542168677,50.60240963855422,0.5676328502415459,5.963768115942029,0.0,4.819277108433735,0.0,0.0,4.819277108433735,0.0,24.096385542168676,4.819277108433735,0.0,0.0,2.4096385542168677,16.867469879518072,4.819277108433735,0.0,0.0,0.0,0.0,0.0,7.228915662650603,19.27710843373494,4.819277108433735,0.0,2.4096385542168677
D18-1370,0.0,6.8181818181818175,72.72727272727272,2.2727272727272725,2.2727272727272725,22.727272727272727,0.0,2.2727272727272725,0.0,2.2727272727272725,0.0,2.2727272727272725,15.909090909090908,77.27272727272727,15.909090909090908,190.9090909090909,0.0,0.0,6.8181818181818175,0.0,6.8181818181818175,0.0,2.2727272727272725,11.363636363636363,9.09090909090909,0.0,6.8181818181818175,0.0,9.09090909090909,0.0,0.0,0.0,0.0,0.0,0.0,0.0,0.0,4.545454545454545,131.8181818181818,152.27272727272728,0.0,52.272727272727266,0.5125284738041003,6.318906605922551,2.2727272727272725,6.8181818181818175,0.0,0.0,6.8181818181818175,0.0,13.636363636363635,0.0,0.0,0.0,2.2727272727272725,6.8181818181818175,4.545454545454545,0.0,0.0,0.0,0.0,0.0,4.545454545454545,18.18181818181818,0.0,0.0,6.8181818181818175
D18-1380,0.0,2.4213075060532687,55.69007263922518,2.4213075060532687,0.0,4.842615012106537,0.0,4.842615012106537,2.4213075060532687,2.4213075060532687,0.0,0.0,14.527845036319613,65.37530266343826,7.263922518159807,285.7142857142857,7.263922518159807,0.0,4.842615012106537,2.4213075060532687,4.842615012106537,0.0,0.0,16.949152542372882,7.263922518159807,0.0,2.4213075060532687,2.4213075060532687,4.842615012106537,0.0,0.0,0.0,0.0,4.842615012106537,0.0,0.0,0.0,0.0,113.80145278450362,96.85230024213075,2.4213075060532687,50.84745762711865,0.5194174757281553,6.048543689320389,7.263922518159807,0.0,0.0,0.0,4.842615012106537,0.0,14.527845036319613,7.263922518159807,0.0,0.0,2.4213075060532687,9.685230024213075,4.842615012106537,0.0,0.0,0.0,0.0,2.4213075060532687,7.263922518159807,9.685230024213075,0.0,0.0,0.0
D18-1412,0.0,9.389671361502348,58.68544600938967,2.347417840375587,0.0,14.084507042253522,0.0,2.347417840375587,0.0,2.347417840375587,0.0,0.0,11.737089201877934,37.55868544600939,28.169014084507044,248.82629107981222,4.694835680751174,2.347417840375587,16.431924882629108,0.0,4.694835680751174,0.0,0.0,14.084507042253522,7.042253521126761,0.0,2.347417840375587,0.0,4.694835680751174,0.0,0.0,0.0,0.0,4.694835680751174,0.0,0.0,0.0,2.347417840375587,138.49765258215962,143.1924882629108,2.347417840375587,44.60093896713615,0.52,6.0329411764705885,11.737089201877934,2.347417840375587,0.0,0.0,2.347417840375587,0.0,9.389671361502348,7.042253521126761,0.0,0.0,2.347417840375587,9.389671361502348,16.431924882629108,0.0,0.0,0.0,0.0,2.347417840375587,4.694835680751174,11.737089201877934,0.0,0.0,2.347417840375587
D18-1416,0.0,4.705882352941176,61.1764705882353,2.352941176470588,0.0,7.058823529411765,0.0,2.352941176470588,7.058823529411765,0.0,0.0,2.352941176470588,18.823529411764703,51.76470588235294,14.11764705882353,287.05882352941177,2.352941176470588,0.0,14.11764705882353,0.0,4.705882352941176,0.0,0.0,18.823529411764703,4.705882352941176,0.0,4.705882352941176,0.0,7.058823529411765,0.0,0.0,0.0,0.0,4.705882352941176,0.0,0.0,0.0,9.411764705882351,129.41176470588238,65.88235294117648,7.058823529411765,44.70588235294118,0.5287081339712919,5.873205741626794,4.705882352941176,2.352941176470588,0.0,0.0,2.352941176470588,0.0,9.411764705882351,4.705882352941176,0.0,0.0,4.705882352941176,11.76470588235294,2.352941176470588,0.0,0.0,0.0,0.0,0.0,0.0,14.11764705882353,2.352941176470588,0.0,4.705882352941176
D18-1501,0.0,2.493765586034913,69.82543640897755,0.0,0.0,14.962593516209475,0.0,4.987531172069826,7.481296758104738,0.0,0.0,0.0,12.468827930174564,69.82543640897755,27.43142144638404,214.4638403990025,0.0,0.0,19.950124688279303,0.0,4.987531172069826,0.0,0.0,19.950124688279303,2.493765586034913,0.0,2.493765586034913,2.493765586034913,4.987531172069826,0.0,0.0,0.0,2.493765586034913,2.493765586034913,2.493765586034913,0.0,0.0,4.987531172069826,134.66334164588528,119.7007481296758,9.975062344139651,24.93765586034913,0.5,5.858585858585859,0.0,0.0,0.0,0.0,2.493765586034913,0.0,22.443890274314214,0.0,0.0,0.0,4.987531172069826,7.481296758104738,9.975062344139651,0.0,0.0,2.493765586034913,0.0,0.0,0.0,17.456359102244388,2.493765586034913,0.0,2.493765586034913
D18-1510,0.0,4.901960784313726,66.17647058823529,0.0,0.0,12.254901960784313,0.0,2.450980392156863,2.450980392156863,2.450980392156863,0.0,2.450980392156863,14.705882352941176,61.27450980392157,26.96078431372549,296.5686274509804,9.803921568627452,2.450980392156863,4.901960784313726,0.0,2.450980392156863,0.0,0.0,9.803921568627452,4.901960784313726,0.0,7.352941176470588,0.0,7.352941176470588,0.0,0.0,0.0,0.0,4.901960784313726,0.0,0.0,0.0,12.254901960784313,127.45098039215685,66.17647058823529,0.0,51.470588235294116,0.5749385749385749,5.872235872235872,4.901960784313726,2.450980392156863,0.0,0.0,0.0,0.0,14.705882352941176,4.901960784313726,0.0,2.450980392156863,7.352941176470588,7.352941176470588,7.352941176470588,0.0,0.0,0.0,0.0,0.0,4.901960784313726,7.352941176470588,0.0,0.0,2.450980392156863
D18-1512,0.0,16.6270783847981,83.1353919239905,4.750593824228028,0.0,11.876484560570072,0.0,2.375296912114014,2.375296912114014,9.501187648456057,0.0,0.0,28.503562945368174,68.88361045130641,4.750593824228028,273.15914489311166,2.375296912114014,0.0,19.002375296912113,0.0,9.501187648456057,0.0,0.0,9.501187648456057,0.0,0.0,0.0,0.0,16.6270783847981,0.0,0.0,0.0,2.375296912114014,2.375296912114014,0.0,0.0,0.0,11.876484560570072,121.14014251781472,80.76009501187649,11.876484560570072,64.13301662707839,0.498812351543943,5.790973871733967,4.750593824228028,7.125890736342043,0.0,2.375296912114014,11.876484560570072,0.0,9.501187648456057,7.125890736342043,0.0,0.0,7.125890736342043,9.501187648456057,7.125890736342043,0.0,0.0,0.0,0.0,0.0,2.375296912114014,14.251781472684087,0.0,0.0,7.125890736342043
N09-1020,0.0,7.0754716981132075,56.60377358490566,4.716981132075471,0.0,7.0754716981132075,0.0,7.0754716981132075,2.3584905660377355,0.0,0.0,0.0,23.58490566037736,30.660377358490567,16.50943396226415,297.1698113207547,7.0754716981132075,0.0,9.433962264150942,2.3584905660377355,4.716981132075471,0.0,0.0,11.79245283018868,7.0754716981132075,0.0,2.3584905660377355,0.0,9.433962264150942,0.0,0.0,0.0,0.0,7.0754716981132075,0.0,0.0,0.0,0.0,132.0754716981132,96.69811320754718,2.3584905660377355,56.60377358490566,0.5235849056603774,5.97877358490566,4.716981132075471,2.3584905660377355,0.0,0.0,11.79245283018868,0.0,11.79245283018868,9.433962264150942,0.0,0.0,2.3584905660377355,4.716981132075471,7.0754716981132075,2.3584905660377355,0.0,0.0,0.0,4.716981132075471,11.79245283018868,23.58490566037736,0.0,0.0,2.3584905660377355
N09-1022,0.0,7.02576112412178,60.88992974238876,0.0,0.0,21.07728337236534,0.0,2.34192037470726,4.68384074941452,2.34192037470726,0.0,0.0,25.76112412177986,67.91569086651054,4.68384074941452,224.82435597189695,0.0,0.0,14.05152224824356,0.0,0.0,0.0,2.34192037470726,18.73536299765808,4.68384074941452,0.0,4.68384074941452,2.34192037470726,14.05152224824356,0.0,0.0,0.0,2.34192037470726,4.68384074941452,0.0,0.0,0.0,0.0,124.12177985948477,105.3864168618267,9.36768149882904,70.25761124121779,0.5375586854460094,5.868544600938967,11.7096018735363,4.68384074941452,0.0,0.0,4.68384074941452,0.0,11.7096018735363,7.02576112412178,0.0,0.0,0.0,4.68384074941452,4.68384074941452,0.0,0.0,2.34192037470726,0.0,0.0,2.34192037470726,16.393442622950822,4.68384074941452,0.0,7.02576112412178
N09-1046,0.0,2.450980392156863,61.27450980392157,2.450980392156863,0.0,19.607843137254903,0.0,0.0,0.0,0.0,0.0,0.0,17.156862745098042,75.98039215686273,9.803921568627452,257.35294117647055,2.450980392156863,0.0,9.803921568627452,0.0,7.352941176470588,0.0,0.0,14.705882352941176,4.901960784313726,0.0,2.450980392156863,0.0,12.254901960784313,0.0,0.0,0.0,0.0,4.901960784313726,0.0,0.0,0.0,4.901960784313726,129.90196078431373,110.29411764705883,0.0,51.470588235294116,0.5490196078431373,6.254901960784314,7.352941176470588,2.450980392156863,0.0,0.0,4.901960784313726,0.0,9.803921568627452,4.901960784313726,0.0,0.0,0.0,12.254901960784313,12.254901960784313,0.0,0.0,0.0,0.0,0.0,2.450980392156863,12.254901960784313,0.0,0.0,2.450980392156863
N09-1054,0.0,2.3809523809523814,71.42857142857143,0.0,0.0,16.666666666666668,0.0,4.761904761904763,0.0,0.0,0.0,0.0,23.809523809523807,61.904761904761905,2.3809523809523814,264.2857142857143,0.0,0.0,9.523809523809526,0.0,2.3809523809523814,0.0,2.3809523809523814,14.285714285714285,2.3809523809523814,0.0,2.3809523809523814,0.0,11.904761904761903,0.0,0.0,0.0,0.0,2.3809523809523814,0.0,0.0,0.0,2.3809523809523814,145.23809523809524,114.28571428571428,2.3809523809523814,47.61904761904761,0.5142857142857142,5.685714285714286,9.523809523809526,4.761904761904763,0.0,0.0,4.761904761904763,0.0,16.666666666666668,4.761904761904763,0.0,2.3809523809523814,4.761904761904763,7.142857142857142,2.3809523809523814,0.0,0.0,0.0,0.0,2.3809523809523814,4.761904761904763,16.666666666666668,2.3809523809523814,0.0,2.3809523809523814
N09-1056,0.0,4.987531172069826,54.86284289276808,0.0,0.0,12.468827930174564,0.0,4.987531172069826,2.493765586034913,4.987531172069826,0.0,0.0,22.443890274314214,22.443890274314214,7.481296758104738,284.28927680798006,7.481296758104738,0.0,14.962593516209475,0.0,4.987531172069826,0.0,0.0,17.456359102244388,0.0,0.0,2.493765586034913,0.0,14.962593516209475,0.0,0.0,0.0,0.0,2.493765586034913,0.0,0.0,0.0,7.481296758104738,117.20698254364089,77.3067331670823,2.493765586034913,67.33167082294264,0.5461346633416458,5.6259351620947635,7.481296758104738,7.481296758104738,0.0,0.0,0.0,0.0,12.468827930174564,9.975062344139651,0.0,0.0,7.481296758104738,2.493765586034913,9.975062344139651,0.0,0.0,0.0,0.0,2.493765586034913,9.975062344139651,19.950124688279303,2.493765586034913,0.0,7.481296758104738
N10-1054,0.0,2.4813895781637716,57.07196029776674,7.444168734491315,0.0,12.40694789081886,0.0,4.962779156327543,7.444168734491315,0.0,0.0,0.0,27.29528535980149,81.88585607940446,9.925558312655086,200.99255583126552,7.444168734491315,2.4813895781637716,2.4813895781637716,0.0,9.925558312655086,0.0,2.4813895781637716,9.925558312655086,0.0,2.4813895781637716,0.0,2.4813895781637716,12.40694789081886,0.0,0.0,0.0,0.0,4.962779156327543,0.0,0.0,0.0,2.4813895781637716,119.10669975186104,106.69975186104217,0.0,79.40446650124069,0.5409429280397022,5.898263027295285,7.444168734491315,4.962779156327543,0.0,0.0,7.444168734491315,0.0,9.925558312655086,19.851116625310173,2.4813895781637716,0.0,4.962779156327543,12.40694789081886,2.4813895781637716,0.0,0.0,0.0,0.0,0.0,12.40694789081886,9.925558312655086,2.4813895781637716,0.0,7.444168734491315
N12-1052,0.0,9.66183574879227,50.72463768115942,9.66183574879227,0.0,16.908212560386474,0.0,4.830917874396135,2.4154589371980677,0.0,0.0,0.0,4.830917874396135,41.06280193236715,7.246376811594203,270.5314009661836,9.66183574879227,2.4154589371980677,7.246376811594203,0.0,9.66183574879227,0.0,0.0,14.492753623188406,7.246376811594203,0.0,4.830917874396135,0.0,0.0,0.0,0.0,0.0,0.0,0.0,0.0,0.0,0.0,4.830917874396135,159.42028985507244,120.77294685990337,4.830917874396135,57.971014492753625,0.5048543689320388,5.762135922330097,2.4154589371980677,2.4154589371980677,0.0,0.0,2.4154589371980677,0.0,16.908212560386474,4.830917874396135,0.0,0.0,0.0,14.492753623188406,2.4154589371980677,0.0,0.0,0.0,0.0,0.0,9.66183574879227,4.830917874396135,0.0,0.0,4.830917874396135
N13-1029,0.0,7.246376811594203,60.386473429951685,0.0,2.4154589371980677,14.492753623188406,0.0,2.4154589371980677,2.4154589371980677,0.0,0.0,0.0,16.908212560386474,70.04830917874396,9.66183574879227,260.8695652173913,7.246376811594203,2.4154589371980677,7.246376811594203,0.0,4.830917874396135,0.0,0.0,14.492753623188406,7.246376811594203,0.0,7.246376811594203,2.4154589371980677,4.830917874396135,0.0,0.0,0.0,0.0,9.66183574879227,0.0,0.0,0.0,7.246376811594203,115.94202898550725,86.95652173913044,2.4154589371980677,45.893719806763286,0.5520581113801453,6.038740920096853,2.4154589371980677,2.4154589371980677,0.0,0.0,4.830917874396135,0.0,21.73913043478261,4.830917874396135,0.0,0.0,2.4154589371980677,9.66183574879227,7.246376811594203,0.0,0.0,0.0,0.0,0.0,0.0,16.908212560386474,4.830917874396135,0.0,2.4154589371980677
N13-1065,0.0,4.975124378109452,64.67661691542288,9.950248756218905,0.0,9.950248756218905,0.0,4.975124378109452,7.462686567164179,2.487562189054726,0.0,0.0,19.90049751243781,37.31343283582089,19.90049751243781,298.5074626865671,14.925373134328359,2.487562189054726,9.950248756218905,0.0,4.975124378109452,0.0,2.487562189054726,17.412935323383085,4.975124378109452,0.0,2.487562189054726,2.487562189054726,7.462686567164179,0.0,0.0,0.0,0.0,4.975124378109452,0.0,0.0,0.0,4.975124378109452,141.7910447761194,59.701492537313435,0.0,44.776119402985074,0.5860349127182045,5.783042394014963,4.975124378109452,0.0,0.0,0.0,4.975124378109452,0.0,14.925373134328359,0.0,0.0,0.0,4.975124378109452,7.462686567164179,7.462686567164179,0.0,0.0,0.0,0.0,0.0,7.462686567164179,14.925373134328359,2.487562189054726,0.0,0.0
N13-1077,0.0,2.450980392156863,61.27450980392157,4.901960784313726,0.0,19.607843137254903,0.0,0.0,2.450980392156863,4.901960784313726,0.0,2.450980392156863,24.509803921568626,66.17647058823529,14.705882352941176,279.4117647058824,12.254901960784313,0.0,14.705882352941176,0.0,2.450980392156863,0.0,0.0,24.509803921568626,4.901960784313726,2.450980392156863,0.0,0.0,7.352941176470588,0.0,0.0,0.0,0.0,7.352941176470588,0.0,0.0,0.0,2.450980392156863,142.15686274509804,71.07843137254902,7.352941176470588,41.666666666666664,0.5643564356435643,5.742574257425742,7.352941176470588,0.0,0.0,0.0,4.901960784313726,0.0,9.803921568627452,4.901960784313726,0.0,0.0,0.0,12.254901960784313,4.901960784313726,0.0,0.0,0.0,0.0,0.0,2.450980392156863,12.254901960784313,2.450980392156863,0.0,2.450980392156863
N13-1081,0.0,4.773269689737471,73.98568019093078,0.0,0.0,7.159904534606206,0.0,4.773269689737471,7.159904534606206,2.3866348448687353,0.0,0.0,28.639618138424822,66.82577565632458,9.546539379474941,219.57040572792363,11.933174224343675,2.3866348448687353,11.933174224343675,2.3866348448687353,2.3866348448687353,0.0,2.3866348448687353,7.159904534606206,2.3866348448687353,2.3866348448687353,0.0,2.3866348448687353,11.933174224343675,0.0,2.3866348448687353,0.0,0.0,2.3866348448687353,0.0,0.0,0.0,7.159904534606206,128.87828162291171,73.98568019093078,4.773269689737471,69.21241050119332,0.5251798561151079,5.635491606714628,7.159904534606206,7.159904534606206,0.0,2.3866348448687353,4.773269689737471,0.0,11.933174224343675,7.159904534606206,2.3866348448687353,0.0,4.773269689737471,11.933174224343675,4.773269689737471,0.0,0.0,0.0,0.0,0.0,7.159904534606206,11.933174224343675,0.0,0.0,11.933174224343675
N13-1084,0.0,2.398081534772182,33.57314148681055,0.0,2.398081534772182,9.592326139088728,0.0,4.796163069544364,0.0,2.398081534772182,0.0,0.0,4.796163069544364,57.55395683453238,14.388489208633095,321.3429256594724,4.796163069544364,0.0,9.592326139088728,2.398081534772182,2.398081534772182,0.0,0.0,7.194244604316547,11.990407673860911,2.398081534772182,7.194244604316547,0.0,4.796163069544364,0.0,0.0,0.0,0.0,0.0,0.0,0.0,0.0,0.0,131.89448441247004,112.70983213429255,0.0,38.36930455635491,0.592326139088729,7.381294964028777,7.194244604316547,0.0,2.398081534772182,0.0,7.194244604316547,0.0,19.184652278177456,11.990407673860911,0.0,0.0,0.0,4.796163069544364,2.398081534772182,0.0,0.0,0.0,0.0,0.0,4.796163069544364,31.17505995203837,4.796163069544364,0.0,2.398081534772182
N13-1100,0.0,4.88997555012225,68.45965770171149,0.0,0.0,14.669926650366747,0.0,7.334963325183374,9.7799511002445,0.0,0.0,0.0,24.44987775061125,80.68459657701712,12.224938875305625,232.27383863080684,9.7799511002445,0.0,9.7799511002445,0.0,2.444987775061125,0.0,2.444987775061125,22.004889975550125,14.669926650366747,0.0,2.444987775061125,0.0,4.88997555012225,2.444987775061125,0.0,0.0,0.0,7.334963325183374,0.0,0.0,0.0,4.88997555012225,122.24938875305622,80.68459657701712,2.444987775061125,63.56968215158924,0.5073529411764706,6.041666666666667,14.669926650366747,0.0,0.0,0.0,7.334963325183374,0.0,9.7799511002445,4.88997555012225,2.444987775061125,0.0,0.0,22.004889975550125,12.224938875305625,0.0,0.0,0.0,0.0,0.0,4.88997555012225,12.224938875305625,0.0,0.0,2.444987775061125
N13-1115,0.0,4.750593824228028,59.38242280285035,11.876484560570072,2.375296912114014,11.876484560570072,0.0,0.0,4.750593824228028,4.750593824228028,0.0,0.0,11.876484560570072,68.88361045130641,7.125890736342043,225.65320665083135,4.750593824228028,2.375296912114014,7.125890736342043,0.0,7.125890736342043,2.375296912114014,0.0,19.002375296912113,9.501187648456057,0.0,0.0,0.0,2.375296912114014,0.0,0.0,0.0,0.0,4.750593824228028,2.375296912114014,0.0,0.0,2.375296912114014,135.3919239904988,111.63895486935867,4.750593824228028,68.88361045130641,0.5083135391923991,5.921615201900238,9.501187648456057,2.375296912114014,0.0,2.375296912114014,11.876484560570072,0.0,11.876484560570072,7.125890736342043,0.0,0.0,2.375296912114014,7.125890736342043,9.501187648456057,0.0,0.0,0.0,0.0,4.750593824228028,7.125890736342043,19.002375296912113,0.0,0.0,9.501187648456057
N15-1120,0.0,4.796163069544364,67.1462829736211,2.398081534772182,0.0,14.388489208633095,0.0,2.398081534772182,7.194244604316547,2.398081534772182,0.0,0.0,19.184652278177456,67.1462829736211,9.592326139088728,266.18705035971226,2.398081534772182,0.0,4.796163069544364,0.0,4.796163069544364,0.0,0.0,14.388489208633095,2.398081534772182,0.0,4.796163069544364,0.0,16.786570743405274,0.0,0.0,0.0,0.0,0.0,0.0,0.0,0.0,0.0,122.3021582733813,115.10791366906476,0.0,55.15587529976019,0.5563549160671463,6.09832134292566,7.194244604316547,4.796163069544364,0.0,0.0,0.0,0.0,14.388489208633095,2.398081534772182,0.0,0.0,2.398081534772182,23.980815347721823,7.194244604316547,0.0,0.0,0.0,0.0,2.398081534772182,4.796163069544364,28.77697841726619,2.398081534772182,0.0,7.194244604316547
N16-1013,0.0,7.228915662650603,65.06024096385542,0.0,0.0,36.144578313253014,0.0,2.4096385542168677,0.0,0.0,0.0,0.0,19.27710843373494,36.144578313253014,16.867469879518072,281.92771084337346,4.819277108433735,0.0,16.867469879518072,0.0,2.4096385542168677,0.0,0.0,14.457831325301205,4.819277108433735,0.0,2.4096385542168677,0.0,9.63855421686747,0.0,0.0,0.0,0.0,7.228915662650603,0.0,0.0,0.0,2.4096385542168677,132.53012048192772,96.3855421686747,7.228915662650603,40.96385542168675,0.5665859564164649,5.8208232445520585,4.819277108433735,2.4096385542168677,0.0,2.4096385542168677,4.819277108433735,0.0,12.048192771084338,0.0,0.0,0.0,7.228915662650603,9.63855421686747,7.228915662650603,0.0,0.0,0.0,0.0,2.4096385542168677,2.4096385542168677,21.686746987951807,2.4096385542168677,0.0,2.4096385542168677
N16-1135,2.450980392156863,4.901960784313726,58.8235294117647,2.450980392156863,2.450980392156863,4.901960784313726,0.0,0.0,7.352941176470588,2.450980392156863,0.0,0.0,17.156862745098042,56.372549019607845,19.607843137254903,254.9019607843137,14.705882352941176,0.0,12.254901960784313,0.0,4.901960784313726,0.0,0.0,7.352941176470588,7.352941176470588,0.0,2.450980392156863,0.0,4.901960784313726,0.0,0.0,0.0,0.0,2.450980392156863,0.0,0.0,2.450980392156863,4.901960784313726,132.35294117647058,88.23529411764706,4.901960784313726,51.470588235294116,0.5995085995085995,5.9705159705159705,7.352941176470588,2.450980392156863,0.0,2.450980392156863,2.450980392156863,0.0,19.607843137254903,9.803921568627452,0.0,2.450980392156863,4.901960784313726,7.352941176470588,12.254901960784313,0.0,0.0,2.450980392156863,0.0,2.450980392156863,2.450980392156863,17.156862745098042,2.450980392156863,0.0,2.450980392156863
N16-1160,0.0,7.142857142857142,69.04761904761905,2.3809523809523814,2.3809523809523814,19.04761904761905,0.0,4.761904761904763,0.0,4.761904761904763,0.0,0.0,14.285714285714285,57.14285714285714,38.0952380952381,207.14285714285717,9.523809523809526,0.0,7.142857142857142,0.0,7.142857142857142,0.0,0.0,14.285714285714285,4.761904761904763,0.0,7.142857142857142,0.0,7.142857142857142,0.0,0.0,0.0,0.0,4.761904761904763,0.0,0.0,0.0,4.761904761904763,119.04761904761904,150.0,4.761904761904763,40.47619047619048,0.5166666666666667,6.002380952380952,7.142857142857142,0.0,0.0,0.0,7.142857142857142,0.0,7.142857142857142,4.761904761904763,0.0,0.0,2.3809523809523814,14.285714285714285,9.523809523809526,0.0,0.0,0.0,0.0,0.0,0.0,21.428571428571427,2.3809523809523814,0.0,4.761904761904763
N18-1041,0.0,9.615384615384617,52.88461538461539,2.403846153846154,0.0,16.826923076923077,0.0,7.211538461538462,0.0,2.403846153846154,0.0,0.0,12.01923076923077,62.5,16.826923076923077,278.84615384615387,0.0,2.403846153846154,7.211538461538462,2.403846153846154,2.403846153846154,0.0,0.0,9.615384615384617,12.01923076923077,2.403846153846154,2.403846153846154,0.0,7.211538461538462,0.0,0.0,0.0,0.0,2.403846153846154,0.0,0.0,0.0,4.807692307692308,127.40384615384615,103.36538461538461,4.807692307692308,43.26923076923077,0.5326876513317191,5.85956416464891,7.211538461538462,0.0,0.0,0.0,4.807692307692308,0.0,12.01923076923077,2.403846153846154,0.0,0.0,4.807692307692308,4.807692307692308,4.807692307692308,0.0,0.0,0.0,0.0,0.0,2.403846153846154,14.423076923076923,0.0,0.0,2.403846153846154
N18-1177,0.0,0.0,64.19753086419753,2.4691358024691357,0.0,17.28395061728395,0.0,0.0,0.0,2.4691358024691357,0.0,0.0,24.691358024691358,91.35802469135803,19.753086419753085,212.3456790123457,2.4691358024691357,2.4691358024691357,12.345679012345679,0.0,4.938271604938271,0.0,0.0,12.345679012345679,0.0,0.0,0.0,0.0,7.407407407407407,2.4691358024691357,0.0,0.0,0.0,2.4691358024691357,0.0,0.0,0.0,0.0,125.92592592592591,111.1111111111111,4.938271604938271,44.44444444444444,0.5175,6.07,4.938271604938271,2.4691358024691357,0.0,0.0,4.938271604938271,0.0,14.814814814814815,4.938271604938271,2.4691358024691357,2.4691358024691357,0.0,12.345679012345679,7.407407407407407,0.0,0.0,0.0,0.0,0.0,0.0,27.160493827160494,2.4691358024691357,0.0,4.938271604938271
P09-1021,0.0,9.828009828009828,61.42506142506143,4.914004914004914,0.0,17.1990171990172,0.0,0.0,4.914004914004914,4.914004914004914,0.0,0.0,14.742014742014742,61.42506142506143,14.742014742014742,243.24324324324326,7.371007371007371,0.0,19.656019656019655,0.0,2.457002457002457,0.0,2.457002457002457,19.656019656019655,7.371007371007371,0.0,4.914004914004914,2.457002457002457,4.914004914004914,0.0,0.0,0.0,0.0,7.371007371007371,0.0,0.0,0.0,2.457002457002457,127.76412776412776,100.73710073710073,2.457002457002457,58.96805896805897,0.4987714987714988,5.813267813267813,4.914004914004914,2.457002457002457,0.0,2.457002457002457,12.285012285012284,0.0,7.371007371007371,2.457002457002457,0.0,0.0,4.914004914004914,2.457002457002457,2.457002457002457,0.0,0.0,0.0,0.0,4.914004914004914,4.914004914004914,12.285012285012284,2.457002457002457,0.0,4.914004914004914
P09-1030,0.0,4.62962962962963,62.5,9.25925925925926,0.0,2.314814814814815,0.0,0.0,4.62962962962963,0.0,0.0,0.0,11.574074074074073,64.81481481481481,6.944444444444444,245.37037037037038,4.62962962962963,0.0,18.51851851851852,0.0,2.314814814814815,0.0,0.0,16.203703703703702,6.944444444444444,0.0,4.62962962962963,0.0,4.62962962962963,0.0,0.0,0.0,0.0,2.314814814814815,0.0,0.0,2.314814814814815,6.944444444444444,125.0,118.05555555555556,2.314814814814815,27.777777777777775,0.5,6.08411214953271,2.314814814814815,0.0,0.0,0.0,4.62962962962963,0.0,20.833333333333332,4.62962962962963,0.0,0.0,0.0,13.888888888888888,4.62962962962963,0.0,0.0,0.0,0.0,0.0,0.0,16.203703703703702,2.314814814814815,0.0,0.0
P09-1087,2.2988505747126435,4.597701149425287,48.275862068965516,0.0,0.0,6.896551724137931,0.0,0.0,2.2988505747126435,0.0,0.0,0.0,16.091954022988507,52.87356321839081,29.885057471264368,291.95402298850576,4.597701149425287,0.0,2.2988505747126435,0.0,2.2988505747126435,0.0,2.2988505747126435,13.793103448275861,9.195402298850574,0.0,2.2988505747126435,0.0,4.597701149425287,0.0,0.0,0.0,0.0,4.597701149425287,0.0,0.0,0.0,2.2988505747126435,144.82758620689657,80.45977011494253,0.0,43.67816091954023,0.532258064516129,5.907834101382488,2.2988505747126435,2.2988505747126435,0.0,0.0,4.597701149425287,0.0,11.494252873563218,6.896551724137931,0.0,0.0,2.2988505747126435,6.896551724137931,4.597701149425287,0.0,0.0,0.0,0.0,0.0,2.2988505747126435,9.195402298850574,2.2988505747126435,0.0,2.2988505747126435
P09-1098,2.4271844660194173,7.281553398058253,50.970873786407765,0.0,0.0,12.135922330097086,0.0,2.4271844660194173,0.0,0.0,0.0,0.0,12.135922330097086,41.2621359223301,7.281553398058253,269.41747572815535,16.990291262135923,0.0,14.563106796116505,2.4271844660194173,0.0,0.0,0.0,19.41747572815534,9.70873786407767,0.0,2.4271844660194173,2.4271844660194173,2.4271844660194173,0.0,0.0,0.0,0.0,7.281553398058253,0.0,0.0,0.0,0.0,116.50485436893204,92.23300970873787,2.4271844660194173,50.970873786407765,0.5525672371638142,5.567237163814181,4.854368932038835,4.854368932038835,0.0,0.0,7.281553398058253,0.0,14.563106796116505,4.854368932038835,0.0,0.0,0.0,7.281553398058253,9.70873786407767,2.4271844660194173,0.0,2.4271844660194173,0.0,2.4271844660194173,4.854368932038835,26.699029126213592,0.0,0.0,4.854368932038835
P09-1106,0.0,9.732360097323602,53.5279805352798,2.4330900243309004,0.0,9.732360097323602,0.0,7.299270072992701,7.299270072992701,2.4330900243309004,0.0,0.0,19.464720194647203,85.1581508515815,9.732360097323602,282.2384428223844,4.866180048661801,0.0,9.732360097323602,0.0,4.866180048661801,0.0,0.0,19.464720194647203,4.866180048661801,0.0,4.866180048661801,0.0,9.732360097323602,0.0,0.0,0.0,0.0,4.866180048661801,0.0,0.0,0.0,0.0,119.2214111922141,60.82725060827251,0.0,43.79562043795621,0.4841075794621027,5.919315403422983,4.866180048661801,0.0,0.0,0.0,7.299270072992701,0.0,12.165450121654501,7.299270072992701,0.0,0.0,4.866180048661801,4.866180048661801,4.866180048661801,0.0,0.0,0.0,0.0,0.0,9.732360097323602,19.464720194647203,2.4330900243309004,0.0,2.4330900243309004
P09-1121,0.0,2.4271844660194173,65.53398058252426,9.70873786407767,0.0,26.699029126213592,0.0,0.0,0.0,0.0,0.0,0.0,16.990291262135923,33.980582524271846,14.563106796116505,271.84466019417476,12.135922330097086,0.0,9.70873786407767,0.0,2.4271844660194173,0.0,2.4271844660194173,26.699029126213592,2.4271844660194173,0.0,0.0,0.0,9.70873786407767,0.0,0.0,0.0,0.0,0.0,0.0,0.0,0.0,4.854368932038835,123.7864077669903,89.80582524271844,2.4271844660194173,43.689320388349515,0.4830097087378641,5.720873786407767,2.4271844660194173,0.0,0.0,0.0,7.281553398058253,0.0,19.41747572815534,4.854368932038835,0.0,0.0,0.0,16.990291262135923,4.854368932038835,2.4271844660194173,0.0,0.0,0.0,0.0,4.854368932038835,9.70873786407767,2.4271844660194173,0.0,0.0
P10-1029,0.0,0.0,61.904761904761905,4.761904761904763,2.3809523809523814,26.19047619047619,0.0,2.3809523809523814,4.761904761904763,0.0,0.0,0.0,21.428571428571427,35.714285714285715,7.142857142857142,257.1428571428571,2.3809523809523814,0.0,7.142857142857142,0.0,0.0,0.0,0.0,21.428571428571427,14.285714285714285,0.0,0.0,0.0,14.285714285714285,0.0,0.0,0.0,2.3809523809523814,0.0,0.0,0.0,0.0,2.3809523809523814,119.04761904761904,123.80952380952381,4.761904761904763,52.38095238095238,0.5465393794749404,5.868735083532219,0.0,4.761904761904763,0.0,0.0,7.142857142857142,0.0,9.523809523809526,0.0,0.0,0.0,0.0,11.904761904761903,2.3809523809523814,2.3809523809523814,0.0,0.0,0.0,4.761904761904763,9.523809523809526,19.04761904761905,0.0,0.0,2.3809523809523814
P10-1040,0.0,7.159904534606206,52.50596658711217,0.0,0.0,19.093078758949883,2.3866348448687353,4.773269689737471,2.3866348448687353,0.0,0.0,0.0,9.546539379474941,54.89260143198091,26.252983293556085,243.43675417661098,4.773269689737471,0.0,7.159904534606206,0.0,7.159904534606206,0.0,0.0,9.546539379474941,11.933174224343675,0.0,0.0,0.0,4.773269689737471,0.0,0.0,0.0,0.0,2.3866348448687353,0.0,0.0,0.0,2.3866348448687353,131.26491646778044,100.23866348448688,2.3866348448687353,42.959427207637226,0.5673076923076923,6.040865384615385,2.3866348448687353,4.773269689737471,0.0,0.0,2.3866348448687353,0.0,16.706443914081145,4.773269689737471,0.0,0.0,2.3866348448687353,19.093078758949883,9.546539379474941,0.0,0.0,0.0,0.0,0.0,4.773269689737471,23.86634844868735,4.773269689737471,0.0,4.773269689737471
P10-1065,0.0,2.3866348448687353,73.98568019093078,2.3866348448687353,2.3866348448687353,2.3866348448687353,0.0,9.546539379474941,2.3866348448687353,0.0,0.0,0.0,23.86634844868735,116.94510739856801,4.773269689737471,217.1837708830549,14.319809069212411,4.773269689737471,14.319809069212411,0.0,2.3866348448687353,0.0,0.0,9.546539379474941,4.773269689737471,0.0,4.773269689737471,0.0,9.546539379474941,0.0,0.0,0.0,2.3866348448687353,7.159904534606206,0.0,0.0,0.0,2.3866348448687353,114.55847255369929,64.43914081145586,2.3866348448687353,57.279236276849645,0.5192307692307693,5.853365384615385,7.159904534606206,2.3866348448687353,0.0,2.3866348448687353,4.773269689737471,0.0,21.479713603818613,7.159904534606206,2.3866348448687353,0.0,0.0,11.933174224343675,9.546539379474941,2.3866348448687353,0.0,0.0,0.0,2.3866348448687353,11.933174224343675,16.706443914081145,4.773269689737471,0.0,2.3866348448687353
P11-1003,0.0,2.4390243902439024,48.78048780487805,2.4390243902439024,0.0,9.75609756097561,0.0,4.878048780487805,4.878048780487805,2.4390243902439024,0.0,0.0,14.634146341463415,100.0,2.4390243902439024,268.2926829268293,2.4390243902439024,0.0,4.878048780487805,0.0,0.0,0.0,0.0,14.634146341463415,9.75609756097561,0.0,0.0,0.0,9.75609756097561,0.0,0.0,0.0,0.0,2.4390243902439024,0.0,0.0,0.0,7.317073170731708,139.02439024390245,102.4390243902439,0.0,39.02439024390244,0.5378973105134475,6.112469437652812,4.878048780487805,2.4390243902439024,0.0,0.0,2.4390243902439024,0.0,12.195121951219512,2.4390243902439024,0.0,0.0,2.4390243902439024,4.878048780487805,7.317073170731708,0.0,0.0,0.0,0.0,0.0,2.4390243902439024,19.51219512195122,2.4390243902439024,0.0,2.4390243902439024
P11-1039,0.0,2.4096385542168677,62.65060240963856,2.4096385542168677,0.0,19.27710843373494,0.0,0.0,4.819277108433735,0.0,0.0,0.0,19.27710843373494,65.06024096385542,4.819277108433735,272.28915662650604,2.4096385542168677,0.0,14.457831325301205,2.4096385542168677,4.819277108433735,0.0,0.0,16.867469879518072,9.63855421686747,0.0,0.0,0.0,14.457831325301205,0.0,0.0,0.0,0.0,4.819277108433735,0.0,0.0,0.0,2.4096385542168677,127.71084337349397,98.79518072289156,2.4096385542168677,38.55421686746988,0.5397590361445783,6.065060240963855,4.819277108433735,2.4096385542168677,0.0,0.0,2.4096385542168677,0.0,14.457831325301205,0.0,0.0,2.4096385542168677,0.0,7.228915662650603,4.819277108433735,0.0,0.0,0.0,0.0,0.0,2.4096385542168677,31.32530120481928,4.819277108433735,0.0,2.4096385542168677
P11-1128,0.0,9.592326139088728,64.74820143884892,0.0,0.0,9.592326139088728,0.0,2.398081534772182,4.796163069544364,0.0,0.0,0.0,19.184652278177456,67.1462829736211,2.398081534772182,294.9640287769784,11.990407673860911,0.0,2.398081534772182,0.0,4.796163069544364,0.0,0.0,11.990407673860911,11.990407673860911,0.0,0.0,2.398081534772182,14.388489208633095,0.0,0.0,0.0,0.0,4.796163069544364,0.0,0.0,0.0,4.796163069544364,146.2829736211031,91.12709832134293,2.398081534772182,47.961630695443645,0.5421686746987951,5.893975903614458,2.398081534772182,4.796163069544364,0.0,0.0,2.398081534772182,0.0,16.786570743405274,0.0,0.0,0.0,2.398081534772182,14.388489208633095,14.388489208633095,0.0,0.0,0.0,0.0,0.0,9.592326139088728,9.592326139088728,0.0,0.0,2.398081534772182
P11-1134,0.0,2.3255813953488373,67.44186046511628,9.30232558139535,0.0,18.6046511627907,0.0,2.3255813953488373,0.0,2.3255813953488373,0.0,0.0,30.232558139534884,46.51162790697674,4.651162790697675,227.90697674418607,9.30232558139535,0.0,11.627906976744185,2.3255813953488373,6.976744186046512,0.0,2.3255813953488373,16.27906976744186,0.0,0.0,9.30232558139535,0.0,13.953488372093023,0.0,0.0,0.0,0.0,9.30232558139535,0.0,0.0,0.0,2.3255813953488373,141.86046511627907,153.48837209302326,2.3255813953488373,41.860465116279066,0.4965034965034965,5.734265734265734,11.627906976744185,2.3255813953488373,0.0,0.0,2.3255813953488373,0.0,11.627906976744185,11.627906976744185,0.0,0.0,4.651162790697675,13.953488372093023,6.976744186046512,0.0,0.0,0.0,0.0,0.0,4.651162790697675,13.953488372093023,4.651162790697675,0.0,4.651162790697675
P12-1001,0.0,2.3696682464454977,71.09004739336493,2.3696682464454977,2.3696682464454977,26.066350710900473,0.0,0.0,2.3696682464454977,0.0,0.0,0.0,23.696682464454973,106.6350710900474,4.739336492890995,232.22748815165878,9.47867298578199,2.3696682464454977,4.739336492890995,0.0,9.47867298578199,0.0,0.0,9.47867298578199,2.3696682464454977,0.0,0.0,0.0,11.848341232227487,0.0,0.0,0.0,0.0,9.47867298578199,0.0,0.0,0.0,4.739336492890995,144.54976303317534,78.19905213270142,2.3696682464454977,45.023696682464454,0.5284360189573459,5.834123222748815,7.109004739336492,2.3696682464454977,0.0,0.0,7.109004739336492,0.0,11.848341232227487,4.739336492890995,0.0,0.0,0.0,18.95734597156398,7.109004739336492,0.0,0.0,0.0,0.0,0.0,2.3696682464454977,14.218009478672984,0.0,0.0,2.3696682464454977
P12-1013,0.0,2.450980392156863,68.62745098039217,0.0,0.0,14.705882352941176,0.0,7.352941176470588,4.901960784313726,0.0,0.0,0.0,24.509803921568626,83.33333333333333,12.254901960784313,242.64705882352942,2.450980392156863,0.0,14.705882352941176,2.450980392156863,4.901960784313726,0.0,0.0,4.901960784313726,9.803921568627452,0.0,2.450980392156863,0.0,17.156862745098042,0.0,0.0,0.0,0.0,2.450980392156863,0.0,0.0,0.0,4.901960784313726,134.80392156862743,102.94117647058823,7.352941176470588,34.313725490196084,0.553921568627451,6.125,2.450980392156863,2.450980392156863,0.0,0.0,4.901960784313726,0.0,22.058823529411764,4.901960784313726,0.0,0.0,2.450980392156863,14.705882352941176,9.803921568627452,0.0,0.0,2.450980392156863,0.0,0.0,0.0,17.156862745098042,0.0,0.0,2.450980392156863
P12-1015,0.0,7.317073170731708,68.29268292682927,0.0,0.0,24.390243902439025,0.0,12.195121951219512,0.0,0.0,0.0,0.0,12.195121951219512,36.58536585365854,41.463414634146346,192.6829268292683,7.317073170731708,0.0,9.75609756097561,0.0,12.195121951219512,0.0,0.0,9.75609756097561,4.878048780487805,0.0,2.4390243902439024,0.0,7.317073170731708,0.0,0.0,0.0,2.4390243902439024,0.0,0.0,0.0,0.0,4.878048780487805,143.90243902439022,136.58536585365854,2.4390243902439024,56.09756097560976,0.48292682926829267,5.892682926829268,2.4390243902439024,4.878048780487805,0.0,2.4390243902439024,9.75609756097561,0.0,17.073170731707318,4.878048780487805,0.0,0.0,0.0,12.195121951219512,2.4390243902439024,4.878048780487805,0.0,0.0,0.0,0.0,2.4390243902439024,24.390243902439025,4.878048780487805,0.0,4.878048780487805
P12-1040,0.0,9.950248756218905,67.16417910447761,0.0,0.0,19.90049751243781,0.0,9.950248756218905,0.0,4.975124378109452,0.0,0.0,14.925373134328359,54.72636815920398,7.462686567164179,263.681592039801,7.462686567164179,0.0,9.950248756218905,0.0,2.487562189054726,0.0,0.0,19.90049751243781,9.950248756218905,0.0,0.0,2.487562189054726,9.950248756218905,0.0,0.0,0.0,0.0,0.0,0.0,0.0,0.0,12.437810945273633,124.37810945273633,111.94029850746269,2.487562189054726,37.31343283582089,0.5860349127182045,6.144638403990025,2.487562189054726,2.487562189054726,0.0,0.0,2.487562189054726,0.0,14.925373134328359,2.487562189054726,0.0,0.0,2.487562189054726,4.975124378109452,4.975124378109452,0.0,0.0,0.0,0.0,0.0,2.487562189054726,12.437810945273633,2.487562189054726,0.0,2.487562189054726
P12-1072,2.347417840375587,0.0,61.032863849765256,0.0,0.0,21.12676056338028,0.0,7.042253521126761,4.694835680751174,2.347417840375587,0.0,0.0,28.169014084507044,93.89671361502347,9.389671361502348,223.00469483568074,9.389671361502348,0.0,16.431924882629108,0.0,2.347417840375587,0.0,2.347417840375587,14.084507042253522,7.042253521126761,0.0,4.694835680751174,0.0,9.389671361502348,0.0,0.0,0.0,0.0,7.042253521126761,0.0,0.0,0.0,0.0,119.71830985915493,93.89671361502347,7.042253521126761,42.25352112676056,0.5610328638497653,5.995305164319249,0.0,0.0,0.0,0.0,4.694835680751174,0.0,11.737089201877934,2.347417840375587,0.0,0.0,2.347417840375587,4.694835680751174,7.042253521126761,0.0,0.0,0.0,0.0,0.0,2.347417840375587,30.516431924882628,4.694835680751174,0.0,0.0
P13-1027,0.0,2.3640661938534278,59.1016548463357,2.3640661938534278,0.0,4.7281323877068555,0.0,7.092198581560283,2.3640661938534278,0.0,0.0,0.0,21.27659574468085,63.82978723404255,4.7281323877068555,274.2316784869976,14.184397163120567,0.0,11.82033096926714,0.0,0.0,0.0,0.0,9.456264775413711,7.092198581560283,0.0,4.7281323877068555,2.3640661938534278,11.82033096926714,0.0,0.0,0.0,2.3640661938534278,4.7281323877068555,0.0,0.0,0.0,2.3640661938534278,141.84397163120568,106.38297872340425,4.7281323877068555,42.5531914893617,0.5390070921985816,6.0,4.7281323877068555,2.3640661938534278,0.0,2.3640661938534278,2.3640661938534278,0.0,21.27659574468085,4.7281323877068555,0.0,0.0,4.7281323877068555,11.82033096926714,4.7281323877068555,0.0,0.0,0.0,0.0,2.3640661938534278,4.7281323877068555,14.184397163120567,0.0,0.0,7.092198581560283
P13-1074,0.0,2.3866348448687353,64.43914081145586,0.0,2.3866348448687353,23.86634844868735,0.0,0.0,4.773269689737471,2.3866348448687353,0.0,0.0,16.706443914081145,102.6252983293556,16.706443914081145,243.43675417661098,0.0,0.0,9.546539379474941,0.0,2.3866348448687353,0.0,0.0,9.546539379474941,7.159904534606206,0.0,0.0,0.0,11.933174224343675,0.0,0.0,0.0,0.0,4.773269689737471,0.0,0.0,0.0,2.3866348448687353,128.87828162291171,78.75894988066825,7.159904534606206,33.41288782816229,0.5203836930455635,6.002398081534772,9.546539379474941,0.0,0.0,0.0,4.773269689737471,0.0,9.546539379474941,2.3866348448687353,0.0,0.0,7.159904534606206,4.773269689737471,9.546539379474941,0.0,0.0,2.3866348448687353,0.0,0.0,7.159904534606206,19.093078758949883,4.773269689737471,0.0,0.0
P13-1105,0.0,4.9504950495049505,59.4059405940594,2.4752475247524752,2.4752475247524752,12.376237623762377,0.0,4.9504950495049505,9.900990099009901,0.0,0.0,2.4752475247524752,17.32673267326733,54.45544554455446,7.425742574257425,225.24752475247524,2.4752475247524752,2.4752475247524752,7.425742574257425,0.0,4.9504950495049505,0.0,0.0,12.376237623762377,7.425742574257425,0.0,2.4752475247524752,0.0,12.376237623762377,0.0,0.0,0.0,0.0,0.0,0.0,0.0,0.0,4.9504950495049505,121.28712871287128,126.23762376237624,2.4752475247524752,69.30693069306932,0.4713216957605985,6.072319201995012,9.900990099009901,0.0,0.0,2.4752475247524752,4.9504950495049505,0.0,14.85148514851485,4.9504950495049505,0.0,0.0,2.4752475247524752,7.425742574257425,7.425742574257425,0.0,0.0,0.0,0.0,2.4752475247524752,2.4752475247524752,4.9504950495049505,4.9504950495049505,0.0,7.425742574257425
P13-1168,0.0,2.457002457002457,68.7960687960688,2.457002457002457,0.0,7.371007371007371,0.0,7.371007371007371,4.914004914004914,2.457002457002457,0.0,0.0,22.11302211302211,83.53808353808354,17.1990171990172,233.41523341523342,4.914004914004914,0.0,9.828009828009828,0.0,4.914004914004914,0.0,0.0,7.371007371007371,4.914004914004914,0.0,2.457002457002457,0.0,9.828009828009828,0.0,0.0,0.0,0.0,2.457002457002457,0.0,0.0,2.457002457002457,2.457002457002457,130.2211302211302,78.62407862407862,2.457002457002457,61.42506142506143,0.5665024630541872,5.977832512315271,4.914004914004914,4.914004914004914,0.0,0.0,9.828009828009828,0.0,14.742014742014742,9.828009828009828,0.0,0.0,2.457002457002457,12.285012285012284,4.914004914004914,0.0,0.0,0.0,0.0,0.0,2.457002457002457,34.3980343980344,7.371007371007371,0.0,7.371007371007371
P14-1012,0.0,9.111617312072893,45.558086560364465,4.555808656036446,0.0,13.66742596810934,0.0,2.277904328018223,2.277904328018223,0.0,0.0,0.0,9.111617312072893,54.66970387243736,18.223234624145785,275.626423690205,0.0,0.0,4.555808656036446,2.277904328018223,0.0,0.0,0.0,11.389521640091116,13.66742596810934,0.0,0.0,0.0,4.555808656036446,0.0,0.0,0.0,0.0,2.277904328018223,0.0,0.0,0.0,2.277904328018223,129.84054669703875,111.61731207289294,0.0,45.558086560364465,0.5206422018348624,5.825688073394495,9.111617312072893,0.0,0.0,0.0,9.111617312072893,0.0,9.111617312072893,2.277904328018223,0.0,0.0,0.0,18.223234624145785,11.389521640091116,0.0,0.0,0.0,0.0,0.0,0.0,22.779043280182233,0.0,0.0,2.277904328018223
P14-1094,0.0,0.0,47.02970297029703,4.9504950495049505,0.0,7.425742574257425,0.0,4.9504950495049505,0.0,0.0,0.0,0.0,9.900990099009901,44.554455445544555,17.32673267326733,245.04950495049505,4.9504950495049505,2.4752475247524752,4.9504950495049505,0.0,2.4752475247524752,0.0,0.0,12.376237623762377,7.425742574257425,0.0,2.4752475247524752,2.4752475247524752,2.4752475247524752,0.0,0.0,0.0,0.0,7.425742574257425,0.0,0.0,0.0,2.4752475247524752,108.91089108910892,173.26732673267327,2.4752475247524752,34.65346534653466,0.5263157894736842,6.142857142857143,2.4752475247524752,4.9504950495049505,0.0,0.0,4.9504950495049505,0.0,17.32673267326733,2.4752475247524752,0.0,0.0,0.0,4.9504950495049505,12.376237623762377,0.0,0.0,0.0,0.0,2.4752475247524752,0.0,22.277227722772277,2.4752475247524752,0.0,4.9504950495049505
P14-1099,0.0,2.457002457002457,71.25307125307125,0.0,0.0,17.1990171990172,0.0,4.914004914004914,0.0,2.457002457002457,0.0,0.0,17.1990171990172,39.31203931203931,4.914004914004914,277.64127764127767,7.371007371007371,0.0,12.285012285012284,2.457002457002457,4.914004914004914,0.0,0.0,7.371007371007371,4.914004914004914,0.0,2.457002457002457,0.0,7.371007371007371,0.0,0.0,0.0,0.0,4.914004914004914,0.0,0.0,0.0,9.828009828009828,113.02211302211303,83.53808353808354,2.457002457002457,58.96805896805897,0.5259259259259259,5.777777777777778,2.457002457002457,7.371007371007371,0.0,2.457002457002457,2.457002457002457,0.0,7.371007371007371,2.457002457002457,0.0,0.0,7.371007371007371,24.570024570024568,12.285012285012284,0.0,0.0,0.0,0.0,0.0,2.457002457002457,24.570024570024568,7.371007371007371,0.0,9.828009828009828
P14-1137,0.0,4.784688995215311,76.55502392344498,2.3923444976076556,2.3923444976076556,7.177033492822967,0.0,7.177033492822967,7.177033492822967,0.0,0.0,0.0,21.5311004784689,64.5933014354067,7.177033492822967,284.68899521531097,9.569377990430622,7.177033492822967,7.177033492822967,0.0,2.3923444976076556,0.0,0.0,14.354066985645934,0.0,0.0,0.0,0.0,16.74641148325359,2.3923444976076556,0.0,0.0,2.3923444976076556,2.3923444976076556,0.0,0.0,0.0,4.784688995215311,122.00956937799043,64.5933014354067,2.3923444976076556,50.239234449760765,0.5,5.638755980861244,2.3923444976076556,2.3923444976076556,0.0,2.3923444976076556,4.784688995215311,0.0,19.138755980861244,2.3923444976076556,0.0,0.0,0.0,16.74641148325359,7.177033492822967,0.0,0.0,0.0,0.0,2.3923444976076556,7.177033492822967,2.3923444976076556,0.0,0.0,4.784688995215311
P14-1145,0.0,2.506265664160401,67.66917293233082,0.0,0.0,17.543859649122805,0.0,17.543859649122805,5.012531328320802,0.0,0.0,2.506265664160401,17.543859649122805,82.70676691729322,20.050125313283207,235.58897243107768,2.506265664160401,2.506265664160401,7.518796992481203,0.0,5.012531328320802,0.0,0.0,17.543859649122805,5.012531328320802,0.0,2.506265664160401,0.0,5.012531328320802,2.506265664160401,0.0,0.0,0.0,5.012531328320802,0.0,0.0,0.0,2.506265664160401,120.30075187969925,90.22556390977444,5.012531328320802,42.606516290726816,0.5402010050251256,6.077889447236181,5.012531328320802,0.0,0.0,2.506265664160401,5.012531328320802,0.0,10.025062656641603,2.506265664160401,0.0,0.0,0.0,10.025062656641603,0.0,0.0,0.0,0.0,0.0,5.012531328320802,5.012531328320802,20.050125313283207,2.506265664160401,0.0,0.0
P15-1031,0.0,4.88997555012225,70.90464547677261,0.0,0.0,14.669926650366747,0.0,7.334963325183374,2.444987775061125,2.444987775061125,0.0,0.0,17.114914425427873,39.119804400978,19.559902200489,268.9486552567237,2.444987775061125,0.0,14.669926650366747,2.444987775061125,2.444987775061125,0.0,0.0,24.44987775061125,7.334963325183374,0.0,4.88997555012225,0.0,7.334963325183374,0.0,0.0,0.0,0.0,7.334963325183374,0.0,0.0,0.0,2.444987775061125,100.24449877750611,112.46943765281173,4.88997555012225,51.344743276283616,0.5343137254901961,5.958333333333333,7.334963325183374,4.88997555012225,0.0,0.0,9.7799511002445,0.0,12.224938875305625,2.444987775061125,0.0,0.0,0.0,12.224938875305625,7.334963325183374,0.0,0.0,0.0,0.0,2.444987775061125,7.334963325183374,14.669926650366747,2.444987775061125,0.0,4.88997555012225
P15-1056,0.0,2.4630541871921183,61.576354679802954,0.0,0.0,14.778325123152708,0.0,2.4630541871921183,2.4630541871921183,0.0,0.0,0.0,19.704433497536947,41.87192118226601,4.926108374384237,229.064039408867,0.0,0.0,12.315270935960593,0.0,2.4630541871921183,0.0,0.0,29.556650246305416,2.4630541871921183,0.0,0.0,2.4630541871921183,14.778325123152708,0.0,0.0,0.0,0.0,2.4630541871921183,0.0,0.0,0.0,4.926108374384237,105.91133004926108,108.37438423645321,0.0,78.81773399014779,0.5467980295566502,5.820197044334975,2.4630541871921183,7.389162561576354,0.0,0.0,7.389162561576354,0.0,9.852216748768473,4.926108374384237,0.0,0.0,0.0,14.778325123152708,9.852216748768473,0.0,0.0,0.0,0.0,0.0,2.4630541871921183,17.241379310344826,0.0,0.0,7.389162561576354
P16-1019,2.352941176470588,2.352941176470588,63.52941176470588,2.352941176470588,0.0,14.11764705882353,0.0,7.058823529411765,4.705882352941176,4.705882352941176,0.0,0.0,23.52941176470588,54.11764705882353,14.11764705882353,265.88235294117646,4.705882352941176,0.0,14.11764705882353,0.0,4.705882352941176,0.0,0.0,4.705882352941176,7.058823529411765,0.0,4.705882352941176,0.0,16.47058823529412,0.0,0.0,0.0,0.0,0.0,0.0,0.0,0.0,4.705882352941176,117.6470588235294,115.29411764705883,2.352941176470588,47.05882352941176,0.5505882352941176,6.030588235294117,4.705882352941176,0.0,0.0,0.0,9.411764705882351,0.0,14.11764705882353,9.411764705882351,0.0,0.0,0.0,7.058823529411765,7.058823529411765,2.352941176470588,0.0,0.0,0.0,0.0,2.352941176470588,21.176470588235293,4.705882352941176,0.0,7.058823529411765
P16-1032,2.4390243902439024,4.878048780487805,65.85365853658537,7.317073170731708,0.0,17.073170731707318,0.0,0.0,0.0,2.4390243902439024,0.0,0.0,29.26829268292683,90.24390243902438,2.4390243902439024,239.02439024390242,7.317073170731708,2.4390243902439024,9.75609756097561,2.4390243902439024,2.4390243902439024,0.0,2.4390243902439024,4.878048780487805,4.878048780487805,0.0,9.75609756097561,0.0,14.634146341463415,0.0,0.0,0.0,2.4390243902439024,7.317073170731708,0.0,0.0,0.0,0.0,112.19512195121952,95.1219512195122,2.4390243902439024,48.78048780487805,0.5407407407407407,5.9679012345679014,9.75609756097561,2.4390243902439024,0.0,0.0,7.317073170731708,0.0,7.317073170731708,4.878048780487805,0.0,0.0,4.878048780487805,21.95121951219512,4.878048780487805,0.0,0.0,0.0,0.0,0.0,2.4390243902439024,21.95121951219512,4.878048780487805,0.0,7.317073170731708
P16-1035,0.0,9.389671361502348,53.990610328638496,4.694835680751174,0.0,11.737089201877934,0.0,11.737089201877934,0.0,2.347417840375587,0.0,0.0,14.084507042253522,44.60093896713615,32.863849765258216,253.52112676056336,9.389671361502348,0.0,11.737089201877934,2.347417840375587,7.042253521126761,0.0,0.0,14.084507042253522,9.389671361502348,0.0,0.0,0.0,4.694835680751174,0.0,0.0,0.0,0.0,4.694835680751174,0.0,0.0,0.0,4.694835680751174,150.23474178403757,93.89671361502347,4.694835680751174,51.64319248826291,0.5011764705882353,5.752941176470588,2.347417840375587,2.347417840375587,0.0,2.347417840375587,4.694835680751174,0.0,7.042253521126761,4.694835680751174,0.0,0.0,4.694835680751174,7.042253521126761,4.694835680751174,0.0,0.0,0.0,0.0,0.0,7.042253521126761,9.389671361502348,0.0,0.0,4.694835680751174
P16-1055,0.0,0.0,67.5,2.5,0.0,20.0,0.0,0.0,0.0,0.0,2.5,0.0,17.5,70.0,7.5,220.0,17.5,0.0,10.0,0.0,2.5,0.0,0.0,22.5,2.5,0.0,0.0,0.0,7.5,0.0,0.0,0.0,0.0,5.0,0.0,0.0,0.0,0.0,122.5,112.5,5.0,37.5,0.5710659898477157,6.01015228426396,2.5,2.5,0.0,0.0,0.0,0.0,20.0,2.5,0.0,0.0,2.5,10.0,5.0,0.0,0.0,0.0,0.0,2.5,10.0,17.5,0.0,0.0,2.5
P16-1068,0.0,7.009345794392523,60.74766355140187,0.0,0.0,16.355140186915886,0.0,4.672897196261682,2.336448598130841,0.0,0.0,0.0,21.02803738317757,44.39252336448598,23.36448598130841,264.01869158878503,2.336448598130841,4.672897196261682,14.018691588785046,0.0,2.336448598130841,0.0,0.0,18.69158878504673,4.672897196261682,2.336448598130841,0.0,0.0,11.682242990654204,0.0,2.336448598130841,0.0,0.0,2.336448598130841,0.0,0.0,0.0,4.672897196261682,137.8504672897196,81.77570093457943,7.009345794392523,44.39252336448598,0.5868544600938967,5.71830985915493,2.336448598130841,4.672897196261682,0.0,0.0,4.672897196261682,0.0,16.355140186915886,2.336448598130841,2.336448598130841,0.0,11.682242990654204,14.018691588785046,2.336448598130841,0.0,0.0,0.0,0.0,2.336448598130841,7.009345794392523,18.69158878504673,2.336448598130841,0.0,7.009345794392523
P16-1105,0.0,4.878048780487805,56.09756097560976,0.0,0.0,14.634146341463415,0.0,7.317073170731708,2.4390243902439024,0.0,0.0,0.0,14.634146341463415,107.3170731707317,19.51219512195122,219.5121951219512,4.878048780487805,2.4390243902439024,9.75609756097561,0.0,4.878048780487805,0.0,0.0,21.95121951219512,4.878048780487805,0.0,4.878048780487805,0.0,4.878048780487805,0.0,0.0,0.0,0.0,9.75609756097561,0.0,0.0,0.0,2.4390243902439024,112.19512195121952,90.24390243902438,4.878048780487805,43.90243902439024,0.5459057071960298,5.9181141439205955,4.878048780487805,2.4390243902439024,0.0,0.0,4.878048780487805,0.0,12.195121951219512,4.878048780487805,0.0,0.0,0.0,12.195121951219512,9.75609756097561,0.0,0.0,0.0,0.0,7.317073170731708,9.75609756097561,19.51219512195122,0.0,0.0,2.4390243902439024
P16-1134,0.0,6.993006993006993,55.94405594405595,0.0,0.0,9.324009324009324,0.0,11.655011655011656,0.0,0.0,0.0,0.0,16.317016317016318,62.93706293706294,18.64801864801865,289.04428904428903,6.993006993006993,0.0,9.324009324009324,0.0,2.331002331002331,0.0,0.0,16.317016317016318,6.993006993006993,0.0,0.0,0.0,9.324009324009324,0.0,0.0,0.0,0.0,6.993006993006993,0.0,0.0,0.0,2.331002331002331,114.21911421911422,79.25407925407924,6.993006993006993,37.2960372960373,0.5350467289719626,5.66588785046729,6.993006993006993,0.0,0.0,2.331002331002331,6.993006993006993,0.0,20.97902097902098,4.662004662004662,0.0,0.0,0.0,6.993006993006993,4.662004662004662,0.0,0.0,0.0,0.0,0.0,2.331002331002331,13.986013986013987,2.331002331002331,0.0,0.0
P16-1155,0.0,4.914004914004914,56.511056511056516,9.828009828009828,0.0,4.914004914004914,0.0,4.914004914004914,7.371007371007371,4.914004914004914,0.0,0.0,22.11302211302211,36.85503685503686,12.285012285012284,289.92628992628994,9.828009828009828,0.0,19.656019656019655,0.0,2.457002457002457,0.0,0.0,19.656019656019655,7.371007371007371,0.0,2.457002457002457,0.0,7.371007371007371,0.0,0.0,0.0,0.0,2.457002457002457,0.0,0.0,0.0,4.914004914004914,103.19410319410319,103.19410319410319,2.457002457002457,66.33906633906633,0.5640394088669951,5.869458128078818,4.914004914004914,2.457002457002457,0.0,0.0,2.457002457002457,0.0,9.828009828009828,7.371007371007371,4.914004914004914,0.0,0.0,7.371007371007371,4.914004914004914,0.0,0.0,0.0,0.0,4.914004914004914,12.285012285012284,14.742014742014742,2.457002457002457,0.0,4.914004914004914
P16-1182,0.0,4.914004914004914,56.511056511056516,4.914004914004914,0.0,9.828009828009828,0.0,9.828009828009828,4.914004914004914,0.0,0.0,0.0,17.1990171990172,78.62407862407862,2.457002457002457,230.95823095823096,4.914004914004914,0.0,12.285012285012284,2.457002457002457,2.457002457002457,2.457002457002457,2.457002457002457,17.1990171990172,2.457002457002457,0.0,0.0,0.0,12.285012285012284,0.0,0.0,0.0,0.0,0.0,0.0,0.0,0.0,4.914004914004914,130.2211302211302,103.19410319410319,2.457002457002457,54.054054054054056,0.5651105651105651,5.985257985257985,9.828009828009828,0.0,0.0,0.0,9.828009828009828,0.0,19.656019656019655,14.742014742014742,0.0,0.0,0.0,9.828009828009828,2.457002457002457,0.0,0.0,0.0,0.0,2.457002457002457,7.371007371007371,24.570024570024568,0.0,0.0,4.914004914004914
P16-1194,0.0,2.487562189054726,59.701492537313435,2.487562189054726,0.0,9.950248756218905,0.0,0.0,9.950248756218905,4.975124378109452,0.0,0.0,9.950248756218905,34.82587064676617,9.950248756218905,318.40796019900495,2.487562189054726,2.487562189054726,12.437810945273633,0.0,2.487562189054726,0.0,0.0,12.437810945273633,7.462686567164179,2.487562189054726,2.487562189054726,0.0,7.462686567164179,0.0,0.0,0.0,0.0,2.487562189054726,0.0,0.0,0.0,2.487562189054726,121.8905472636816,94.5273631840796,4.975124378109452,27.36318407960199,0.5311720698254364,5.967581047381546,2.487562189054726,2.487562189054726,0.0,0.0,4.975124378109452,0.0,14.925373134328359,2.487562189054726,0.0,0.0,0.0,7.462686567164179,7.462686567164179,0.0,0.0,0.0,0.0,0.0,0.0,17.412935323383085,2.487562189054726,0.0,2.487562189054726
P17-1079,0.0,2.4330900243309004,63.26034063260341,0.0,0.0,7.299270072992701,0.0,2.4330900243309004,0.0,4.866180048661801,0.0,0.0,12.165450121654501,43.79562043795621,4.866180048661801,284.6715328467153,7.299270072992701,4.866180048661801,12.165450121654501,0.0,7.299270072992701,0.0,0.0,17.0316301703163,9.732360097323602,0.0,0.0,2.4330900243309004,4.866180048661801,0.0,0.0,0.0,0.0,4.866180048661801,0.0,0.0,0.0,12.165450121654501,119.2214111922141,87.59124087591242,7.299270072992701,38.929440389294406,0.5183374083129584,5.687041564792176,2.4330900243309004,2.4330900243309004,0.0,0.0,0.0,0.0,14.598540145985401,4.866180048661801,0.0,0.0,2.4330900243309004,9.732360097323602,14.598540145985401,0.0,0.0,4.866180048661801,0.0,2.4330900243309004,4.866180048661801,9.732360097323602,2.4330900243309004,0.0,2.4330900243309004
P18-1006,0.0,4.716981132075471,49.528301886792455,0.0,0.0,2.3584905660377355,0.0,0.0,2.3584905660377355,0.0,0.0,0.0,16.50943396226415,58.9622641509434,4.716981132075471,316.0377358490566,4.716981132075471,0.0,16.50943396226415,0.0,2.3584905660377355,0.0,0.0,11.79245283018868,9.433962264150942,0.0,0.0,0.0,0.0,0.0,0.0,0.0,0.0,2.3584905660377355,0.0,0.0,0.0,4.716981132075471,139.1509433962264,84.90566037735849,4.716981132075471,61.320754716981135,0.44285714285714284,5.507142857142857,7.0754716981132075,2.3584905660377355,0.0,0.0,2.3584905660377355,0.0,14.150943396226415,2.3584905660377355,0.0,0.0,0.0,7.0754716981132075,7.0754716981132075,0.0,0.0,0.0,2.3584905660377355,2.3584905660377355,7.0754716981132075,7.0754716981132075,0.0,0.0,2.3584905660377355
P18-1040,0.0,9.592326139088728,62.35011990407674,0.0,0.0,14.388489208633095,0.0,4.796163069544364,2.398081534772182,0.0,0.0,0.0,14.388489208633095,52.75779376498801,14.388489208633095,270.9832134292566,2.398081534772182,2.398081534772182,11.990407673860911,2.398081534772182,2.398081534772182,0.0,0.0,7.194244604316547,7.194244604316547,2.398081534772182,0.0,2.398081534772182,7.194244604316547,0.0,0.0,0.0,0.0,4.796163069544364,0.0,0.0,0.0,2.398081534772182,136.6906474820144,112.70983213429255,0.0,33.57314148681055,0.5544794188861986,6.019370460048426,2.398081534772182,0.0,0.0,0.0,7.194244604316547,0.0,11.990407673860911,0.0,0.0,0.0,0.0,7.194244604316547,7.194244604316547,0.0,0.0,0.0,0.0,0.0,0.0,14.388489208633095,0.0,0.0,0.0
P18-1056,0.0,9.456264775413711,49.64539007092199,0.0,0.0,9.456264775413711,0.0,11.82033096926714,0.0,0.0,0.0,2.3640661938534278,11.82033096926714,44.917257683215134,14.184397163120567,231.67848699763593,7.092198581560283,7.092198581560283,4.7281323877068555,0.0,11.82033096926714,0.0,4.7281323877068555,7.092198581560283,4.7281323877068555,0.0,2.3640661938534278,4.7281323877068555,2.3640661938534278,0.0,0.0,0.0,0.0,2.3640661938534278,0.0,0.0,0.0,0.0,130.02364066193851,141.84397163120568,0.0,52.009456264775416,0.5605700712589073,6.085510688836105,9.456264775413711,0.0,0.0,0.0,11.82033096926714,0.0,14.184397163120567,11.82033096926714,4.7281323877068555,0.0,7.092198581560283,18.912529550827422,4.7281323877068555,0.0,0.0,0.0,0.0,0.0,11.82033096926714,18.912529550827422,2.3640661938534278,0.0,0.0
P18-1145,0.0,2.4691358024691357,54.32098765432099,4.938271604938271,0.0,2.4691358024691357,0.0,2.4691358024691357,0.0,0.0,0.0,0.0,12.345679012345679,59.25925925925926,2.4691358024691357,308.641975308642,7.407407407407407,2.4691358024691357,7.407407407407407,0.0,0.0,0.0,0.0,9.876543209876543,2.4691358024691357,0.0,7.407407407407407,2.4691358024691357,4.938271604938271,0.0,0.0,0.0,0.0,4.938271604938271,0.0,0.0,0.0,2.4691358024691357,125.92592592592591,96.29629629629629,0.0,59.25925925925926,0.5298507462686567,5.893034825870647,4.938271604938271,2.4691358024691357,0.0,0.0,2.4691358024691357,0.0,12.345679012345679,4.938271604938271,0.0,0.0,0.0,7.407407407407407,4.938271604938271,0.0,0.0,0.0,0.0,0.0,2.4691358024691357,19.753086419753085,0.0,0.0,4.938271604938271
P18-1150,0.0,4.750593824228028,64.13301662707839,0.0,0.0,16.6270783847981,0.0,4.750593824228028,14.251781472684087,0.0,0.0,2.375296912114014,16.6270783847981,45.13064133016627,9.501187648456057,254.15676959619955,2.375296912114014,0.0,14.251781472684087,0.0,4.750593824228028,0.0,0.0,14.251781472684087,11.876484560570072,0.0,7.125890736342043,0.0,11.876484560570072,0.0,0.0,0.0,0.0,4.750593824228028,0.0,0.0,0.0,9.501187648456057,123.51543942992873,97.38717339667458,7.125890736342043,47.50593824228029,0.5095238095238095,5.6119047619047615,2.375296912114014,2.375296912114014,0.0,0.0,7.125890736342043,0.0,14.251781472684087,4.750593824228028,0.0,0.0,0.0,9.501187648456057,7.125890736342043,0.0,0.0,0.0,0.0,0.0,2.375296912114014,16.6270783847981,2.375296912114014,0.0,2.375296912114014
P18-1161,0.0,2.3923444976076556,62.20095693779904,2.3923444976076556,0.0,11.961722488038278,0.0,2.3923444976076556,4.784688995215311,2.3923444976076556,0.0,0.0,14.354066985645934,33.49282296650718,4.784688995215311,265.55023923444975,9.569377990430622,0.0,14.354066985645934,0.0,2.3923444976076556,0.0,0.0,14.354066985645934,2.3923444976076556,0.0,4.784688995215311,0.0,2.3923444976076556,0.0,0.0,0.0,0.0,2.3923444976076556,0.0,0.0,0.0,2.3923444976076556,129.1866028708134,83.73205741626795,4.784688995215311,74.16267942583733,0.5443645083932853,5.503597122302159,9.569377990430622,4.784688995215311,0.0,0.0,7.177033492822967,0.0,9.569377990430622,4.784688995215311,0.0,0.0,0.0,4.784688995215311,2.3923444976076556,0.0,0.0,0.0,0.0,0.0,4.784688995215311,21.5311004784689,0.0,0.0,7.177033492822967
P18-1162,0.0,2.34192037470726,58.5480093676815,2.34192037470726,0.0,9.36768149882904,0.0,4.68384074941452,14.05152224824356,2.34192037470726,0.0,0.0,11.7096018735363,74.94145199063232,4.68384074941452,266.97892271662766,9.36768149882904,0.0,9.36768149882904,0.0,2.34192037470726,0.0,0.0,9.36768149882904,7.02576112412178,0.0,4.68384074941452,0.0,4.68384074941452,0.0,0.0,0.0,0.0,2.34192037470726,0.0,0.0,0.0,2.34192037470726,126.46370023419203,60.88992974238876,4.68384074941452,37.47072599531616,0.528169014084507,5.553990610328638,4.68384074941452,2.34192037470726,0.0,0.0,4.68384074941452,0.0,11.7096018735363,2.34192037470726,2.34192037470726,2.34192037470726,0.0,9.36768149882904,4.68384074941452,0.0,0.0,2.34192037470726,0.0,2.34192037470726,4.68384074941452,18.73536299765808,0.0,0.0,2.34192037470726
P18-1183,0.0,9.732360097323602,55.961070559610704,2.4330900243309004,0.0,17.0316301703163,0.0,4.866180048661801,2.4330900243309004,7.299270072992701,0.0,0.0,17.0316301703163,65.69343065693431,7.299270072992701,253.04136253041364,2.4330900243309004,0.0,9.732360097323602,0.0,0.0,0.0,0.0,19.464720194647203,7.299270072992701,0.0,2.4330900243309004,0.0,12.165450121654501,0.0,0.0,0.0,0.0,4.866180048661801,0.0,0.0,0.0,4.866180048661801,111.92214111922141,150.85158150851584,2.4330900243309004,46.228710462287104,0.5693430656934306,6.043795620437956,7.299270072992701,0.0,0.0,0.0,4.866180048661801,0.0,9.732360097323602,4.866180048661801,0.0,0.0,4.866180048661801,4.866180048661801,7.299270072992701,0.0,0.0,0.0,0.0,2.4330900243309004,4.866180048661801,14.598540145985401,0.0,0.0,2.4330900243309004
P18-1192,0.0,14.388489208633095,57.55395683453238,0.0,2.398081534772182,14.388489208633095,0.0,2.398081534772182,4.796163069544364,0.0,0.0,0.0,4.796163069544364,52.75779376498801,14.388489208633095,273.3812949640288,4.796163069544364,0.0,11.990407673860911,0.0,7.194244604316547,0.0,0.0,11.990407673860911,4.796163069544364,0.0,0.0,0.0,4.796163069544364,0.0,0.0,0.0,0.0,0.0,0.0,0.0,2.398081534772182,7.194244604316547,127.09832134292564,112.70983213429255,2.398081534772182,47.961630695443645,0.5641646489104116,5.907990314769976,4.796163069544364,0.0,0.0,0.0,7.194244604316547,0.0,19.184652278177456,4.796163069544364,0.0,0.0,4.796163069544364,11.990407673860911,11.990407673860911,0.0,0.0,0.0,0.0,0.0,0.0,11.990407673860911,2.398081534772182,0.0,4.796163069544364
P18-1236,0.0,2.506265664160401,65.16290726817043,0.0,0.0,0.0,0.0,0.0,2.506265664160401,5.012531328320802,0.0,0.0,20.050125313283207,67.66917293233082,2.506265664160401,285.7142857142857,12.531328320802004,2.506265664160401,17.543859649122805,2.506265664160401,2.506265664160401,0.0,0.0,17.543859649122805,7.518796992481203,0.0,10.025062656641603,0.0,5.012531328320802,0.0,0.0,0.0,0.0,5.012531328320802,0.0,0.0,0.0,5.012531328320802,105.26315789473684,72.68170426065163,10.025062656641603,60.150375939849624,0.556390977443609,5.864661654135339,5.012531328320802,2.506265664160401,0.0,0.0,0.0,0.0,10.025062656641603,5.012531328320802,0.0,0.0,2.506265664160401,7.518796992481203,2.506265664160401,0.0,0.0,0.0,0.0,2.506265664160401,10.025062656641603,30.075187969924812,0.0,2.506265664160401,7.518796992481203
C10-1019,0.0,4.901960784313726,68.62745098039217,0.0,2.450980392156863,14.705882352941176,0.0,7.352941176470588,2.450980392156863,2.450980392156863,0.0,0.0,19.607843137254903,39.21568627450981,14.705882352941176,281.8627450980392,12.254901960784313,2.450980392156863,12.254901960784313,2.450980392156863,4.901960784313726,0.0,0.0,9.803921568627452,7.352941176470588,0.0,2.450980392156863,0.0,9.803921568627452,0.0,0.0,0.0,0.0,0.0,0.0,0.0,0.0,2.450980392156863,127.45098039215685,95.58823529411764,2.450980392156863,53.92156862745098,0.5552825552825553,5.823095823095823,12.254901960784313,0.0,0.0,2.450980392156863,4.901960784313726,0.0,9.803921568627452,9.803921568627452,0.0,0.0,0.0,7.352941176470588,4.901960784313726,0.0,0.0,0.0,0.0,2.450980392156863,4.901960784313726,2.450980392156863,0.0,0.0,2.450980392156863
C10-1060,0.0,9.433962264150942,61.320754716981135,0.0,0.0,11.79245283018868,0.0,11.79245283018868,2.3584905660377355,2.3584905660377355,0.0,0.0,14.150943396226415,73.11320754716981,7.0754716981132075,271.22641509433964,2.3584905660377355,0.0,14.150943396226415,0.0,9.433962264150942,0.0,0.0,4.716981132075471,9.433962264150942,0.0,2.3584905660377355,4.716981132075471,7.0754716981132075,0.0,0.0,0.0,0.0,2.3584905660377355,0.0,0.0,0.0,7.0754716981132075,129.71698113207546,122.64150943396227,2.3584905660377355,44.81132075471698,0.557919621749409,6.404255319148936,4.716981132075471,4.716981132075471,0.0,0.0,0.0,0.0,14.150943396226415,7.0754716981132075,0.0,0.0,4.716981132075471,11.79245283018868,4.716981132075471,0.0,0.0,2.3584905660377355,0.0,0.0,4.716981132075471,11.79245283018868,0.0,0.0,4.716981132075471
C10-1152,0.0,4.962779156327543,64.51612903225806,0.0,2.4813895781637716,27.29528535980149,0.0,0.0,2.4813895781637716,0.0,0.0,0.0,17.3697270471464,71.96029776674938,12.40694789081886,233.25062034739454,4.962779156327543,0.0,9.925558312655086,0.0,4.962779156327543,0.0,0.0,17.3697270471464,4.962779156327543,0.0,9.925558312655086,0.0,7.444168734491315,0.0,0.0,0.0,0.0,7.444168734491315,0.0,0.0,0.0,2.4813895781637716,116.62531017369727,124.06947890818859,0.0,44.66501240694789,0.5583126550868487,6.188585607940446,2.4813895781637716,2.4813895781637716,0.0,0.0,4.962779156327543,0.0,19.851116625310173,2.4813895781637716,0.0,0.0,0.0,9.925558312655086,7.444168734491315,0.0,0.0,0.0,0.0,0.0,4.962779156327543,12.40694789081886,0.0,0.0,2.4813895781637716
C12-1038,0.0,2.4752475247524752,49.504950495049506,0.0,0.0,17.32673267326733,0.0,2.4752475247524752,0.0,0.0,0.0,0.0,14.85148514851485,96.53465346534654,9.900990099009901,235.14851485148515,7.425742574257425,2.4752475247524752,7.425742574257425,0.0,4.9504950495049505,0.0,0.0,14.85148514851485,9.900990099009901,0.0,4.9504950495049505,2.4752475247524752,7.425742574257425,0.0,0.0,0.0,0.0,0.0,0.0,0.0,0.0,0.0,143.56435643564356,91.58415841584159,0.0,64.35643564356435,0.571072319201995,5.947630922693267,4.9504950495049505,0.0,0.0,0.0,9.900990099009901,0.0,19.801980198019802,2.4752475247524752,0.0,0.0,4.9504950495049505,7.425742574257425,4.9504950495049505,0.0,0.0,0.0,0.0,2.4752475247524752,7.425742574257425,29.7029702970297,0.0,0.0,4.9504950495049505
C12-1075,0.0,4.7281323877068555,59.1016548463357,0.0,2.3640661938534278,16.548463356973993,0.0,7.092198581560283,2.3640661938534278,0.0,0.0,0.0,18.912529550827422,47.28132387706856,0.0,255.3191489361702,4.7281323877068555,0.0,9.456264775413711,0.0,2.3640661938534278,0.0,0.0,11.82033096926714,9.456264775413711,2.3640661938534278,0.0,0.0,11.82033096926714,0.0,0.0,0.0,0.0,4.7281323877068555,0.0,0.0,0.0,4.7281323877068555,120.56737588652481,122.93144208037825,0.0,54.37352245862884,0.5095693779904307,5.952153110047847,7.092198581560283,4.7281323877068555,0.0,4.7281323877068555,4.7281323877068555,0.0,16.548463356973993,2.3640661938534278,0.0,0.0,2.3640661938534278,9.456264775413711,11.82033096926714,0.0,0.0,0.0,0.0,2.3640661938534278,2.3640661938534278,7.092198581560283,0.0,0.0,7.092198581560283
C12-1128,0.0,2.403846153846154,52.88461538461539,2.403846153846154,0.0,24.03846153846154,0.0,0.0,2.403846153846154,0.0,0.0,0.0,21.634615384615383,72.11538461538461,4.807692307692308,242.78846153846155,12.01923076923077,0.0,4.807692307692308,0.0,4.807692307692308,0.0,0.0,19.230769230769234,0.0,0.0,4.807692307692308,2.403846153846154,12.01923076923077,0.0,0.0,0.0,0.0,2.403846153846154,0.0,0.0,0.0,2.403846153846154,141.82692307692307,108.17307692307693,2.403846153846154,38.46153846153847,0.5180722891566265,5.9228915662650605,4.807692307692308,2.403846153846154,0.0,0.0,2.403846153846154,0.0,14.423076923076923,12.01923076923077,2.403846153846154,0.0,4.807692307692308,7.211538461538462,2.403846153846154,0.0,0.0,0.0,0.0,0.0,2.403846153846154,14.423076923076923,0.0,0.0,4.807692307692308
C12-1129,0.0,2.398081534772182,79.13669064748201,0.0,0.0,26.378896882494004,0.0,0.0,4.796163069544364,0.0,0.0,0.0,19.184652278177456,93.52517985611512,7.194244604316547,201.4388489208633,2.398081534772182,0.0,23.980815347721823,0.0,7.194244604316547,0.0,0.0,14.388489208633095,7.194244604316547,0.0,0.0,0.0,14.388489208633095,0.0,0.0,0.0,0.0,4.796163069544364,0.0,0.0,0.0,9.592326139088728,98.32134292565947,98.32134292565947,9.592326139088728,59.95203836930456,0.5555555555555556,6.091787439613527,4.796163069544364,4.796163069544364,0.0,0.0,2.398081534772182,0.0,14.388489208633095,4.796163069544364,0.0,0.0,0.0,9.592326139088728,2.398081534772182,0.0,0.0,0.0,0.0,2.398081534772182,2.398081534772182,19.184652278177456,7.194244604316547,0.0,7.194244604316547
C14-1034,9.523809523809526,4.761904761904763,54.76190476190476,0.0,0.0,16.666666666666668,0.0,0.0,9.523809523809526,2.3809523809523814,0.0,0.0,11.904761904761903,76.1904761904762,4.761904761904763,266.6666666666667,9.523809523809526,0.0,14.285714285714285,0.0,7.142857142857142,0.0,4.761904761904763,11.904761904761903,0.0,0.0,9.523809523809526,2.3809523809523814,4.761904761904763,0.0,0.0,0.0,0.0,0.0,0.0,0.0,0.0,4.761904761904763,114.28571428571428,92.85714285714286,4.761904761904763,33.333333333333336,0.5314009661835749,6.057971014492754,4.761904761904763,0.0,0.0,0.0,2.3809523809523814,0.0,16.666666666666668,4.761904761904763,0.0,0.0,0.0,19.04761904761905,4.761904761904763,0.0,0.0,0.0,0.0,2.3809523809523814,4.761904761904763,14.285714285714285,0.0,0.0,2.3809523809523814
C14-1083,0.0,7.389162561576354,66.50246305418719,0.0,0.0,24.630541871921185,0.0,4.926108374384237,4.926108374384237,0.0,0.0,0.0,14.778325123152708,39.40886699507389,2.4630541871921183,285.7142857142857,0.0,0.0,9.852216748768473,0.0,2.4630541871921183,0.0,0.0,19.704433497536947,9.852216748768473,0.0,0.0,0.0,14.778325123152708,0.0,0.0,0.0,0.0,0.0,0.0,2.4630541871921183,0.0,4.926108374384237,108.37438423645321,78.81773399014779,0.0,59.11330049261083,0.5618811881188119,5.655940594059406,4.926108374384237,2.4630541871921183,0.0,0.0,12.315270935960593,0.0,12.315270935960593,4.926108374384237,0.0,0.0,2.4630541871921183,4.926108374384237,4.926108374384237,0.0,0.0,0.0,0.0,0.0,0.0,17.241379310344826,2.4630541871921183,0.0,2.4630541871921183
C14-1109,0.0,4.866180048661801,55.961070559610704,4.866180048661801,2.4330900243309004,14.598540145985401,0.0,2.4330900243309004,0.0,0.0,0.0,0.0,19.464720194647203,43.79562043795621,0.0,260.34063260340633,4.866180048661801,0.0,7.299270072992701,0.0,2.4330900243309004,0.0,2.4330900243309004,17.0316301703163,2.4330900243309004,2.4330900243309004,0.0,0.0,7.299270072992701,0.0,0.0,0.0,0.0,4.866180048661801,0.0,0.0,0.0,2.4330900243309004,121.65450121654501,72.992700729927,4.866180048661801,65.69343065693431,0.5609756097560976,5.6658536585365855,7.299270072992701,2.4330900243309004,0.0,0.0,7.299270072992701,0.0,19.464720194647203,12.165450121654501,0.0,0.0,0.0,7.299270072992701,9.732360097323602,0.0,0.0,2.4330900243309004,0.0,0.0,7.299270072992701,29.197080291970803,4.866180048661801,0.0,4.866180048661801
C14-1161,0.0,4.68384074941452,46.8384074941452,0.0,0.0,23.4192037470726,0.0,2.34192037470726,7.02576112412178,4.68384074941452,0.0,0.0,9.36768149882904,58.5480093676815,21.07728337236534,262.29508196721315,7.02576112412178,0.0,11.7096018735363,0.0,2.34192037470726,0.0,0.0,14.05152224824356,9.36768149882904,2.34192037470726,2.34192037470726,0.0,7.02576112412178,0.0,0.0,0.0,0.0,0.0,0.0,0.0,0.0,2.34192037470726,147.54098360655738,103.04449648711945,4.68384074941452,35.128805620608894,0.5339578454332553,6.049180327868853,2.34192037470726,2.34192037470726,0.0,0.0,2.34192037470726,0.0,9.36768149882904,7.02576112412178,0.0,0.0,0.0,9.36768149882904,2.34192037470726,0.0,0.0,0.0,0.0,0.0,2.34192037470726,14.05152224824356,0.0,0.0,2.34192037470726
C14-1179,0.0,7.407407407407407,61.72839506172839,4.938271604938271,0.0,12.345679012345679,0.0,12.345679012345679,0.0,0.0,0.0,0.0,9.876543209876543,66.66666666666667,9.876543209876543,259.25925925925924,7.407407407407407,0.0,12.345679012345679,0.0,2.4691358024691357,0.0,2.4691358024691357,19.753086419753085,4.938271604938271,0.0,7.407407407407407,0.0,4.938271604938271,0.0,0.0,0.0,0.0,2.4691358024691357,0.0,0.0,0.0,7.407407407407407,118.51851851851852,108.64197530864197,2.4691358024691357,49.382716049382715,0.5456790123456791,5.935802469135803,4.938271604938271,2.4691358024691357,0.0,0.0,7.407407407407407,0.0,19.753086419753085,2.4691358024691357,0.0,0.0,0.0,4.938271604938271,9.876543209876543,0.0,0.0,0.0,0.0,0.0,0.0,12.345679012345679,2.4691358024691357,0.0,2.4691358024691357
C16-1074,0.0,6.896551724137931,48.275862068965516,0.0,0.0,13.793103448275861,0.0,0.0,2.2988505747126435,0.0,0.0,0.0,13.793103448275861,43.67816091954023,9.195402298850574,257.4712643678161,2.2988505747126435,0.0,6.896551724137931,2.2988505747126435,0.0,0.0,0.0,16.091954022988507,0.0,0.0,0.0,0.0,6.896551724137931,2.2988505747126435,0.0,0.0,0.0,2.2988505747126435,0.0,0.0,0.0,4.597701149425287,163.2183908045977,119.54022988505747,0.0,34.48275862068965,0.5126436781609195,5.613793103448276,2.2988505747126435,2.2988505747126435,0.0,0.0,6.896551724137931,0.0,20.689655172413794,2.2988505747126435,0.0,0.0,0.0,11.494252873563218,0.0,0.0,0.0,0.0,0.0,0.0,0.0,22.988505747126435,0.0,0.0,2.2988505747126435
C16-1116,0.0,4.705882352941176,61.1764705882353,0.0,0.0,0.0,0.0,7.058823529411765,4.705882352941176,0.0,0.0,0.0,18.823529411764703,77.64705882352942,7.058823529411765,237.6470588235294,21.176470588235293,2.352941176470588,9.411764705882351,0.0,2.352941176470588,0.0,0.0,18.823529411764703,9.411764705882351,0.0,0.0,0.0,7.058823529411765,0.0,0.0,0.0,0.0,7.058823529411765,0.0,0.0,0.0,2.352941176470588,120.0,87.05882352941175,7.058823529411765,40.0,0.5225653206650831,5.959619952494061,4.705882352941176,0.0,0.0,0.0,2.352941176470588,0.0,23.52941176470588,7.058823529411765,0.0,0.0,2.352941176470588,9.411764705882351,18.823529411764703,0.0,0.0,0.0,0.0,0.0,2.352941176470588,9.411764705882351,0.0,0.0,2.352941176470588
C16-1119,0.0,2.4691358024691357,54.32098765432099,2.4691358024691357,0.0,17.28395061728395,0.0,7.407407407407407,2.4691358024691357,2.4691358024691357,0.0,0.0,4.938271604938271,66.66666666666667,7.407407407407407,237.03703703703704,9.876543209876543,0.0,9.876543209876543,0.0,4.938271604938271,0.0,0.0,19.753086419753085,12.345679012345679,0.0,2.4691358024691357,2.4691358024691357,0.0,0.0,0.0,0.0,0.0,4.938271604938271,0.0,0.0,0.0,4.938271604938271,125.92592592592591,106.17283950617285,4.938271604938271,39.50617283950617,0.5149253731343284,6.0,2.4691358024691357,2.4691358024691357,0.0,0.0,7.407407407407407,0.0,9.876543209876543,0.0,0.0,0.0,2.4691358024691357,9.876543209876543,12.345679012345679,0.0,0.0,0.0,2.4691358024691357,9.876543209876543,14.814814814814815,12.345679012345679,0.0,0.0,2.4691358024691357
C16-1181,2.4154589371980677,7.246376811594203,57.971014492753625,0.0,0.0,19.32367149758454,0.0,2.4154589371980677,7.246376811594203,0.0,0.0,0.0,14.492753623188406,79.71014492753622,2.4154589371980677,239.13043478260872,0.0,0.0,9.66183574879227,0.0,0.0,0.0,0.0,21.73913043478261,7.246376811594203,0.0,2.4154589371980677,0.0,9.66183574879227,0.0,0.0,0.0,0.0,0.0,0.0,0.0,0.0,4.830917874396135,147.34299516908212,96.61835748792271,7.246376811594203,41.06280193236715,0.5169082125603864,5.966183574879227,7.246376811594203,2.4154589371980677,0.0,0.0,2.4154589371980677,0.0,16.908212560386474,2.4154589371980677,0.0,0.0,4.830917874396135,7.246376811594203,0.0,0.0,0.0,0.0,0.0,2.4154589371980677,2.4154589371980677,19.32367149758454,7.246376811594203,0.0,4.830917874396135
C16-1225,0.0,12.048192771084338,53.01204819277108,2.4096385542168677,0.0,12.048192771084338,0.0,7.228915662650603,0.0,0.0,0.0,0.0,7.228915662650603,137.34939759036143,0.0,214.4578313253012,4.819277108433735,2.4096385542168677,0.0,0.0,2.4096385542168677,0.0,0.0,9.63855421686747,0.0,0.0,4.819277108433735,0.0,2.4096385542168677,2.4096385542168677,0.0,0.0,2.4096385542168677,0.0,0.0,2.4096385542168677,0.0,2.4096385542168677,134.93975903614458,154.21686746987953,0.0,31.32530120481928,0.5349397590361445,6.2457831325301205,2.4096385542168677,2.4096385542168677,0.0,0.0,0.0,0.0,12.048192771084338,2.4096385542168677,0.0,0.0,0.0,9.63855421686747,7.228915662650603,0.0,0.0,0.0,0.0,0.0,2.4096385542168677,4.819277108433735,2.4096385542168677,0.0,2.4096385542168677
C16-1236,2.4390243902439024,2.4390243902439024,63.41463414634146,2.4390243902439024,0.0,21.95121951219512,0.0,7.317073170731708,0.0,2.4390243902439024,0.0,0.0,12.195121951219512,65.85365853658537,4.878048780487805,243.90243902439025,17.073170731707318,0.0,12.195121951219512,0.0,4.878048780487805,0.0,0.0,29.26829268292683,2.4390243902439024,0.0,4.878048780487805,0.0,7.317073170731708,0.0,0.0,0.0,0.0,4.878048780487805,0.0,0.0,0.0,0.0,107.3170731707317,100.0,4.878048780487805,48.78048780487805,0.5098039215686274,5.8504901960784315,9.75609756097561,2.4390243902439024,0.0,0.0,7.317073170731708,0.0,14.634146341463415,7.317073170731708,0.0,0.0,0.0,7.317073170731708,12.195121951219512,0.0,0.0,0.0,0.0,2.4390243902439024,7.317073170731708,9.75609756097561,2.4390243902439024,0.0,7.317073170731708
C16-1253,0.0,0.0,56.09756097560976,4.878048780487805,2.4390243902439024,4.878048780487805,0.0,2.4390243902439024,2.4390243902439024,0.0,0.0,0.0,9.75609756097561,56.09756097560976,26.829268292682926,304.8780487804878,4.878048780487805,0.0,7.317073170731708,0.0,2.4390243902439024,0.0,0.0,17.073170731707318,14.634146341463415,0.0,2.4390243902439024,0.0,9.75609756097561,0.0,0.0,0.0,0.0,0.0,0.0,0.0,0.0,4.878048780487805,136.58536585365854,121.95121951219512,2.4390243902439024,29.26829268292683,0.5525672371638142,5.995110024449878,2.4390243902439024,2.4390243902439024,0.0,0.0,4.878048780487805,0.0,14.634146341463415,0.0,0.0,0.0,0.0,12.195121951219512,7.317073170731708,0.0,0.0,0.0,0.0,4.878048780487805,4.878048780487805,21.95121951219512,0.0,0.0,2.4390243902439024
C16-1301,0.0,7.481296758104738,52.36907730673317,0.0,0.0,14.962593516209475,0.0,2.493765586034913,7.481296758104738,0.0,0.0,0.0,12.468827930174564,44.88778054862843,24.93765586034913,309.2269326683292,4.987531172069826,0.0,7.481296758104738,0.0,4.987531172069826,0.0,2.493765586034913,12.468827930174564,7.481296758104738,0.0,4.987531172069826,0.0,0.0,0.0,0.0,0.0,0.0,4.987531172069826,0.0,0.0,0.0,0.0,142.14463840399003,69.82543640897755,0.0,62.34413965087282,0.5566750629722922,5.730478589420655,4.987531172069826,0.0,0.0,0.0,7.481296758104738,0.0,17.456359102244388,12.468827930174564,0.0,0.0,2.493765586034913,7.481296758104738,4.987531172069826,0.0,0.0,0.0,0.0,0.0,9.975062344139651,12.468827930174564,2.493765586034913,0.0,2.493765586034913
C16-1303,0.0,4.962779156327543,54.59057071960298,0.0,0.0,9.925558312655086,0.0,7.444168734491315,4.962779156327543,2.4813895781637716,0.0,0.0,12.40694789081886,54.59057071960298,7.444168734491315,258.06451612903226,2.4813895781637716,2.4813895781637716,7.444168734491315,0.0,2.4813895781637716,0.0,0.0,19.851116625310173,9.925558312655086,0.0,2.4813895781637716,2.4813895781637716,2.4813895781637716,0.0,0.0,0.0,0.0,9.925558312655086,0.0,0.0,0.0,0.0,129.03225806451613,129.03225806451613,4.962779156327543,42.183622828784124,0.5248756218905473,5.922885572139304,2.4813895781637716,2.4813895781637716,0.0,0.0,7.444168734491315,0.0,7.444168734491315,2.4813895781637716,0.0,0.0,2.4813895781637716,7.444168734491315,0.0,0.0,0.0,0.0,0.0,2.4813895781637716,7.444168734491315,27.29528535980149,2.4813895781637716,0.0,2.4813895781637716
C18-1016,0.0,2.457002457002457,61.42506142506143,0.0,2.457002457002457,4.914004914004914,0.0,2.457002457002457,7.371007371007371,2.457002457002457,0.0,0.0,14.742014742014742,90.9090909090909,9.828009828009828,243.24324324324326,12.285012285012284,0.0,0.0,0.0,7.371007371007371,0.0,0.0,17.1990171990172,7.371007371007371,0.0,4.914004914004914,2.457002457002457,12.285012285012284,0.0,0.0,0.0,0.0,0.0,0.0,0.0,0.0,2.457002457002457,105.65110565110565,103.19410319410319,0.0,41.76904176904177,0.5209876543209877,6.009876543209876,4.914004914004914,0.0,0.0,2.457002457002457,4.914004914004914,0.0,7.371007371007371,7.371007371007371,0.0,2.457002457002457,7.371007371007371,22.11302211302211,12.285012285012284,0.0,0.0,0.0,2.457002457002457,2.457002457002457,4.914004914004914,24.570024570024568,0.0,0.0,2.457002457002457
C18-1110,0.0,2.444987775061125,66.01466992665037,0.0,0.0,9.7799511002445,0.0,0.0,2.444987775061125,2.444987775061125,0.0,0.0,19.559902200489,66.01466992665037,9.7799511002445,264.0586797066015,7.334963325183374,0.0,9.7799511002445,0.0,4.88997555012225,0.0,0.0,17.114914425427873,7.334963325183374,0.0,2.444987775061125,0.0,7.334963325183374,0.0,0.0,0.0,0.0,9.7799511002445,0.0,0.0,0.0,2.444987775061125,114.91442542787286,88.0195599022005,9.7799511002445,48.8997555012225,0.5615763546798029,6.300492610837439,4.88997555012225,2.444987775061125,0.0,0.0,7.334963325183374,0.0,12.224938875305625,2.444987775061125,0.0,0.0,0.0,17.114914425427873,9.7799511002445,0.0,0.0,0.0,0.0,4.88997555012225,9.7799511002445,14.669926650366747,0.0,0.0,2.444987775061125
C18-1140,0.0,4.88997555012225,58.67970660146699,7.334963325183374,2.444987775061125,9.7799511002445,0.0,2.444987775061125,0.0,2.444987775061125,0.0,0.0,12.224938875305625,51.344743276283616,46.45476772616137,249.38875305623472,2.444987775061125,0.0,2.444987775061125,0.0,4.88997555012225,0.0,0.0,12.224938875305625,9.7799511002445,2.444987775061125,0.0,0.0,7.334963325183374,0.0,0.0,0.0,0.0,0.0,0.0,0.0,0.0,2.444987775061125,117.35941320293398,107.57946210268948,0.0,46.45476772616137,0.5367647058823529,6.176470588235294,4.88997555012225,4.88997555012225,0.0,2.444987775061125,7.334963325183374,0.0,22.004889975550125,4.88997555012225,0.0,0.0,2.444987775061125,9.7799511002445,9.7799511002445,0.0,0.0,0.0,0.0,0.0,4.88997555012225,22.004889975550125,2.444987775061125,2.444987775061125,4.88997555012225
C18-1173,0.0,2.450980392156863,51.470588235294116,4.901960784313726,0.0,12.254901960784313,0.0,2.450980392156863,2.450980392156863,0.0,0.0,0.0,9.803921568627452,80.88235294117648,12.254901960784313,272.05882352941177,0.0,0.0,2.450980392156863,0.0,2.450980392156863,0.0,0.0,14.705882352941176,7.352941176470588,0.0,0.0,0.0,4.901960784313726,0.0,0.0,0.0,0.0,4.901960784313726,0.0,0.0,0.0,7.352941176470588,112.74509803921569,122.54901960784314,2.450980392156863,39.21568627450981,0.5325,6.0575,7.352941176470588,0.0,0.0,0.0,4.901960784313726,0.0,14.705882352941176,7.352941176470588,0.0,0.0,2.450980392156863,7.352941176470588,7.352941176470588,0.0,0.0,0.0,0.0,4.901960784313726,9.803921568627452,24.509803921568626,0.0,0.0,0.0
C18-1175,0.0,4.796163069544364,43.16546762589928,7.194244604316547,2.398081534772182,4.796163069544364,0.0,0.0,2.398081534772182,2.398081534772182,0.0,0.0,16.786570743405274,50.35971223021583,11.990407673860911,282.9736211031175,4.796163069544364,2.398081534772182,9.592326139088728,0.0,0.0,0.0,0.0,31.17505995203837,14.388489208633095,0.0,2.398081534772182,0.0,4.796163069544364,0.0,0.0,0.0,0.0,2.398081534772182,0.0,0.0,0.0,4.796163069544364,117.50599520383693,91.12709832134293,4.796163069544364,59.95203836930456,0.563855421686747,5.96144578313253,7.194244604316547,2.398081534772182,0.0,0.0,4.796163069544364,0.0,11.990407673860911,11.990407673860911,0.0,0.0,4.796163069544364,2.398081534772182,9.592326139088728,0.0,0.0,0.0,0.0,7.194244604316547,14.388489208633095,23.980815347721823,0.0,0.0,2.398081534772182
C18-1263,0.0,9.900990099009901,56.93069306930693,7.425742574257425,0.0,19.801980198019802,0.0,2.4752475247524752,2.4752475247524752,2.4752475247524752,0.0,0.0,19.801980198019802,51.980198019801975,14.85148514851485,292.07920792079204,2.4752475247524752,2.4752475247524752,7.425742574257425,0.0,4.9504950495049505,0.0,0.0,17.32673267326733,2.4752475247524752,0.0,0.0,0.0,4.9504950495049505,0.0,0.0,0.0,0.0,7.425742574257425,0.0,0.0,0.0,7.425742574257425,136.13861386138615,99.00990099009901,2.4752475247524752,49.504950495049506,0.49257425742574257,5.930693069306931,4.9504950495049505,0.0,0.0,0.0,4.9504950495049505,0.0,7.425742574257425,7.425742574257425,0.0,0.0,2.4752475247524752,4.9504950495049505,12.376237623762377,0.0,0.0,0.0,0.0,0.0,9.900990099009901,22.277227722772277,0.0,0.0,0.0
C18-1265,0.0,4.866180048661801,55.961070559610704,2.4330900243309004,0.0,19.464720194647203,0.0,9.732360097323602,0.0,0.0,0.0,0.0,17.0316301703163,38.929440389294406,4.866180048661801,277.37226277372264,0.0,2.4330900243309004,9.732360097323602,0.0,2.4330900243309004,0.0,0.0,14.598540145985401,7.299270072992701,2.4330900243309004,4.866180048661801,0.0,4.866180048661801,0.0,0.0,0.0,0.0,2.4330900243309004,0.0,0.0,0.0,4.866180048661801,107.0559610705596,102.18978102189782,2.4330900243309004,65.69343065693431,0.571078431372549,5.921568627450981,9.732360097323602,2.4330900243309004,0.0,2.4330900243309004,4.866180048661801,0.0,19.464720194647203,9.732360097323602,0.0,0.0,0.0,7.299270072992701,9.732360097323602,0.0,0.0,2.4330900243309004,0.0,2.4330900243309004,12.165450121654501,17.0316301703163,0.0,0.0,4.866180048661801
C18-1277,0.0,2.4691358024691357,69.1358024691358,0.0,0.0,7.407407407407407,0.0,9.876543209876543,4.938271604938271,4.938271604938271,0.0,0.0,22.22222222222222,83.95061728395062,14.814814814814815,249.38271604938274,2.4691358024691357,0.0,7.407407407407407,0.0,4.938271604938271,0.0,0.0,14.814814814814815,0.0,0.0,2.4691358024691357,0.0,14.814814814814815,0.0,0.0,0.0,0.0,4.938271604938271,2.4691358024691357,0.0,0.0,0.0,108.64197530864197,106.17283950617285,2.4691358024691357,49.382716049382715,0.5753086419753086,5.898765432098766,4.938271604938271,2.4691358024691357,0.0,0.0,2.4691358024691357,0.0,19.753086419753085,4.938271604938271,0.0,0.0,0.0,9.876543209876543,17.28395061728395,0.0,0.0,4.938271604938271,0.0,2.4691358024691357,4.938271604938271,27.160493827160494,4.938271604938271,0.0,4.938271604938271
D09-1006,0.0,2.3696682464454977,49.76303317535545,2.3696682464454977,2.3696682464454977,14.218009478672984,0.0,0.0,4.739336492890995,0.0,0.0,0.0,26.066350710900473,87.67772511848341,9.47867298578199,246.44549763033174,7.109004739336492,2.3696682464454977,7.109004739336492,0.0,7.109004739336492,0.0,0.0,11.848341232227487,9.47867298578199,0.0,7.109004739336492,2.3696682464454977,9.47867298578199,0.0,0.0,0.0,0.0,2.3696682464454977,0.0,0.0,0.0,4.739336492890995,127.96208530805686,73.45971563981043,2.3696682464454977,52.132701421800945,0.503562945368171,5.814726840855107,2.3696682464454977,0.0,0.0,0.0,9.47867298578199,0.0,11.848341232227487,16.587677725118485,0.0,0.0,7.109004739336492,4.739336492890995,4.739336492890995,0.0,0.0,0.0,0.0,0.0,0.0,16.587677725118485,2.3696682464454977,0.0,0.0
D09-1063,0.0,2.34192037470726,53.86416861826697,0.0,0.0,23.4192037470726,0.0,0.0,7.02576112412178,0.0,0.0,0.0,9.36768149882904,65.57377049180329,4.68384074941452,266.97892271662766,4.68384074941452,0.0,11.7096018735363,0.0,7.02576112412178,0.0,0.0,9.36768149882904,7.02576112412178,0.0,0.0,0.0,4.68384074941452,0.0,0.0,0.0,0.0,2.34192037470726,0.0,0.0,0.0,2.34192037470726,128.8056206088993,107.72833723653395,2.34192037470726,51.52224824355972,0.5576470588235294,5.9811764705882355,11.7096018735363,2.34192037470726,0.0,0.0,4.68384074941452,0.0,14.05152224824356,2.34192037470726,0.0,0.0,0.0,11.7096018735363,4.68384074941452,0.0,0.0,0.0,0.0,0.0,4.68384074941452,14.05152224824356,0.0,0.0,4.68384074941452
D09-1093,0.0,4.750593824228028,61.75771971496437,4.750593824228028,0.0,23.752969121140143,0.0,2.375296912114014,7.125890736342043,4.750593824228028,0.0,0.0,21.377672209026127,30.878859857482183,14.251781472684087,268.40855106888364,7.125890736342043,0.0,16.6270783847981,2.375296912114014,4.750593824228028,0.0,0.0,14.251781472684087,11.876484560570072,0.0,0.0,2.375296912114014,11.876484560570072,0.0,0.0,0.0,2.375296912114014,4.750593824228028,0.0,0.0,0.0,2.375296912114014,125.89073634204276,109.26365795724466,0.0,45.13064133016627,0.5727923627684964,5.706443914081145,2.375296912114014,0.0,0.0,2.375296912114014,2.375296912114014,0.0,9.501187648456057,4.750593824228028,0.0,0.0,2.375296912114014,4.750593824228028,7.125890736342043,0.0,0.0,0.0,0.0,4.750593824228028,7.125890736342043,26.128266033254157,2.375296912114014,0.0,4.750593824228028
D09-1116,0.0,4.651162790697675,60.46511627906977,2.3255813953488373,0.0,30.232558139534884,0.0,6.976744186046512,2.3255813953488373,0.0,0.0,0.0,18.6046511627907,60.46511627906977,11.627906976744185,253.4883720930233,2.3255813953488373,0.0,13.953488372093023,2.3255813953488373,6.976744186046512,0.0,2.3255813953488373,18.6046511627907,4.651162790697675,0.0,0.0,2.3255813953488373,13.953488372093023,0.0,0.0,0.0,0.0,2.3255813953488373,0.0,0.0,0.0,4.651162790697675,125.58139534883722,106.97674418604652,2.3255813953488373,34.883720930232556,0.5163551401869159,5.66588785046729,2.3255813953488373,0.0,0.0,0.0,6.976744186046512,0.0,11.627906976744185,2.3255813953488373,0.0,4.651162790697675,4.651162790697675,6.976744186046512,6.976744186046512,0.0,0.0,2.3255813953488373,0.0,0.0,0.0,18.6046511627907,6.976744186046512,0.0,0.0
D09-1117,2.375296912114014,7.125890736342043,68.88361045130641,9.501187648456057,0.0,14.251781472684087,0.0,0.0,2.375296912114014,0.0,0.0,0.0,14.251781472684087,54.63182897862233,19.002375296912113,266.0332541567696,2.375296912114014,2.375296912114014,16.6270783847981,0.0,11.876484560570072,0.0,0.0,4.750593824228028,7.125890736342043,0.0,2.375296912114014,0.0,9.501187648456057,0.0,0.0,0.0,0.0,4.750593824228028,0.0,0.0,0.0,2.375296912114014,144.89311163895488,78.38479809976246,2.375296912114014,47.50593824228029,0.4880952380952381,6.033333333333333,2.375296912114014,2.375296912114014,0.0,0.0,4.750593824228028,0.0,21.377672209026127,7.125890736342043,0.0,0.0,2.375296912114014,9.501187648456057,2.375296912114014,2.375296912114014,0.0,0.0,0.0,0.0,7.125890736342043,16.6270783847981,2.375296912114014,0.0,7.125890736342043
D09-1139,0.0,9.66183574879227,55.55555555555555,4.830917874396135,0.0,12.077294685990339,0.0,4.830917874396135,0.0,0.0,0.0,0.0,9.66183574879227,53.14009661835749,7.246376811594203,289.8550724637681,2.4154589371980677,0.0,7.246376811594203,2.4154589371980677,0.0,0.0,2.4154589371980677,24.154589371980677,2.4154589371980677,0.0,0.0,2.4154589371980677,0.0,0.0,0.0,0.0,0.0,0.0,0.0,0.0,0.0,4.830917874396135,135.2657004830918,99.03381642512076,0.0,57.971014492753625,0.5144927536231884,5.995169082125604,4.830917874396135,4.830917874396135,0.0,0.0,4.830917874396135,0.0,16.908212560386474,2.4154589371980677,0.0,2.4154589371980677,0.0,7.246376811594203,2.4154589371980677,0.0,0.0,0.0,0.0,2.4154589371980677,7.246376811594203,28.985507246376812,9.66183574879227,0.0,4.830917874396135
D10-1063,4.926108374384237,2.4630541871921183,68.9655172413793,0.0,0.0,17.241379310344826,0.0,4.926108374384237,7.389162561576354,2.4630541871921183,0.0,2.4630541871921183,14.778325123152708,56.65024630541872,17.241379310344826,263.54679802955667,0.0,0.0,17.241379310344826,0.0,4.926108374384237,0.0,0.0,4.926108374384237,7.389162561576354,0.0,9.852216748768473,0.0,9.852216748768473,0.0,0.0,0.0,0.0,4.926108374384237,0.0,0.0,0.0,7.389162561576354,135.4679802955665,108.37438423645321,0.0,46.79802955665024,0.535,5.7025,4.926108374384237,2.4630541871921183,0.0,0.0,14.778325123152708,0.0,27.093596059113302,0.0,0.0,0.0,2.4630541871921183,7.389162561576354,12.315270935960593,0.0,0.0,0.0,0.0,0.0,0.0,19.704433497536947,4.926108374384237,0.0,4.926108374384237
D10-1067,0.0,7.444168734491315,59.55334987593052,7.444168734491315,0.0,9.925558312655086,0.0,4.962779156327543,4.962779156327543,0.0,0.0,0.0,17.3697270471464,19.851116625310173,24.81389578163772,307.69230769230774,9.925558312655086,2.4813895781637716,7.444168734491315,2.4813895781637716,4.962779156327543,2.4813895781637716,0.0,9.925558312655086,2.4813895781637716,0.0,0.0,0.0,7.444168734491315,0.0,0.0,0.0,0.0,7.444168734491315,0.0,0.0,0.0,7.444168734491315,129.03225806451613,131.5136476426799,2.4813895781637716,44.66501240694789,0.5606060606060606,5.659090909090909,7.444168734491315,2.4813895781637716,0.0,2.4813895781637716,7.444168734491315,0.0,9.925558312655086,4.962779156327543,0.0,0.0,0.0,9.925558312655086,7.444168734491315,0.0,0.0,0.0,2.4813895781637716,0.0,4.962779156327543,4.962779156327543,2.4813895781637716,0.0,4.962779156327543
D10-1094,0.0,7.109004739336492,54.502369668246445,0.0,0.0,11.848341232227487,0.0,0.0,0.0,2.3696682464454977,0.0,0.0,14.218009478672984,71.09004739336493,7.109004739336492,241.70616113744074,9.47867298578199,0.0,11.848341232227487,0.0,2.3696682464454977,0.0,0.0,11.848341232227487,4.739336492890995,2.3696682464454977,7.109004739336492,2.3696682464454977,9.47867298578199,0.0,0.0,0.0,0.0,0.0,0.0,0.0,0.0,4.739336492890995,142.18009478672985,82.93838862559241,2.3696682464454977,45.023696682464454,0.4845605700712589,5.703087885985748,4.739336492890995,2.3696682464454977,0.0,0.0,9.47867298578199,0.0,21.32701421800948,2.3696682464454977,0.0,0.0,0.0,11.848341232227487,4.739336492890995,0.0,0.0,0.0,0.0,0.0,4.739336492890995,21.32701421800948,0.0,0.0,2.3696682464454977
D11-1030,0.0,2.4330900243309004,68.1265206812652,9.732360097323602,0.0,26.7639902676399,0.0,2.4330900243309004,0.0,4.866180048661801,0.0,0.0,19.464720194647203,24.330900243309003,2.4330900243309004,270.0729927007299,9.732360097323602,0.0,14.598540145985401,0.0,4.866180048661801,0.0,0.0,14.598540145985401,9.732360097323602,0.0,0.0,0.0,9.732360097323602,0.0,0.0,0.0,0.0,2.4330900243309004,0.0,0.0,0.0,2.4330900243309004,148.41849148418493,119.2214111922141,2.4330900243309004,58.394160583941606,0.5098039215686274,5.9338235294117645,7.299270072992701,2.4330900243309004,0.0,2.4330900243309004,2.4330900243309004,0.0,9.732360097323602,4.866180048661801,0.0,0.0,4.866180048661801,12.165450121654501,7.299270072992701,0.0,0.0,0.0,0.0,0.0,2.4330900243309004,14.598540145985401,0.0,0.0,4.866180048661801
D11-1042,0.0,7.159904534606206,52.50596658711217,0.0,0.0,14.319809069212411,0.0,21.479713603818613,0.0,0.0,0.0,0.0,14.319809069212411,114.55847255369929,4.773269689737471,224.3436754176611,2.3866348448687353,2.3866348448687353,11.933174224343675,0.0,7.159904534606206,0.0,0.0,16.706443914081145,9.546539379474941,0.0,0.0,0.0,7.159904534606206,2.3866348448687353,0.0,0.0,0.0,4.773269689737471,0.0,0.0,0.0,2.3866348448687353,138.42482100238664,102.6252983293556,7.159904534606206,33.41288782816229,0.548926014319809,6.107398568019093,2.3866348448687353,0.0,0.0,0.0,7.159904534606206,0.0,19.093078758949883,2.3866348448687353,2.3866348448687353,0.0,2.3866348448687353,11.933174224343675,4.773269689737471,0.0,0.0,0.0,0.0,0.0,0.0,9.546539379474941,2.3866348448687353,0.0,0.0
D11-1080,0.0,7.246376811594203,60.386473429951685,2.4154589371980677,0.0,19.32367149758454,0.0,0.0,12.077294685990339,2.4154589371980677,0.0,2.4154589371980677,12.077294685990339,57.971014492753625,16.908212560386474,243.96135265700482,7.246376811594203,0.0,12.077294685990339,2.4154589371980677,7.246376811594203,0.0,0.0,14.492753623188406,9.66183574879227,0.0,0.0,0.0,12.077294685990339,0.0,0.0,0.0,0.0,0.0,0.0,0.0,0.0,0.0,135.2657004830918,99.03381642512076,2.4154589371980677,41.06280193236715,0.5326876513317191,5.627118644067797,7.246376811594203,4.830917874396135,0.0,0.0,7.246376811594203,0.0,9.66183574879227,9.66183574879227,0.0,0.0,4.830917874396135,12.077294685990339,9.66183574879227,0.0,0.0,0.0,0.0,0.0,2.4154589371980677,12.077294685990339,7.246376811594203,0.0,2.4154589371980677
D11-1140,0.0,2.487562189054726,59.701492537313435,2.487562189054726,0.0,9.950248756218905,0.0,2.487562189054726,4.975124378109452,2.487562189054726,0.0,0.0,17.412935323383085,62.18905472636816,14.925373134328359,231.34328358208955,7.462686567164179,0.0,12.437810945273633,0.0,2.487562189054726,0.0,0.0,14.925373134328359,0.0,0.0,4.975124378109452,0.0,4.975124378109452,0.0,0.0,0.0,0.0,4.975124378109452,0.0,0.0,0.0,2.487562189054726,134.32835820895522,114.42786069651741,4.975124378109452,69.65174129353234,0.5373134328358209,5.947761194029851,12.437810945273633,4.975124378109452,0.0,2.487562189054726,4.975124378109452,0.0,12.437810945273633,2.487562189054726,0.0,0.0,2.487562189054726,7.462686567164179,7.462686567164179,0.0,0.0,0.0,0.0,2.487562189054726,4.975124378109452,22.388059701492537,2.487562189054726,0.0,7.462686567164179
D12-1036,0.0,7.334963325183374,56.23471882640587,2.444987775061125,0.0,19.559902200489,0.0,0.0,0.0,2.444987775061125,0.0,0.0,14.669926650366747,56.23471882640587,12.224938875305625,266.5036674816626,2.444987775061125,0.0,0.0,0.0,2.444987775061125,0.0,0.0,17.114914425427873,14.669926650366747,0.0,2.444987775061125,0.0,9.7799511002445,0.0,0.0,0.0,0.0,0.0,0.0,0.0,0.0,0.0,127.13936430317848,92.90953545232274,0.0,53.78973105134474,0.49507389162561577,6.002463054187192,2.444987775061125,4.88997555012225,0.0,0.0,7.334963325183374,0.0,9.7799511002445,0.0,0.0,0.0,4.88997555012225,7.334963325183374,9.7799511002445,0.0,0.0,0.0,0.0,2.444987775061125,0.0,17.114914425427873,0.0,0.0,4.88997555012225
D12-1049,0.0,4.784688995215311,64.5933014354067,2.3923444976076556,0.0,7.177033492822967,0.0,7.177033492822967,4.784688995215311,0.0,0.0,0.0,16.74641148325359,50.239234449760765,16.74641148325359,267.9425837320574,16.74641148325359,2.3923444976076556,4.784688995215311,0.0,7.177033492822967,0.0,0.0,16.74641148325359,4.784688995215311,0.0,0.0,4.784688995215311,9.569377990430622,0.0,0.0,0.0,0.0,0.0,0.0,0.0,0.0,2.3923444976076556,129.1866028708134,83.73205741626795,4.784688995215311,45.45454545454545,0.5311004784688995,5.509569377990431,7.177033492822967,2.3923444976076556,0.0,0.0,2.3923444976076556,0.0,11.961722488038278,7.177033492822967,0.0,0.0,0.0,7.177033492822967,4.784688995215311,0.0,0.0,0.0,0.0,0.0,4.784688995215311,21.5311004784689,0.0,0.0,7.177033492822967
D12-1064,0.0,9.47867298578199,59.241706161137444,2.3696682464454977,0.0,11.848341232227487,0.0,9.47867298578199,0.0,2.3696682464454977,0.0,0.0,16.587677725118485,47.393364928909946,4.739336492890995,296.2085308056872,7.109004739336492,2.3696682464454977,11.848341232227487,0.0,9.47867298578199,0.0,0.0,11.848341232227487,4.739336492890995,2.3696682464454977,7.109004739336492,0.0,14.218009478672984,0.0,0.0,0.0,0.0,2.3696682464454977,0.0,0.0,0.0,2.3696682464454977,130.33175355450237,101.89573459715639,2.3696682464454977,35.54502369668246,0.4916864608076009,5.817102137767221,4.739336492890995,0.0,0.0,0.0,9.47867298578199,0.0,16.587677725118485,11.848341232227487,0.0,0.0,7.109004739336492,14.218009478672984,4.739336492890995,0.0,0.0,0.0,0.0,0.0,4.739336492890995,14.218009478672984,2.3696682464454977,0.0,0.0
D12-1106,0.0,2.288329519450801,64.07322654462243,2.288329519450801,0.0,18.30663615560641,0.0,0.0,2.288329519450801,0.0,0.0,0.0,27.459954233409608,38.901601830663616,4.576659038901602,256.2929061784897,9.153318077803204,2.288329519450801,4.576659038901602,2.288329519450801,6.864988558352402,0.0,2.288329519450801,6.864988558352402,0.0,0.0,9.153318077803204,0.0,11.441647597254004,0.0,0.0,0.0,0.0,2.288329519450801,0.0,0.0,0.0,2.288329519450801,137.29977116704805,105.26315789473684,2.288329519450801,36.61327231121282,0.505800464037123,5.779582366589327,2.288329519450801,4.576659038901602,0.0,0.0,0.0,0.0,13.729977116704804,11.441647597254004,0.0,2.288329519450801,9.153318077803204,22.88329519450801,6.864988558352402,0.0,0.0,0.0,0.0,0.0,6.864988558352402,16.018306636155607,2.288329519450801,0.0,2.288329519450801
D12-1122,0.0,4.962779156327543,66.99751861042184,0.0,0.0,7.444168734491315,0.0,9.925558312655086,4.962779156327543,4.962779156327543,0.0,0.0,19.851116625310173,57.07196029776674,12.40694789081886,292.80397022332505,7.444168734491315,0.0,4.962779156327543,0.0,2.4813895781637716,0.0,0.0,17.3697270471464,9.925558312655086,0.0,4.962779156327543,0.0,12.40694789081886,0.0,0.0,0.0,0.0,4.962779156327543,0.0,0.0,0.0,4.962779156327543,109.18114143920596,81.88585607940446,2.4813895781637716,37.220843672456574,0.5298507462686567,5.985074626865671,7.444168734491315,0.0,0.0,0.0,4.962779156327543,0.0,9.925558312655086,7.444168734491315,0.0,0.0,2.4813895781637716,9.925558312655086,9.925558312655086,2.4813895781637716,0.0,0.0,0.0,4.962779156327543,9.925558312655086,22.332506203473944,9.925558312655086,0.0,0.0
D12-1138,0.0,6.993006993006993,62.93706293706294,0.0,0.0,9.324009324009324,0.0,2.331002331002331,0.0,2.331002331002331,0.0,0.0,18.64801864801865,34.96503496503497,11.655011655011656,275.05827505827506,6.993006993006993,2.331002331002331,2.331002331002331,0.0,2.331002331002331,0.0,0.0,18.64801864801865,2.331002331002331,0.0,0.0,0.0,11.655011655011656,0.0,0.0,0.0,0.0,6.993006993006993,0.0,0.0,0.0,6.993006993006993,125.87412587412588,114.21911421911422,2.331002331002331,48.95104895104895,0.5128205128205128,5.769230769230769,6.993006993006993,0.0,0.0,0.0,4.662004662004662,0.0,20.97902097902098,6.993006993006993,0.0,0.0,0.0,6.993006993006993,9.324009324009324,0.0,0.0,2.331002331002331,0.0,2.331002331002331,9.324009324009324,13.986013986013987,2.331002331002331,0.0,2.331002331002331
D13-1021,0.0,2.493765586034913,57.356608478803,0.0,0.0,27.43142144638404,0.0,4.987531172069826,2.493765586034913,0.0,0.0,0.0,19.950124688279303,74.81296758104739,0.0,279.3017456359102,0.0,2.493765586034913,9.975062344139651,0.0,2.493765586034913,0.0,0.0,7.481296758104738,4.987531172069826,0.0,2.493765586034913,2.493765586034913,7.481296758104738,0.0,0.0,0.0,0.0,7.481296758104738,0.0,0.0,0.0,0.0,139.6508728179551,99.75062344139651,0.0,44.88778054862843,0.49875311720698257,6.159600997506234,9.975062344139651,0.0,0.0,0.0,2.493765586034913,0.0,14.962593516209475,2.493765586034913,0.0,0.0,0.0,4.987531172069826,4.987531172069826,0.0,0.0,0.0,0.0,0.0,4.987531172069826,17.456359102244388,4.987531172069826,0.0,2.493765586034913
D13-1124,0.0,0.0,76.16707616707617,0.0,0.0,14.742014742014742,0.0,2.457002457002457,2.457002457002457,0.0,0.0,0.0,22.11302211302211,78.62407862407862,17.1990171990172,186.73218673218673,7.371007371007371,2.457002457002457,12.285012285012284,0.0,0.0,0.0,2.457002457002457,17.1990171990172,2.457002457002457,0.0,4.914004914004914,0.0,14.742014742014742,0.0,0.0,0.0,0.0,0.0,0.0,0.0,0.0,4.914004914004914,132.67813267813267,117.93611793611794,2.457002457002457,41.76904176904177,0.5503685503685504,6.081081081081081,2.457002457002457,4.914004914004914,0.0,2.457002457002457,4.914004914004914,0.0,17.1990171990172,2.457002457002457,0.0,0.0,2.457002457002457,22.11302211302211,0.0,0.0,0.0,0.0,0.0,0.0,2.457002457002457,31.94103194103194,12.285012285012284,0.0,4.914004914004914
D13-1132,0.0,2.3696682464454977,61.611374407582936,4.739336492890995,0.0,23.696682464454973,0.0,7.109004739336492,0.0,7.109004739336492,0.0,0.0,21.32701421800948,40.28436018957346,2.3696682464454977,281.9905213270142,2.3696682464454977,0.0,14.218009478672984,2.3696682464454977,2.3696682464454977,0.0,0.0,23.696682464454973,4.739336492890995,0.0,7.109004739336492,2.3696682464454977,18.95734597156398,0.0,0.0,0.0,0.0,0.0,0.0,0.0,0.0,2.3696682464454977,132.70142180094788,78.19905213270142,4.739336492890995,45.023696682464454,0.5734597156398105,5.6469194312796205,11.848341232227487,2.3696682464454977,0.0,0.0,2.3696682464454977,0.0,9.47867298578199,9.47867298578199,0.0,0.0,0.0,9.47867298578199,4.739336492890995,0.0,0.0,0.0,0.0,0.0,7.109004739336492,33.17535545023697,2.3696682464454977,0.0,2.3696682464454977
D13-1142,0.0,0.0,62.93706293706294,0.0,0.0,18.64801864801865,0.0,2.331002331002331,4.662004662004662,4.662004662004662,0.0,0.0,18.64801864801865,67.5990675990676,2.331002331002331,286.7132867132867,4.662004662004662,0.0,11.655011655011656,2.331002331002331,2.331002331002331,0.0,0.0,9.324009324009324,0.0,0.0,2.331002331002331,0.0,13.986013986013987,0.0,0.0,0.0,0.0,0.0,0.0,0.0,0.0,2.331002331002331,137.52913752913753,62.93706293706294,0.0,51.28205128205128,0.5081585081585082,5.645687645687645,4.662004662004662,4.662004662004662,0.0,0.0,6.993006993006993,0.0,6.993006993006993,4.662004662004662,0.0,2.331002331002331,2.331002331002331,6.993006993006993,0.0,0.0,0.0,0.0,0.0,0.0,2.331002331002331,20.97902097902098,0.0,0.0,4.662004662004662
D13-1149,4.926108374384237,4.926108374384237,51.724137931034484,4.926108374384237,4.926108374384237,0.0,0.0,9.852216748768473,2.4630541871921183,2.4630541871921183,0.0,0.0,17.241379310344826,41.87192118226601,17.241379310344826,258.62068965517244,14.778325123152708,0.0,12.315270935960593,0.0,0.0,0.0,2.4630541871921183,14.778325123152708,4.926108374384237,0.0,9.852216748768473,0.0,12.315270935960593,0.0,0.0,0.0,0.0,2.4630541871921183,0.0,0.0,0.0,0.0,140.39408866995075,98.52216748768474,2.4630541871921183,36.94581280788178,0.5321782178217822,5.75,4.926108374384237,0.0,0.0,0.0,4.926108374384237,0.0,14.778325123152708,0.0,0.0,2.4630541871921183,0.0,7.389162561576354,2.4630541871921183,0.0,0.0,0.0,0.0,2.4630541871921183,2.4630541871921183,24.630541871921185,2.4630541871921183,0.0,4.926108374384237
D13-1181,0.0,0.0,65.69343065693431,0.0,2.4330900243309004,21.897810218978105,0.0,4.866180048661801,2.4330900243309004,0.0,0.0,0.0,17.0316301703163,34.0632603406326,12.165450121654501,240.87591240875915,4.866180048661801,0.0,14.598540145985401,0.0,12.165450121654501,0.0,0.0,9.732360097323602,9.732360097323602,0.0,0.0,0.0,12.165450121654501,0.0,0.0,0.0,0.0,0.0,0.0,0.0,0.0,4.866180048661801,128.9537712895377,111.92214111922141,0.0,72.992700729927,0.5689655172413793,5.775862068965517,9.732360097323602,7.299270072992701,0.0,2.4330900243309004,7.299270072992701,0.0,9.732360097323602,9.732360097323602,0.0,0.0,9.732360097323602,12.165450121654501,4.866180048661801,0.0,0.0,0.0,0.0,0.0,12.165450121654501,21.897810218978105,2.4330900243309004,0.0,9.732360097323602
D13-1187,0.0,2.457002457002457,46.68304668304668,4.914004914004914,0.0,9.828009828009828,0.0,0.0,0.0,0.0,0.0,0.0,17.1990171990172,93.36609336609337,4.914004914004914,260.4422604422604,7.371007371007371,0.0,7.371007371007371,0.0,7.371007371007371,0.0,2.457002457002457,12.285012285012284,4.914004914004914,0.0,0.0,0.0,4.914004914004914,0.0,0.0,0.0,2.457002457002457,0.0,0.0,0.0,0.0,2.457002457002457,132.67813267813267,100.73710073710073,4.914004914004914,68.7960687960688,0.5586034912718204,6.26932668329177,2.457002457002457,2.457002457002457,0.0,0.0,4.914004914004914,0.0,12.285012285012284,12.285012285012284,0.0,2.457002457002457,2.457002457002457,17.1990171990172,0.0,0.0,0.0,0.0,0.0,2.457002457002457,12.285012285012284,27.027027027027028,4.914004914004914,0.0,2.457002457002457
D14-1037,0.0,2.3866348448687353,57.279236276849645,0.0,0.0,11.933174224343675,0.0,7.159904534606206,4.773269689737471,2.3866348448687353,0.0,0.0,23.86634844868735,50.11933174224344,11.933174224343675,264.91646778042957,2.3866348448687353,0.0,16.706443914081145,2.3866348448687353,0.0,0.0,0.0,11.933174224343675,2.3866348448687353,2.3866348448687353,0.0,0.0,14.319809069212411,0.0,0.0,0.0,0.0,2.3866348448687353,0.0,0.0,0.0,2.3866348448687353,116.94510739856801,119.33174224343675,4.773269689737471,45.346062052505964,0.5322195704057279,5.840095465393794,9.546539379474941,0.0,0.0,2.3866348448687353,7.159904534606206,0.0,16.706443914081145,7.159904534606206,0.0,0.0,2.3866348448687353,4.773269689737471,7.159904534606206,0.0,0.0,0.0,0.0,0.0,4.773269689737471,16.706443914081145,4.773269689737471,0.0,2.3866348448687353
D14-1109,0.0,4.716981132075471,68.39622641509433,4.716981132075471,0.0,21.22641509433962,0.0,0.0,2.3584905660377355,2.3584905660377355,0.0,0.0,18.867924528301884,51.88679245283019,16.50943396226415,226.41509433962264,2.3584905660377355,0.0,11.79245283018868,0.0,7.0754716981132075,0.0,0.0,7.0754716981132075,2.3584905660377355,0.0,0.0,0.0,4.716981132075471,2.3584905660377355,0.0,0.0,0.0,11.79245283018868,0.0,0.0,0.0,2.3584905660377355,125.0,139.1509433962264,7.0754716981132075,47.16981132075472,0.5271867612293144,5.862884160756501,7.0754716981132075,2.3584905660377355,0.0,2.3584905660377355,4.716981132075471,0.0,7.0754716981132075,9.433962264150942,2.3584905660377355,0.0,4.716981132075471,11.79245283018868,4.716981132075471,0.0,0.0,0.0,0.0,0.0,0.0,9.433962264150942,2.3584905660377355,0.0,7.0754716981132075
D14-1121,0.0,2.506265664160401,45.11278195488722,10.025062656641603,0.0,22.55639097744361,0.0,5.012531328320802,0.0,0.0,0.0,0.0,17.543859649122805,42.606516290726816,5.012531328320802,303.2581453634085,0.0,2.506265664160401,2.506265664160401,0.0,5.012531328320802,0.0,0.0,2.506265664160401,7.518796992481203,0.0,17.543859649122805,0.0,10.025062656641603,0.0,0.0,0.0,0.0,2.506265664160401,0.0,0.0,0.0,0.0,152.88220551378444,145.36340852130326,2.506265664160401,20.050125313283207,0.5213032581453634,6.065162907268171,2.506265664160401,0.0,0.0,0.0,2.506265664160401,0.0,12.531328320802004,7.518796992481203,0.0,0.0,5.012531328320802,17.543859649122805,0.0,0.0,0.0,0.0,0.0,0.0,0.0,25.062656641604008,2.506265664160401,0.0,0.0
D14-1160,4.88997555012225,0.0,56.23471882640587,0.0,0.0,7.334963325183374,0.0,9.7799511002445,4.88997555012225,2.444987775061125,0.0,0.0,17.114914425427873,61.12469437652811,9.7799511002445,249.38875305623472,4.88997555012225,0.0,4.88997555012225,2.444987775061125,2.444987775061125,0.0,0.0,19.559902200489,7.334963325183374,0.0,7.334963325183374,2.444987775061125,7.334963325183374,0.0,0.0,0.0,0.0,9.7799511002445,0.0,0.0,0.0,4.88997555012225,124.69437652811736,110.0244498777506,2.444987775061125,24.44987775061125,0.5696821515892421,6.0513447432762835,4.88997555012225,2.444987775061125,0.0,0.0,4.88997555012225,0.0,17.114914425427873,7.334963325183374,0.0,0.0,2.444987775061125,14.669926650366747,7.334963325183374,0.0,0.0,2.444987775061125,0.0,0.0,2.444987775061125,22.004889975550125,0.0,0.0,2.444987775061125
D14-1173,11.737089201877934,2.347417840375587,51.64319248826291,2.347417840375587,0.0,14.084507042253522,0.0,4.694835680751174,0.0,0.0,0.0,0.0,14.084507042253522,100.93896713615024,2.347417840375587,274.6478873239437,9.389671361502348,0.0,11.737089201877934,0.0,7.042253521126761,0.0,0.0,7.042253521126761,2.347417840375587,0.0,9.389671361502348,0.0,4.694835680751174,0.0,0.0,0.0,0.0,4.694835680751174,0.0,0.0,0.0,2.347417840375587,131.45539906103286,58.68544600938967,4.694835680751174,42.25352112676056,0.45368171021377673,5.98812351543943,2.347417840375587,0.0,0.0,0.0,2.347417840375587,0.0,25.821596244131456,2.347417840375587,0.0,0.0,2.347417840375587,4.694835680751174,7.042253521126761,0.0,0.0,0.0,0.0,0.0,0.0,14.084507042253522,0.0,0.0,2.347417840375587
D14-1211,0.0,9.47867298578199,71.09004739336493,2.3696682464454977,0.0,18.95734597156398,0.0,2.3696682464454977,7.109004739336492,0.0,0.0,0.0,18.95734597156398,49.76303317535545,11.848341232227487,279.62085308056874,2.3696682464454977,4.739336492890995,7.109004739336492,0.0,0.0,0.0,9.47867298578199,11.848341232227487,4.739336492890995,0.0,2.3696682464454977,0.0,0.0,0.0,0.0,0.0,0.0,2.3696682464454977,0.0,0.0,0.0,4.739336492890995,144.54976303317534,90.04739336492891,0.0,47.393364928909946,0.5119047619047619,5.938095238095238,2.3696682464454977,0.0,0.0,0.0,9.47867298578199,0.0,18.95734597156398,4.739336492890995,0.0,0.0,14.218009478672984,4.739336492890995,0.0,0.0,0.0,0.0,0.0,0.0,2.3696682464454977,18.95734597156398,2.3696682464454977,0.0,0.0
D14-1224,0.0,12.195121951219512,60.97560975609756,0.0,0.0,2.4390243902439024,0.0,2.4390243902439024,4.878048780487805,0.0,0.0,0.0,19.51219512195122,41.463414634146346,9.75609756097561,297.5609756097561,14.634146341463415,0.0,9.75609756097561,0.0,0.0,0.0,2.4390243902439024,7.317073170731708,7.317073170731708,4.878048780487805,0.0,2.4390243902439024,12.195121951219512,0.0,0.0,0.0,0.0,0.0,0.0,0.0,0.0,2.4390243902439024,134.14634146341464,92.6829268292683,2.4390243902439024,46.34146341463415,0.5318627450980392,6.073529411764706,4.878048780487805,2.4390243902439024,0.0,0.0,0.0,0.0,19.51219512195122,0.0,0.0,0.0,2.4390243902439024,4.878048780487805,2.4390243902439024,0.0,0.0,0.0,0.0,0.0,4.878048780487805,17.073170731707318,4.878048780487805,0.0,2.4390243902439024
D15-1007,0.0,7.125890736342043,47.50593824228029,2.375296912114014,0.0,9.501187648456057,0.0,2.375296912114014,2.375296912114014,4.750593824228028,0.0,0.0,23.752969121140143,76.00950118764845,4.750593824228028,235.15439429928742,9.501187648456057,0.0,7.125890736342043,0.0,0.0,0.0,2.375296912114014,21.377672209026127,7.125890736342043,0.0,9.501187648456057,0.0,16.6270783847981,0.0,0.0,0.0,0.0,4.750593824228028,0.0,0.0,0.0,4.750593824228028,137.76722090261282,142.51781472684087,2.375296912114014,26.128266033254157,0.5452380952380952,5.733333333333333,2.375296912114014,2.375296912114014,0.0,0.0,2.375296912114014,0.0,9.501187648456057,7.125890736342043,0.0,0.0,2.375296912114014,7.125890736342043,2.375296912114014,0.0,0.0,2.375296912114014,0.0,0.0,0.0,16.6270783847981,0.0,0.0,2.375296912114014
D15-1049,0.0,7.444168734491315,66.99751861042184,0.0,0.0,19.851116625310173,0.0,4.962779156327543,4.962779156327543,2.4813895781637716,0.0,0.0,27.29528535980149,32.25806451612903,9.925558312655086,287.8411910669975,7.444168734491315,0.0,17.3697270471464,0.0,2.4813895781637716,0.0,0.0,9.925558312655086,2.4813895781637716,0.0,9.925558312655086,0.0,9.925558312655086,0.0,0.0,0.0,0.0,2.4813895781637716,0.0,0.0,0.0,4.962779156327543,129.03225806451613,66.99751861042184,7.444168734491315,62.03473945409429,0.5707196029776674,5.5632754342431765,7.444168734491315,4.962779156327543,0.0,0.0,2.4813895781637716,0.0,9.925558312655086,4.962779156327543,0.0,0.0,2.4813895781637716,7.444168734491315,9.925558312655086,0.0,0.0,2.4813895781637716,0.0,0.0,4.962779156327543,12.40694789081886,0.0,0.0,2.4813895781637716
D15-1053,0.0,9.975062344139651,62.34413965087282,2.493765586034913,0.0,12.468827930174564,0.0,0.0,4.987531172069826,7.481296758104738,0.0,0.0,17.456359102244388,52.36907730673317,17.456359102244388,219.45137157107231,2.493765586034913,2.493765586034913,9.975062344139651,0.0,4.987531172069826,0.0,0.0,17.456359102244388,2.493765586034913,0.0,0.0,0.0,2.493765586034913,0.0,0.0,0.0,0.0,7.481296758104738,0.0,0.0,0.0,7.481296758104738,104.73815461346634,129.67581047381546,4.987531172069826,62.34413965087282,0.5386533665835411,6.029925187032419,7.481296758104738,0.0,0.0,0.0,4.987531172069826,0.0,4.987531172069826,4.987531172069826,0.0,0.0,2.493765586034913,9.975062344139651,9.975062344139651,0.0,0.0,0.0,0.0,4.987531172069826,7.481296758104738,14.962593516209475,0.0,0.0,0.0
D15-1084,0.0,7.352941176470588,53.92156862745098,7.352941176470588,0.0,26.96078431372549,0.0,9.803921568627452,4.901960784313726,0.0,0.0,0.0,4.901960784313726,107.84313725490196,14.705882352941176,225.49019607843138,7.352941176470588,2.450980392156863,9.803921568627452,0.0,7.352941176470588,0.0,0.0,19.607843137254903,12.254901960784313,0.0,0.0,0.0,2.450980392156863,0.0,0.0,0.0,0.0,0.0,0.0,0.0,0.0,4.901960784313726,115.19607843137254,100.49019607843138,2.450980392156863,36.76470588235294,0.5416666666666666,6.049019607843137,2.450980392156863,0.0,0.0,2.450980392156863,4.901960784313726,0.0,12.254901960784313,0.0,0.0,0.0,0.0,9.803921568627452,7.352941176470588,0.0,0.0,0.0,0.0,0.0,4.901960784313726,22.058823529411764,2.450980392156863,0.0,0.0
D15-1101,0.0,4.761904761904763,69.04761904761905,4.761904761904763,0.0,4.761904761904763,0.0,9.523809523809526,0.0,0.0,0.0,0.0,19.04761904761905,47.61904761904761,7.142857142857142,269.04761904761904,7.142857142857142,0.0,11.904761904761903,0.0,2.3809523809523814,0.0,0.0,4.761904761904763,9.523809523809526,0.0,4.761904761904763,0.0,11.904761904761903,0.0,0.0,0.0,0.0,0.0,0.0,0.0,2.3809523809523814,9.523809523809526,130.95238095238096,88.0952380952381,2.3809523809523814,50.0,0.5469879518072289,5.421686746987952,4.761904761904763,2.3809523809523814,0.0,0.0,4.761904761904763,0.0,23.809523809523807,9.523809523809526,0.0,0.0,0.0,2.3809523809523814,4.761904761904763,0.0,0.0,0.0,0.0,0.0,0.0,16.666666666666668,4.761904761904763,0.0,9.523809523809526
D15-1180,0.0,0.0,57.356608478803,2.493765586034913,0.0,27.43142144638404,0.0,4.987531172069826,4.987531172069826,0.0,0.0,0.0,14.962593516209475,72.31920199501248,19.950124688279303,234.41396508728178,2.493765586034913,0.0,4.987531172069826,0.0,4.987531172069826,0.0,0.0,22.443890274314214,14.962593516209475,0.0,4.987531172069826,0.0,7.481296758104738,0.0,0.0,0.0,0.0,4.987531172069826,0.0,0.0,0.0,2.493765586034913,119.7007481296758,117.20698254364089,4.987531172069826,57.356608478803,0.5964912280701754,6.007518796992481,7.481296758104738,2.493765586034913,0.0,0.0,7.481296758104738,0.0,12.468827930174564,4.987531172069826,0.0,0.0,4.987531172069826,7.481296758104738,7.481296758104738,0.0,0.0,0.0,0.0,4.987531172069826,12.468827930174564,14.962593516209475,2.493765586034913,0.0,2.493765586034913
D15-1182,0.0,4.761904761904763,54.76190476190476,0.0,0.0,19.04761904761905,0.0,9.523809523809526,9.523809523809526,4.761904761904763,0.0,0.0,14.285714285714285,69.04761904761905,4.761904761904763,216.66666666666669,11.904761904761903,0.0,9.523809523809526,2.3809523809523814,4.761904761904763,0.0,4.761904761904763,4.761904761904763,2.3809523809523814,0.0,4.761904761904763,0.0,4.761904761904763,0.0,0.0,0.0,0.0,0.0,0.0,0.0,2.3809523809523814,9.523809523809526,128.57142857142856,88.0952380952381,7.142857142857142,73.80952380952381,0.5531400966183575,5.792270531400966,9.523809523809526,0.0,0.0,2.3809523809523814,9.523809523809526,0.0,14.285714285714285,14.285714285714285,9.523809523809526,0.0,4.761904761904763,16.666666666666668,2.3809523809523814,0.0,0.0,0.0,0.0,0.0,2.3809523809523814,9.523809523809526,0.0,0.0,7.142857142857142
D15-1217,0.0,4.926108374384237,56.65024630541872,4.926108374384237,0.0,12.315270935960593,0.0,7.389162561576354,12.315270935960593,0.0,0.0,0.0,24.630541871921185,71.42857142857143,4.926108374384237,268.4729064039409,4.926108374384237,0.0,7.389162561576354,0.0,4.926108374384237,0.0,0.0,14.778325123152708,4.926108374384237,0.0,0.0,0.0,14.778325123152708,0.0,0.0,0.0,0.0,4.926108374384237,0.0,0.0,0.0,4.926108374384237,133.00492610837438,105.91133004926108,2.4630541871921183,41.87192118226601,0.5197044334975369,5.800492610837439,2.4630541871921183,0.0,0.0,0.0,4.926108374384237,0.0,14.778325123152708,12.315270935960593,0.0,0.0,0.0,12.315270935960593,9.852216748768473,0.0,0.0,2.4630541871921183,0.0,4.926108374384237,9.852216748768473,14.778325123152708,2.4630541871921183,0.0,4.926108374384237
D15-1301,0.0,2.398081534772182,52.75779376498801,2.398081534772182,0.0,14.388489208633095,0.0,11.990407673860911,0.0,4.796163069544364,0.0,0.0,7.194244604316547,64.74820143884892,40.7673860911271,213.42925659472422,7.194244604316547,0.0,11.990407673860911,0.0,7.194244604316547,0.0,0.0,11.990407673860911,9.592326139088728,0.0,9.592326139088728,0.0,0.0,0.0,0.0,0.0,0.0,0.0,0.0,0.0,2.398081534772182,2.398081534772182,141.48681055155876,74.34052757793765,4.796163069544364,55.15587529976019,0.48418491484184917,5.639902676399027,7.194244604316547,0.0,0.0,2.398081534772182,2.398081534772182,0.0,14.388489208633095,4.796163069544364,0.0,0.0,4.796163069544364,16.786570743405274,2.398081534772182,0.0,0.0,0.0,0.0,2.398081534772182,4.796163069544364,11.990407673860911,0.0,0.0,4.796163069544364
D16-1002,0.0,0.0,62.64501160092807,0.0,2.320185614849188,16.241299303944317,0.0,2.320185614849188,0.0,2.320185614849188,0.0,0.0,23.201856148491878,74.24593967517401,4.640371229698376,257.54060324825986,6.960556844547564,0.0,9.280742459396752,0.0,2.320185614849188,0.0,0.0,18.561484918793504,4.640371229698376,0.0,2.320185614849188,0.0,11.600928074245939,0.0,0.0,0.0,0.0,0.0,0.0,0.0,0.0,2.320185614849188,132.2505800464037,81.20649651972157,4.640371229698376,67.28538283062645,0.5336426914153132,5.582366589327147,6.960556844547564,2.320185614849188,0.0,0.0,0.0,0.0,13.921113689095128,2.320185614849188,0.0,0.0,2.320185614849188,6.960556844547564,6.960556844547564,0.0,0.0,0.0,0.0,0.0,0.0,18.561484918793504,0.0,0.0,6.960556844547564
D16-1014,0.0,2.4213075060532687,65.37530266343826,0.0,0.0,16.949152542372882,0.0,2.4213075060532687,7.263922518159807,0.0,0.0,0.0,29.055690072639226,50.84745762711865,16.949152542372882,210.65375302663438,14.527845036319613,4.842615012106537,9.685230024213075,0.0,2.4213075060532687,0.0,0.0,16.949152542372882,4.842615012106537,0.0,2.4213075060532687,2.4213075060532687,14.527845036319613,0.0,0.0,0.0,0.0,2.4213075060532687,0.0,0.0,0.0,9.685230024213075,111.38014527845036,89.58837772397095,2.4213075060532687,82.32445520581113,0.526829268292683,5.295121951219512,4.842615012106537,7.263922518159807,0.0,0.0,7.263922518159807,0.0,14.527845036319613,4.842615012106537,2.4213075060532687,0.0,0.0,12.106537530266344,4.842615012106537,0.0,0.0,0.0,0.0,0.0,4.842615012106537,7.263922518159807,0.0,0.0,12.106537530266344
D16-1037,0.0,2.4271844660194173,63.10679611650485,0.0,0.0,4.854368932038835,0.0,2.4271844660194173,2.4271844660194173,0.0,0.0,0.0,24.271844660194173,80.09708737864078,14.563106796116505,257.28155339805824,2.4271844660194173,0.0,12.135922330097086,0.0,2.4271844660194173,0.0,0.0,7.281553398058253,2.4271844660194173,0.0,0.0,2.4271844660194173,14.563106796116505,0.0,0.0,0.0,0.0,4.854368932038835,2.4271844660194173,0.0,0.0,0.0,140.7766990291262,82.5242718446602,7.281553398058253,41.2621359223301,0.5315533980582524,6.160194174757281,14.563106796116505,0.0,0.0,0.0,9.70873786407767,0.0,14.563106796116505,7.281553398058253,0.0,0.0,4.854368932038835,12.135922330097086,9.70873786407767,0.0,0.0,4.854368932038835,0.0,2.4271844660194173,2.4271844660194173,29.12621359223301,4.854368932038835,0.0,0.0
D16-1066,0.0,9.7799511002445,68.45965770171149,4.88997555012225,0.0,19.559902200489,0.0,0.0,4.88997555012225,0.0,0.0,0.0,29.339853300733495,41.56479217603912,2.444987775061125,232.27383863080684,9.7799511002445,0.0,12.224938875305625,0.0,2.444987775061125,0.0,0.0,19.559902200489,9.7799511002445,0.0,4.88997555012225,0.0,19.559902200489,0.0,0.0,0.0,2.444987775061125,2.444987775061125,0.0,0.0,0.0,2.444987775061125,129.5843520782396,122.24938875305622,4.88997555012225,39.119804400978,0.5696821515892421,5.755501222493888,2.444987775061125,0.0,0.0,0.0,4.88997555012225,0.0,19.559902200489,9.7799511002445,0.0,0.0,9.7799511002445,12.224938875305625,2.444987775061125,0.0,0.0,0.0,0.0,0.0,2.444987775061125,14.669926650366747,2.444987775061125,0.0,2.444987775061125
D16-1067,0.0,7.389162561576354,76.35467980295567,0.0,2.4630541871921183,12.315270935960593,0.0,2.4630541871921183,0.0,0.0,0.0,0.0,24.630541871921185,49.26108374384237,2.4630541871921183,275.8620689655172,7.389162561576354,4.926108374384237,0.0,0.0,2.4630541871921183,0.0,0.0,14.778325123152708,9.852216748768473,0.0,4.926108374384237,0.0,14.778325123152708,0.0,0.0,0.0,2.4630541871921183,2.4630541871921183,0.0,0.0,0.0,4.926108374384237,100.98522167487685,125.61576354679804,0.0,51.724137931034484,0.5359801488833746,5.930521091811414,4.926108374384237,2.4630541871921183,0.0,0.0,7.389162561576354,0.0,17.241379310344826,2.4630541871921183,0.0,0.0,0.0,9.852216748768473,4.926108374384237,0.0,0.0,0.0,0.0,0.0,4.926108374384237,17.241379310344826,2.4630541871921183,0.0,4.926108374384237
D16-1120,0.0,4.651162790697675,67.44186046511628,0.0,0.0,18.6046511627907,0.0,6.976744186046512,4.651162790697675,0.0,0.0,0.0,20.930232558139533,58.13953488372093,2.3255813953488373,255.8139534883721,4.651162790697675,0.0,0.0,0.0,0.0,0.0,2.3255813953488373,11.627906976744185,4.651162790697675,0.0,4.651162790697675,2.3255813953488373,11.627906976744185,0.0,0.0,0.0,0.0,2.3255813953488373,0.0,0.0,0.0,4.651162790697675,144.18604651162792,137.2093023255814,2.3255813953488373,46.51162790697674,0.5069767441860465,6.032558139534884,4.651162790697675,4.651162790697675,0.0,0.0,9.30232558139535,0.0,11.627906976744185,0.0,0.0,2.3255813953488373,0.0,11.627906976744185,2.3255813953488373,0.0,0.0,0.0,0.0,0.0,2.3255813953488373,20.930232558139533,0.0,0.0,4.651162790697675
D16-1124,0.0,9.900990099009901,71.78217821782178,0.0,0.0,22.277227722772277,0.0,12.376237623762377,7.425742574257425,0.0,0.0,0.0,14.85148514851485,66.83168316831683,4.9504950495049505,269.8019801980198,2.4752475247524752,0.0,12.376237623762377,0.0,4.9504950495049505,0.0,0.0,7.425742574257425,4.9504950495049505,2.4752475247524752,0.0,0.0,7.425742574257425,0.0,0.0,0.0,0.0,4.9504950495049505,0.0,0.0,0.0,0.0,116.33663366336634,111.38613861386139,7.425742574257425,37.12871287128713,0.5742574257425742,5.9183168316831685,4.9504950495049505,4.9504950495049505,0.0,0.0,2.4752475247524752,0.0,17.32673267326733,2.4752475247524752,0.0,0.0,0.0,19.801980198019802,4.9504950495049505,0.0,0.0,0.0,0.0,0.0,0.0,17.32673267326733,4.9504950495049505,0.0,4.9504950495049505
D16-1128,0.0,4.739336492890995,59.241706161137444,0.0,0.0,18.95734597156398,0.0,4.739336492890995,9.47867298578199,2.3696682464454977,0.0,0.0,16.587677725118485,40.28436018957346,14.218009478672984,260.66350710900474,9.47867298578199,0.0,9.47867298578199,0.0,2.3696682464454977,0.0,0.0,18.95734597156398,9.47867298578199,0.0,7.109004739336492,0.0,7.109004739336492,0.0,0.0,0.0,2.3696682464454977,4.739336492890995,0.0,0.0,0.0,0.0,125.59241706161137,94.78672985781989,2.3696682464454977,42.65402843601896,0.5560859188544153,5.825775656324582,4.739336492890995,2.3696682464454977,0.0,0.0,4.739336492890995,0.0,23.696682464454973,2.3696682464454977,0.0,0.0,0.0,7.109004739336492,7.109004739336492,2.3696682464454977,0.0,0.0,0.0,2.3696682464454977,4.739336492890995,11.848341232227487,0.0,0.0,0.0
D16-1129,12.165450121654501,2.4330900243309004,46.228710462287104,0.0,0.0,21.897810218978105,0.0,2.4330900243309004,0.0,0.0,0.0,0.0,19.464720194647203,92.45742092457421,4.866180048661801,223.84428223844282,2.4330900243309004,2.4330900243309004,7.299270072992701,0.0,2.4330900243309004,0.0,0.0,14.598540145985401,12.165450121654501,2.4330900243309004,4.866180048661801,4.866180048661801,17.0316301703163,0.0,0.0,0.0,0.0,0.0,0.0,0.0,0.0,0.0,124.08759124087591,121.65450121654501,2.4330900243309004,34.0632603406326,0.6074074074074074,6.1382716049382715,0.0,0.0,0.0,2.4330900243309004,4.866180048661801,0.0,19.464720194647203,2.4330900243309004,0.0,0.0,2.4330900243309004,12.165450121654501,9.732360097323602,0.0,0.0,0.0,0.0,2.4330900243309004,4.866180048661801,19.464720194647203,2.4330900243309004,0.0,0.0
D16-1130,0.0,0.0,72.28915662650603,7.228915662650603,0.0,7.228915662650603,0.0,0.0,7.228915662650603,2.4096385542168677,0.0,0.0,24.096385542168676,53.01204819277108,12.048192771084338,253.01204819277106,4.819277108433735,0.0,7.228915662650603,0.0,2.4096385542168677,0.0,0.0,24.096385542168676,7.228915662650603,2.4096385542168677,0.0,0.0,12.048192771084338,0.0,0.0,0.0,2.4096385542168677,2.4096385542168677,0.0,0.0,0.0,7.228915662650603,91.56626506024097,125.30120481927712,2.4096385542168677,57.83132530120482,0.5728155339805825,6.048543689320389,12.048192771084338,2.4096385542168677,0.0,0.0,4.819277108433735,0.0,7.228915662650603,4.819277108433735,0.0,0.0,7.228915662650603,9.63855421686747,12.048192771084338,0.0,0.0,2.4096385542168677,0.0,4.819277108433735,4.819277108433735,31.32530120481928,4.819277108433735,0.0,7.228915662650603
D16-1135,2.506265664160401,2.506265664160401,57.64411027568922,5.012531328320802,0.0,22.55639097744361,0.0,7.518796992481203,2.506265664160401,2.506265664160401,0.0,0.0,22.55639097744361,77.69423558897243,10.025062656641603,263.1578947368421,5.012531328320802,0.0,15.037593984962406,0.0,2.506265664160401,0.0,0.0,17.543859649122805,10.025062656641603,0.0,5.012531328320802,0.0,5.012531328320802,0.0,0.0,0.0,0.0,2.506265664160401,0.0,0.0,0.0,2.506265664160401,117.79448621553884,65.16290726817043,5.012531328320802,57.64411027568922,0.5440806045340051,5.937027707808564,2.506265664160401,0.0,0.0,0.0,2.506265664160401,0.0,15.037593984962406,5.012531328320802,0.0,0.0,0.0,12.531328320802004,15.037593984962406,0.0,0.0,0.0,0.0,0.0,5.012531328320802,25.062656641604008,0.0,0.0,10.025062656641603
D16-1139,0.0,7.317073170731708,53.65853658536585,0.0,0.0,12.195121951219512,0.0,4.878048780487805,4.878048780487805,4.878048780487805,0.0,0.0,9.75609756097561,63.41463414634146,7.317073170731708,304.8780487804878,7.317073170731708,0.0,7.317073170731708,2.4390243902439024,4.878048780487805,0.0,0.0,7.317073170731708,12.195121951219512,0.0,4.878048780487805,4.878048780487805,7.317073170731708,0.0,0.0,0.0,0.0,0.0,0.0,2.4390243902439024,0.0,4.878048780487805,139.02439024390245,80.48780487804878,2.4390243902439024,53.65853658536585,0.5135802469135803,5.750617283950617,9.75609756097561,4.878048780487805,0.0,0.0,4.878048780487805,0.0,14.634146341463415,7.317073170731708,0.0,0.0,2.4390243902439024,4.878048780487805,2.4390243902439024,0.0,0.0,0.0,0.0,2.4390243902439024,9.75609756097561,7.317073170731708,2.4390243902439024,0.0,2.4390243902439024
D16-1153,0.0,9.501187648456057,57.00712589073635,9.501187648456057,0.0,2.375296912114014,0.0,0.0,2.375296912114014,0.0,0.0,0.0,14.251781472684087,59.38242280285035,16.6270783847981,266.0332541567696,2.375296912114014,0.0,2.375296912114014,0.0,2.375296912114014,0.0,0.0,11.876484560570072,11.876484560570072,0.0,2.375296912114014,0.0,9.501187648456057,0.0,0.0,0.0,0.0,2.375296912114014,0.0,0.0,0.0,2.375296912114014,140.14251781472683,118.7648456057007,0.0,52.25653206650831,0.5676959619952494,6.199524940617577,2.375296912114014,0.0,0.0,2.375296912114014,7.125890736342043,0.0,16.6270783847981,2.375296912114014,0.0,0.0,0.0,4.750593824228028,7.125890736342043,0.0,0.0,4.750593824228028,0.0,0.0,2.375296912114014,7.125890736342043,0.0,2.375296912114014,0.0
D16-1172,0.0,2.3809523809523814,64.28571428571428,2.3809523809523814,0.0,2.3809523809523814,0.0,4.761904761904763,4.761904761904763,0.0,0.0,0.0,19.04761904761905,83.33333333333333,4.761904761904763,307.14285714285717,4.761904761904763,0.0,7.142857142857142,0.0,2.3809523809523814,0.0,0.0,16.666666666666668,7.142857142857142,0.0,2.3809523809523814,0.0,4.761904761904763,0.0,0.0,0.0,0.0,9.523809523809526,0.0,0.0,0.0,2.3809523809523814,107.14285714285714,90.47619047619047,2.3809523809523814,42.857142857142854,0.5635491606714629,6.196642685851319,7.142857142857142,2.3809523809523814,0.0,0.0,0.0,0.0,11.904761904761903,0.0,0.0,0.0,2.3809523809523814,7.142857142857142,11.904761904761903,0.0,0.0,2.3809523809523814,0.0,4.761904761904763,9.523809523809526,14.285714285714285,0.0,0.0,4.761904761904763
D17-1046,0.0,11.990407673860911,64.74820143884892,2.398081534772182,2.398081534772182,7.194244604316547,0.0,0.0,14.388489208633095,0.0,0.0,0.0,16.786570743405274,35.97122302158273,23.980815347721823,273.3812949640288,4.796163069544364,0.0,9.592326139088728,0.0,4.796163069544364,0.0,0.0,14.388489208633095,7.194244604316547,0.0,2.398081534772182,2.398081534772182,7.194244604316547,0.0,0.0,0.0,0.0,4.796163069544364,0.0,0.0,0.0,2.398081534772182,139.08872901678657,98.32134292565947,7.194244604316547,57.55395683453238,0.5576923076923077,5.769230769230769,2.398081534772182,2.398081534772182,0.0,0.0,0.0,0.0,14.388489208633095,2.398081534772182,0.0,0.0,2.398081534772182,11.990407673860911,9.592326139088728,0.0,0.0,0.0,0.0,2.398081534772182,4.796163069544364,7.194244604316547,2.398081534772182,0.0,4.796163069544364
D17-1088,0.0,9.70873786407767,50.970873786407765,0.0,2.4271844660194173,14.563106796116505,0.0,7.281553398058253,0.0,0.0,0.0,0.0,12.135922330097086,36.40776699029126,14.563106796116505,271.84466019417476,7.281553398058253,2.4271844660194173,2.4271844660194173,0.0,2.4271844660194173,0.0,0.0,19.41747572815534,7.281553398058253,0.0,2.4271844660194173,0.0,7.281553398058253,0.0,0.0,0.0,0.0,4.854368932038835,0.0,0.0,0.0,0.0,104.36893203883494,101.94174757281553,0.0,65.53398058252426,0.529126213592233,5.728155339805825,7.281553398058253,2.4271844660194173,0.0,0.0,7.281553398058253,0.0,16.990291262135923,2.4271844660194173,0.0,0.0,0.0,9.70873786407767,9.70873786407767,0.0,0.0,0.0,0.0,4.854368932038835,14.563106796116505,24.271844660194173,2.4271844660194173,0.0,2.4271844660194173
D17-1099,2.4752475247524752,0.0,66.83168316831683,0.0,0.0,7.425742574257425,0.0,2.4752475247524752,0.0,2.4752475247524752,0.0,0.0,24.752475247524753,84.15841584158416,7.425742574257425,210.3960396039604,7.425742574257425,0.0,27.22772277227723,0.0,4.9504950495049505,0.0,0.0,19.801980198019802,2.4752475247524752,0.0,0.0,0.0,14.85148514851485,0.0,0.0,0.0,0.0,2.4752475247524752,0.0,0.0,0.0,0.0,121.28712871287128,103.96039603960395,9.900990099009901,61.88118811881188,0.527363184079602,5.8059701492537314,9.900990099009901,0.0,0.0,0.0,2.4752475247524752,0.0,14.85148514851485,7.425742574257425,2.4752475247524752,0.0,2.4752475247524752,29.7029702970297,2.4752475247524752,0.0,0.0,0.0,0.0,0.0,2.4752475247524752,12.376237623762377,0.0,0.0,7.425742574257425
D17-1145,0.0,4.901960784313726,53.92156862745098,0.0,0.0,9.803921568627452,0.0,2.450980392156863,2.450980392156863,2.450980392156863,0.0,0.0,17.156862745098042,49.01960784313725,9.803921568627452,301.4705882352941,0.0,2.450980392156863,4.901960784313726,0.0,4.901960784313726,0.0,0.0,14.705882352941176,4.901960784313726,0.0,2.450980392156863,2.450980392156863,7.352941176470588,0.0,0.0,0.0,0.0,4.901960784313726,0.0,0.0,0.0,2.450980392156863,129.90196078431373,78.43137254901961,2.450980392156863,51.470588235294116,0.5517241379310345,5.938423645320197,12.254901960784313,2.450980392156863,0.0,0.0,9.803921568627452,0.0,9.803921568627452,9.803921568627452,0.0,0.0,2.450980392156863,12.254901960784313,9.803921568627452,0.0,0.0,0.0,0.0,2.450980392156863,7.352941176470588,14.705882352941176,0.0,0.0,2.450980392156863
D17-1149,0.0,11.389521640091116,59.22551252847381,2.277904328018223,0.0,0.0,0.0,4.555808656036446,2.277904328018223,0.0,0.0,0.0,9.111617312072893,54.66970387243736,15.945330296127564,321.1845102505695,0.0,2.277904328018223,9.111617312072893,0.0,2.277904328018223,0.0,0.0,13.66742596810934,4.555808656036446,0.0,2.277904328018223,0.0,2.277904328018223,0.0,0.0,0.0,0.0,4.555808656036446,0.0,0.0,0.0,6.83371298405467,132.11845102505694,95.67198177676538,9.111617312072893,31.890660592255127,0.5160550458715596,5.935779816513762,2.277904328018223,0.0,0.0,0.0,6.83371298405467,0.0,18.223234624145785,2.277904328018223,0.0,0.0,0.0,4.555808656036446,6.83371298405467,0.0,0.0,2.277904328018223,0.0,2.277904328018223,6.83371298405467,11.389521640091116,0.0,0.0,0.0
D17-1230,0.0,2.3866348448687353,57.279236276849645,0.0,0.0,21.479713603818613,0.0,0.0,0.0,4.773269689737471,0.0,0.0,21.479713603818613,57.279236276849645,7.159904534606206,255.36992840095462,9.546539379474941,0.0,7.159904534606206,0.0,2.3866348448687353,0.0,2.3866348448687353,19.093078758949883,9.546539379474941,2.3866348448687353,2.3866348448687353,0.0,11.933174224343675,0.0,0.0,0.0,0.0,4.773269689737471,0.0,0.0,0.0,2.3866348448687353,121.71837708830549,95.4653937947494,0.0,45.346062052505964,0.5360576923076923,6.235576923076923,2.3866348448687353,2.3866348448687353,0.0,0.0,2.3866348448687353,0.0,14.319809069212411,7.159904534606206,0.0,0.0,0.0,2.3866348448687353,4.773269689737471,0.0,0.0,0.0,0.0,0.0,2.3866348448687353,11.933174224343675,2.3866348448687353,0.0,2.3866348448687353
D17-1264,0.0,9.280742459396752,62.64501160092807,2.320185614849188,2.320185614849188,20.88167053364269,0.0,0.0,2.320185614849188,2.320185614849188,0.0,0.0,16.241299303944317,60.324825986078885,9.280742459396752,262.1809744779582,2.320185614849188,0.0,13.921113689095128,2.320185614849188,0.0,0.0,0.0,13.921113689095128,2.320185614849188,0.0,4.640371229698376,0.0,6.960556844547564,0.0,0.0,0.0,0.0,4.640371229698376,0.0,0.0,0.0,2.320185614849188,148.49187935034803,102.08816705336426,6.960556844547564,51.04408352668213,0.5584112149532711,5.934579439252336,6.960556844547564,2.320185614849188,0.0,0.0,0.0,0.0,16.241299303944317,2.320185614849188,0.0,0.0,0.0,9.280742459396752,6.960556844547564,0.0,0.0,0.0,0.0,0.0,4.640371229698376,18.561484918793504,2.320185614849188,0.0,4.640371229698376
D17-1268,0.0,4.926108374384237,56.65024630541872,2.4630541871921183,0.0,22.167487684729064,0.0,12.315270935960593,2.4630541871921183,0.0,0.0,0.0,9.852216748768473,54.187192118226605,4.926108374384237,238.91625615763547,9.852216748768473,0.0,4.926108374384237,0.0,7.389162561576354,0.0,0.0,14.778325123152708,9.852216748768473,0.0,7.389162561576354,4.926108374384237,4.926108374384237,2.4630541871921183,0.0,0.0,0.0,0.0,0.0,0.0,2.4630541871921183,2.4630541871921183,135.4679802955665,133.00492610837438,2.4630541871921183,22.167487684729064,0.5486284289276808,5.987531172069826,2.4630541871921183,2.4630541871921183,0.0,0.0,4.926108374384237,0.0,17.241379310344826,7.389162561576354,0.0,2.4630541871921183,2.4630541871921183,19.704433497536947,4.926108374384237,0.0,0.0,0.0,2.4630541871921183,0.0,0.0,12.315270935960593,0.0,0.0,0.0
D17-1278,0.0,0.0,63.10679611650485,4.854368932038835,0.0,7.281553398058253,0.0,7.281553398058253,4.854368932038835,2.4271844660194173,0.0,0.0,14.563106796116505,75.24271844660194,0.0,223.3009708737864,2.4271844660194173,0.0,14.563106796116505,2.4271844660194173,4.854368932038835,0.0,0.0,7.281553398058253,2.4271844660194173,0.0,7.281553398058253,0.0,7.281553398058253,0.0,0.0,0.0,2.4271844660194173,2.4271844660194173,0.0,0.0,0.0,2.4271844660194173,126.2135922330097,89.80582524271844,4.854368932038835,75.24271844660194,0.5558252427184466,5.847087378640777,4.854368932038835,9.70873786407767,0.0,0.0,4.854368932038835,0.0,9.70873786407767,4.854368932038835,0.0,0.0,2.4271844660194173,4.854368932038835,2.4271844660194173,0.0,0.0,0.0,0.0,2.4271844660194173,7.281553398058253,31.553398058252426,4.854368932038835,0.0,9.70873786407767
D18-1029,0.0,2.4271844660194173,65.53398058252426,9.70873786407767,0.0,16.990291262135923,0.0,7.281553398058253,2.4271844660194173,0.0,0.0,0.0,24.271844660194173,38.83495145631068,9.70873786407767,242.71844660194176,9.70873786407767,4.854368932038835,14.563106796116505,0.0,9.70873786407767,0.0,2.4271844660194173,16.990291262135923,9.70873786407767,0.0,9.70873786407767,0.0,9.70873786407767,0.0,0.0,0.0,0.0,7.281553398058253,0.0,0.0,0.0,4.854368932038835,118.93203883495146,121.35922330097088,4.854368932038835,55.8252427184466,0.5427872860635696,5.980440097799511,7.281553398058253,0.0,0.0,0.0,4.854368932038835,0.0,16.990291262135923,7.281553398058253,0.0,0.0,7.281553398058253,12.135922330097086,7.281553398058253,0.0,0.0,0.0,0.0,0.0,7.281553398058253,12.135922330097086,0.0,0.0,0.0
D18-1119,0.0,12.376237623762377,84.15841584158416,0.0,0.0,14.85148514851485,0.0,17.32673267326733,0.0,2.4752475247524752,0.0,0.0,24.752475247524753,61.88118811881188,9.900990099009901,207.9207920792079,7.425742574257425,0.0,7.425742574257425,0.0,9.900990099009901,0.0,7.425742574257425,17.32673267326733,2.4752475247524752,0.0,7.425742574257425,0.0,4.9504950495049505,7.425742574257425,0.0,0.0,2.4752475247524752,0.0,0.0,0.0,0.0,12.376237623762377,131.1881188118812,99.00990099009901,4.9504950495049505,51.980198019801975,0.4987593052109181,5.759305210918114,4.9504950495049505,0.0,0.0,0.0,4.9504950495049505,0.0,19.801980198019802,4.9504950495049505,4.9504950495049505,0.0,9.900990099009901,17.32673267326733,7.425742574257425,0.0,0.0,0.0,0.0,0.0,4.9504950495049505,22.277227722772277,2.4752475247524752,0.0,4.9504950495049505
D18-1123,0.0,0.0,53.65853658536585,7.317073170731708,0.0,7.317073170731708,0.0,4.878048780487805,9.75609756097561,0.0,0.0,0.0,7.317073170731708,85.3658536585366,7.317073170731708,270.7317073170732,4.878048780487805,0.0,7.317073170731708,0.0,2.4390243902439024,0.0,0.0,19.51219512195122,9.75609756097561,0.0,2.4390243902439024,2.4390243902439024,2.4390243902439024,0.0,0.0,0.0,0.0,4.878048780487805,0.0,0.0,0.0,4.878048780487805,136.58536585365854,107.3170731707317,2.4390243902439024,26.829268292682926,0.5517241379310345,6.25615763546798,4.878048780487805,0.0,0.0,0.0,0.0,0.0,14.634146341463415,0.0,0.0,0.0,2.4390243902439024,4.878048780487805,7.317073170731708,0.0,0.0,0.0,0.0,2.4390243902439024,2.4390243902439024,29.26829268292683,7.317073170731708,0.0,0.0
D18-1186,0.0,4.975124378109452,57.21393034825871,2.487562189054726,2.487562189054726,2.487562189054726,0.0,2.487562189054726,2.487562189054726,2.487562189054726,0.0,0.0,14.925373134328359,42.28855721393035,9.950248756218905,268.65671641791045,0.0,2.487562189054726,17.412935323383085,0.0,4.975124378109452,0.0,0.0,29.850746268656717,2.487562189054726,0.0,4.975124378109452,0.0,2.487562189054726,0.0,0.0,0.0,0.0,7.462686567164179,0.0,0.0,0.0,4.975124378109452,109.45273631840796,97.01492537313433,4.975124378109452,54.72636815920398,0.5323383084577115,5.7611940298507465,2.487562189054726,2.487562189054726,0.0,0.0,9.950248756218905,0.0,19.90049751243781,7.462686567164179,0.0,0.0,4.975124378109452,14.925373134328359,9.950248756218905,0.0,0.0,0.0,0.0,2.487562189054726,2.487562189054726,24.875621890547265,2.487562189054726,0.0,2.487562189054726
D18-1224,0.0,7.228915662650603,62.65060240963856,9.63855421686747,2.4096385542168677,0.0,0.0,9.63855421686747,0.0,0.0,0.0,0.0,9.63855421686747,86.74698795180723,4.819277108433735,250.60240963855424,9.63855421686747,2.4096385542168677,9.63855421686747,0.0,2.4096385542168677,0.0,0.0,14.457831325301205,7.228915662650603,0.0,4.819277108433735,0.0,9.63855421686747,0.0,0.0,0.0,0.0,0.0,0.0,2.4096385542168677,0.0,2.4096385542168677,118.0722891566265,86.74698795180723,0.0,45.78313253012048,0.5797101449275363,5.671497584541063,4.819277108433735,0.0,0.0,0.0,0.0,0.0,16.867469879518072,4.819277108433735,0.0,0.0,2.4096385542168677,12.048192771084338,16.867469879518072,2.4096385542168677,0.0,4.819277108433735,0.0,2.4096385542168677,9.63855421686747,21.686746987951807,2.4096385542168677,0.0,0.0
D18-1239,0.0,0.0,66.66666666666667,0.0,0.0,14.285714285714285,0.0,4.761904761904763,2.3809523809523814,2.3809523809523814,0.0,0.0,33.333333333333336,80.95238095238096,30.952380952380953,195.23809523809524,4.761904761904763,0.0,7.142857142857142,0.0,0.0,0.0,0.0,21.428571428571427,9.523809523809526,0.0,2.3809523809523814,0.0,23.809523809523807,0.0,0.0,0.0,0.0,7.142857142857142,0.0,0.0,0.0,4.761904761904763,128.57142857142856,119.04761904761904,2.3809523809523814,42.857142857142854,0.5452380952380952,5.771428571428571,4.761904761904763,2.3809523809523814,0.0,0.0,4.761904761904763,0.0,14.285714285714285,2.3809523809523814,0.0,0.0,2.3809523809523814,14.285714285714285,11.904761904761903,0.0,0.0,0.0,0.0,2.3809523809523814,2.3809523809523814,9.523809523809526,0.0,0.0,7.142857142857142
D18-1245,0.0,2.3809523809523814,47.61904761904761,2.3809523809523814,0.0,0.0,0.0,4.761904761904763,2.3809523809523814,0.0,0.0,0.0,14.285714285714285,71.42857142857143,4.761904761904763,280.95238095238096,0.0,0.0,7.142857142857142,0.0,2.3809523809523814,0.0,0.0,19.04761904761905,7.142857142857142,0.0,2.3809523809523814,0.0,7.142857142857142,0.0,0.0,0.0,0.0,2.3809523809523814,0.0,0.0,0.0,4.761904761904763,116.66666666666667,121.42857142857143,2.3809523809523814,52.38095238095238,0.5351089588377724,5.9491525423728815,4.761904761904763,0.0,0.0,2.3809523809523814,9.523809523809526,0.0,14.285714285714285,0.0,0.0,0.0,2.3809523809523814,4.761904761904763,14.285714285714285,0.0,0.0,2.3809523809523814,0.0,4.761904761904763,7.142857142857142,9.523809523809526,0.0,0.0,0.0
D18-1250,0.0,14.527845036319613,46.00484261501211,4.842615012106537,0.0,7.263922518159807,0.0,4.842615012106537,9.685230024213075,0.0,0.0,0.0,4.842615012106537,89.58837772397095,12.106537530266344,239.7094430992736,2.4213075060532687,0.0,0.0,0.0,0.0,0.0,0.0,16.949152542372882,7.263922518159807,2.4213075060532687,4.842615012106537,2.4213075060532687,2.4213075060532687,0.0,0.0,0.0,0.0,2.4213075060532687,0.0,0.0,0.0,0.0,130.75060532687652,121.06537530266344,0.0,38.7409200968523,0.5912408759124088,6.138686131386861,4.842615012106537,2.4213075060532687,0.0,0.0,12.106537530266344,0.0,21.791767554479417,2.4213075060532687,0.0,0.0,0.0,7.263922518159807,2.4213075060532687,0.0,0.0,0.0,0.0,0.0,7.263922518159807,26.634382566585955,4.842615012106537,0.0,2.4213075060532687
D18-1256,0.0,10.025062656641603,57.64411027568922,2.506265664160401,2.506265664160401,10.025062656641603,0.0,5.012531328320802,7.518796992481203,0.0,0.0,0.0,10.025062656641603,80.20050125313283,15.037593984962406,240.6015037593985,2.506265664160401,2.506265664160401,2.506265664160401,0.0,0.0,0.0,0.0,27.56892230576441,0.0,0.0,5.012531328320802,0.0,10.025062656641603,0.0,0.0,0.0,0.0,0.0,0.0,0.0,0.0,10.025062656641603,105.26315789473684,80.20050125313283,2.506265664160401,60.150375939849624,0.5919395465994962,6.1158690176322414,5.012531328320802,5.012531328320802,0.0,0.0,10.025062656641603,0.0,10.025062656641603,0.0,2.506265664160401,0.0,2.506265664160401,5.012531328320802,12.531328320802004,0.0,0.0,0.0,0.0,7.518796992481203,7.518796992481203,17.543859649122805,0.0,0.0,5.012531328320802
D18-1282,0.0,4.640371229698376,58.0046403712297,0.0,0.0,13.921113689095128,0.0,9.280742459396752,6.960556844547564,0.0,0.0,2.320185614849188,20.88167053364269,67.28538283062645,16.241299303944317,245.9396751740139,2.320185614849188,0.0,13.921113689095128,0.0,4.640371229698376,0.0,6.960556844547564,18.561484918793504,13.921113689095128,0.0,2.320185614849188,4.640371229698376,11.600928074245939,0.0,0.0,0.0,0.0,0.0,0.0,0.0,0.0,2.320185614849188,134.5707656612529,113.6890951276102,4.640371229698376,34.80278422273782,0.5348837209302325,5.734883720930233,0.0,6.960556844547564,0.0,0.0,0.0,0.0,13.921113689095128,4.640371229698376,0.0,0.0,0.0,16.241299303944317,6.960556844547564,0.0,0.0,2.320185614849188,0.0,2.320185614849188,2.320185614849188,16.241299303944317,0.0,0.0,6.960556844547564
D18-1286,0.0,4.938271604938271,54.32098765432099,2.4691358024691357,0.0,17.28395061728395,0.0,7.407407407407407,0.0,2.4691358024691357,0.0,0.0,17.28395061728395,61.72839506172839,9.876543209876543,251.85185185185182,2.4691358024691357,0.0,7.407407407407407,0.0,2.4691358024691357,0.0,0.0,22.22222222222222,7.407407407407407,0.0,4.938271604938271,0.0,7.407407407407407,4.938271604938271,0.0,0.0,0.0,4.938271604938271,0.0,0.0,0.0,2.4691358024691357,128.39506172839506,98.76543209876543,4.938271604938271,39.50617283950617,0.543424317617866,5.754342431761787,2.4691358024691357,2.4691358024691357,0.0,0.0,7.407407407407407,0.0,9.876543209876543,9.876543209876543,0.0,0.0,0.0,14.814814814814815,12.345679012345679,0.0,0.0,2.4691358024691357,0.0,0.0,4.938271604938271,12.345679012345679,0.0,0.0,2.4691358024691357
D18-1304,0.0,2.506265664160401,65.16290726817043,5.012531328320802,0.0,12.531328320802004,0.0,0.0,7.518796992481203,0.0,0.0,0.0,17.543859649122805,55.13784461152882,17.543859649122805,253.1328320802005,2.506265664160401,2.506265664160401,15.037593984962406,0.0,5.012531328320802,0.0,0.0,10.025062656641603,15.037593984962406,0.0,2.506265664160401,0.0,15.037593984962406,0.0,0.0,0.0,0.0,0.0,0.0,0.0,0.0,2.506265664160401,132.83208020050125,120.30075187969925,0.0,32.581453634085214,0.5710659898477157,5.99492385786802,10.025062656641603,2.506265664160401,0.0,0.0,2.506265664160401,0.0,20.050125313283207,2.506265664160401,0.0,0.0,5.012531328320802,12.531328320802004,2.506265664160401,0.0,0.0,0.0,0.0,0.0,2.506265664160401,17.543859649122805,0.0,0.0,2.506265664160401
D18-1342,0.0,7.02576112412178,67.91569086651054,4.68384074941452,0.0,21.07728337236534,0.0,0.0,4.68384074941452,0.0,0.0,0.0,18.73536299765808,60.88992974238876,9.36768149882904,276.34660421545664,9.36768149882904,0.0,7.02576112412178,0.0,4.68384074941452,0.0,4.68384074941452,23.4192037470726,14.05152224824356,0.0,2.34192037470726,0.0,9.36768149882904,0.0,0.0,0.0,2.34192037470726,0.0,0.0,0.0,0.0,2.34192037470726,114.75409836065575,65.57377049180329,2.34192037470726,56.20608899297424,0.5505882352941176,5.658823529411765,0.0,2.34192037470726,0.0,0.0,7.02576112412178,0.0,14.05152224824356,2.34192037470726,0.0,0.0,2.34192037470726,18.73536299765808,9.36768149882904,2.34192037470726,0.0,2.34192037470726,0.0,0.0,7.02576112412178,14.05152224824356,2.34192037470726,0.0,4.68384074941452
D18-1387,0.0,4.854368932038835,53.398058252427184,0.0,0.0,12.135922330097086,0.0,14.563106796116505,7.281553398058253,0.0,0.0,2.4271844660194173,16.990291262135923,60.67961165048544,2.4271844660194173,254.85436893203882,7.281553398058253,0.0,9.70873786407767,0.0,2.4271844660194173,0.0,2.4271844660194173,12.135922330097086,12.135922330097086,0.0,2.4271844660194173,0.0,7.281553398058253,0.0,0.0,0.0,2.4271844660194173,2.4271844660194173,0.0,0.0,0.0,2.4271844660194173,121.35922330097088,97.08737864077669,2.4271844660194173,55.8252427184466,0.5606796116504854,5.650485436893204,4.854368932038835,4.854368932038835,0.0,0.0,7.281553398058253,0.0,21.844660194174757,14.563106796116505,0.0,0.0,0.0,7.281553398058253,2.4271844660194173,0.0,0.0,0.0,0.0,0.0,4.854368932038835,14.563106796116505,2.4271844660194173,0.0,4.854368932038835
D18-1388,0.0,4.901960784313726,51.470588235294116,2.450980392156863,0.0,12.254901960784313,0.0,0.0,4.901960784313726,0.0,0.0,0.0,9.803921568627452,58.8235294117647,7.352941176470588,259.80392156862746,4.901960784313726,0.0,2.450980392156863,0.0,2.450980392156863,0.0,0.0,12.254901960784313,9.803921568627452,0.0,0.0,0.0,9.803921568627452,0.0,0.0,0.0,0.0,0.0,0.0,0.0,0.0,2.450980392156863,112.74509803921569,127.45098039215685,0.0,46.568627450980394,0.5558312655086849,6.099255583126551,4.901960784313726,4.901960784313726,0.0,0.0,7.352941176470588,0.0,14.705882352941176,9.803921568627452,0.0,0.0,0.0,14.705882352941176,4.901960784313726,0.0,0.0,0.0,0.0,0.0,2.450980392156863,34.313725490196084,0.0,0.0,4.901960784313726
D18-1398,0.0,4.901960784313726,56.372549019607845,7.352941176470588,0.0,19.607843137254903,0.0,0.0,4.901960784313726,0.0,0.0,0.0,22.058823529411764,26.96078431372549,12.254901960784313,318.62745098039215,4.901960784313726,0.0,2.450980392156863,0.0,2.450980392156863,0.0,2.450980392156863,29.41176470588235,9.803921568627452,2.450980392156863,7.352941176470588,0.0,7.352941176470588,0.0,0.0,0.0,0.0,7.352941176470588,0.0,0.0,0.0,2.450980392156863,120.09803921568628,83.33333333333333,0.0,53.92156862745098,0.5062034739454094,5.856079404466501,4.901960784313726,2.450980392156863,0.0,2.450980392156863,2.450980392156863,0.0,14.705882352941176,4.901960784313726,0.0,0.0,0.0,9.803921568627452,14.705882352941176,0.0,0.0,0.0,0.0,2.450980392156863,7.352941176470588,9.803921568627452,4.901960784313726,0.0,0.0
D18-1406,0.0,12.135922330097086,63.10679611650485,0.0,0.0,2.4271844660194173,0.0,4.854368932038835,9.70873786407767,4.854368932038835,0.0,0.0,12.135922330097086,67.96116504854369,7.281553398058253,305.8252427184466,4.854368932038835,0.0,12.135922330097086,0.0,2.4271844660194173,0.0,0.0,16.990291262135923,4.854368932038835,0.0,0.0,0.0,7.281553398058253,0.0,0.0,0.0,0.0,2.4271844660194173,0.0,0.0,0.0,9.70873786407767,121.35922330097088,97.08737864077669,7.281553398058253,33.980582524271846,0.529126213592233,6.106796116504855,4.854368932038835,0.0,0.0,0.0,4.854368932038835,0.0,14.563106796116505,0.0,0.0,0.0,0.0,9.70873786407767,4.854368932038835,0.0,0.0,0.0,0.0,0.0,4.854368932038835,9.70873786407767,0.0,0.0,2.4271844660194173
D18-1427,0.0,7.317073170731708,58.53658536585366,2.4390243902439024,0.0,7.317073170731708,0.0,4.878048780487805,0.0,0.0,0.0,0.0,29.26829268292683,73.17073170731707,9.75609756097561,224.39024390243904,4.878048780487805,2.4390243902439024,21.95121951219512,0.0,2.4390243902439024,0.0,0.0,21.95121951219512,12.195121951219512,0.0,7.317073170731708,2.4390243902439024,21.95121951219512,0.0,0.0,0.0,0.0,2.4390243902439024,2.4390243902439024,0.0,0.0,4.878048780487805,100.0,80.48780487804878,0.0,46.34146341463415,0.5061728395061729,5.604938271604938,9.75609756097561,0.0,0.0,0.0,4.878048780487805,0.0,12.195121951219512,4.878048780487805,4.878048780487805,0.0,0.0,2.4390243902439024,9.75609756097561,0.0,0.0,0.0,0.0,2.4390243902439024,7.317073170731708,26.829268292682926,4.878048780487805,0.0,0.0
D18-1437,0.0,0.0,61.46572104018912,0.0,0.0,16.548463356973993,0.0,7.092198581560283,0.0,0.0,0.0,0.0,23.64066193853428,70.92198581560284,7.092198581560283,271.8676122931442,4.7281323877068555,0.0,9.456264775413711,0.0,2.3640661938534278,0.0,0.0,14.184397163120567,9.456264775413711,0.0,2.3640661938534278,0.0,11.82033096926714,0.0,0.0,0.0,2.3640661938534278,0.0,0.0,0.0,0.0,4.7281323877068555,120.56737588652481,87.47044917257683,4.7281323877068555,52.009456264775416,0.5333333333333333,5.90952380952381,9.456264775413711,2.3640661938534278,0.0,2.3640661938534278,7.092198581560283,0.0,23.64066193853428,7.092198581560283,0.0,0.0,0.0,7.092198581560283,4.7281323877068555,0.0,0.0,0.0,0.0,0.0,2.3640661938534278,18.912529550827422,0.0,0.0,7.092198581560283
D18-1439,0.0,5.0,65.0,0.0,0.0,12.5,0.0,0.0,0.0,0.0,0.0,0.0,15.0,57.5,2.5,287.5,0.0,2.5,12.5,0.0,7.5,0.0,0.0,7.5,5.0,0.0,2.5,2.5,10.0,0.0,0.0,0.0,0.0,5.0,0.0,0.0,0.0,2.5,117.5,72.5,0.0,67.5,0.5382653061224489,6.012755102040816,2.5,5.0,0.0,0.0,5.0,0.0,15.0,2.5,0.0,2.5,5.0,12.5,7.5,0.0,0.0,0.0,0.0,2.5,2.5,25.0,2.5,0.0,5.0
D18-1469,0.0,4.761904761904763,69.04761904761905,2.3809523809523814,0.0,11.904761904761903,0.0,0.0,0.0,0.0,0.0,0.0,16.666666666666668,83.33333333333333,4.761904761904763,209.52380952380952,7.142857142857142,2.3809523809523814,11.904761904761903,0.0,4.761904761904763,0.0,0.0,19.04761904761905,4.761904761904763,0.0,2.3809523809523814,0.0,14.285714285714285,0.0,0.0,0.0,0.0,2.3809523809523814,0.0,0.0,0.0,0.0,130.95238095238096,138.0952380952381,2.3809523809523814,47.61904761904761,0.5408653846153846,6.134615384615385,2.3809523809523814,2.3809523809523814,0.0,0.0,4.761904761904763,0.0,21.428571428571427,4.761904761904763,0.0,0.0,0.0,16.666666666666668,4.761904761904763,0.0,0.0,0.0,0.0,0.0,4.761904761904763,9.523809523809526,0.0,0.0,7.142857142857142
D18-1471,0.0,2.304147465437788,57.6036866359447,6.912442396313365,0.0,11.520737327188941,0.0,2.304147465437788,13.82488479262673,0.0,0.0,0.0,20.737327188940093,55.29953917050692,11.520737327188941,251.15207373271892,11.520737327188941,0.0,6.912442396313365,0.0,0.0,0.0,2.304147465437788,6.912442396313365,9.216589861751151,4.608294930875576,0.0,4.608294930875576,9.216589861751151,2.304147465437788,0.0,0.0,2.304147465437788,0.0,0.0,0.0,0.0,2.304147465437788,131.3364055299539,126.72811059907835,4.608294930875576,46.082949308755765,0.5336426914153132,5.821345707656612,6.912442396313365,4.608294930875576,0.0,0.0,0.0,0.0,16.129032258064516,2.304147465437788,0.0,0.0,2.304147465437788,16.129032258064516,0.0,0.0,0.0,0.0,0.0,0.0,6.912442396313365,29.953917050691242,4.608294930875576,0.0,6.912442396313365
D18-1483,0.0,2.403846153846154,52.88461538461539,4.807692307692308,0.0,14.423076923076923,0.0,0.0,7.211538461538462,2.403846153846154,0.0,0.0,7.211538461538462,40.86538461538461,14.423076923076923,250.0,7.211538461538462,0.0,7.211538461538462,0.0,0.0,0.0,0.0,14.423076923076923,4.807692307692308,2.403846153846154,0.0,0.0,2.403846153846154,0.0,0.0,0.0,0.0,4.807692307692308,0.0,0.0,0.0,7.211538461538462,115.38461538461539,117.78846153846153,2.403846153846154,50.48076923076923,0.5504807692307693,6.019230769230769,7.211538461538462,4.807692307692308,0.0,0.0,4.807692307692308,0.0,7.211538461538462,4.807692307692308,2.403846153846154,0.0,4.807692307692308,7.211538461538462,2.403846153846154,0.0,0.0,0.0,0.0,0.0,2.403846153846154,31.25,7.211538461538462,0.0,9.615384615384617
D18-1487,0.0,4.938271604938271,61.72839506172839,0.0,0.0,22.22222222222222,0.0,0.0,7.407407407407407,4.938271604938271,0.0,0.0,14.814814814814815,66.66666666666667,14.814814814814815,261.7283950617284,4.938271604938271,0.0,14.814814814814815,0.0,4.938271604938271,0.0,0.0,14.814814814814815,4.938271604938271,0.0,0.0,2.4691358024691357,9.876543209876543,0.0,0.0,0.0,0.0,2.4691358024691357,0.0,0.0,0.0,2.4691358024691357,135.80246913580245,98.76543209876543,4.938271604938271,32.098765432098766,0.5668316831683168,6.284653465346534,4.938271604938271,0.0,0.0,0.0,7.407407407407407,0.0,12.345679012345679,9.876543209876543,0.0,0.0,0.0,27.160493827160494,9.876543209876543,0.0,0.0,0.0,0.0,0.0,0.0,19.753086419753085,0.0,0.0,0.0
N09-1023,0.0,7.462686567164179,59.701492537313435,0.0,0.0,17.412935323383085,0.0,4.975124378109452,7.462686567164179,2.487562189054726,0.0,0.0,12.437810945273633,82.08955223880596,9.950248756218905,233.83084577114428,2.487562189054726,0.0,0.0,0.0,2.487562189054726,0.0,0.0,27.36318407960199,14.925373134328359,0.0,0.0,2.487562189054726,9.950248756218905,0.0,0.0,0.0,2.487562189054726,0.0,0.0,0.0,0.0,0.0,119.40298507462687,104.4776119402985,0.0,52.23880597014925,0.5472636815920398,6.467661691542289,4.975124378109452,2.487562189054726,0.0,0.0,4.975124378109452,0.0,17.412935323383085,0.0,0.0,0.0,0.0,2.487562189054726,2.487562189054726,0.0,0.0,0.0,0.0,7.462686567164179,14.925373134328359,7.462686567164179,0.0,0.0,2.487562189054726
N09-1032,0.0,2.3923444976076556,59.80861244019139,7.177033492822967,2.3923444976076556,0.0,0.0,4.784688995215311,2.3923444976076556,2.3923444976076556,0.0,0.0,21.5311004784689,40.66985645933014,2.3923444976076556,279.9043062200957,2.3923444976076556,4.784688995215311,11.961722488038278,0.0,2.3923444976076556,0.0,2.3923444976076556,19.138755980861244,4.784688995215311,0.0,11.961722488038278,0.0,9.569377990430622,0.0,0.0,0.0,0.0,4.784688995215311,2.3923444976076556,0.0,0.0,2.3923444976076556,117.22488038277513,98.08612440191388,7.177033492822967,59.80861244019139,0.5430622009569378,5.779904306220096,7.177033492822967,2.3923444976076556,0.0,0.0,0.0,0.0,19.138755980861244,7.177033492822967,0.0,0.0,0.0,11.961722488038278,7.177033492822967,0.0,0.0,0.0,0.0,0.0,4.784688995215311,16.74641148325359,2.3923444976076556,0.0,4.784688995215311
N09-1065,0.0,2.450980392156863,63.725490196078425,2.450980392156863,2.450980392156863,22.058823529411764,2.450980392156863,2.450980392156863,0.0,2.450980392156863,0.0,0.0,17.156862745098042,68.62745098039217,9.803921568627452,276.9607843137255,4.901960784313726,0.0,12.254901960784313,0.0,4.901960784313726,0.0,0.0,12.254901960784313,2.450980392156863,0.0,0.0,0.0,12.254901960784313,0.0,0.0,0.0,0.0,2.450980392156863,0.0,0.0,2.450980392156863,0.0,129.90196078431373,78.43137254901961,2.450980392156863,36.76470588235294,0.5552825552825553,5.968058968058968,4.901960784313726,2.450980392156863,0.0,0.0,2.450980392156863,0.0,7.352941176470588,9.803921568627452,0.0,0.0,2.450980392156863,14.705882352941176,2.450980392156863,0.0,0.0,0.0,0.0,2.450980392156863,7.352941176470588,14.705882352941176,0.0,0.0,2.450980392156863
N09-1074,0.0,7.177033492822967,69.377990430622,0.0,2.3923444976076556,7.177033492822967,0.0,2.3923444976076556,4.784688995215311,2.3923444976076556,0.0,0.0,21.5311004784689,45.45454545454545,4.784688995215311,244.01913875598086,16.74641148325359,2.3923444976076556,9.569377990430622,0.0,2.3923444976076556,0.0,2.3923444976076556,14.354066985645934,0.0,0.0,2.3923444976076556,4.784688995215311,7.177033492822967,0.0,0.0,0.0,0.0,2.3923444976076556,0.0,0.0,0.0,4.784688995215311,122.00956937799043,95.69377990430623,7.177033492822967,59.80861244019139,0.5048076923076923,5.891826923076923,7.177033492822967,2.3923444976076556,0.0,0.0,4.784688995215311,0.0,23.923444976076556,4.784688995215311,2.3923444976076556,0.0,2.3923444976076556,16.74641148325359,4.784688995215311,0.0,0.0,0.0,0.0,4.784688995215311,14.354066985645934,19.138755980861244,4.784688995215311,0.0,7.177033492822967
N10-1048,2.336448598130841,0.0,46.72897196261682,0.0,0.0,2.336448598130841,0.0,2.336448598130841,11.682242990654204,0.0,0.0,0.0,14.018691588785046,74.76635514018692,2.336448598130841,252.3364485981308,4.672897196261682,0.0,9.345794392523365,0.0,0.0,0.0,0.0,7.009345794392523,4.672897196261682,0.0,0.0,0.0,7.009345794392523,0.0,0.0,0.0,0.0,7.009345794392523,0.0,0.0,0.0,2.336448598130841,144.85981308411215,91.1214953271028,4.672897196261682,28.037383177570092,0.5352112676056338,5.981220657276995,7.009345794392523,2.336448598130841,0.0,0.0,9.345794392523365,0.0,25.700934579439252,4.672897196261682,0.0,0.0,2.336448598130841,2.336448598130841,2.336448598130841,0.0,0.0,0.0,0.0,0.0,2.336448598130841,35.046728971962615,2.336448598130841,0.0,2.336448598130841
N10-1072,0.0,4.830917874396135,62.80193236714976,0.0,0.0,12.077294685990339,0.0,7.246376811594203,2.4154589371980677,0.0,0.0,0.0,12.077294685990339,86.95652173913044,24.154589371980677,227.05314009661836,4.830917874396135,0.0,12.077294685990339,0.0,2.4154589371980677,0.0,0.0,24.154589371980677,4.830917874396135,0.0,0.0,2.4154589371980677,4.830917874396135,0.0,0.0,0.0,0.0,2.4154589371980677,0.0,0.0,0.0,4.830917874396135,130.43478260869566,86.95652173913044,7.246376811594203,57.971014492753625,0.5255474452554745,5.86374695863747,4.830917874396135,2.4154589371980677,0.0,2.4154589371980677,12.077294685990339,0.0,7.246376811594203,0.0,0.0,0.0,0.0,9.66183574879227,12.077294685990339,0.0,0.0,0.0,4.830917874396135,2.4154589371980677,4.830917874396135,12.077294685990339,2.4154589371980677,0.0,2.4154589371980677
N10-1117,0.0,7.462686567164179,49.75124378109453,0.0,0.0,24.875621890547265,0.0,2.487562189054726,2.487562189054726,0.0,0.0,0.0,12.437810945273633,64.67661691542288,12.437810945273633,266.16915422885575,14.925373134328359,0.0,4.975124378109452,0.0,2.487562189054726,0.0,2.487562189054726,9.950248756218905,7.462686567164179,0.0,2.487562189054726,0.0,7.462686567164179,0.0,0.0,0.0,0.0,2.487562189054726,0.0,0.0,0.0,4.975124378109452,151.74129353233832,119.40298507462687,4.975124378109452,24.875621890547265,0.5323383084577115,5.858208955223881,7.462686567164179,0.0,0.0,0.0,0.0,0.0,17.412935323383085,2.487562189054726,0.0,2.487562189054726,2.487562189054726,7.462686567164179,7.462686567164179,0.0,0.0,0.0,0.0,0.0,2.487562189054726,14.925373134328359,2.487562189054726,0.0,2.487562189054726
N12-1005,17.1990171990172,4.914004914004914,49.140049140049136,2.457002457002457,2.457002457002457,12.285012285012284,0.0,9.828009828009828,0.0,0.0,0.0,0.0,17.1990171990172,95.82309582309583,12.285012285012284,230.95823095823096,7.371007371007371,2.457002457002457,12.285012285012284,2.457002457002457,7.371007371007371,0.0,0.0,12.285012285012284,7.371007371007371,0.0,2.457002457002457,0.0,4.914004914004914,0.0,0.0,0.0,0.0,7.371007371007371,0.0,0.0,0.0,4.914004914004914,115.47911547911548,113.02211302211303,4.914004914004914,56.511056511056516,0.5307125307125307,6.093366093366093,7.371007371007371,4.914004914004914,0.0,0.0,7.371007371007371,0.0,12.285012285012284,4.914004914004914,0.0,0.0,4.914004914004914,12.285012285012284,12.285012285012284,0.0,0.0,0.0,0.0,2.457002457002457,4.914004914004914,22.11302211302211,2.457002457002457,0.0,2.457002457002457
N13-1034,0.0,14.457831325301205,60.24096385542169,0.0,0.0,14.457831325301205,0.0,0.0,4.819277108433735,2.4096385542168677,0.0,0.0,9.63855421686747,53.01204819277108,33.734939759036145,233.73493975903614,12.048192771084338,2.4096385542168677,9.63855421686747,2.4096385542168677,2.4096385542168677,0.0,0.0,26.50602409638554,4.819277108433735,0.0,0.0,0.0,4.819277108433735,0.0,0.0,0.0,0.0,0.0,0.0,0.0,0.0,12.048192771084338,142.16867469879517,91.56626506024097,2.4096385542168677,48.19277108433735,0.5169902912621359,5.757281553398058,4.819277108433735,2.4096385542168677,0.0,0.0,9.63855421686747,0.0,7.228915662650603,0.0,0.0,0.0,2.4096385542168677,7.228915662650603,2.4096385542168677,0.0,0.0,0.0,0.0,2.4096385542168677,4.819277108433735,12.048192771084338,4.819277108433735,0.0,2.4096385542168677
N13-1055,0.0,7.042253521126761,44.60093896713615,7.042253521126761,0.0,7.042253521126761,0.0,2.347417840375587,2.347417840375587,2.347417840375587,0.0,0.0,21.12676056338028,51.64319248826291,9.389671361502348,260.5633802816901,9.389671361502348,0.0,9.389671361502348,0.0,2.347417840375587,0.0,2.347417840375587,4.694835680751174,4.694835680751174,0.0,9.389671361502348,0.0,14.084507042253522,0.0,0.0,0.0,0.0,2.347417840375587,0.0,2.347417840375587,0.0,0.0,133.80281690140845,82.15962441314555,2.347417840375587,56.33802816901409,0.5247058823529411,5.729411764705882,0.0,2.347417840375587,0.0,2.347417840375587,2.347417840375587,0.0,18.779342723004696,11.737089201877934,0.0,0.0,7.042253521126761,11.737089201877934,2.347417840375587,0.0,0.0,0.0,0.0,0.0,9.389671361502348,23.474178403755868,0.0,0.0,4.694835680751174
N13-1112,0.0,4.854368932038835,53.398058252427184,2.4271844660194173,0.0,16.990291262135923,0.0,4.854368932038835,2.4271844660194173,2.4271844660194173,0.0,0.0,12.135922330097086,77.66990291262135,14.563106796116505,233.0097087378641,4.854368932038835,0.0,7.281553398058253,0.0,2.4271844660194173,0.0,0.0,9.70873786407767,0.0,0.0,9.70873786407767,0.0,7.281553398058253,0.0,0.0,0.0,0.0,2.4271844660194173,0.0,0.0,0.0,0.0,133.49514563106797,126.2135922330097,4.854368932038835,41.2621359223301,0.5390243902439025,5.8951219512195125,7.281553398058253,2.4271844660194173,0.0,0.0,2.4271844660194173,0.0,14.563106796116505,4.854368932038835,0.0,0.0,0.0,4.854368932038835,7.281553398058253,0.0,0.0,0.0,0.0,0.0,7.281553398058253,21.844660194174757,2.4271844660194173,0.0,4.854368932038835
N13-1132,0.0,6.928406466512702,53.11778290993072,2.3094688221709005,2.3094688221709005,18.475750577367204,0.0,4.618937644341801,4.618937644341801,2.3094688221709005,0.0,0.0,13.856812933025404,53.11778290993072,6.928406466512702,274.8267898383372,0.0,0.0,16.166281755196305,0.0,4.618937644341801,0.0,0.0,13.856812933025404,11.547344110854503,2.3094688221709005,0.0,0.0,6.928406466512702,0.0,2.3094688221709005,0.0,0.0,2.3094688221709005,0.0,0.0,0.0,2.3094688221709005,122.40184757505773,96.99769053117784,6.928406466512702,48.49884526558892,0.5704387990762124,5.97459584295612,6.928406466512702,0.0,0.0,0.0,4.618937644341801,0.0,13.856812933025404,4.618937644341801,0.0,0.0,4.618937644341801,13.856812933025404,0.0,0.0,0.0,0.0,0.0,4.618937644341801,6.928406466512702,30.023094688221708,2.3094688221709005,0.0,0.0
N15-1033,0.0,7.371007371007371,56.511056511056516,4.914004914004914,4.914004914004914,22.11302211302211,0.0,0.0,0.0,4.914004914004914,0.0,2.457002457002457,24.570024570024568,58.96805896805897,4.914004914004914,257.985257985258,9.828009828009828,0.0,22.11302211302211,2.457002457002457,2.457002457002457,0.0,0.0,27.027027027027028,2.457002457002457,0.0,0.0,0.0,4.914004914004914,0.0,0.0,0.0,0.0,0.0,0.0,0.0,0.0,4.914004914004914,125.30712530712532,117.93611793611794,9.828009828009828,54.054054054054056,0.4729064039408867,5.724137931034483,2.457002457002457,0.0,0.0,0.0,2.457002457002457,0.0,12.285012285012284,4.914004914004914,0.0,2.457002457002457,0.0,7.371007371007371,9.828009828009828,0.0,0.0,2.457002457002457,0.0,0.0,2.457002457002457,2.457002457002457,2.457002457002457,0.0,2.457002457002457
N15-1042,0.0,4.819277108433735,67.46987951807229,2.4096385542168677,0.0,14.457831325301205,0.0,9.63855421686747,2.4096385542168677,2.4096385542168677,0.0,0.0,9.63855421686747,74.6987951807229,7.228915662650603,226.50602409638554,0.0,0.0,14.457831325301205,0.0,2.4096385542168677,0.0,0.0,14.457831325301205,4.819277108433735,0.0,9.63855421686747,0.0,9.63855421686747,0.0,0.0,0.0,0.0,0.0,0.0,0.0,0.0,2.4096385542168677,125.30120481927712,115.66265060240964,7.228915662650603,45.78313253012048,0.533816425120773,6.205314009661835,7.228915662650603,2.4096385542168677,0.0,2.4096385542168677,2.4096385542168677,0.0,16.867469879518072,0.0,0.0,0.0,0.0,7.228915662650603,7.228915662650603,0.0,0.0,0.0,0.0,0.0,0.0,26.50602409638554,2.4096385542168677,0.0,4.819277108433735
N15-1056,0.0,7.246376811594203,74.8792270531401,9.66183574879227,0.0,12.077294685990339,0.0,2.4154589371980677,12.077294685990339,2.4154589371980677,0.0,0.0,16.908212560386474,53.14009661835749,24.154589371980677,231.8840579710145,2.4154589371980677,2.4154589371980677,21.73913043478261,0.0,7.246376811594203,0.0,0.0,7.246376811594203,4.830917874396135,0.0,9.66183574879227,0.0,12.077294685990339,0.0,2.4154589371980677,0.0,0.0,0.0,0.0,0.0,0.0,7.246376811594203,140.09661835748793,96.61835748792271,0.0,45.893719806763286,0.5097087378640777,5.87621359223301,4.830917874396135,4.830917874396135,0.0,0.0,2.4154589371980677,0.0,12.077294685990339,2.4154589371980677,0.0,2.4154589371980677,9.66183574879227,7.246376811594203,7.246376811594203,0.0,0.0,0.0,0.0,0.0,2.4154589371980677,19.32367149758454,4.830917874396135,0.0,4.830917874396135
N15-1065,0.0,2.304147465437788,69.12442396313365,2.304147465437788,0.0,13.82488479262673,0.0,6.912442396313365,4.608294930875576,0.0,0.0,0.0,29.953917050691242,59.907834101382484,4.608294930875576,255.76036866359448,9.216589861751151,4.608294930875576,13.82488479262673,0.0,4.608294930875576,0.0,0.0,16.129032258064516,4.608294930875576,0.0,0.0,0.0,18.433179723502302,0.0,0.0,0.0,0.0,4.608294930875576,0.0,0.0,0.0,0.0,131.3364055299539,94.4700460829493,2.304147465437788,50.69124423963134,0.5324074074074074,5.738425925925926,6.912442396313365,0.0,0.0,2.304147465437788,0.0,0.0,18.433179723502302,4.608294930875576,0.0,0.0,4.608294930875576,6.912442396313365,0.0,0.0,0.0,0.0,0.0,2.304147465437788,9.216589861751151,16.129032258064516,2.304147465437788,0.0,2.304147465437788
N15-1094,0.0,4.938271604938271,59.25925925925926,0.0,0.0,14.814814814814815,0.0,2.4691358024691357,9.876543209876543,2.4691358024691357,0.0,0.0,19.753086419753085,51.85185185185185,4.938271604938271,254.320987654321,4.938271604938271,0.0,9.876543209876543,0.0,0.0,0.0,0.0,17.28395061728395,7.407407407407407,0.0,0.0,2.4691358024691357,2.4691358024691357,0.0,0.0,0.0,2.4691358024691357,4.938271604938271,0.0,0.0,0.0,7.407407407407407,140.74074074074076,111.1111111111111,7.407407407407407,54.32098765432099,0.528395061728395,6.1802469135802465,4.938271604938271,0.0,0.0,0.0,2.4691358024691357,0.0,9.876543209876543,2.4691358024691357,0.0,0.0,9.876543209876543,2.4691358024691357,7.407407407407407,0.0,0.0,0.0,0.0,2.4691358024691357,4.938271604938271,17.28395061728395,0.0,0.0,0.0
N15-1107,0.0,14.184397163120567,56.737588652482266,7.092198581560283,0.0,16.548463356973993,0.0,2.3640661938534278,4.7281323877068555,0.0,0.0,0.0,11.82033096926714,56.737588652482266,14.184397163120567,238.77068557919623,2.3640661938534278,0.0,4.7281323877068555,0.0,4.7281323877068555,0.0,0.0,16.548463356973993,7.092198581560283,2.3640661938534278,0.0,0.0,7.092198581560283,0.0,0.0,0.0,0.0,2.3640661938534278,0.0,0.0,0.0,7.092198581560283,146.5721040189125,120.56737588652481,0.0,28.368794326241133,0.5260663507109005,6.151658767772512,4.7281323877068555,2.3640661938534278,0.0,0.0,0.0,0.0,14.184397163120567,2.3640661938534278,0.0,0.0,4.7281323877068555,11.82033096926714,9.456264775413711,0.0,0.0,0.0,0.0,0.0,2.3640661938534278,14.184397163120567,0.0,0.0,2.3640661938534278
N15-1149,0.0,5.012531328320802,62.65664160401002,2.506265664160401,0.0,22.55639097744361,0.0,2.506265664160401,0.0,5.012531328320802,0.0,0.0,17.543859649122805,55.13784461152882,10.025062656641603,273.1829573934837,5.012531328320802,0.0,12.531328320802004,0.0,2.506265664160401,0.0,0.0,17.543859649122805,2.506265664160401,0.0,5.012531328320802,0.0,10.025062656641603,0.0,0.0,0.0,0.0,2.506265664160401,0.0,0.0,0.0,2.506265664160401,127.81954887218045,95.23809523809523,2.506265664160401,55.13784461152882,0.542713567839196,6.027638190954774,5.012531328320802,2.506265664160401,0.0,0.0,0.0,0.0,7.518796992481203,2.506265664160401,0.0,0.0,0.0,5.012531328320802,7.518796992481203,0.0,0.0,0.0,0.0,7.518796992481203,10.025062656641603,15.037593984962406,2.506265664160401,0.0,2.506265664160401
N15-1157,0.0,7.281553398058253,55.8252427184466,0.0,0.0,16.990291262135923,0.0,0.0,7.281553398058253,0.0,0.0,2.4271844660194173,12.135922330097086,33.980582524271846,21.844660194174757,262.13592233009706,14.563106796116505,0.0,12.135922330097086,0.0,7.281553398058253,0.0,0.0,14.563106796116505,4.854368932038835,0.0,2.4271844660194173,0.0,7.281553398058253,0.0,0.0,0.0,0.0,2.4271844660194173,0.0,0.0,0.0,4.854368932038835,101.94174757281553,162.62135922330097,7.281553398058253,41.2621359223301,0.5790754257907542,5.788321167883212,2.4271844660194173,2.4271844660194173,0.0,2.4271844660194173,2.4271844660194173,0.0,12.135922330097086,7.281553398058253,0.0,0.0,4.854368932038835,12.135922330097086,7.281553398058253,0.0,0.0,0.0,0.0,0.0,7.281553398058253,7.281553398058253,0.0,0.0,4.854368932038835
N16-1051,0.0,2.3866348448687353,50.11933174224344,0.0,2.3866348448687353,4.773269689737471,0.0,2.3866348448687353,0.0,2.3866348448687353,0.0,0.0,14.319809069212411,97.85202863961814,7.159904534606206,252.9832935560859,7.159904534606206,0.0,7.159904534606206,0.0,2.3866348448687353,0.0,0.0,16.706443914081145,2.3866348448687353,2.3866348448687353,4.773269689737471,7.159904534606206,7.159904534606206,0.0,0.0,0.0,0.0,2.3866348448687353,0.0,0.0,0.0,4.773269689737471,126.49164677804295,105.01193317422434,4.773269689737471,42.959427207637226,0.5539568345323741,6.093525179856115,4.773269689737471,2.3866348448687353,0.0,0.0,0.0,0.0,14.319809069212411,9.546539379474941,0.0,0.0,0.0,9.546539379474941,7.159904534606206,0.0,0.0,0.0,0.0,0.0,0.0,11.933174224343675,0.0,0.0,2.3866348448687353
N16-1055,0.0,0.0,62.64501160092807,0.0,2.320185614849188,9.280742459396752,0.0,9.280742459396752,2.320185614849188,0.0,0.0,0.0,18.561484918793504,78.88631090487239,16.241299303944317,201.85614849187937,2.320185614849188,0.0,9.280742459396752,0.0,2.320185614849188,0.0,0.0,9.280742459396752,9.280742459396752,0.0,0.0,0.0,9.280742459396752,0.0,0.0,0.0,0.0,9.280742459396752,0.0,0.0,0.0,4.640371229698376,120.64965197215777,155.4524361948956,2.320185614849188,55.68445475638051,0.5221445221445221,6.393939393939394,6.960556844547564,2.320185614849188,0.0,0.0,6.960556844547564,0.0,11.600928074245939,0.0,0.0,0.0,0.0,6.960556844547564,6.960556844547564,0.0,0.0,0.0,0.0,2.320185614849188,4.640371229698376,25.522041763341065,2.320185614849188,0.0,4.640371229698376
N16-1088,0.0,2.4096385542168677,45.78313253012048,4.819277108433735,0.0,0.0,0.0,0.0,2.4096385542168677,0.0,0.0,0.0,9.63855421686747,60.24096385542169,14.457831325301205,236.144578313253,7.228915662650603,0.0,4.819277108433735,0.0,0.0,0.0,0.0,12.048192771084338,4.819277108433735,0.0,2.4096385542168677,0.0,4.819277108433735,0.0,0.0,0.0,0.0,2.4096385542168677,0.0,0.0,0.0,4.819277108433735,132.53012048192772,163.855421686747,2.4096385542168677,33.734939759036145,0.5434782608695652,5.966183574879227,4.819277108433735,2.4096385542168677,0.0,0.0,9.63855421686747,0.0,16.867469879518072,4.819277108433735,0.0,0.0,2.4096385542168677,4.819277108433735,2.4096385542168677,0.0,0.0,2.4096385542168677,2.4096385542168677,0.0,0.0,24.096385542168676,0.0,0.0,2.4096385542168677
N16-1098,0.0,2.4691358024691357,59.25925925925926,0.0,0.0,4.938271604938271,0.0,2.4691358024691357,9.876543209876543,0.0,0.0,0.0,19.753086419753085,49.382716049382715,24.691358024691358,232.09876543209876,9.876543209876543,0.0,12.345679012345679,0.0,2.4691358024691357,0.0,0.0,32.098765432098766,7.407407407407407,0.0,7.407407407407407,0.0,19.753086419753085,0.0,0.0,0.0,0.0,0.0,2.4691358024691357,0.0,0.0,4.938271604938271,103.7037037037037,88.88888888888889,4.938271604938271,44.44444444444444,0.5223880597014925,5.659203980099503,2.4691358024691357,2.4691358024691357,0.0,0.0,4.938271604938271,0.0,17.28395061728395,7.407407407407407,0.0,0.0,2.4691358024691357,19.753086419753085,7.407407407407407,0.0,0.0,0.0,0.0,0.0,4.938271604938271,19.753086419753085,4.938271604938271,0.0,4.938271604938271
N16-1116,0.0,0.0,56.65024630541872,0.0,0.0,14.778325123152708,0.0,0.0,2.4630541871921183,2.4630541871921183,0.0,0.0,17.241379310344826,61.576354679802954,17.241379310344826,266.00985221674875,7.389162561576354,0.0,19.704433497536947,0.0,2.4630541871921183,0.0,0.0,12.315270935960593,14.778325123152708,0.0,2.4630541871921183,0.0,9.852216748768473,0.0,0.0,0.0,0.0,4.926108374384237,0.0,0.0,0.0,2.4630541871921183,125.61576354679804,98.52216748768474,4.926108374384237,41.87192118226601,0.5411471321695761,5.9351620947630925,0.0,2.4630541871921183,0.0,2.4630541871921183,12.315270935960593,0.0,12.315270935960593,7.389162561576354,0.0,0.0,0.0,12.315270935960593,7.389162561576354,0.0,0.0,0.0,0.0,2.4630541871921183,7.389162561576354,22.167487684729064,0.0,0.0,2.4630541871921183
N18-1015,0.0,7.263922518159807,67.79661016949153,0.0,0.0,9.685230024213075,0.0,0.0,4.842615012106537,2.4213075060532687,0.0,0.0,26.634382566585955,55.69007263922518,0.0,261.50121065375305,9.685230024213075,0.0,16.949152542372882,0.0,7.263922518159807,0.0,0.0,4.842615012106537,19.37046004842615,0.0,0.0,0.0,24.213075060532688,0.0,0.0,0.0,0.0,0.0,0.0,0.0,0.0,2.4213075060532687,106.53753026634382,75.06053268765133,2.4213075060532687,72.63922518159806,0.5024271844660194,5.815533980582524,2.4213075060532687,4.842615012106537,0.0,0.0,9.685230024213075,0.0,19.37046004842615,9.685230024213075,0.0,0.0,2.4213075060532687,9.685230024213075,4.842615012106537,0.0,0.0,0.0,0.0,0.0,4.842615012106537,26.634382566585955,4.842615012106537,0.0,7.263922518159807
N18-1039,0.0,0.0,69.1358024691358,0.0,4.938271604938271,12.345679012345679,0.0,0.0,4.938271604938271,2.4691358024691357,0.0,0.0,24.691358024691358,66.66666666666667,14.814814814814815,192.59259259259258,12.345679012345679,4.938271604938271,12.345679012345679,0.0,7.407407407407407,0.0,4.938271604938271,14.814814814814815,7.407407407407407,0.0,7.407407407407407,2.4691358024691357,9.876543209876543,0.0,0.0,0.0,0.0,0.0,0.0,0.0,0.0,2.4691358024691357,116.04938271604938,145.679012345679,2.4691358024691357,59.25925925925926,0.5111111111111111,5.972839506172839,7.407407407407407,2.4691358024691357,0.0,0.0,2.4691358024691357,0.0,19.753086419753085,9.876543209876543,0.0,0.0,7.407407407407407,27.160493827160494,9.876543209876543,0.0,0.0,0.0,0.0,0.0,4.938271604938271,9.876543209876543,0.0,0.0,4.938271604938271
N18-1087,0.0,2.4813895781637716,49.62779156327544,0.0,0.0,14.88833746898263,0.0,2.4813895781637716,2.4813895781637716,0.0,0.0,0.0,9.925558312655086,76.92307692307693,2.4813895781637716,248.13895781637717,2.4813895781637716,2.4813895781637716,12.40694789081886,0.0,2.4813895781637716,0.0,0.0,12.40694789081886,9.925558312655086,0.0,2.4813895781637716,0.0,2.4813895781637716,0.0,0.0,0.0,0.0,4.962779156327543,0.0,0.0,0.0,4.962779156327543,126.55086848635236,133.99503722084367,9.925558312655086,47.146401985111666,0.556390977443609,6.2631578947368425,2.4813895781637716,0.0,0.0,0.0,4.962779156327543,0.0,14.88833746898263,0.0,0.0,0.0,0.0,4.962779156327543,2.4813895781637716,0.0,0.0,0.0,0.0,0.0,2.4813895781637716,24.81389578163772,2.4813895781637716,0.0,0.0
N18-1186,0.0,4.807692307692308,48.07692307692308,0.0,2.403846153846154,19.230769230769234,0.0,2.403846153846154,0.0,2.403846153846154,0.0,0.0,12.01923076923077,64.90384615384616,14.423076923076923,252.40384615384613,0.0,0.0,7.211538461538462,0.0,2.403846153846154,0.0,0.0,16.826923076923077,4.807692307692308,2.403846153846154,2.403846153846154,0.0,9.615384615384617,0.0,0.0,0.0,0.0,0.0,0.0,0.0,0.0,0.0,115.38461538461539,93.75,0.0,55.28846153846153,0.5472154963680388,6.033898305084746,0.0,4.807692307692308,0.0,0.0,2.403846153846154,0.0,12.01923076923077,2.403846153846154,0.0,0.0,2.403846153846154,12.01923076923077,7.211538461538462,0.0,0.0,0.0,0.0,0.0,0.0,12.01923076923077,2.403846153846154,0.0,4.807692307692308
P09-1042,0.0,4.901960784313726,56.372549019607845,0.0,0.0,12.254901960784313,0.0,0.0,2.450980392156863,2.450980392156863,0.0,0.0,12.254901960784313,41.666666666666664,0.0,281.8627450980392,0.0,0.0,14.705882352941176,0.0,2.450980392156863,0.0,0.0,9.803921568627452,4.901960784313726,0.0,4.901960784313726,2.450980392156863,4.901960784313726,0.0,0.0,0.0,0.0,2.450980392156863,0.0,0.0,0.0,4.901960784313726,142.15686274509804,142.15686274509804,4.901960784313726,53.92156862745098,0.5724815724815725,6.157248157248158,7.352941176470588,0.0,0.0,4.901960784313726,9.803921568627452,0.0,14.705882352941176,0.0,0.0,0.0,0.0,4.901960784313726,4.901960784313726,0.0,0.0,0.0,0.0,0.0,2.450980392156863,14.705882352941176,0.0,0.0,0.0
P09-1059,0.0,0.0,42.05607476635514,9.345794392523365,0.0,9.345794392523365,0.0,0.0,0.0,4.672897196261682,0.0,0.0,7.009345794392523,72.42990654205607,7.009345794392523,257.0093457943925,0.0,0.0,11.682242990654204,7.009345794392523,0.0,0.0,0.0,4.672897196261682,7.009345794392523,0.0,4.672897196261682,0.0,4.672897196261682,0.0,0.0,0.0,0.0,0.0,0.0,0.0,0.0,2.336448598130841,137.8504672897196,84.11214953271028,0.0,60.74766355140187,0.5437352245862884,5.959810874704492,9.345794392523365,4.672897196261682,0.0,0.0,7.009345794392523,2.336448598130841,11.682242990654204,4.672897196261682,0.0,0.0,0.0,7.009345794392523,2.336448598130841,0.0,0.0,0.0,0.0,0.0,0.0,37.38317757009346,0.0,0.0,4.672897196261682
P09-1066,0.0,2.403846153846154,55.28846153846153,2.403846153846154,0.0,9.615384615384617,0.0,9.615384615384617,0.0,2.403846153846154,0.0,0.0,7.211538461538462,72.11538461538461,24.03846153846154,298.0769230769231,4.807692307692308,0.0,2.403846153846154,0.0,7.211538461538462,0.0,0.0,12.01923076923077,12.01923076923077,0.0,9.615384615384617,0.0,2.403846153846154,0.0,0.0,0.0,0.0,2.403846153846154,0.0,0.0,0.0,2.403846153846154,134.6153846153846,103.36538461538461,0.0,45.67307692307692,0.5649038461538461,6.096153846153846,9.615384615384617,2.403846153846154,0.0,0.0,4.807692307692308,0.0,2.403846153846154,2.403846153846154,0.0,0.0,2.403846153846154,7.211538461538462,12.01923076923077,0.0,0.0,0.0,0.0,7.211538461538462,7.211538461538462,16.826923076923077,4.807692307692308,0.0,2.403846153846154
P09-1088,0.0,2.4691358024691357,69.1358024691358,2.4691358024691357,2.4691358024691357,12.345679012345679,0.0,7.407407407407407,0.0,0.0,0.0,0.0,27.160493827160494,69.1358024691358,4.938271604938271,246.91358024691357,2.4691358024691357,2.4691358024691357,14.814814814814815,0.0,0.0,0.0,0.0,14.814814814814815,4.938271604938271,0.0,2.4691358024691357,2.4691358024691357,14.814814814814815,0.0,0.0,0.0,0.0,4.938271604938271,0.0,0.0,0.0,4.938271604938271,123.45679012345678,106.17283950617285,2.4691358024691357,59.25925925925926,0.5234567901234568,6.1802469135802465,9.876543209876543,2.4691358024691357,0.0,2.4691358024691357,2.4691358024691357,0.0,22.22222222222222,0.0,0.0,0.0,0.0,12.345679012345679,2.4691358024691357,0.0,0.0,0.0,0.0,2.4691358024691357,4.938271604938271,19.753086419753085,0.0,0.0,2.4691358024691357
P09-1099,13.856812933025404,2.3094688221709005,43.87990762124711,2.3094688221709005,0.0,4.618937644341801,0.0,4.618937644341801,4.618937644341801,0.0,0.0,0.0,11.547344110854503,85.45034642032333,11.547344110854503,265.58891454965357,4.618937644341801,2.3094688221709005,16.166281755196305,0.0,2.3094688221709005,0.0,2.3094688221709005,9.237875288683602,4.618937644341801,0.0,6.928406466512702,0.0,4.618937644341801,0.0,0.0,0.0,0.0,2.3094688221709005,0.0,0.0,0.0,9.237875288683602,120.09237875288683,85.45034642032333,4.618937644341801,41.57043879907621,0.5127610208816705,6.037122969837587,2.3094688221709005,4.618937644341801,0.0,2.3094688221709005,6.928406466512702,0.0,11.547344110854503,4.618937644341801,0.0,0.0,4.618937644341801,9.237875288683602,9.237875288683602,0.0,0.0,0.0,0.0,2.3094688221709005,2.3094688221709005,27.71362586605081,2.3094688221709005,0.0,6.928406466512702
P09-1103,0.0,9.950248756218905,57.21393034825871,0.0,0.0,2.487562189054726,0.0,4.975124378109452,0.0,2.487562189054726,0.0,0.0,17.412935323383085,59.701492537313435,4.975124378109452,266.16915422885575,7.462686567164179,0.0,7.462686567164179,0.0,2.487562189054726,0.0,0.0,14.925373134328359,9.950248756218905,0.0,7.462686567164179,0.0,7.462686567164179,0.0,0.0,0.0,0.0,7.462686567164179,0.0,0.0,0.0,7.462686567164179,111.94029850746269,134.32835820895522,4.975124378109452,34.82587064676617,0.5236907730673317,6.049875311720698,9.950248756218905,2.487562189054726,0.0,2.487562189054726,2.487562189054726,0.0,14.925373134328359,2.487562189054726,2.487562189054726,0.0,2.487562189054726,4.975124378109452,17.412935323383085,0.0,0.0,2.487562189054726,0.0,2.487562189054726,4.975124378109452,29.850746268656717,4.975124378109452,0.0,2.487562189054726
P09-1113,2.375296912114014,2.375296912114014,59.38242280285035,0.0,0.0,19.002375296912113,0.0,0.0,7.125890736342043,4.750593824228028,0.0,0.0,21.377672209026127,83.1353919239905,4.750593824228028,239.90498812351544,4.750593824228028,0.0,14.251781472684087,2.375296912114014,2.375296912114014,0.0,0.0,14.251781472684087,4.750593824228028,0.0,0.0,4.750593824228028,14.251781472684087,0.0,0.0,0.0,0.0,7.125890736342043,0.0,2.375296912114014,0.0,7.125890736342043,133.0166270783848,90.26128266033254,2.375296912114014,40.38004750593824,0.5502392344497608,5.923444976076555,9.501187648456057,0.0,0.0,2.375296912114014,2.375296912114014,0.0,16.6270783847981,7.125890736342043,0.0,0.0,2.375296912114014,7.125890736342043,4.750593824228028,2.375296912114014,0.0,0.0,0.0,4.750593824228028,4.750593824228028,16.6270783847981,2.375296912114014,0.0,0.0
P10-1013,0.0,2.4330900243309004,60.82725060827251,2.4330900243309004,0.0,0.0,0.0,4.866180048661801,19.464720194647203,0.0,0.0,0.0,19.464720194647203,51.09489051094891,7.299270072992701,257.9075425790754,9.732360097323602,2.4330900243309004,9.732360097323602,0.0,0.0,0.0,0.0,26.7639902676399,9.732360097323602,0.0,4.866180048661801,2.4330900243309004,2.4330900243309004,0.0,0.0,0.0,0.0,7.299270072992701,0.0,0.0,0.0,7.299270072992701,131.38686131386862,102.18978102189782,4.866180048661801,53.5279805352798,0.5585365853658537,5.721951219512195,9.732360097323602,2.4330900243309004,0.0,0.0,4.866180048661801,0.0,17.0316301703163,2.4330900243309004,0.0,0.0,2.4330900243309004,2.4330900243309004,7.299270072992701,0.0,0.0,0.0,0.0,2.4330900243309004,9.732360097323602,24.330900243309003,0.0,0.0,0.0
P10-1023,0.0,4.716981132075471,51.88679245283019,9.433962264150942,0.0,0.0,0.0,0.0,9.433962264150942,0.0,0.0,0.0,9.433962264150942,49.528301886792455,7.0754716981132075,257.07547169811323,4.716981132075471,0.0,7.0754716981132075,0.0,0.0,0.0,0.0,11.79245283018868,7.0754716981132075,2.3584905660377355,0.0,0.0,9.433962264150942,0.0,0.0,0.0,0.0,0.0,0.0,0.0,0.0,2.3584905660377355,120.28301886792453,162.73584905660377,4.716981132075471,42.45283018867924,0.5106382978723404,6.16548463356974,2.3584905660377355,4.716981132075471,0.0,0.0,4.716981132075471,0.0,11.79245283018868,0.0,0.0,0.0,0.0,2.3584905660377355,2.3584905660377355,0.0,0.0,0.0,0.0,0.0,2.3584905660377355,21.22641509433962,2.3584905660377355,0.0,4.716981132075471
P10-1042,0.0,4.796163069544364,52.75779376498801,0.0,0.0,0.0,0.0,4.796163069544364,7.194244604316547,0.0,0.0,0.0,21.58273381294964,71.94244604316546,2.398081534772182,302.158273381295,9.592326139088728,0.0,7.194244604316547,0.0,2.398081534772182,0.0,0.0,19.184652278177456,11.990407673860911,0.0,4.796163069544364,2.398081534772182,4.796163069544364,0.0,0.0,0.0,0.0,4.796163069544364,0.0,0.0,0.0,0.0,110.31175059952038,76.73860911270982,2.398081534772182,57.55395683453238,0.5083932853717026,6.191846522781774,7.194244604316547,2.398081534772182,0.0,0.0,0.0,0.0,14.388489208633095,7.194244604316547,0.0,0.0,2.398081534772182,7.194244604316547,9.592326139088728,0.0,0.0,0.0,0.0,2.398081534772182,9.592326139088728,16.786570743405274,4.796163069544364,0.0,2.398081534772182
P10-1121,0.0,7.009345794392523,79.43925233644859,0.0,2.336448598130841,9.345794392523365,0.0,7.009345794392523,7.009345794392523,2.336448598130841,0.0,0.0,21.02803738317757,28.037383177570092,28.037383177570092,273.3644859813084,11.682242990654204,0.0,7.009345794392523,0.0,4.672897196261682,0.0,2.336448598130841,9.345794392523365,7.009345794392523,0.0,2.336448598130841,2.336448598130841,11.682242990654204,0.0,0.0,0.0,0.0,2.336448598130841,0.0,0.0,0.0,4.672897196261682,112.14953271028037,100.46728971962617,2.336448598130841,46.72897196261682,0.528169014084507,6.126760563380282,7.009345794392523,0.0,0.0,0.0,2.336448598130841,0.0,9.345794392523365,4.672897196261682,0.0,0.0,4.672897196261682,14.018691588785046,2.336448598130841,0.0,0.0,0.0,0.0,0.0,4.672897196261682,14.018691588785046,0.0,0.0,2.336448598130841
P11-1011,0.0,0.0,57.55395683453238,2.398081534772182,2.398081534772182,19.184652278177456,0.0,2.398081534772182,4.796163069544364,2.398081534772182,0.0,0.0,9.592326139088728,59.95203836930456,7.194244604316547,287.76978417266184,9.592326139088728,0.0,4.796163069544364,0.0,0.0,0.0,0.0,14.388489208633095,4.796163069544364,0.0,4.796163069544364,0.0,4.796163069544364,0.0,0.0,0.0,0.0,2.398081534772182,0.0,0.0,0.0,0.0,124.70023980815348,110.31175059952038,2.398081534772182,55.15587529976019,0.5443645083932853,6.0,4.796163069544364,4.796163069544364,0.0,0.0,4.796163069544364,0.0,11.990407673860911,0.0,0.0,0.0,0.0,7.194244604316547,2.398081534772182,0.0,0.0,0.0,0.0,0.0,4.796163069544364,14.388489208633095,0.0,0.0,4.796163069544364
P11-1012,2.457002457002457,2.457002457002457,61.42506142506143,0.0,0.0,7.371007371007371,0.0,4.914004914004914,7.371007371007371,2.457002457002457,0.0,0.0,14.742014742014742,61.42506142506143,17.1990171990172,316.95331695331697,4.914004914004914,2.457002457002457,9.828009828009828,0.0,4.914004914004914,0.0,0.0,9.828009828009828,7.371007371007371,0.0,2.457002457002457,0.0,2.457002457002457,0.0,0.0,0.0,0.0,0.0,0.0,2.457002457002457,0.0,4.914004914004914,142.5061425061425,49.140049140049136,2.457002457002457,54.054054054054056,0.4482758620689655,5.847290640394089,7.371007371007371,0.0,0.0,0.0,7.371007371007371,0.0,19.656019656019655,9.828009828009828,0.0,0.0,0.0,9.828009828009828,4.914004914004914,0.0,0.0,0.0,0.0,0.0,2.457002457002457,14.742014742014742,0.0,0.0,0.0
P11-1031,0.0,0.0,75.24271844660194,2.4271844660194173,0.0,26.699029126213592,0.0,7.281553398058253,4.854368932038835,0.0,0.0,0.0,21.844660194174757,65.53398058252426,14.563106796116505,262.13592233009706,9.70873786407767,2.4271844660194173,7.281553398058253,0.0,4.854368932038835,0.0,0.0,12.135922330097086,12.135922330097086,0.0,0.0,2.4271844660194173,12.135922330097086,0.0,0.0,0.0,0.0,2.4271844660194173,0.0,0.0,0.0,4.854368932038835,131.06796116504853,77.66990291262135,0.0,41.2621359223301,0.5245098039215687,5.845588235294118,4.854368932038835,4.854368932038835,0.0,0.0,12.135922330097086,0.0,12.135922330097086,2.4271844660194173,0.0,0.0,2.4271844660194173,19.41747572815534,4.854368932038835,0.0,0.0,2.4271844660194173,0.0,0.0,0.0,21.844660194174757,2.4271844660194173,0.0,4.854368932038835
P11-1072,2.4752475247524752,7.425742574257425,54.45544554455446,0.0,0.0,12.376237623762377,0.0,9.900990099009901,0.0,0.0,0.0,0.0,14.85148514851485,71.78217821782178,2.4752475247524752,279.7029702970297,7.425742574257425,0.0,9.900990099009901,0.0,2.4752475247524752,0.0,0.0,9.900990099009901,9.900990099009901,2.4752475247524752,2.4752475247524752,0.0,9.900990099009901,0.0,0.0,0.0,0.0,2.4752475247524752,0.0,0.0,0.0,4.9504950495049505,133.66336633663366,111.38613861386139,2.4752475247524752,47.02970297029703,0.5660847880299252,5.708229426433915,4.9504950495049505,0.0,0.0,0.0,4.9504950495049505,0.0,22.277227722772277,4.9504950495049505,0.0,0.0,0.0,9.900990099009901,4.9504950495049505,0.0,0.0,0.0,0.0,0.0,2.4752475247524752,17.32673267326733,2.4752475247524752,0.0,4.9504950495049505
P11-1097,0.0,7.389162561576354,59.11330049261083,9.852216748768473,0.0,7.389162561576354,0.0,2.4630541871921183,7.389162561576354,7.389162561576354,0.0,0.0,24.630541871921185,39.40886699507389,9.852216748768473,310.3448275862069,2.4630541871921183,2.4630541871921183,9.852216748768473,0.0,2.4630541871921183,0.0,2.4630541871921183,9.852216748768473,4.926108374384237,0.0,2.4630541871921183,0.0,4.926108374384237,0.0,0.0,0.0,2.4630541871921183,2.4630541871921183,0.0,0.0,0.0,7.389162561576354,142.85714285714286,83.74384236453201,2.4630541871921183,51.724137931034484,0.5492610837438424,5.541871921182266,4.926108374384237,2.4630541871921183,0.0,2.4630541871921183,2.4630541871921183,0.0,7.389162561576354,4.926108374384237,0.0,0.0,2.4630541871921183,12.315270935960593,2.4630541871921183,0.0,0.0,0.0,0.0,0.0,2.4630541871921183,22.167487684729064,2.4630541871921183,0.0,2.4630541871921183
P11-1101,0.0,2.4813895781637716,54.59057071960298,0.0,0.0,9.925558312655086,0.0,0.0,0.0,0.0,0.0,0.0,24.81389578163772,69.4789081885856,2.4813895781637716,245.6575682382134,7.444168734491315,0.0,7.444168734491315,0.0,2.4813895781637716,0.0,0.0,19.851116625310173,0.0,0.0,2.4813895781637716,0.0,12.40694789081886,0.0,0.0,0.0,0.0,2.4813895781637716,0.0,0.0,2.4813895781637716,0.0,126.55086848635236,76.92307692307693,4.962779156327543,62.03473945409429,0.5037406483790524,5.917705735660848,4.962779156327543,2.4813895781637716,0.0,2.4813895781637716,7.444168734491315,0.0,22.332506203473944,12.40694789081886,0.0,0.0,4.962779156327543,2.4813895781637716,2.4813895781637716,0.0,0.0,0.0,0.0,2.4813895781637716,4.962779156327543,22.332506203473944,0.0,0.0,0.0
P11-1114,0.0,4.854368932038835,67.96116504854369,0.0,0.0,14.563106796116505,0.0,4.854368932038835,9.70873786407767,2.4271844660194173,0.0,0.0,21.844660194174757,48.543689320388346,7.281553398058253,276.6990291262136,12.135922330097086,2.4271844660194173,9.70873786407767,0.0,2.4271844660194173,0.0,0.0,21.844660194174757,4.854368932038835,0.0,2.4271844660194173,4.854368932038835,14.563106796116505,0.0,0.0,0.0,0.0,7.281553398058253,0.0,0.0,0.0,4.854368932038835,116.50485436893204,87.37864077669903,2.4271844660194173,50.970873786407765,0.5341463414634147,5.817073170731708,0.0,0.0,0.0,0.0,2.4271844660194173,0.0,12.135922330097086,0.0,0.0,0.0,4.854368932038835,7.281553398058253,7.281553398058253,2.4271844660194173,0.0,0.0,0.0,4.854368932038835,9.70873786407767,19.41747572815534,0.0,0.0,4.854368932038835
P11-1156,0.0,9.615384615384617,67.3076923076923,2.403846153846154,0.0,12.01923076923077,0.0,0.0,7.211538461538462,0.0,0.0,0.0,16.826923076923077,31.25,16.826923076923077,269.2307692307692,12.01923076923077,0.0,2.403846153846154,0.0,4.807692307692308,0.0,0.0,21.634615384615383,7.211538461538462,0.0,2.403846153846154,0.0,12.01923076923077,0.0,0.0,0.0,0.0,4.807692307692308,0.0,0.0,0.0,0.0,132.21153846153845,134.6153846153846,0.0,40.86538461538461,0.5552884615384616,5.9639423076923075,4.807692307692308,2.403846153846154,0.0,0.0,7.211538461538462,0.0,19.230769230769234,2.403846153846154,0.0,0.0,0.0,12.01923076923077,2.403846153846154,0.0,0.0,0.0,0.0,0.0,7.211538461538462,9.615384615384617,0.0,0.0,2.403846153846154
P12-1020,0.0,4.975124378109452,67.16417910447761,0.0,2.487562189054726,4.975124378109452,0.0,7.462686567164179,7.462686567164179,0.0,0.0,0.0,19.90049751243781,74.62686567164178,12.437810945273633,196.51741293532336,7.462686567164179,0.0,9.950248756218905,0.0,2.487562189054726,0.0,4.975124378109452,7.462686567164179,4.975124378109452,0.0,4.975124378109452,0.0,9.950248756218905,0.0,0.0,0.0,2.487562189054726,2.487562189054726,0.0,0.0,0.0,4.975124378109452,146.76616915422886,104.4776119402985,4.975124378109452,44.776119402985074,0.5187032418952618,5.670822942643391,12.437810945273633,0.0,0.0,0.0,4.975124378109452,0.0,27.36318407960199,7.462686567164179,0.0,0.0,7.462686567164179,19.90049751243781,12.437810945273633,4.975124378109452,0.0,0.0,0.0,0.0,2.487562189054726,14.925373134328359,4.975124378109452,0.0,9.950248756218905
P12-1027,0.0,0.0,50.925925925925924,0.0,4.62962962962963,16.203703703703702,0.0,0.0,0.0,0.0,0.0,0.0,9.25925925925926,62.5,11.574074074074073,263.8888888888889,4.62962962962963,0.0,9.25925925925926,0.0,2.314814814814815,0.0,0.0,13.888888888888888,11.574074074074073,0.0,2.314814814814815,0.0,4.62962962962963,0.0,0.0,0.0,0.0,4.62962962962963,0.0,0.0,0.0,0.0,122.68518518518519,120.37037037037037,2.314814814814815,53.24074074074074,0.5,5.657407407407407,6.944444444444444,4.62962962962963,0.0,0.0,2.314814814814815,0.0,18.51851851851852,4.62962962962963,0.0,0.0,2.314814814814815,2.314814814814815,9.25925925925926,0.0,0.0,0.0,0.0,0.0,2.314814814814815,16.203703703703702,0.0,0.0,4.62962962962963
P12-1079,0.0,14.388489208633095,52.75779376498801,2.398081534772182,0.0,14.388489208633095,0.0,7.194244604316547,4.796163069544364,2.398081534772182,0.0,0.0,9.592326139088728,74.34052757793765,9.592326139088728,266.18705035971226,4.796163069544364,0.0,4.796163069544364,0.0,2.398081534772182,0.0,0.0,7.194244604316547,16.786570743405274,0.0,2.398081534772182,0.0,7.194244604316547,0.0,0.0,0.0,0.0,0.0,0.0,0.0,0.0,7.194244604316547,131.89448441247004,74.34052757793765,2.398081534772182,62.35011990407674,0.48201438848920863,5.870503597122302,11.990407673860911,2.398081534772182,0.0,0.0,14.388489208633095,0.0,21.58273381294964,7.194244604316547,0.0,0.0,0.0,4.796163069544364,4.796163069544364,0.0,0.0,0.0,0.0,2.398081534772182,4.796163069544364,23.980815347721823,2.398081534772182,0.0,9.592326139088728
P13-1022,0.0,2.3866348448687353,57.279236276849645,0.0,0.0,9.546539379474941,0.0,2.3866348448687353,4.773269689737471,4.773269689737471,0.0,0.0,19.093078758949883,59.665871121718375,33.41288782816229,221.95704057279235,4.773269689737471,0.0,11.933174224343675,0.0,2.3866348448687353,0.0,0.0,16.706443914081145,0.0,0.0,2.3866348448687353,0.0,4.773269689737471,0.0,0.0,0.0,0.0,0.0,0.0,0.0,0.0,4.773269689737471,143.1980906921241,83.53221957040573,2.3866348448687353,62.05250596658711,0.5334928229665071,6.014354066985646,7.159904534606206,2.3866348448687353,0.0,0.0,2.3866348448687353,0.0,19.093078758949883,4.773269689737471,4.773269689737471,0.0,0.0,19.093078758949883,2.3866348448687353,0.0,0.0,0.0,0.0,0.0,7.159904534606206,19.093078758949883,0.0,0.0,4.773269689737471
P13-1026,0.0,7.177033492822967,45.45454545454545,0.0,0.0,9.569377990430622,0.0,0.0,7.177033492822967,2.3923444976076556,0.0,0.0,9.569377990430622,83.73205741626795,16.74641148325359,234.44976076555025,2.3923444976076556,0.0,7.177033492822967,0.0,0.0,0.0,0.0,19.138755980861244,4.784688995215311,0.0,0.0,2.3923444976076556,9.569377990430622,0.0,0.0,0.0,0.0,0.0,0.0,0.0,0.0,2.3923444976076556,133.9712918660287,66.98564593301435,4.784688995215311,57.41626794258374,0.5011990407673861,5.884892086330935,4.784688995215311,4.784688995215311,0.0,0.0,7.177033492822967,0.0,14.354066985645934,7.177033492822967,0.0,0.0,0.0,0.0,4.784688995215311,0.0,0.0,0.0,0.0,4.784688995215311,7.177033492822967,19.138755980861244,4.784688995215311,0.0,4.784688995215311
P13-1136,0.0,2.457002457002457,68.7960687960688,0.0,0.0,17.1990171990172,0.0,2.457002457002457,2.457002457002457,4.914004914004914,0.0,0.0,24.570024570024568,44.22604422604422,7.371007371007371,267.8132678132678,7.371007371007371,0.0,12.285012285012284,0.0,4.914004914004914,0.0,0.0,22.11302211302211,7.371007371007371,0.0,0.0,0.0,14.742014742014742,0.0,0.0,0.0,0.0,4.914004914004914,0.0,0.0,0.0,7.371007371007371,110.56511056511056,81.08108108108108,0.0,61.42506142506143,0.5675,5.8475,0.0,4.914004914004914,0.0,0.0,9.828009828009828,0.0,12.285012285012284,2.457002457002457,2.457002457002457,0.0,2.457002457002457,9.828009828009828,7.371007371007371,0.0,0.0,0.0,0.0,4.914004914004914,4.914004914004914,12.285012285012284,9.828009828009828,0.0,4.914004914004914
P13-1172,0.0,4.9504950495049505,51.980198019801975,2.4752475247524752,0.0,4.9504950495049505,0.0,7.425742574257425,2.4752475247524752,2.4752475247524752,0.0,0.0,14.85148514851485,49.504950495049506,12.376237623762377,252.4752475247525,4.9504950495049505,0.0,19.801980198019802,2.4752475247524752,2.4752475247524752,0.0,0.0,17.32673267326733,2.4752475247524752,0.0,4.9504950495049505,2.4752475247524752,2.4752475247524752,0.0,0.0,0.0,0.0,4.9504950495049505,0.0,0.0,0.0,4.9504950495049505,128.7128712871287,106.43564356435644,12.376237623762377,51.980198019801975,0.5445544554455446,5.896039603960396,12.376237623762377,2.4752475247524752,0.0,2.4752475247524752,4.9504950495049505,0.0,17.32673267326733,9.900990099009901,0.0,0.0,0.0,4.9504950495049505,4.9504950495049505,0.0,0.0,0.0,0.0,2.4752475247524752,4.9504950495049505,17.32673267326733,0.0,0.0,4.9504950495049505
P14-1020,4.9504950495049505,7.425742574257425,56.93069306930693,0.0,2.4752475247524752,12.376237623762377,0.0,0.0,2.4752475247524752,4.9504950495049505,0.0,0.0,12.376237623762377,42.07920792079208,19.801980198019802,274.7524752475248,9.900990099009901,2.4752475247524752,9.900990099009901,0.0,4.9504950495049505,0.0,0.0,9.900990099009901,14.85148514851485,0.0,0.0,0.0,7.425742574257425,0.0,0.0,0.0,0.0,2.4752475247524752,2.4752475247524752,0.0,0.0,7.425742574257425,136.13861386138615,94.05940594059406,2.4752475247524752,56.93069306930693,0.5491183879093199,5.82367758186398,7.425742574257425,2.4752475247524752,0.0,2.4752475247524752,14.85148514851485,0.0,12.376237623762377,4.9504950495049505,0.0,0.0,2.4752475247524752,4.9504950495049505,2.4752475247524752,0.0,0.0,0.0,0.0,0.0,7.425742574257425,9.900990099009901,0.0,0.0,0.0
P14-1065,0.0,9.615384615384617,57.69230769230769,0.0,0.0,12.01923076923077,0.0,7.211538461538462,7.211538461538462,0.0,0.0,0.0,19.230769230769234,81.73076923076923,7.211538461538462,245.19230769230768,9.615384615384617,0.0,12.01923076923077,2.403846153846154,7.211538461538462,0.0,2.403846153846154,16.826923076923077,4.807692307692308,0.0,2.403846153846154,0.0,12.01923076923077,0.0,0.0,0.0,0.0,2.403846153846154,0.0,0.0,0.0,0.0,122.59615384615384,72.11538461538461,7.211538461538462,64.90384615384616,0.5480769230769231,5.841346153846154,7.211538461538462,2.403846153846154,0.0,0.0,9.615384615384617,0.0,12.01923076923077,7.211538461538462,0.0,0.0,4.807692307692308,9.615384615384617,4.807692307692308,0.0,0.0,0.0,0.0,0.0,7.211538461538462,36.05769230769231,0.0,0.0,4.807692307692308
P14-1069,0.0,2.34192037470726,60.88992974238876,2.34192037470726,0.0,21.07728337236534,0.0,0.0,7.02576112412178,0.0,0.0,0.0,18.73536299765808,58.5480093676815,23.4192037470726,269.3208430913349,7.02576112412178,0.0,11.7096018735363,0.0,2.34192037470726,0.0,0.0,7.02576112412178,11.7096018735363,0.0,2.34192037470726,0.0,2.34192037470726,0.0,0.0,0.0,0.0,4.68384074941452,0.0,0.0,0.0,0.0,124.12177985948477,110.07025761124122,4.68384074941452,51.52224824355972,0.5402843601895735,6.037914691943128,2.34192037470726,2.34192037470726,0.0,0.0,4.68384074941452,0.0,18.73536299765808,4.68384074941452,0.0,0.0,0.0,7.02576112412178,11.7096018735363,0.0,0.0,0.0,0.0,0.0,0.0,14.05152224824356,2.34192037470726,0.0,2.34192037470726
P15-1027,2.403846153846154,2.403846153846154,50.48076923076923,0.0,0.0,14.423076923076923,0.0,7.211538461538462,0.0,0.0,0.0,0.0,16.826923076923077,72.11538461538461,19.230769230769234,228.3653846153846,2.403846153846154,0.0,12.01923076923077,0.0,0.0,0.0,2.403846153846154,14.423076923076923,9.615384615384617,0.0,2.403846153846154,0.0,4.807692307692308,0.0,0.0,0.0,0.0,4.807692307692308,0.0,0.0,0.0,0.0,146.6346153846154,110.57692307692307,7.211538461538462,50.48076923076923,0.5579710144927537,5.741545893719807,9.615384615384617,2.403846153846154,0.0,0.0,7.211538461538462,0.0,14.423076923076923,0.0,2.403846153846154,0.0,2.403846153846154,4.807692307692308,2.403846153846154,0.0,0.0,0.0,0.0,0.0,0.0,21.634615384615383,2.403846153846154,0.0,4.807692307692308
P15-1028,0.0,16.867469879518072,62.65060240963856,0.0,0.0,12.048192771084338,0.0,4.819277108433735,7.228915662650603,0.0,0.0,0.0,9.63855421686747,50.60240963855422,26.50602409638554,224.0963855421687,9.63855421686747,0.0,14.457831325301205,0.0,0.0,0.0,0.0,12.048192771084338,7.228915662650603,0.0,4.819277108433735,2.4096385542168677,4.819277108433735,0.0,2.4096385542168677,0.0,0.0,2.4096385542168677,0.0,0.0,0.0,2.4096385542168677,146.98795180722894,118.0722891566265,2.4096385542168677,43.373493975903614,0.5181598062953995,5.864406779661017,7.228915662650603,2.4096385542168677,0.0,0.0,12.048192771084338,0.0,19.27710843373494,0.0,0.0,0.0,0.0,4.819277108433735,9.63855421686747,2.4096385542168677,0.0,0.0,0.0,0.0,4.819277108433735,14.457831325301205,2.4096385542168677,0.0,2.4096385542168677
P15-1040,0.0,5.076142131979695,58.3756345177665,7.614213197969543,0.0,20.30456852791878,2.5380710659898473,2.5380710659898473,2.5380710659898473,0.0,0.0,0.0,15.228426395939087,45.68527918781726,27.918781725888326,263.9593908629442,2.5380710659898473,2.5380710659898473,10.15228426395939,2.5380710659898473,2.5380710659898473,0.0,0.0,7.614213197969543,2.5380710659898473,0.0,2.5380710659898473,0.0,5.076142131979695,0.0,0.0,0.0,0.0,7.614213197969543,0.0,0.0,2.5380710659898473,0.0,139.59390862944161,101.5228426395939,2.5380710659898473,40.60913705583756,0.5714285714285714,5.8061224489795915,2.5380710659898473,5.076142131979695,0.0,2.5380710659898473,2.5380710659898473,0.0,15.228426395939087,2.5380710659898473,0.0,0.0,0.0,5.076142131979695,5.076142131979695,0.0,2.5380710659898473,0.0,0.0,0.0,5.076142131979695,15.228426395939087,0.0,0.0,2.5380710659898473
P15-1042,0.0,7.177033492822967,69.377990430622,2.3923444976076556,0.0,0.0,0.0,7.177033492822967,4.784688995215311,0.0,0.0,2.3923444976076556,16.74641148325359,98.08612440191388,14.354066985645934,212.91866028708134,4.784688995215311,0.0,19.138755980861244,0.0,4.784688995215311,0.0,0.0,16.74641148325359,7.177033492822967,0.0,2.3923444976076556,0.0,4.784688995215311,0.0,0.0,0.0,0.0,9.569377990430622,0.0,0.0,0.0,2.3923444976076556,124.40191387559808,117.22488038277513,4.784688995215311,59.80861244019139,0.5264423076923077,6.033653846153846,4.784688995215311,4.784688995215311,0.0,0.0,2.3923444976076556,0.0,14.354066985645934,0.0,0.0,0.0,2.3923444976076556,19.138755980861244,14.354066985645934,0.0,0.0,4.784688995215311,0.0,0.0,2.3923444976076556,4.784688995215311,0.0,0.0,7.177033492822967
P15-1050,0.0,0.0,73.71007371007371,0.0,0.0,12.285012285012284,0.0,12.285012285012284,4.914004914004914,2.457002457002457,0.0,0.0,22.11302211302211,85.995085995086,2.457002457002457,257.985257985258,9.828009828009828,0.0,4.914004914004914,0.0,2.457002457002457,0.0,0.0,17.1990171990172,4.914004914004914,2.457002457002457,4.914004914004914,0.0,7.371007371007371,0.0,0.0,0.0,2.457002457002457,12.285012285012284,0.0,0.0,0.0,2.457002457002457,125.30712530712532,81.08108108108108,0.0,34.3980343980344,0.5197044334975369,5.731527093596059,2.457002457002457,0.0,0.0,0.0,14.742014742014742,0.0,17.1990171990172,4.914004914004914,0.0,0.0,0.0,7.371007371007371,9.828009828009828,0.0,0.0,0.0,0.0,0.0,2.457002457002457,4.914004914004914,2.457002457002457,0.0,2.457002457002457
P15-1071,0.0,0.0,83.53808353808354,12.285012285012284,0.0,17.1990171990172,0.0,17.1990171990172,0.0,0.0,0.0,0.0,22.11302211302211,68.7960687960688,17.1990171990172,238.32923832923834,2.457002457002457,4.914004914004914,14.742014742014742,0.0,9.828009828009828,0.0,0.0,9.828009828009828,0.0,0.0,0.0,0.0,9.828009828009828,0.0,0.0,0.0,4.914004914004914,2.457002457002457,0.0,0.0,0.0,2.457002457002457,117.93611793611794,103.19410319410319,4.914004914004914,61.42506142506143,0.5123152709359606,6.012315270935961,14.742014742014742,2.457002457002457,0.0,0.0,4.914004914004914,0.0,17.1990171990172,7.371007371007371,0.0,0.0,2.457002457002457,17.1990171990172,7.371007371007371,7.371007371007371,0.0,0.0,2.457002457002457,0.0,7.371007371007371,4.914004914004914,0.0,0.0,7.371007371007371
P15-1142,0.0,4.914004914004914,51.597051597051596,0.0,2.457002457002457,12.285012285012284,0.0,4.914004914004914,4.914004914004914,0.0,0.0,0.0,14.742014742014742,36.85503685503686,19.656019656019655,235.87223587223588,2.457002457002457,2.457002457002457,9.828009828009828,0.0,0.0,0.0,0.0,22.11302211302211,4.914004914004914,0.0,4.914004914004914,2.457002457002457,9.828009828009828,0.0,0.0,0.0,0.0,4.914004914004914,0.0,0.0,0.0,2.457002457002457,110.56511056511056,132.67813267813267,4.914004914004914,34.3980343980344,0.5456790123456791,5.518518518518518,2.457002457002457,2.457002457002457,0.0,2.457002457002457,2.457002457002457,0.0,14.742014742014742,9.828009828009828,0.0,0.0,0.0,0.0,4.914004914004914,0.0,0.0,0.0,0.0,0.0,2.457002457002457,19.656019656019655,2.457002457002457,0.0,2.457002457002457
P15-1150,0.0,7.371007371007371,61.42506142506143,2.457002457002457,0.0,9.828009828009828,0.0,9.828009828009828,2.457002457002457,2.457002457002457,0.0,0.0,14.742014742014742,39.31203931203931,4.914004914004914,282.5552825552826,2.457002457002457,0.0,9.828009828009828,0.0,2.457002457002457,0.0,0.0,22.11302211302211,4.914004914004914,0.0,0.0,0.0,9.828009828009828,0.0,0.0,0.0,0.0,4.914004914004914,0.0,0.0,0.0,2.457002457002457,113.02211302211303,120.39312039312038,4.914004914004914,49.140049140049136,0.5654320987654321,6.044444444444444,2.457002457002457,2.457002457002457,0.0,2.457002457002457,9.828009828009828,0.0,17.1990171990172,2.457002457002457,0.0,0.0,2.457002457002457,12.285012285012284,9.828009828009828,0.0,0.0,0.0,0.0,9.828009828009828,17.1990171990172,19.656019656019655,2.457002457002457,0.0,2.457002457002457
P16-1013,0.0,2.487562189054726,57.21393034825871,2.487562189054726,0.0,12.437810945273633,0.0,0.0,0.0,2.487562189054726,0.0,0.0,17.412935323383085,69.65174129353234,12.437810945273633,256.21890547263683,12.437810945273633,0.0,7.462686567164179,0.0,4.975124378109452,0.0,0.0,24.875621890547265,7.462686567164179,0.0,0.0,0.0,9.950248756218905,0.0,0.0,0.0,0.0,2.487562189054726,0.0,0.0,0.0,0.0,136.81592039800995,89.55223880597015,2.487562189054726,37.31343283582089,0.5087281795511222,5.73067331670823,7.462686567164179,2.487562189054726,0.0,0.0,4.975124378109452,0.0,17.412935323383085,4.975124378109452,0.0,0.0,2.487562189054726,19.90049751243781,9.950248756218905,0.0,0.0,0.0,0.0,2.487562189054726,4.975124378109452,14.925373134328359,0.0,0.0,4.975124378109452
P16-1023,0.0,2.444987775061125,68.45965770171149,0.0,0.0,19.559902200489,0.0,17.114914425427873,4.88997555012225,0.0,0.0,0.0,19.559902200489,80.68459657701712,14.669926650366747,232.27383863080684,7.334963325183374,0.0,7.334963325183374,0.0,0.0,0.0,0.0,17.114914425427873,4.88997555012225,0.0,14.669926650366747,0.0,7.334963325183374,0.0,0.0,0.0,0.0,9.7799511002445,0.0,0.0,0.0,4.88997555012225,132.02933985330074,90.46454767726162,9.7799511002445,31.78484107579462,0.5208845208845209,5.923832923832924,2.444987775061125,2.444987775061125,0.0,0.0,4.88997555012225,0.0,17.114914425427873,0.0,0.0,0.0,0.0,4.88997555012225,7.334963325183374,0.0,0.0,0.0,0.0,0.0,0.0,22.004889975550125,2.444987775061125,0.0,2.444987775061125
P16-1057,0.0,0.0,39.21568627450981,2.450980392156863,0.0,19.607843137254903,0.0,0.0,4.901960784313726,0.0,0.0,0.0,4.901960784313726,73.52941176470588,4.901960784313726,269.60784313725486,2.450980392156863,2.450980392156863,0.0,0.0,0.0,0.0,0.0,19.607843137254903,2.450980392156863,0.0,9.803921568627452,0.0,4.901960784313726,0.0,0.0,0.0,0.0,0.0,0.0,0.0,0.0,2.450980392156863,105.3921568627451,100.49019607843138,0.0,46.568627450980394,0.5788177339901478,6.051724137931035,12.254901960784313,4.901960784313726,0.0,0.0,0.0,0.0,12.254901960784313,4.901960784313726,0.0,0.0,0.0,7.352941176470588,7.352941176470588,0.0,0.0,0.0,0.0,0.0,4.901960784313726,22.058823529411764,0.0,0.0,4.901960784313726
P16-1058,0.0,2.4330900243309004,70.5596107055961,0.0,0.0,14.598540145985401,0.0,4.866180048661801,7.299270072992701,2.4330900243309004,0.0,0.0,26.7639902676399,68.1265206812652,7.299270072992701,226.27737226277372,14.598540145985401,0.0,17.0316301703163,0.0,7.299270072992701,0.0,0.0,21.897810218978105,4.866180048661801,2.4330900243309004,0.0,2.4330900243309004,9.732360097323602,0.0,0.0,0.0,0.0,0.0,0.0,0.0,2.4330900243309004,0.0,107.0559610705596,72.992700729927,4.866180048661801,87.59124087591242,0.5550122249388753,5.863080684596577,7.299270072992701,4.866180048661801,0.0,0.0,4.866180048661801,0.0,12.165450121654501,7.299270072992701,0.0,0.0,2.4330900243309004,12.165450121654501,12.165450121654501,0.0,0.0,0.0,0.0,4.866180048661801,9.732360097323602,29.197080291970803,2.4330900243309004,0.0,4.866180048661801
P16-1087,0.0,9.7799511002445,51.344743276283616,0.0,0.0,7.334963325183374,0.0,9.7799511002445,2.444987775061125,0.0,0.0,0.0,17.114914425427873,80.68459657701712,9.7799511002445,249.38875305623472,7.334963325183374,0.0,19.559902200489,0.0,7.334963325183374,0.0,0.0,7.334963325183374,2.444987775061125,0.0,2.444987775061125,0.0,2.444987775061125,0.0,0.0,0.0,0.0,4.88997555012225,0.0,0.0,0.0,4.88997555012225,134.47432762836186,80.68459657701712,2.444987775061125,61.12469437652811,0.5470297029702971,5.579207920792079,7.334963325183374,4.88997555012225,0.0,0.0,12.224938875305625,0.0,24.44987775061125,4.88997555012225,0.0,0.0,0.0,9.7799511002445,4.88997555012225,0.0,0.0,0.0,0.0,2.444987775061125,4.88997555012225,19.559902200489,0.0,0.0,4.88997555012225
P16-1136,0.0,7.334963325183374,61.12469437652811,0.0,0.0,7.334963325183374,0.0,0.0,0.0,2.444987775061125,0.0,0.0,22.004889975550125,88.0195599022005,22.004889975550125,224.93887530562347,4.88997555012225,0.0,7.334963325183374,0.0,0.0,0.0,0.0,12.224938875305625,4.88997555012225,0.0,2.444987775061125,0.0,12.224938875305625,0.0,0.0,0.0,0.0,2.444987775061125,0.0,0.0,0.0,12.224938875305625,124.69437652811736,119.8044009779951,4.88997555012225,39.119804400978,0.5416666666666666,6.068627450980392,2.444987775061125,4.88997555012225,0.0,0.0,2.444987775061125,0.0,9.7799511002445,7.334963325183374,0.0,0.0,2.444987775061125,12.224938875305625,4.88997555012225,0.0,0.0,0.0,0.0,7.334963325183374,7.334963325183374,24.44987775061125,0.0,0.0,2.444987775061125
P16-1137,0.0,7.109004739336492,66.35071090047394,0.0,0.0,23.696682464454973,0.0,4.739336492890995,14.218009478672984,7.109004739336492,0.0,0.0,11.848341232227487,47.393364928909946,9.47867298578199,239.33649289099526,2.3696682464454977,0.0,4.739336492890995,0.0,7.109004739336492,0.0,0.0,14.218009478672984,7.109004739336492,0.0,4.739336492890995,0.0,7.109004739336492,0.0,0.0,0.0,0.0,4.739336492890995,0.0,0.0,0.0,0.0,144.54976303317534,116.11374407582939,4.739336492890995,33.17535545023697,0.5605700712589073,5.776722090261282,9.47867298578199,2.3696682464454977,0.0,0.0,2.3696682464454977,0.0,14.218009478672984,2.3696682464454977,0.0,0.0,2.3696682464454977,11.848341232227487,4.739336492890995,0.0,0.0,0.0,0.0,0.0,4.739336492890995,23.696682464454973,0.0,0.0,4.739336492890995
P16-1145,0.0,2.293577981651376,50.45871559633028,0.0,0.0,16.055045871559635,0.0,2.293577981651376,6.8807339449541285,4.587155963302752,0.0,2.293577981651376,11.46788990825688,52.75229357798165,20.642201834862387,286.69724770642205,2.293577981651376,0.0,9.174311926605505,0.0,4.587155963302752,0.0,0.0,13.761467889908257,6.8807339449541285,0.0,2.293577981651376,2.293577981651376,9.174311926605505,0.0,0.0,0.0,0.0,2.293577981651376,0.0,0.0,0.0,2.293577981651376,133.0275229357798,77.9816513761468,0.0,38.9908256880734,0.5311778290993071,5.824480369515012,0.0,4.587155963302752,0.0,2.293577981651376,2.293577981651376,0.0,13.761467889908257,4.587155963302752,2.293577981651376,0.0,2.293577981651376,13.761467889908257,2.293577981651376,0.0,0.0,0.0,0.0,0.0,0.0,22.93577981651376,0.0,0.0,4.587155963302752
P16-1169,0.0,2.506265664160401,57.64411027568922,0.0,0.0,15.037593984962406,0.0,5.012531328320802,0.0,0.0,0.0,0.0,17.543859649122805,52.63157894736842,7.518796992481203,263.1578947368421,10.025062656641603,2.506265664160401,12.531328320802004,0.0,2.506265664160401,0.0,0.0,5.012531328320802,10.025062656641603,0.0,2.506265664160401,0.0,15.037593984962406,0.0,0.0,0.0,0.0,0.0,0.0,0.0,0.0,0.0,130.32581453634086,115.28822055137844,5.012531328320802,55.13784461152882,0.5588972431077694,6.12781954887218,7.518796992481203,2.506265664160401,0.0,0.0,5.012531328320802,0.0,15.037593984962406,7.518796992481203,0.0,0.0,0.0,7.518796992481203,2.506265664160401,0.0,0.0,0.0,0.0,0.0,10.025062656641603,25.062656641604008,0.0,0.0,2.506265664160401
P16-1208,0.0,2.34192037470726,60.88992974238876,0.0,0.0,16.393442622950822,0.0,7.02576112412178,7.02576112412178,0.0,0.0,0.0,11.7096018735363,81.96721311475409,7.02576112412178,259.95316159250586,7.02576112412178,0.0,9.36768149882904,0.0,0.0,0.0,0.0,14.05152224824356,14.05152224824356,0.0,2.34192037470726,0.0,9.36768149882904,0.0,0.0,0.0,0.0,0.0,0.0,0.0,0.0,7.02576112412178,121.77985948477752,107.72833723653395,2.34192037470726,23.4192037470726,0.5317647058823529,6.014117647058823,7.02576112412178,0.0,0.0,0.0,4.68384074941452,0.0,14.05152224824356,2.34192037470726,0.0,0.0,4.68384074941452,4.68384074941452,7.02576112412178,0.0,0.0,0.0,0.0,4.68384074941452,4.68384074941452,32.786885245901644,0.0,0.0,0.0
P16-1212,0.0,4.773269689737471,52.50596658711217,2.3866348448687353,2.3866348448687353,0.0,0.0,4.773269689737471,2.3866348448687353,2.3866348448687353,0.0,0.0,14.319809069212411,64.43914081145586,11.933174224343675,276.8496420047733,11.933174224343675,2.3866348448687353,4.773269689737471,0.0,2.3866348448687353,0.0,0.0,21.479713603818613,7.159904534606206,0.0,2.3866348448687353,0.0,4.773269689737471,0.0,0.0,0.0,0.0,4.773269689737471,0.0,0.0,0.0,0.0,102.6252983293556,112.17183770883055,0.0,40.572792362768496,0.5358851674641149,5.988038277511961,9.546539379474941,0.0,0.0,0.0,4.773269689737471,0.0,11.933174224343675,2.3866348448687353,0.0,0.0,0.0,11.933174224343675,4.773269689737471,0.0,0.0,0.0,0.0,0.0,4.773269689737471,16.706443914081145,2.3866348448687353,0.0,0.0
P16-1215,2.4813895781637716,0.0,69.4789081885856,0.0,0.0,4.962779156327543,0.0,0.0,2.4813895781637716,2.4813895781637716,0.0,0.0,24.81389578163772,66.99751861042184,9.925558312655086,240.69478908188586,2.4813895781637716,2.4813895781637716,12.40694789081886,0.0,2.4813895781637716,0.0,2.4813895781637716,17.3697270471464,2.4813895781637716,0.0,0.0,2.4813895781637716,14.88833746898263,0.0,0.0,0.0,4.962779156327543,0.0,0.0,0.0,0.0,2.4813895781637716,119.10669975186104,124.06947890818859,0.0,49.62779156327544,0.5597014925373134,5.965174129353234,2.4813895781637716,4.962779156327543,0.0,0.0,2.4813895781637716,0.0,22.332506203473944,4.962779156327543,0.0,0.0,0.0,9.925558312655086,4.962779156327543,2.4813895781637716,0.0,0.0,0.0,4.962779156327543,7.444168734491315,12.40694789081886,2.4813895781637716,0.0,7.444168734491315
P17-1040,0.0,7.159904534606206,66.82577565632458,2.3866348448687353,0.0,11.933174224343675,0.0,2.3866348448687353,9.546539379474941,0.0,0.0,2.3866348448687353,14.319809069212411,81.14558472553699,7.159904534606206,238.6634844868735,4.773269689737471,0.0,11.933174224343675,0.0,2.3866348448687353,0.0,0.0,21.479713603818613,0.0,0.0,2.3866348448687353,0.0,0.0,0.0,0.0,0.0,0.0,9.546539379474941,0.0,0.0,0.0,7.159904534606206,131.26491646778044,90.69212410501193,2.3866348448687353,59.665871121718375,0.5287081339712919,5.904306220095694,9.546539379474941,2.3866348448687353,0.0,2.3866348448687353,2.3866348448687353,0.0,14.319809069212411,4.773269689737471,0.0,0.0,0.0,11.933174224343675,4.773269689737471,0.0,0.0,0.0,0.0,0.0,4.773269689737471,16.706443914081145,2.3866348448687353,0.0,9.546539379474941
P17-1127,0.0,7.194244604316547,59.95203836930456,4.796163069544364,0.0,16.786570743405274,0.0,9.592326139088728,2.398081534772182,2.398081534772182,0.0,2.398081534772182,14.388489208633095,50.35971223021583,11.990407673860911,278.17745803357315,0.0,0.0,14.388489208633095,0.0,9.592326139088728,0.0,2.398081534772182,11.990407673860911,2.398081534772182,0.0,2.398081534772182,0.0,2.398081534772182,0.0,0.0,0.0,0.0,7.194244604316547,0.0,0.0,0.0,2.398081534772182,124.70023980815348,115.10791366906476,2.398081534772182,45.563549160671464,0.5253012048192771,5.920481927710844,0.0,2.398081534772182,0.0,2.398081534772182,4.796163069544364,0.0,11.990407673860911,4.796163069544364,2.398081534772182,0.0,7.194244604316547,4.796163069544364,14.388489208633095,0.0,0.0,0.0,0.0,2.398081534772182,2.398081534772182,7.194244604316547,2.398081534772182,0.0,4.796163069544364
P18-1084,0.0,4.830917874396135,62.80193236714976,4.830917874396135,0.0,21.73913043478261,0.0,2.4154589371980677,2.4154589371980677,0.0,0.0,0.0,16.908212560386474,65.21739130434783,24.154589371980677,207.72946859903382,12.077294685990339,0.0,4.830917874396135,0.0,2.4154589371980677,0.0,2.4154589371980677,12.077294685990339,4.830917874396135,0.0,4.830917874396135,0.0,9.66183574879227,0.0,0.0,0.0,0.0,4.830917874396135,0.0,0.0,0.0,4.830917874396135,132.85024154589374,176.32850241545896,0.0,36.231884057971016,0.5362318840579711,5.990338164251208,2.4154589371980677,2.4154589371980677,0.0,4.830917874396135,2.4154589371980677,0.0,12.077294685990339,2.4154589371980677,0.0,0.0,0.0,9.66183574879227,4.830917874396135,0.0,0.0,0.0,0.0,0.0,2.4154589371980677,16.908212560386474,2.4154589371980677,0.0,2.4154589371980677
P18-1125,0.0,0.0,62.65664160401002,0.0,0.0,15.037593984962406,0.0,0.0,5.012531328320802,0.0,0.0,0.0,15.037593984962406,62.65664160401002,10.025062656641603,203.00751879699246,0.0,0.0,12.531328320802004,0.0,2.506265664160401,0.0,2.506265664160401,12.531328320802004,10.025062656641603,0.0,0.0,0.0,10.025062656641603,0.0,0.0,0.0,2.506265664160401,0.0,0.0,0.0,0.0,2.506265664160401,157.89473684210526,147.86967418546365,2.506265664160401,55.13784461152882,0.5969773299748111,5.899244332493703,5.012531328320802,7.518796992481203,0.0,2.506265664160401,7.518796992481203,0.0,15.037593984962406,5.012531328320802,0.0,0.0,2.506265664160401,2.506265664160401,2.506265664160401,0.0,0.0,0.0,0.0,0.0,0.0,20.050125313283207,0.0,0.0,7.518796992481203
